    0.225957147879149534E-98    0.564740123490064548E+03    0.856011333770366747E+02    0.215771171758513809E+02    0.787440386044260521E+02    0.101893528393846355E+01   -0.101023828677506344E+01   -0.228664629202607550E+01   -0.143451595914985774E+01
    0.436013279200297871E-98    0.563417656330810473E+03    0.521832826385970847E+02    0.264929501342869358E+02    0.815401049172761958E+02    0.127043271118358736E+01   -0.969588578227255748E+00   -0.226314167581532732E+01   -0.200688964096975475E+01
    0.502069892240709130E-98    0.563127710555200565E+03    0.946203589439392090E+02    0.650601089000701904E+02    0.242295688390731812E+02    0.931916910926853581E+00   -0.724571585655212402E+00   -0.265808355808258057E+01   -0.146677958965301514E+01
    0.578485059131627402E-98    0.562836551291566593E+03    0.135915845799911551E+03    0.457393380436381207E+02    0.565456773484946069E+02    0.394612754284412837E+00   -0.142444070939016143E+01   -0.134449163707866814E+01   -0.789187247382200585E+00
    0.111101965383636929E-97    0.561523497270933944E+03    0.651083617513977089E+02    0.250275882799630693E+02    0.519453532619567326E+02    0.955467303227882536E+00   -0.762248534884987450E+00   -0.246529507874084430E+01   -0.163035291280590799E+01
    0.115495201689464477E-97    0.561438123573786243E+03    0.144190700829291188E+03    0.458654180026635174E+02    0.600204022460634334E+02    0.921742039028272675E+00   -0.109488798135471610E+01   -0.161621530165561178E+01   -0.953455587683115446E+00
    0.381429753364487097E-97    0.559040915642270534E+03    0.892566561698913574E+02    0.684232699871063232E+02    0.500534534454345703E+01    0.437290449010558857E+00   -0.174395823478698730E+01   -0.142932319641113281E+01   -0.127976673841476440E+01
    0.642059395807484806E-96    0.553386424725878328E+03    0.467420594406343923E+02    0.375824506224999411E+02    0.182667631364827301E+02    0.139194633318277816E+01   -0.190259183427848200E+00   -0.174840670225948691E+01   -0.249088366365675817E+01
    0.102400231687049349E-95    0.552445025722036121E+03    0.152236503587088947E+03    0.489841589633936536E+02    0.113036268489634839E+02    0.145928197726087761E+01   -0.111796773129231797E+01   -0.106576248313496058E+01   -0.144952924190020238E+01
    0.118182898513321453E-95    0.552150524348627414E+03    0.139204612325119825E+03    0.161855628763437274E+02    0.776233458685690749E+02    0.123086970333739298E+01   -0.931440196292756539E+00   -0.179615780954874027E+01   -0.106957677995658518E+01
    0.178491467053364186E-95    0.551318097079470590E+03    0.463610410690307617E+02    0.250101685523986816E+02    0.492873930931091309E+02    0.904688942011038000E+00   -0.178606009483337402E+01   -0.174091064929962158E+01   -0.281530010700225830E+01
    0.179032829380246910E-95    0.551304227785613193E+03    0.167336159696763673E+03    0.527342326576997920E+02    0.291076690109301817E+01    0.617925824835892978E+00   -0.391646232521112969E+00   -0.226403107493362077E+01   -0.148888750460980357E+01
    0.185584231201848755E-95    0.551224535961287984E+03    0.136828582620394712E+03    0.406187830053181358E+02    0.471998150506926279E+02    0.967715483671127141E-01   -0.188180542249779226E+01   -0.109646899816976040E+01   -0.948713169219430608E+00
    0.228077353328665424E-95    0.550804371491577285E+03    0.159697338774945820E+03    0.580434216169542267E+02    0.151101578931611016E+02    0.130690556128824187E+01   -0.578419767710495636E+00   -0.230289010450865517E+01   -0.132972225533148736E+01
    0.100730887037638967E-94    0.547825853534375938E+03    0.163765227199455239E+03    0.184315704696698468E+02    0.914870487771822383E+01    0.148295299579410322E+01   -0.324201347190303135E+00   -0.237587042673916082E+01   -0.157380707537432007E+01
    0.176922843301783026E-94    0.546691518538418109E+03    0.825256705284118652E+02    0.399987494945526123E+02    0.257322496175765991E+02    0.109639020389591946E+01   -0.744079828262329102E+00   -0.124136173725128174E+01   -0.147532853484153748E+01
    0.240140360712942290E-94    0.546072686308999891E+03    0.683243904166318430E+02    0.229404736572365486E+02    0.289143202275170950E+02    0.130089732644503941E+01   -0.167860974782273198E+01   -0.115813690628339305E+01   -0.152198423713661279E+01
    0.788147486889700654E-94    0.543687950509495181E+03    0.662519931793212891E+02    0.347034931182861328E+02    0.607306569814682007E+02    0.132745668059956534E+01   -0.825508832931518555E+00   -0.298628258705139160E+01   -0.161134037375450134E+01
    0.119422361065899846E-93    0.542849005376337459E+03    0.672586331637839692E+02    0.613219924772047094E+02    0.224224154527860193E+02    0.918122346987847782E+00   -0.590937280912583907E+00   -0.267574897381715138E+01   -0.220616537531634194E+01
    0.133493233568962840E-93    0.542618424217045117E+03    0.808618903160095215E+02    0.374655961990356445E+02    0.138416898250579834E+02    0.411097244328940237E+00   -0.175417780876159668E+00   -0.296389436721801758E+01   -0.226798313856124878E+01
    0.413846228502816609E-93    0.540347724348220481E+03    0.153995315846963251E+03    0.315871783642621402E+02    0.353749326348171707E+02    0.697441914851625877E+00   -0.146683249152369655E+01   -0.231482865311574315E+01   -0.118440477967459623E+01
    0.918109350817575990E-93    0.538746267796275106E+03    0.530324816703796387E+02    0.458524775505065918E+02    0.104797822237014771E+02    0.595622362164949237E+00   -0.903335213661193848E+00   -0.203932011127471924E+01   -0.179717335104942322E+01
    0.135319471215113057E-92    0.537962641241930442E+03    0.476698994636535645E+02    0.379014480113983154E+02    0.764082974195480347E+02    0.107270500262804713E+01   -0.106263244152069092E+01   -0.277024042606353760E+01   -0.184309291839599609E+01
    0.246086148362893623E-92    0.536758742271965275E+03    0.101228493151351913E+03    0.426211162796867953E+02    0.792242459093249067E+02    0.582538189514741234E+00   -0.153958895753388081E+01   -0.134761670305716952E+01   -0.109246186252748689E+01
    0.553144385496015458E-92    0.535131054989670247E+03    0.175007484240144720E+03    0.175256277735460912E+02    0.192690127184760698E+02    0.874205341259065016E+00   -0.156954381986104741E+01   -0.222642284322499284E+01   -0.117503567922957286E+01
    0.152658246301040369E-91    0.533092906951043915E+03    0.163473523919658760E+03    0.186378552344042738E+02    0.512997496902187109E+02    0.572925079950079019E+00   -0.179265583729581435E+01   -0.105088008579396908E+01   -0.709856409975217595E+00
    0.285887169028960331E-91    0.531830303490239089E+03    0.122334061121149446E+03    0.282180325423608380E+02    0.592964485956667318E+02    0.141510516406385189E+01   -0.203764226633991186E-01   -0.146729228592691041E+01   -0.144052934007311029E+01
    0.385910999209786781E-91    0.531222471886659832E+03    0.769157289325313087E+02    0.202849882786388065E+02    0.252951084586619572E+02    0.156330862328073783E+01   -0.408772858147797180E+00   -0.285988193600596441E+01   -0.160995024653095697E+01
    0.791145232778237619E-91    0.529778909813506175E+03    0.423704028129577637E+02    0.498926174640655518E+02    0.769488483667373657E+02    0.149554126738706872E+01   -0.166584694385528564E+01   -0.130885076522827148E+01   -0.260897713899612427E+01
    0.929000388930782772E-91    0.529449842113489012E+03    0.142718684673309326E+03    0.323541569709777832E+02    0.437159299850463867E+01    0.460952105593831762E+00   -0.155643486976623535E+01   -0.108141684532165527E+01   -0.854081094264984131E+00
    0.139006337850336612E-90    0.528636038686165421E+03    0.945453166961669922E+02    0.289886140823364258E+02    0.115498763322830200E+02    0.133512534356553347E+01   -0.125692725181579590E+01   -0.216290283203125000E+01   -0.181349161267280579E+01
    0.606181405715035088E-90    0.525682906661163088E+03    0.169803023338317871E+03    0.421544694900512695E+02    0.170490914583206177E+02    0.579932950097779565E+00   -0.157883584499359131E+01   -0.116709721088409424E+01   -0.740634232759475708E+00
    0.188255122184488050E-89    0.523408686404872583E+03    0.835389679657968287E+02    0.318473704406320905E+02    0.763203056355181957E+02    0.132100847950106592E+01   -0.468371403546902432E+00   -0.128738819248240244E+01   -0.265788365597376064E+01
    0.221440146040511439E-89    0.523076165392585381E+03    0.657405099279279881E+02    0.513782890141194812E+02    0.415217840463540497E+02    0.922613624940008648E+00   -0.593726249694350949E+00   -0.271707691661408113E+01   -0.215110613873432621E+01
    0.326669466112452860E-89    0.522290759851067378E+03    0.537068585197410826E+02    0.208122518029295591E+02    0.866156153982698243E+02    0.634401857976708006E+00   -0.139309367654933913E+01   -0.230282542738246843E+01   -0.175069992475443947E+01
    0.140578288933689616E-88    0.519364145770070536E+03    0.961083611910502498E+02    0.658100503535319490E+02    0.585831096744039570E+02    0.499213132593449460E+00   -0.108930015669676727E+01   -0.130594297263167003E+01   -0.134388877064727752E+01
    0.155041870805620129E-88    0.519160471941124115E+03    0.277758976476810808E+02    0.748400431876222001E+02    0.616281705599881917E+02    0.152595949117036178E+01   -0.142667082155851932E+01   -0.197565783549430596E+01   -0.277085204472661095E+01
    0.156804546760904011E-88    0.519130049661071780E+03    0.185325001797982708E+03    0.493033470240914156E+02    0.535547909093345265E+01    0.391416025899832654E+00   -0.138923690337701888E+01   -0.100340968069777792E+01   -0.709273407515560450E+00
    0.166375558956357817E-88    0.519003742097808640E+03    0.130172924608365207E+03    0.375387969975136002E+02    0.702240562933283456E+02    0.104742669549347989E+01   -0.128415254066757978E+01   -0.125724998727548365E+01   -0.829905995444387035E+00
    0.375256638167050811E-88    0.517369204549777692E+03    0.131476337768705548E+03    0.520462736639626229E+02    0.208694032251683410E+02    0.119647142146790508E+01   -0.111047489365994823E+01   -0.174480340418248758E+01   -0.122017527023891392E+01
    0.428160155490410823E-88    0.517097617729144190E+03    0.992624342664983601E+02    0.243598150707033980E+02    0.312784746016521851E+02    0.481035637742570688E+00   -0.120429652746381488E+01   -0.271324933880843178E+01   -0.135987337219900950E+01
    0.600917261350911389E-88    0.516411885356949369E+03    0.160758543014526367E+03    0.414147698879241943E+02    0.598407804965972900E+02    0.112402534470791604E+01   -0.495400667190551758E+00   -0.135579013824462891E+01   -0.962787747383117676E+00
    0.496484967624591484E-87    0.512180710771796271E+03    0.116039644105577125E+03    0.315931137681527403E+02    0.456901452768593828E+02    0.128297270577923506E+01   -0.110266820125283460E+01   -0.136394954701298388E+01   -0.170457326406099341E+01
    0.817944953080731774E-87    0.511174414604842696E+03    0.150808960443838060E+03    0.356083916685748534E+02    0.460961062104064183E+02    0.111696854894806785E+01   -0.137019530673626910E+01   -0.194464734146536489E+01   -0.128744617902322478E+01
    0.997078565759491348E-87    0.510770533046428568E+03    0.153064560890197754E+03    0.321169137954711914E+02    0.880419015884399414E+00    0.115539966556325346E+01   -0.107429909706115723E+01   -0.137076568603515625E+01   -0.164055112004280090E+01
    0.125224295123541646E-86    0.510306996517790367E+03    0.149179152707213774E+03    0.210937009225997727E+02    0.549973948073571108E+02    0.115141941053650898E+01   -0.831855286914479963E+00   -0.246600727135702913E+01   -0.133451383870922013E+01
    0.128182629694159223E-86    0.510252484915484388E+03    0.291161153767160492E+02    0.575058535054879911E+02    0.170766528433322087E+02    0.106779931654242599E+01   -0.118481796982070087E+01   -0.237000920808727367E+01   -0.239254224954402517E+01
    0.180572664003416029E-86    0.509559317963648368E+03    0.372994114208873881E+02    0.233036890830973604E+02    0.525278005752830879E+02    0.917058927165273041E+00   -0.916036602261046662E+00   -0.159892156740150804E+01   -0.292331149623978837E+01
    0.187669669210406832E-86    0.509474405321109543E+03    0.102621836184211858E+03    0.188226145921539967E+02    0.889423876865783569E+02    0.103248699385937037E+01   -0.540529237524039363E+00   -0.173120436000739431E+01   -0.124919128257699286E+01
    0.254643765062092003E-86    0.508856228361110709E+03    0.132733142375946045E+03    0.489497780799865723E+02    0.808680975437164307E+02    0.147855655922538154E+01   -0.708340167999267578E+00   -0.120566105842590332E+01   -0.928917407989501953E+00
    0.472651077532174534E-86    0.507611432125213810E+03    0.746419335431117901E+02    0.523371263284437589E+02    0.868173399123316472E+02    0.123869583712749587E+01   -0.775726782867992348E+00   -0.152388629548978249E+01   -0.124716591038343427E+01
    0.562381721160717323E-86    0.507255972821534783E+03    0.796158432960510254E+02    0.159042370319366455E+02    0.740588164329528809E+02    0.133845605188619809E+01   -0.776807069778442383E-01   -0.257663452625274658E+01   -0.173379081487655640E+01
    0.663709682013370086E-86    0.506916832342522980E+03    0.121003341674804688E+03    0.174181580543518066E+02    0.573517656326293945E+02    0.942054328703704646E+00   -0.140965461730957031E+00   -0.150275719165802002E+01   -0.195131900906562805E+01
    0.111762142589609428E-85    0.505866793540277115E+03    0.584134070540916497E+02    0.361434186740318779E+02    0.742625391891365183E+02    0.132171030217651730E+01   -0.592746517528471184E+00   -0.268422195181141765E+01   -0.232919399487008638E+01
    0.120462848143933715E-85    0.505709044030030782E+03    0.101002591441883666E+03    0.269789832254016062E+02    0.349829569216037441E+02    0.126607812756768578E+01   -0.146218027281332530E+01   -0.115683216976241110E+01   -0.119180657594706729E+01
    0.129788859261657324E-85    0.505552096371392736E+03    0.150033075181277098E+03    0.422795246174225241E+02    0.653382864299836399E+02    0.111022432322159603E+01   -0.964869234829568878E+00   -0.115155788167645334E+01   -0.110099834267275631E+01
    0.251079764497744574E-85    0.504224560461514898E+03    0.128106618016937091E+03    0.455730388027454865E+02    0.779376467601876897E+02    0.126231318391389125E+01   -0.633720024152480965E+00   -0.117475874683149661E+01   -0.929373291428395198E+00
    0.322141539740460781E-85    0.503718307285747358E+03    0.138614614302981181E+03    0.420730670022211655E+02    0.634062802097523459E+02    0.118196377451984280E+01   -0.146513007922947214E+01   -0.101046711330246652E+01   -0.724898511000709789E+00
    0.347160153871858110E-85    0.503560904388485937E+03    0.712012845558957679E+02    0.387789718498508478E+02    0.773206250660615382E+02    0.751464637647445532E+00   -0.568099192668034547E-01   -0.151946089965835318E+01   -0.249525258523404725E+01
    0.357089538808817124E-85    0.503496691193857373E+03    0.462926716835358718E+02    0.638720803122999143E+02    0.150020238113380988E+01    0.424558951544501406E+00   -0.152279121309366428E+01   -0.223080417857518665E+01   -0.181158948671432096E+01
    0.133500692920814866E-84    0.500851468290020648E+03    0.830491222505333013E+02    0.272462319821874566E+02    0.468906724294665906E+02    0.724005683406416800E+00   -0.204460277905290200E+00   -0.285079466103923762E+01   -0.202932472034489031E+01
    0.401365678731765510E-84    0.498642123268911234E+03    0.483117020617544455E+02    0.381090687084764426E+02    0.186574903957619007E+02    0.771179877487628507E+00   -0.112624788012886135E+01   -0.290361508445972705E+01   -0.178518145632717551E+01
    0.595201343371243182E-84    0.497846257145461607E+03    0.120278501510620117E+03    0.193941342830657959E+02    0.569753766059875488E+02    0.102574246546622105E+01   -0.156344711780548096E+01   -0.107301533222198486E+01   -0.948958128690719604E+00
    0.107574127640595046E-83    0.496654713601765991E+03    0.445766842709564415E+02    0.474619191281551309E+02    0.429542868894891186E+02    0.713412025339616118E+00   -0.173421324083209694E+01   -0.225673593640805503E+01   -0.203397803779294417E+01
    0.237810723120046876E-83    0.495060311288003390E+03    0.838056893815584090E+02    0.324878746395281297E+02    0.223684112362232383E+02    0.374046308109926673E+00   -0.154015577808750193E+00   -0.241787833472180225E+01   -0.225054228152248026E+01
    0.396727011203706713E-83    0.494028952110618434E+03    0.183056330680847168E+03    0.258938527107238770E+02    0.289402413368225098E+02    0.139438526653462436E+01   -0.459789156913757324E+00   -0.103761649131774902E+01   -0.155587720870971680E+01
    0.113896624385360142E-82    0.491911883787810041E+03    0.493751049041748047E+02    0.450921320915222168E+02    0.457912087440490723E+01    0.323084181707421536E+00   -0.161180341243743896E+01   -0.289912807941436768E+01   -0.181796047091484070E+01
    0.192087902149465478E-82    0.490858747572627180E+03    0.165262088051664932E+03    0.187948802556990024E+02    0.475569966992336575E+02    0.526848194678986026E+00   -0.682120998866728057E+00   -0.122253231658715444E+01   -0.157784113911583379E+01
    0.350799631610910147E-82    0.489646410833819289E+03    0.111539418125714661E+03    0.384039355011871066E+02    0.597126236554844567E+02    0.100260095419419604E+01   -0.602620308222811207E+00   -0.199984208060703006E+01   -0.132120282747052209E+01
    0.412214516026600231E-82    0.489315940986903570E+03    0.954904675483703613E+02    0.687548947334289551E+02    0.727712434530258179E+02    0.103884011218422168E+01   -0.319372415542602539E-01   -0.108094298839569092E+01   -0.166245269775390625E+01
    0.502676648154712395E-82    0.488911322020985608E+03    0.123247511638090316E+03    0.545745261601426179E+02    0.514660748057868176E+02    0.128003485865587141E+01   -0.118751729940907724E+01   -0.106847612435033890E+01   -0.855204202750468045E+00
    0.622738074559377392E-82    0.488475151745903986E+03    0.579505697073406409E+02    0.317373818817490125E+02    0.426261782718502786E+02    0.428527166203252985E+00   -0.104524118714134073E+01   -0.215879877774913354E+01   -0.253530155635933774E+01
    0.662914866804973674E-82    0.488342298102703523E+03    0.182376395395307128E+03    0.212014530112267217E+02    0.118080380577452342E+02    0.114609871991201362E+01   -0.128744578803753562E+01   -0.225548881272865431E+01   -0.103289950431441424E+01
    0.171392203457473996E-81    0.486434699533113360E+03    0.121818292140960693E+03    0.396146821975708008E+02    0.476915109157562256E+02    0.913745968433094191E+00   -0.154010915756225586E+01   -0.165651369094848633E+01   -0.113258856534957886E+01
    0.514195010182104643E-81    0.484229590887058919E+03    0.130561196933334372E+03    0.184268229449449983E+02    0.178458307082957823E+02    0.853559532110404029E+00   -0.122567878689334187E+01   -0.232211343588285146E+01   -0.150840293096404054E+01
    0.562771974087793850E-81    0.484041234515116400E+03    0.308624504321230013E+02    0.253563802027767480E+02    0.186397390105384737E+02    0.113208719168929250E+01   -0.144358292939324118E+01   -0.263344534843380362E+01   -0.260559583991217281E+01
    0.617868025149776415E-81    0.483846621302316862E+03    0.309289171771649372E+02    0.571745420037280354E+02    0.202657382619343451E+02    0.109093793387209614E+01   -0.129418345317309091E+01   -0.219628999981269324E+01   -0.277458796869056590E+01
    0.788470234028288150E-81    0.483351169257410561E+03    0.158684538687810175E+03    0.464728324181106416E+02    0.243316166476949007E+02    0.126475387098823511E+01   -0.113648183017744686E+01   -0.203659752035405894E+01   -0.114164714120152122E+01
    0.176234434034139413E-80    0.481734745642047528E+03    0.566140108442981571E+02    0.710565192868380535E+02    0.702284268774588583E+02    0.148983078420414539E+01   -0.461509112407184618E+00   -0.215428999157400325E+01   -0.255227025352217218E+01
    0.256412055815836098E-80    0.480976991895550839E+03    0.116648018360137939E+03    0.155269217491149902E+02    0.491176897287368774E+02    0.363959128525254028E+00   -0.566313624382019043E+00   -0.158886003494262695E+01   -0.199057552218437195E+01
    0.281594896569162893E-80    0.480781811880276507E+03    0.163214755744446904E+03    0.164512439784114015E+02    0.348483927931450452E+02    0.136076282463462661E+01   -0.938675808628908204E-01   -0.175272750847294789E+01   -0.151938516496050702E+01
    0.313167018566179750E-80    0.480561465074826060E+03    0.690049052238464355E+02    0.362493109703063965E+02    0.527222084999084473E+02    0.105540306233764558E+01   -0.181055068969726562E+00   -0.260755789279937744E+01   -0.235186147689819336E+01
    0.480251472685524974E-80    0.479698506146274894E+03    0.369842290878295898E+02    0.513835966587066650E+02    0.114020168781280518E+01    0.183825191221423462E+00   -0.175073814392089844E+01   -0.157022011280059814E+01   -0.289491879940032959E+01
    0.875185954455497728E-80    0.478490440616245678E+03    0.127421659896935239E+03    0.194052009406002171E+02    0.427028859126019071E+02    0.105122824091266542E+01   -0.923764117086246284E+00   -0.232869672381763326E+01   -0.126976790263985828E+01
    0.129840419655051159E-79    0.477693718385980389E+03    0.678189396858215332E+02    0.375209784507751465E+02    0.256391233205795288E+02    0.855973369481682456E+00   -0.630942344665527344E+00   -0.295868837833404541E+01   -0.228055763244628906E+01
    0.204263481926199622E-79    0.476779696719481365E+03    0.299439060824963903E+02    0.264027406297399949E+02    0.252910042741483281E+02    0.127983098336046619E+01   -0.155028507800132664E+01   -0.273096894188898842E+01   -0.249801333291471783E+01
    0.214362613624121641E-79    0.476675367622093916E+03    0.425745368003845215E+02    0.643663287162780762E+02    0.237032175064086914E+01    0.737596209197366348E+00   -0.592822551727294922E+00   -0.211491823196411133E+01   -0.299239325523376465E+01
    0.255096514555023152E-79    0.476319609272568528E+03    0.178842191160236553E+03    0.619191534210777803E+02    0.261719669114600384E+01    0.133383827207589678E+01   -0.752600185960859314E+00   -0.137358716133968350E+01   -0.103410722570498592E+01
    0.439002070040235131E-79    0.475226072439734708E+03    0.465043043301298624E+02    0.703221650610184668E+02    0.440900202700705961E+02    0.478644402434382332E+00   -0.980241298515174275E+00   -0.258399337352074987E+01   -0.246346488864671809E+01
    0.618354516503182975E-79    0.474533144308005376E+03    0.343773365020751953E+02    0.695145571231842041E+02    0.454536527395248413E+02    0.107401462347869936E+01   -0.170701384544372559E+01   -0.130263233184814453E+01   -0.211377206444740295E+01
    0.111785785531083304E-78    0.473341116689186833E+03    0.337345711347199568E+02    0.169078088932468802E+02    0.211142145660438025E+02    0.121178855114831441E+01   -0.194846661448368619E+01   -0.264217367267355163E+01   -0.260266589882798893E+01
    0.136069717697760191E-78    0.472940138241548652E+03    0.391808620598576169E+02    0.396788120324133331E+02    0.758433128388203954E+02    0.126834502668673221E+01   -0.123323288978958079E+01   -0.167448415780458393E+01   -0.158977067168732011E+01
    0.160644649424689244E-78    0.472600270952149401E+03    0.158944432219691322E+03    0.384761672322449471E+02    0.328430388501986101E+02    0.173633812741601362E+00   -0.407090732455534177E+00   -0.203842814411964168E+01   -0.126999167700158555E+01
    0.210292054236374171E-78    0.472053853412580224E+03    0.660871855213252815E+02    0.338829718535373132E+02    0.154978583748872225E+02    0.665112535572763508E+00   -0.785919217534804870E+00   -0.283038393964285495E+01   -0.290702402440432150E+01
    0.336960848636433000E-78    0.471103102015681316E+03    0.466757042620139160E+02    0.173490127064695585E+02    0.127239349628043623E+02    0.517346068116655733E+00   -0.185835162509919072E+01   -0.271727040151495469E+01   -0.186187553734936451E+01
    0.406817231532557570E-78    0.470718494966561536E+03    0.108249144126937935E+03    0.278172822306539800E+02    0.528921338508214234E+02    0.142272119232025251E+01   -0.311497864877243513E+00   -0.278376395902950247E+01   -0.166458690121434949E+01
    0.254680404126478916E-77    0.467042221440696835E+03    0.891924898217188513E+02    0.691076921011319314E+02    0.218476639501867886E+02    0.112649436743435949E+01   -0.276346903643483355E+00   -0.255614861147865780E+01   -0.168431127557232907E+01
    0.699907452541055489E-77    0.465012531593299627E+03    0.186038245339268798E+03    0.248287730585227102E+02    0.384692896448407780E+02    0.690459524717410900E+00   -0.138415564895052823E+01   -0.183162011415948500E+01   -0.104030266513559888E+01
    0.115852842530006328E-76    0.463996803564857146E+03    0.124210052478820970E+03    0.448918720545942449E+02    0.257082346682308938E+02    0.113119791248146262E+01   -0.166806934086651504E+01   -0.140654930957915458E+01   -0.134798850958437022E+01
    0.158999682032484449E-76    0.463355828233760747E+03    0.162075756499960079E+03    0.226136477184180364E+02    0.388415145177944510E+02    0.684009502675315462E+00   -0.112180682238945373E+01   -0.230613809705150841E+01   -0.120820302409761315E+01
    0.208700375103878406E-76    0.462804020915772185E+03    0.150742006301879883E+03    0.508745706081390381E+02    0.290927410125732422E+02    0.149916994669481940E+01   -0.111407041549682617E+01   -0.160698521137237549E+01   -0.111713188886642456E+01
    0.335479412832819992E-76    0.461846886454836579E+03    0.863915530211833556E+02    0.638978194700458815E+02    0.272813689981008451E+02    0.852067557747135940E+00   -0.162629452116306283E+01   -0.106617837782459612E+01   -0.143258874101900080E+01
    0.357062402388209712E-76    0.461714374012385520E+03    0.156567466259002686E+03    0.257131683826446533E+02    0.273982501029968262E+02    0.902621123333620878E+00   -0.966186523437500000E+00   -0.186534702777862549E+01   -0.154199603199958801E+01
    0.144394496975526195E-75    0.458912114220328192E+03    0.682274110111267191E+02    0.334827441998260511E+02    0.629540319541068669E+02    0.224421143269563667E+00   -0.161287885987342361E+01   -0.187932068205095915E+01   -0.160437744176627795E+01
    0.567717562872363514E-75    0.456166151859441754E+03    0.707730396379154314E+02    0.514686184379024851E+02    0.299319877722532333E+02    0.565688411176314521E+00   -0.240292343660042373E+00   -0.220175964424319259E+01   -0.274397797348238592E+01
    0.567703924956219421E-75    0.456158387404740495E+03    0.808491565237880536E+02    0.343772439432505834E+02    0.409367289649485642E+02    0.745342597998144618E+00   -0.782567360773926968E-01   -0.121451344506612524E+01   -0.294367543721832003E+01
    0.843649115253900459E-75    0.455358301616754716E+03    0.132357193058128473E+03    0.166508115532404020E+02    0.566628311276113124E+02    0.115435204017865556E+01   -0.654287620800314551E+00   -0.208948902607317066E+01   -0.153425232210391926E+01
    0.925668124493639597E-75    0.455164930905554570E+03    0.599786634226859618E+02    0.453050479797299701E+02    0.290707542041078568E+02    0.132993549731645433E+01   -0.196138806159815715E-01   -0.184015118277840384E+01   -0.277230050276157414E+01
    0.150289936574743002E-74    0.454187847088776152E+03    0.103023609969212472E+03    0.592764831908757728E+02    0.637940240539446961E+02    0.105459840039699104E+01   -0.319423848335734784E+00   -0.149216914455097793E+01   -0.143644053159560636E+01
    0.275292372667935999E-74    0.452969499854157675E+03    0.421553707851202830E+02    0.683377431675909008E+02    0.717145926989240223E+02    0.123492652823723370E+01   -0.136523508336659427E+01   -0.133275427443295524E+01   -0.253061380903357191E+01
    0.293871523539690133E-74    0.452831069412498266E+03    0.398100256919860840E+02    0.370006513595581055E+02    0.664385318756103516E+01    0.847112004536135554E+00   -0.128143489360809326E+01   -0.286211061477661133E+01   -0.192891824245452881E+01
    0.738985801799481293E-74    0.450978984850543611E+03    0.142309599151030767E+03    0.382584568081713812E+02    0.251967435352173368E+02    0.879695049038199062E+00   -0.560518689598298314E+00   -0.164378389320804130E+01   -0.130860240155453478E+01
    0.749380586968584899E-74    0.450943235804112987E+03    0.864221993498633196E+02    0.232894304638961884E+02    0.366479726629827169E+02    0.641571210428455663E+00   -0.431489146308222438E+00   -0.272403311365801359E+01   -0.195960968629483467E+01
    0.915047408078115442E-74    0.450535965514548536E+03    0.635870325893904678E+02    0.417171639356562878E+02    0.838917927132749099E+02    0.474268151664504034E+00   -0.118194248491041876E+00   -0.170429515774046658E+01   -0.151916013532070049E+01
    0.916360196611265477E-74    0.450525285736385797E+03    0.655907315496774430E+02    0.502858121446079238E+02    0.436775281259704684E+02    0.730998596452123839E+00   -0.275401308015169821E+00   -0.289799020929893203E+01   -0.244958510797018736E+01
    0.131348717354921414E-73    0.449797410578661584E+03    0.993652224540710449E+02    0.273698580265045166E+02    0.149893534183502197E+02    0.116293787838869256E+01   -0.747000098228454590E+00   -0.262653946876525879E+01   -0.179389181733131409E+01
    0.141992945164183146E-73    0.449633754831792089E+03    0.534214674484831633E+02    0.273239340700704467E+02    0.298171572646171086E+02    0.623766219997413218E+00   -0.184533302073340333E+01   -0.229994736746202388E+01   -0.176869308445208029E+01
    0.216029672173584724E-73    0.448786665541794264E+03    0.430845618247985840E+02    0.245169067382812500E+02    0.555404591560363770E+02    0.682458723822395252E+00   -0.184976911544799805E+01   -0.120447611808776855E+01   -0.284942778944969177E+01
    0.257591456376184159E-73    0.448426934925764215E+03    0.603795053814312226E+02    0.381287431524180533E+02    0.608062328177463627E+02    0.753719907111246590E+00   -0.710303205551153560E+00   -0.195084181010823721E+01   -0.246008480614773317E+01
    0.404692097928553248E-73    0.447515619028761307E+03    0.159091359305683170E+03    0.475092733622837997E+02    0.227981559017382640E+01    0.152960542707560809E+01   -0.958506959124599156E+00   -0.222784743954181330E+01   -0.123927994278815978E+01
    0.434189248361792103E-73    0.447367098590264163E+03    0.164337571138655562E+03    0.299990853146709924E+02    0.785799081943913333E-02    0.156686053811410808E+01   -0.105522237577888101E+01   -0.248104492044589442E+01   -0.122784789683002304E+01
    0.100055243505887734E-72    0.445689631957631718E+03    0.330514152677750488E+02    0.515556461454381747E+02    0.701702755583254945E+01    0.247985022708672981E+00   -0.108735383552805587E+01   -0.211216335370839925E+01   -0.255211245036969858E+01
    0.104456602340266485E-72    0.445595721001575896E+03    0.329697292076352326E+02    0.375321075425696762E+02    0.602171369637380494E+02    0.450101473997301715E+00   -0.168124061684013371E+01   -0.234767657384286288E+01   -0.248698242376763279E+01
    0.178910066431510949E-72    0.444511685379825167E+03    0.199419685350763189E+03    0.390349156542086675E+02    0.986741230879053433E+01    0.142749501820421076E+01   -0.802800716431129713E+00   -0.128936995658125664E+01   -0.963338817328234676E+00
    0.689864872752925404E-72    0.441804647911007692E+03    0.189178168773651123E+03    0.264809024333953857E+02    0.246042841672897339E+02    0.710101859742166108E+00   -0.506545782089233398E+00   -0.123041141033172607E+01   -0.105885285139083862E+01
    0.714859625094329017E-72    0.441725654504894123E+03    0.675393355778433744E+02    0.385507019047486708E+02    0.379489867998055246E+02    0.146691025326051627E+01   -0.424076358292015954E-01   -0.169965577262585565E+01   -0.281446083330623287E+01
    0.158714712935380282E-71    0.440122627543979888E+03    0.148513981505991580E+03    0.510356596441134798E+02    0.216222607241642031E+02    0.102235006583308485E+01   -0.142680524920318019E+01   -0.130888923031330773E+01   -0.107586761412473475E+01
    0.322448362073934131E-71    0.438697145697034557E+03    0.603170795546740024E+02    0.161621704190845890E+02    0.275128261154628184E+02    0.986832043928573932E+00   -0.136902063486024561E+01   -0.205040116553977292E+01   -0.226733176526958502E+01
    0.356980167283434643E-71    0.438485858755848312E+03    0.968281751066386818E+02    0.263977736307201312E+02    0.222980256144392861E+02    0.129264737719469780E+01   -0.913449674636163333E+00   -0.107150822809834767E+01   -0.139115112870410296E+01
    0.423352842330520899E-71    0.438136994760729294E+03    0.843595366392339656E+02    0.585886405133538304E+02    0.391275554102234793E+02    0.882017459230309275E+00   -0.296835944850207589E+00   -0.256459429006301720E+01   -0.178252426920077900E+01
    0.722791674643110033E-71    0.437059352127767170E+03    0.147812477415699391E+03    0.222963061733274444E+02    0.684276227547307627E+02    0.929288956112251596E+00   -0.796957586619280400E+00   -0.107070318184815139E+01   -0.140502503955414504E+01
    0.271051254195649923E-70    0.434407995656936919E+03    0.328512798421031249E+02    0.673442333764930368E+02    0.842548244693205532E+02    0.155811612748545625E+01   -0.139318480093747699E+01   -0.162351322441022439E+01   -0.280551925037512406E+01
    0.280792437320958134E-70    0.434329567544334736E+03    0.738091555858382549E+02    0.306220973978532314E+02    0.778669626287034333E+02    0.633580973892391319E+00   -0.105312489115437535E+01   -0.122772342011193758E+01   -0.129584352251864177E+01
    0.460831968688581635E-70    0.433330919555738205E+03    0.584851257850855575E+02    0.574819286256290525E+02    0.616728834207296686E+02    0.132042728752803473E+01   -0.541558093711531630E-01   -0.237157106436315468E+01   -0.270368331938085760E+01
    0.473385675555126794E-70    0.433269353146733010E+03    0.114422082901000977E+03    0.374616336822509766E+02    0.219272625446319580E+02    0.119036528901365579E+01   -0.809583425521850586E+00   -0.106812727451324463E+01   -0.197997051477432251E+01
    0.552006233864813385E-70    0.432954242843783959E+03    0.156022572517395020E+03    0.198647904396057129E+02    0.505321580171585083E+02    0.108482287387702470E+01   -0.459333896636962891E+00   -0.119083726406097412E+01   -0.163769143819808960E+01
    0.649441184550738823E-70    0.432621324468585158E+03    0.906017661094665527E+02    0.278390550613403320E+02    0.393546527624130249E+02    0.144922277679176892E+01   -0.127582836151123047E+01   -0.259779334068298340E+01   -0.152407380938529968E+01
    0.705746345963144128E-70    0.432447224743482934E+03    0.135430049896240234E+03    0.242449700832366943E+02    0.620878815650939941E+01    0.103267634247223228E+01   -0.766604781150817871E+00   -0.258262419700622559E+01   -0.154409113526344299E+01
    0.747139044683035400E-70    0.432325421412133437E+03    0.161960051680158472E+03    0.208371702539466028E+02    0.286390709921720621E+02    0.975847488943136443E+00   -0.924408802444806499E+00   -0.230871847313668166E+01   -0.133069834158451927E+01
    0.100931647670503727E-69    0.431716054272686847E+03    0.343136420735894703E+02    0.380791245636140445E+02    0.464001055221862870E+02    0.148438055636884014E+01   -0.174181559974711986E+01   -0.158400939231220050E+01   -0.284946890597999403E+01
    0.245848958339602240E-69    0.429927694122941944E+03    0.657730566854689158E+02    0.654743005375345035E+02    0.549494064083212592E+02    0.110861097901628369E+01   -0.599253663718499086E+00   -0.191546238078372810E+01   -0.176163220903222650E+01
    0.299948436119955211E-69    0.429522095176123003E+03    0.886794805526733398E+02    0.304770541191101074E+02    0.346569621562957764E+02    0.920420043226210405E+00   -0.995384335517883301E+00   -0.101206386089324951E+01   -0.228747221827507019E+01
    0.404529529772391046E-69    0.428916054362730165E+03    0.354768714798790583E+02    0.425233934758383612E+02    0.995745777364775897E+01    0.853120131589474417E+00   -0.139341816314665223E+01   -0.216638541665207685E+01   -0.288826104432806074E+01
    0.683604240800241527E-69    0.427858933026988382E+03    0.656680087115839370E+02    0.421127132431393534E+02    0.762660850374332711E+02    0.130669361901535264E+01   -0.135627214446427669E+00   -0.169609171238922607E+01   -0.252196348438252294E+01
    0.761403102894640851E-69    0.427635552998310914E+03    0.135918417813795827E+03    0.383247215852531440E+02    0.424213633897067197E+02    0.141182430332013564E+01   -0.318150800948829193E+00   -0.149809498306974120E+01   -0.130480539129646989E+01
    0.862814101207686155E-69    0.427377667820843158E+03    0.601978726463278093E+02    0.343671515496068807E+02    0.396865088805075388E+02    0.856874926157475625E+00   -0.120925594504450951E+01   -0.156684660443284574E+01   -0.252773707475184128E+01
    0.997835739304880971E-69    0.427079076490908790E+03    0.148619456132894811E+03    0.561218595893072063E+02    0.889873571003899677E+01    0.108397341349738685E+01   -0.318992421510968072E+00   -0.170024059351245360E+01   -0.170607570841850720E+01
    0.168379510367952785E-68    0.426024830306688614E+03    0.135492611076740900E+03    0.228795077814558638E+02    0.195789385899479456E+02    0.155123694707151372E+01   -0.126047886888459582E+01   -0.233653581091792262E+01   -0.139556803742033741E+01
    0.437550100037876770E-68    0.424107076223473769E+03    0.170953298363945891E+03    0.401896591710344779E+02    0.321043444875466548E+02    0.132175797920604521E+01   -0.102292107155959711E+01   -0.102575191383492936E+01   -0.114502202993114355E+01
    0.573254969459289869E-68    0.423558984969457128E+03    0.675373560454865185E+02    0.174158526058203478E+02    0.887240736217052017E+02    0.345157613099751293E+00   -0.769755390627789637E+00   -0.236105331227949078E+01   -0.170139787995582559E+01
    0.926705638744187909E-68    0.422590561704039146E+03    0.780379441147082957E+02    0.435908117274831852E+02    0.382184236545628835E+02    0.599207268907396950E+00   -0.107566617000217413E+00   -0.241764503280339671E+01   -0.176239869962254181E+01
    0.108625442983320165E-67    0.422265039641363956E+03    0.179209384616625698E+03    0.413358362553005207E+02    0.182156406768979622E+02    0.134544664489384203E+01   -0.122302663015881175E+01   -0.118241799917539914E+01   -0.107998354245167216E+01
    0.131305616710049808E-67    0.421877983348555290E+03    0.324551697570938273E+02    0.406775760991347397E+02    0.495678785352941134E+02    0.366288601826243565E+00   -0.158228547380259066E+01   -0.224806174533136938E+01   -0.279222961730017172E+01
    0.159676578650509896E-67    0.421478925192619613E+03    0.114340750243393316E+03    0.430787527101939247E+02    0.368052020098479673E+02    0.136363980297970611E+01   -0.877705875609700703E+00   -0.240569755436655974E+01   -0.145580533418138947E+01
    0.215635807814875006E-67    0.420870231645255217E+03    0.297620296478271484E+02    0.188959336280822754E+02    0.473980128765106201E+02    0.113248516453472226E+01   -0.169632637500762939E+01   -0.211392521858215332E+01   -0.238816428184509277E+01
    0.225874668358246363E-67    0.420769640403397318E+03    0.726218273594059838E+02    0.196990459950318808E+02    0.546229486272049414E+02    0.113694625393718463E+01   -0.133115544190049961E+01   -0.221017507360064425E+01   -0.181053056627573850E+01
    0.284161830469999133E-67    0.420302700661771382E+03    0.176065299791901225E+03    0.169135119446379925E+02    0.568306655199500952E+02    0.128226063925850320E+01   -0.446679895227624746E+00   -0.126332339124948057E+01   -0.143700608257096785E+01
    0.337237827980251499E-67    0.419952399159796926E+03    0.418683482973046566E+02    0.417131923784994356E+02    0.170109360092678230E+02    0.494732651178230176E+00   -0.318492636573492582E+00   -0.260219043652626381E+01   -0.258759508108099778E+01
    0.338454278045504005E-67    0.419937385442741970E+03    0.452121410426085362E+02    0.495507349074406775E+02    0.126143867235645466E+02    0.106558663012591226E+01   -0.161927068882218772E+01   -0.157176454022450840E+01   -0.199492983170686555E+01
    0.357141940482500649E-67    0.419822084374415681E+03    0.366876527617396349E+02    0.449126575246844197E+02    0.859953266732706112E+01    0.165716236484815871E+00   -0.155081244532073237E+01   -0.249562195789604058E+01   -0.274900257946461357E+01
    0.482426032053811968E-67    0.419212883249544461E+03    0.348827242851257324E+02    0.731673145294189453E+02    0.701638519763946533E+02    0.155142616897507768E+01   -0.119055855274200439E+01   -0.149866592884063721E+01   -0.212846356630325317E+01
    0.510141451389963784E-67    0.419093349878855065E+03    0.132904848338586532E+03    0.380505053113020821E+02    0.216259186561520842E+02    0.113663502379038173E+01   -0.575875884279511085E+00   -0.243212999140476027E+01   -0.158956570931991648E+01
    0.697918934367349085E-67    0.418458707552427484E+03    0.113016289777812446E+03    0.585084481132254552E+02    0.823232442384712186E+02    0.487350991906022102E+00   -0.264167262929756230E+00   -0.110960584059649725E+01   -0.138698261747493956E+01
    0.881295499462149572E-67    0.417984314997935030E+03    0.928534251857206669E+02    0.215382370921395427E+02    0.380004308170918179E+02    0.117098118853599242E+01   -0.850967442202890778E+00   -0.266566087476467706E+01   -0.149586362107267457E+01
    0.911892263973659041E-67    0.417908244761736171E+03    0.579112493098467240E+02    0.320333694711170267E+02    0.393714295693544472E+02    0.747021148490723319E+00   -0.172171962120078659E+01   -0.223620534077866839E+01   -0.178204235980102976E+01
    0.937308469774592875E-67    0.417845451088581854E+03    0.151181780080326405E+03    0.290987519410919901E+02    0.432482378823555251E+02    0.139769680462196200E+01   -0.135979514640370125E+01   -0.122755212453864382E+01   -0.987627834649824621E+00
    0.192163888972810496E-66    0.416401796086068089E+03    0.555702188533319799E+02    0.334225142218936071E+02    0.136962308998719546E+02    0.105004406867586186E+01   -0.644136993887409748E-01   -0.209766224696017600E+01   -0.259847807034640121E+01
    0.209321619414048838E-66    0.416222936942682452E+03    0.370256621714351155E+02    0.704464323773591019E+02    0.368433150749092064E+02    0.114550281238354978E+01   -0.787459757656503889E+00   -0.229443214838076992E+01   -0.291074576685000963E+01
    0.287975238825051087E-66    0.415577119278449118E+03    0.327997796680172158E+02    0.391688330369124174E+02    0.150929125495618237E+02    0.110646773482280891E+01   -0.167583653795495313E+01   -0.255648362625988623E+01   -0.243887183109626982E+01
    0.387058855842182817E-66    0.414977902251232933E+03    0.401189976724187147E+02    0.491597296874122307E+02    0.852057804504866425E+02    0.155674693467407543E+01   -0.136371335340606281E+01   -0.184614919100333386E+01   -0.284577898675140162E+01
    0.487038100659868973E-66    0.414510558567797773E+03    0.816824204618375518E+02    0.257856458621159703E+02    0.731311638680340366E+02    0.672936370761072378E+00   -0.302096477086697401E+00   -0.143184774207258392E+01   -0.145151335017320982E+01
    0.701423873358612920E-66    0.413773206031022085E+03    0.371612063857815258E+02    0.678413839508553309E+02    0.382835940231451417E+02    0.946159953958131017E+00   -0.602510517473792806E+00   -0.248288666227728694E+01   -0.210462200826185519E+01
    0.206475427943280009E-65    0.411606085268116658E+03    0.145485428308908723E+03    0.362088706632981854E+02    0.208408356815570741E+02    0.121779017149865187E+01   -0.137429793647775966E+00   -0.160670258394305976E+01   -0.150616826805848913E+01
    0.218087888826765251E-65    0.411488839310141145E+03    0.108585617645933979E+03    0.577422960757487473E+02    0.659719804073104577E+01    0.108792035160806444E+01   -0.559944522977409154E+00   -0.185768658131612674E+01   -0.190915231701016519E+01
    0.223651411792698463E-65    0.411430645808000349E+03    0.383512616157531738E+02    0.319162988662719727E+02    0.207092499732971191E+02    0.686049082725611714E+00   -0.120101273059844971E+01   -0.279279839992523193E+01   -0.200795429944992065E+01
    0.792627107228843860E-65    0.408892304831614524E+03    0.702952789272469687E+02    0.274858824331678093E+02    0.310439323252603927E+02    0.131789860764052613E+01   -0.637638307805355353E+00   -0.281356284509526322E+01   -0.166986474912176530E+01
    0.875745982277882090E-65    0.408685045944102740E+03    0.483430129992825783E+02    0.209792338217089380E+02    0.330934894059018916E+02    0.972377103862913872E+00   -0.111334868863820091E+01   -0.286033561438016193E+01   -0.183885178232494262E+01
    0.122057662412538216E-64    0.408013228255151546E+03    0.108394785396741227E+03    0.281263541120423142E+02    0.809484470432687289E+02    0.921655250749464749E+00   -0.785683069595706218E-01   -0.134236721686271410E+01   -0.150314642346124083E+01
    0.150020729309186450E-64    0.407592855946863324E+03    0.193199412962449003E+03    0.234013605657844366E+02    0.348068728095975501E+02    0.812194961175812358E+00   -0.888508386413286777E+00   -0.192304535415762179E+01   -0.117698362739053963E+01
    0.191279058115789016E-64    0.407099123608697596E+03    0.121793063601440707E+03    0.173047936629351184E+02    0.328867327802733627E+02    0.121139621990946678E+01   -0.489573094532569364E+00   -0.260416101463507488E+01   -0.144742276671152847E+01
    0.234903794009792546E-64    0.406680425820488779E+03    0.702717781066894531E+02    0.406377696990966797E+02    0.217786628007888794E+02    0.115490887665825959E+01   -0.845419764518737793E+00   -0.292417836189270020E+01   -0.164662051200866699E+01
    0.484784169984090784E-64    0.405223557843650951E+03    0.709474390731369340E+02    0.231841313602323993E+02    0.663793304833418318E+02    0.118808287628013187E+01   -0.808020317201825877E+00   -0.143776897552825522E+01   -0.293110878384200957E+01
    0.487927937448810033E-64    0.405202817455175307E+03    0.599512813237912638E+02    0.222465640855674671E+02    0.387659291251431810E+02    0.129305643945099114E+01   -0.941664469214114952E+00   -0.165996106906352781E+01   -0.178931162088879203E+01
    0.797569544197024977E-64    0.404212202339524765E+03    0.538108468055725098E+02    0.321207618713378906E+02    0.357311493158340454E+02    0.858833998351174133E+00   -0.372593045234680176E+00   -0.117036402225494385E+01   -0.241438406705856323E+01
    0.136106373472786607E-63    0.403135484244964346E+03    0.653624623000832514E+02    0.454327268593270901E+02    0.643477397964272626E+02    0.147453923988404312E+01   -0.387133874035174852E+00   -0.181107472625271271E+01   -0.272736771071089690E+01
    0.182176428734195495E-63    0.402544594008415629E+03    0.171302085709363070E+03    0.226066260196786075E+02    0.289789991513512533E+02    0.786115457566473275E+00   -0.354302165770701949E+00   -0.178810532181389981E+01   -0.156417690598645409E+01
    0.253741593390172474E-63    0.401874099920139997E+03    0.594300987964629144E+02    0.511298209675727335E+02    0.598166847329878379E+02    0.639174259424725832E+00   -0.106304981072947280E+00   -0.230375252266821517E+01   -0.196399912413327016E+01
    0.313946889847251405E-63    0.401440472558783597E+03    0.757245786183809315E+02    0.158609154001001933E+02    0.295308300017931629E+02    0.100158388086474970E+01   -0.991105193600740897E-01   -0.229254364206936057E+01   -0.185159887329854889E+01
    0.410925520200097879E-63    0.400894283756727646E+03    0.124514338573303434E+03    0.570909607933566221E+02    0.152080874278036919E+02    0.125513449706630542E+01   -0.662842464775065032E+00   -0.198509872777121710E+01   -0.161378630878886420E+01
    0.875404531571742476E-63    0.399373923018128380E+03    0.623202612151341242E+02    0.243839423256413710E+02    0.708124481943832222E+02    0.108680704865562605E+01   -0.418543881546073360E+00   -0.240196074672623450E+01   -0.235946158553606189E+01
    0.926754111495903928E-63    0.399252106163784390E+03    0.165849113464355469E+03    0.546938788890838623E+02    0.904678523540496826E+01    0.131924927645396362E+01   -0.738204598426818848E+00   -0.162790226936340332E+01   -0.128056037425994873E+01
    0.112718000506158088E-62    0.398852721777085947E+03    0.739361453916724400E+02    0.354505692286490870E+02    0.367256070756502808E+02    0.136604364420025881E+01   -0.953477874190980845E+00   -0.113221611155470137E+01   -0.269431515906913743E+01
    0.201589597344049493E-62    0.397682219665992648E+03    0.320613781970656362E+02    0.257344043499055779E+02    0.886662240012451832E+02    0.132980865576347274E+01   -0.159702274012771483E+01   -0.218424269223882916E+01   -0.241040696167776769E+01
    0.291270763711026055E-62    0.396938368446671575E+03    0.958807765376588890E+02    0.259019566212819257E+02    0.161510535800233050E+02    0.130523498172735231E+01   -0.371567813178101947E+00   -0.292766803526084196E+01   -0.157627296478560641E+01
    0.687143980930168120E-62    0.395213974835787610E+03    0.576014194598457365E+02    0.494395299570497144E+02    0.631242416972942166E+02    0.678089015399979345E+00   -0.263676357370111303E+00   -0.169074197053177500E+01   -0.156496805522826765E+01
    0.875584841640051607E-62    0.394721465927712529E+03    0.867152354948080699E+02    0.163879092252127130E+02    0.513482016717124736E+02    0.747005278220701174E+00   -0.973478721761757315E+00   -0.226359906189510784E+01   -0.179611948775509256E+01
    0.953000450796596918E-62    0.394544206781406444E+03    0.688006761310627866E+02    0.157753245902533941E+02    0.664346583266620598E+02    0.100390318822762281E+01   -0.316560470389863902E-01   -0.186878404464203540E+01   -0.217206062237187325E+01
    0.182362497701885475E-61    0.393238461945192284E+03    0.510110243136277504E+02    0.495783441791903101E+02    0.258666341847163839E+01    0.105474761112627591E+01   -0.780925337434035027E+00   -0.111709500603646572E+01   -0.292042966859122499E+01
    0.254859304799769736E-61    0.392561219054769595E+03    0.763502340147881995E+02    0.409712814046172653E+02    0.659607637366460153E+02    0.950367488421510975E+00   -0.487474797465081044E+00   -0.123605935000406641E+01   -0.226604937740789891E+01
    0.642839535562123827E-61    0.390703039574379659E+03    0.750116529861184205E+02    0.294904554029318291E+02    0.361008770042912488E+02    0.105729172253878900E+01   -0.493637061596808424E+00   -0.173918547075430374E+01   -0.282972881923267217E+01
    0.110936031664012202E-60    0.389603939675041488E+03    0.694163084030151367E+02    0.531882941722869873E+02    0.542691832780838013E+02    0.118599252060880000E+01   -0.212707757949829102E+00   -0.150555181503295898E+01   -0.258377152681350708E+01
    0.170578506069672980E-60    0.388735643388981941E+03    0.486432282902000281E+02    0.302593028597257714E+02    0.754293514839419430E+02    0.116214946314007750E+01   -0.738458205129129519E+00   -0.223839026525490725E+01   -0.185292914676976705E+01
    0.533321585514031985E-60    0.386447972978484415E+03    0.607441642715881400E+02    0.278886649216710936E+02    0.138019550740408441E+02    0.145205304485421349E+01   -0.177043144414980969E+01   -0.218150232677399680E+01   -0.180076313246552377E+01
    0.277965542691719685E-59    0.383138245159095391E+03    0.120453000068664551E+03    0.319046938419342041E+02    0.511352419853210449E+00    0.102451164410488516E+01   -0.166061055660247803E+01   -0.148200905323028564E+01   -0.135677713155746460E+01
    0.342231579029855566E-59    0.382714451697650929E+03    0.126608843608062301E+03    0.552102168982876194E+02    0.436414162497069498E+02    0.129806883737497047E+01   -0.665427772319719057E+00   -0.159161149073110408E+01   -0.140416477830685760E+01
    0.438107689516848381E-59    0.382212684983542147E+03    0.100055901288562580E+03    0.411906065189690196E+02    0.459662018400014460E+02    0.977315587152555398E+00   -0.155660584204530328E+01   -0.116619550718227138E+01   -0.125931583748635423E+01
    0.872091010647237188E-59    0.380828014399865992E+03    0.343824384568722934E+02    0.582632058407452789E+02    0.334753905732619828E+02    0.100496904495408113E+01   -0.154177231147529459E+01   -0.177849431642883204E+01   -0.270735713710173442E+01
    0.892349396066616243E-59    0.380774273965784289E+03    0.569272825697162830E+02    0.681112852796312751E+02    0.528964694094946211E+02    0.114244543557803269E+01   -0.166856256732265562E+00   -0.279909803832766579E+01   -0.240803020703463400E+01
    0.101560255814206114E-58    0.380507702239457558E+03    0.171890271099756887E+03    0.314901558087619833E+02    0.353712895129207823E+02    0.111199343203655343E+01   -0.715263391169373319E+00   -0.184913166852227895E+01   -0.126659006826564013E+01
    0.117446856352409906E-58    0.380209222401001398E+03    0.136980046308282681E+03    0.439073719131323799E+02    0.176985214492629268E+02    0.118327639258956219E+01   -0.107455450280065179E+01   -0.196306555859539578E+01   -0.147491508602699173E+01
    0.401678107417950818E-58    0.377742079710721725E+03    0.781827211380004883E+02    0.495169508457183838E+02    0.525289714336395264E+02    0.119470677719619789E+01   -0.118891191482543945E+01   -0.182626700401306152E+01   -0.155137616395950317E+01
    0.821316137460004547E-58    0.376303753092356033E+03    0.131450545781423443E+03    0.288285913429477247E+02    0.241187075407583364E+02    0.742920730986115663E+00   -0.866562443534449223E+00   -0.243382932920745576E+01   -0.148520802206368829E+01
    0.109347510212977600E-57    0.375723524649047761E+03    0.795124557479253156E+02    0.354730398289816407E+02    0.554495087910745710E+02    0.910266435613578118E+00   -0.145487208390419687E+01   -0.181234499619783995E+01   -0.159746747734040184E+01
    0.140906505182982774E-57    0.375208580931567667E+03    0.131246768017265396E+03    0.351435105056053487E+02    0.480777754282311491E+02    0.148465039433427481E+01   -0.832142531794910045E+00   -0.126537500270933401E+01   -0.113651305300376615E+01
    0.173034707509417745E-57    0.374789977213196721E+03    0.150424454928943106E+03    0.338909703250061725E+02    0.194052933567669221E+02    0.115592726592701012E+01   -0.315578621954281102E+00   -0.185652797973032269E+01   -0.142821421867620435E+01
    0.329680448168715852E-57    0.373492901411962350E+03    0.338329876998358472E+02    0.710331995380699937E+02    0.444408904885663816E+02    0.104621042080535043E+01   -0.782702606331771689E+00   -0.252513970444027969E+01   -0.238347080955744239E+01
    0.329273980592430279E-57    0.373487556260902352E+03    0.351852152916756111E+02    0.226930792412189319E+02    0.916522619077488621E+01    0.142623898467498411E+01   -0.125639655201916400E+01   -0.226467728497675180E+01   -0.248182286152142817E+01
    0.509274972003212790E-57    0.372607547923372465E+03    0.129394912719726562E+03    0.574581384658813477E+02    0.503927153348922729E+02    0.144166231037054526E+01   -0.721029281616210938E+00   -0.115123200416564941E+01   -0.114877301454544067E+01
    0.129787936228072966E-56    0.370728737701406885E+03    0.153839117746210718E+03    0.318433924870512683E+02    0.415947387438541654E+02    0.106452299668034023E+01   -0.685511852730620097E+00   -0.180720255002037056E+01   -0.151749147784062055E+01
    0.234526538281308805E-56    0.369537591416591511E+03    0.673398361328471537E+02    0.305159806162912659E+02    0.432886695695682988E+02    0.895979604068818269E+00   -0.170087372677613757E+00   -0.108942842899653036E+01   -0.279510239767237367E+01
    0.402308609315112959E-56    0.368450477460917625E+03    0.450425858667082650E+02    0.743551384594721867E+02    0.730620687754475568E+02    0.739279094161990113E+00   -0.155622324153043667E+00   -0.241162037685672637E+01   -0.267585036781445762E+01
    0.161154042108344483E-55    0.365667212351174442E+03    0.565709218820751545E+02    0.562124207213995248E+02    0.730360918086473276E+02    0.124873398676399483E+01   -0.168559003488119696E+00   -0.193331978950059935E+01   -0.247472087530336626E+01
    0.201712846759385939E-55    0.365210430962169255E+03    0.167722451686859131E+03    0.414714539051055908E+02    0.243696659803390503E+02    0.117271388054353154E+01   -0.812557339668273926E+00   -0.165207254886627197E+01   -0.126870366930961609E+01
    0.654171079433347471E-55    0.362849570919663336E+03    0.392201266166659721E+02    0.263256724814509013E+02    0.441067309245023083E+02    0.887634623437379200E+00   -0.181201410322110124E+01   -0.143516334328968442E+01   -0.221967742381230515E+01
    0.866544917224869925E-55    0.362279468342159817E+03    0.364099299867271498E+02    0.540244522161970835E+02    0.256067318833555646E+02    0.573890296234431774E+00   -0.180043712768674924E+01   -0.186833968365130532E+01   -0.219908411548103855E+01
    0.112440485536027116E-54    0.361750665418452172E+03    0.621462811038320879E+02    0.420731039380020633E+02    0.302675092520680025E+02    0.135078633632277545E+01   -0.476718024970552268E+00   -0.299919712460266341E+01   -0.279925205859720849E+01
    0.117263065081587550E-54    0.361658861386096078E+03    0.759259515513091685E+02    0.285130574380043100E+02    0.456543372444660704E+02    0.785954605148312058E+00   -0.539041092241441477E+00   -0.244113517984756401E+01   -0.203470358828389841E+01
    0.384091084683793738E-54    0.359278129098552427E+03    0.976262960614074444E+02    0.396561142300490843E+02    0.797685211515650394E+02    0.781620406746914353E+00   -0.680966770331202564E+00   -0.101304205274279124E+01   -0.168894886505403852E+01
    0.549853905300787392E-54    0.358552770814436542E+03    0.678594697305627221E+02    0.216858947035014538E+02    0.417502403950876868E+02    0.793533084725631777E+00   -0.278872401986506757E+00   -0.102390311632252273E+01   -0.295037528108863922E+01
    0.621364896983282065E-54    0.358300426536561929E+03    0.735189525124438319E+02    0.226535468372866262E+02    0.576322857599110776E+02    0.912767150177687503E+00   -0.626119114211485694E+00   -0.147631487204064493E+01   -0.283292740670886101E+01
    0.621746586039269396E-54    0.358291385863310552E+03    0.342805802004909950E+02    0.599871767628023917E+02    0.244203562071912579E+02    0.878180670180610079E+00   -0.953414083363892662E+00   -0.254701673583488697E+01   -0.249374704064757680E+01
    0.758913015686154840E-54    0.357884864212889738E+03    0.425267670028312423E+02    0.700262321251047126E+02    0.179491410402355136E+02    0.114897243203545174E+01   -0.893396472583718237E+00   -0.223189459279503044E+01   -0.297289794252819695E+01
    0.790716935026395684E-54    0.357794945953643719E+03    0.538426163092385437E+02    0.624843731240459590E+02    0.480938619378200443E+02    0.147754035331476818E+01   -0.454206674310927205E+00   -0.230125223889062092E+01   -0.197741508129444554E+01
    0.794764671187272554E-54    0.357776921427369416E+03    0.875048505040701912E+02    0.173452369449668566E+02    0.180304661142415590E+02    0.857529951444756633E+00   -0.109583287903091664E+01   -0.279327135657602676E+01   -0.157119479769237147E+01
    0.917061074901671230E-54    0.357482852900898251E+03    0.447616068940139300E+02    0.211996249814612270E+02    0.243714376911358706E+02    0.565465457566544982E+00   -0.126122180531404959E+01   -0.114931792901585506E+01   -0.263815226411971882E+01
    0.148124397984820698E-53    0.356516113465592468E+03    0.123098696965186065E+03    0.470467455520085664E+02    0.495174715283231492E+02    0.121148121536738818E+01   -0.135069868392141412E+00   -0.161075402329290007E+01   -0.144140277635798508E+01
    0.220925581505056610E-53    0.355708754041802820E+03    0.464512618268058546E+02    0.235274190379832930E+02    0.531290751542176931E+01    0.342409531179658777E+00   -0.897228789173093899E+00   -0.154702662434421190E+01   -0.277226496754741047E+01
    0.433111365480219611E-53    0.354354603580803882E+03    0.427016828741520342E+02    0.218957803019134545E+02    0.511557308426473085E+02    0.102227971704367193E+01   -0.150152314779999596E+01   -0.123473193130301140E+01   -0.282120866529366587E+01
    0.492611624345724091E-53    0.354089338694181777E+03    0.512886214912889571E+02    0.497847188843021229E+02    0.532271221249456588E+02    0.763331492743248741E+00   -0.226990048618207485E+00   -0.253732325794244851E+01   -0.291364428319299584E+01
    0.570953233091315966E-53    0.353786353755311950E+03    0.740370355238186448E+02    0.476380558049253935E+02    0.611021840387447579E+01    0.107286793521562873E+01   -0.122736940689899932E+01   -0.115792192453298304E+01   -0.227934070056057791E+01
    0.114820386054694309E-52    0.352381247580903903E+03    0.598619930500936093E+02    0.608363282183459475E+02    0.283958431786305816E+02    0.745362851766911194E+00   -0.316799549781168199E+00   -0.267972463337705236E+01   -0.273014858220610179E+01
    0.157354246661126887E-52    0.351743173951336644E+03    0.104234648766989139E+03    0.248880641379245517E+02    0.281826770894110101E+01    0.814243891491968075E+00   -0.936471730504275346E+00   -0.257792693073012691E+01   -0.147367122367336245E+01
    0.173398940354316539E-52    0.351541170768216318E+03    0.421580113235325769E+02    0.265702683638442956E+02    0.556715284683984777E+02    0.553322407086770718E+00   -0.165562691060679890E+01   -0.164082595317538638E+01   -0.238319910058419238E+01
    0.210824980474130564E-52    0.351142491549203214E+03    0.101461982727050781E+03    0.182237541675567627E+02    0.404682040214538574E+02    0.389898565191377333E+00   -0.973094224929809570E+00   -0.231523048877716064E+01   -0.163967508077621460E+01
    0.238262571951219188E-52    0.350889989056815409E+03    0.465171249063879131E+02    0.487600748038748861E+02    0.235682679873434147E+02    0.137983789153756553E+01   -0.127417633376215900E+01   -0.196403090544473136E+01   -0.269047748160015754E+01
    0.296367174821879408E-52    0.350445724892743385E+03    0.465693208653598418E+02    0.629770915255115540E+02    0.458765635779380290E+02    0.122058017414789832E+01   -0.202278182287928487E+00   -0.196398660376972289E+01   -0.279731864784069284E+01
    0.308629550876744576E-52    0.350356827288475074E+03    0.108117117201240333E+03    0.517646475016116412E+02    0.496652695361670240E+02    0.980450147090646817E+00   -0.861008103078280129E+00   -0.137842974349394831E+01   -0.145508110315342876E+01
    0.345555176331114611E-52    0.350122993514086886E+03    0.737340635797172155E+02    0.513614219501504152E+02    0.261259741326287624E+02    0.124953457440519333E+01   -0.868178671507868760E+00   -0.155254807752863422E+01   -0.225262839569176432E+01
    0.600993476853676836E-52    0.349008317513580721E+03    0.404680055080403065E+02    0.297602583794418294E+02    0.508754467577094331E+02    0.521322166271657950E+00   -0.144917027773959362E+01   -0.109929005244295608E+01   -0.254457326919032001E+01
    0.158178644578653943E-51    0.347065052876502705E+03    0.705185144770130563E+02    0.288240126505952965E+02    0.473598817722072170E+02    0.111906781105363518E+01   -0.709380879025537148E+00   -0.143358426801122874E+01   -0.296442234819943140E+01
    0.286626233272374473E-51    0.345868332401089219E+03    0.407913879211184707E+02    0.601972316149347151E+02    0.459017897487645001E+02    0.794642811551871442E+00   -0.943368244658851385E+00   -0.269454218076775565E+01   -0.238732989619913694E+01
    0.308050685108186023E-51    0.345716349325954923E+03    0.708946839931244028E+02    0.381112754090533201E+02    0.118648588122751875E+02    0.118405153328029389E+01   -0.123377143786444599E+00   -0.129193447306676323E+01   -0.249468741082159529E+01
    0.318563993147255939E-51    0.345641418738443576E+03    0.413714629964413874E+02    0.600022873474394558E+02    0.334510762291868105E+02    0.503881584883272171E+00   -0.451018020956661214E+00   -0.236257810337276819E+01   -0.210575922140661120E+01
    0.367582479728676440E-51    0.345347357532689443E+03    0.143601465387087501E+03    0.459021738099477687E+02    0.394804263167237437E+02    0.125242355017049412E+01   -0.981577751316793368E+00   -0.127633894922764046E+01   -0.121039068756301416E+01
    0.375663906375246171E-51    0.345296050733643256E+03    0.651800567926849652E+02    0.433211795944927260E+02    0.618508245595947059E+02    0.100488759173862197E+01   -0.459709438819415617E-01   -0.131083904165170351E+01   -0.215467982127319058E+01
    0.448833801474310082E-51    0.344932322655702762E+03    0.725052913242516013E+02    0.342873444024658056E+02    0.523232609515201048E+02    0.125762784551963103E+01   -0.253671363205760336E+00   -0.295008639684751950E+01   -0.192979233668608630E+01
    0.471268767539299160E-51    0.344826958362930952E+03    0.375546878675700029E+02    0.167993776459491642E+02    0.462956299992315508E+02    0.777324451332148891E+00   -0.104231038901433770E+01   -0.292295347032019848E+01   -0.221998809847138379E+01
    0.635053429999712012E-51    0.344222584714733898E+03    0.169254176090771637E+03    0.508281773350996460E+02    0.100555797910097233E+02    0.111861314910059240E+01   -0.509077990463482122E+00   -0.114920939431491931E+01   -0.134224782643551266E+01
    0.981194169184381536E-51    0.343344649749240716E+03    0.123616054435181709E+03    0.285747117534103339E+02    0.169053716810633610E+02    0.837253518853373402E+00   -0.562793653696580298E+00   -0.233844869587126380E+01   -0.165231685068144940E+01
    0.125139852463274732E-50    0.342850343939723075E+03    0.453482598028967843E+02    0.369177084014412955E+02    0.761621945369922742E+02    0.152806253011724325E+01   -0.126872044494848790E+01   -0.138046595282472695E+01   -0.230805797182173489E+01
    0.263317632163706664E-50    0.341354673242274316E+03    0.154589864776366284E+03    0.253895102523918368E+02    0.624038949898201452E+02    0.103795194948661229E+01   -0.532879270235650848E+00   -0.125561401850106580E+01   -0.126233656190992183E+01
    0.331655629320362478E-50    0.340885388463904064E+03    0.766603946685791016E+02    0.511616206169128418E+02    0.174713784456253052E+02    0.101175783669663910E+01   -0.118712747097015381E+01   -0.223859596252441406E+01   -0.174226257205009460E+01
    0.361364061753057243E-50    0.340705998439980135E+03    0.397001999826808287E+02    0.550768635812171894E+02    0.597302897264676247E+02    0.134265825551685292E+01   -0.474895016776624823E+00   -0.259049429077764648E+01   -0.268313705037224270E+01
    0.382654893840509634E-50    0.340583690757889485E+03    0.823911265398485853E+02    0.193030552520187300E+02    0.377340526285113285E+02    0.155566032376380114E+01   -0.313470399479645279E+00   -0.218555125552875218E+01   -0.212793778361132979E+01
    0.431844522032701981E-50    0.340334014061392452E+03    0.515621111968231318E+02    0.532961897226153027E+02    0.107931219592462551E+02    0.117913077373845487E+01   -0.150647629266735561E+01   -0.214626514572040694E+01   -0.198237450991519881E+01
    0.668672472286421208E-50    0.339451744078518345E+03    0.444564254396891201E+02    0.622936206881750110E+02    0.585766883320936316E+02    0.149086780438449251E+01   -0.531461146588364963E+00   -0.291736950163885389E+01   -0.272803445367190012E+01
    0.670385388144373916E-50    0.339438814796509519E+03    0.626508474349975586E+02    0.292915177345275879E+02    0.570413535833358765E+02    0.121996445106874507E+01   -0.780352473258972168E+00   -0.208742856979370117E+01   -0.218672874569892883E+01
    0.686399735392281742E-50    0.339383787477569626E+03    0.575389657225217093E+02    0.292462131552125761E+02    0.152182763008586286E+01    0.767665753257745331E+00   -0.168454001346640814E+01   -0.100711394492949635E+01   -0.220392769523704501E+01
    0.863811581665383878E-50    0.338916185966424109E+03    0.393253774239465983E+02    0.202097996035497793E+02    0.159159805026924808E+02    0.795431163229426197E+00   -0.880100967773130627E+00   -0.265989383778460153E+01   -0.217467990410129053E+01
    0.978723715118113934E-50    0.338658584020151864E+03    0.617766403321085704E+02    0.405992991044703189E+02    0.722285191782777360E+02    0.420363861499395197E+00   -0.442873959916729731E+00   -0.147391260070187080E+01   -0.218499117561720313E+01
    0.100044815768839989E-49    0.338606863630359726E+03    0.667494858702150253E+02    0.405849314092059501E+02    0.371146127892909874E+02    0.121557971186335845E+01   -0.773198612312644862E+00   -0.144641446399599571E+01   -0.288199239150744413E+01
    0.241596976179162604E-49    0.336835745716592157E+03    0.690421565805430504E+02    0.265607243340756440E+02    0.732918813978528316E+01    0.135467709963551108E+01   -0.855016407504598064E+00   -0.130343697962248717E+01   -0.184189289978340609E+01
    0.255789482611375277E-49    0.336713765571670251E+03    0.546791586544547101E+02    0.199932058169782110E+02    0.267036970563149794E+02    0.819365383387119062E+00   -0.960309855304509075E+00   -0.290634851518797088E+01   -0.182438276084452045E+01
    0.411929345752386922E-49    0.335752958929425347E+03    0.485287922506109410E+02    0.164670816876672959E+02    0.502609172856985751E+02    0.113378911447391051E+01   -0.741186239246396150E+00   -0.122164393696713636E+01   -0.255714322542615857E+01
    0.419552834514369289E-49    0.335708471188176077E+03    0.396941583531670688E+02    0.197909837802167843E+02    0.252703247258665087E+02    0.133694608530098447E+01   -0.178841485543725653E+01   -0.208419780089285744E+01   -0.228531855324522803E+01
    0.509631131818903211E-49    0.335311663230750526E+03    0.133815972552453161E+03    0.495532810051878343E+02    0.391161766000594682E+02    0.107801135423126171E+01   -0.238617343591926989E+00   -0.149698605291935483E+01   -0.138040313024956318E+01
    0.732316952274487587E-49    0.334578798286614244E+03    0.461471369558207130E+02    0.190778083391032069E+02    0.490854969671395409E+02    0.872363623268772370E+00   -0.130102360627377434E+01   -0.123601968733745382E+01   -0.208295007049234382E+01
    0.889969268793423641E-49    0.334181038751558503E+03    0.377727940075350404E+02    0.441651611843566485E+02    0.822006995250599886E+02    0.132716968021540249E+01   -0.114493269735431724E+01   -0.148566151511079592E+01   -0.203324580219846851E+01
    0.941976844834224627E-49    0.334059638730089659E+03    0.775883844982426183E+02    0.283604771906193136E+02    0.418626019636481317E+02    0.148572901050741946E+01   -0.518986684887586591E+00   -0.244290147104433331E+01   -0.200932306204954081E+01
    0.116740825110988141E-48    0.333622704815563566E+03    0.537687610785706838E+02    0.709137538723792176E+02    0.569975017900398040E+01    0.106956465566285419E+01   -0.844599857591093572E+00   -0.217733974732338531E+01   -0.265264904550900704E+01
    0.168420427000478388E-48    0.332881878141079596E+03    0.616646382338983372E+02    0.622697391104516598E+02    0.439183125659833991E+02    0.125641961101588429E+01   -0.347844428241414816E+00   -0.173691025773258523E+01   -0.256716429830821635E+01
    0.175255429568533525E-48    0.332794503416377438E+03    0.508008718490600586E+02    0.175704824924468994E+02    0.695127671957015991E+02    0.706408715213141192E+00   -0.276746273040771484E+00   -0.152115058898925781E+01   -0.241825091838836670E+01
    0.245753610230143960E-48    0.332110521031776898E+03    0.450823752547696159E+02    0.495168520321555832E+02    0.355691211563049450E+02    0.872285646050548591E+00   -0.959428130953138503E+00   -0.274738432855040760E+01   -0.256999947770339432E+01
    0.337988543372378997E-48    0.331465343431818155E+03    0.105013119732845283E+03    0.358215509854735501E+02    0.492310148953893290E+02    0.764665981598794509E+00   -0.954445090758498926E+00   -0.166174159105257879E+01   -0.167807642252863021E+01
    0.365696320864075102E-48    0.331299948401790402E+03    0.152359000143534644E+03    0.279910755287199429E+02    0.479802173695717329E+02    0.816216511090422259E+00   -0.261511336544569595E+00   -0.137656244657326310E+01   -0.151097616065346974E+01
    0.611419882711655559E-48    0.330264174573136813E+03    0.148530391096716386E+03    0.330816644595299110E+02    0.422508879705676037E+02    0.102986897987857584E+01   -0.984633999068050159E+00   -0.114114025580009093E+01   -0.128500563350945063E+01
    0.627962161685218830E-48    0.330202970105820555E+03    0.570841229006292536E+02    0.538803242399071820E+02    0.288610090314242278E+02    0.125081904527526766E+01   -0.531956025186248738E+00   -0.251500599585567919E+01   -0.265991005029347338E+01
    0.743822469379900799E-48    0.329856512651069693E+03    0.679116954770027803E+02    0.218293379895576010E+02    0.365544796262343397E+02    0.103560230221991501E+01   -0.122883811481701777E+01   -0.152334488999508033E+01   -0.229093913528004567E+01
    0.103060507145797572E-47    0.329196502217417049E+03    0.441130422418277490E+02    0.643019106430063800E+02    0.456732962575597057E+02    0.939996943642533500E+00   -0.914649321220533107E+00   -0.218422283170543929E+01   -0.292367957854263150E+01
    0.179866221090246931E-47    0.328074895528145476E+03    0.651387213910712148E+02    0.239820246131122765E+02    0.401034192444204436E+02    0.584688143158599627E+00   -0.118465637820987846E+01   -0.243553471241421304E+01   -0.184478889414424341E+01
    0.261481757902412895E-47    0.327318780701718651E+03    0.693972435174081710E+02    0.252812535693954068E+02    0.418389765105161402E+02    0.113432201564782087E+01   -0.110420033619774527E+01   -0.244530252405188087E+01   -0.181510970946980810E+01
    0.261863441560031353E-47    0.327308050940028352E+03    0.115047090400747791E+03    0.468681652279702092E+02    0.257765313528890161E+02    0.121531415878260352E+01   -0.562628894812392089E+00   -0.161600316707271885E+01   -0.189536361708164591E+01
    0.356501615607014893E-47    0.326683207201549067E+03    0.398155898340242871E+02    0.682946021549846023E+02    0.468009324692205411E+02    0.147725463589930461E+01   -0.570930335989249693E+00   -0.279558895189496726E+01   -0.249327135443274983E+01
    0.520192150030818261E-47    0.325919675719731060E+03    0.456361537766444698E+02    0.607086187592420217E+02    0.637816226671727264E+02    0.914087942339133375E+00   -0.493455092478242152E+00   -0.285659756348231442E+01   -0.226963282721332815E+01
    0.555806445653377070E-47    0.325779419516322150E+03    0.558896459767276497E+02    0.449638398582265992E+02    0.753759001518848635E+02    0.146912759300600015E+01   -0.337147579731264413E+00   -0.219623160709447518E+01   -0.268384823894229196E+01
    0.583948183329032929E-47    0.325672822741520292E+03    0.480014386220124933E+02    0.706147051321908918E+02    0.608736809810725106E+02    0.831995273460459095E+00   -0.530505568337735989E+00   -0.205491181809195256E+01   -0.241311660632971492E+01
    0.647139178306967269E-47    0.325459511975610724E+03    0.160763915854432696E+03    0.389019424326153427E+02    0.123338236287324783E+02    0.965051875696355865E+00   -0.935794392257534691E+00   -0.182803819611924689E+01   -0.141563388941510726E+01
    0.822617629493292158E-47    0.324971839270960345E+03    0.854081966113249536E+02    0.170636179478507088E+02    0.168044188766504696E+02    0.152536747866282751E+01   -0.144496800195452080E+00   -0.121671916366044730E+01   -0.244190729171646925E+01
    0.112891595124079731E-46    0.324330983512821717E+03    0.595201885243639737E+02    0.282310394964188589E+02    0.834912402780156100E+02    0.118980603562594323E+01   -0.323224384603248538E+00   -0.207743033574768976E+01   -0.253157639463285200E+01
    0.120742002315098796E-46    0.324188714945115464E+03    0.898656777301668370E+02    0.483659863743557636E+02    0.493739747197687890E+02    0.645865444902474911E-01   -0.127261499038996218E+01   -0.146637604944185673E+01   -0.142403132779031161E+01
    0.130595986753986279E-46    0.324023997584814026E+03    0.107375007995169369E+03    0.443515610278093320E+02    0.244188871225173543E+02    0.145017800389410634E+01   -0.138543764826391858E+01   -0.140229300192415751E+01   -0.150423685913888860E+01
    0.153505299939681182E-46    0.323692931871511973E+03    0.112329095679665400E+03    0.394096275777282727E+02    0.206936562854009374E+02    0.101442270122057088E+01   -0.117999202169023221E+01   -0.205503978354659234E+01   -0.150762187723998564E+01
    0.175020762106990211E-46    0.323422780343967815E+03    0.545816183090209961E+02    0.412859487533569336E+02    0.661272454261779785E+02    0.666444198566253587E+00   -0.211938858032226562E+00   -0.236921179294586182E+01   -0.278331312537193298E+01
    0.451587470249776389E-46    0.321519238885661196E+03    0.586722206359223648E+02    0.521401243252261466E+02    0.337050741939954008E+02    0.112187182907382188E+01   -0.138734889215883062E+00   -0.284845715633261021E+01   -0.231520426586896688E+01
    0.567222773616420327E-46    0.321055460308247859E+03    0.600598563719259673E+02    0.194201198188772928E+02    0.500194828829201867E+02    0.156986005171134591E+01   -0.108857714068620348E+01   -0.222613157224739711E+01   -0.207355788491325210E+01
    0.596024076834806180E-46    0.320948589931716640E+03    0.588319182395935059E+02    0.344493520259857178E+02    0.575113195180892944E+02    0.258648440237826627E+00   -0.384690403938293457E+00   -0.275936543941497803E+01   -0.218345257639884949E+01
    0.595606807429434919E-46    0.320942178098409443E+03    0.701961480171873262E+02    0.425677214262745025E+02    0.704928985249092506E+02    0.112282881625805109E+01   -0.468912184087186379E+00   -0.120563676868701153E+01   -0.281487955311061455E+01
    0.684980950157017146E-46    0.320654745003191579E+03    0.572951251617244992E+02    0.378511153424955182E+02    0.863967347937522874E+02    0.499589610649970040E+00   -0.360199371312951211E+00   -0.160284789556518747E+01   -0.231937741891924132E+01
    0.695613708366581032E-46    0.320616125579881214E+03    0.996098399098453484E+02    0.248983154346747035E+02    0.157705540439402689E+02    0.115796323979550220E+01   -0.563688069054097296E+00   -0.274577248483977288E+01   -0.158009200640611946E+01
    0.834877768626273611E-46    0.320243331400449392E+03    0.518821020585420314E+02    0.334468457610005743E+02    0.600105706835649144E+02    0.117059213920696714E+01   -0.705565396840126091E+00   -0.278735833601199889E+01   -0.210710616709489340E+01
    0.113835906795386993E-45    0.319615403378240387E+03    0.466594238907558179E+02    0.413683042998142056E+02    0.646133594041429831E+02    0.101484647017677787E+01   -0.894026312255135069E+00   -0.209343448590494852E+01   -0.241550356435942204E+01
    0.125544349637693769E-45    0.319411788713547310E+03    0.108433331209108403E+03    0.362713630251328425E+02    0.225044754333654815E+02    0.142055348145305915E+01   -0.138674754816802004E+01   -0.125615334883903729E+01   -0.155565454103783796E+01
    0.136848478193028101E-45    0.319231545742636399E+03    0.602566766714579884E+02    0.176013573552097675E+02    0.528323534325229289E+02    0.114214226242537986E+01   -0.114659260231725679E+01   -0.237519288167339182E+01   -0.191345013012603382E+01
    0.149325300295329895E-45    0.319049227573705423E+03    0.479261837167033278E+02    0.506715577925502956E+02    0.218422724292290837E+02    0.102871852826126209E+01   -0.335355788122600362E+00   -0.237666971062410148E+01   -0.278586457734737092E+01
    0.157326090790919603E-45    0.318937028047476360E+03    0.473356568449998818E+02    0.518700045784329262E+02    0.491385921327481512E+02    0.105939054614841477E+01   -0.380707151306817870E+00   -0.290795732896699510E+01   -0.270315622344237161E+01
    0.269305405639319187E-45    0.317854164727888246E+03    0.361797203124634166E+02    0.747350944780589259E+02    0.250128063628404789E+02    0.191104845903478149E+00   -0.820924681640883280E+00   -0.202434582079697822E+01   -0.205286705104854095E+01
    0.353920994611432436E-45    0.317299896954651274E+03    0.951551556587219238E+02    0.233357155323028564E+02    0.157888233661651611E+01    0.912460642356793361E+00   -0.501942992210388184E+00   -0.246023213863372803E+01   -0.161242264509201050E+01
    0.384909741831238109E-45    0.317124214132972611E+03    0.116784782419214125E+03    0.455838251249853244E+02    0.344597902387691022E+02    0.101775491252348638E+01   -0.102110459698890077E+01   -0.121579397132161615E+01   -0.124463121381604469E+01
    0.485323713169906445E-45    0.316652787136721486E+03    0.605393003933906400E+02    0.161034807203573891E+02    0.658891472749430847E+02    0.124873761786414228E+01   -0.117519957776282657E+00   -0.175248465524616948E+01   -0.251322820737053387E+01
    0.719561705742999862E-45    0.315857322303719343E+03    0.114419392091811176E+03    0.477879040386760536E+02    0.348224305412283712E+02    0.497982186371468349E+00   -0.247269801830523051E+00   -0.138571184242302259E+01   -0.146174030222263229E+01
    0.118642134980601477E-44    0.314849400800744434E+03    0.825458990479853014E+02    0.163946323905792646E+02    0.555664971716218687E+02    0.116969863831247189E+01   -0.829010327632161648E+00   -0.132748901141059994E+01   -0.225770073871925669E+01
    0.122159672613856299E-44    0.314783153725129864E+03    0.697820387532131861E+02    0.379090568859599770E+02    0.513083593929554738E+02    0.999394725672268502E+00   -0.111344455654422636E+01   -0.207542269877384289E+01   -0.176615786961732368E+01
    0.142390724978149056E-44    0.314468849460434569E+03    0.360079605854052076E+02    0.615898224770554990E+02    0.168517014844054174E+02    0.145125749315235808E+01   -0.125446661466765819E+01   -0.216009903546639537E+01   -0.248273235020351724E+01
    0.165758235618888726E-44    0.314157126057340065E+03    0.988337362492231790E+02    0.324157946676332784E+02    0.206821487825791905E+02    0.120908040294097563E+01   -0.560113033044908448E+00   -0.155779124957128490E+01   -0.160237169290997605E+01
    0.207693702534520771E-44    0.313698245366156300E+03    0.647999368442337556E+02    0.308312079812247681E+02    0.235669031208070869E+02    0.104674664491360692E+01   -0.192343712505384401E+00   -0.238834473656826241E+01   -0.254653753266480232E+01
    0.259168986074353407E-44    0.313247601077330330E+03    0.418103066132981027E+02    0.543477306377583176E+02    0.246052562162937569E+02    0.126742257259927538E+01   -0.103856863100029151E+01   -0.255769938215038106E+01   -0.262365139004727466E+01
    0.269634505133947862E-44    0.313160614472485975E+03    0.556212348607496381E+02    0.616890358846369793E+02    0.312373930510840196E+02    0.126797401924261277E+01   -0.256552898906328153E+00   -0.161615994744785563E+01   -0.188679662331261322E+01
    0.305396544805631763E-44    0.312903714528882915E+03    0.399083863119462734E+02    0.744313607219055200E+02    0.201559594231273991E+02    0.719863819453639642E+00   -0.467311370550408611E+00   -0.158791533834245202E+01   -0.212088463162863405E+01
    0.431618909802809796E-44    0.312204038095619467E+03    0.597748787508002977E+02    0.258855631833982187E+02    0.874182271106314204E+02    0.836304533859945187E+00   -0.870463236510372607E+00   -0.143047451409525395E+01   -0.299973235948820705E+01
    0.458842768390029221E-44    0.312073896489289154E+03    0.900813360160644692E+02    0.277454409888835265E+02    0.494167103832501198E+02    0.626892866046037334E+00   -0.102978609896664386E+01   -0.125518755942725546E+01   -0.189681673024216235E+01
    0.661205033173742277E-44    0.311335371230790088E+03    0.737689516919849666E+02    0.651533262095637440E+02    0.628587868122254747E+02    0.108414556354981562E+01   -0.648397858256134718E+00   -0.146293745256907748E+01   -0.152384305687599153E+01
    0.685615418599359064E-44    0.311255052974514285E+03    0.761731570555624984E+02    0.263995991509049333E+02    0.245321284968841411E+02    0.115078577252592340E+01   -0.296079104359843193E+00   -0.234303571894053242E+01   -0.219752026032805770E+01
    0.881727328807290840E-44    0.310744108472591677E+03    0.570138740090619152E+02    0.609680568650911070E+02    0.536329120945869846E+02    0.349066923176574617E+00   -0.178862681957504321E+00   -0.203231437446935814E+01   -0.207995709350721913E+01
    0.901967140591135374E-44    0.310690905507188518E+03    0.368830030509457387E+02    0.615220009136068740E+02    0.234384373296082167E+02    0.997925736740877034E+00   -0.124341227455262304E+01   -0.205717039943818136E+01   -0.259679350657679109E+01
    0.970966385295190726E-44    0.310535665488893812E+03    0.624563201956605525E+02    0.290397384851050262E+02    0.726033014781183823E+02    0.101629117575272443E+01   -0.276099189572508230E+00   -0.188260925831335113E+01   -0.258508218409182478E+01
    0.117811016339958862E-43    0.310141102932674528E+03    0.794373584890097959E+02    0.274240422958612697E+02    0.227527118112577291E+02    0.785860347462698061E+00   -0.124358967966359923E+01   -0.233121863946447849E+01   -0.169910098186770275E+01
    0.208280973767507127E-43    0.308993677993869483E+03    0.116722543759423473E+03    0.529413584289382868E+02    0.287187032586970403E+02    0.124746190165562454E+01   -0.101504282039494420E+01   -0.161502980030943433E+01   -0.155856232268436523E+01
    0.257211446250739071E-43    0.308563844511637001E+03    0.553201084755938624E+02    0.391950747975421692E+02    0.549739249615201047E+02    0.134145329519533041E+01   -0.926789377923813218E+00   -0.158506741654293837E+01   -0.288897399670629262E+01
    0.300895083854089237E-43    0.308242305710271012E+03    0.518917690801998148E+02    0.456681725356620944E+02    0.511932684175873334E+02    0.118879128771476572E+01   -0.311368351130977050E+00   -0.276244402588409566E+01   -0.274115625345815417E+01
    0.306890010313174757E-43    0.308195037679405402E+03    0.537258213760742152E+02    0.617948209010349174E+02    0.188124254611712480E+02    0.719278107552748014E+00   -0.341704501185996712E+00   -0.154332601890569543E+01   -0.211084543157919491E+01
    0.386468088910999859E-43    0.307726105400294102E+03    0.576669096946716309E+02    0.624172031879425049E+02    0.656983441114425659E+02    0.134602700139958653E+01   -0.101451504230499268E+01   -0.137368404865264893E+01   -0.151661056280136108E+01
    0.549196785890947475E-43    0.307015477857939743E+03    0.557329079597939199E+02    0.256621000918605873E+02    0.668662248359446210E+02    0.125765859042739558E+01   -0.457082653688576146E+00   -0.264667867484412156E+01   -0.231333619876107122E+01
    0.682643094712729520E-43    0.306572634665667294E+03    0.593771239640127462E+02    0.521963123206467543E+02    0.438675462348353875E+02    0.149953601351925925E+01   -0.410214756260464775E+00   -0.216342476037917120E+01   -0.232904623730754512E+01
    0.116356962140524436E-42    0.305498270863279743E+03    0.462924222000543040E+02    0.659765681515679177E+02    0.376603672080620058E+02    0.410527382953014386E+00   -0.318027237979314981E+00   -0.215342900172464624E+01   -0.277293125745847968E+01
    0.136408614645286000E-42    0.305172474013733677E+03    0.676132729094200755E+02    0.329046927722222904E+02    0.369954107065001381E+02    0.522771563616636015E+00   -0.830569126086036169E+00   -0.263782073672827178E+01   -0.176898823661266280E+01
    0.137016050203366093E-42    0.305155775167540469E+03    0.166988660596243250E+03    0.293458709820168941E+02    0.434188949240882920E+02    0.107620769768503277E+01   -0.579876811650975599E+00   -0.152827815325972760E+01   -0.137219715414168553E+01
    0.192605335472841109E-42    0.304466872412347698E+03    0.614317545977556065E+02    0.657536215960782187E+02    0.393437403486248627E+02    0.115138334517035967E+01   -0.898031331724762349E-01   -0.139350416561203128E+01   -0.227672265553045117E+01
    0.246229617259624874E-42    0.303967817306857512E+03    0.532779154385800453E+02    0.667133501006980225E+02    0.276046837237484723E+02    0.128588414256042127E+01   -0.571955291678535538E+00   -0.230045641236486187E+01   -0.245854228976884004E+01
    0.419105558281542324E-42    0.302896288180478223E+03    0.362341970240481785E+02    0.240501504638532211E+02    0.765530531141586721E+02    0.132849276439312525E+01   -0.110560992408410419E+01   -0.239239298060074645E+01   -0.247459284546553615E+01
    0.436102169853169057E-42    0.302808968214165532E+03    0.520767191842734576E+02    0.348719643212092691E+02    0.658254628072412751E+00    0.989680424873564779E+00   -0.118154750474357750E+01   -0.127685240233381925E+01   -0.286160616369276166E+01
    0.444404870774425593E-42    0.302763436778922937E+03    0.711568707001030134E+02    0.195808854325126021E+02    0.249192278726740248E+02    0.785398791768748605E+00   -0.422083174447612564E+00   -0.160810172921234540E+01   -0.195703323577866994E+01
    0.512289804909447415E-42    0.302471315334767894E+03    0.647261203351361871E+02    0.350982216384391066E+02    0.152083850529363485E+02    0.131950902247520840E+01   -0.379487367000649556E+00   -0.253500704917374531E+01   -0.248728101107255473E+01
    0.101842841631140941E-41    0.301089251915506736E+03    0.561461791928854268E+02    0.397595922868518699E+02    0.482291774330768419E+02    0.760296780351380153E+00   -0.886322220580039843E+00   -0.173074257975040058E+01   -0.255226284128214331E+01
    0.195709138682974053E-41    0.299775041987580835E+03    0.340462213233326452E+02    0.727472307059372270E+02    0.721295398064502109E+02    0.271077965236752094E+00   -0.492583755377841381E+00   -0.178768211981186931E+01   -0.247327469146630596E+01
    0.380033028889326570E-41    0.298439972294876497E+03    0.683734107532199857E+02    0.204742790585685484E+02    0.516678918610471527E+02    0.150504151001298503E+01   -0.168274483566933641E+00   -0.163885446695583781E+01   -0.256772565076714709E+01
    0.595453591981796476E-41    0.297534029219867250E+03    0.553472555859091955E+02    0.415349548985643366E+02    0.597491486674523031E+02    0.117525337432857824E+01   -0.204040638485865511E+00   -0.218015390725933500E+01   -0.267189651884332191E+01
    0.801305412988262458E-41    0.296932379300984167E+03    0.621603665742360931E+02    0.229686944448022778E+02    0.778866626140564051E+02    0.116371664352121784E+01   -0.137544599935005118E+01   -0.135207638840650968E+01   -0.174464683117253805E+01
    0.118938285732559568E-40    0.296134671440436875E+03    0.467905709265345777E+02    0.184798347936216913E+02    0.720277938756025407E+02    0.837467279070471804E+00   -0.120130944548202967E+01   -0.133550660607355942E+01   -0.186598535240743590E+01
    0.289482866542154430E-40    0.294347876218368526E+03    0.852338575560919480E+02    0.349305658409836752E+02    0.340571746474169572E+02    0.148320191863207329E+01   -0.749993008604647793E+00   -0.107325637349937852E+01   -0.231230225652222998E+01
    0.293822689604161010E-40    0.294310302965397966E+03    0.142162564883416422E+03    0.317859734688084430E+02    0.489237121934406005E+01    0.754231130523247084E+00   -0.625796761356869791E+00   -0.212922094186246280E+01   -0.145356257651872389E+01
    0.310270062475353864E-40    0.294193557268020925E+03    0.794329854982080690E+02    0.325966928813206138E+02    0.677495101280121759E+02    0.131093643443574859E+01   -0.504338130574618626E+00   -0.189146884681005045E+01   -0.158011155061958797E+01
    0.336672952447668125E-40    0.294022406959775481E+03    0.462503798996119997E+02    0.582206777350265057E+02    0.717887148173177962E+02    0.901644689793861809E+00   -0.326753465887664296E+00   -0.246863623361164297E+01   -0.244771268237790718E+01
    0.401713426425615685E-40    0.293661340513397306E+03    0.840476751327514648E+02    0.183598136901855469E+02    0.203356289863586426E+02    0.751196258903750413E+00   -0.387047410011291504E+00   -0.295203852653503418E+01   -0.180300328135490417E+01
    0.413772066735273951E-40    0.293594375425498072E+03    0.583400267544724755E+02    0.277550066661906776E+02    0.434433422055117049E+02    0.146750335964199907E+01   -0.267943234110687545E+00   -0.171113570477404076E+01   -0.218516168001796718E+01
    0.486459748039648915E-40    0.293262885122313264E+03    0.576198064072461236E+02    0.597757918836294806E+02    0.516460034852920984E+02    0.104287839986983721E+01   -0.256050392243592384E+00   -0.102281529011175754E+01   -0.202017989930049024E+01
    0.500691463897644196E-40    0.293197400801327490E+03    0.636905890029054049E+02    0.366551502540088308E+02    0.484945682069248392E+02    0.420946458945045177E+00   -0.197289178665446263E+00   -0.248647580030900972E+01   -0.201710059587348933E+01
    0.611218459972638971E-40    0.292790659562572500E+03    0.107735486284416510E+03    0.281782970794070309E+02    0.707318379401859545E+02    0.155388550262549074E+01   -0.607794996354076744E+00   -0.137405186941660484E+01   -0.154877587838486663E+01
    0.629564273836060681E-40    0.292723700040497818E+03    0.745033536120720044E+02    0.261564688106715728E+02    0.659434794355583307E+02    0.148558446624204166E+01   -0.650101052195329210E+00   -0.173086777591114371E+01   -0.196064161846564100E+01
    0.642491275525486130E-40    0.292675236967577462E+03    0.477877850002862274E+02    0.706148232730459995E+02    0.419474449603209578E+02    0.142899375706036302E+01   -0.457137624602509396E+00   -0.258116290932204784E+01   -0.241407145929401779E+01
    0.683114402880514321E-40    0.292544806250832039E+03    0.666500364285010534E+02    0.260304016919725285E+02    0.442583685069174777E+02    0.114252948575098823E+01   -0.714391290724068817E+00   -0.290593780556886916E+01   -0.186924827580719954E+01
    0.743086659460184920E-40    0.292368693098129768E+03    0.580299739448449472E+02    0.480006943022192729E+02    0.460458502887953358E+02    0.344334542555523815E+00   -0.597714418229144506E+00   -0.184660658567684055E+01   -0.267624690984837743E+01
    0.891262536634379911E-40    0.291997227867075480E+03    0.371777731541638872E+02    0.495978458335520429E+02    0.345682956504629928E+02    0.105766037035830096E+01   -0.112873476451123267E+01   -0.151343701146723331E+01   -0.224370928403225811E+01
    0.945787356749465942E-40    0.291870657918362610E+03    0.400530809875687908E+02    0.610327276610476517E+02    0.670577060055640857E+02    0.922012464494623263E+00   -0.117882414934360247E+00   -0.199577519531127412E+01   -0.237895842427340654E+01
    0.124974110595806936E-39    0.291305497555811598E+03    0.414597105012311431E+02    0.275138835736005269E+02    0.706694615581723014E+02    0.145183481255663094E+01   -0.125989992276229623E+01   -0.120692004205750947E+01   -0.259655150947111046E+01
    0.194329147825383227E-39    0.290414791537699102E+03    0.882940079131312388E+02    0.617260718325049567E+02    0.354179305308151200E+02    0.611564909184006744E+00   -0.101049861529514429E+01   -0.150889042775579596E+01   -0.151591810074732569E+01
    0.235167112691679378E-39    0.290025492998533252E+03    0.458778852338414325E+02    0.191813846569960873E+02    0.128174794155092133E+02    0.519446034458497352E+00   -0.529084179542249844E+00   -0.249464351171687326E+01   -0.247263460987400041E+01
    0.308578815444412879E-39    0.289474318676493283E+03    0.469353014963329116E+02    0.670258812939402162E+02    0.579175833047941282E+02    0.100257470722960185E+01   -0.194581946058774768E+00   -0.138699021624363561E+01   -0.185910489922135058E+01
    0.321643997335191092E-39    0.289383570085882866E+03    0.842852709910443423E+02    0.211365524868183599E+02    0.412153885567886746E+02    0.754155959915915997E+00   -0.467603204022814189E+00   -0.150258481553433687E+01   -0.235724841704688171E+01
    0.589484007136246456E-39    0.288164153076907382E+03    0.660388091344786119E+02    0.224003763865424581E+02    0.262143804717895250E+02    0.103959555082784583E+01   -0.965649358483647635E+00   -0.228735901032562250E+01   -0.176051748274488462E+01
    0.749320287969177001E-39    0.287676502731246217E+03    0.527966542416754550E+02    0.511897540431347409E+02    0.466565832785075614E+02    0.996047378320475962E+00   -0.136550984628482341E+01   -0.146303319728839187E+01   -0.176080634602425490E+01
    0.939741690250414132E-39    0.287215813177257814E+03    0.115518286540583375E+03    0.594623187010150787E+02    0.470236936713249420E+02    0.119633475502998676E+01   -0.431005178114285847E+00   -0.111351408960778397E+01   -0.134253695761275282E+01
    0.964092972719642882E-39    0.287156835287666524E+03    0.139943241780899399E+03    0.375941809007963741E+02    0.453182951049544158E+02    0.111955030318440363E+01   -0.860018729217667088E+00   -0.162218844577460364E+01   -0.142170262298583960E+01
    0.128232529470921955E-38    0.286578537566412763E+03    0.697889566698400188E+02    0.233780098082837036E+02    0.485882321408860278E+02    0.973006718727142395E+00   -0.288910100934748337E+00   -0.198072085181150093E+01   -0.189295199176608575E+01
    0.154157507066904633E-38    0.286202465865259910E+03    0.593616956449003510E+02    0.440520348439341660E+02    0.338919712017986186E+02    0.997960685434372552E+00   -0.101155415816300853E+01   -0.173585963815335353E+01   -0.233617778776999252E+01
    0.161314128480274692E-38    0.286103895925823394E+03    0.723514928311374916E+02    0.461129529649592911E+02    0.569122231672096746E+02    0.885471312672673982E+00   -0.399274902447052105E+00   -0.202741160789394659E+01   -0.181988426618935573E+01
    0.168134288142702290E-38    0.286013264582481156E+03    0.538221056588991758E+02    0.218014167297907306E+02    0.263444546171757672E+02    0.495210719834240143E+00   -0.591043422419681219E+00   -0.136815368873011867E+01   -0.261632727556964095E+01
    0.392816282269075875E-38    0.284308294016205593E+03    0.454520225524902344E+02    0.221496641635894775E+02    0.536231732368469238E+02    0.108276327612133905E+01   -0.126249361038208008E+01   -0.184281349182128906E+01   -0.272341656684875488E+01
    0.411555887053877261E-38    0.284207275923246357E+03    0.551851129867463115E+02    0.298334188978196337E+02    0.148403478037962415E+02    0.717800414014550192E+00   -0.508641454640550661E+00   -0.152583135465425368E+01   -0.277137379987577104E+01
    0.433377336158798670E-38    0.284096135481842339E+03    0.624315273860543059E+02    0.456556940170589627E+02    0.267987265466829001E+02    0.995163418790955823E+00   -0.220484191327303014E+00   -0.227967261998369031E+01   -0.244895996371301150E+01
    0.495073483042246496E-38    0.283822128166775599E+03    0.522414694993506004E+02    0.591009359297864165E+02    0.565860350624831270E+02    0.126443429287730202E+01   -0.267138036321842742E+00   -0.212626842499788893E+01   -0.221484992045608919E+01
    0.806840086019526399E-38    0.282837477090966388E+03    0.494805106105178822E+02    0.342773406887517922E+02    0.862899249583235388E+02    0.349525495913074247E+00   -0.732984828074072725E+00   -0.120738057975016755E+01   -0.280357549020893382E+01
    0.812911406313440671E-38    0.282814671306486730E+03    0.641384440222931858E+02    0.368976527109073089E+02    0.481182325782392937E+02    0.114876519214416928E+01   -0.926686458528637624E+00   -0.167981133125926108E+01   -0.220898219212343161E+01
    0.858962546218821297E-38    0.282696652432206804E+03    0.522717586158539476E+02    0.595828016590478455E+02    0.601261064359202422E+02    0.819069530275693514E+00   -0.567445065796638115E+00   -0.168739095752005142E+01   -0.251503103491752178E+01
    0.874969221014428727E-38    0.282651913151547546E+03    0.759327635259317475E+02    0.462876139825796571E+02    0.354599897357224094E+02    0.663198240865203403E+00   -0.634126696598705797E+00   -0.217378381377693675E+01   -0.170885950747060145E+01
    0.109932314186565681E-37    0.282187578183419760E+03    0.693725653035131558E+02    0.421688757190948280E+02    0.196966316390035985E+02    0.134510728823984471E+01   -0.410935655363162233E+00   -0.117325581793865252E+01   -0.200022068586194735E+01
    0.109659737322229150E-37    0.282184730835891514E+03    0.452959979882399892E+02    0.160379546048762762E+02    0.189479739592271343E+02    0.811417901267188379E+00   -0.129362387527750622E+01   -0.254849713543902023E+01   -0.214070221073455258E+01
    0.138535923015386373E-37    0.281709423557173182E+03    0.533287517821545265E+02    0.381679675449427549E+02    0.388553521381802156E+02    0.878221355265887960E+00   -0.660503003632200825E+00   -0.262654336231173779E+01   -0.238405451528272128E+01
    0.155963166415733668E-37    0.281464630651768516E+03    0.408012352617309517E+02    0.544842202054229787E+02    0.440719494548640824E+02    0.941200582248397311E+00   -0.548872615292565591E+00   -0.163549358050517646E+01   -0.202238963439968833E+01
    0.183011843392886301E-37    0.281136956147587853E+03    0.419540378106808802E+02    0.510604335232014606E+02    0.566011385864230760E+02    0.151481650448006100E+01   -0.133839276869596469E+01   -0.123599023498976202E+01   -0.195447624015891552E+01
    0.201825169280140388E-37    0.280933441737014562E+03    0.709222773834650440E+02    0.248468296019503470E+02    0.792169399066955577E+02    0.600530745923212206E+00   -0.778387849746285942E+00   -0.105258310372564323E+01   -0.255938028363813119E+01
    0.254539322593845197E-37    0.280461522218540551E+03    0.828675657202229843E+02    0.646115825606068341E+02    0.463562097958168309E+02    0.866040614734546299E+00   -0.817600259428074905E+00   -0.138761930862854932E+01   -0.149847811604800585E+01
    0.391958141567696551E-37    0.279590310280322626E+03    0.599148621028891242E+02    0.743245006864251820E+02    0.462298208054514745E+02    0.115598868296968393E+01   -0.370325457125046720E+00   -0.135511970965042239E+01   -0.262593411041190095E+01
    0.472948573041426783E-37    0.279206834570050376E+03    0.845730599118555801E+02    0.515057200267539059E+02    0.322420033347122867E+02    0.138126273997561277E+01   -0.407631570592804415E+00   -0.127884760451052815E+01   -0.159485198388457383E+01
    0.875464826912666513E-37    0.277967485432946603E+03    0.676174220172540714E+02    0.415373301989559920E+02    0.272497654954997337E+02    0.901452974454536426E+00   -0.366927862876656352E+00   -0.196068467527166357E+01   -0.189145679544016199E+01
    0.893115303271374982E-37    0.277919751501977771E+03    0.712459962969349476E+02    0.320952852907237229E+02    0.255404389063212136E+02    0.562129768508776384E+00   -0.833224808351746837E+00   -0.166160655807867519E+01   -0.176791261566750846E+01
    0.930866986567473135E-37    0.277829137594072222E+03    0.555586797230310765E+02    0.188927575767928104E+02    0.858957884911456233E+02    0.143646899195628297E+01   -0.612659802421688493E+00   -0.215205554712286951E+01   -0.256946320259353955E+01
    0.992499220601771815E-37    0.277693105430523985E+03    0.892588922741630455E+02    0.406541265547646020E+02    0.340548076261519057E+02    0.110526140538349327E+01   -0.102946901344207098E+01   -0.202092752357568184E+01   -0.172499221853390905E+01
    0.104627208852787104E-36    0.277579767917721540E+03    0.983402600940868865E+02    0.172840032229262306E+02    0.572210900471913817E+02    0.882873712586852211E+00   -0.707320586196109380E+00   -0.125715729156901879E+01   -0.198346375568118338E+01
    0.168691109166833047E-36    0.276616624126824263E+03    0.542605943842888081E+02    0.640296162024814066E+02    0.714559602533703355E+02    0.150056976256031871E+01   -0.534199648329042542E+00   -0.146373637995314465E+01   -0.270747066000109093E+01
    0.195179841954332436E-36    0.276317107399142515E+03    0.528845664943833569E+02    0.483664843839303487E+02    0.120848815683662991E+02    0.689255503934265490E+00   -0.239902438309956390E+00   -0.253477090243803360E+01   -0.255001877489841178E+01
    0.200961852619446722E-36    0.276250907494913974E+03    0.717152333275056293E+02    0.245641666348538656E+02    0.182923990991572296E+02    0.633263260593438626E+00   -0.249064914676288662E+00   -0.136500358281234369E+01   -0.260725332479155147E+01
    0.203856290722507727E-36    0.276214494622372172E+03    0.516082537819954084E+02    0.326416137509110911E+02    0.567156106598198377E+02    0.117753619128663978E+01   -0.606057471069308518E+00   -0.239740567254111259E+01   -0.198639289464084778E+01
    0.248831990113261010E-36    0.275807956838631640E+03    0.738512405525339659E+02    0.155796820915110015E+02    0.155885860933415921E+01    0.928448897857139244E+00   -0.852594914600594667E+00   -0.273595185256661244E+01   -0.186284170816132244E+01
    0.385257185600026696E-36    0.274925877947460378E+03    0.811599792469804839E+02    0.541202556504039762E+02    0.290691778597751771E+02    0.119531811682389955E+01   -0.246121135533591051E+00   -0.186382802404603121E+01   -0.208321081113378748E+01
    0.478059107603522402E-36    0.274486418937240217E+03    0.832812861471276875E+02    0.333490406590303152E+02    0.192610026051084127E+02    0.111952366652079571E+01   -0.460936720551057943E+00   -0.125855888409561611E+01   -0.256809424331619907E+01
    0.566307467257203597E-36    0.274139800880926828E+03    0.554523449604322067E+02    0.460826568107831918E+02    0.341742343864743319E+02    0.144197637210958352E+01   -0.918422319996984093E+00   -0.130519308036549608E+01   -0.294381835021601157E+01
    0.679380472107913347E-36    0.273767900074154795E+03    0.384986789190872614E+02    0.747952578926247185E+02    0.624809282321360584E+02    0.102706769276944065E+01   -0.524838667232121026E+00   -0.192576632970784822E+01   -0.207755255389855309E+01
    0.684286813731856885E-36    0.273745695902972955E+03    0.682610121666950249E+02    0.554382246782035537E+02    0.336333887926833057E+02    0.139613412290335281E+01   -0.359614081083860615E+00   -0.151578475988262107E+01   -0.246594948889877319E+01
    0.688841689718534656E-36    0.273724614746232191E+03    0.560100550442369851E+02    0.325103023792841270E+02    0.586110271467368378E+02    0.129144570469270281E+01   -0.100246897687825376E+01   -0.120842127564836743E+01   -0.286585246005186001E+01
    0.784395803050833083E-36    0.273456997711509700E+03    0.113390041855184137E+03    0.440269918816653032E+02    0.302596137209561000E+02    0.726776595193771247E+00   -0.170572083953876241E+00   -0.137409242119857122E+01   -0.181336098274777702E+01
    0.104135850105201042E-35    0.272882449917595522E+03    0.654309397994156967E+02    0.380756248547309752E+02    0.738337570919791943E+02    0.610973990679496981E+00   -0.435045148922713398E+00   -0.132250475398725387E+01   -0.253289436073783447E+01
    0.140219062121220639E-35    0.272279618154828086E+03    0.602872378375291404E+02    0.386010408003898675E+02    0.345451828183202991E+02    0.703335704148671192E+00   -0.122631045429502072E+01   -0.198451930717439917E+01   -0.177938503974926765E+01
    0.147639715648229269E-35    0.272168667608735348E+03    0.500068830307424079E+02    0.694109757759741797E+02    0.158391214707692356E+02    0.568491448718844272E+00   -0.847207079515813311E+00   -0.110605035893318404E+01   -0.215598336288857784E+01
    0.369690104340004641E-35    0.270325074815384937E+03    0.568106905099139112E+02    0.454047964718590293E+02    0.351582166601997699E+02    0.121574997295923182E+01   -0.257554858980808987E+00   -0.272046649446919586E+01   -0.229788902390849437E+01
    0.397067993167716593E-35    0.270174377446198946E+03    0.520831986372756148E+02    0.299081504506887228E+02    0.446529945987041685E+02    0.815531526115374050E+00   -0.329687498256496792E+00   -0.160503204815426326E+01   -0.245073314452645530E+01
    0.439519323122889540E-35    0.269963416648476766E+03    0.348376014642544902E+02    0.642983684154433774E+02    0.369876808973025959E+02    0.895647634714244467E-01   -0.800754140985626028E+00   -0.212671249490785552E+01   -0.228209503406997261E+01
    0.553480844343917387E-35    0.269494513226457286E+03    0.141906058932227040E+03    0.370033287350403270E+02    0.430508906318285085E+02    0.128612652326322685E+01   -0.599258767926423630E+00   -0.104320307866788164E+01   -0.133322249099696721E+01
    0.730516518395142942E-35    0.268931651326322765E+03    0.409996517844222979E+02    0.165920673500111100E+02    0.423247674267258702E+02    0.112462862223027371E+01   -0.138240513638958573E+01   -0.208928307420555903E+01   -0.213636268731902845E+01
    0.763420601708475924E-35    0.268835724259638482E+03    0.544286915959607569E+02    0.309004640080293598E+02    0.550597059908706186E+02    0.559693264713363448E+00   -0.137668059727039882E+00   -0.193764939397489622E+01   -0.220172500760625889E+01
    0.768539237268161107E-35    0.268814546775838153E+03    0.588282054633019627E+02    0.301945009261322284E+02    0.386510580373166601E+00    0.839427809714100359E+00   -0.604075181401136252E+00   -0.261071378062241699E+01   -0.189358064878351051E+01
    0.774853584301800466E-35    0.268790369337047082E+03    0.502882763831771200E+02    0.348709905585080477E+02    0.389732996650942098E+02    0.628014848478100185E+00   -0.280403784564692948E+00   -0.185581784107867365E+01   -0.237686307056132851E+01
    0.848930551587264808E-35    0.268599950247664196E+03    0.528059732167732960E+02    0.508504018270019955E+02    0.596611150126128962E+02    0.136521481561513069E+01   -0.215037582726300247E+00   -0.165568379291677537E+01   -0.265746227137062885E+01
    0.853945726954301129E-35    0.268580357232707456E+03    0.470405067427895105E+02    0.217725539588542176E+02    0.207690986744393413E+02    0.549931517080183063E+00   -0.675062844399848094E+00   -0.182624135651875719E+01   -0.254685932059254139E+01
    0.107043817564481045E-34    0.268120633305937986E+03    0.720722308743032869E+02    0.374341822572736760E+02    0.153359587429176312E+02    0.105591109541736317E+01   -0.905465756315752879E+00   -0.139998730727498621E+01   -0.178078624154398946E+01
    0.155623191932838910E-34    0.267364422029007585E+03    0.958146516092927385E+02    0.177459582967097163E+02    0.271693559984610324E+02    0.925933163450081365E+00   -0.632461741597964089E+00   -0.101254358676131284E+01   -0.234442404825352169E+01
    0.178180432053615372E-34    0.267085891426896012E+03    0.472025406695544518E+02    0.304029580835421029E+02    0.165398975850742644E+02    0.107450114605122282E+01   -0.920866577395642816E+00   -0.145637508069595900E+01   -0.243628330369432478E+01
    0.180584095635667171E-34    0.267051279180961671E+03    0.470862675118135741E+02    0.182067849261479715E+02    0.864821765024618543E+02    0.111412880192565389E+01   -0.701349136888739899E+00   -0.241919234184012133E+01   -0.228398530976950598E+01
    0.274328246542415766E-34    0.266207209088177365E+03    0.497920468606967930E+02    0.429912344960323551E+02    0.401953567419270570E+02    0.126341487981830292E+01   -0.536122332889811259E+00   -0.273717093859790817E+01   -0.261943192146739001E+01
    0.465117462029257021E-34    0.265143467366701543E+03    0.552506796490899603E+02    0.460679248342233620E+02    0.105590021554284981E+02    0.109923376920626570E+01   -0.732254639354769754E+00   -0.264952282271234774E+01   -0.191159034722715759E+01
    0.475223313478245173E-34    0.265092665172716295E+03    0.100390636332872532E+03    0.348201519210329309E+02    0.217422105684428999E+02    0.140784219234663044E+01   -0.121863847972537931E+01   -0.179287113282356292E+01   -0.170108191674548204E+01
    0.849436080415056138E-34    0.263923276938089430E+03    0.562770338337990523E+02    0.547305462664418627E+02    0.529862677859534443E+02    0.814775693615382823E+00   -0.159022462656950747E+00   -0.182892723240198474E+01   -0.222470997501089096E+01
    0.937218505329318337E-34    0.263718776923555708E+03    0.111147466447898367E+03    0.442110241523816825E+02    0.406600088851712869E+02    0.109521512324341819E+01   -0.673698384837726705E+00   -0.152247049819768998E+01   -0.169907310055583438E+01
    0.101886001844451855E-33    0.263543918022527293E+03    0.672136481389113527E+02    0.340995079305824333E+02    0.128666973623535679E+02    0.782101990323348373E+00   -0.945218213876676261E+00   -0.150463588817866101E+01   -0.257054073093787716E+01
    0.118254882778334827E-33    0.263238130004090067E+03    0.133709762072030088E+03    0.241816346967626252E+02    0.287638611993999049E+02    0.874333540388010699E+00   -0.818739908394905624E+00   -0.164016760299023812E+01   -0.141096933283401538E+01
    0.122021738285980338E-33    0.263167603718052760E+03    0.969182657915347647E+02    0.324560309738469783E+02    0.500874914903897661E+02    0.425164309843333810E+00   -0.699308659120076559E+00   -0.141140826306623102E+01   -0.185747755773927437E+01
    0.187131688967418932E-33    0.262304564464946338E+03    0.797950894027103459E+02    0.285333708704239726E+02    0.659475365339534214E+01    0.882873619746075922E+00   -0.499799609499076425E+00   -0.285688184595773276E+01   -0.184388541126988970E+01
    0.204234006347102878E-33    0.262121844288365878E+03    0.407081813092596079E+02    0.214878137838097558E+02    0.601116437269661930E+02    0.100227863939913342E+01   -0.867564741312888632E+00   -0.168716252923809029E+01   -0.221827391032376786E+01
    0.273331887342169673E-33    0.261531191118388676E+03    0.164022719444684270E+03    0.210806644490292783E+02    0.477549182433593966E+01    0.105421978758229429E+01   -0.675093883643576698E+00   -0.160872477153224747E+01   -0.154107071807132856E+01
    0.301887281916561406E-33    0.261324644723083736E+03    0.867568714766819369E+02    0.327530476205173642E+02    0.594062585119713731E+02    0.109426152505315621E+01   -0.795772604872567069E+00   -0.121775717219036461E+01   -0.143365255523303103E+01
    0.311915590645530463E-33    0.261251474424311141E+03    0.923823910525418626E+02    0.352762751841846054E+02    0.670266203433119756E+02    0.127106736251391395E+01   -0.710337452526819124E+00   -0.137703504716352221E+01   -0.160243895324556895E+01
    0.317779169819705192E-33    0.261206413727078711E+03    0.716538749689153036E+02    0.301418458651837078E+02    0.737511833269825843E+02    0.969736550427254373E+00   -0.467893503851467774E+00   -0.143430558874161518E+01   -0.193264157905676459E+01
    0.332005892391212666E-33    0.261111009207267330E+03    0.953576347549342245E+02    0.380429881956236358E+02    0.273159253980766366E+02    0.151230864921023778E+01   -0.117047646572032149E+01   -0.147101853981513608E+01   -0.152893968822425852E+01
    0.334131725964048578E-33    0.261090431532438572E+03    0.924051544125827178E+02    0.319747606791474865E+02    0.610338673975414707E+02    0.155320634205845765E+01   -0.917558191640042597E+00   -0.130269235180867970E+01   -0.166550769641983099E+01
    0.433456825298713724E-33    0.260562105249836748E+03    0.946079035015775105E+02    0.437140031056960083E+02    0.718440307565805654E+02    0.165882514488042032E+00   -0.808356917218622462E+00   -0.107800795472694122E+01   -0.145713273841282720E+01
    0.436709369001822812E-33    0.260539341312411864E+03    0.154006937566319209E+03    0.331214599645167240E+02    0.227279515335628375E+02    0.120861506849657352E+01   -0.799414485101365591E+00   -0.144773667587860322E+01   -0.134295566126497734E+01
    0.465100821037823122E-33    0.260405556238074723E+03    0.551467920574921777E+02    0.372357582692190832E+02    0.726041989108969688E+02    0.595692937291486313E+00   -0.405378101343457864E+00   -0.161823414479588634E+01   -0.204677627750240720E+01
    0.499964585627162821E-33    0.260253177606781833E+03    0.141698266464234223E+03    0.323690951706568981E+02    0.228733031121734376E+01    0.106393797671731827E+01   -0.806671588179815213E+00   -0.104430304676558405E+01   -0.131853291746281198E+01
    0.501110896729634020E-33    0.260240784786421614E+03    0.382560958712671493E+02    0.353322226128877617E+02    0.637444433857996700E+02    0.130238741611526554E+01   -0.102882273309062988E+01   -0.129276460367166246E+01   -0.231399197091975717E+01
    0.655347874515534139E-33    0.259696294739560130E+03    0.580641946700638982E+02    0.616539633371594817E+02    0.352732290724428452E+02    0.148652155601037084E+01   -0.642004638941564787E+00   -0.172164071642562955E+01   -0.220948100975003037E+01
    0.130336772305197840E-32    0.258313401141244753E+03    0.416808511805386104E+02    0.554474236593912195E+02    0.228839788000559921E+02    0.106590013152316931E+01   -0.773070198090871852E+00   -0.268700901118590130E+01   -0.231806545046720780E+01
    0.130919672178943237E-32    0.258296664063830065E+03    0.630147604285830738E+02    0.434714487860142853E+02    0.186897000758794469E+02    0.104630296006737322E+01   -0.330367317006493577E+00   -0.265126209773400090E+01   -0.221636293781163607E+01
    0.177215546890804925E-32    0.257683285913676912E+03    0.398246859555617476E+02    0.400506752465444862E+02    0.768173452342763881E+02    0.111093664049901708E+01   -0.101844960158122966E+01   -0.166392733115702063E+01   -0.177572668436423742E+01
    0.186642702795600416E-32    0.257571814737251373E+03    0.545691782096567337E+02    0.535807922638578376E+02    0.681699825072900154E+02    0.861883456373422119E+00   -0.390707411443081298E+00   -0.160514194654689013E+01   -0.270448812832984142E+01
    0.191592283513623703E-32    0.257511655273552833E+03    0.943262652162225095E+02    0.178820828830064791E+02    0.142748023451376449E+01    0.138843644466612592E+01   -0.108810274616976654E+01   -0.102224296158702743E+01   -0.208901722091158604E+01
    0.194696274704591408E-32    0.257471700397770007E+03    0.464703099405865103E+02    0.236947038512891446E+02    0.279704820905315934E+02    0.146463130398293484E+01   -0.144742002324214747E+01   -0.136028391854857444E+01   -0.228732182042986310E+01
    0.241580059228039410E-32    0.257032367602436693E+03    0.663100555992603091E+02    0.238922272972242880E+02    0.107929753330666074E+02    0.155408557575220052E+01   -0.117950981868956162E+01   -0.223403280537941473E+01   -0.177396331524959749E+01
    0.286213091573863460E-32    0.256685483737485754E+03    0.509121078434082293E+02    0.391284751423093837E+02    0.396218853782489191E+02    0.649476994634985427E+00   -0.700750691798064818E+00   -0.278563046393812330E+01   -0.218271426454424677E+01
    0.331379866477904558E-32    0.256384613754702571E+03    0.553486445519181487E+02    0.682903749567941531E+02    0.541325870936859275E+02    0.102333520573631098E+01   -0.459079244940268527E+00   -0.171435970898384138E+01   -0.169507954891553902E+01
    0.396923683103593332E-32    0.256015843898706066E+03    0.461344487191914254E+02    0.434983970461881313E+02    0.674969757926402565E+02    0.117092790308898231E+01   -0.310526303138093596E+00   -0.181216542570697592E+01   -0.265236862066704626E+01
    0.423323974856405078E-32    0.255879243887326311E+03    0.441914639183045423E+02    0.265406508932105680E+02    0.547916403968117507E+02    0.143772809007380231E+01   -0.564179005830829583E+00   -0.255940668738889165E+01   -0.220442196962732417E+01
    0.464508717657234899E-32    0.255685746303313408E+03    0.447027184762936827E+02    0.454315068039840639E+02    0.518527416754751798E+02    0.121718487269806119E+01   -0.135399377781291697E+01   -0.140553211109629683E+01   -0.196217816918662424E+01
    0.514254377751818027E-32    0.255474458372363415E+03    0.649773566660736037E+02    0.343286676673769051E+02    0.424030926036066731E+02    0.114417653360423888E+01   -0.564130814980007944E+00   -0.136537371968178523E+01   -0.186333175569386134E+01
    0.731417445435878792E-32    0.254762113240041060E+03    0.492833129744585179E+02    0.504547609971985835E+02    0.311848067974105660E+02    0.119876042976074548E+01   -0.114202487703468059E+01   -0.165618453222346762E+01   -0.193000986286280019E+01
    0.109817616941852013E-31    0.253941457345258243E+03    0.362703963822362923E+02    0.410149777436285206E+02    0.454361306368116971E+02    0.151644186794977953E+01   -0.909123189255774289E+00   -0.183081173301454569E+01   -0.228238654472412872E+01
    0.109730276404657104E-31    0.253935236125237680E+03    0.439769079761578823E+02    0.306792758749142465E+02    0.414227614528881816E+02    0.123246753263617248E+01   -0.102516467425872726E+01   -0.210683918517947211E+01   -0.209439658894480862E+01
    0.114219861778497792E-31    0.253847223862937710E+03    0.512228385247024391E+02    0.244545000123170517E+02    0.167407603086465748E+02    0.101814771745852584E+01   -0.134520667832816221E+01   -0.216797090302322992E+01   -0.213608620305342356E+01
    0.114080357027099653E-31    0.253841855596578625E+03    0.538189712617566656E+02    0.324379118970230138E+02    0.650175898469175593E+02    0.185599733628423080E+00   -0.606709374082289976E+00   -0.112996492405544813E+01   -0.271556140601213114E+01
    0.118556192798531932E-31    0.253757075171123745E+03    0.574044657708025809E+02    0.514974259778717922E+02    0.246442146585481190E+02    0.878440942666028013E+00   -0.111627815470776270E+01   -0.118018692563511296E+01   -0.250742863933080784E+01
    0.138761480531998488E-31    0.253434523785588681E+03    0.623895674934228808E+02    0.722917240476046175E+02    0.257055935895041721E+02    0.676958368111384434E+00   -0.141797661372421890E+00   -0.169187351513031947E+01   -0.189836979685302465E+01
    0.139804583319532563E-31    0.253411733040952839E+03    0.536788913626092281E+02    0.441850668261806874E+02    0.391212729307137010E+02    0.108672903923879960E+01   -0.107038029754785047E+01   -0.120174428567229863E+01   -0.269909809938101919E+01
    0.162929412827740392E-31    0.253097777655387915E+03    0.110337668385436217E+03    0.168177454349804485E+02    0.230573629078325730E+02    0.116830317256592986E+01   -0.923394898706910272E+00   -0.206097349876889302E+01   -0.158748320742293791E+01
    0.171163891375874613E-31    0.252991356215938879E+03    0.418955564498901367E+02    0.265406906604766846E+02    0.110041970014572144E+02    0.782079926787369595E+00   -0.954240441322326660E+00   -0.255646371841430664E+01   -0.224653902649879456E+01
    0.184592516958471363E-31    0.252832485199686772E+03    0.888214848790309475E+02    0.158704002503253854E+02    0.481377687293120573E+02    0.725872361864992710E+00   -0.249589344013241288E+00   -0.127537968935081403E+01   -0.222611603792661406E+01
    0.292712128579318931E-31    0.251902595009671927E+03    0.782056374786970139E+02    0.241467500003261435E+02    0.145382571992399985E+02    0.793017450918121591E+00   -0.236596758464926449E+00   -0.156630227240626452E+01   -0.237579268462321513E+01
    0.324744922608591178E-31    0.251687081727823852E+03    0.612643729058486528E+02    0.233559320888074708E+02    0.101850810096029942E+02    0.946325695956560242E+00   -0.673129191440020147E+00   -0.132702612543001086E+01   -0.221393121875276533E+01
    0.408283963402927044E-31    0.251221423427043760E+03    0.349738675925073252E+02    0.331110505105954900E+02    0.731227966049410014E+02    0.118428494289032504E+01   -0.920280999094333918E+00   -0.195691496395581077E+01   -0.253345724194034361E+01
    0.574444186402632146E-31    0.250530730887214190E+03    0.561770488986589243E+02    0.612158266193686131E+02    0.677013876941751036E+01    0.102072298512887483E+01   -0.608769974851522289E+00   -0.249460330257422225E+01   -0.221805942744951023E+01
    0.602680975989470306E-31    0.250426948278446730E+03    0.104148866176589095E+03    0.393442711817931894E+02    0.695395882487060106E+02    0.713217987259124775E+00   -0.360569509650225939E+00   -0.118820647897477172E+01   -0.149874619111724794E+01
    0.649222147624124335E-31    0.250270361868512879E+03    0.378117715342719904E+02    0.703520746247958471E+02    0.387427916588864818E+02    0.927436635372537177E+00   -0.102654903131128217E+01   -0.160466399812458671E+01   -0.251680249708250603E+01
    0.798574562005532278E-31    0.249848442587370613E+03    0.169931329611862196E+03    0.213092687389771811E+02    0.213316841999005646E+01    0.870600597355830064E+00   -0.579060438557158719E+00   -0.161794394523507168E+01   -0.148948888280250036E+01
    0.828430089649050339E-31    0.249767221866200799E+03    0.723224616203969362E+02    0.179468631352585248E+02    0.525820344897257996E+02    0.107972173471442301E+01   -0.642214345268186992E+00   -0.113235192144729679E+01   -0.279761013596857966E+01
    0.102790256182710460E-30    0.249327922954525889E+03    0.895859003067016602E+02    0.463994014263153076E+02    0.192387074232101440E+02    0.139239039965354672E+01   -0.889282941818237305E+00   -0.114203202724456787E+01   -0.201810154318809509E+01
    0.169527442352004423E-30    0.248319461952158520E+03    0.595062773751438669E+02    0.421450297564438685E+02    0.877773590240637880E+01    0.972954723320684112E+00   -0.945406081685835620E+00   -0.113311574293305140E+01   -0.278264054789183390E+01
    0.242797679745289976E-30    0.247593222077351300E+03    0.631411285068669272E+02    0.207537925057924681E+02    0.185225947389255836E+02    0.968695603278248329E+00   -0.670222470386513614E+00   -0.136241243624489261E+01   -0.211539353241180139E+01
    0.249901042000068980E-30    0.247527736568152903E+03    0.479617727117585844E+02    0.549547075742147015E+02    0.792237381372490148E+02    0.125473051504199007E+01   -0.462626259335953804E+00   -0.139873712700358799E+01   -0.266451792927060538E+01
    0.315862754258335100E-30    0.247051438488604617E+03    0.565275829246335562E+02    0.593400330176471229E+02    0.594856147617175495E+02    0.398570554436156244E+00   -0.162539536440093446E+00   -0.127256636522659616E+01   -0.221325179836071229E+01
    0.328561566484360421E-30    0.246964793108425908E+03    0.462791294332994880E+02    0.157656731141192523E+02    0.306206181422912600E+02    0.134644442439643486E+01   -0.118417396345712467E+01   -0.235486051769218196E+01   -0.232764400310445119E+01
    0.373723062743079793E-30    0.246699398984795039E+03    0.137527117680272084E+03    0.401735887895561632E+02    0.279754309761649225E+02    0.112642734017699730E+01   -0.808086902479036251E+00   -0.145172427432550499E+01   -0.154596459135799424E+01
    0.385180110264279014E-30    0.246631194495627824E+03    0.484827455526232853E+02    0.628574668924958786E+02    0.740253028941393865E+02    0.120797187739046552E+01   -0.201838747413869424E+00   -0.138176732541752600E+01   -0.236973200959687524E+01
    0.844933570158998406E-30    0.245052288065012903E+03    0.123857093700320561E+03    0.286533955806128624E+02    0.169085520874533373E+02    0.114583513944711912E+01   -0.699054095819903409E+00   -0.112716732619210314E+01   -0.142181053226951670E+01
    0.882698654734145062E-30    0.244957023847173957E+03    0.341638825089009899E+02    0.518456726277719255E+02    0.689625293621356263E+02    0.137833425382277275E+01   -0.991105092195539106E+00   -0.153392791026578923E+01   -0.198634744591088386E+01
    0.885302271411934863E-30    0.244943320810531389E+03    0.493702768006646124E+02    0.364626256836942346E+02    0.416812623174291801E+02    0.782643669195054903E+00   -0.988788024014279454E+00   -0.106635067472047695E+01   -0.256952163769100927E+01
    0.939969767620731458E-30    0.244815671157871179E+03    0.411928998153199046E+02    0.247852884756311411E+02    0.433521970940027330E+02    0.132306852980007683E+01   -0.710397954938274179E+00   -0.216909895404468633E+01   -0.241267968176250402E+01
    0.101737012036297937E-29    0.244649601556484839E+03    0.572307829915934647E+02    0.444577887141752797E+02    0.444857092275113288E+02    0.142381953787608739E+01   -0.634971692715190716E+00   -0.149245162471310611E+01   -0.287056815700537626E+01
    0.107540197968214080E-29    0.244530841972646272E+03    0.679961598300217247E+02    0.547035212726081852E+02    0.173892708273840597E+02    0.683123526649451085E+00   -0.105418680255661368E+01   -0.119766588935032048E+01   -0.221578924443963698E+01
    0.113884187326474869E-29    0.244408394834420051E+03    0.449516402310966043E+02    0.234214849419880977E+02    0.296713031030541181E+02    0.493508309450365668E+00   -0.106409682224781310E+01   -0.251050615212210282E+01   -0.235225091329444336E+01
    0.114839159491549268E-29    0.244383881324617448E+03    0.718097138091209075E+02    0.182166911814804706E+02    0.449406539440754500E+02    0.818979821278969511E+00   -0.321021836799864513E+00   -0.108841387735648842E+01   -0.236898670251083265E+01
    0.116138694605937216E-29    0.244353563657067639E+03    0.961073345697378585E+02    0.226487711894744166E+02    0.119160381547847241E+02    0.503708465144244166E+00   -0.794034124914229977E+00   -0.230494368705715624E+01   -0.164581167159277331E+01
    0.119110186212988924E-29    0.244295223398642548E+03    0.514520235682011133E+02    0.244834546958528350E+02    0.500060268360431905E+02    0.105632531068379598E+01   -0.870262296758679277E+00   -0.223213409518622008E+01   -0.241273215912415662E+01
    0.161602723663129742E-29    0.243677226896573529E+03    0.614282485644065162E+02    0.399969926575280539E+02    0.228662070362032210E+02    0.122692868299951163E+01   -0.129045739165186446E+01   -0.101830268250203515E+01   -0.226595194142387779E+01
    0.187839131826481495E-29    0.243368524567662945E+03    0.471438239891587045E+02    0.399199806449887262E+02    0.400901084258733960E+02    0.104612682394276568E+01   -0.800587994361432465E+00   -0.121762036028017606E+01   -0.239942111025850791E+01
    0.279984528221312552E-29    0.242562415206585342E+03    0.742191731736947702E+02    0.256067981764348858E+02    0.464519774868200770E+02    0.722208204123876540E+00   -0.277322009602705144E+00   -0.103229661680966767E+01   -0.238467381229586284E+01
    0.300044694279465777E-29    0.242416208508183161E+03    0.389710426330566406E+02    0.736718702316284180E+02    0.190945547819137573E+02    0.107819568287104439E+01   -0.108324861526489258E+01   -0.158406972885131836E+01   -0.220915111899375916E+01
    0.309066962114777254E-29    0.242349142978578584E+03    0.530766780937618776E+02    0.265236361651395498E+02    0.276319430597288935E+02    0.910593279912003450E+00   -0.137847088895322489E+01   -0.140772297970520666E+01   -0.243761080608704850E+01
    0.348237083313420688E-29    0.242102679353761744E+03    0.742641607084609774E+02    0.484609926400172313E+02    0.159007726471459740E+02    0.142152791736727702E+01   -0.597427955819439971E+00   -0.224372308631586748E+01   -0.203673536662949495E+01
    0.407839021305095523E-29    0.241778888815321920E+03    0.457613344976841603E+02    0.269351738092131896E+02    0.220728307252871794E+02    0.544566750061475480E+00   -0.139838409411598308E+01   -0.189157151359700615E+01   -0.203676137977754346E+01
    0.420191019856661010E-29    0.241711402563034426E+03    0.901656304043926013E+02    0.278288681178550483E+02    0.211878103508073607E+02    0.864095600443119949E+00   -0.991992729732336764E+00   -0.218227511477954339E+01   -0.170372925962197774E+01
    0.420646712367310311E-29    0.241701422260435606E+03    0.127853671945432268E+03    0.207248566443173310E+02    0.363196901023197611E+02    0.121362236662184442E+01   -0.812872475523219506E+00   -0.144069265160176618E+01   -0.141709061513096035E+01
    0.423253313294927886E-29    0.241681254698756447E+03    0.425351647265636359E+02    0.384454211128879848E+02    0.805126569082207766E+02    0.153682956976373508E+01   -0.874940737592850626E+00   -0.182383045002770205E+01   -0.240735873532375555E+01
    0.424490731491034125E-29    0.241667603554026243E+03    0.608247176377073586E+02    0.225705558460726543E+02    0.768961593019442660E+02    0.111270735026637024E+01   -0.103785923934805613E+01   -0.178371761596238709E+01   -0.172176072523133317E+01
    0.573559745140706474E-29    0.241057847182164778E+03    0.455561976855753343E+02    0.468672381515494010E+02    0.246511571851995335E+02    0.139288360567525160E+01   -0.117664154956464961E+01   -0.124486022994721690E+01   -0.234671230120903074E+01
    0.573484202743238600E-29    0.241050298115480359E+03    0.660831556752298468E+02    0.172574453332549034E+02    0.243336276848486222E+02    0.896205378266589636E+00   -0.611862316644679938E+00   -0.289352762563157828E+01   -0.190831727108935789E+01
    0.619157235495461591E-29    0.240889227885629253E+03    0.779352414259770256E+02    0.463057167504804994E+02    0.406446845715553806E+02    0.792872354343257757E+00   -0.716741026743756171E+00   -0.135471135069046689E+01   -0.157625888027782168E+01
    0.657743828122327659E-29    0.240760502824049581E+03    0.136684921350764427E+03    0.416896963894750172E+02    0.364287999515230467E+02    0.134878837145356845E+01   -0.654993374291276576E+00   -0.125807772017836594E+01   -0.141937897488805920E+01
    0.800820433573555151E-29    0.240359047908913624E+03    0.651907128951448271E+02    0.159293126452315033E+02    0.211095212765584890E+02    0.138701122329761484E+01   -0.498042977118514418E+00   -0.276442379130174265E+01   -0.188851989015156141E+01
    0.998847406122130484E-29    0.239909304856451342E+03    0.456397226213342933E+02    0.439725443715748270E+02    0.576193726747014878E+02    0.884571892806186533E+00   -0.582213721343525004E+00   -0.226771447433462781E+01   -0.266748461331103615E+01
    0.140782754723886667E-28    0.239215090300040742E+03    0.593131380409274840E+02    0.322323395819725391E+02    0.425810643816442891E+02    0.150847772646454370E+01   -0.314761516858678814E+00   -0.226863024731219243E+01   -0.239903066608265991E+01
    0.218829028620390640E-28    0.238325132243802869E+03    0.577197873200773017E+02    0.431456261670027175E+02    0.685242981426237492E+02    0.931635695604692837E+00   -0.447923278641195743E+00   -0.146092780779392561E+01   -0.267012069775345262E+01
    0.218170338295184053E-28    0.238323348959164832E+03    0.611747616315619354E+02    0.295614502259619591E+02    0.820994087752148261E+02    0.788698193166751160E+00   -0.270501850635242125E+00   -0.114773471399152305E+01   -0.235900241270988964E+01
    0.228953060145602565E-28    0.238219054701150753E+03    0.535290520736606013E+02    0.364769244826162691E+02    0.579773478526742352E+02    0.136788176449972321E+01   -0.458455742233982111E+00   -0.123885981293211911E+01   -0.257991039952766510E+01
    0.252803985039241001E-28    0.238013047359671361E+03    0.570602866926703811E+02    0.306646221881755245E+02    0.224032000003837339E+02    0.154866596260900247E+01   -0.117425195006476590E+01   -0.103504186322438407E+01   -0.213839334991625263E+01
    0.252830515057519897E-28    0.238005024984607076E+03    0.501461592556201055E+02    0.345756616548761357E+02    0.519185598430661699E+02    0.128062148316879482E+00   -0.384267597387725424E+00   -0.260129389348914497E+01   -0.236277270538349304E+01
    0.279814598626119705E-28    0.237794396738999978E+03    0.983185840166893144E+02    0.232055843754864100E+02    0.419041172127880941E+02    0.558901876683514542E+00   -0.990325073668838929E+00   -0.180666272504026315E+01   -0.175042542605134721E+01
    0.321240367370640631E-28    0.237510459409334686E+03    0.102192012662395328E+03    0.579861578519722300E+02    0.283770306339592899E+02    0.641892823885037989E+00   -0.479155238324961541E+00   -0.182358633727376906E+01   -0.159973811826333279E+01
    0.329369814669753822E-28    0.237452663858710309E+03    0.538095635796788656E+02    0.446841012560861657E+02    0.155632281993312862E+02    0.565264966344861786E+00   -0.335405036044604810E+00   -0.217634247078034804E+01   -0.260069822241317272E+01
    0.413069004023596946E-28    0.236991984393247378E+03    0.136076389698278746E+03    0.164852537940920776E+02    0.709221922245461034E+01    0.117750776193765727E+01   -0.639139651672934850E+00   -0.122841177102323984E+01   -0.176638270930075825E+01
    0.475922432774712923E-28    0.236700891441983515E+03    0.509826937270481366E+02    0.292550723190989359E+02    0.451069501619622244E+02    0.346489547675809750E+00   -0.134497865247061665E+01   -0.122710911108289200E+01   -0.238840264572535155E+01
    0.682070202087287790E-28    0.235973323534861805E+03    0.531496971298204954E+02    0.460218935660269466E+02    0.200025331360276670E+01    0.698343288923421790E+00   -0.364057152347625479E+00   -0.256382169277851624E+01   -0.243961598745358188E+01
    0.852199623695762862E-28    0.235520134612182005E+03    0.548192597388865934E+02    0.402686513878033452E+02    0.769559351992524654E+02    0.106231231686483896E+01   -0.250386087867442209E+00   -0.131397633689819315E+01   -0.243910520461091140E+01
    0.976758176972975139E-28    0.235239485500151261E+03    0.465721510896718627E+02    0.552219747167733175E+02    0.206892268693195120E+02    0.136056919633743068E+01   -0.129146377932312983E+01   -0.144561818471197445E+01   -0.237720798792970545E+01
    0.995829626255138618E-28    0.235192998841226000E+03    0.460767960633402325E+02    0.735306371698235921E+02    0.355638087115849615E+02    0.884813270634001836E+00   -0.944563556343454014E+00   -0.111562676352111168E+01   -0.225609160417394339E+01
    0.125272324578326748E-27    0.234726188596732584E+03    0.663375764775578318E+02    0.553481806721930170E+02    0.216163655441640863E+02    0.793285989796807089E+00   -0.551706705673063791E+00   -0.219881789047715825E+01   -0.210529628616304887E+01
    0.150303086740231751E-27    0.234354048357705636E+03    0.331883288302549602E+02    0.545512514373972977E+02    0.543172398416218911E+02    0.816177509522664768E+00   -0.648345971245441355E+00   -0.186031004536396605E+01   -0.225148293214337025E+01
    0.163983729899211009E-27    0.234172009095247120E+03    0.501835011664622854E+02    0.562434398660075132E+02    0.296251820990984207E+02    0.131030231360453531E+01   -0.106811517063007666E+01   -0.102939787679270589E+01   -0.240549587642711460E+01
    0.202708056510167496E-27    0.233740197427892980E+03    0.589031762888528760E+02    0.181208260892980206E+02    0.425241176025040772E+02    0.105417454337872130E+01   -0.432056930340594114E+00   -0.145547404405064196E+01   -0.244758015069514112E+01
    0.249964939780867982E-27    0.233313277190887305E+03    0.438665140623431142E+02    0.352618925679598618E+02    0.693765331821544464E+02    0.885410243276289699E+00   -0.835703245842045028E+00   -0.206012298376336256E+01   -0.219180745410874156E+01
    0.260493873509643241E-27    0.233222947339749965E+03    0.122905915398996157E+03    0.417377327233513142E+02    0.470591530263501241E+02    0.104134137175395836E+01   -0.641851240311751559E+00   -0.125298131870886831E+01   -0.139776031259514566E+01
    0.304143545875982543E-27    0.232905293964507479E+03    0.488367048093227751E+02    0.576692717888390618E+02    0.343080042376425780E+02    0.568688566296442266E+00   -0.544769802782666623E+00   -0.225412129085515334E+01   -0.257237978175089532E+01
    0.344711671707252337E-27    0.232647064358331392E+03    0.494497183669213172E+02    0.279482024658713613E+02    0.265265381856184064E+02    0.135777334972356623E+01   -0.126477240475841435E+01   -0.135996340523868886E+01   -0.218197657590606120E+01
    0.387653985236812481E-27    0.232404442222960029E+03    0.611912583862317376E+02    0.556644795976581008E+02    0.163842307766825499E+02    0.119480984243052757E+01   -0.608383571205391549E+00   -0.165405101751175287E+01   -0.266524794834226331E+01
    0.417766718938985534E-27    0.232247009649044173E+03    0.830436864339772427E+02    0.424246381876945122E+02    0.135421845468149229E+02    0.133825599244046756E+01   -0.403040130567977828E+00   -0.180824237229348062E+01   -0.221046162001654167E+01
    0.573669880719018271E-27    0.231604935304838051E+03    0.425242594078988887E+02    0.471868353450316675E+02    0.190828319729992550E+02    0.636411572862860098E+00   -0.754704060001812671E+00   -0.227232680134670462E+01   -0.255256491511553252E+01
    0.694661418904519720E-27    0.231214381905556337E+03    0.666791726519308696E+02    0.468228109295577184E+02    0.456257484656146204E+02    0.136294236011763914E+01   -0.131972329292039170E+00   -0.200305050120123296E+01   -0.197979949311000314E+01
    0.723844082986597584E-27    0.231124266496784173E+03    0.538393478034289359E+02    0.159092285422052946E+02    0.389660468037906638E+01    0.620950552031687919E+00   -0.137109702318742066E+01   -0.167146763213749372E+01   -0.242003904857965946E+01
    0.847214151957900172E-27    0.230801699028117127E+03    0.495752201259246661E+02    0.263751722625756813E+02    0.816608095324250627E+02    0.129779102964691595E+01   -0.121959520451541259E+01   -0.117153009017225207E+01   -0.228024420203203126E+01
    0.850358810184769142E-27    0.230786476745105688E+03    0.105961812124702419E+03    0.260837087322211616E+02    0.126444584565684561E+02    0.138525436656467149E+01   -0.488653988199802880E+00   -0.106188306756668105E+01   -0.213250949446937543E+01
    0.118834999680687774E-26    0.230109338891908692E+03    0.959449523435290814E+02    0.200507974359071355E+02    0.411355283448951212E+02    0.972815441235558964E+00   -0.120844193019666002E+01   -0.167913297432975206E+01   -0.159807398056273753E+01
    0.121860261746399499E-26    0.230051248353710946E+03    0.102417854624831776E+03    0.191821914835664700E+02    0.237805766332233723E+02    0.797518857184657759E+00   -0.948778461037465881E+00   -0.114021620902619469E+01   -0.153830445786577763E+01
    0.129190157799915235E-26    0.229926615018346155E+03    0.553569948173108202E+02    0.417993334166166761E+02    0.459711937389558756E+02    0.866216099941227280E+00   -0.499159464087173266E+00   -0.148143445054841449E+01   -0.198847490479844158E+01
    0.186209792034817256E-26    0.229187625434678125E+03    0.538309864206358597E+02    0.380352130569444356E+02    0.832048339246409228E+02    0.129089208840665859E+01   -0.287940536479568632E+00   -0.158187920337148102E+01   -0.236972165692845849E+01
    0.266672326804415941E-26    0.228461519510619098E+03    0.478299256897357168E+02    0.657002966026810213E+02    0.169957502186523648E+02    0.615047118520954950E+00   -0.416978119619368481E+00   -0.224660718414263272E+01   -0.216629421478850803E+01
    0.286073194511668199E-26    0.228313252933315994E+03    0.691978040175159350E+02    0.283678073152483066E+02    0.111321691576682236E+01    0.138414796688731112E+01   -0.310002557798846556E+00   -0.268770752899687171E+01   -0.200412133352229560E+01
    0.295815916612425322E-26    0.228238461124150149E+03    0.111102211587103511E+03    0.388249365582883286E+02    0.519348741060486532E+02    0.126191781505126710E+01   -0.771614350709300290E+00   -0.100575892997187566E+01   -0.138450317596809747E+01
    0.384969299408078371E-26    0.227703796160579202E+03    0.709841710790924907E+02    0.580934240212810593E+02    0.115187609725256106E+02    0.983948286488874113E+00   -0.628420229922582507E+00   -0.204313651597294621E+01   -0.181132249434260051E+01
    0.482667637720428744E-26    0.227243654246946789E+03    0.600036321972062154E+02    0.463981665800039735E+02    0.136206137222226555E+02    0.146902303837084136E+01   -0.110485100378020151E+01   -0.103370511146235056E+01   -0.246951690592697215E+01
    0.511287962370640543E-26    0.227120632421949239E+03    0.516727089881896973E+02    0.244268488883972168E+02    0.617428475618362427E+02    0.618897983132515095E+00   -0.111007344722747803E+01   -0.121038401126861572E+01   -0.262441325187683105E+01
    0.601522349025044518E-26    0.226787758458779592E+03    0.128662546805014500E+03    0.289677632978087871E+02    0.547877012043575373E+01    0.133543108251467868E+01   -0.343548235004281999E+00   -0.100426544745666591E+01   -0.177572033122504491E+01
    0.726268310507784693E-26    0.226403034298698401E+03    0.943004411383829222E+02    0.244063880934346962E+02    0.193751640359908812E+02    0.126432181848648728E+01   -0.459974239480895886E+00   -0.220028964223625456E+01   -0.182441620279179784E+01
    0.740657401410596559E-26    0.226355984494988093E+03    0.365081127140220971E+02    0.265959476009516891E+02    0.874314989855345743E+02    0.127279829166818370E+01   -0.102607000148032124E+01   -0.193700915643015414E+01   -0.220510243296439246E+01
    0.849332587080153037E-26    0.226074346640422277E+03    0.141945538903179141E+03    0.186819028853153988E+02    0.201998593676854483E+02    0.106371866629912959E+01   -0.394624544952677070E+00   -0.136589467088307104E+01   -0.155415189054289993E+01
    0.101521257281776856E-25    0.225709729237409761E+03    0.589416119061256580E+02    0.173663328467810629E+02    0.767566651751482851E+02    0.100030763489922347E+01   -0.397311037017560764E+00   -0.161278767292560099E+01   -0.264767545122251224E+01
    0.113962541181933189E-25    0.225470713536663482E+03    0.115273733351307058E+03    0.374431849843887790E+02    0.481411586457896803E+02    0.378129157914934899E+00   -0.274770522373763981E+00   -0.137599101016082037E+01   -0.157625843824722800E+01
    0.129107742196984037E-25    0.225213346120020162E+03    0.114604421369647554E+03    0.399483499129686095E+02    0.538156513771098872E+02    0.119208324229771789E+01   -0.588523381933936163E+00   -0.103239984178018651E+01   -0.141198444276234270E+01
    0.214373625358564615E-25    0.224191387342057027E+03    0.681836806157094486E+02    0.430271272336791313E+02    0.402213593250073771E+02    0.974912029783059908E+00   -0.209796404033795625E+00   -0.153302670689112341E+01   -0.217839597496125892E+01
    0.217904271507029861E-25    0.224150903963573967E+03    0.393933967638940459E+02    0.655123949371717771E+02    0.348537760924647984E+02    0.224401294833774578E+00   -0.937785995773606329E+00   -0.168286931587594246E+01   -0.253705051082507183E+01
    0.289442911583458651E-25    0.223575286991284543E+03    0.605819110092425959E+02    0.162685125450592771E+02    0.322316515423994332E+02    0.421196439789567001E+00   -0.342760970184016189E+00   -0.259672547930609809E+01   -0.213544658196359904E+01
    0.326609360843691064E-25    0.223325860969975480E+03    0.639179469279394397E+02    0.389229292700779155E+02    0.342917490584839157E+01    0.110059105351959285E+01   -0.106407675167176285E+01   -0.112661304579944033E+01   -0.252539024689313862E+01
    0.402784256508633562E-25    0.222898776003317039E+03    0.503676316766695251E+02    0.596845162846030135E+02    0.257466025037457968E+00    0.120422690115432807E+01   -0.893978670310258794E+00   -0.216233283035119239E+01   -0.207743923386715101E+01
    0.429134117563743148E-25    0.222764226656365850E+03    0.783503853096225527E+02    0.304971899052620330E+02    0.299191861579809277E+02    0.142674038770592992E+01   -0.873369918555822355E+00   -0.212035165927259683E+01   -0.172801977012277108E+01
    0.474982065024545435E-25    0.222553399062255721E+03    0.818655787062476463E+02    0.558803801712388264E+02    0.996520047081940064E+01    0.634294853778027079E+00   -0.675899077780780067E+00   -0.179015137483803466E+01   -0.208792152407961140E+01
    0.486241450012183662E-25    0.222498730030702063E+03    0.440712484544011431E+02    0.410281003826623873E+02    0.745407369643507280E+02    0.108956348685244864E+01   -0.545075609714255283E+00   -0.215186511401163472E+01   -0.250896635136362534E+01
    0.598406288368777942E-25    0.222075788282727757E+03    0.534528638638276021E+02    0.367101924140327753E+02    0.521761826496180490E+02    0.149525612000828123E+01   -0.620209551355493272E+00   -0.203447416645985024E+01   -0.248381143559002160E+01
    0.628517696870652810E-25    0.221969787283321239E+03    0.127281401435798131E+03    0.393973199537673224E+02    0.390483370872477380E+02    0.621531219098243937E+00   -0.490190347310071273E+00   -0.106801527878891522E+01   -0.145132529543636268E+01
    0.638087256408074138E-25    0.221931753074166920E+03    0.691550246954707433E+02    0.563448941715294964E+02    0.398215302391666626E+02    0.129804280249073511E+01   -0.436995028590884349E+00   -0.189225819518559746E+01   -0.196530525223117758E+01
    0.945746197897427319E-25    0.221136942166599738E+03    0.521564465452370598E+02    0.344099234453749148E+02    0.763555896033699639E+02    0.110205923692339280E+01   -0.556298171687779286E+00   -0.169879541665813716E+01   -0.236931241363788114E+01
    0.111152651996871963E-24    0.220806098967731970E+03    0.476467725469167149E+02    0.696375432016905194E+02    0.405545246163422064E+02    0.116662092112353855E+01   -0.190112554073702089E+00   -0.173179835111556302E+01   -0.231398457749380215E+01
    0.201445967865265058E-24    0.219609053075472730E+03    0.562546530494833164E+02    0.578106231868052660E+02    0.170406710400532617E+02    0.132239911708867441E+01   -0.764735229940528782E+00   -0.143704625947809794E+01   -0.270127998523256263E+01
    0.203314173914078630E-24    0.219582778092409967E+03    0.475842560591069414E+02    0.621528796455056138E+02    0.889949411171177474E+02    0.149429756032842365E+01   -0.515066190687983649E+00   -0.114312561568247406E+01   -0.230966010844721659E+01
    0.209934488266555623E-24    0.219510879424400741E+03    0.742284914783830345E+02    0.251388546129730841E+02    0.218489260281557378E+02    0.103372716215399207E+01   -0.831240971964305242E+00   -0.236732008430154206E+01   -0.182121688528860215E+01
    0.215941617367222698E-24    0.219446641804859723E+03    0.563092171388646747E+02    0.474814017688597048E+02    0.398355969530167968E+02    0.931137853533756998E+00   -0.454319647834252383E+00   -0.230178080365773807E+01   -0.210706401994252879E+01
    0.276952893138498984E-24    0.218941150605518118E+03    0.726829165400797876E+02    0.482349142294387292E+02    0.211558143994601409E+02    0.113556763525225635E+01   -0.805359809346557043E+00   -0.165769725790227529E+01   -0.178466425913942950E+01
    0.282942416456881372E-24    0.218890546164181274E+03    0.529879981233604553E+02    0.445449269600705833E+02    0.334301708608085022E+02    0.141692840122376373E+01   -0.708723611246771190E+00   -0.133450532326494287E+01   -0.210413221470608303E+01
    0.287777951374763239E-24    0.218848842106045197E+03    0.556411038329055501E+02    0.155850642717444288E+02    0.474427921012341969E+02    0.152754316759057751E+01   -0.136377745958879260E+01   -0.115595702428550906E+01   -0.217144736086548118E+01
    0.327495353827316231E-24    0.218582460230849392E+03    0.943777217086641400E+02    0.199867332830485438E+02    0.598794354714411483E+02    0.590984031020070022E+00   -0.113985715704710500E+01   -0.122533784166601167E+01   -0.157814635225767375E+01
    0.430563112109620916E-24    0.218027407637218232E+03    0.486387895601521620E+02    0.530416066953956857E+02    0.491802579564108484E+02    0.573865066037743454E+00   -0.935953166639678313E+00   -0.114951033766209054E+01   -0.193885793376239901E+01
    0.458859255558010295E-24    0.217892295906689327E+03    0.475519130227468807E+02    0.587267456643130572E+02    0.492830543802163490E+02    0.948358282813357767E+00   -0.311615422930143326E+00   -0.185584885103830488E+01   -0.254931573820956192E+01
    0.533376614661215258E-24    0.217583514929711384E+03    0.512415683733198009E+02    0.630566070557829406E+02    0.344180081125567909E+02    0.128846242210450090E+01   -0.569902658769896764E+00   -0.178040660590183641E+01   -0.262895601172525506E+01
    0.590543104206284516E-24    0.217372072709047160E+03    0.383461149891382362E+02    0.300126786136675392E+02    0.552619804027602939E+02    0.113825533659419675E+01   -0.107064520238949035E+01   -0.160656431634656705E+01   -0.242095310373836003E+01
    0.602026122734484756E-24    0.217325743791997070E+03    0.618333412001541660E+02    0.272787448535859696E+02    0.196676807922016650E+02    0.132734495369664152E+01   -0.100015392932449676E+01   -0.177321514004192693E+01   -0.239948479302742657E+01
    0.632183604934941247E-24    0.217220173235038374E+03    0.383191491227766718E+02    0.452690961130423304E+02    0.669154519553060112E+02    0.136626094082374028E+01   -0.114857028904264258E+01   -0.135481933500692375E+01   -0.210379655822668621E+01
    0.747878811919351280E-24    0.216876238569829383E+03    0.947067854574534351E+02    0.348489804761668154E+02    0.290235014153459403E+02    0.126467009012906018E+01   -0.857235271333797400E+00   -0.113670842305753039E+01   -0.195294129455446197E+01
    0.855107538086731411E-24    0.216600453494089663E+03    0.146277431576555273E+03    0.238308570777438007E+02    0.200703579650708690E+02    0.829990902759513149E+00   -0.814476194794812258E+00   -0.126619005580400246E+01   -0.141082106948439900E+01
    0.907121596571649905E-24    0.216474542455811843E+03    0.569534540827294578E+02    0.696007999823649897E+02    0.205199385512582388E+02    0.951279112231698920E+00   -0.351817304957186661E+00   -0.196508615979764856E+01   -0.227190958698361101E+01
    0.964801376705281732E-24    0.216343438461414621E+03    0.509740892688892444E+02    0.525652905744487384E+02    0.363897468346543533E+02    0.102410219150227166E+01   -0.265412021979006818E+00   -0.204620359084972403E+01   -0.247473541700761457E+01
    0.962305275908263441E-24    0.216340806997325728E+03    0.115367847120504848E+03    0.341942363677198600E+02    0.377128446543529918E+02    0.136683413638188900E+01   -0.622677348896869987E+00   -0.112793619018623925E+01   -0.173241853062591189E+01
    0.110524395436181526E-23    0.216056015241698816E+03    0.119287296469771036E+03    0.209692613302468516E+02    0.318119894361500748E+02    0.106967841392377405E+01   -0.659420118692804147E+00   -0.172164331306373319E+01   -0.154598258146621936E+01
    0.117327458194551800E-23    0.215928737654295389E+03    0.818675991874529672E+02    0.373530682469684194E+02    0.664620618855444576E+02    0.536157190677432616E+00   -0.520454811613067614E+00   -0.104465627529637217E+01   -0.198456122381333544E+01
    0.134495436662427849E-23    0.215647802240625140E+03    0.405600105377290561E+02    0.705303235871415950E+02    0.502192601282803537E+02    0.592570830591412689E+00   -0.301634028487825168E+00   -0.163532285096219443E+01   -0.228509389804614038E+01
    0.148626607617966888E-23    0.215440175938121456E+03    0.594152239913959619E+02    0.651175798561938706E+02    0.358209005211782880E+02    0.809273759350367938E+00   -0.170518114861683889E+00   -0.177761201977023497E+01   -0.194110272265914774E+01
    0.200629900703767904E-23    0.214832313939697372E+03    0.953356576820807220E+02    0.384173609296900835E+02    0.543177503012528149E+02    0.667760436260337431E+00   -0.403717990079144995E+00   -0.130248921921760208E+01   -0.151473969959292254E+01
    0.201937581468145124E-23    0.214811507987202788E+03    0.571461026352604406E+02    0.253992774848292200E+02    0.113796656589120619E+02    0.100564328906971401E+01   -0.114534308852664335E+01   -0.200466834910069380E+01   -0.224060375819440383E+01
    0.240438696456601005E-23    0.214454682467907332E+03    0.700653665996103143E+02    0.444166552429990062E+02    0.586491886673049976E+02    0.151012615731097966E+01   -0.784070967153573717E+00   -0.103675219959304399E+01   -0.209298818909513251E+01
    0.256221655205393482E-23    0.214319714460233342E+03    0.535924612506091478E+02    0.372849320702393072E+02    0.721446404460721169E+02    0.668287679662540879E+00   -0.166071928542033120E+00   -0.144557696141380188E+01   -0.192415883590308412E+01
    0.255592560459315588E-23    0.214316818549445884E+03    0.734986748011723847E+02    0.325922906395909635E+02    0.355395109796165443E+02    0.125105136275747419E+01   -0.545007116276943426E+00   -0.129832431173118468E+01   -0.249146602997167177E+01
    0.318679057674540975E-23    0.213867806266150495E+03    0.558060902754130339E+02    0.363427373443859878E+02    0.244281002915511358E+02    0.612562760190523026E+00   -0.567757741490699352E+00   -0.241790622839519376E+01   -0.203251986860799549E+01
    0.337437985935498799E-23    0.213745599285130908E+03    0.568702448645608385E+02    0.190152752114516979E+02    0.867996127904437458E+02    0.618852684215806970E+00   -0.590948568465618607E+00   -0.125698406429383391E+01   -0.260828372832501776E+01
    0.389565164057803193E-23    0.213450487974967757E+03    0.498947217188218630E+02    0.185587420849165312E+02    0.455227562874702727E+02    0.651394041134065183E+00   -0.101165581088846723E+01   -0.138347027334312100E+01   -0.265165579018801889E+01
    0.522938986957481946E-23    0.212853808186191998E+03    0.907653498713061566E+02    0.242872051795075663E+02    0.314949159486784040E+02    0.405052625109761366E+00   -0.107156581596230471E+01   -0.150660755698968019E+01   -0.189530896995926046E+01
    0.537770598490290991E-23    0.212790061136495808E+03    0.918447404136755239E+02    0.242271661168241721E+02    0.304888803975153593E+02    0.124474120357116136E+01   -0.862332932010376751E+00   -0.204513496652419002E+01   -0.166926497191562229E+01
    0.102552770497243498E-22    0.211491187594816324E+03    0.117343944120114728E+03    0.207467148804661612E+02    0.426027199058551531E+02    0.751892003996439517E+00   -0.101267746981806717E+01   -0.118662466065091410E+01   -0.152137171874227639E+01
    0.108612679155659615E-22    0.211368553791933152E+03    0.894245470061111121E+02    0.215611933340979007E+02    0.330326955810668039E+02    0.149895921145184752E+01   -0.688460798129549634E+00   -0.192952739555374286E+01   -0.168725251737866966E+01
    0.116596064847422506E-22    0.211218886546884107E+03    0.886960315652487878E+02    0.385315460676849995E+02    0.218326215329412356E+02    0.115812507490269612E+01   -0.769304776335012264E+00   -0.181997455787363305E+01   -0.198358746134820119E+01
    0.141356084902622678E-22    0.210825940831863193E+03    0.576036513469156759E+02    0.524968728544897800E+02    0.351835130727552681E+02    0.128773550396600345E+01   -0.370392973608623333E+00   -0.227287869550688360E+01   -0.213584833355729398E+01
    0.174463409120709494E-22    0.210397262535645297E+03    0.686231739471791116E+02    0.348322838169501949E+02    0.408450678241599974E+02    0.108718519806126945E+01   -0.232715026729848784E+00   -0.200640021889465725E+01   -0.204537929286237219E+01
    0.231980127064978672E-22    0.209819576677659597E+03    0.100474045526367561E+03    0.347324402353321986E+02    0.438672696336353667E+02    0.138594607081590016E+01   -0.960990688960451589E+00   -0.163176977287879255E+01   -0.154447909316729004E+01
    0.304862012757237166E-22    0.209265349081155961E+03    0.654886884241781217E+02    0.273840442170643712E+02    0.146641799561111412E+02    0.148306450068024986E+01   -0.291985118139649558E+00   -0.236259666309159533E+01   -0.217300720173503281E+01
    0.431315149482616354E-22    0.208563577038849928E+03    0.904483643425971735E+02    0.360870935299019635E+02    0.192579751787557427E+02    0.844333564272396031E+00   -0.282701732205739908E+00   -0.157989188867837838E+01   -0.208349347207588398E+01
    0.430169090396359531E-22    0.208561085865505902E+03    0.617107258185695997E+02    0.171315474312480482E+02    0.304310940767873994E+02    0.100379859357331114E+01   -0.671606312910991710E+00   -0.121463790390185800E+01   -0.232988290502009709E+01
    0.438505437620723126E-22    0.208514885670771491E+03    0.621724947831211452E+02    0.336461584418063353E+02    0.899176244496412664E+02    0.143408345141537685E+01   -0.759412735958455265E+00   -0.142706582637999335E+01   -0.165474058459102569E+01
    0.509314709938162043E-22    0.208207685362984250E+03    0.566604831010393823E+02    0.506554865582510701E+02    0.678458028661740009E+01    0.876307726393242281E+00   -0.803325427604712372E+00   -0.186102308110455539E+01   -0.255798984714744826E+01
    0.579346122007497951E-22    0.207942204911798655E+03    0.484862565994262695E+02    0.427214992046356201E+02    0.103134262561798096E+02    0.955113163833436585E+00   -0.843404293060302734E+00   -0.160462725162506104E+01   -0.251811730861663818E+01
    0.627227527625100751E-22    0.207775573879686021E+03    0.458287272137313266E+02    0.382858826003413242E+02    0.285576732812319278E+02    0.114756624277357155E+01   -0.905016948352937778E+00   -0.196418605357939069E+01   -0.265702688866083481E+01
    0.687950526649770559E-22    0.207582946242431973E+03    0.584881936475479591E+02    0.520920102132160707E+02    0.106053680815756444E+02    0.115304819405777992E+01   -0.426623233945200742E+00   -0.236826904897095503E+01   -0.229913718449052684E+01
    0.695653828772867389E-22    0.207552863266947043E+03    0.108945944180870953E+03    0.222521517383853045E+02    0.474218902482072835E+02    0.997534868135680708E+00   -0.919565814015670613E+00   -0.138765297513740204E+01   -0.168034286090457874E+01
    0.713899125320430964E-22    0.207493271752659609E+03    0.103987623803188242E+03    0.217009196335492689E+02    0.292119731259996556E+02    0.117767915357162667E+01   -0.967290104017411778E+00   -0.178345432950513283E+01   -0.157544465477609252E+01
    0.744693212940765719E-22    0.207400997917532010E+03    0.399928208996364205E+02    0.660129332808367622E+02    0.396855203251736555E+02    0.419831893331677086E+00   -0.744709588255431765E+00   -0.152040604936686874E+01   -0.243437855902122280E+01
    0.113655334984382042E-21    0.206547618926408234E+03    0.128997418520526736E+03    0.268214909956447869E+02    0.450080599465048650E+02    0.142983437279946957E+01   -0.586660916770732399E+00   -0.115521609856145435E+01   -0.154274324188138801E+01
    0.115092882322790861E-21    0.206514668459773759E+03    0.137731290997515856E+03    0.188022712357678614E+02    0.128437314042386479E+02    0.139252812086456323E+01   -0.671597840394929868E+00   -0.117262354880448649E+01   -0.146443903164328293E+01
    0.119288404808210226E-21    0.206435246647621653E+03    0.378486075408032150E+02    0.310693997714907155E+02    0.703971958273081100E+02    0.139063479850573235E+01   -0.117457488155710044E+01   -0.139045453984596401E+01   -0.217322756164897513E+01
    0.126679846070338682E-21    0.206307196396133975E+03    0.458414146273590646E+02    0.650065222815048855E+02    0.516729776826690212E+02    0.154311597346388174E+01   -0.615164468908812045E+00   -0.168133713979448052E+01   -0.238496878399301648E+01
    0.139152591562193858E-21    0.206111567685195439E+03    0.520186479374916146E+02    0.299312007583404949E+02    0.314546651830334270E+02    0.104214378272555352E+01   -0.118099510434379784E+01   -0.190693451209479203E+01   -0.229950863603159039E+01
    0.158960900548456938E-21    0.205837580882301836E+03    0.346644341120499675E+02    0.567129882113176720E+02    0.674520678982970736E+02    0.133429803848545370E+01   -0.762538173691866383E+00   -0.171002034438681205E+01   -0.211692518126903995E+01
    0.172344907290764053E-21    0.205668089421501378E+03    0.382124597157912902E+02    0.614402471461852571E+02    0.339018855077738337E+02    0.117583635512153606E+01   -0.818852705217180121E+00   -0.196923240916657383E+01   -0.241822283540725635E+01
    0.192686053587136872E-21    0.205437148011067450E+03    0.135029963571536371E+03    0.327338586720177531E+02    0.554647296878697382E+01    0.116901852652677007E+01   -0.373282531609095969E+00   -0.159219935211447194E+01   -0.171820145440754768E+01
    0.196267074864778663E-21    0.205392507192144535E+03    0.457692332124168360E+02    0.420013734455959451E+02    0.407482643991159108E+02    0.104110900610941615E+01   -0.450648597348425994E+00   -0.219011267370445095E+01   -0.245914220928048088E+01
    0.254634345137485019E-21    0.204863990258372098E+03    0.768120716951316354E+02    0.530725393474878899E+02    0.676044519866344160E+02    0.807692150255030716E+00   -0.658727146932246654E+00   -0.103528872481691137E+01   -0.153589821770294632E+01
    0.327639588070104594E-21    0.204352006534495104E+03    0.855125413600626558E+02    0.342896262737860056E+02    0.297608023575768144E+02    0.114888591949987284E+01   -0.287621450921199173E+00   -0.195587650467590390E+01   -0.195130620869174187E+01
    0.346893142966284682E-21    0.204229988834901150E+03    0.998354679720875282E+02    0.366405919319582978E+02    0.526458250660873261E+02    0.556168050062446295E+00   -0.269236224063096774E+00   -0.115994638378705672E+01   -0.172116652103861911E+01
    0.456337698675484597E-21    0.203673743703859714E+03    0.522962779655517380E+02    0.583345629966910764E+02    0.347905141316722464E+02    0.110269674580413413E+01   -0.343487477272668595E+00   -0.209298330114680864E+01   -0.239228632409365716E+01
    0.510163324530087168E-21    0.203442935572005240E+03    0.479423151778520520E+02    0.548743165710472738E+02    0.280885613468809616E+02    0.131847564108279269E+01   -0.662654921617714665E+00   -0.205827499716275453E+01   -0.258655796134555116E+01
    0.542749612127417964E-21    0.203311288721030877E+03    0.656562230641093265E+02    0.204364124316849107E+02    0.581093383253626712E+02    0.868249195501913817E+00   -0.731106349250851384E+00   -0.206088866992528175E+01   -0.187655413460457754E+01
    0.574477507801906275E-21    0.203189850518037076E+03    0.118180046834099556E+03    0.173700272400618054E+02    0.135143330405609632E+02    0.847540482517448623E+00   -0.685735844961421481E+00   -0.157211947494338400E+01   -0.180253636693009267E+01
    0.573094056431901382E-21    0.203186860208071522E+03    0.478737094855746435E+02    0.669125511493837450E+02    0.428430322487528414E+02    0.139972559612406511E+01   -0.482078697589906513E+00   -0.186663071983059781E+01   -0.219895619850701607E+01
    0.692970903867872015E-21    0.202799171384165163E+03    0.679760149098355839E+02    0.388697105656605402E+02    0.403360731047282997E+02    0.136613569421642489E+01   -0.556158259297212965E+00   -0.150931720572061812E+01   -0.185222353995669864E+01
    0.730951980408994800E-21    0.202684639374626613E+03    0.484649662732336424E+02    0.407467962639102126E+02    0.420534167771053831E+02    0.770906232903215249E+00   -0.122032177089214366E+01   -0.191616376814594358E+01   -0.197146303708698190E+01
    0.740293134317217373E-21    0.202651429938828528E+03    0.716261495862611497E+02    0.213092760225570288E+02    0.151888601321070524E+02    0.106189501515736540E+01   -0.106830640340287841E+01   -0.214476970832119607E+01   -0.184171071625933758E+01
    0.765539982275875209E-21    0.202576547021242305E+03    0.101748925914820504E+03    0.371981367040813922E+02    0.109109176080461214E+02    0.905564557800423997E+00   -0.968506388555289144E+00   -0.173378315130026905E+01   -0.159792979497625920E+01
    0.111276370675511379E-20    0.201820693357799257E+03    0.587873799039624885E+02    0.203844248239652259E+02    0.442874362687509162E+02    0.142782645960510557E+01   -0.666752415115653863E+00   -0.171499094731887824E+01   -0.269717550974701004E+01
    0.110888864318317092E-20    0.201819857768478897E+03    0.527419517334196755E+02    0.327761971415784217E+02    0.545503582513695449E+02    0.837588669687710619E+00   -0.832346658070703738E+00   -0.191741112056844742E+01   -0.232302574566866937E+01
    0.137426355683049221E-20    0.201382925866088726E+03    0.910962984624489707E+02    0.402415917783473418E+02    0.489554553149502141E+02    0.708601876495070115E+00   -0.623173361974240558E+00   -0.106588066994815223E+01   -0.187698321605426965E+01
    0.137222703039636795E-20    0.201378079371968141E+03    0.575956210204557024E+02    0.189717240117576473E+02    0.397562610338763847E+02    0.125604645865499642E+01   -0.643538110766689986E+00   -0.161276380097676375E+01   -0.273026583281050694E+01
    0.141354076858231094E-20    0.201310941371237789E+03    0.500660502400740910E+02    0.350625645381256703E+02    0.579824921427819362E+01    0.156200411312881182E+01   -0.116314555255412744E+01   -0.200568047521156601E+01   -0.235689673771222186E+01
    0.143040796592311809E-20    0.201279404962417686E+03    0.961652887525362701E+02    0.231989094284386468E+02    0.487774554910212856E+02    0.323109041197442715E+00   -0.873279175797602392E+00   -0.138555777900298693E+01   -0.154826314324329983E+01
    0.184793850174436910E-20    0.200759370462518774E+03    0.496599270643850375E+02    0.340473455024996809E+02    0.438612311241938073E+02    0.128084368916603020E+01   -0.103382102314920532E+01   -0.172759179234483073E+01   -0.249649271861386302E+01
    0.185048166068632159E-20    0.200748807426634727E+03    0.494475446180397427E+02    0.303418455295350533E+02    0.599427667796217207E+02    0.129890237034674372E+01   -0.485989904821485297E+00   -0.227118064617358151E+01   -0.232089881062674763E+01
    0.187056388569870191E-20    0.200719406994164842E+03    0.104265278103815490E+03    0.368412290356546777E+02    0.390144182586371286E+02    0.117634211985901049E+01   -0.787588723702249194E+00   -0.183447628895349846E+01   -0.165527947774301398E+01
    0.225312811759072640E-20    0.200339435300967921E+03    0.139507646185803623E+03    0.192939653682638479E+02    0.284037501228024014E+00    0.129309843471955799E+01   -0.625117332006720705E+00   -0.120622854238711374E+01   -0.151062037507913893E+01
    0.255134105782587915E-20    0.200083023599375565E+03    0.577170306174162420E+02    0.320876565294737688E+02    0.734330262215933800E+02    0.154670854372608257E+01   -0.104608979473577435E+01   -0.102147532814642084E+01   -0.218918870909372121E+01
    0.268747327428067904E-20    0.199971246453395310E+03    0.561792116056154285E+02    0.258780252143241114E+02    0.787588166646998928E+02    0.118390422181769250E+01   -0.590589775883588741E+00   -0.154579117559010037E+01   -0.225112844634765086E+01
    0.305990413513059712E-20    0.199703869677126875E+03    0.590008304255699514E+02    0.572313046140612229E+02    0.133156105162656169E+01    0.530275498594002692E+00   -0.389819302488711106E+00   -0.232447385520491068E+01   -0.220554671768460864E+01
    0.316405251895519245E-20    0.199629117053938785E+03    0.128016617087027555E+03    0.227061662885613309E+02    0.379847194138207911E+01    0.801088637202709730E+00   -0.808888901103801850E+00   -0.132604467046843055E+01   -0.171253296121148502E+01
    0.374550756785278710E-20    0.199283897571451632E+03    0.744425093429379956E+02    0.189495391361336125E+02    0.400638833766979801E+02    0.801745809184300717E+00   -0.385987562837357912E+00   -0.115896260074410984E+01   -0.227706333070699607E+01
    0.406782303955126308E-20    0.199110983398020181E+03    0.789662492216576908E+02    0.523050960353762591E+02    0.256618463408231428E+02    0.108763490459929879E+01   -0.925946201993574025E+00   -0.115019669868849617E+01   -0.195044589693675263E+01
    0.424649846054792124E-20    0.199017197347865988E+03    0.488260901017424800E+02    0.288145194933982864E+02    0.335687352174728204E+02    0.798521155423636442E+00   -0.569372816277170291E+00   -0.192879606194038122E+01   -0.252979258906888127E+01
    0.550497543508651381E-20    0.198490269735549759E+03    0.668707130169223944E+02    0.444271057701136982E+02    0.812709753473033061E+02    0.863813797684587215E+00   -0.458974115087289025E+00   -0.134934057265540597E+01   -0.157925209655513332E+01
    0.552101983702957437E-20    0.198476636658677933E+03    0.102833845034851024E+03    0.272045679460106342E+02    0.456427507826777799E+02    0.135368017954582820E+01   -0.533132557231994930E+00   -0.175592661110868620E+01   -0.181166562875013848E+01
    0.713310430381526174E-20    0.197956456299491663E+03    0.602496495853537510E+02    0.603542930917492697E+02    0.909575785685405869E+01    0.507916392308600306E+00   -0.721205471656956476E+00   -0.124100261592065753E+01   -0.205354002516852541E+01
    0.771110753003980728E-20    0.197792813199751834E+03    0.627494395268251210E+02    0.557725960814533863E+02    0.469179047118156518E+02    0.107748077563130118E+01   -0.507476860296751209E+00   -0.124614366208974547E+01   -0.229957963901046814E+01
    0.803100784306236679E-20    0.197703704291687927E+03    0.549465397112375626E+02    0.199962514526756721E+02    0.590959424636890844E+02    0.130029463149619429E+01   -0.435785647963035316E+00   -0.206450322299390709E+01   -0.245645532947133738E+01
    0.822777047629248010E-20    0.197647481699379910E+03    0.641274596506887065E+02    0.503100929400542043E+02    0.363252906543998533E+01    0.193592926571921675E+00   -0.544692286792944458E+00   -0.209318529922520113E+01   -0.231337271002458111E+01
    0.886054859250367862E-20    0.197491481990116597E+03    0.906337886635365493E+02    0.538272472297662645E+02    0.239266259705002149E+02    0.557086270627612845E+00   -0.778510074229121329E+00   -0.139533415537083982E+01   -0.185628647688029047E+01
    0.924859705546442495E-20    0.197397943110612971E+03    0.105665413189302271E+03    0.281611664672512489E+02    0.262709456917194153E+02    0.769682096527701032E+00   -0.965402011232624924E+00   -0.131000098059498282E+01   -0.154120589838261068E+01
    0.923835745433335430E-20    0.197392346140958466E+03    0.714165409021624669E+02    0.412428889375528769E+02    0.448666657375706919E+02    0.344591844587751162E+00   -0.263859755709840771E+00   -0.137056314048643624E+01   -0.196966436163795144E+01
    0.106152927849765444E-19    0.197106670497361279E+03    0.738589007315576822E+02    0.497071239377936607E+02    0.692871866463399897E+02    0.143469970636700173E+01   -0.641988699092940873E+00   -0.101542942103047951E+01   -0.186316296967299788E+01
    0.130775345141451897E-19    0.196681657680377214E+03    0.736808868074185170E+02    0.168820748374333718E+02    0.767082631493010609E+02    0.116066308920850636E+01   -0.681979774227525759E+00   -0.141845346643174786E+01   -0.163807016885225654E+01
    0.144426787805998956E-19    0.196475261596533585E+03    0.393329632741327302E+02    0.424011090993757165E+02    0.617165022110070609E+02    0.130718639856573215E+01   -0.921175103914361859E+00   -0.179928370719787400E+01   -0.189655697303906212E+01
    0.156361978643305990E-19    0.196308647146778384E+03    0.527730689904209598E+02    0.173586574830300542E+02    0.363647559469196224E+02    0.307981873261260530E+00   -0.127774327091142204E+01   -0.132516594468968418E+01   -0.225769018536926236E+01
    0.157688391825326368E-19    0.196283940273213858E+03    0.661036729812622070E+02    0.195480287075042725E+02    0.135765051841735840E+02    0.103385315994210386E+00   -0.428779602050781250E+00   -0.207003819942474365E+01   -0.198359790444374084E+01
    0.187605047861426045E-19    0.195928691649710572E+03    0.454400779191608564E+02    0.671650333416666996E+02    0.513105909672620299E+02    0.104489731301765398E+01   -0.496271258615772481E+00   -0.156431639268889278E+01   -0.248252376802639940E+01
    0.212985493199233188E-19    0.195667108924596278E+03    0.456075032446149606E+02    0.248484995690690766E+02    0.446583728082678419E+02    0.489331484809116202E+00   -0.116798020928308333E+01   -0.199827544481752239E+01   -0.232611449962523409E+01
    0.214054770224930098E-19    0.195649280701471810E+03    0.542731420974639889E+02    0.368518228106942871E+02    0.345415102916454160E+02    0.125813372724538586E+01   -0.131051769892886938E+01   -0.136299586473659762E+01   -0.214838822553829800E+01
    0.217895164000247036E-19    0.195605903941207487E+03    0.136251060669940870E+03    0.238826825430966458E+02    0.100907140347704587E+02    0.113367365364612205E+01   -0.839828515723177071E+00   -0.124661760737919258E+01   -0.147895292196970463E+01
    0.247650447055144632E-19    0.195342083008840689E+03    0.605016531478824717E+02    0.449495909665141085E+02    0.511062350764878204E+02    0.557948468119771723E+00   -0.717782328569286587E+00   -0.101884387918101038E+01   -0.251745615771607678E+01
    0.263404989375705379E-19    0.195210921574623370E+03    0.751290270616872675E+02    0.214687460806525792E+02    0.498320361341541371E+02    0.307894878380867876E+00   -0.791839530697557414E+00   -0.103622999697232698E+01   -0.236091962847662762E+01
    0.276837431645405201E-19    0.195103633648217453E+03    0.460836131737639292E+02    0.187716046022282441E+02    0.205829356528589464E+02    0.729237314514532886E+00   -0.105447846979321724E+01   -0.217547981131834867E+01   -0.238330362317830957E+01
    0.418836942278065334E-19    0.194267718667406371E+03    0.665068399777459405E+02    0.254205912544880732E+02    0.748058565859904547E+02    0.474021903177718584E+00   -0.570561931248380283E+00   -0.174123351082292288E+01   -0.166392491186599401E+01
    0.487059048228737691E-19    0.193958098807960283E+03    0.934619305558354938E+02    0.430999907989513389E+02    0.395407094463795374E+02    0.708896665925226599E+00   -0.576672594215979606E+00   -0.158238905850178790E+01   -0.188601841945958659E+01
    0.549215977260773583E-19    0.193710073506582319E+03    0.518444822229369251E+02    0.222131134451461598E+02    0.258670949471367031E+02    0.874093887661702373E+00   -0.940152421814916206E+00   -0.191965456962439696E+01   -0.259923581956041216E+01
    0.576601931299206854E-19    0.193604940267965247E+03    0.562367507624377510E+02    0.221628162142553862E+02    0.295785037664811128E+02    0.107245264742150770E+01   -0.442800286693141976E+00   -0.191786881535604148E+01   -0.235050764217710428E+01
    0.598625610236242050E-19    0.193522159281167063E+03    0.399736704450889277E+02    0.412364150113084520E+02    0.541213131046285554E+02    0.922282497484180119E+00   -0.112311296712448572E+01   -0.149066489250736289E+01   -0.240688809639800549E+01
    0.630274229268702630E-19    0.193411309518824169E+03    0.953862077254135130E+02    0.243470103994925182E+02    0.199178132963191636E+02    0.130326138794459800E+01   -0.779376730661945016E+00   -0.120705085618558572E+01   -0.166425042444384053E+01
    0.658952604267494232E-19    0.193314503814825798E+03    0.447347357783466322E+02    0.541944449566773869E+02    0.278262748553978625E+02    0.130053887927867895E+01   -0.763058015084188135E+00   -0.223117938530163062E+01   -0.228402123708017202E+01
    0.671736142454898175E-19    0.193268263300761760E+03    0.899026238252955210E+02    0.363279082091878252E+02    0.558523210720116552E+02    0.120828928338499964E+01   -0.569703035893518894E+00   -0.165904442025845111E+01   -0.173021822179953189E+01
    0.842718068323290838E-19    0.192806917110205319E+03    0.978737380150995904E+02    0.439434531245323967E+02    0.410898604408878612E+02    0.902954151825053231E+00   -0.638708759223482581E+00   -0.165828556369361246E+01   -0.176552808502899317E+01
    0.904367455038219918E-19    0.192657898028054547E+03    0.630163033089989852E+02    0.336690815873205622E+02    0.321915071277410973E+02    0.829832926698266471E+00   -0.423797076586297949E+00   -0.206840680267786459E+01   -0.232229675704677962E+01
    0.116467817438800808E-18    0.192144156871931528E+03    0.649272289504289972E+02    0.440538796717695078E+02    0.124991004974255411E+02    0.353147148891884977E+00   -0.613218287255707484E+00   -0.111854072867416665E+01   -0.222420229514024426E+01
    0.133014222704524692E-18    0.191870662231031929E+03    0.776669124486775075E+02    0.273941307073209295E+02    0.603844661611717797E+02    0.786135673227101761E+00   -0.350927132158361355E+00   -0.183618838243851479E+01   -0.192107463712581938E+01
    0.148111337820208510E-18    0.191647833304275764E+03    0.510866254068665384E+02    0.462451856373170074E+02    0.828233541265192912E+02    0.127200979617613741E+01   -0.436072578747482176E+00   -0.138445309004168582E+01   -0.226178353135862231E+01
    0.147670962582737838E-18    0.191645976205424006E+03    0.568645711472728905E+02    0.281593210820680824E+02    0.679242325951912278E+02    0.112332269373363181E+01   -0.822079511284928177E+00   -0.120361048454474595E+01   -0.256123364389696873E+01
    0.148390151625264864E-18    0.191628446921656689E+03    0.566415585664370198E+02    0.516840218415844390E+02    0.547072487560897436E+01    0.104710062589591679E+01   -0.383987294003494295E+00   -0.213829201155377069E+01   -0.218264981030021943E+01
    0.196454676298974957E-18    0.191059460851821967E+03    0.698414039669859932E+02    0.349132670557156430E+02    0.442922251443500912E+02    0.195162741106046339E+00   -0.306535148391354095E+00   -0.127644901106288966E+01   -0.218517095002065398E+01
    0.199251816377312136E-18    0.191023372983895371E+03    0.895838083403463230E+02    0.227566016590982372E+02    0.380505347240111149E+02    0.129031061145462655E+01   -0.541513636602250603E+00   -0.178649891119975113E+01   -0.174122408822312646E+01
    0.210501723367847401E-18    0.190905711671077398E+03    0.507356068536078268E+02    0.683663433921507817E+02    0.488723515231484882E+02    0.732347617031180564E+00   -0.678945357121265136E+00   -0.109039646431130555E+01   -0.205990956114709167E+01
    0.214548386428085025E-18    0.190859816269931486E+03    0.471024990081787109E+02    0.442389214038848877E+02    0.393296223878860474E+02    0.142684729997966642E+01   -0.959813356399536133E+00   -0.154595780372619629E+01   -0.258897650241851807E+01
    0.227092543460964927E-18    0.190738359121602400E+03    0.629162973487283637E+02    0.300233316806686332E+02    0.460337113695477882E+02    0.323277809804633443E+00   -0.646791709226278266E+00   -0.104133783451937911E+01   -0.255157037745359272E+01
    0.230203715961394708E-18    0.190703332574347399E+03    0.382827207565517611E+02    0.270206207403534719E+02    0.746049132090681724E+02    0.122535972430432838E+01   -0.109394668118260485E+01   -0.156517040338088886E+01   -0.239632179674708690E+01
    0.229729142782134435E-18    0.190699647401531479E+03    0.707224053552434953E+02    0.257686244770278705E+02    0.450328091377095063E+02    0.123863396078533627E+01   -0.751390013122112954E+00   -0.114827544624382938E+01   -0.244479970407191116E+01
    0.246328060743504527E-18    0.190552308395772286E+03    0.674294626301172855E+02    0.429818436664443482E+02    0.113914033301774058E+02    0.117941678862933053E+01   -0.558298306622417861E+00   -0.209481687539747874E+01   -0.222461792624214771E+01
    0.264591904425208028E-18    0.190401447039912455E+03    0.690116581086325027E+02    0.228914749611589059E+02    0.662089395454729299E+02    0.134038355868204628E+01   -0.768499020139022715E+00   -0.163331712728195821E+01   -0.197879457991420238E+01
    0.269789248117061339E-18    0.190354729667953734E+03    0.825276146042093472E+02    0.176691752504709818E+02    0.422948063808467509E+02    0.120761966000888799E+01   -0.954191009285950464E+00   -0.184162972080878440E+01   -0.188460627892449417E+01
    0.270881348713846143E-18    0.190338837556534514E+03    0.591064130582962264E+02    0.576533620486823963E+02    0.263587457029735965E+02    0.113111549895856389E+01   -0.337979284326344054E+00   -0.206408359272559760E+01   -0.223184326856784576E+01
    0.359516008447883828E-18    0.189764869439441838E+03    0.698952605222575585E+02    0.216991826521877513E+02    0.493064623710657344E+02    0.110251443904395141E+01   -0.517807916031111537E+00   -0.103671814517731775E+01   -0.247358500213238219E+01
    0.403451374626330313E-18    0.189526462408361340E+03    0.526244749480943099E+02    0.159624437529345204E+02    0.367401676748361155E+02    0.692338958089711576E+00   -0.121916573869460976E+01   -0.144323990773452970E+01   -0.217904338508384932E+01
    0.414154601025762494E-18    0.189466283178204264E+03    0.597851824178623019E+02    0.312721860933018405E+02    0.471162281436109893E+02    0.882305817090076605E+00   -0.945977034391148441E+00   -0.142162662538940987E+01   -0.186069459164216222E+01
    0.422859122182267281E-18    0.189416871193120016E+03    0.530862527347543107E+02    0.343820736338229977E+02    0.455768911421553327E+02    0.679534662477729867E+00   -0.122217637937432966E+01   -0.128692973160076951E+01   -0.221679035178184813E+01
    0.428717202021464707E-18    0.189381541853674179E+03    0.380594662797274950E+02    0.353916810458442939E+02    0.683041024199051918E+02    0.320517218901258616E+00   -0.814008515104964969E+00   -0.145552108472544006E+01   -0.213835760544451903E+01
    0.474648305915684987E-18    0.189170176108900023E+03    0.651340808267898694E+02    0.345421145330383581E+02    0.332328524967619003E+02    0.155239956619156461E+01   -0.116450997685761526E+01   -0.101368590099448075E+01   -0.210719210817952973E+01
    0.494929500077968005E-18    0.189078681194615541E+03    0.608294284587918241E+02    0.188056473710184875E+02    0.755289361032292650E+01    0.147243629786137253E+01   -0.453582828301741570E+00   -0.245473859315816023E+01   -0.215819899401710646E+01
    0.540554845584315267E-18    0.188894507143551152E+03    0.638906008068542661E+02    0.443989007842897436E+02    0.317066706569851462E+02    0.676279894416344618E+00   -0.322294178915439877E+00   -0.152977711594412158E+01   -0.236643176357912299E+01
    0.594001337747071409E-18    0.188698123708377466E+03    0.512560175403638851E+02    0.304332428832550370E+02    0.192365595046887599E+02    0.134740748947129041E+01   -0.108348604000904070E+01   -0.142737223936703694E+01   -0.229011095231907547E+01
    0.626635390964466805E-18    0.188583344635546553E+03    0.500991354936386557E+02    0.475378539924580821E+02    0.528276524310824342E+02    0.144234299612374306E+01   -0.105311937643507170E+01   -0.148704797255695853E+01   -0.192712273793769806E+01
    0.750974512837987293E-18    0.188213518424185111E+03    0.501348232971468235E+02    0.331072462651465429E+02    0.882229035013884584E+02    0.146552983253881486E+01   -0.409210346114746715E+00   -0.172807261914350740E+01   -0.181382680514950079E+01
    0.753135497265734017E-18    0.188199959041576506E+03    0.101131128118135265E+03    0.371050840913325430E+02    0.414639438270804206E+02    0.501560828457397689E+00   -0.980304989958893369E+00   -0.135654981243990425E+01   -0.156218936479613069E+01
    0.840854579072766536E-18    0.187971799389855732E+03    0.537024959823719570E+02    0.624707232410634177E+02    0.526317602319725495E+02    0.666213966324755824E+00   -0.338662280911033120E+00   -0.125783143003611153E+01   -0.216624767019329445E+01
    0.929546942075804483E-18    0.187763429734519576E+03    0.422662056322182309E+02    0.342129731775796699E+02    0.487955305852456505E+02    0.120317404693221075E+01   -0.850758331008636182E+00   -0.208937175639459127E+01   -0.247713462777157201E+01
    0.965022098913543190E-18    0.187680709848285943E+03    0.581939744148977951E+02    0.497811869311247150E+02    0.213223372633927832E+01    0.133495472763239320E+01   -0.885421381571795507E+00   -0.178612165988685723E+01   -0.244318938160445454E+01
    0.122954538728190224E-17    0.187188399798875992E+03    0.990073767584294870E+02    0.359138459498916589E+02    0.126118917730252420E+02    0.578039264509750406E+00   -0.299423597675281705E+00   -0.164024701548032414E+01   -0.194830470405333056E+01
    0.123114026859342259E-17    0.187177994718176308E+03    0.729578923951691820E+02    0.370656213222130688E+02    0.177078456718192037E+02    0.128745750510698342E+01   -0.101955452038985550E+01   -0.199494752417649046E+01   -0.193079032901755010E+01
    0.134298013854232448E-17    0.186996281536216628E+03    0.455933533280616672E+02    0.228044722050246307E+02    0.780498336583414272E+02    0.122921359015625486E+01   -0.516884619011215296E+00   -0.178925978252760798E+01   -0.247123717284438094E+01
    0.137377732701361466E-17    0.186943123055705371E+03    0.467058845523745561E+02    0.485940840043746505E+02    0.440434619950560489E+02    0.690722727392251712E+00   -0.789195500433772512E+00   -0.182621005561040906E+01   -0.254902565958439009E+01
    0.185677301271137115E-17    0.186332758710187761E+03    0.624054156032987279E+02    0.157000708550818864E+02    0.753987274448114846E+02    0.121958517885534956E+01   -0.828839328953616450E+00   -0.177899282745148035E+01   -0.198932590917837882E+01
    0.185983700848317132E-17    0.186321648585257009E+03    0.473770018604091305E+02    0.317947365990925874E+02    0.637106442208175707E+02    0.263668476458668422E+00   -0.890495953219895053E+00   -0.118345658620609062E+01   -0.227119000729891951E+01
    0.186843416424684819E-17    0.186304612323783260E+03    0.114237453186935838E+03    0.449354476881379981E+02    0.222817175411307851E+02    0.993123794923443937E+00   -0.859169516127697985E+00   -0.140559730383026560E+01   -0.154881628336694055E+01
    0.190045181341214445E-17    0.186262817984460327E+03    0.741179558722962071E+02    0.155756865121241788E+02    0.329318942839704860E+02    0.151000489807250338E+01   -0.475072866207855604E+00   -0.145277206596244435E+01   -0.242239628738389356E+01
    0.189789444621564117E-17    0.186257698622376779E+03    0.542528411096514844E+02    0.547278925229055488E+02    0.343267347422981928E+02    0.758328625567463388E+00   -0.490400518103426997E+00   -0.200503973331218344E+01   -0.235443534675303878E+01
    0.200170944355827594E-17    0.186143373218787417E+03    0.417212583117932496E+02    0.455035711373436840E+02    0.348280434430351349E+02    0.131677862045656124E+01   -0.857308264994673053E+00   -0.211522538546946093E+01   -0.234145302214238082E+01
    0.223680016186648731E-17    0.185913471102487165E+03    0.485678314836779066E+02    0.397878511207514407E+02    0.679774085279778006E+02    0.131936292800982513E+01   -0.515402015070829611E+00   -0.151748747683514185E+01   -0.255059964703037023E+01
    0.244518573924980256E-17    0.185727509119302624E+03    0.103711800039847660E+03    0.418590308689096844E+02    0.216580443166480272E+02    0.842195186075964886E+00   -0.654418239842660565E+00   -0.109013921883530651E+01   -0.186787067058642720E+01
    0.271880456736394254E-17    0.185507554220516312E+03    0.681365259358457109E+02    0.219625487409946984E+02    0.689886037464305133E+02    0.148435978357447884E+01   -0.642150696823428069E+00   -0.133133154882358218E+01   -0.225260869240231276E+01
    0.302725665279468416E-17    0.185284812664759727E+03    0.534414907075830143E+02    0.649484135991633877E+02    0.335750668193578221E+02    0.462578562299241602E+00   -0.475697754067421652E+00   -0.151926801475246576E+01   -0.188534449651857239E+01
    0.336504321039173217E-17    0.185065432185050184E+03    0.726095797917705568E+02    0.244313729477803570E+02    0.875721751987684627E+01    0.841923059695185660E+00   -0.443365446567893784E+00   -0.206620075717132590E+01   -0.190603027806845970E+01
    0.350415167239666767E-17    0.184976604378054930E+03    0.998612233969798950E+02    0.569176607295388379E+02    0.320662506789746402E+02    0.475391411059609859E+00   -0.482072885846142052E+00   -0.161977976543669300E+01   -0.167344972907972411E+01
    0.373771276612386324E-17    0.184839741064357298E+03    0.735737204551696777E+02    0.397292518615722656E+02    0.758330762386322021E+01    0.523219238758385496E+00   -0.560137271881103516E+00   -0.184876668453216553E+01   -0.227116796374320984E+01
    0.432475693081011519E-17    0.184540164417660776E+03    0.678047737937209689E+02    0.399439479500761294E+02    0.485186167643002051E+02    0.118100427448876699E+01   -0.103917946682269902E+01   -0.145349936110813260E+01   -0.167975457638837256E+01
    0.488105089804144537E-17    0.184290342704051653E+03    0.491238282561925175E+02    0.405844633281287344E+02    0.692795559594383832E+02    0.117024441734217444E+01   -0.420665766327787960E+00   -0.159936780962937442E+01   -0.250077377234247322E+01
    0.516853435230989812E-17    0.184168072978372180E+03    0.123523344567781464E+03    0.190463480308026405E+02    0.224589424025822169E+02    0.115926687965492281E+01   -0.609105723812434219E+00   -0.132754008275666835E+01   -0.156329674761619786E+01
    0.516536048816705281E-17    0.184161489004224876E+03    0.516483538388899035E+02    0.216641431315260817E+02    0.276389909029444993E+02    0.306156605985070052E+00   -0.113726680349772225E+01   -0.163704642121333332E+01   -0.249897204633897818E+01
    0.601977151848282321E-17    0.183847527683612157E+03    0.553832378279031872E+02    0.549682303065310194E+02    0.584524088042245360E+01    0.661279140944509569E+00   -0.499459064565013655E+00   -0.223436604104451986E+01   -0.232742725439000608E+01
    0.607118170772432909E-17    0.183822707261043888E+03    0.496299373213290451E+02    0.490363530030246721E+02    0.518217218553211580E+02    0.149877880250764473E+01   -0.756768914395352876E+00   -0.166578925811113687E+01   -0.229588263928102521E+01
    0.656756649123660179E-17    0.183657714559711224E+03    0.447693755044342865E+02    0.606822157526957753E+02    0.483511419089905985E+02    0.965858956935942037E+00   -0.474119310484174772E+00   -0.163530104327401293E+01   -0.246709372349127110E+01
    0.680754330532245962E-17    0.183578126179414198E+03    0.545190602069991002E+02    0.422752887513752214E+02    0.518558263627184672E+02    0.119249859448925855E+01   -0.592695663603956202E+00   -0.143177768170233044E+01   -0.258703724432308091E+01
    0.705656493997362161E-17    0.183498459531955405E+03    0.408097008864084643E+02    0.324469191461249125E+02    0.519269999957394432E+02    0.142998888052716211E+01   -0.786597972583152671E+00   -0.199192162902032011E+01   -0.240776114935968666E+01
    0.104471450577527519E-16    0.182705906311592713E+03    0.112975066720125255E+03    0.200040988910782787E+02    0.371439413227734416E+01    0.121716098968296471E+01   -0.637245886519134830E+00   -0.183482694779607125E+01   -0.173823539707521824E+01
    0.105354989763135635E-16    0.182681250473713732E+03    0.117638231068504240E+03    0.291793588258309171E+02    0.164198099942013940E+02    0.432489526486264542E+00   -0.780131700508152726E+00   -0.110884947262040834E+01   -0.153591233541672678E+01
    0.106187920487401610E-16    0.182657688260756117E+03    0.537112557588798154E+02    0.500810618265475327E+02    0.401901711109241262E+02    0.767359139423096526E+00   -0.664621204685604594E+00   -0.144650339847305709E+01   -0.258288886751503854E+01
    0.110474205733374650E-16    0.182570732356458166E+03    0.654074087654236962E+02    0.546664452496183770E+02    0.228157604342311195E+02    0.104199217368834707E+01   -0.447363680747634884E+00   -0.214228113838001510E+01   -0.198605661733864514E+01
    0.125893403279098001E-16    0.182301612892989908E+03    0.566227725605456413E+02    0.377715391036353196E+02    0.538903231779057563E+02    0.142668277366504159E+01   -0.431992335716770537E+00   -0.135998116755190912E+01   -0.245447791772966273E+01
    0.128898935739468895E-16    0.182246614172462273E+03    0.666005332644495951E+02    0.290099890489251919E+02    0.439453933827047223E+02    0.953571257979380360E+00   -0.498458796121307612E+00   -0.140159959044681659E+01   -0.248163151091465251E+01
    0.133497701214106965E-16    0.182168690462676238E+03    0.489551557372266331E+02    0.173137492601821243E+02    0.543579988401553678E+02    0.113866137660953903E+01   -0.805730026780014041E+00   -0.155753821670050052E+01   -0.233054482607442992E+01
    0.143494127981424473E-16    0.182016458250575681E+03    0.655789719462880782E+02    0.332429302590774185E+02    0.484815559530827116E+02    0.617047450793102747E+00   -0.675532045356837418E+00   -0.140494276629822368E+01   -0.235319591737912903E+01
    0.168622491406043262E-16    0.181685909104009454E+03    0.517538382176147209E+02    0.338539814076873711E+02    0.891048714440588867E+02    0.284242718920455550E+00   -0.658640809838421326E+00   -0.155331806616516443E+01   -0.177883214769736075E+01
    0.193043998696121056E-16    0.181407585208436643E+03    0.804483902155866986E+02    0.538842060905900979E+02    0.593658492677499297E+02    0.769548131448557826E+00   -0.673999324433787628E+00   -0.100585561221400210E+01   -0.165920249326177105E+01
    0.213244122021886806E-16    0.181200733734915588E+03    0.949238213121331000E+02    0.423222956877137406E+02    0.497778157259772485E+02    0.102750796217787244E+01   -0.612327430685753349E+00   -0.102895649846645476E+01   -0.153983706757828154E+01
    0.214367851308468047E-16    0.181182409537924059E+03    0.364392129305933210E+02    0.540148220844278839E+02    0.494297487655130396E+02    0.146923968352884349E+01   -0.746005488530952388E+00   -0.192389065021468508E+01   -0.226711310378731934E+01
    0.214475069677952995E-16    0.181173596966648802E+03    0.507420165229271234E+02    0.347900144782286347E+02    0.697557133840696082E+02    0.624651395515466668E+00   -0.604954505321578573E+00   -0.141954383845433840E+01   -0.255755235499110745E+01
    0.216518257736140474E-16    0.181146821728857134E+03    0.104080864121293914E+03    0.390099516055663500E+02    0.335859264151010564E+02    0.552221258618343702E+00   -0.852411854338087860E+00   -0.124470107724074830E+01   -0.152398674035665493E+01
    0.227001642011781009E-16    0.181044444477345763E+03    0.782145521787226699E+02    0.300713162855694023E+02    0.401095561615322183E+02    0.128686520506881252E+01   -0.326795584278958495E+00   -0.128697074800102951E+01   -0.210233551336527968E+01
    0.233161429169822514E-16    0.180983084393869433E+03    0.404657413373929558E+02    0.497500908065482719E+02    0.609463967820143253E+02    0.921458041469308875E+00   -0.771401068847768379E+00   -0.187622923822650556E+01   -0.243396521633736374E+01
    0.272200803006622171E-16    0.180665653898772234E+03    0.514338612830590662E+02    0.242162231183442778E+02    0.641108213997162153E+02    0.118718580680894714E+01   -0.646717499891072300E+00   -0.211902584424587515E+01   -0.220230869866749535E+01
    0.274820272394681168E-16    0.180638686821164356E+03    0.639920387416300329E+02    0.222533462422247474E+02    0.256253151410555660E+02    0.103393255590693922E+01   -0.487019714118957836E+00   -0.200983074989431021E+01   -0.235006466572821182E+01
    0.299980399399704298E-16    0.180455674704945523E+03    0.830890940035796035E+02    0.191428532100524933E+02    0.383910734225028634E+02    0.856125328685469755E+00   -0.858975284887306234E+00   -0.161806445542586874E+01   -0.172501725628367808E+01
    0.314576604049408652E-16    0.180352841238190138E+03    0.694249312870159940E+02    0.413209292254301346E+02    0.577003243627832152E+01    0.734002664242098590E+00   -0.101280833467446629E+01   -0.155489544921040013E+01   -0.188875827843094668E+01
    0.340875991290790628E-16    0.180184446480843093E+03    0.908918573654026432E+02    0.543412416746395266E+02    0.147682958085460267E+02    0.496382261630039789E+00   -0.691072772532554724E+00   -0.141938070531791971E+01   -0.195643191428404895E+01
    0.347804592075580963E-16    0.180136389869239281E+03    0.482464027186405815E+02    0.593355539013203810E+02    0.535741556977635156E+02    0.136677562168408961E+01   -0.366862701706071492E+00   -0.152331611792047439E+01   -0.217781332733984367E+01
    0.368093581732633227E-16    0.180015184571266133E+03    0.683588388353258551E+02    0.406902721896778701E+02    0.347556796448770982E+02    0.119404823144445227E+01   -0.631171310223965554E+00   -0.213088992867902327E+01   -0.198592599610697107E+01
    0.369304289826292999E-16    0.180000804603535244E+03    0.567422565798963134E+02    0.169179262032734385E+02    0.606387575451790894E+02    0.113564976531569894E+01   -0.776467373992827614E+00   -0.202564666133247240E+01   -0.217194755265392558E+01
    0.373407072901991903E-16    0.179970895633682517E+03    0.601048238566637352E+02    0.479076887257023216E+02    0.231458141136633735E+02    0.969806271440872281E+00   -0.466415817840211577E+00   -0.226471756593052831E+01   -0.203733649024239982E+01
    0.416000656744184513E-16    0.179747047801376368E+03    0.604282683812387802E+02    0.394602631235198658E+02    0.346023146246267146E+02    0.778095753340752316E+00   -0.342934345196455492E+00   -0.193849268239262407E+01   -0.213857259402670419E+01
    0.416745449861822839E-16    0.179735657772473758E+03    0.880918680204839859E+02    0.547954530478002653E+02    0.238159348304402059E+02    0.809283896625774379E+00   -0.586013355060958752E+00   -0.182119933173153914E+01   -0.171137911862062175E+01
    0.424076380353202601E-16    0.179692969316618900E+03    0.492042427681762717E+02    0.227281757454594597E+02    0.484358837128759490E+02    0.467904200909135148E+00   -0.130654958812294164E+01   -0.173265181697273141E+01   -0.210931865248406858E+01
    0.449094055592415362E-16    0.179570519291842515E+03    0.557047519499279744E+02    0.245972486616982167E+02    0.640488504739413145E+02    0.975146231419211418E+00   -0.114524157614950362E+01   -0.109833694448549668E+01   -0.208914272953718294E+01
    0.450626517158918175E-16    0.179555893729676939E+03    0.565959733308517698E+02    0.297114868259380387E+02    0.269544664492832666E+02    0.112624531419817053E+01   -0.122341638466154645E+01   -0.138208351218702452E+01   -0.229831265868861045E+01
    0.485257487008936654E-16    0.179399999677102898E+03    0.529164549788874865E+02    0.523581446223940787E+02    0.256824730673817569E+02    0.939871043237819559E+00   -0.647639331227505721E+00   -0.153808453352688757E+01   -0.258490533004457079E+01
    0.585046423730677729E-16    0.179018164077544697E+03    0.587054575891222470E+02    0.291792866523884307E+02    0.940813465902920321E+01    0.127120877832633461E+01   -0.683541070017339658E+00   -0.246066375785352509E+01   -0.214932292074597520E+01
    0.594543060489118225E-16    0.178978147689431353E+03    0.535266791246822322E+02    0.462197476900399806E+02    0.184365165406547220E+02    0.791469294063488538E+00   -0.714900781795898332E+00   -0.233759020239467130E+01   -0.209400348931719549E+01
    0.683057431268268386E-16    0.178692763593696213E+03    0.579385223406668288E+02    0.654144919726391265E+02    0.207782944649317480E+01    0.811866558094081925E+00   -0.490356835680144432E+00   -0.191597411734041545E+01   -0.235543897688816894E+01
    0.854157777367753302E-16    0.178237877123839752E+03    0.748362920439729749E+02    0.232406433396208065E+02    0.474936334744852502E+02    0.156872978105477312E+01   -0.527643179673593199E+00   -0.199620962201190233E+01   -0.192081773294812996E+01
    0.966787438694515907E-16    0.177982339167154237E+03    0.668882389981485517E+02    0.331077923464567334E+02    0.609933378994941506E+02    0.138678504083103316E+01   -0.914086227594609335E+00   -0.115249027541799487E+01   -0.170589347804266289E+01
    0.109116351359178043E-15    0.177732484280175413E+03    0.119129592184119630E+03    0.371447698358654037E+02    0.163610496841854740E+02    0.133332527673871448E+01   -0.907610090562698479E+00   -0.163861952436828506E+01   -0.162382666765545602E+01
    0.108898370267498815E-15    0.177728671164486542E+03    0.482672727073358843E+02    0.354120275492935264E+02    0.411748253360684657E+02    0.966868852093360598E+00   -0.110956321226499810E+01   -0.191521349687895936E+01   -0.206279448645505248E+01
    0.127457894048371096E-15    0.177406116658735357E+03    0.572581159409585112E+02    0.185710329508685490E+02    0.217377803937885652E+02    0.388189818545123466E+00   -0.120900797910311297E+01   -0.167370240553441874E+01   -0.200322113022024340E+01
    0.139236107950020451E-15    0.177221534072421036E+03    0.460291324828789001E+02    0.587550804579947012E+02    0.727790280873027484E+02    0.146159346755934383E+01   -0.451305363071780263E+00   -0.142173960171850400E+01   -0.195805795836272978E+01
    0.139892753787977429E-15    0.177204311623980686E+03    0.682401059726069121E+02    0.183432221949090000E+02    0.272338832795417041E+02    0.152782321036492830E+01   -0.609740178387268017E+00   -0.121705529746051866E+01   -0.250077618748528030E+01
    0.151314970781731752E-15    0.177039524166203421E+03    0.395725931689257493E+02    0.394950408073553021E+02    0.834115093260138423E+02    0.587545242689534897E+00   -0.503123184100225940E+00   -0.174942706823597471E+01   -0.195614761082480526E+01
    0.155215736071047090E-15    0.176980806803693042E+03    0.681284647271182280E+02    0.380384941587027186E+02    0.136902455670476169E+02    0.131025092443872215E+01   -0.739195664948539832E+00   -0.115634027530925909E+01   -0.250497766222474949E+01
    0.163379404123972172E-15    0.176870476035875242E+03    0.832796840027759941E+02    0.519471052169447418E+02    0.342961514405125385E+02    0.104482015503052139E+01   -0.836811280960854553E+00   -0.105976424948695569E+01   -0.163532835900663742E+01
    0.167966268819310283E-15    0.176807287436519005E+03    0.635727257496511839E+02    0.218242211035607845E+02    0.417858583865045503E+02    0.588938992922935833E+00   -0.648672039061738204E+00   -0.131362843777480176E+01   -0.258183957791401086E+01
    0.182823746595180507E-15    0.176629956182590689E+03    0.400996941906731337E+02    0.371439255847032612E+02    0.623882774166745335E+02    0.108507465251084145E+01   -0.108545477302348847E+01   -0.145571253042745541E+01   -0.207566872064542984E+01
    0.188143990784646571E-15    0.176564773637130799E+03    0.661651538822675462E+02    0.369596227081134501E+02    0.428462214270358714E+02    0.123068624540588134E+01   -0.108608917510129266E+01   -0.102953552526021186E+01   -0.189221373307598295E+01
    0.189007836687523591E-15    0.176547799337021900E+03    0.740321236203871251E+02    0.488218725842888830E+02    0.209363030699104797E+02    0.745385234322669232E+00   -0.114114092641889675E+01   -0.153047971526852189E+01   -0.192678137906871472E+01
    0.199377538143023694E-15    0.176433163385420272E+03    0.810734138519462135E+02    0.540499787927825821E+02    0.469700264904156057E+02    0.842228590776932351E+00   -0.601893806671429887E+00   -0.156070944308343784E+01   -0.166023195070697449E+01
    0.230755618358328713E-15    0.176133032850662318E+03    0.683794183653853480E+02    0.280206659068393797E+02    0.593301353371212130E+02    0.115899808571897389E+01   -0.591284749240191587E+00   -0.196999489740371758E+01   -0.196622761286551739E+01
    0.241980848423893022E-15    0.176030221624770718E+03    0.583473449473520773E+02    0.391031173052484107E+02    0.493262046666456442E+02    0.147104666044096644E+01   -0.523820729134288898E+00   -0.175448995850960787E+01   -0.191563990585071164E+01
    0.244679998593150554E-15    0.176000223836083080E+03    0.410520802973092671E+02    0.551802871330764546E+02    0.751174594418151713E+02    0.996446390910717628E+00   -0.658617025188854566E+00   -0.131759345581441423E+01   -0.219546201247355111E+01
    0.256808369090688341E-15    0.175895653470928721E+03    0.627838227568512011E+02    0.193535026445333855E+02    0.194743852461849016E+02    0.630125268684795459E+00   -0.117803786054157400E+01   -0.129700443360757811E+01   -0.229935208804591529E+01
    0.279926118150959986E-15    0.175715449884123245E+03    0.640237787700983887E+02    0.351456992939701678E+02    0.447500091952423418E+02    0.959262272416007922E+00   -0.111968131157111506E+01   -0.117438918509731560E+01   -0.204035992952186529E+01
    0.320386410786949467E-15    0.175437633191291212E+03    0.643036922825827162E+02    0.318236936474294758E+02    0.470851777312328679E+02    0.150562950308143262E+01   -0.837512910665516142E+00   -0.181032404966457072E+01   -0.182363400746059812E+01
    0.364218888829565924E-15    0.175173366233650540E+03    0.524422296286618277E+02    0.347457955276057220E+02    0.352469911156543461E+02    0.146573811725765824E+01   -0.113924579261434067E+01   -0.163144195729850483E+01   -0.233413193640286476E+01
    0.371887068715258220E-15    0.175123883334409555E+03    0.583565159742270652E+02    0.546766927083302079E+02    0.709885160961365926E+02    0.145369641679726458E+01   -0.554825898146602103E+00   -0.104802114515602041E+01   -0.216073007007323303E+01
    0.449403862337726441E-15    0.174737407385039745E+03    0.545621962976586019E+02    0.379924002347905798E+02    0.281403986806630577E+02    0.925087318646786061E+00   -0.110335668714303337E+01   -0.126294510994665909E+01   -0.236577439902559128E+01
    0.455219065962737189E-15    0.174703881259854541E+03    0.621742159745080727E+02    0.291930522186965931E+02    0.287426502625258848E+02    0.105960124994406302E+01   -0.532654100908750427E+00   -0.159787953508039537E+01   -0.219003531727677370E+01
    0.538972915636897430E-15    0.174358295652603772E+03    0.669681168211176470E+02    0.584944730120170249E+02    0.175800698263518669E+02    0.499838722210476316E+00   -0.503594038134176580E+00   -0.108054206999832569E+01   -0.220769774549518427E+01
    0.561243894101787505E-15    0.174269502673549596E+03    0.489673286845062066E+02    0.304134987699231978E+02    0.443643667817167824E+02    0.153288746003053933E+01   -0.793115776671259987E+00   -0.156670784777398908E+01   -0.223462959066785816E+01
    0.609802965232983587E-15    0.174095729498983644E+03    0.342708733039894256E+02    0.356027160243273570E+02    0.757955367972276974E+02    0.150862580519024436E+01   -0.866224685004603145E+00   -0.176966783209348555E+01   -0.231772387306565353E+01
    0.637968584138786892E-15    0.173997610711391019E+03    0.647042719563109898E+02    0.428902830782946225E+02    0.317720043037364199E+02    0.125060743993494272E+01   -0.812213030638846423E+00   -0.204463384691325434E+01   -0.201565558952213486E+01
    0.681975548222516819E-15    0.173856388685023177E+03    0.654436900752921531E+02    0.228214004933034538E+02    0.338853858987330909E+02    0.907810188015778730E+00   -0.435075373171382784E+00   -0.166522520779028227E+01   -0.236472843702615565E+01
    0.803584121250165938E-15    0.173520400046880070E+03    0.636243793927665848E+02    0.480817953089469512E+02    0.271012018794583973E+02    0.146696650414684271E+01   -0.542827458059393475E+00   -0.192594000895946360E+01   -0.196129700165911869E+01
    0.837984707858703930E-15    0.173428751589458415E+03    0.855377047976090665E+02    0.253996687548907332E+02    0.334022515044564159E+02    0.138746453263386615E+01   -0.375751230362030952E+00   -0.155007404426252604E+01   -0.198109250593178632E+01
    0.882553717755104043E-15    0.173317299479467465E+03    0.550501777753978345E+02    0.666286807235946554E+02    0.451171130627856485E+02    0.809711071987265774E+00   -0.738563313146695766E+00   -0.107472080568330752E+01   -0.209717387803242516E+01
    0.931495069772415355E-15    0.173201544498843475E+03    0.805117963512038131E+02    0.239122073303282008E+02    0.346500802923489459E+02    0.676520914909142568E+00   -0.106203971394636265E+01   -0.137102779179344325E+01   -0.198509887292907861E+01
    0.981875535148817532E-15    0.173088384685257950E+03    0.653022974830026044E+02    0.296267665718116362E+02    0.780440336596969075E+02    0.584506755509863529E+00   -0.684289216328384242E+00   -0.147701554600062845E+01   -0.175408829680547695E+01
    0.997755204900551995E-15    0.173048485372225855E+03    0.616689720063105611E+02    0.425651737788072637E+02    0.374263142427749518E+01    0.788061239278037173E+00   -0.405888917942669458E+00   -0.232478414010108025E+01   -0.216721146472151949E+01
    0.110029586566545654E-14    0.172845020010517061E+03    0.606986312783354833E+02    0.247327375260870994E+02    0.527120720446655469E+02    0.649549555454479344E+00   -0.109047685734468103E+01   -0.142910083233635854E+01   -0.217071250362038493E+01
    0.117398235505995616E-14    0.172707562352305160E+03    0.383167857178083935E+02    0.480531150843892547E+02    0.608351985520459451E+02    0.848098605976901010E+00   -0.906695510653121595E+00   -0.167702086146908913E+01   -0.239758721309808820E+01
    0.121711715925785353E-14    0.172627583078813558E+03    0.510021828315723056E+02    0.283548409602002849E+02    0.852777663764602494E+02    0.790996387362612241E+00   -0.482695685280281506E+00   -0.152100946366951684E+01   -0.243573843503419729E+01
    0.125051895859159658E-14    0.172565623471308868E+03    0.112164751120542917E+03    0.416808622149673980E+02    0.126142975871358463E+02    0.935905959263779175E+00   -0.732907685723598767E+00   -0.105373045919311048E+01   -0.161573331944082343E+01
    0.133432662083421582E-14    0.172428074713911457E+03    0.894799010783396511E+02    0.387555220675449732E+02    0.258128158173565545E+02    0.127385833207033650E+01   -0.725963567351128880E+00   -0.154394634041340439E+01   -0.201150569396482659E+01
    0.139714655871041364E-14    0.172328251766624760E+03    0.894334240570236574E+02    0.401828200221584737E+02    0.259160629063874168E+02    0.880878358278938012E+00   -0.892654761993784573E+00   -0.164493940704858943E+01   -0.191507488185607255E+01
    0.141329508449286993E-14    0.172297455400666536E+03    0.670752781481058094E+02    0.352747975656390977E+02    0.230935303990859779E+02    0.939396827111832700E+00   -0.699766073541741473E+00   -0.132157437476411288E+01   -0.250149416131821090E+01
    0.181174870907917700E-14    0.171792905702408035E+03    0.712012763054602260E+02    0.440833353309394411E+02    0.855125155200916787E+01    0.475705180594977906E+00   -0.113852443398416359E+01   -0.171873301157394276E+01   -0.186839100187913765E+01
    0.185328952747580433E-14    0.171739753869246044E+03    0.587267956978381775E+02    0.460875714390156261E+02    0.138504927835696439E+02    0.436124269655162433E+00   -0.656141721469514216E+00   -0.231971783684626676E+01   -0.202946267682221748E+01
    0.209077266579447657E-14    0.171490798346951664E+03    0.552529313035662994E+02    0.455955925967670055E+02    0.557589928284057237E+02    0.982103100738529328E-01   -0.439671354791774549E+00   -0.132455711767686868E+01   -0.237356486934507505E+01
    0.213560776426953572E-14    0.171440550688816444E+03    0.591819374741167294E+02    0.213383066950126263E+02    0.457178184106400280E+02    0.134337442673183038E+01   -0.959744400295911015E+00   -0.117930680966404378E+01   -0.209924324227136161E+01
    0.229104688403805137E-14    0.171292222999958824E+03    0.639085156011666484E+02    0.169939039392169491E+02    0.444566008546281282E+02    0.615134778456442044E+00   -0.754222422531814374E+00   -0.117302759108022414E+01   -0.252619125302355396E+01
    0.235808193549747018E-14    0.171226731136588057E+03    0.773944097022187094E+02    0.476879968518497179E+02    0.465316771805063070E+02    0.884500597813343337E+00   -0.893953924912017861E+00   -0.105127920275312103E+01   -0.167441093526931772E+01
    0.239388849873803299E-14    0.171188777673860585E+03    0.980610008763701586E+02    0.219410423838716966E+02    0.166534236951908952E+02    0.964834540412337294E+00   -0.488195240572258493E+00   -0.130832294588756914E+01   -0.180234725723737110E+01
    0.250901935862649930E-14    0.171087019269310645E+03    0.502386108295363911E+02    0.516455514267791358E+02    0.508697598317257373E+02    0.146856091276872291E+01   -0.596978842818989275E+00   -0.184915472316112206E+01   -0.183939482343819893E+01
    0.266324476308591480E-14    0.170959900305077895E+03    0.697860894494110795E+02    0.375558205945778738E+02    0.174020661378994532E+02    0.139973820666611304E+01   -0.984714325639211241E+00   -0.114815607570008060E+01   -0.225988305518506305E+01
    0.282307009734884431E-14    0.170835528275841540E+03    0.549966858381563881E+02    0.485551307376730676E+02    0.140647922248834174E+02    0.810602389039994042E+00   -0.919201606302957330E+00   -0.208613785815587871E+01   -0.216391104813583102E+01
    0.311950497867012901E-14    0.170628017078266396E+03    0.540347470120288165E+02    0.459103684516920438E+02    0.273549666403522771E+02    0.439077576748815659E-01   -0.586013514796673851E+00   -0.172946237802095171E+01   -0.219391112923289899E+01
    0.325616552567850186E-14    0.170534452667422045E+03    0.910855730755573632E+02    0.241720825187653396E+02    0.571248392630236097E+02    0.936900552389269614E+00   -0.362531882950900997E+00   -0.146858719989889464E+01   -0.175817231475967373E+01
    0.342653206815270441E-14    0.170424643353637094E+03    0.703033250297129086E+02    0.493472438049667090E+02    0.486835216754098496E+02    0.743788148877316257E+00   -0.490997921475613275E+00   -0.110031016752682320E+01   -0.214476901237091333E+01
    0.351562009859855281E-14    0.170365496386033271E+03    0.615660094810232863E+02    0.330455547110682559E+02    0.634245482369560563E+02    0.123838660705689585E+01   -0.572112932402047525E+00   -0.148184048711327088E+01   -0.213497284583000457E+01
    0.425183468684685852E-14    0.169977414573753293E+03    0.918719799070772893E+02    0.268190878893816773E+02    0.611453320445207922E+02    0.149591976016219563E+01   -0.698222121122862749E+00   -0.107219784748909008E+01   -0.158441195408712865E+01
    0.461972909235583369E-14    0.169803631104655693E+03    0.990019720467082891E+02    0.203647002995932098E+02    0.215798387115827275E+02    0.353242590338630202E+00   -0.881447395039089976E+00   -0.185888558121176617E+01   -0.166619252058954737E+01
    0.609155562559971407E-14    0.169242683758476289E+03    0.516852170634654797E+02    0.527884102245887448E+02    0.371417675185308767E+02    0.152999120563613622E+01   -0.378920252156004445E+00   -0.168665314730047200E+01   -0.224670591269052267E+01
    0.615485975071526022E-14    0.169214194289087118E+03    0.731447198990740901E+02    0.417072389324806565E+02    0.271487564136298953E+01    0.757913708190022128E+00   -0.355727566248951188E+00   -0.200969885243529589E+01   -0.212645441571337779E+01
    0.677806310048542376E-14    0.169013482969880101E+03    0.771930610148743312E+02    0.204525485362572432E+02    0.700946638360266263E+02    0.110860809872378563E+01   -0.440272985369398739E+00   -0.148039490244011551E+01   -0.172598041818914938E+01
    0.697132600420897796E-14    0.168949442332998956E+03    0.903335213750080328E+02    0.245102944576442994E+02    0.315981736273868847E+02    0.440623367956286371E+00   -0.453794536732368359E+00   -0.148002393508775310E+01   -0.183509151021466432E+01
    0.723044579766420785E-14    0.168868639347972476E+03    0.421958186090854426E+02    0.577327245129797575E+02    0.308515922606385153E+02    0.130781613841575317E+01   -0.808171624011246648E+00   -0.176740191635544219E+01   -0.241741952944194738E+01
    0.780818410946488316E-14    0.168707083378515733E+03    0.971378186563987356E+02    0.257671397803500604E+02    0.171627021167422988E+02    0.115315239395833546E+01   -0.595715742648099900E+00   -0.180341219152773369E+01   -0.189056769296859639E+01
    0.954686864102140754E-14    0.168297189315903807E+03    0.535633154271176082E+02    0.538188204221224424E+02    0.626468098817524535E+02    0.737123710641586438E+00   -0.385977938752207095E+00   -0.144841074903836109E+01   -0.193559110750614183E+01
    0.100733086772124596E-13    0.168182024794346148E+03    0.643636130167877099E+02    0.245569396081690954E+02    0.177679891378070067E+02    0.524814214115850386E+00   -0.876606242488302989E+00   -0.127901634795734398E+01   -0.250180095785973311E+01
    0.113418319585835233E-13    0.167936995068111912E+03    0.922792157194880076E+02    0.466666447833198674E+02    0.440297607057214364E+02    0.696242232864054955E+00   -0.595002425260175105E+00   -0.140955586180787673E+01   -0.172473707245040897E+01
    0.117776052692565650E-13    0.167853778495930698E+03    0.556326286348948855E+02    0.238100166230500996E+02    0.808536948341191106E+02    0.124918826165028696E+01   -0.758322563449948195E+00   -0.107884172732513228E+01   -0.221430936133832645E+01
    0.126094773090045952E-13    0.167709468338162736E+03    0.897679794957297332E+02    0.233278925885797968E+02    0.219706318742545257E+02    0.728228387717710923E+00   -0.498230411920882243E+00   -0.122480466083186568E+01   -0.217426740094237392E+01
    0.149138919020477120E-13    0.167365966993349048E+03    0.948716250208248226E+02    0.437662351607848024E+02    0.455539542861014155E+02    0.610373143233135074E+00   -0.402164167445782539E+00   -0.120637175534540697E+01   -0.175825066094288252E+01
    0.168161626491876683E-13    0.167118059762617293E+03    0.548859082998317618E+02    0.415420046594025649E+02    0.151255534586319058E+02    0.124139241728874006E+01   -0.816627033617943976E+00   -0.212520770347710419E+01   -0.204879935557688730E+01
    0.173552340657505982E-13    0.167047139963053155E+03    0.546149264721421304E+02    0.458100595858165178E+02    0.496368884635612275E+02    0.101826174951168635E+01   -0.435719337669928652E+00   -0.172180065846699693E+01   -0.193517532975355455E+01
    0.183150262296702739E-13    0.166931672078625638E+03    0.496251212626194018E+02    0.332161285581590988E+02    0.502669440077191325E+02    0.140822956709355740E+01   -0.927864900597078712E+00   -0.133870736844878446E+01   -0.212101683028039023E+01
    0.191986275395453832E-13    0.166829625647041183E+03    0.746862913884127835E+02    0.224298779151251537E+02    0.735231376163204686E+02    0.104524389901505610E+01   -0.375529766566381262E+00   -0.134428635524405493E+01   -0.193972419946564822E+01
    0.200632208672849625E-13    0.166733714072719295E+03    0.929407794213691290E+02    0.235386475028397300E+02    0.397170746923974320E+02    0.139914977949153685E+01   -0.837638396222626369E+00   -0.108044709194521982E+01   -0.192443583603536950E+01
    0.204315778257658674E-13    0.166689514962022116E+03    0.489206126216668338E+02    0.360069985518052178E+02    0.759681643415146794E+02    0.154972385165894377E+01   -0.629412003502320294E+00   -0.143939868015234507E+01   -0.246431798130007218E+01
    0.203730809866892627E-13    0.166687436795390198E+03    0.477325616913339559E+02    0.251871955283551010E+02    0.266803951954123093E+02    0.156005620238866860E+01   -0.890490787452705268E+00   -0.205859485813406229E+01   -0.224404358160966977E+01
    0.226959532097774609E-13    0.166463679963572304E+03    0.100292498407052321E+03    0.334571411118323141E+02    0.267637379868597236E+02    0.765219201436252328E+00   -0.723916197487308288E+00   -0.179757261541670288E+01   -0.166485735325680761E+01
    0.244757490007575198E-13    0.166304875154097942E+03    0.662383512890620949E+02    0.183731857300985126E+02    0.418585138618918648E+02    0.699641241269653658E+00   -0.523912228829247262E+00   -0.154825318169815263E+01   -0.242630089123621318E+01
    0.247922356089636552E-13    0.166271367187633331E+03    0.591780639498907135E+02    0.296783484469356793E+02    0.827940158242813311E+02    0.132010251663259481E+01   -0.899397621123197766E+00   -0.122265850334578752E+01   -0.192440411816336154E+01
    0.274571735268698660E-13    0.166059360806400349E+03    0.451260293391175153E+02    0.400564427267527918E+02    0.890752006164037908E+02    0.481972138539442763E+00   -0.707585933230589825E+00   -0.124861165969297483E+01   -0.220916598908344630E+01
    0.273962630357151815E-13    0.166055989998298372E+03    0.116877251626509121E+03    0.290802891649729993E+02    0.377680024944257369E+02    0.683339247329618482E+00   -0.658215845243182773E+00   -0.120535634976141726E+01   -0.164558863149069001E+01
    0.326770994141912268E-13    0.165695641717694087E+03    0.580328850407892816E+02    0.166026671098488414E+02    0.226976406459412949E+02    0.133329263599590586E+01   -0.605112659689353016E+00   -0.226122033016040902E+01   -0.220048326039706588E+01
    0.325532910540921906E-13    0.165695421292975709E+03    0.535421347926413134E+02    0.430107094160395604E+02    0.723786777501612590E+02    0.141956315362287167E+01   -0.721181668751905258E+00   -0.120642707610742006E+01   -0.180280147944679081E+01
    0.372512000810960661E-13    0.165417997412870420E+03    0.454685315005016619E+02    0.374945016982117281E+02    0.561152922367808316E+02    0.389204074890530882E+00   -0.111534579550499169E+01   -0.144530326312437718E+01   -0.204148065902520948E+01
    0.396544522429718852E-13    0.165285146774615015E+03    0.457801322874522469E+02    0.374158507958745190E+02    0.414658024406058132E+02    0.736538092190366256E+00   -0.108590546113254827E+01   -0.163837852354638547E+01   -0.240905621706329409E+01
    0.423581269691341936E-13    0.165145420129797628E+03    0.516407992752721228E+02    0.498779764701287931E+02    0.348394022393015561E+02    0.116635784867846426E+01   -0.683262027434395902E+00   -0.133177185605930903E+01   -0.241354573269352279E+01
    0.442094021554846190E-13    0.165052053265543691E+03    0.566380702455735658E+02    0.514129790473205546E+02    0.538860758433448481E+02    0.604942182240027493E+00   -0.563657259236360453E+00   -0.181462662157738142E+01   -0.189584812128524427E+01
    0.466362477092968970E-13    0.164937359562160481E+03    0.755596106598681416E+02    0.289549873027324800E+02    0.354620860071068691E+02    0.133535589930554721E+01   -0.487018233738888640E+00   -0.196309229859510048E+01   -0.203857962613229393E+01
    0.488123873432039223E-13    0.164838334996073002E+03    0.450661929838578175E+02    0.304464286275114873E+02    0.673098958052037801E+02    0.142683949943434407E+01   -0.106180584404566836E+01   -0.163286024925846740E+01   -0.188580379207597160E+01
    0.619991241487439465E-13    0.164352250218743734E+03    0.100724517954879602E+03    0.276566536566832752E+02    0.470693646195479189E+02    0.987625550304831679E+00   -0.844844511603430437E+00   -0.130848071718229697E+01   -0.169326514719151899E+01
    0.649049720241861544E-13    0.164252829772732468E+03    0.124562539959920656E+03    0.215871434685930801E+02    0.190043127995281447E+01    0.121450818184464082E+01   -0.511811155051392186E+00   -0.130780636312958309E+01   -0.168407517841160725E+01
    0.669490300155059564E-13    0.164183002567688732E+03    0.508982636808156883E+02    0.218551110737097858E+02    0.143636955396382771E+02    0.155520956824490586E+01   -0.813788511104189372E+00   -0.209240859712698990E+01   -0.238713169671917846E+01
    0.711568943275314512E-13    0.164053278798705918E+03    0.695199147049547150E+02    0.493346036356924103E+02    0.236859529549672025E+02    0.387546843972998212E+00   -0.696409682430437993E+00   -0.104172463366495016E+01   -0.231216821374499171E+01
    0.737368605679046959E-13    0.163974235100255811E+03    0.956459320000431177E+02    0.338192043655917018E+02    0.562847656551514746E+02    0.316295562861222790E+00   -0.553160099919776549E+00   -0.146102098492599608E+01   -0.157058855286597399E+01
    0.794711883820770441E-13    0.163816639143997065E+03    0.745584056179798011E+02    0.558813864578806445E+02    0.194002147163504937E+02    0.106978055825107066E+01   -0.959664398161443222E+00   -0.127551801415943133E+01   -0.182138906877123286E+01
    0.103950036286949411E-12    0.163271795008598474E+03    0.667004648175785633E+02    0.269682525409111733E+02    0.200151517530514234E+02    0.648760898164411404E+00   -0.888534330142176643E+00   -0.213070868630338417E+01   -0.196985156106478176E+01
    0.108392102909646724E-12    0.163180292765438537E+03    0.515036552779383214E+02    0.209135996995308204E+02    0.340871559934549140E+02    0.146475932813313969E+01   -0.776504165656643375E+00   -0.199525917770577221E+01   -0.246895693102300307E+01
    0.108443371502986443E-12    0.163171534505166903E+03    0.831396722187974575E+02    0.219340790702037012E+02    0.257948545336443225E+02    0.148002258443437307E+01   -0.439160762621026990E+00   -0.144311620446183064E+01   -0.209713220567146497E+01
    0.116018598312844142E-12    0.163028677218292074E+03    0.561371255550034860E+02    0.534405344676127072E+02    0.548140329912211612E+02    0.687461820314200889E+00   -0.780148900785927690E+00   -0.115696555490477326E+01   -0.212764366113485970E+01
    0.120014910090046009E-12    0.162953133763740169E+03    0.896946377074017818E+02    0.208312773263109463E+02    0.556732090838123526E+02    0.121116937615297404E+01   -0.470328000865471774E+00   -0.104609389796828278E+01   -0.180605990015658469E+01
    0.128951303844407916E-12    0.162801683548335404E+03    0.543181295638750186E+02    0.528979808556516957E+02    0.137044077286590174E+02    0.110799149646146788E+01   -0.706965156722263899E+00   -0.215284031830715428E+01   -0.219495197734885483E+01
    0.131998534229025876E-12    0.162747159098969718E+03    0.665458099645070575E+02    0.483285440331320473E+02    0.990955871034736901E+01    0.454599419228152390E+00   -0.105563461489377119E+01   -0.127049784551126255E+01   -0.212960804132261527E+01
    0.142738033894119310E-12    0.162582906196543689E+03    0.854488379926800121E+02    0.588072435405233378E+02    0.209547923970845709E+02    0.701675376731667688E+00   -0.391847387901637978E+00   -0.169266922357271943E+01   -0.180487597886773665E+01
    0.143859593860595293E-12    0.162559440172812145E+03    0.103328859579376925E+03    0.165773610936777445E+02    0.258489014907449430E+02    0.139831451131339324E+01   -0.574191684905012378E+00   -0.103131179518384419E+01   -0.176869910373192241E+01
    0.161235672586530023E-12    0.162323569036264558E+03    0.848561322816821786E+02    0.433829964741916001E+02    0.441499388716753103E+02    0.153493752620992696E+01   -0.596533696114792900E+00   -0.141753719580723470E+01   -0.162058091218182576E+01
    0.161091096634823611E-12    0.162317550690212755E+03    0.643453534987522886E+02    0.574369697246523998E+02    0.148025407280889905E+02    0.123659690502407216E+01   -0.870864322083039433E+00   -0.110189795340287122E+01   -0.217020512317996417E+01
    0.164276689157471775E-12    0.162270573964908493E+03    0.695585649032795175E+02    0.267093071154494552E+02    0.345955701819392303E+02    0.155094032898345846E+01   -0.591689961854996227E+00   -0.124661397752760839E+01   -0.243283514056168704E+01
    0.184266941630125754E-12    0.162033094783391505E+03    0.633245558639129200E+02    0.338919505125316505E+02    0.333995953994244488E+02    0.151567392691934399E+01   -0.451839745313620922E+00   -0.183079448940479095E+01   -0.233391543310862826E+01
    0.201110005077974426E-12    0.161850349140775535E+03    0.460718515746955575E+02    0.408704357960430684E+02    0.651145200286273393E+02    0.124813528588981315E+01   -0.775143407283060970E+00   -0.153302551893098338E+01   -0.244105487499647644E+01
    0.208229374467462702E-12    0.161772960267430250E+03    0.557465980416220006E+02    0.490553676452830842E+02    0.133370881642750536E+02    0.853674392655642378E+00   -0.581369932579991922E+00   -0.215751483331153482E+01   -0.212479446965982532E+01
    0.220185847551464553E-12    0.161653484332688691E+03    0.486840335188340987E+02    0.335270444119573199E+02    0.177211645963556848E+02    0.806306263721590533E+00   -0.909325610342474722E+00   -0.187282228208685075E+01   -0.244161644640095110E+01
    0.221446067057887182E-12    0.161634257594855740E+03    0.488602379730654590E+02    0.327524823143372572E+02    0.351563902398114578E+02    0.113518658785355697E+01   -0.634858213613626265E+00   -0.207680258231631765E+01   -0.238769526048757497E+01
    0.236640321155968126E-12    0.161493720523145015E+03    0.371327462786584874E+02    0.418515287350994925E+02    0.791723667352630116E+02    0.109257012394839625E+01   -0.380968313697552130E+00   -0.164678158422379628E+01   -0.200489544058552038E+01
    0.242881085321702951E-12    0.161433846809871199E+03    0.920003480904530733E+02    0.386736981923497396E+02    0.542117910381933399E+02    0.133818241837397767E+01   -0.452532667869129490E+00   -0.134289241476080501E+01   -0.159731230757768494E+01
    0.252385403214578218E-12    0.161349263641288417E+03    0.492091920304414501E+02    0.228780886986383329E+02    0.646849495538618982E+02    0.123092637704006180E+01   -0.674477312379231142E+00   -0.181270235437411942E+01   -0.250020804054667334E+01
    0.275993480454918437E-12    0.161162611247572016E+03    0.656929345512051697E+02    0.582168902604978484E+02    0.513947229136154693E+01    0.382861048362612144E+00   -0.465034340254777634E+00   -0.148781181228428716E+01   -0.234186754883976889E+01
    0.275924531428728255E-12    0.161155298452419970E+03    0.579879154357383797E+02    0.248953524478076602E+02    0.361559378567535532E+02    0.124501763313023495E+01   -0.125231793360978783E+01   -0.170873550369557758E+01   -0.206603243254113744E+01
    0.281685013044850736E-12    0.161106161792091370E+03    0.725976636706060674E+02    0.167241714040810265E+02    0.546411655677135286E+02    0.777096376964117153E+00   -0.433458759449865116E+00   -0.145633066060200633E+01   -0.215573733329488704E+01
    0.302383190591639937E-12    0.160956538123183009E+03    0.571189960229371749E+02    0.211106614219133206E+02    0.641595525511555991E+02    0.945216718340674888E+00   -0.594426234825959021E+00   -0.152383757778505013E+01   -0.248259483996720798E+01
    0.346044585857715016E-12    0.160678980480135408E+03    0.619901474471758505E+02    0.386222831701668952E+02    0.338882874700471461E+02    0.105273700144659044E+01   -0.376317911529636007E+00   -0.191799342504584436E+01   -0.224624341272915107E+01
    0.352611896836163944E-12    0.160633567215942662E+03    0.437542388496902177E+02    0.376392308375796745E+02    0.572333167359083177E+02    0.144077220028989661E+01   -0.555459393891039710E+00   -0.172542127376263488E+01   -0.237030522088036122E+01
    0.382264223346677996E-12    0.160464266628054133E+03    0.748857569616076120E+02    0.438304044972626627E+02    0.235834175967493742E+02    0.103455975076153694E+01   -0.103756288927793872E+01   -0.115172535318307157E+01   -0.186237020528081865E+01
    0.385229536275421759E-12    0.160440999525867511E+03    0.949209228321129928E+02    0.176629553321934125E+02    0.401477812442034576E+02    0.800440997162899293E+00   -0.793803611566144207E+00   -0.161904670508477033E+01   -0.187016451392483507E+01
    0.397470051891800330E-12    0.160370626555161266E+03    0.110242117218607305E+03    0.249049540512250402E+02    0.218716857596467875E+02    0.130187853872684589E+01   -0.409093382720115306E+00   -0.135542791400613050E+01   -0.180823900583682784E+01
    0.396616305951574216E-12    0.160367114576185145E+03    0.548949905020887456E+02    0.187800092940902807E+02    0.327714632204974237E+02    0.882730553831775677E+00   -0.977002289296487803E+00   -0.145740347892162170E+01   -0.226358226860638778E+01
    0.396151217032574765E-12    0.160361648736253187E+03    0.118763408063857696E+03    0.356254886513467000E+02    0.124494457407776249E+02    0.104742335262547615E+01   -0.656463441475165110E+00   -0.175688732170129880E+01   -0.168900360201161703E+01
    0.398094685030867591E-12    0.160344048477212368E+03    0.628547688418497756E+02    0.300061932302612782E+02    0.546077948473979902E+02    0.871232507024276459E+00   -0.754497608867902514E+00   -0.117461752652898443E+01   -0.238435302344849198E+01
    0.409854855619917576E-12    0.160278009562690727E+03    0.470122020253120994E+02    0.517759364081379090E+02    0.656622766064098471E+02    0.147751659017674952E+01   -0.428363704701949732E+00   -0.147255527658605878E+01   -0.188295654987338246E+01
    0.415648637608529764E-12    0.160242122670898993E+03    0.811141173904877064E+02    0.477071130430118657E+02    0.167180427520690422E+02    0.221290582348766279E+00   -0.464465754794375574E+00   -0.123864838119756548E+01   -0.218525133882438061E+01
    0.414315134415422509E-12    0.160240736978359905E+03    0.681398401100171043E+02    0.225823417527046857E+02    0.719981681245273109E+02    0.126325860784470345E+01   -0.796109900156884986E+00   -0.166952757340446079E+01   -0.177155801851081907E+01
    0.443572232856223163E-12    0.160096456918341914E+03    0.827446201588150672E+02    0.433511884436581383E+02    0.238015843205324238E+02    0.105201466168781455E+01   -0.682069046214309083E+00   -0.185579782730893106E+01   -0.198099464921302015E+01
    0.452793779013005996E-12    0.160047492159636590E+03    0.759772371275149112E+02    0.187570304394741356E+02    0.160510868274140748E+02    0.710450284398624787E+00   -0.702348094103281362E+00   -0.146501422831350592E+01   -0.232502816330592132E+01
    0.469815661206435058E-12    0.159965872420227043E+03    0.584340672157646637E+02    0.418371429562173915E+02    0.361203427497851237E+02    0.734299294276502090E+00   -0.712454799123708682E+00   -0.122304050812468645E+01   -0.245740622769508121E+01
    0.485198933867664930E-12    0.159893622775842857E+03    0.541484209423202429E+02    0.244381081269812519E+02    0.825383740138080952E+02    0.142333338164482526E+01   -0.777604770163396353E+00   -0.166687177548312260E+01   -0.174102566448535168E+01
    0.534780319951894088E-12    0.159691216144053129E+03    0.590212816348399087E+02    0.583224648218386861E+02    0.450097455558236064E+02    0.892000043326465430E+00   -0.497327128345010028E+00   -0.114461271901611239E+01   -0.217841553417911316E+01
    0.818577990315268907E-12    0.158831978381941411E+03    0.577310813030695300E+02    0.237267938311964528E+02    0.437003528718018472E+02    0.143079698078655437E+01   -0.104422524393645388E+01   -0.126499834240834286E+01   -0.209591322038926231E+01
    0.831197741204867383E-12    0.158793567790827353E+03    0.608995264609279090E+02    0.394166202828968721E+02    0.610399948839582365E+02    0.109119722611949133E+01   -0.690830284682296902E+00   -0.137377831101073200E+01   -0.202962884532926147E+01
    0.999289895182993088E-12    0.158417400891525460E+03    0.591816503210159794E+02    0.160428896087856252E+02    0.643039936123349491E+02    0.386659339575824046E+00   -0.948152415979261143E+00   -0.110494580144152987E+01   -0.222366011317015122E+01
    0.103781704537276602E-11    0.158333928652719123E+03    0.597984046483932588E+02    0.429563467518946496E+02    0.501391255770927273E+02    0.654133954822432306E+00   -0.382867379541702357E+00   -0.142656992678677397E+01   -0.213197558306987744E+01
    0.111135576742293230E-11    0.158189193813203644E+03    0.644291188008991611E+02    0.248526648375740997E+02    0.480044534457394789E+02    0.129068430256093736E+01   -0.932090149246837862E+00   -0.108353393548211985E+01   -0.230042717215415760E+01
    0.112575186651514438E-11    0.158155640400968935E+03    0.796055141858754496E+02    0.199969733375448051E+02    0.448697296076620944E+02    0.136708541073597778E+01   -0.907388328643125908E+00   -0.106604866553611144E+01   -0.180377383769970856E+01
    0.128888549913006691E-11    0.157877174395829030E+03    0.694400857105572840E+02    0.191690683696847870E+02    0.455063251914274431E+02    0.144775954145240893E+01   -0.104865457409333906E+01   -0.169469781797234975E+01   -0.203558590382012117E+01
    0.141143348609086225E-11    0.157687705987910562E+03    0.608353476394652333E+02    0.397749827323038403E+02    0.605880365964291698E+02    0.146245700236724296E+01   -0.823396692573862055E+00   -0.158331143779191130E+01   -0.168032299355534054E+01
    0.143475512348759461E-11    0.157647116799410327E+03    0.558827469588825920E+02    0.332842840486744933E+02    0.124309305740809375E+02    0.756668833559401288E+00   -0.107226683948491974E+01   -0.179757128582232850E+01   -0.203823801393767212E+01
    0.171044227361219251E-11    0.157287788724178910E+03    0.120153509569242487E+03    0.212057371338055241E+02    0.190173905926324878E+02    0.106289267230429041E+01   -0.600737658801734131E+00   -0.125888010116621896E+01   -0.175935041371475509E+01
    0.238836666263284725E-11    0.156612260722284134E+03    0.808016655056293445E+02    0.323198125154237843E+02    0.105546224060205436E+02    0.254555030464127419E+00   -0.627909217170947942E+00   -0.148333639974570697E+01   -0.223152848385895330E+01
    0.245453603452696091E-11    0.156549792166577191E+03    0.534487649098828044E+02    0.527555852272702097E+02    0.214776890444173425E+02    0.853267707082279836E+00   -0.789604031978230259E+00   -0.175292992678828452E+01   -0.241682115592069247E+01
    0.280203835475757766E-11    0.156277160905060867E+03    0.663287776969140594E+02    0.661168623706053893E+02    0.169012881654596185E+02    0.577941078510913475E+00   -0.613805135010656144E+00   -0.133418691680971646E+01   -0.189010538252290061E+01
    0.289335523787887192E-11    0.156205209056061847E+03    0.544108353773452365E+02    0.346110178914504019E+02    0.497813315497859037E+02    0.100918598162174766E+01   -0.594012661802675535E+00   -0.173963436631208923E+01   -0.244881887966615164E+01
    0.305510500108866969E-11    0.156088602252854344E+03    0.641887897327873844E+02    0.197048465745301691E+02    0.759309781845726235E+02    0.125761561694019974E+01   -0.471643514271427033E+00   -0.129329931955715294E+01   -0.223348562123063488E+01
    0.309930769429654882E-11    0.156052060153143742E+03    0.988626121626986958E+02    0.174531542825310844E+02    0.325288276093904400E+02    0.104536210845732302E+01   -0.981109983111177364E+00   -0.161956655371824043E+01   -0.168381664941419373E+01
    0.309082021825153955E-11    0.156049732180432159E+03    0.575834442586504736E+02    0.272991841609288741E+02    0.433387221138069449E+02    0.124168616913894803E+01   -0.960242964851085068E+00   -0.115112404404828372E+01   -0.230345410419557073E+01
    0.309908286593250651E-11    0.156036580241364220E+03    0.991304235068003123E+02    0.155757122257625742E+02    0.389537786085564477E+02    0.830911651194397249E+00   -0.917850314392372191E+00   -0.147154644238026577E+01   -0.179654022497833843E+01
    0.327321775841980842E-11    0.155919433127290688E+03    0.670759234638002226E+02    0.307919897760739971E+02    0.631659184842178405E+02    0.721014844721787673E+00   -0.503917858433975407E+00   -0.112318999141744991E+01   -0.223181426484457068E+01
    0.332570186290057082E-11    0.155879806200566122E+03    0.627600985135328457E+02    0.304100568600059802E+02    0.861993031893472477E+02    0.996845019597512483E+00   -0.837450467974544921E+00   -0.112595821224222536E+01   -0.187693367130459787E+01
    0.339514120798176249E-11    0.155830664471261542E+03    0.547352393462931985E+02    0.276841793148925746E+02    0.157196168000352845E+02    0.130343859724898281E+01   -0.654510367384912861E+00   -0.186005462676582578E+01   -0.234042200836121683E+01
    0.416477194952993134E-11    0.155414219637193071E+03    0.743575486077836132E+02    0.180318019298208050E+02    0.660155440585671869E+02    0.105375109970627201E+01   -0.663798435348612825E+00   -0.114628374525332877E+01   -0.182622187712751338E+01
    0.432465565502708050E-11    0.155331065137644885E+03    0.612357582165910372E+02    0.190307577975039059E+02    0.305521755715900944E+02    0.909944852384137359E+00   -0.101963922347672487E+01   -0.154380102866465263E+01   -0.202746460859434441E+01
    0.450122369656501476E-11    0.155243219092645148E+03    0.538078103770270744E+02    0.371753858367048835E+02    0.107036061638522533E+02    0.114363595899498116E+01   -0.808406650382176961E+00   -0.211837614709774780E+01   -0.231039990758978142E+01
    0.448901487740985709E-11    0.155240838629430300E+03    0.645543297158186249E+02    0.165495422687016855E+02    0.468929868985200784E+02    0.106006584772453327E+01   -0.717384933610099473E+00   -0.117112132668878433E+01   -0.223857283630450654E+01
    0.490066244248818065E-11    0.155057551900756863E+03    0.645555834678699654E+02    0.201096959656593164E+02    0.106527917259634233E+02    0.937326631083379214E+00   -0.783271308510152142E+00   -0.181661149353111728E+01   -0.234675752154520900E+01
    0.499777130480148373E-11    0.155010496029357313E+03    0.525063013695293535E+02    0.227022497169202779E+02    0.475890764862951201E+02    0.502664669022892974E+00   -0.115574303137912660E+01   -0.147285308075545140E+01   -0.226627178163146814E+01
    0.500377987981469587E-11    0.155000280471821469E+03    0.665765759638073433E+02    0.228841667148716184E+02    0.359259757181310349E+02    0.137238873841091058E+01   -0.885964375869211507E+00   -0.111774085108924193E+01   -0.235975383579183617E+01
    0.534347664743057330E-11    0.154861102180009055E+03    0.612590825686127189E+02    0.357021979084539183E+02    0.455841021277088387E+02    0.806675770060137021E+00   -0.102643597740755554E+01   -0.146946612733396709E+01   -0.185558230479062813E+01
    0.571778894205765795E-11    0.154717878313261309E+03    0.426563389622894320E+02    0.454504136797840630E+02    0.407726483254342398E+02    0.503008708466931131E+00   -0.771761492521028769E+00   -0.180593189715921509E+01   -0.237646518823031005E+01
    0.583227080478736980E-11    0.154670417321564344E+03    0.722448983193554852E+02    0.262688402888925232E+02    0.647005577801769931E+02    0.698385995383879465E+00   -0.502119257289345589E+00   -0.137455343771523442E+01   -0.202597099810610093E+01
    0.643480970372472963E-11    0.154465973140323598E+03    0.508850721027596791E+02    0.315336915501291664E+02    0.765596372979314879E+02    0.133460258379738916E+01   -0.653280739387345655E+00   -0.171837363735077986E+01   -0.177775367506703375E+01
    0.683001297496158053E-11    0.154338952030838897E+03    0.807647693412718866E+02    0.450415468177410645E+02    0.149213984142398139E+02    0.526039721340586741E+00   -0.899970387309791509E+00   -0.101112419053816716E+01   -0.191864618324084435E+01
    0.699081158686730809E-11    0.154284599364696135E+03    0.422697436277510334E+02    0.409491763452313222E+02    0.830668148320556270E+02    0.134309167180325173E+01   -0.710363642199818512E+00   -0.147350372837848353E+01   -0.189379732086900354E+01
    0.702573114732449971E-11    0.154266821601973675E+03    0.534042418862173633E+02    0.418539416691534214E+02    0.857842369212992821E+02    0.148491546250717255E+01   -0.416811078002913504E+00   -0.126785668194680712E+01   -0.205184663694575953E+01
    0.728098785129243217E-11    0.154187634583680023E+03    0.934301346890049587E+02    0.361716033939230854E+02    0.537201754939487870E+02    0.147387931496748026E+01   -0.425447601676126164E+00   -0.122456799338883604E+01   -0.168393941769311084E+01
    0.767591086238546037E-11    0.154074181246264516E+03    0.389075717662217997E+02    0.255289822151758727E+02    0.696251692143122369E+02    0.143309327047971080E+01   -0.956695679955122280E+00   -0.185432043652337097E+01   -0.212280482217912958E+01
    0.853173982054203656E-11    0.153854956066205489E+03    0.112277860216646857E+03    0.302026996863842712E+02    0.291818529135819311E+02    0.122188497554876618E+01   -0.540856999135975069E+00   -0.111621599797237270E+01   -0.167348833084820803E+01
    0.887253589703207044E-11    0.153768808874591713E+03    0.626193424834865979E+02    0.616298096766776951E+02    0.149036507255056900E+02    0.218445410676296664E+00   -0.849712350732858113E+00   -0.137078431561028680E+01   -0.195924666055429020E+01
    0.886904645723159867E-11    0.153761783100324664E+03    0.881211338548797158E+02    0.234709446216188660E+02    0.601394173149893945E+02    0.129407565348213405E+01   -0.750024382885852159E+00   -0.121863060835336912E+01   -0.181529346766352662E+01
    0.103855285448891738E-10    0.153438278475277286E+03    0.851367953086900258E+02    0.370062143805943009E+02    0.143707958428333047E+02    0.447262393202117803E+00   -0.102516792561333303E+01   -0.128919076041894742E+01   -0.178624535719940702E+01
    0.108643310040331963E-10    0.153340322600758043E+03    0.704411014694956634E+02    0.368681194038974454E+02    0.602627195854356756E+02    0.394669204330226453E+00   -0.716362092755306490E+00   -0.154770688009193358E+01   -0.179967930930476006E+01
    0.110665839818627413E-10    0.153295619945987795E+03    0.549426450929464849E+02    0.232271247383609492E+02    0.638789695335789460E+02    0.362015895477505345E+00   -0.645322346679964465E+00   -0.170669565979868731E+01   -0.239878327999417351E+01
    0.122631391402867793E-10    0.153082471787273249E+03    0.667252682180374421E+02    0.489319376189288917E+02    0.565785968100537744E+02    0.628506708728747032E+00   -0.383753604821343686E+00   -0.158182571381861425E+01   -0.178708968447087613E+01
    0.123943300744236456E-10    0.153053376945450168E+03    0.518957805648362225E+02    0.400376087113285735E+02    0.343472298274912404E+02    0.124386212272241359E+01   -0.101839892022117495E+01   -0.150565195794218054E+01   -0.237175384266496359E+01
    0.129444292654609221E-10    0.152958711631316703E+03    0.111284431735377993E+03    0.303853457711532258E+02    0.104260751877189577E+02    0.129512101896065079E+01   -0.656171157077531042E+00   -0.103169855291942203E+01   -0.173194221847997287E+01
    0.143995466744176415E-10    0.152737836727117354E+03    0.422967113939897530E+02    0.512265645541815360E+02    0.587532267305244531E+02    0.121344368170084449E+01   -0.427282375439597573E+00   -0.166036901035993623E+01   -0.223891408686865034E+01
    0.162229563331441001E-10    0.152491563083881346E+03    0.976218426423243528E+02    0.454718771203703298E+02    0.416303032722039319E+02    0.972027768528892167E+00   -0.452382582603414019E+00   -0.159324102676935109E+01   -0.166270727547022634E+01
    0.173300555072124523E-10    0.152351720564048719E+03    0.658436055396545470E+02    0.286693964970402213E+02    0.258043890621338328E+02    0.144383643745610502E+01   -0.681275112389011728E+00   -0.118255138746872435E+01   -0.233380823366221701E+01
    0.173890427135785712E-10    0.152337112119897455E+03    0.912100859782052140E+02    0.311660128312101037E+02    0.237325298849374668E+02    0.702037323683097791E+00   -0.546318987977177262E+00   -0.113589853659791684E+01   -0.182184452809689934E+01
    0.184175013087553721E-10    0.152214377436133219E+03    0.654866970423202304E+02    0.388090159314773260E+02    0.226611315536102218E+02    0.722970828695262746E+00   -0.462472637768779782E+00   -0.178490711351438835E+01   -0.230516013416753740E+01
    0.186964595208173627E-10    0.152176499326408333E+03    0.596774229667133653E+02    0.343332220105122161E+02    0.682692033124136515E+02    0.102624209418294643E+01   -0.629060564992601101E+00   -0.130871689387590218E+01   -0.214392014496666627E+01
    0.214593265589137306E-10    0.151893036466433244E+03    0.559591103702307890E+02    0.161372789195807691E+02    0.647495361324014027E+02    0.352958166629350589E+00   -0.538852089357845676E+00   -0.162808857985747024E+01   -0.231695136273989588E+01
    0.223000177147480200E-10    0.151808367731705630E+03    0.649256665596959550E+02    0.358335623464102468E+02    0.382426740373320797E+02    0.722484169348844185E+00   -0.106075907465568120E+01   -0.128517586465916622E+01   -0.207281005450041089E+01
    0.235185758151203819E-10    0.151694149039166064E+03    0.823885836780706597E+02    0.359515568842315574E+02    0.780346182049859038E+01    0.694371127302915170E+00   -0.600078767156876580E+00   -0.135007340525889497E+01   -0.223091547456878736E+01
    0.252128286977085487E-10    0.151547211796826957E+03    0.894168492371741053E+02    0.529155583933037690E+02    0.287485917289354518E+02    0.114128756305327350E+01   -0.559735035181114782E+00   -0.147637327561592757E+01   -0.167356961170397511E+01
    0.253566453420065538E-10    0.151528023498698872E+03    0.513608727607077213E+02    0.229418284593920845E+02    0.607398816045461771E+02    0.118714558113195112E+01   -0.860183838161822312E+00   -0.133728679037217058E+01   -0.237242346866112985E+01
    0.254718891602882789E-10    0.151511141760965586E+03    0.394375582356177645E+02    0.413430285572283367E+02    0.712624655051298959E+02    0.142833445719896401E+01   -0.669037158183842795E+00   -0.167538854626922129E+01   -0.190800414477496383E+01
    0.261969516726622676E-10    0.151447194066150985E+03    0.609460450013718855E+02    0.554734890119295443E+02    0.166023921450800778E+02    0.953102587081421038E+00   -0.536917778837102455E+00   -0.200305409936424894E+01   -0.206997535500144902E+01
    0.271819551987208341E-10    0.151365560994733272E+03    0.565688127011225959E+02    0.245439032593466635E+02    0.741579882031873439E+02    0.119203994179041328E+01   -0.454023434639979406E+00   -0.134419506619065388E+01   -0.215313165028793696E+01
    0.275371641289514383E-10    0.151331782147016781E+03    0.806850187503834064E+02    0.287833316092780152E+02    0.509564790224301518E+02    0.124849242007677841E+01   -0.909581436969865820E+00   -0.153816886369004502E+01   -0.185051234232373440E+01
    0.307226354825527619E-10    0.151105043287309002E+03    0.559750984471720301E+02    0.255222218228483584E+02    0.484929798070487905E+02    0.892915729188689444E+00   -0.762859770934863235E+00   -0.168436145192287912E+01   -0.244040593591688104E+01
    0.352319280617242486E-10    0.150823324740016943E+03    0.764406449943659538E+02    0.651289389532334724E+02    0.186168659758907218E+02    0.795884617304941644E+00   -0.456047505136623066E+00   -0.131362200210512348E+01   -0.193144917434554508E+01
    0.385675397340152312E-10    0.150634595711104737E+03    0.518380401284936454E+02    0.600804660419636249E+02    0.204245016772956198E+02    0.152218144750943063E+01   -0.671651993725535634E+00   -0.189841660526749267E+01   -0.209707820604586059E+01
    0.385548435462045445E-10    0.150627441706726131E+03    0.560619453697759482E+02    0.334786834215731588E+02    0.826613522832241472E+02    0.105558918630093235E+01   -0.692933034213125687E+00   -0.112051988423453563E+01   -0.194410012656945508E+01
    0.387679336134065831E-10    0.150608605774072288E+03    0.655335823311379073E+02    0.669242556426065960E+02    0.184675338678494505E+02    0.379907441533307411E+00   -0.707200736097608473E+00   -0.141668861429446391E+01   -0.188001931212674123E+01
    0.416514080116144347E-10    0.150457309829718724E+03    0.568012417013039936E+02    0.494457430645944953E+02    0.403084790045925132E+02    0.740598571685493479E+00   -0.509386760975327313E+00   -0.144665079436225952E+01   -0.207978146009459008E+01
    0.460881074127334298E-10    0.150247057791347231E+03    0.778952809102519126E+02    0.286273244882726097E+02    0.968252099316841708E+01    0.709001272787498804E+00   -0.697489141599048068E+00   -0.162040188672956020E+01   -0.219157001146678043E+01
    0.489151374557217699E-10    0.150120181361405940E+03    0.765758345979702000E+02    0.440792724473692346E+02    0.272883134942338650E+02    0.117708045438562947E+01   -0.434813969092791464E+00   -0.169544513735641811E+01   -0.203269490315723722E+01
    0.504963846386019088E-10    0.150048739192596315E+03    0.598609510734732666E+02    0.365497687540463261E+02    0.596649340711855629E+02    0.637659677984493745E+00   -0.764480121397663748E+00   -0.102175528073041155E+01   -0.205522477994893560E+01
    0.504387393978056046E-10    0.150043211140061544E+03    0.659554377055125371E+02    0.644808970127802183E+02    0.589847234778430707E+01    0.136697871921936676E+01   -0.835293928317655920E+00   -0.151056158217544945E+01   -0.201334611212848991E+01
    0.519103699194596067E-10    0.149977880525437229E+03    0.796476700399004329E+02    0.159474790810222178E+02    0.423935011415906615E+02    0.132266885504781695E+01   -0.628743610657887864E+00   -0.141019667505564317E+01   -0.217742543654821841E+01
    0.594944517683314006E-10    0.149697339056178379E+03    0.615753083574087725E+02    0.307605082136134413E+02    0.268297373949481921E+01    0.150595652011787151E+01   -0.849434154253709606E+00   -0.199160516537627519E+01   -0.223707539312090509E+01
    0.593649241194253655E-10    0.149693885579577682E+03    0.759467018232999891E+02    0.186172177815767057E+02    0.544814815644207826E+02    0.106265334650478671E+01   -0.618105005450042988E+00   -0.146373374982029425E+01   -0.184929761404285009E+01
    0.618793590318412405E-10    0.149603106842589966E+03    0.521125438037425539E+02    0.381974061292609335E+02    0.565423560286741065E+02    0.125238476264757215E+01   -0.775431443842647727E+00   -0.131842269731429340E+01   -0.196819106499728158E+01
    0.642829321186660473E-10    0.149519079368166871E+03    0.791357422029192321E+02    0.290659361249466599E+02    0.432954102204732649E+02    0.773821165814639222E+00   -0.476729014315644406E+00   -0.139279349544740860E+01   -0.188660284409310330E+01
    0.700568941578455564E-10    0.149339239806181354E+03    0.581924391246603108E+02    0.195923371789627083E+02    0.483356452426445813E+02    0.116870919333388268E+01   -0.581861547985908834E+00   -0.163172504927601869E+01   -0.238518457461254130E+01
    0.705087523113996646E-10    0.149318568980656380E+03    0.914075234545167206E+02    0.385932760773237220E+02    0.354502159247855460E+02    0.124177705571360830E+01   -0.468445384322286662E+00   -0.155821395480978708E+01   -0.175179742776978431E+01
    0.711976130291634760E-10    0.149291311591434436E+03    0.530410898081136821E+02    0.528454831870373312E+02    0.548411854395650877E+02    0.763397955971009567E+00   -0.448733238183288474E+00   -0.180251812999422567E+01   -0.183723933499514080E+01
    0.731205753053168661E-10    0.149230198087251608E+03    0.427770467229744611E+02    0.329390462968260920E+02    0.635856198473951011E+02    0.138286492643702341E+01   -0.965734261770261337E+00   -0.153333171909530486E+01   -0.234385461273826090E+01
    0.751502516064720519E-10    0.149167626248903275E+03    0.834911157927399756E+02    0.447974575790397509E+02    0.343514440424147907E+02    0.527849526056034191E+00   -0.404297433097697390E+00   -0.178767210274375277E+01   -0.183395737231749156E+01
    0.818704142537291652E-10    0.148988517310859578E+03    0.622052725110470277E+02    0.202539813299126266E+02    0.780320045020563491E+01    0.615440242606110410E+00   -0.967963749036064192E+00   -0.143972009121293132E+01   -0.233249910525040782E+01
    0.815928119340720709E-10    0.148987497839310237E+03    0.502903008606813344E+02    0.445265143287758107E+02    0.714394797508272603E+02    0.154034901188087847E+01   -0.539813923199345291E+00   -0.137454816802129942E+01   -0.211435771917135451E+01
    0.943821962831707836E-10    0.148688462764065207E+03    0.647201854071681311E+02    0.400494995897073238E+02    0.287446595499673343E+02    0.115226525954545256E+01   -0.747714941962842161E+00   -0.202307453435794748E+01   -0.198714357092800942E+01
    0.941800496088463292E-10    0.148684938434283197E+03    0.801957188231937863E+02    0.204265775741917430E+02    0.578289590635075257E+02    0.122340425022467247E+01   -0.792927710263872543E+00   -0.115213852921102200E+01   -0.200438393706701623E+01
    0.100243451116496605E-09    0.148552339200340498E+03    0.620296032668694011E+02    0.304353413723638937E+02    0.233164607946896609E+02    0.275804102850979005E+00   -0.104666575224983927E+01   -0.168984311949052346E+01   -0.220232185204528363E+01
    0.100228362488554904E-09    0.148544827762673378E+03    0.783982749867745810E+02    0.196173568118942399E+02    0.220857637513250111E+02    0.832591987727119065E+00   -0.557940349078451137E+00   -0.124363665239533816E+01   -0.222290162671839830E+01
    0.101055354493881941E-09    0.148520580815394283E+03    0.576025450997349608E+02    0.352837937989382411E+02    0.522386650925925267E+02    0.125822425462469822E+01   -0.109786624106432495E+01   -0.166991969478643143E+01   -0.189492765015502140E+01
    0.102115780090156456E-09    0.148491890640464362E+03    0.717130190679580579E+02    0.200967544863906795E+02    0.710448750877437192E+02    0.141747015104992991E+01   -0.469227016752901793E+00   -0.120716801273901231E+01   -0.193527676080688416E+01
    0.102314109581568155E-09    0.148480197503362746E+03    0.885583641453190751E+02    0.153427103089122863E+02    0.411350956536725860E+02    0.559558049427335780E+00   -0.920593439314262296E+00   -0.171244196911604041E+01   -0.180557578905707206E+01
    0.108164875248817215E-09    0.148361166806014410E+03    0.607442457591685354E+02    0.386273218473699842E+02    0.178524899517674100E+02    0.120462734148596207E+01   -0.572404825084566804E+00   -0.158889086861738149E+01   -0.240741834479375161E+01
    0.135180100642965576E-09    0.147907451741038358E+03    0.826811317429637143E+02    0.230323723468382084E+02    0.509237166658592741E+02    0.116515420822775639E+01   -0.455511223306290347E+00   -0.111926722918244126E+01   -0.198037118897999886E+01
    0.138773913932500304E-09    0.147847162996519387E+03    0.586055354476627812E+02    0.320216635445798516E+02    0.288402561022492137E+02    0.537444480416949255E+00   -0.883138172069728444E+00   -0.125163052398975694E+01   -0.227488934462241632E+01
    0.141714422849350217E-09    0.147797414825571707E+03    0.614556354049500158E+02    0.354182288115092234E+02    0.339119229504068329E+02    0.545989245425859693E+00   -0.660185762759575523E+00   -0.121922278932907746E+01   -0.227790589057459059E+01
    0.158706614268421644E-09    0.147563115568456340E+03    0.396677792720540765E+02    0.451222913555662899E+02    0.517239095643130540E+02    0.690624535186050270E+00   -0.805082291906290326E+00   -0.173069143809620751E+01   -0.229897839905377088E+01
    0.160411646802604558E-09    0.147533931069833415E+03    0.597994324835256137E+02    0.362722221301907268E+02    0.281290857792065907E+02    0.235912276425619905E+00   -0.952546563559469872E+00   -0.169033939215966256E+01   -0.227238676610281409E+01
    0.168438067339329874E-09    0.147428468918711786E+03    0.450087731725741094E+02    0.411208347734344528E+02    0.536454391174890191E+02    0.142109238895636869E+01   -0.805779917524237943E+00   -0.143340370300903608E+01   -0.230900373203935549E+01
    0.180283022517254568E-09    0.147284736750674796E+03    0.568270913788179541E+02    0.286772941415313127E+02    0.761496308402975046E+02    0.805752858233648395E+00   -0.569556809727154834E+00   -0.131808460928580695E+01   -0.226219702214521146E+01
    0.196981479578988904E-09    0.147099760753345407E+03    0.570328660420909443E+02    0.474434662134630827E+02    0.102009343373280217E+02    0.558882887020542896E+00   -0.995164107247119345E+00   -0.181450914159147225E+01   -0.209380115708377623E+01
    0.219890234266509472E-09    0.146871910704022611E+03    0.743755563400973330E+02    0.351906534466975245E+02    0.635579848199663147E+02    0.108799677115530180E+01   -0.431661654797973693E+00   -0.154160148259148144E+01   -0.176973414327427259E+01
    0.220134446338836044E-09    0.146861878218570325E+03    0.677847701713755697E+02    0.419810778091956109E+02    0.431137970361654226E+02    0.759824729362228890E+00   -0.692262998442015887E+00   -0.123328032851187097E+01   -0.183043879298833279E+01
    0.219421537963897055E-09    0.146860553256226467E+03    0.651822158346589333E+02    0.184594574187594311E+02    0.792276016920779256E+02    0.124930647837166142E+01   -0.873577219323188103E+00   -0.120808859740394103E+01   -0.204948189714374607E+01
    0.241509916830977118E-09    0.146660909105940050E+03    0.788434744008274180E+02    0.652193842976489293E+02    0.722823983834447858E+01    0.349415582361259802E+00   -0.566048807532625098E+00   -0.146964083647031329E+01   -0.186873648339790033E+01
    0.250028697567287681E-09    0.146583766274316787E+03    0.104323203562835090E+03    0.225546685157365907E+02    0.130246628569709024E+02    0.136238023655533191E+01   -0.731891530722333261E+00   -0.181286492374439479E+01   -0.172294290751616286E+01
    0.262584595198266801E-09    0.146477958582330444E+03    0.665201283510132129E+02    0.252076472700033136E+02    0.564937365545802734E+02    0.110117704354643231E+01   -0.799757021729428974E+00   -0.125315835358590144E+01   -0.221402738527374510E+01
    0.272464730513721177E-09    0.146396274324565439E+03    0.505600237235696355E+02    0.547956272249659619E+02    0.479810720651300997E+02    0.934479158863715464E+00   -0.650472518680243805E+00   -0.150962942845144887E+01   -0.207526629434559817E+01
    0.275685234228839395E-09    0.146364960658983591E+03    0.685340321433853603E+02    0.240317578847968747E+02    0.340496773670435857E+02    0.734129015523643957E+00   -0.814447217505593901E+00   -0.104138418082559259E+01   -0.223991713343883880E+01
    0.277816227726927980E-09    0.146341747989888006E+03    0.848991405314463634E+02    0.399864569000719143E+02    0.253138530239902977E+02    0.635659776816521860E+00   -0.490233094966138871E+00   -0.124176463046635011E+01   -0.186203588822359656E+01
    0.278229749568806621E-09    0.146330960758049287E+03    0.553804743436907785E+02    0.517343782710279356E+02    0.354980577325285012E+02    0.132899999193480922E+01   -0.894321975062700725E+00   -0.162866031784488685E+01   -0.217143929981881900E+01
    0.281492739017621932E-09    0.146299829370706277E+03    0.698534822017699923E+02    0.542643638145473020E+02    0.516877412714775915E+02    0.141259097936324363E+01   -0.513427266387181058E+00   -0.130969418277159999E+01   -0.180788490643914646E+01
    0.295781667472986939E-09    0.146192987032868814E+03    0.527763777972646935E+02    0.328259787832238885E+02    0.407324562298570854E+02    0.527670634686566942E+00   -0.972887604113671145E+00   -0.133113409186303544E+01   -0.224617605318133151E+01
    0.295535302615835175E-09    0.146186841083188654E+03    0.420395734635716636E+02    0.626823170837157164E+02    0.344036188985285705E+02    0.923746016678509307E+00   -0.699396332300713741E+00   -0.190533017426975437E+01   -0.217493243154084048E+01
    0.320370096822805918E-09    0.146017651417257071E+03    0.103474758443104960E+03    0.308529115130995564E+02    0.789595404450195648E+01    0.109811446664150658E+01   -0.589130892867636202E+00   -0.183148555778831557E+01   -0.171674188984980303E+01
    0.329664011020778878E-09    0.145952644702656841E+03    0.986336551857048107E+02    0.357767021342578460E+02    0.566898162400895633E+00    0.892103330281606266E+00   -0.478546000394040494E+00   -0.187859710670576008E+01   -0.182702250624065554E+01
    0.347582009754557328E-09    0.145838978904493558E+03    0.683497989309094436E+02    0.484177798908567354E+02    0.249959629871348632E+02    0.102191489969448313E+01   -0.514329663331011488E+00   -0.134853872067494329E+01   -0.227695641385614023E+01
    0.351639081408578490E-09    0.145807957052057418E+03    0.561839850793603688E+02    0.273163291087883486E+02    0.613787576550589122E+02    0.148707064121053301E+01   -0.597835022403921723E+00   -0.129922573776840400E+01   -0.218048148963465405E+01
    0.351720734549228823E-09    0.145799680191488847E+03    0.502001638365039398E+02    0.589050735336646483E+02    0.248225111156595553E+02    0.100328874855901984E+01   -0.728741100246053097E+00   -0.179512164148156139E+01   -0.235050826690567272E+01
    0.374864289228408994E-09    0.145664414547244661E+03    0.526731139781370317E+02    0.281014826476561268E+02    0.804838020983812470E+02    0.138641826367331800E+01   -0.678433856425923576E+00   -0.129902850795682978E+01   -0.230409972412203601E+01
    0.407261087185815486E-09    0.145490821234140384E+03    0.552117485984057268E+02    0.668266632129892173E+02    0.701989825972276460E+01    0.627818238998341438E+00   -0.646410948911698036E+00   -0.161782958319006109E+01   -0.219880830976343766E+01
    0.413122801315258977E-09    0.145454427900382314E+03    0.568730057489684100E+02    0.367243300881973767E+02    0.146771091920653536E+02    0.138394878428776580E+01   -0.112098608731361438E+01   -0.154975817478981437E+01   -0.219422554737311204E+01
    0.448944406799700561E-09    0.145280307048432576E+03    0.875956993839941020E+02    0.390145738538678586E+02    0.283962111971728532E+02    0.494953798104713572E+00   -0.411651431674683987E+00   -0.124845924525070195E+01   -0.191001655561283235E+01
    0.458787390325328408E-09    0.145229118875716154E+03    0.566370609496142237E+02    0.464060650006263700E+02    0.193738891510597213E+02    0.114280023574589040E+01   -0.725068879148633494E+00   -0.182378392640099696E+01   -0.213744878138823058E+01
    0.462472441299292571E-09    0.145205306239809289E+03    0.835977943308233762E+02    0.240556032816781595E+02    0.333052671690030735E+02    0.113309478726826218E+01   -0.472313821789134725E+00   -0.123850057113838830E+01   -0.205074874099252691E+01
    0.470789809857075666E-09    0.145161844215727569E+03    0.643880121855074208E+02    0.379302290527233126E+02    0.993265277331610896E+01    0.138643757032554027E+01   -0.103916270264590338E+01   -0.173631867806277485E+01   -0.215248995571227031E+01
    0.471031356915311080E-09    0.145153005843419521E+03    0.602466630565685861E+02    0.206601414423567178E+02    0.515516271545522144E+02    0.132507228127059395E+01   -0.726765536804593548E+00   -0.140161951862077094E+01   -0.210779927140622325E+01
    0.498593492079918320E-09    0.145031460440168928E+03    0.618229526126235385E+02    0.598358097631993715E+02    0.206086100947039803E+02    0.133260545470563363E+01   -0.492455974960512410E+00   -0.194675939135562004E+01   -0.204749338728676467E+01
    0.526316251934305037E-09    0.144915425634434712E+03    0.477586157352753418E+02    0.250293978329223989E+02    0.885419927251476935E+02    0.105082910925228878E+01   -0.479726019290601879E+00   -0.159106001387272222E+01   -0.213783564249958546E+01
    0.557265547136510211E-09    0.144793333934147256E+03    0.716013912682104063E+02    0.532801173296154147E+02    0.392843433684248744E+01    0.941397122763561800E+00   -0.882090415681851425E+00   -0.125884639032182921E+01   -0.201047185762704927E+01
    0.570066411527908688E-09    0.144740099446415542E+03    0.721852597067934170E+02    0.500629758232463686E+02    0.851415518947486660E+01    0.359287930322135296E+00   -0.524407317756998115E+00   -0.126950803015747704E+01   -0.221159408137903357E+01
    0.590565885697231603E-09    0.144661630266342740E+03    0.104120976806787908E+03    0.181015504700069698E+02    0.289540084301402096E+02    0.608929438026778902E+00   -0.899864721539880286E+00   -0.141247922458621966E+01   -0.166678898726265579E+01
    0.600558878953980502E-09    0.144620258804213336E+03    0.852126500331424381E+02    0.400864390349299953E+02    0.516621759568401639E+01    0.712244864601375482E+00   -0.432556220434816119E+00   -0.141690831416451113E+01   -0.209475490530302366E+01
    0.605975792072136003E-09    0.144594487601012332E+03    0.915697700700661841E+02    0.225521303596419997E+02    0.533439952952571588E+02    0.149453713182682879E+01   -0.586712006741088699E+00   -0.127364027219530596E+01   -0.170076846189068109E+01
    0.608208068153056856E-09    0.144579321095843483E+03    0.573155417537212912E+02    0.601428547683692614E+02    0.269523829994560487E+02    0.112071410179836017E+01   -0.479317637433288812E+00   -0.173796802002438477E+01   -0.207691403560132182E+01
    0.610179101992922092E-09    0.144565037629609975E+03    0.744644487980974077E+02    0.426396442726939995E+02    0.228940516610688967E+02    0.984855479867258299E+00   -0.638088634014073453E+00   -0.135877782664877600E+01   -0.191682736069266535E+01
    0.616797166178242337E-09    0.144535649721713099E+03    0.646444731139848301E+02    0.292640769899254636E+02    0.333003513516501073E+02    0.562646143345352345E+00   -0.522532851145431909E+00   -0.178115963851353420E+01   -0.211118925079161368E+01
    0.614853002928333030E-09    0.144534151238187661E+03    0.543563226996673805E+02    0.511612255633639563E+02    0.146087729666492088E+02    0.149215049127805610E+01   -0.910327534326230925E+00   -0.189229459522934906E+01   -0.212842921236142324E+01
    0.634155330988036006E-09    0.144464517325428460E+03    0.827049825342905081E+02    0.357025642499510241E+02    0.205674925959707871E+02    0.156497317673167036E+01   -0.731745037011178878E+00   -0.162811202400014343E+01   -0.180528595251669244E+01
    0.681004890613756841E-09    0.144314153702120336E+03    0.799372820528430452E+02    0.288206097613243237E+02    0.225218896792264687E+02    0.889698698948137801E+00   -0.716894756693160051E+00   -0.103576955678664140E+01   -0.197195958046655706E+01
    0.693204486320708172E-09    0.144270830117963840E+03    0.846914790144735150E+02    0.214709423346496386E+02    0.491594189570372322E+02    0.131209750585228591E+01   -0.504222670692773933E+00   -0.118983081693645243E+01   -0.204442123570539325E+01
    0.718042090731865354E-09    0.144192611298365307E+03    0.544414867203069335E+02    0.196230709250613486E+02    0.686310819962355225E+02    0.106702625319540467E+01   -0.505370765572503933E+00   -0.173899835605061570E+01   -0.228934904296014974E+01
    0.725119848527061639E-09    0.144165181278391884E+03    0.544234224167034810E+02    0.446823623444705049E+02    0.480905691715294665E+02    0.152907162555514953E+01   -0.883102290943909018E+00   -0.146684826140618352E+01   -0.213380854480651605E+01
    0.723762071181649331E-09    0.144161117262583446E+03    0.912034955008598729E+02    0.235073889160218741E+02    0.409140552033552964E+02    0.113113939399206398E+01   -0.860592411840481297E+00   -0.146878744902957648E+01   -0.186827681448929317E+01
    0.784271549630639971E-09    0.143992719527993870E+03    0.573163730517312757E+02    0.298831639171087744E+02    0.352955575723197228E+02    0.725005521440084011E+00   -0.734701167002632216E+00   -0.200417059821879739E+01   -0.208281048987447637E+01
    0.835570146279931577E-09    0.143858189073887132E+03    0.568907744485197000E+02    0.587240734308012620E+02    0.208639136706477668E+01    0.123782114908185603E+01   -0.734319726747737267E+00   -0.188207749321674034E+01   -0.220761001249604938E+01
    0.890745445351617858E-09    0.143722487795005009E+03    0.653143567710597210E+02    0.251905738606300886E+02    0.501737979365981346E+02    0.124462602078205964E+01   -0.875058479958212621E+00   -0.128219360863809451E+01   -0.223390912757242344E+01
    0.940755345440836820E-09    0.143605426454277733E+03    0.636211575316867979E+02    0.489603575968135232E+02    0.447503600449353840E+02    0.642209492766015466E+00   -0.640179695736648569E+00   -0.136729433491614394E+01   -0.207775287984801693E+01
    0.962612122428322672E-09    0.143551679076979724E+03    0.821960334101606662E+02    0.368143788162293930E+02    0.402950443171585775E+02    0.146820201105757930E+01   -0.822297014479143940E+00   -0.178578889195761858E+01   -0.187116775262070978E+01
    0.104652619679194453E-08    0.143376704528721802E+03    0.903026286423191920E+02    0.228111335809901803E+02    0.553531711243509648E+02    0.111269355250919433E+01   -0.820328120981834275E+00   -0.116874929244378833E+01   -0.176347281802513156E+01
    0.104574320314745608E-08    0.143370388955802156E+03    0.705081498487029421E+02    0.176019287614369979E+02    0.607106404289206978E+02    0.451858163858742223E+00   -0.689518061298144413E+00   -0.114422951032172593E+01   -0.225162651370840816E+01
    0.105200603284943131E-08    0.143350634421545834E+03    0.518572418786055636E+02    0.532469361699315229E+02    0.139183384274563497E+02    0.127966812456036982E+01   -0.896564560987711978E+00   -0.166511967457999566E+01   -0.233502963862879565E+01
    0.120375151010394311E-08    0.143073333742181376E+03    0.669820180425541025E+02    0.527260610330865376E+02    0.949600036348564558E+01    0.903515543849906622E+00   -0.708285090593689715E+00   -0.121858539095569229E+01   -0.213512306440722677E+01
    0.127922911688313480E-08    0.142943891831300220E+03    0.755044436024262353E+02    0.608538322569611694E+02    0.146833711260864650E+02    0.101863891609015678E+01   -0.664426469535124520E+00   -0.129553576460887143E+01   -0.201316396219837923E+01
    0.137376564855317111E-08    0.142793483383854834E+03    0.667163919052750458E+02    0.359793382399420594E+02    0.780335541311965244E+02    0.144990861263217630E+01   -0.634966658586600063E+00   -0.106883212492567425E+01   -0.184090299572334715E+01
    0.145783167402804462E-08    0.142666881765420555E+03    0.703242745596772494E+02    0.292168070138312252E+02    0.250022611359303291E+02    0.388570150652318286E-01   -0.696440956005507594E+00   -0.142340990406073331E+01   -0.232903141906329259E+01
    0.147606119726218514E-08    0.142634215245682412E+03    0.685967703945035510E+02    0.307225629141896093E+02    0.300315447310019863E+02    0.721884345786325876E+00   -0.932672008242200201E+00   -0.150931582270262843E+01   -0.218085727263534457E+01
    0.148010086077062771E-08    0.142620936650192846E+03    0.585981663212596473E+02    0.559199591194428862E+02    0.455301467189142812E+02    0.789891548153150991E+00   -0.490473933911558024E+00   -0.127206386114040093E+01   -0.206728775833414913E+01
    0.153724050767963509E-08    0.142537366757516622E+03    0.556107975250307334E+02    0.351418518608177806E+02    0.897011140356870129E+01    0.836770184568343844E+00   -0.911723944013031362E+00   -0.161330075345144919E+01   -0.233892112590893086E+01
    0.162181641472533648E-08    0.142422438589884052E+03    0.448757647495512373E+02    0.556557046119047953E+02    0.510424229702937566E+02    0.473915831163334633E+00   -0.571224761663321479E+00   -0.175835613636061971E+01   -0.219926172827330335E+01
    0.165475414036182217E-08    0.142374414735197661E+03    0.502000668167520345E+02    0.500780996465551667E+02    0.308713050197239660E+02    0.148171248011620316E+01   -0.562876160341962084E+00   -0.180840016531216774E+01   -0.236446745759110222E+01
    0.169833133259858541E-08    0.142314614719543187E+03    0.722978461404113233E+02    0.344534489282653311E+02    0.591559646392136251E+01    0.133965763753658518E+01   -0.895732090098265932E+00   -0.155345903482864323E+01   -0.219957561128649104E+01
    0.179416105819285862E-08    0.142197019548171085E+03    0.651047160029067697E+02    0.329386710506032969E+02    0.496992940527189049E+02    0.195501213863204848E+00   -0.477964787533915247E+00   -0.129806204692918969E+01   -0.217390532484009791E+01
    0.184128152400551337E-08    0.142137358500182017E+03    0.786424285492629309E+02    0.260053926292636746E+02    0.338860571488889661E+02    0.146685302529917494E+01   -0.102147432372973412E+01   -0.172312883902389036E+01   -0.179416195181092486E+01
    0.184523630032141342E-08    0.142125254928746671E+03    0.703462928617717580E+02    0.178989502776719789E+02    0.634676584742673171E+02    0.125797153449226551E+01   -0.761396119075815836E+00   -0.130689878750189936E+01   -0.214271513407844205E+01
    0.206561895381520785E-08    0.141891797285429476E+03    0.423894508209461591E+02    0.439356396356917713E+02    0.484036253425999874E+02    0.753238081728656361E+00   -0.733483994017904095E+00   -0.192764360938462453E+01   -0.228827301590891974E+01
    0.207933840410030895E-08    0.141870745083109682E+03    0.770012848323641919E+02    0.279603242119946707E+02    0.284570555660372584E+02    0.846326352480999744E+00   -0.997841956029521526E+00   -0.114844551247425075E+01   -0.201078149893281921E+01
    0.223017449987413056E-08    0.141722872452489071E+03    0.585313909260401246E+02    0.277383612797808325E+02    0.174470762024346726E+02    0.966551568354908519E+00   -0.112174942333260508E+01   -0.182344102860916712E+01   -0.201626606634807048E+01
    0.237750428463423280E-08    0.141587116984248922E+03    0.668964756278046906E+02    0.399643907901916862E+02    0.170920719177107223E+02    0.112679119992011612E+01   -0.111154577400609922E+01   -0.151228829720917002E+01   -0.205350791314548697E+01
    0.241170230189384921E-08    0.141550741424461847E+03    0.833319011629400848E+02    0.190137138440244655E+02    0.616515471405075886E+02    0.137036560797143858E+01   -0.902501323505453312E+00   -0.126559540689947903E+01   -0.177535991380584868E+01
    0.241936150988441652E-08    0.141536587286506972E+03    0.519622390622393482E+02    0.251764873441051726E+02    0.676742094023751122E+02    0.401252367166225254E+00   -0.851040260846391616E+00   -0.141389834759301602E+01   -0.234791707222069324E+01
    0.243541081676726681E-08    0.141515551208328418E+03    0.873902062755623348E+02    0.465340632921503570E+02    0.137766493985117719E+02    0.119836767581321002E+01   -0.444024379350649978E+00   -0.139804123550545301E+01   -0.191460516069021125E+01
    0.244467643584902461E-08    0.141500144065252584E+03    0.528915594539951641E+02    0.300983853487537374E+02    0.321647163990149352E+02    0.133857512312772897E+01   -0.942641674690275710E+00   -0.176966788109049311E+01   -0.213685811543711912E+01
    0.249345911646121960E-08    0.141452815219790722E+03    0.670356903538535533E+02    0.163353500001845617E+02    0.476892132876040975E+02    0.610103439236181488E+00   -0.100797366083060291E+01   -0.134945176096280495E+01   -0.195764679318253632E+01
    0.250964845393154006E-08    0.141432059249159465E+03    0.889123610160576874E+02    0.336394454529111471E+02    0.436054091290826591E+02    0.133446030182258957E+01   -0.905541657586144577E+00   -0.150397128878194142E+01   -0.174290920888822365E+01
    0.291730545929359290E-08    0.141123211314767161E+03    0.400488985957008765E+02    0.500204148286909245E+02    0.508792026538504487E+02    0.817530291707128098E+00   -0.673231614817168422E+00   -0.179449842948155824E+01   -0.226714071819339713E+01
    0.292623155079399559E-08    0.141109288749286321E+03    0.982211133156371261E+02    0.362413073107503863E+02    0.417698310864715268E+02    0.124489011059919097E+01   -0.624942722240816817E+00   -0.120029749414955034E+01   -0.173912139462970727E+01
    0.293008275603086251E-08    0.141098845785421020E+03    0.612988861102831564E+02    0.410252296165412815E+02    0.163831038318584277E+02    0.155692816432681780E+01   -0.555938742219975968E+00   -0.208195725162460965E+01   -0.216602423619884155E+01
    0.304860858810737892E-08    0.141011724047624227E+03    0.909797539090866678E+02    0.504948333644855296E+02    0.304957694783270838E+02    0.103360541448049004E+01   -0.689099567997064399E+00   -0.135470786494652273E+01   -0.166100415700271498E+01
    0.369180674248321879E-08    0.140621050178777409E+03    0.603788763726406117E+02    0.259979426610725142E+02    0.568555676110394401E+02    0.141456964179202194E+01   -0.998191951571852698E+00   -0.160010089737837480E+01   -0.186694577295340314E+01
    0.375271594421007423E-08    0.140580509960183662E+03    0.780054631337654882E+02    0.430056199626946807E+02    0.664793254434980163E+01    0.830222866411918892E+00   -0.682482005603044284E+00   -0.128916856700374827E+01   -0.194969338150344074E+01
    0.378821567826592107E-08    0.140553866897553121E+03    0.512055936489911119E+02    0.216616255527001549E+02    0.834184284838643180E+02    0.130773637399968257E+01   -0.879221063933583569E+00   -0.134717458182237149E+01   -0.221727847771611142E+01
    0.413257514806398038E-08    0.140372043149045112E+03    0.935252515267575291E+02    0.263169734423609754E+02    0.379750585253678707E+02    0.128088307207083552E+01   -0.767288769353319022E+00   -0.110582038751855727E+01   -0.171213145488185603E+01
    0.431626976475009396E-08    0.140277249021719143E+03    0.626284553623067026E+02    0.386075613884753253E+02    0.391404140104374392E+02    0.168487794969875759E+00   -0.520964213763944306E+00   -0.136840281605718950E+01   -0.226856920367152348E+01
    0.451405889706908866E-08    0.140179826167529228E+03    0.106474491443380572E+03    0.210521144886789102E+02    0.865187875116392213E+01    0.147810309859483291E+01   -0.762193705496264640E+00   -0.115962340342454229E+01   -0.181991806038112092E+01
    0.475439252222100788E-08    0.140068269254926008E+03    0.975122297119592787E+02    0.438385883780911882E+02    0.233269959563758107E+02    0.943724453983062261E+00   -0.498838595759704795E+00   -0.153723055818002430E+01   -0.175197662266442711E+01
    0.480765647378687018E-08    0.140038175127838059E+03    0.518023919722538011E+02    0.293711262921905529E+02    0.801009374602039230E+02    0.123659592718546452E+01   -0.658720669430793215E+00   -0.140171478113769732E+01   -0.214997742155019234E+01
    0.479258134196736904E-08    0.140036643782325939E+03    0.734718959563462448E+02    0.357410612943843873E+02    0.146404865374400099E+02    0.599652884327245839E+00   -0.483077413726941352E+00   -0.166390438375060934E+01   -0.215154602801768968E+01
    0.494267788915537585E-08    0.139967155085137477E+03    0.596944072088135158E+02    0.237164266040993787E+02    0.555886968607792014E+02    0.536321014841913302E+00   -0.602976573398332771E+00   -0.162962827810313726E+01   -0.233115789690384601E+01
    0.500668248939028977E-08    0.139933610083451782E+03    0.978560432530955211E+02    0.372654180677366185E+02    0.641976891105505665E+01    0.991743112157724038E+00   -0.653582907881655517E+00   -0.144562813313521188E+01   -0.196301119206611530E+01
    0.529350328157336463E-08    0.139814384073987100E+03    0.903715445639904118E+02    0.475976780531262875E+02    0.594576246474343062E+01    0.100019675238018602E+01   -0.484200939510835315E+00   -0.120297937362892116E+01   -0.197065887209593615E+01
    0.529263608412455244E-08    0.139806899246775401E+03    0.722780641664917596E+02    0.296809231224952867E+02    0.492079348499431717E+02    0.131733050438268773E+01   -0.650516497899727986E+00   -0.186347409453773749E+01   -0.185347993752994689E+01
    0.579427410675546593E-08    0.139617979205532265E+03    0.102805561549323187E+03    0.368384655908289673E+02    0.342259319555665487E+01    0.713521977680334762E+00   -0.874587013170787575E+00   -0.146643008824273502E+01   -0.178268251147942070E+01
    0.632873293128525953E-08    0.139433707024866834E+03    0.613637374677704983E+02    0.515276052329053655E+02    0.503390478066367706E+02    0.147805014338356744E+00   -0.615145139375745664E+00   -0.151836075565947248E+01   -0.173857444044386433E+01
    0.644537970836573190E-08    0.139389367519758537E+03    0.668650632067600696E+02    0.374882472211824904E+02    0.462916612255697046E+02    0.738404735652197663E+00   -0.477099899024654661E+00   -0.131072726814908558E+01   -0.202656754618924140E+01
    0.674410835516970893E-08    0.139290943544499669E+03    0.492275322672749951E+02    0.399688871556487584E+02    0.515849295407129773E+02    0.107879188558636674E+01   -0.765871276835989434E+00   -0.143158645823114239E+01   -0.237574804369411785E+01
    0.686790584703001508E-08    0.139246751151428242E+03    0.622047656460633860E+02    0.608082359505431782E+02    0.917384072311953602E+01    0.106003809173231822E+01   -0.691103388575450062E+00   -0.151497449813619722E+01   -0.208217712967998647E+01
    0.714499622677500518E-08    0.139159832552862241E+03    0.891811299268923534E+02    0.498330009880136657E+02    0.399856547245426484E+02    0.139502813470276954E+01   -0.490504295810011648E+00   -0.132775134971451192E+01   -0.171921571712978549E+01
    0.714006859936839477E-08    0.139153399851319449E+03    0.580995639911284556E+02    0.269110493528633583E+02    0.863730921635827968E+02    0.106131029883247785E+01   -0.610851220487358404E+00   -0.127516192236228565E+01   -0.184029040304089175E+01
    0.714561520383111979E-08    0.139144034298677980E+03    0.922471093513859302E+02    0.277050715119304378E+02    0.162463397162179390E+02    0.462997547934963727E+00   -0.893974299223304847E+00   -0.111601178356208952E+01   -0.180926549297080164E+01
    0.724621255182048962E-08    0.139108261768001000E+03    0.608898365301403288E+02    0.312855258928390683E+02    0.373939593621556341E+02    0.216607059348818715E+00   -0.508115765159829369E+00   -0.180643718307374934E+01   -0.227867365584329029E+01
    0.745401706189781496E-08    0.139043900939413277E+03    0.660611789271782186E+02    0.161865267913673030E+02    0.731765191916717583E+02    0.106915692875263502E+01   -0.957561611990390027E+00   -0.118171511768131077E+01   -0.192963653536569169E+01
    0.747389115682153898E-08    0.139030763083342094E+03    0.665555220348026637E+02    0.185257361397160807E+02    0.393860575740021090E+02    0.689750272076442905E+00   -0.109286565564862448E+01   -0.139937919485940965E+01   -0.209316072734913927E+01
    0.762138253917647857E-08    0.138983866541782362E+03    0.896947621045579666E+02    0.299265529585567123E+02    0.362420192805639232E+02    0.573286325973412447E+00   -0.830214469797939447E+00   -0.135765292476288568E+01   -0.189110458486772526E+01
    0.764331619217946645E-08    0.138970306488297240E+03    0.563978388102597137E+02    0.255212961676770291E+02    0.549994557843266421E+02    0.120250287402080924E+01   -0.111205025848482997E+01   -0.154319476479464091E+01   -0.200045506133425510E+01
    0.794896427917200157E-08    0.138884073837780051E+03    0.638522629427116328E+02    0.422539513461463372E+02    0.210146738690434347E+02    0.481995576203964604E+00   -0.508166462632898774E+00   -0.197505218978323360E+01   -0.216318501156943332E+01
    0.839160517250323747E-08    0.138767880975627321E+03    0.745038029042157035E+02    0.319152928667833997E+02    0.224080593989346681E+02    0.268957011814737634E+00   -0.536304049076486100E+00   -0.136387810288541789E+01   -0.223178913529242884E+01
    0.860229891074922614E-08    0.138710473153958446E+03    0.682040220524639267E+02    0.436399060423398453E+02    0.400079500359770535E+02    0.167057440568549959E+00   -0.636742579108312334E+00   -0.121112919694748022E+01   -0.218020842587308739E+01
    0.862521313686921461E-08    0.138697340271173147E+03    0.701730197521568471E+02    0.486061554224418302E+02    0.874295533574281158E+01    0.133402688459206997E+01   -0.837444049856939543E+00   -0.163688499472915505E+01   -0.217583095751466482E+01
    0.865106866294002346E-08    0.138683541403116891E+03    0.617045476095453580E+02    0.164194294967803742E+02    0.526055970691746424E+02    0.119465286216768041E+01   -0.103069097125789755E+01   -0.172923812118125109E+01   -0.203612131654197892E+01
    0.945305930628772017E-08    0.138498417768980460E+03    0.597737181513656068E+02    0.190224292503067751E+02    0.583887620244190941E+02    0.124691150056037436E+01   -0.103968100170444444E+01   -0.136254786047946386E+01   -0.199630596935758065E+01
    0.956431164186832462E-08    0.138467204851533211E+03    0.690859389238953554E+02    0.272773956088878080E+02    0.757397117644490123E+02    0.101623230334834624E+01   -0.678489008629314938E+00   -0.142080667624910917E+01   -0.169551025031673497E+01
    0.959507836067923941E-08    0.138452969026938263E+03    0.102597767131574756E+03    0.395825754293530707E+02    0.171325872175002374E+02    0.867452224497520685E+00   -0.764741522397496709E+00   -0.174434939589977156E+01   -0.174837402895250715E+01
    0.971772235412812730E-08    0.138419754588825896E+03    0.676788233861172301E+02    0.462303118393206631E+02    0.957423937979813622E+00    0.120386753749524344E+01   -0.607269475634412137E+00   -0.189220538042194786E+01   -0.220583816463040616E+01
    0.979888979318546629E-08    0.138395306433740529E+03    0.861574015692107480E+02    0.261415040751190446E+02    0.191729211911821729E+02    0.152580968936083727E+01   -0.511006744382386691E+00   -0.171824038832307013E+01   -0.194742137304415719E+01
    0.980839719448353756E-08    0.138385554368710615E+03    0.711170952339965652E+02    0.374131422743062245E+02    0.133937184099848423E+02    0.112087846581633777E+01   -0.668677325516115806E+00   -0.137894283432306608E+01   -0.232204158112611347E+01
    0.999173245948858978E-08    0.138340703625452932E+03    0.706611514464425170E+02    0.424408732695829585E+02    0.152415613400307990E+02    0.926188315847219279E+00   -0.760949503566894947E+00   -0.132308849752711577E+01   -0.227005808949188825E+01
    0.101446211804721426E-07    0.138302519855308901E+03    0.608714339533763535E+02    0.204159989814637370E+02    0.533580583959184196E+02    0.128968725223773539E+01   -0.107750805528216209E+01   -0.143547166135763793E+01   -0.210318869819691567E+01
    0.101642676800203922E-07    0.138290837817036930E+03    0.499979878983939443E+02    0.420515570068438649E+02    0.432700786063875000E+02    0.146531132952362864E+00   -0.576953466227331013E+00   -0.169448248205021157E+01   -0.236707250780778367E+01
    0.112736404818862055E-07    0.138075847519408711E+03    0.631607019202542901E+02    0.252729202148360415E+02    0.531677822959820006E+02    0.120148994930658981E+01   -0.922273220517156211E+00   -0.122349445309272387E+01   -0.195547088632046262E+01
    0.115038475915225826E-07    0.138027606514263567E+03    0.707843453609621633E+02    0.295919974278699200E+02    0.540783831052003237E+02    0.146098224414963762E+01   -0.851610375771943540E+00   -0.127486108835328515E+01   -0.177208306829572027E+01
    0.118672671969736775E-07    0.137957589210647541E+03    0.828686719555498712E+02    0.269121108845281967E+02    0.994465251681496376E+01    0.130086596439432456E+01   -0.672831076014432039E+00   -0.199477578189608318E+01   -0.187767811704381993E+01
    0.118866634628947269E-07    0.137946510510958831E+03    0.557468091124366651E+02    0.586973364617926308E+02    0.814794007932137632E+01    0.107250751985980619E+01   -0.706709351377025063E+00   -0.188156528540673440E+01   -0.218578396570490918E+01
    0.119096900337218466E-07    0.137934827404814541E+03    0.605545795486178022E+02    0.191917828637266616E+02    0.716649685162896617E+02    0.138647605118343265E+01   -0.577967892826698693E+00   -0.156060546081306084E+01   -0.213860966013161313E+01
    0.119730558624941259E-07    0.137916402058580474E+03    0.473155335738470129E+02    0.465449201348412558E+02    0.499750575189789501E+02    0.143125029955332250E+01   -0.773194662144505607E+00   -0.196467145685792532E+01   -0.211541400843173966E+01
    0.122643857371521128E-07    0.137860507931687579E+03    0.806158615896267463E+02    0.314537943683914456E+02    0.440539958858501066E+02    0.125391790826974936E+01   -0.680680250581535251E+00   -0.106779241622964660E+01   -0.203813917575785997E+01
    0.123933892215805537E-07    0.137831768213127020E+03    0.606238226177780106E+02    0.563272789416625841E+02    0.491802972161541518E+02    0.146336069766994825E+01   -0.473566499283078812E+00   -0.150978051351971843E+01   -0.180645757736754220E+01
    0.129895874312885881E-07    0.137729985980054948E+03    0.522748412126726976E+02    0.338356233109222302E+02    0.181984644511416995E+02    0.254723345792148059E+00   -0.906316040162757686E+00   -0.191163308390440045E+01   -0.219088929489428175E+01
    0.138667208957218696E-07    0.137591486040758213E+03    0.667841402008639164E+02    0.204874306130589048E+02    0.723811397362190831E+02    0.109740980154620282E+01   -0.595945929150163645E+00   -0.140099034260698918E+01   -0.180655877831778677E+01
    0.142621121866979696E-07    0.137527444072035877E+03    0.646788672902269752E+02    0.294836823444309815E+02    0.408237321153237431E+02    0.109407185418039932E+01   -0.102013356827209267E+01   -0.154633437235388693E+01   -0.191948746750588684E+01
    0.142094280886931880E-07    0.137527033231043589E+03    0.627508376934809107E+02    0.554373424342236731E+02    0.386826176513233477E+02    0.105526424960652054E+01   -0.545485039850600817E+00   -0.177456843442991596E+01   -0.181446888589035238E+01
    0.142439253316204987E-07    0.137514371072822883E+03    0.590853683736830320E+02    0.520090799782367483E+02    0.327226766272302498E+02    0.152887968363161697E+01   -0.658360139528893606E+00   -0.174809300711855253E+01   -0.196339930047277433E+01
    0.142095339622924538E-07    0.137511393329218663E+03    0.610446059047003473E+02    0.255500836739262844E+02    0.458591456783842588E+02    0.898665170045038542E+00   -0.827732143666212394E+00   -0.161573257489824851E+01   -0.228451572931512770E+01
    0.145778058249332611E-07    0.137452406673162756E+03    0.808896742201366550E+02    0.391114467541499238E+02    0.185123260033215367E+02    0.149082476847043965E+01   -0.952523206518479437E+00   -0.119254311054415751E+01   -0.187996828285991824E+01
    0.148308265238376130E-07    0.137410178843780926E+03    0.626559939442989489E+02    0.466646809210021019E+02    0.438946317284560550E+02    0.628173119326240759E+00   -0.748771734504344533E+00   -0.122845861722223315E+01   -0.213523156740063369E+01
    0.149225780109448851E-07    0.137390031381866180E+03    0.454968088633722232E+02    0.352329025052355433E+02    0.557105841008583411E+02    0.141904992984724099E+01   -0.699034145172045651E+00   -0.197988525949925709E+01   -0.225561683648309863E+01
    0.156281532147410222E-07    0.137289821657427808E+03    0.548515070763195354E+02    0.379888332073387147E+02    0.482333836892450734E+02    0.823733251964791080E+00   -0.733011730239426562E+00   -0.162303305556844935E+01   -0.232140331759273177E+01
    0.159746571644311367E-07    0.137238150040883824E+03    0.962440031987376159E+02    0.162110172503840815E+02    0.129881208071383636E+02    0.151441756017051721E+01   -0.635553217581051877E+00   -0.158509468974405854E+01   -0.178979998544512475E+01
    0.163895735871323416E-07    0.137179053867901757E+03    0.548852808672733374E+02    0.411019565985912223E+02    0.629228055607068271E+02    0.153620416510356383E+01   -0.702961694019901273E+00   -0.156342525539473987E+01   -0.175742445321700802E+01
    0.163501139156630213E-07    0.137176062390163821E+03    0.771389943591558733E+02    0.348630284534916939E+02    0.302894962904750145E+02    0.111341990440722505E+01   -0.951630395335575141E+00   -0.160264209110959066E+01   -0.198233766700885750E+01
    0.165051942551439031E-07    0.137149369350022653E+03    0.609625979843199417E+02    0.419857839408209728E+02    0.225958989932702927E+02    0.960689271754483820E+00   -0.999722466031708556E+00   -0.169169530718625394E+01   -0.219052217641514790E+01
    0.181895180159008611E-07    0.136947216129484957E+03    0.656208480388692692E+02    0.481619811184237605E+02    0.851876262373756532E+01    0.596982265913260646E+00   -0.567218466757611006E+00   -0.151952960071172116E+01   -0.230561149308589464E+01
    0.193682246123401093E-07    0.136813826986132710E+03    0.481277323393344787E+02    0.360085939312005650E+02    0.555727943534417861E+02    0.867524155042646572E+00   -0.859670940446376264E+00   -0.137215265551403420E+01   -0.225324131203032518E+01
    0.202596736375874999E-07    0.136716017339472785E+03    0.573877437461855635E+02    0.432770074376059171E+02    0.353589832977312355E+02    0.296743574990990688E+00   -0.921748552231759444E+00   -0.166949032487800997E+01   -0.221230154918688360E+01
    0.209813909839531792E-07    0.136638197816949912E+03    0.798077911742219328E+02    0.232429475031980566E+02    0.119630131671900077E+02    0.101267764909215230E+01   -0.837639092459390167E+00   -0.173094722405502810E+01   -0.199281193254411892E+01
    0.215539705272031955E-07    0.136576537025878849E+03    0.646512497106850788E+02    0.193064462836773458E+02    0.128488813136604776E+02    0.743768167395486679E+00   -0.110320335894174204E+01   -0.167980698782218396E+01   -0.205512393384797720E+01
    0.222490560231862804E-07    0.136505245455863417E+03    0.432548972399800746E+02    0.533248425834851858E+02    0.503153563099680454E+02    0.123595114014453311E+01   -0.563422229400951879E+00   -0.192347137213925778E+01   -0.209785807601024210E+01
    0.229883746130494300E-07    0.136432054846361723E+03    0.629900804077842409E+02    0.347584920855485180E+02    0.679055252013997972E+02    0.117312313244595079E+01   -0.747516566518259484E+00   -0.131263539688118369E+01   -0.189095224264143580E+01
    0.230754811012195944E-07    0.136416678360182431E+03    0.766432071897888818E+02    0.326842432924392767E+02    0.271253632636660775E+02    0.501751013114861366E+00   -0.794727836130369347E+00   -0.178179296876805293E+01   -0.202794795894159208E+01
    0.236259229621806121E-07    0.136361718039841605E+03    0.477405642013657641E+02    0.360339983499681864E+02    0.450260077873208502E+02    0.899556489292824613E+00   -0.963154938917451853E+00   -0.178434096215071447E+01   -0.230234947243998178E+01
    0.238935860056842520E-07    0.136331374509524835E+03    0.898096859054029721E+02    0.318142786845045187E+02    0.311729101167169880E+02    0.398410018218201323E+00   -0.743403222381159301E+00   -0.105783396380774275E+01   -0.177490282022377754E+01
    0.244668615360780884E-07    0.136276142896218488E+03    0.761043731633553904E+02    0.482963201842811642E+02    0.202288179922171913E+02    0.508242236780565793E+00   -0.608611442020268179E+00   -0.150098967157487717E+01   -0.214695186310660002E+01
    0.245568022261768279E-07    0.136260991834870225E+03    0.932913035394012269E+02    0.331772613785338137E+02    0.316506551437693702E+02    0.819554241573836717E+00   -0.886567844683833872E+00   -0.144518522703460284E+01   -0.169326596252640305E+01
    0.246704838682729903E-07    0.136243942031479975E+03    0.681595379635007390E+02    0.459914391737020054E+02    0.229593268920738929E+02    0.292249577589203946E+00   -0.976252635615819875E+00   -0.175061332434186312E+01   -0.202545831867127557E+01
    0.249377302699767945E-07    0.136214580762457047E+03    0.693088973185071069E+02    0.459688203646044897E+02    0.244526593812055992E+02    0.149396015050668263E+01   -0.573826105095676997E+00   -0.169367435021577939E+01   -0.220406695129321495E+01
    0.250778712705686871E-07    0.136195560450252714E+03    0.822917398594399430E+02    0.548529448653396230E+02    0.145847254724851254E+02    0.124857309094854396E+01   -0.679089038386729626E+00   -0.135882102679557271E+01   -0.198261660697933895E+01
    0.253760604467147086E-07    0.136164107164454975E+03    0.940477926131252104E+02    0.407179046357895018E+02    0.248281627136923042E+02    0.105689093460292116E+01   -0.659895785169815063E+00   -0.104847348449589006E+01   -0.178103781224629731E+01
    0.273994750084493541E-07    0.136002859413569695E+03    0.488137284341454176E+02    0.555133428139797616E+02    0.334446550565878766E+02    0.378303830250697803E+00   -0.981546450520891511E+00   -0.178152435569917733E+01   -0.211304016523368254E+01
    0.275607153866666225E-07    0.135983311812969902E+03    0.853501265901415138E+02    0.434621382345577061E+02    0.359608590228022607E+01    0.140294793034971832E+01   -0.946146856585375895E+00   -0.150834890245443587E+01   -0.190058985762173793E+01
    0.275764818238743082E-07    0.135974355516155072E+03    0.740594194785693958E+02    0.225328984458888470E+02    0.336569152264804430E+02    0.132125964590376777E+01   -0.563348048325806428E+00   -0.169333207051542267E+01   -0.204373237704044808E+01
    0.280933925772119235E-07    0.135929400801261380E+03    0.560705204521873881E+02    0.631388307695332358E+02    0.225468780509196840E+02    0.559847728786332599E+00   -0.849879400130905127E+00   -0.171435227309616223E+01   -0.202370260739213892E+01
    0.284468019788505597E-07    0.135896585627883894E+03    0.680223759081482484E+02    0.420824445965194229E+02    0.329197666636586073E+01    0.116820323556493544E+01   -0.817665862193516224E+00   -0.141719720381267766E+01   -0.229105544633322022E+01
    0.285746341227985108E-07    0.135879805808444758E+03    0.408901005117227072E+02    0.432618297227669188E+02    0.714491004008567359E+02    0.103713433165070446E+01   -0.373948773278627744E+00   -0.171797404144398835E+01   -0.205620592117317580E+01
    0.285758508428019208E-07    0.135871908149412150E+03    0.839166028085283244E+02    0.305548306866068238E+02    0.280860288905008311E+02    0.138730675656267777E+01   -0.475730360052691204E+00   -0.137150503592868889E+01   -0.201533820654654683E+01
    0.290891084797726214E-07    0.135828491969295584E+03    0.740605948173578525E+02    0.514372319821952004E+02    0.104667617901967915E+02    0.725986505143001892E+00   -0.908220603879862587E+00   -0.143859636216354625E+01   -0.191949190894129296E+01
    0.292316319815353320E-07    0.135810904299477244E+03    0.943809971845278710E+02    0.394958070935901091E+02    0.305954102947680298E+02    0.110302626922737290E+01   -0.595532503791990075E+00   -0.132643195786052681E+01   -0.188713675964524019E+01
    0.307365823411992757E-07    0.135702687514643571E+03    0.648989810143328469E+02    0.246862304309864626E+02    0.506613032020060956E+02    0.241548818684193360E-01   -0.663048729914637036E+00   -0.121040897937398695E+01   -0.228230948338870254E+01
    0.306250101315130960E-07    0.135702148120059974E+03    0.462647546555808091E+02    0.191388567040361757E+02    0.760324068923957554E+02    0.154425420939325364E+01   -0.679439839779430343E+00   -0.181233911979596951E+01   -0.230235772141087525E+01
    0.323906666290894059E-07    0.135582228990848279E+03    0.785114281936011480E+02    0.411355596456780006E+02    0.300452114558152701E+02    0.135089879748261432E+01   -0.650774771715461942E+00   -0.126286369662422793E+01   -0.183130116365296791E+01
    0.369507851204295484E-07    0.135310983328732874E+03    0.629791576336025756E+02    0.394224511350668934E+02    0.561955573119226131E+02    0.145747922849278821E+01   -0.788787968446478471E+00   -0.118051779659131695E+01   -0.184286002106529478E+01
    0.369602048370352721E-07    0.135302661041668074E+03    0.530423456554458994E+02    0.369164635864022728E+02    0.454812837989688816E+02    0.320819068677615560E+00   -0.776549200551332586E+00   -0.166653092760333221E+01   -0.236531929677677333E+01
    0.380486592785893805E-07    0.135236800423624715E+03    0.101625962899863964E+03    0.417943443162313741E+02    0.361603506328716806E+01    0.138976016073058539E+01   -0.643026786165151076E+00   -0.146043206374611190E+01   -0.189752322332070666E+01
    0.394881525337333848E-07    0.135154718237314569E+03    0.931645265915323790E+02    0.278773689856273741E+02    0.331046044137583806E+02    0.147407205221546245E+01   -0.497365494251905238E+00   -0.116386564539565684E+01   -0.189255202456448490E+01
    0.404755604170018009E-07    0.135097510428496321E+03    0.450789244192601899E+02    0.539653280189244455E+02    0.429978464480144638E+02    0.156610225398157321E+01   -0.760496980813280210E+00   -0.187878289124220199E+01   -0.222015149371775111E+01
    0.423472439428873612E-07    0.134999287937658778E+03    0.598031548859173085E+02    0.487337398715113679E+02    0.365066661112016391E+02    0.369140519255263810E+00   -0.612789490845899731E+00   -0.173968490186658942E+01   -0.197458189490986347E+01
    0.423973753203987913E-07    0.134989109204437369E+03    0.835358134819237677E+02    0.174622790604662406E+02    0.248165723298808416E+02    0.981434335703804672E+00   -0.695132289000857106E+00   -0.163413986890810703E+01   -0.194257299944064532E+01
    0.435685520592751811E-07    0.134926798405317356E+03    0.551760905739310346E+02    0.243769555613205213E+02    0.405749506622515881E+02    0.218926090450267785E+00   -0.866812594020070160E+00   -0.156145919988037285E+01   -0.239414376619903324E+01
    0.436169419614403743E-07    0.134916765815488077E+03    0.606545976090262613E+02    0.338650075145431302E+02    0.304919184255673699E+02    0.844885123026639207E+00   -0.896544521001712891E+00   -0.135167010029406853E+01   -0.211113194021832618E+01
    0.443467390246294743E-07    0.134875766263721516E+03    0.712768841790773990E+02    0.605149496110596701E+02    0.158006114512226663E+02    0.112737483912457392E+01   -0.514379791881089066E+00   -0.134156982237664146E+01   -0.205807505258116130E+01
    0.476138750709681214E-07    0.134725783695741342E+03    0.789888999083978831E+02    0.198144467182340236E+02    0.287683134848829596E+02    0.580508727734566188E+00   -0.106543684745027956E+01   -0.138829179587008067E+01   -0.188612611840409850E+01
    0.475441242764730614E-07    0.134720903195466605E+03    0.985970759876758365E+02    0.204598272379358086E+02    0.397085819510584628E+02    0.134376830187521001E+01   -0.696372509153384556E+00   -0.139149930347833450E+01   -0.171002943701686383E+01
    0.489102097086237168E-07    0.134656434795069117E+03    0.801819656872857962E+02    0.247747563041315502E+02    0.195003088581104613E+02    0.969390679395098709E+00   -0.835603095851590982E+00   -0.151868339238864758E+01   -0.207037929550041966E+01
    0.519248136628424830E-07    0.134529001057093467E+03    0.711307310259790597E+02    0.189919849412273685E+02    0.541819062590790850E+02    0.139459390199113153E+01   -0.904795461373650411E+00   -0.111121619235753322E+01   -0.207789725722447471E+01
    0.544939224605448032E-07    0.134424603757508351E+03    0.107864889530491354E+03    0.268854949695358556E+02    0.346007664128146502E+02    0.137719982609172020E+01   -0.668605849565099719E+00   -0.126190069013560890E+01   -0.170621992375359799E+01
    0.543593341261149650E-07    0.134421736939694910E+03    0.630722080495634358E+02    0.285561330627876373E+02    0.127111491265956413E+02    0.838952787166372671E+00   -0.929189138379208801E+00   -0.145559226540621411E+01   -0.214911106066984114E+01
    0.555590724811025491E-07    0.134370263471955155E+03    0.683504724534044499E+02    0.174610649268692910E+02    0.444988259130980879E+02    0.121578031934452446E+01   -0.817846831652015327E+00   -0.162963968985646490E+01   -0.217766655165050071E+01
    0.556097350878206055E-07    0.134360628064564736E+03    0.706635369276927605E+02    0.438671417093409133E+02    0.329891872091890690E+02    0.801349598124768581E+00   -0.483867908220921183E+00   -0.129853833497044668E+01   -0.211620447457767336E+01
    0.575486111295219518E-07    0.134284272116253590E+03    0.739155128704228304E+02    0.205172253622908620E+02    0.695332199275475205E+02    0.940924624588502900E+00   -0.625566197732285723E+00   -0.146047333178594485E+01   -0.188809892756574671E+01
    0.594855310230580303E-07    0.134210253405646625E+03    0.835145846189601713E+02    0.431989832926112456E+02    0.239596507501468459E+02    0.578678732299165000E+00   -0.589626655671587230E+00   -0.104550367027925684E+01   -0.192577484079752548E+01
    0.593262531368167876E-07    0.134207803268741628E+03    0.833497232980257508E+02    0.472735988283793347E+02    0.219980452091002157E+02    0.117191388659418960E+01   -0.650020991013822824E+00   -0.116021326541225633E+01   -0.200118129416199952E+01
    0.611105237238382525E-07    0.134140726441334749E+03    0.829337617377157557E+02    0.383976748323100594E+02    0.305944722749756082E+02    0.574107239395023283E+00   -0.520687530510393071E+00   -0.120097600841802699E+01   -0.205024895857560185E+01
    0.624948940114631921E-07    0.134088112404262517E+03    0.510629209486153002E+02    0.390987798687770862E+02    0.405618797732022358E+02    0.609276582722246052E+00   -0.810308407392574814E+00   -0.149193979553180700E+01   -0.224070110216497431E+01
    0.640300357609806396E-07    0.134031765055371295E+03    0.424629182999049632E+02    0.303172838899421322E+02    0.843914535785730351E+02    0.150128632146551011E+01   -0.767136324898425537E+00   -0.148377073308445850E+01   -0.223164003626372454E+01
    0.643939524178884281E-07    0.134012617675146913E+03    0.749753269966814884E+02    0.443856432872913729E+02    0.381154903588101490E+02    0.156574116393118934E+01   -0.572139799711204544E+00   -0.144447178353292816E+01   -0.180530746472440651E+01
    0.647494470717752954E-07    0.133993794297217221E+03    0.591555370225360093E+02    0.550788705463016299E+02    0.270633216632181224E+02    0.111180044761298347E+01   -0.502724633319829417E+00   -0.185218285536265359E+01   -0.209128646766740989E+01
    0.655553472786296303E-07    0.133961242554533811E+03    0.697983881989269577E+02    0.590490771952875235E+02    0.176301560147377927E+02    0.126437626065848718E+01   -0.644786402854008012E+00   -0.181047423010574660E+01   -0.194709024117135643E+01
    0.656759828407618854E-07    0.133949753018082134E+03    0.857343896521254862E+02    0.400409166103808190E+02    0.112117474181136210E+02    0.919170879967282861E+00   -0.962604416623636716E+00   -0.168841272735541970E+01   -0.186345779808400258E+01
    0.665249040811719128E-07    0.133916254369406772E+03    0.733244573713816692E+02    0.552519588473149170E+02    0.141887420162703908E+02    0.639379145436396623E+00   -0.862401464278677032E+00   -0.166090844202408627E+01   -0.201554611764103786E+01
    0.664578675115594001E-07    0.133910458268207492E+03    0.768894214534233527E+02    0.329565049676040118E+02    0.239194578774208431E+02    0.123008188830047249E+01   -0.759889373431771986E+00   -0.168659714259634042E+01   -0.208130134860746230E+01
    0.687205195105569698E-07    0.133835686444512589E+03    0.906752417099679633E+02    0.313244376575018890E+02    0.251795724257006057E+02    0.133430985641705147E+01   -0.487965217469646939E+00   -0.170408603932184244E+01   -0.185616311054646088E+01
    0.697695740001782329E-07    0.133797573595121634E+03    0.613827701963809886E+02    0.259671041128153384E+02    0.641117670725645752E+02    0.121926492637399586E+01   -0.870074266434193166E+00   -0.177075359934396315E+01   -0.187079779582258121E+01
    0.709513060063885569E-07    0.133756169497727939E+03    0.625774676820952109E+02    0.155731541707718595E+02    0.671411495100908269E+02    0.151454933227825106E+01   -0.628952014755183697E+00   -0.142776325084277156E+01   -0.205728430835247611E+01
    0.721073936395085199E-07    0.133716031447350446E+03    0.597169203058945470E+02    0.504407664769165436E+02    0.587008005203685901E+01    0.147208349569151076E+01   -0.826369804143427533E+00   -0.189863926329395505E+01   -0.215820442269526680E+01
    0.720211160400531613E-07    0.133710613410734595E+03    0.594688930436184293E+02    0.252845929249128716E+02    0.187639697338390157E+02    0.103415568348080328E+00   -0.861842047213659423E+00   -0.172803244464424188E+01   -0.210226948311336370E+01
    0.718299335428015796E-07    0.133708117037669211E+03    0.660540515141221789E+02    0.437391222398882746E+02    0.375919122336759699E+02    0.130148347303218448E+01   -0.497917062549431577E+00   -0.134501510201969898E+01   -0.210392499617345097E+01
    0.767651070738474331E-07    0.133567406715566932E+03    0.886332604598140108E+02    0.295420655194985216E+02    0.163167125172289040E+02    0.142545199889571350E+01   -0.814869763833112382E+00   -0.187813150685107755E+01   -0.181018400834803384E+01
    0.788914521683285415E-07    0.133504948850547748E+03    0.407320509160698805E+02    0.342741862585890118E+02    0.745388380108953754E+02    0.114444004398712074E+01   -0.834361921526004524E+00   -0.152394040925315633E+01   -0.214331098364180228E+01
    0.824210530540914324E-07    0.133409600314418327E+03    0.666984033892115633E+02    0.263848246765973684E+02    0.452621275852027338E+02    0.149551660115553786E+01   -0.109060403619301161E+01   -0.158948925847883760E+01   -0.195885244588879370E+01
    0.848314714325930950E-07    0.133344136420775072E+03    0.620498994523832366E+02    0.240298166011774370E+02    0.592667398009929300E+02    0.927941133795399886E+00   -0.796045570453640883E+00   -0.137868158701853560E+01   -0.190932904627601907E+01
    0.986875042465357725E-07    0.133033740449347533E+03    0.729379468468363257E+02    0.311018697157435611E+02    0.587584708445871300E+02    0.657225757396577848E+00   -0.694584785981284369E+00   -0.106967256014650891E+01   -0.201321583208015475E+01
    0.104654359357235521E-06    0.132908518410304509E+03    0.914828192635059452E+02    0.395465863661267178E+02    0.516809773322972976E+01    0.116943397368898849E+01   -0.524496795065752419E+00   -0.123547008805362513E+01   -0.193799236212497705E+01
    0.105420900202028220E-06    0.132886110298266573E+03    0.542695820266964262E+02    0.287860078349465809E+02    0.445065164669330642E+02    0.101850076933656464E+01   -0.900052534446297736E+00   -0.138685394368334025E+01   -0.225020177815747946E+01
    0.107499850693731579E-06    0.132839240702097072E+03    0.785325541102239981E+02    0.384312316957015412E+02    0.142423289026837683E+02    0.709507171789676483E+00   -0.534575049517305612E+00   -0.174591988994367076E+01   -0.209716581009378977E+01
    0.109916232632880172E-06    0.132786970011102824E+03    0.767938896210016395E+02    0.485145029482312111E+02    0.136453755588539849E+02    0.774543068412800961E+00   -0.786984139909667313E+00   -0.117147215931737847E+01   -0.205344133053943878E+01
    0.114540212100703833E-06    0.132696742701989535E+03    0.710096993050756851E+02    0.352016015240070743E+02    0.268483707197268053E+02    0.945964419855836680E+00   -0.990557263390479337E+00   -0.159166867999261963E+01   -0.205115951348582692E+01
    0.115504993368341914E-06    0.132672154596132145E+03    0.903649822714507565E+02    0.254453456169926966E+02    0.485570616420121937E+02    0.578433667186999956E+00   -0.538128910247764214E+00   -0.113267843570293358E+01   -0.183428143796929333E+01
    0.117497825857602858E-06    0.132630129959292532E+03    0.794165253231340813E+02    0.576750898882749325E+02    0.209678122973933512E+02    0.135032197621270167E+01   -0.644049785217924331E+00   -0.163143840961755271E+01   -0.194509096181669161E+01
    0.118584399946363604E-06    0.132603907233659669E+03    0.595621799660210982E+02    0.194834639516029497E+02    0.124588775158092488E+02    0.970033035490346474E+00   -0.972931806778188024E+00   -0.176464582849767448E+01   -0.206741447269738954E+01
    0.122309930310587155E-06    0.132534228147995066E+03    0.507685403243340190E+02    0.368828648975088811E+02    0.487864970178730673E+02    0.120273955581321479E+01   -0.103410845163405929E+01   -0.156371245438306872E+01   -0.214938785500512397E+01
    0.122522015022269785E-06    0.132522950662828322E+03    0.724024507606730481E+02    0.510029145690571966E+02    0.153271782998779624E+02    0.986099291565517677E+00   -0.711637600016493455E+00   -0.134219165774544757E+01   -0.216767574363808624E+01
    0.126173593369425593E-06    0.132456402251613184E+03    0.455971852257240045E+02    0.340269974906166439E+02    0.670145477903828919E+02    0.933993101858408448E+00   -0.745434092224475986E+00   -0.186047262257785029E+01   -0.196349221185425704E+01
    0.127062141578080516E-06    0.132434554578333575E+03    0.426104055176087542E+02    0.409656404489356731E+02    0.698602981947123993E+02    0.104556897809019045E+01   -0.533815764045476371E+00   -0.160676659322945037E+01   -0.225840238878142152E+01
    0.127891330726198241E-06    0.132413732770176466E+03    0.539057844509549327E+02    0.372931075301831285E+02    0.337852620328370890E+02    0.445382816136722648E+00   -0.684964652392690887E+00   -0.162740533734346249E+01   -0.236883051438563585E+01
    0.133601661343303375E-06    0.132318556726980290E+03    0.671670950032559233E+02    0.426163413059094651E+02    0.478841354038803146E+02    0.132662750038090271E+01   -0.600546873974884710E+00   -0.112083043139006788E+01   -0.194470724347822155E+01
    0.133508400718256466E-06    0.132312140814261454E+03    0.725810972719853567E+02    0.325510542888651457E+02    0.448500684558198515E+02    0.732816949765464631E+00   -0.838135110624074420E+00   -0.118044328269579379E+01   -0.204436633080736740E+01
    0.140478013202839340E-06    0.132202555145702433E+03    0.741691908876216246E+02    0.333730386859501849E+02    0.313239437245746046E+02    0.833630328423196842E+00   -0.101421458779922657E+01   -0.140279087050368223E+01   -0.186518010684940405E+01
    0.149228119869984654E-06    0.132073892337460109E+03    0.657859034104568536E+02    0.301027466444181613E+02    0.304132489593174320E+02    0.383127380712373844E+00   -0.100587373957108950E+01   -0.178828154693404695E+01   -0.204689021773468660E+01
    0.150675163735043836E-06    0.132046779547348649E+03    0.647280153705372783E+02    0.555140780864673857E+02    0.126769785056754714E+02    0.132370505441363218E+01   -0.531239313734871432E+00   -0.163250319213594941E+01   -0.224021293827189938E+01
    0.169852414098176754E-06    0.131799359804191369E+03    0.684548125006292452E+02    0.381005270834336542E+02    0.151055391180016230E+02    0.147143050187450508E+01   -0.833425710025799349E+00   -0.184315063886506381E+01   -0.211927852973006292E+01
    0.170552519648641904E-06    0.131783320554597537E+03    0.531574483771890343E+02    0.474788093529140056E+02    0.304419679141882575E+02    0.832589205148425715E+00   -0.761236709573595238E+00   -0.160403235025781488E+01   -0.218891886854769346E+01
    0.188929066217708681E-06    0.131570851352248610E+03    0.589995178192162157E+02    0.197974905742957787E+02    0.420218773513797572E+02    0.609492794817126371E+00   -0.975927040115278199E+00   -0.171152818315876898E+01   -0.221274271532149802E+01
    0.191228941680351497E-06    0.131538839403872828E+03    0.750809666086842924E+02    0.563883350790006830E+02    0.131762851163066941E+02    0.139919424333384357E+01   -0.663098427216364694E+00   -0.120449144027041832E+01   -0.203263547048730731E+01
    0.202592408719548364E-06    0.131415577375817008E+03    0.682875563427794816E+02    0.270565820577728324E+02    0.641389288869479373E+02    0.119359590036898178E+01   -0.624205911302222249E+00   -0.141170358213887326E+01   -0.177501844240484252E+01
    0.204897787168443785E-06    0.131385134608203174E+03    0.722927762267179048E+02    0.436222357845751745E+02    0.356350122127091851E+02    0.532758976912342419E+00   -0.896361708394272538E+00   -0.128630377301267496E+01   -0.193719468817375073E+01
    0.206410356936367104E-06    0.131362612196832004E+03    0.926243906570106503E+02    0.269688192575326937E+02    0.171638161843080681E+02    0.861756402498688900E+00   -0.550176210387475439E+00   -0.125954938122014859E+01   -0.190636619257771667E+01
    0.206761998937852298E-06    0.131351395383049720E+03    0.780842602335193732E+02    0.469346997573849194E+02    0.185529493432426662E+02    0.149694749303958607E+01   -0.499371421754273292E+00   -0.140782222021538628E+01   -0.201217287878387463E+01
    0.217889254682807124E-06    0.131238745764103214E+03    0.784639129473725774E+02    0.422408089224360239E+02    0.209507679896176597E+02    0.947996771881673639E+00   -0.952878588282633388E+00   -0.144427345583230826E+01   -0.184486665323428034E+01
    0.221706115316847107E-06    0.131196201719460589E+03    0.679245752088092303E+02    0.465500286283645721E+02    0.244219264291130278E+01    0.122107248161864512E+01   -0.847474228582651756E+00   -0.162533052699745317E+01   -0.220433154950427124E+01
    0.221929109555042717E-06    0.131186378610343240E+03    0.589663286857697670E+02    0.386703422512708102E+02    0.208669674758076660E+02    0.321720973475361549E+00   -0.101861397319317026E+01   -0.168809428950546425E+01   -0.208892153552584992E+01
    0.240432194168506677E-06    0.131018405893709826E+03    0.933144776561717180E+02    0.314843120967258869E+02    0.544803526325349541E+01    0.134732733024428541E+01   -0.745759992638517222E+00   -0.114620319868835452E+01   -0.195603275594335324E+01
    0.241328330619280063E-06    0.131003152871390256E+03    0.552438817432652627E+02    0.393554638005686854E+02    0.356253077789983692E+02    0.695383244728499439E+00   -0.849772319963448375E+00   -0.184871831281057331E+01   -0.224214892484179806E+01
    0.241221391476223736E-06    0.130996226822173753E+03    0.105953177036146002E+03    0.200945174754498872E+02    0.440688015630383667E+01    0.122104002281440249E+01   -0.604270803179459470E+00   -0.157839273455937779E+01   -0.180478571404226740E+01
    0.241172570580339952E-06    0.130988819143957528E+03    0.631333361485255438E+02    0.311343146039664447E+02    0.674808824333828312E+02    0.138292041446074254E+01   -0.797093962482615215E+00   -0.152459272992554506E+01   -0.173994075526831660E+01
    0.250232286921162695E-06    0.130907252851126714E+03    0.428629696780171727E+02    0.300329775697808685E+02    0.782716977761257056E+02    0.119254309186510321E+01   -0.543683765011374831E+00   -0.170373438010206746E+01   -0.228304482869581937E+01
    0.251056673536565489E-06    0.130892862210185143E+03    0.894272993112193717E+02    0.359027132656285488E+02    0.139655527884773338E+02    0.878211699628814402E+00   -0.735735692669351016E+00   -0.177182236017706662E+01   -0.177103239623102149E+01
    0.251402684141442680E-06    0.130882295173689528E+03    0.636613701875884388E+02    0.606708754014446612E+02    0.193041251553799356E+02    0.385194296957810545E+00   -0.675481311758670211E+00   -0.163153165683722556E+01   -0.201712962267214158E+01
    0.256360320943662198E-06    0.130835426702317704E+03    0.604762753471093859E+02    0.217428307368812845E+02    0.110629438090822010E+02    0.634551568039051217E+00   -0.100932094527044947E+01   -0.163615620589461952E+01   -0.214353320458668239E+01
    0.262800549984790869E-06    0.130777991360646155E+03    0.933283007780106573E+02    0.368389549085318251E+02    0.870014397464580469E+01    0.122411225857751704E+01   -0.593897837075500590E+00   -0.119457505679346143E+01   -0.199244908898841211E+01
    0.262267063379892760E-06    0.130774242998482094E+03    0.437079539217291284E+02    0.306610880285224496E+02    0.626774116939348929E+02    0.130479135719798500E+01   -0.913209438907494730E+00   -0.173708795012178641E+01   -0.207044475795326877E+01
    0.268944264300171517E-06    0.130716148794992193E+03    0.779904887420255903E+02    0.501392007926166343E+02    0.181690786542925231E+02    0.132346768120615921E+01   -0.822446967634113735E+00   -0.119966803565404101E+01   -0.190692158429886804E+01
    0.269746013604824650E-06    0.130702382967601437E+03    0.585874822449244945E+02    0.223746156931749276E+02    0.314882716943992946E+02    0.869054144655138194E+00   -0.801478411610250685E+00   -0.169497233936983105E+01   -0.217521550384213036E+01
    0.276278452572808710E-06    0.130646713632905602E+03    0.670597811718670869E+02    0.388527607715499954E+02    0.126039329792997776E+02    0.724699228881864554E+00   -0.102894622838241290E+01   -0.181795302227443023E+01   -0.199414800558105343E+01
    0.276216606718571551E-06    0.130639348889702376E+03    0.881781277412628555E+02    0.439332588621748101E+02    0.178432073275453860E+02    0.133319792322005548E+01   -0.889545129057727202E+00   -0.139757927476666044E+01   -0.185049072894836231E+01
    0.294088511227167626E-06    0.130506145558188621E+03    0.659900279464658013E+02    0.196912513938579181E+02    0.410294411119304172E+02    0.122549688390749068E+01   -0.625492269975805204E+00   -0.159917001638761191E+01   -0.218368602270069800E+01
    0.296328898401170083E-06    0.130483154658022499E+03    0.866556912480654944E+02    0.207520726573257335E+02    0.201853539270072666E+02    0.789029279085427859E+00   -0.950502007288521522E+00   -0.163067157817521080E+01   -0.177583117395115875E+01
    0.305488768758564428E-06    0.130414456090516609E+03    0.430494695062462114E+02    0.324109744710337608E+02    0.681231365100061765E+02    0.833801786296784475E+00   -0.754223225859827817E+00   -0.171203453365454328E+01   -0.233535804142067693E+01
    0.307180742986980651E-06    0.130395596992000605E+03    0.564381992499047556E+02    0.221429544420546947E+02    0.815318279151614860E+02    0.125738618480729536E+01   -0.576497382545844594E+00   -0.132041068104254666E+01   -0.212558315255052843E+01
    0.308754897882792916E-06    0.130377561616630771E+03    0.886382240317034302E+02    0.265682688685671593E+02    0.228304839174746661E+02    0.513944250709995831E+00   -0.883310137321246414E+00   -0.117685511650673824E+01   -0.192389334944249080E+01
    0.310418469205645890E-06    0.130359002043747950E+03    0.872143681715452885E+02    0.331812611383236060E+02    0.307035784357576951E+02    0.927569497716224101E+00   -0.563288646371805646E+00   -0.127353641884431923E+01   -0.201335218748430433E+01
    0.327655924558731726E-06    0.130243104024847753E+03    0.886175222706151402E+02    0.434098187354678231E+02    0.434520741360426328E+02    0.113360637451512392E+01   -0.508585003732076935E+00   -0.127368305693619499E+01   -0.174177756047069110E+01
    0.332414352311853769E-06    0.130206455139674205E+03    0.681092331463017899E+02    0.280244307081596489E+02    0.284620645298765780E+02    0.151655633688463909E+01   -0.832084304168084099E+00   -0.192582135499742080E+01   -0.200518046186778731E+01
    0.331122022055826558E-06    0.130206433211163699E+03    0.904644925546423480E+02    0.283165366426368230E+02    0.835385026303268141E+01    0.114042033693151268E+01   -0.672743498357095460E+00   -0.124211289535147085E+01   -0.205308364081845074E+01
    0.330045012148090614E-06    0.130205136528224301E+03    0.648978901148089733E+02    0.448713531417788687E+02    0.215998318149168682E+02    0.106412940605827333E+01   -0.653219627782725354E+00   -0.194513835394861578E+01   -0.211394475038858154E+01
    0.354456660853966514E-06    0.130054609951023735E+03    0.410112294949975222E+02    0.382462312488804841E+02    0.785718243245054282E+02    0.816361470847569604E+00   -0.464411656594247102E+00   -0.161429080182252527E+01   -0.208856696414368992E+01
    0.366832914608800741E-06    0.129978156677758307E+03    0.569766963673123499E+02    0.383817455056085706E+02    0.494575910558308820E+02    0.765683589895865380E+00   -0.578881869191760545E+00   -0.199923195000300291E+01   -0.207507190201025526E+01
    0.367906983322450704E-06    0.129964496832422867E+03    0.539391524593746396E+02    0.462434662639878624E+02    0.318323877343460353E+02    0.642141893237226036E+00   -0.776687795096520084E+00   -0.155701023096133895E+01   -0.217517009961149821E+01
    0.368171527969034306E-06    0.129955246743068386E+03    0.651898989013134411E+02    0.499277794854342432E+02    0.314343882775030004E+02    0.576417562775344172E+00   -0.770267078315501674E+00   -0.178578797613742335E+01   -0.207479856800032847E+01
    0.371472227469665961E-06    0.129929583912353991E+03    0.682541143342238854E+02    0.288577566767629072E+02    0.415416272431379952E+02    0.130775042980914269E+01   -0.792226442592002478E+00   -0.121165339572145769E+01   -0.198119585778307172E+01
    0.382877788183510821E-06    0.129861287924728202E+03    0.594280305068822585E+02    0.275035975303983875E+02    0.101157748006748758E+02    0.727274100560404202E+00   -0.855952177407576231E+00   -0.177719599379121584E+01   -0.209842836374639274E+01
    0.382319982365919119E-06    0.129856391303147433E+03    0.905363644358727271E+02    0.412949909591339974E+02    0.235398486295960829E+02    0.554797851096854644E+00   -0.668263509726930494E+00   -0.133184546490767941E+01   -0.194124252750439807E+01
    0.414724041022699522E-06    0.129685867944130024E+03    0.618891500657620028E+02    0.593781553336600751E+02    0.238717964629466088E+02    0.123464857699992536E+01   -0.761003185395883630E+00   -0.136366422464927517E+01   -0.201339267013460033E+01
    0.423302616875284036E-06    0.129637107460260097E+03    0.670586119151109159E+02    0.427280485522222762E+02    0.430472015401837851E+02    0.615412536108447372E+00   -0.524754600936981230E+00   -0.176265601340683231E+01   -0.191568499444596219E+01
    0.455547397438583556E-06    0.129482470085171144E+03    0.436778665832596502E+02    0.223438023690799383E+02    0.803144108404001855E+02    0.811169872745603149E+00   -0.734146312152220926E+00   -0.160855271965854363E+01   -0.227996741220300647E+01
    0.454262733149501375E-06    0.129480305643374379E+03    0.742048115322211004E+02    0.521439021869757227E+02    0.178775629413500532E+02    0.784999289028482816E+00   -0.695401116872519598E+00   -0.183610493477025050E+01   -0.195299585007135712E+01
    0.484849998607766889E-06    0.129342165495681343E+03    0.812419584309137548E+02    0.478764740952623100E+02    0.179472394852744941E+02    0.743964298265389901E+00   -0.799986902592524363E+00   -0.124399283282455508E+01   -0.183901494249493802E+01
    0.491161351431764711E-06    0.129308486735841996E+03    0.843047587816045052E+02    0.317134216842850449E+02    0.832030162583816590E+01    0.116333059622294632E+01   -0.785639600720256182E+00   -0.112974497028841059E+01   -0.197071865697047777E+01
    0.491480992184413528E-06    0.129299373087907554E+03    0.724686533607982852E+02    0.249640142114934456E+02    0.321467081485773631E+00    0.599964602951106984E+00   -0.962907458714511666E+00   -0.182400310073377359E+01   -0.198335007105571837E+01
    0.500591943574129644E-06    0.129254824548782153E+03    0.923822313435369580E+02    0.339143182680017503E+02    0.821524637241659761E+01    0.100300958955094477E+01   -0.625711267906065238E+00   -0.174752624031980308E+01   -0.178151454632591499E+01
    0.510270944065353951E-06    0.129208710924396598E+03    0.617395352645880777E+02    0.219798105886661048E+02    0.530090524478748648E+02    0.140107504660799731E+01   -0.655627234739847964E+00   -0.135856342715794387E+01   -0.223489234157184580E+01
    0.511039170430142027E-06    0.129197889635983444E+03    0.823074051438747745E+02    0.170199878950076169E+02    0.470996600748839143E+02    0.154322803501872863E+01   -0.566857595586936380E+00   -0.129142213418309471E+01   -0.201797710095099747E+01
    0.530355893303180855E-06    0.129115873063456434E+03    0.601817096755760588E+02    0.218852331604477151E+02    0.239442923284480997E+02    0.653490310822059883E+00   -0.788036847060619827E+00   -0.180936620535390169E+01   -0.226986370793690995E+01
    0.542681975471119676E-06    0.129062110183791305E+03    0.512477025812013238E+02    0.468244509964148961E+02    0.354559883818332580E+02    0.990124460699357889E+00   -0.715873733797936174E+00   -0.180302154666872494E+01   -0.213931346021943058E+01
    0.542051395051095824E-06    0.129056622975916355E+03    0.975115961143951040E+02    0.286431826588062570E+02    0.129181062311584931E+02    0.136979581763405656E+01   -0.519416027258484236E+00   -0.162883310216852317E+01   -0.182360660383282269E+01
    0.559439705235437282E-06    0.128985660606432930E+03    0.884899657800886530E+02    0.378832622969094075E+02    0.370308857782808758E+02    0.101566671138657449E+01   -0.735427303998006376E+00   -0.147323562818004006E+01   -0.170587828335187108E+01
    0.598141494320131551E-06    0.128844064942363957E+03    0.692856066471573655E+02    0.321278610974567371E+02    0.211069273132428350E+02    0.745555028319795365E+00   -0.577789720290258879E+00   -0.160967685802805760E+01   -0.218209065982671380E+01
    0.604749126365869864E-06    0.128814279709701907E+03    0.758417999723878182E+02    0.249024369584229142E+02    0.156412345620404896E+02    0.742337192537534940E+00   -0.739200310422738927E+00   -0.123101561221884381E+01   -0.220441499397798424E+01
    0.613357549321813000E-06    0.128778198531948647E+03    0.661250461743885865E+02    0.318048029147332372E+02    0.540736224023973975E+02    0.113271307019772638E+01   -0.535240371233869139E+00   -0.168009862307470925E+01   -0.193877080905967825E+01
    0.616613924096161487E-06    0.128759795924931950E+03    0.777199782008514148E+02    0.332119212817929679E+02    0.344873568488091067E+02    0.222693193220603158E+00   -0.784295589244806246E+00   -0.125204314156287477E+01   -0.183721862023056270E+01
    0.624147008719686559E-06    0.128727697756401142E+03    0.689786314175059090E+02    0.274121203484911646E+02    0.233271248315703126E+02    0.108717163733665600E+01   -0.754475342609191912E+00   -0.126169095742195170E+01   -0.217044180536615761E+01
    0.678454538531429306E-06    0.128553022171181937E+03    0.713940949018640652E+02    0.364342471723109185E+02    0.330024161252157455E+02    0.147620431564651211E+01   -0.542153892134787263E+00   -0.132032613043482483E+01   -0.210053855893803387E+01
    0.687075665131186961E-06    0.128519955770177688E+03    0.651631406108494957E+02    0.191898300772835917E+02    0.406696639346675823E+02    0.114041927964432976E+01   -0.684704189035578503E+00   -0.165832317997630163E+01   -0.211140228787853879E+01
    0.700151129428683744E-06    0.128474439697590753E+03    0.668015224361442819E+02    0.150226802831478299E+02    0.758410867699052460E+02    0.304649524982956665E+00   -0.872627725991929282E+00   -0.139999019428358995E+01   -0.193497920296714954E+01
    0.698973739249088702E-06    0.128469993274440299E+03    0.711051458714589728E+02    0.439986723533170050E+02    0.218757856729297266E+02    0.334437115692523101E+00   -0.861408853081749637E+00   -0.169747665293132477E+01   -0.194581512945000346E+01
    0.712331743391138742E-06    0.128424319650182213E+03    0.938263681266746943E+02    0.212712718890686610E+02    0.708695231012101967E+01    0.148970051555737459E+01   -0.817544937370528135E+00   -0.129326186760905104E+01   -0.182119124040503855E+01
    0.710530130197259195E-06    0.128421571912096596E+03    0.712642971815680397E+02    0.347203400052149931E+02    0.536934844152552770E+02    0.110238821179932422E+01   -0.763478410896863746E+00   -0.113530339177980544E+01   -0.197727895414278043E+01
    0.727438656319094202E-06    0.128366722770880415E+03    0.818227037004685371E+02    0.428433182732798556E+02    0.178124543071537502E+02    0.588717269240574992E+00   -0.696979584668043994E+00   -0.111051329936678966E+01   -0.192093561749127639E+01
    0.818579294881182611E-06    0.128122829078619901E+03    0.536642429695063612E+02    0.317690227849979685E+02    0.642394768061662091E+02    0.140194118406978507E+01   -0.858963938397451665E+00   -0.124877752876523429E+01   -0.206992083371672564E+01
    0.831362430687921065E-06    0.128084025443865784E+03    0.945011085173033649E+02    0.481992413333797742E+02    0.546441340662336206E+01    0.154597993676104140E+01   -0.507498066589309627E+00   -0.157189061366491312E+01   -0.185579059645297284E+01
    0.840217013466948412E-06    0.128055024203766862E+03    0.769693864931859508E+02    0.388851245150336382E+02    0.542904368214675372E+02    0.153637010087670234E+01   -0.519411290690899419E+00   -0.129859469579304165E+01   -0.173961542642963796E+01
    0.836967737111991050E-06    0.128054961071673972E+03    0.560476664935193583E+02    0.352805673413407419E+02    0.489912640649616336E+02    0.649154182938484370E+00   -0.914849813187063043E+00   -0.140307423697557532E+01   -0.219398857688849658E+01
    0.838672037038872680E-06    0.128043080154247093E+03    0.797138774344037415E+02    0.367341244512978733E+02    0.456315531492193358E+02    0.129236201181133881E+01   -0.458163561319993029E+00   -0.144064993018456988E+01   -0.184832441156576444E+01
    0.842135872821833032E-06    0.128027024378697888E+03    0.800333820462129921E+02    0.399768327666417491E+02    0.294357405179495473E+02    0.152759728430930641E+01   -0.913963771550534210E+00   -0.133098987105713373E+01   -0.189712912697966263E+01
    0.854851642111990444E-06    0.127989238747673298E+03    0.681860283408704646E+02    0.567758429156591760E+02    0.385564884191499928E+02    0.112988424123641873E+01   -0.518125543897908214E+00   -0.143495008890894571E+01   -0.185855584396734352E+01
    0.861474404587985746E-06    0.127965991428959711E+03    0.720946466537838404E+02    0.190724039226347060E+02    0.336441918513852833E+01    0.139379343515479359E+01   -0.790966231185090907E+00   -0.155096104738639884E+01   -0.203882910149612506E+01
    0.873995136896850504E-06    0.127929319996541892E+03    0.820067798499663354E+02    0.498035589212938063E+02    0.304060340754205392E+02    0.514325046601639579E+00   -0.678186030031774578E+00   -0.142088813776128542E+01   -0.174297883387058827E+01
    0.883360404140731162E-06    0.127900190567360241E+03    0.865599595342628163E+02    0.379084571414821028E+02    0.170893846585964648E+01    0.111688166579357340E+01   -0.629309560773726906E+00   -0.125993512019910892E+01   -0.208016136521898654E+01
    0.881654059465337525E-06    0.127896245106961715E+03    0.489138594374834668E+02    0.501769188430106468E+02    0.468635398335381268E+02    0.838683941772830899E+00   -0.693181936042509328E+00   -0.149699506763736823E+01   -0.213931357762621221E+01
    0.916080929974137086E-06    0.127811822694896449E+03    0.103426360114104710E+03    0.349233792847179672E+02    0.111774436100107977E+01    0.135681159000790874E+01   -0.578549972888973141E+00   -0.167048460395829257E+01   -0.174984085441865900E+01
    0.956282500907659860E-06    0.127718112874558557E+03    0.561129260112280690E+02    0.326609763156709221E+02    0.264287004541803476E+02    0.126585001402435116E+01   -0.973135554144707093E+00   -0.159589963539741664E+01   -0.219433907182621324E+01
    0.992836661171440686E-06    0.127635274798929942E+03    0.643067256493649637E+02    0.289122879259762016E+02    0.356997957452933150E+02    0.355459825319515810E+00   -0.695531288864522201E+00   -0.132107411741483016E+01   -0.220546503627640433E+01
    0.100276809581034366E-05    0.127607555518098138E+03    0.975656136632079978E+02    0.224962911837909658E+02    0.408866011904810378E+02    0.652416816065749083E+00   -0.623151191194429632E+00   -0.123892348339504288E+01   -0.183268747129834741E+01
    0.102897076466092991E-05    0.127548153471395054E+03    0.874340706625335145E+02    0.377074459963019706E+02    0.252579720819201263E+02    0.404400283829045415E+00   -0.875832686553120521E+00   -0.157663166063537341E+01   -0.176181315677316608E+01
    0.105890392148027220E-05    0.127482990387874793E+03    0.790484807919752797E+02    0.449958630475535486E+02    0.507222876390031718E+01    0.129372735889006818E+01   -0.584622290545208756E+00   -0.154259757776227802E+01   -0.214717827499235447E+01
    0.105737842537205034E-05    0.127478061239190779E+03    0.887858979702943003E+02    0.363170685826574129E+02    0.299512842379620245E+02    0.142626056895855591E+01   -0.478247706332535216E+00   -0.159658560175920705E+01   -0.188799741055521331E+01
    0.111520550501004040E-05    0.127363756666764772E+03    0.619352857455158414E+02    0.345730124158051950E+02    0.151114960565853380E+02    0.124850217778172778E+01   -0.105113140558332452E+01   -0.172392657066813304E+01   -0.210923897887539802E+01
    0.112111180073963550E-05    0.127345379817158005E+03    0.579652888646014190E+02    0.364005107729013559E+02    0.206085616605082187E+02    0.121406591064236746E+01   -0.969727571295856627E+00   -0.178902944251528906E+01   -0.220905875737616153E+01
    0.113849751759809418E-05    0.127306790209265671E+03    0.941927628103139511E+02    0.435098207913542723E+02    0.212012864307287678E+02    0.140032591123701922E+01   -0.740017940712419442E+00   -0.137661851733782870E+01   -0.172918834332100624E+01
    0.114382811169132137E-05    0.127289635302174077E+03    0.857743423707976689E+02    0.289238604321686665E+02    0.242856001903311238E+02    0.893232371952563220E+00   -0.572441861353544246E+00   -0.131539371594292143E+01   -0.192467205100606154E+01
    0.114277666777112868E-05    0.127283662112585290E+03    0.776468284508741391E+02    0.476819061087403924E+02    0.335598141552282243E+02    0.123881329966039289E+01   -0.550872028842454231E+00   -0.150181235771733257E+01   -0.198123157364727676E+01
    0.115020460006244472E-05    0.127262891882178678E+03    0.986809922026072144E+02    0.225344596229944756E+02    0.324544668219126891E+02    0.995792517696906465E+00   -0.793072578033865438E+00   -0.151671959837978454E+01   -0.180515128925040980E+01
    0.115219318636312134E-05    0.127251624572055249E+03    0.792642119691377047E+02    0.453146300711393195E+02    0.449189803461915602E+02    0.134220201153317897E+01   -0.597600339628261201E+00   -0.132400239303089950E+01   -0.183360409913428946E+01
    0.115858801147801609E-05    0.127232742497063555E+03    0.617265517850234460E+02    0.316662889754480759E+02    0.593370884887777521E+02    0.137208291201188426E+01   -0.570045599502144062E+00   -0.160900560211823662E+01   -0.205243249788117765E+01
    0.121376700211729085E-05    0.127131876564577453E+03    0.617089061729964925E+02    0.319717535507016741E+02    0.431378208110405339E+02    0.630611218126447826E+00   -0.743832527541029354E+00   -0.194072736605237206E+01   -0.208161074629681497E+01
    0.123206994075443619E-05    0.127094130294289556E+03    0.600429902765354768E+02    0.504811141994818513E+02    0.317494945852002850E+02    0.459004704152509768E+00   -0.728629948431645635E+00   -0.126024075128909052E+01   -0.215058173857200075E+01
    0.123855607024598470E-05    0.127075816578218877E+03    0.795396341799775968E+02    0.404035781405136447E+02    0.299816938362901908E+02    0.136897296304960703E+01   -0.865536632829887909E+00   -0.118630563955827606E+01   -0.184023334369461633E+01
    0.123373426978551892E-05    0.127075805437947793E+03    0.721821525390684968E+02    0.202023185982170546E+02    0.308071939399072932E+02    0.464179711956816288E+00   -0.956819380915715278E+00   -0.168319068801524363E+01   -0.189461253279620134E+01
    0.126940958892290732E-05    0.127010980257948319E+03    0.470105977758843352E+02    0.459202817224214925E+02    0.481436050798640807E+02    0.407403447528367380E+00   -0.755037862054020792E+00   -0.158419905257497473E+01   -0.230156462473937573E+01
    0.127422314100688150E-05    0.126995598177995404E+03    0.545667970963927473E+02    0.481369383858738544E+02    0.266321965714217725E+02    0.127282510213699829E+01   -0.655224144642888806E+00   -0.169453967804312655E+01   -0.233728191886159564E+01
    0.127191106794758536E-05    0.126991417966798821E+03    0.620976043304187542E+02    0.344838462905237222E+02    0.342760767188678201E+02    0.140714652524639927E+01   -0.826217654273766255E+00   -0.158927766761452149E+01   -0.204162949977680919E+01
    0.130143633805703056E-05    0.126937709501534542E+03    0.512350011952929947E+02    0.240388410608368801E+02    0.605527286911381992E+02    0.560928288233190853E+00   -0.902813404328480118E+00   -0.181470993663850444E+01   -0.218323327143519519E+01
    0.130820640848894382E-05    0.126919519970994571E+03    0.447263317754023930E+02    0.232811214816983494E+02    0.833929342349996290E+02    0.119162500667973648E+01   -0.510835645278651551E+00   -0.172621274636429223E+01   -0.192105331881619690E+01
    0.134314632600987155E-05    0.126858991829089973E+03    0.563533524162406536E+02    0.270426612129844699E+02    0.522780651187457721E+02    0.112206155918321993E+01   -0.794756641234688033E+00   -0.186097592368783316E+01   -0.204978158456599147E+01
    0.136732107555359058E-05    0.126815502249059620E+03    0.717924138403747065E+02    0.153847378906662904E+02    0.911776254635925554E+01    0.814512979383415825E+00   -0.856836153536760126E+00   -0.178018611521227021E+01   -0.202997204623044603E+01
    0.141225123609209106E-05    0.126743026456500814E+03    0.512290826825892367E+02    0.331918198345240398E+02    0.447916248224918974E+02    0.987009120329994771E+00   -0.910473010716652764E+00   -0.188907740231079568E+01   -0.214539685724654028E+01
    0.148330178784435852E-05    0.126637042980150994E+03    0.104459049563557713E+03    0.237832345432834273E+02    0.754271385011358930E+01    0.813110946079277586E+00   -0.803956388324187365E+00   -0.136914880692653984E+01   -0.179756960333794380E+01
    0.157752860016180396E-05    0.126506052670827430E+03    0.733225697251715474E+02    0.564940467791410867E+02    0.286852546093118761E+02    0.139992133732778634E+01   -0.615091716560864032E+00   -0.127293394319727415E+01   -0.193905322289297954E+01
    0.159208679932586103E-05    0.126479867845224192E+03    0.785462169260198095E+02    0.287133980693463258E+02    0.564808925530785615E+02    0.138866642495788706E+01   -0.831216447058084507E+00   -0.128166147616142179E+01   -0.174252947399717772E+01
    0.163707639366470189E-05    0.126416322633136787E+03    0.693201203767595899E+02    0.420121995467400993E+02    0.134313750367350053E+02    0.360179271849084937E+00   -0.797040695699742674E+00   -0.125990274623921761E+01   -0.210540235312297419E+01
    0.176539477292492097E-05    0.126257585395965251E+03    0.571339453545169818E+02    0.199057847572594113E+02    0.610989151781656048E+02    0.816214726417624048E+00   -0.695793566801035102E+00   -0.169831475885622685E+01   -0.226006218174777906E+01
    0.179198584899640495E-05    0.126219872725962929E+03    0.679268364594874043E+02    0.429076603448602256E+02    0.328849830095130855E+02    0.128794600020934746E+01   -0.806344075631660662E+00   -0.155792296919656703E+01   -0.190717844504523359E+01
    0.181845940997580320E-05    0.126182729732298029E+03    0.729838038391301183E+02    0.203759901208018377E+02    0.519646208261206937E+02    0.517552115151027059E+00   -0.633509886275983813E+00   -0.126704411291377794E+01   -0.214429115924852542E+01
    0.183103220460874739E-05    0.126161136853328543E+03    0.772477212170306444E+02    0.253710737399355430E+02    0.625153906281338365E+02    0.826957456694688786E+00   -0.765820756437820105E+00   -0.114208466677544118E+01   -0.184199597675485016E+01
    0.185429167414666106E-05    0.126128078508842947E+03    0.754110264889077797E+02    0.437427959451382122E+02    0.305555277524205806E+02    0.310639212694939604E+00   -0.770143290061663599E+00   -0.146686874656920851E+01   -0.203253563196041043E+01
    0.188474176703299038E-05    0.126087689925677125E+03    0.672263461995572271E+02    0.247352919733541796E+02    0.148522864221692763E+01    0.523595661326540229E+00   -0.762563584727074639E+00   -0.163087393775779299E+01   -0.225786496828390471E+01
    0.188479013554756047E-05    0.126079826099925469E+03    0.761167784908904537E+02    0.329145183649295916E+02    0.475090833892330480E+02    0.800380804258609579E+00   -0.662346836203152156E+00   -0.103869233026399344E+01   -0.197948529602180789E+01
    0.193629900723151940E-05    0.126018089715849413E+03    0.630184322563599153E+02    0.223005470163936792E+02    0.357049868158674641E+02    0.841608866698496771E+00   -0.935580982695820795E+00   -0.140071446813256673E+01   -0.223554609846713603E+01
    0.194807423045772638E-05    0.125998151440517660E+03    0.888027777117253549E+02    0.232067837960761665E+02    0.470373476440970180E+02    0.106362377186403068E+01   -0.597291498387658937E+00   -0.130950163732658598E+01   -0.191366233455295620E+01
    0.198207221950442862E-05    0.125955735815604442E+03    0.479307705689657055E+02    0.190179933089804294E+02    0.742801576167700688E+02    0.152322372744825763E+01   -0.684671350015289004E+00   -0.171661218448088593E+01   -0.226986676226946305E+01
    0.201661900835666801E-05    0.125913364359724099E+03    0.715179104573630582E+02    0.184564312148115732E+02    0.515091014292148301E+02    0.119492842804026367E+01   -0.665000734119955972E+00   -0.171414118451385900E+01   -0.202604129106312270E+01
    0.202170248564946597E-05    0.125900516619230785E+03    0.607015886145482000E+02    0.240788367591654797E+02    0.837753680090859376E+02    0.140113770067954668E+01   -0.671194134536782672E+00   -0.123077586733583244E+01   -0.192472608000165679E+01
    0.219476806656489996E-05    0.125728431308456948E+03    0.781749304577006114E+02    0.174703007055656698E+02    0.647380730622971470E+02    0.125656161510882902E+01   -0.823817681702251114E+00   -0.121609270090895594E+01   -0.186798336555861910E+01
    0.224079184767988113E-05    0.125679112947819533E+03    0.807583389789923842E+02    0.212247277593297454E+02    0.101385138364097909E+02    0.130553974986222321E+01   -0.645790865323359276E+00   -0.158009465035503149E+01   -0.202628575395232069E+01
    0.223833181688370823E-05    0.125673497333842576E+03    0.423467590232172526E+02    0.305887583639780445E+02    0.758252814830168376E+02    0.154363276296164353E+01   -0.705494377076418822E+00   -0.170818593794208406E+01   -0.224460793217256382E+01
    0.230575277680866174E-05    0.125606332146614548E+03    0.674135255701961142E+02    0.280698424400993396E+02    0.194446735201702303E+02    0.118750099776704232E+01   -0.920540728253890883E+00   -0.192547530156310853E+01   -0.195952336819897854E+01
    0.233557944606963321E-05    0.125572814027255077E+03    0.966554728685919997E+02    0.324516315680723437E+02    0.347402295427194545E+02    0.815114583827283190E+00   -0.574120512660748705E+00   -0.121300159380087225E+01   -0.177313073566249280E+01
    0.234378370414296188E-05    0.125557988379340173E+03    0.508664492356002782E+02    0.261549381500783937E+02    0.587841750711955910E+02    0.447661041644095092E+00   -0.104193455842434668E+01   -0.169741001134342939E+01   -0.209163121184694800E+01
    0.237310529826279847E-05    0.125525310361581319E+03    0.703720501235294478E+02    0.186838530838750714E+02    0.177613200343502164E+02    0.130188816476544544E+01   -0.968927157427544206E+00   -0.146968416658492007E+01   -0.203597336034894560E+01
    0.239142677574062223E-05    0.125502116231233870E+03    0.720314980451370701E+02    0.246822017102758409E+02    0.637736986910198880E+02    0.880140118455633891E+00   -0.860275365872558817E+00   -0.144207451784025453E+01   -0.177358238556564407E+01
    0.249332846908588083E-05    0.125410846956645287E+03    0.634989940260673933E+02    0.187666876878532598E+02    0.810416882894452328E+02    0.803039195744454148E+00   -0.830598926950760763E+00   -0.128817191731329106E+01   -0.186850484327001731E+01
    0.252587244338775212E-05    0.125377098511111129E+03    0.691079097470105808E+02    0.208518363261497015E+02    0.424596504737014797E+02    0.149852871461236492E+01   -0.934724722319963730E+00   -0.141333825158942039E+01   -0.195307414442155691E+01
    0.252999811337495921E-05    0.125366021947400128E+03    0.505937062867975911E+02    0.407197436908711978E+02    0.489044376760905948E+02    0.149767585104916057E+01   -0.814997445813735011E+00   -0.154477445043788597E+01   -0.208908538724714887E+01
    0.257691056524843217E-05    0.125321464109313268E+03    0.678583037443061983E+02    0.405103610703752537E+02    0.480110944581637895E+02    0.146447875119090676E+01   -0.794897942113680367E+00   -0.113660568736759071E+01   -0.189956364143684975E+01
    0.256790244141177053E-05    0.125320655271471992E+03    0.648840870882962975E+02    0.331158616295552548E+02    0.923211279965892651E+01    0.127056898451861566E+01   -0.830891076424978614E+00   -0.150944688454318476E+01   -0.214976640408778774E+01
    0.257061100561878553E-05    0.125310734329420995E+03    0.730851708607195718E+02    0.204352383042257557E+02    0.120030834789618410E+02    0.322765105051081413E+00   -0.698363381458570354E+00   -0.160343243764376364E+01   -0.210095158824929085E+01
    0.261108376460750542E-05    0.125271678320215216E+03    0.588935912669423587E+02    0.425565693918770336E+02    0.536209792021879039E+02    0.106419900811424695E+01   -0.703502350516165942E+00   -0.136262965996013108E+01   -0.205368243846783738E+01
    0.263063624135233047E-05    0.125248945093882185E+03    0.609481961050922010E+02    0.210226832800975671E+02    0.591303529735590132E+02    0.114036378135506644E+01   -0.860484717175505009E+00   -0.149814989685138489E+01   -0.196075062069301009E+01
    0.263000540152333700E-05    0.125241612261477769E+03    0.826895682154453482E+02    0.294626594791770593E+02    0.311477801347424048E+02    0.131518339484266300E+01   -0.913046823673862917E+00   -0.149240766748876652E+01   -0.193356930052312492E+01
    0.262698670118778545E-05    0.125236096664808343E+03    0.844411944251518776E+02    0.532520263763941131E+02    0.122502016983835258E+02    0.217629621664459039E+00   -0.636447231754978304E+00   -0.128085102640400939E+01   -0.187579426718270592E+01
    0.267791559801550182E-05    0.125189881601526224E+03    0.765776679030250307E+02    0.309013301279927148E+02    0.557559141192303471E+02    0.624535114077121145E+00   -0.637414580003579090E+00   -0.172722305323730119E+01   -0.179943274059324376E+01
    0.268444310884292120E-05    0.125177199965082053E+03    0.699427594649039293E+02    0.407516764172898149E+02    0.484477883613688320E+00    0.142426048304303876E+01   -0.947994966844123876E+00   -0.150887399330627048E+01   -0.208178106666917051E+01
    0.268630175979066602E-05    0.125168003187059227E+03    0.801616008277188143E+02    0.441061064352988836E+02    0.106588498382733672E+02    0.129427667805000368E+01   -0.572333363311087862E+00   -0.127880709140303206E+01   -0.202946916558833701E+01
    0.273160637557767622E-05    0.125126741857254046E+03    0.774442087717755356E+02    0.195213096279844471E+02    0.923717160346219934E+01    0.101217212704656401E+01   -0.100726503114644927E+01   -0.160758622572567633E+01   -0.193847729413979897E+01
    0.272559658581525058E-05    0.125123334392019643E+03    0.739527951648973243E+02    0.534303221131426866E+02    0.297058769100622939E+02    0.143444437984557105E+01   -0.565964354891999033E+00   -0.144475000205082393E+01   -0.198507629377753281E+01
    0.273191363885730044E-05    0.125110891900977379E+03    0.663905502430442169E+02    0.320818143491116103E+02    0.425812177564759224E+02    0.516996903696041121E+00   -0.964251274143041348E+00   -0.126002170684319781E+01   -0.198610460974576997E+01
    0.276339356145471516E-05    0.125080165110071874E+03    0.649607542694164266E+02    0.394776429225842236E+02    0.103422934697142761E+02    0.141926161420247077E+01   -0.921296087578653111E+00   -0.153069666972959739E+01   -0.209183980184369300E+01
    0.284866110685704835E-05    0.125011573367818585E+03    0.104785739213516351E+03    0.364422656240747784E+02    0.198649007263581225E+02    0.331480890806896800E+00   -0.689365625981040786E+00   -0.159715366966310435E+01   -0.179007618289082404E+01
    0.288424473963911435E-05    0.124978932907473649E+03    0.522966385523112791E+02    0.608622265196686243E+02    0.239538142019944758E+02    0.763029591448414868E+00   -0.733218496570586353E+00   -0.178866492148036760E+01   -0.218859164465021827E+01
    0.290900191748957497E-05    0.124954026484134260E+03    0.776218954405271830E+02    0.348008111081011506E+02    0.633303158657457921E+01    0.141350968034653635E+00   -0.888705884420178727E+00   -0.180864775922519794E+01   -0.184697101338109038E+01
    0.290378300961639110E-05    0.124949805315546612E+03    0.736084067965207254E+02    0.181949885658280230E+02    0.532999791414519493E+02    0.312878946466337515E+00   -0.832827688028260571E+00   -0.164888407455629138E+01   -0.187404498295602151E+01
    0.306699438821917613E-05    0.124832625450673618E+03    0.759644022911539594E+02    0.370054539467460302E+02    0.207744265429399455E+02    0.825782171307503865E+00   -0.618190776266113184E+00   -0.161912399178401278E+01   -0.213343793423049455E+01
    0.317105330723763482E-05    0.124758081448925054E+03    0.743260360962868134E+02    0.210374888286273745E+02    0.411292970683563865E+02    0.647704999786554492E+00   -0.662058986998854238E+00   -0.152890123755287011E+01   -0.212172612137621286E+01
    0.326437393133019887E-05    0.124692260575805491E+03    0.659774371998165208E+02    0.174613746912584169E+02    0.306532890104869367E+02    0.550691706209103571E+00   -0.856256197137544195E+00   -0.168283746945912038E+01   -0.211572838451905065E+01
    0.347317695751547270E-05    0.124560444611845185E+03    0.519660905652764313E+02    0.343801292733995467E+02    0.688902010828538067E+02    0.661672648984995893E+00   -0.624050821364067421E+00   -0.133357381066154934E+01   -0.214337070624507930E+01
    0.352987185330354203E-05    0.124520248425263304E+03    0.974009321889485591E+02    0.223280743424492663E+02    0.892513287416589129E+01    0.126890385859949983E+01   -0.853473907894395589E+00   -0.146487671076687742E+01   -0.175383972849985215E+01
    0.359042962313019442E-05    0.124478415326432923E+03    0.574513404026015451E+02    0.335676843734542274E+02    0.512479696213745868E+02    0.472526799649731988E+00   -0.640349173317163345E+00   -0.147169998156511861E+01   -0.227772797279121875E+01
    0.375915355493368380E-05    0.124378758934094947E+03    0.978048487424149187E+02    0.360506452338841754E+02    0.281385889152282722E+02    0.482480170823016752E+00   -0.732887637007087811E+00   -0.166742045615524992E+01   -0.179488882170425601E+01
    0.376746913088710265E-05    0.124366527145559317E+03    0.825578289398085445E+02    0.326802848248192248E+02    0.176305949492020346E+02    0.135331105398770002E+01   -0.813065120566391242E+00   -0.188244538378262583E+01   -0.184425157053407074E+01
    0.376094024541715869E-05    0.124362183578652804E+03    0.618647767902667738E+02    0.422380617342693085E+02    0.373888869797069532E+02    0.445649366060606344E+00   -0.579876297003022678E+00   -0.180156905333109574E+01   -0.205318025221566902E+01
    0.377500710846188984E-05    0.124346904530004267E+03    0.558849479105288722E+02    0.270723380281022514E+02    0.644197685629662686E+02    0.751526227905817801E+00   -0.955851746067685637E+00   -0.147973119208554760E+01   -0.191544117039834916E+01
    0.393594023937678550E-05    0.124255596969496054E+03    0.623611143970973743E+02    0.233829577878113781E+02    0.521965971850890220E+01    0.671024554480475932E+00   -0.728430721779591339E+00   -0.200694557960717734E+01   -0.214087278655532121E+01
    0.404841271837781887E-05    0.124191434295657189E+03    0.844927688081648398E+02    0.370740002564170723E+02    0.188939844167796807E+02    0.149653023965272536E+01   -0.540589748720870178E+00   -0.181274639170175345E+01   -0.194672473426302961E+01
    0.421105712834184103E-05    0.124104844130389736E+03    0.758269876000570378E+02    0.410999639179378562E+02    0.158121282233106246E+02    0.713574780104018425E+00   -0.693598772332445712E+00   -0.177877096550287539E+01   -0.192093984675663876E+01
    0.419886253053395598E-05    0.124102831736383280E+03    0.440187208831314720E+02    0.236009448100331127E+02    0.700009786136453869E+02    0.140635803469526199E+01   -0.805119425345922846E+00   -0.169587976751302771E+01   -0.225859504094936225E+01
    0.421484614548236479E-05    0.124087420383229855E+03    0.986840565388306317E+02    0.366780808090747428E+02    0.114260015883019843E+02    0.112436164247048320E+01   -0.556035954602055238E+00   -0.151715492513318240E+01   -0.180059885184538837E+01
    0.432354350652082980E-05    0.124028683417137472E+03    0.723867107206747562E+02    0.310290955067037970E+02    0.246229749367987196E+02    0.112323072752780484E+01   -0.623047563903560864E+00   -0.136915505621419120E+01   -0.219381312860053779E+01
    0.439694690006844924E-05    0.123987200734024071E+03    0.740900142915616016E+02    0.161944591247225134E+02    0.416053057146408207E+02    0.822038338299508786E+00   -0.699615078373785559E+00   -0.137334568699498449E+01   -0.204033009426695511E+01
    0.438615135714230839E-05    0.123984304744369979E+03    0.650761757716940963E+02    0.362422623450814427E+02    0.128575916082424868E+02    0.508446557003346178E+00   -0.873043245468369644E+00   -0.192587545999972809E+01   -0.197866228600960259E+01
    0.437035440263007487E-05    0.123983708351836910E+03    0.710757225076105783E+02    0.271698816993825147E+02    0.267963182846258974E+02    0.693171855768214273E+00   -0.996702652006607348E+00   -0.165517516089061911E+01   -0.190414901112483603E+01
    0.440642987443935897E-05    0.123959454442849207E+03    0.679286157581548196E+02    0.456950332790687952E+02    0.763777968671951513E+01    0.148427728607222287E+01   -0.840959090234027817E+00   -0.157131699661092794E+01   -0.219649500694834954E+01
    0.447146598260265541E-05    0.123922338931131165E+03    0.598275496156261326E+02    0.464380813765159388E+02    0.198442946483931983E+02    0.921586115741722445E+00   -0.680905679716658829E+00   -0.174138122861553901E+01   -0.218175762252892547E+01
    0.458304420680093196E-05    0.123865232158870867E+03    0.882357264359576021E+02    0.362125148280104909E+02    0.216373447524513018E+02    0.829688372039660171E+00   -0.668339248416509601E+00   -0.184965908793297906E+01   -0.184380390375077541E+01
    0.457749499447740816E-05    0.123859842753354883E+03    0.541771855150113382E+02    0.381768586846633866E+02    0.430427959021564064E+02    0.707381431322244958E+00   -0.713738838531525310E+00   -0.146770858533277426E+01   -0.225451655309321275E+01
    0.466191953827235893E-05    0.123815479498661659E+03    0.907892423665144008E+02    0.302751176351132614E+02    0.255716311154459426E+02    0.153397104748080482E+01   -0.811702267887174145E+00   -0.155825184637220304E+01   -0.189693002584679959E+01
    0.469689231694822919E-05    0.123792719399753480E+03    0.740196090228920127E+02    0.382630218503237103E+02    0.115712500257052735E+02    0.140231429367781502E+01   -0.861354343743331974E+00   -0.155451973314914582E+01   -0.193959270147639407E+01
    0.474680899414615409E-05    0.123763763858299228E+03    0.687472643109783093E+02    0.317697813195186107E+02    0.643358995068474258E+02    0.149814024917128075E+01   -0.679596512801416752E+00   -0.151009628519374828E+01   -0.172324369837789160E+01
    0.500280919308860174E-05    0.123650897374916013E+03    0.557274029841978802E+02    0.464554952268559589E+02    0.323069326489811743E+02    0.665807767690376417E+00   -0.733197193651611290E+00   -0.164077734111658402E+01   -0.230629296998315914E+01
    0.521400951310999873E-05    0.123560385781391872E+03    0.868622058515135222E+02    0.151337268441267305E+02    0.624676601890084271E+01    0.119045020618020314E+01   -0.701554616887965610E+00   -0.159602248370987909E+01   -0.192746682366082878E+01
    0.528958012343610522E-05    0.123523793819537474E+03    0.562737634890741774E+02    0.477400969254915495E+02    0.166067942175967111E+02    0.914740201375714101E+00   -0.872897672270744884E+00   -0.166855193368755983E+01   -0.224031184936804983E+01
    0.549461486336088951E-05    0.123439922067797397E+03    0.723326887163466239E+02    0.275536336854159245E+02    0.484188855076289357E+02    0.984962808543771828E+00   -0.821862013160188143E+00   -0.150385733198948435E+01   -0.202958018795695327E+01
    0.549622101313084191E-05    0.123431525026348694E+03    0.434330262663217539E+02    0.352531409996274903E+02    0.651599995959992384E+02    0.121001165786689047E+01   -0.614257942115997047E+00   -0.166119954277343451E+01   -0.214222871469028808E+01
    0.554843627316665190E-05    0.123404801790523123E+03    0.792466152566925928E+02    0.474504953043341828E+02    0.327819372411451937E+02    0.763886721806006141E+00   -0.818945730780487269E+00   -0.144103070234996222E+01   -0.177363026738324869E+01
    0.553411517318616002E-05    0.123402158175331294E+03    0.613901413480701734E+02    0.346353035346531613E+02    0.325583844264718465E+02    0.122056921989354206E+01   -0.747106214573067806E+00   -0.137798402344338866E+01   -0.219489243059260586E+01
    0.551341442411610390E-05    0.123401840843591401E+03    0.519487348473852251E+02    0.410702836073832742E+02    0.554167500058788534E+02    0.643961190963801666E+00   -0.447012859913290983E+00   -0.183921722721232572E+01   -0.214246347154759498E+01
    0.554577088570593554E-05    0.123382325292052599E+03    0.780888273371733845E+02    0.291304093071886783E+02    0.380086181472781135E+02    0.667534992129492299E+00   -0.682617291028808637E+00   -0.145694691027453027E+01   -0.186839509386903391E+01
    0.566398697881403708E-05    0.123332327946574054E+03    0.751158963670151252E+02    0.361681457587039574E+02    0.301638253411760926E+00    0.786219561858356508E+00   -0.948685006757520322E+00   -0.162701349521416616E+01   -0.192225076573318199E+01
    0.578580232213873923E-05    0.123281957479248106E+03    0.675347351447197894E+02    0.268799908434030890E+02    0.462083643462390796E+02    0.601310906288886948E+00   -0.999334749506406883E+00   -0.157226970050485804E+01   -0.200145773016409922E+01
    0.581756126083223748E-05    0.123263196768318323E+03    0.775982612280415935E+02    0.321459065629963447E+02    0.398727242075498154E+02    0.119569176571835922E+01   -0.560605726615211131E+00   -0.180211744405119889E+01   -0.190665431510379468E+01
    0.580028139163998264E-05    0.123261333697124172E+03    0.711583329447581718E+02    0.255945672787035150E+02    0.180830008992236131E+02    0.133017472022878125E+01   -0.948930293151983406E+00   -0.136030430404412428E+01   -0.212524627638894348E+01
    0.578530821315830236E-05    0.123258690787047172E+03    0.805420425995127260E+02    0.427565631986686654E+02    0.419805083591356833E+02    0.155660528902045314E+01   -0.781589130626622275E+00   -0.134548858429254792E+01   -0.177469287870618730E+01
    0.586129495565648666E-05    0.123224780438735451E+03    0.885427455303225059E+02    0.343523482547143573E+02    0.204709929341837444E+02    0.154798701910196290E+01   -0.544652525013631816E+00   -0.149963039591436109E+01   -0.198694909216177229E+01
    0.592022782627733004E-05    0.123196959196827464E+03    0.551980084969474945E+02    0.418804940818688536E+02    0.614224188132898163E+02    0.125803719417561033E+01   -0.563295994981641845E+00   -0.174656390089537172E+01   -0.184848991880030100E+01
    0.599031280597322797E-05    0.123165609297218523E+03    0.753135618687575743E+02    0.294648544976884210E+02    0.199164163365528886E+02    0.915152249877709156E+00   -0.661869097750404034E+00   -0.143386037975502711E+01   -0.203312451009797845E+01
    0.619241981055291332E-05    0.123091432195773038E+03    0.608095615979306814E+02    0.329555730499284678E+02    0.429354392150519502E+02    0.200812565368629015E+00   -0.871364265571328511E+00   -0.132378832750296205E+01   -0.220722902661059095E+01
    0.617589353821888230E-05    0.123088964412292825E+03    0.748613330030185580E+02    0.486830028600527172E+02    0.411161347046827004E+02    0.434361637464363348E+00   -0.460037066390228233E+00   -0.167277163575815346E+01   -0.183682641575931171E+01
    0.619885903298995588E-05    0.123073728565117406E+03    0.527233288886259643E+02    0.221663360558167639E+02    0.703024005837046815E+02    0.139456335011439259E+01   -0.893194333416061692E+00   -0.135966817800152739E+01   -0.208201936524074727E+01
    0.622353913661063059E-05    0.123057969085554930E+03    0.953055422844763882E+02    0.339414434222904333E+02    0.292969772008379508E+02    0.736688749906707852E+00   -0.574211518944540922E+00   -0.155810463884154249E+01   -0.178038475877513025E+01
    0.649465502035905784E-05    0.122964874993348047E+03    0.623015525019447765E+02    0.308866233913138686E+02    0.273233753232550356E+02    0.130764932695177838E+01   -0.955946800331218816E+00   -0.167474302926454399E+01   -0.217418010295620956E+01
    0.676077808048387586E-05    0.122876745593286046E+03    0.830156477598808209E+02    0.426962608699426056E+02    0.368928394425181239E+02    0.135633396557980879E+01   -0.723734982478042577E+00   -0.149535995951055689E+01   -0.173517127247426362E+01
    0.679356174402351087E-05    0.122859258338811003E+03    0.644318328528498938E+02    0.413589567639760674E+02    0.539851305467719200E+02    0.139079693061817999E+01   -0.582634793822581099E+00   -0.118866682089770137E+01   -0.198134010402076743E+01
    0.677257319920562661E-05    0.122857634355039636E+03    0.714055827248104578E+02    0.501331359366642388E+02    0.240533883663326016E+02    0.768472678145511012E+00   -0.721433410560470278E+00   -0.121351219992198667E+01   -0.206120430990303038E+01
    0.695122447266727422E-05    0.122797748407123493E+03    0.547295234330177323E+02    0.407474034203014952E+02    0.548531186773731179E+02    0.101624443591575808E+01   -0.640411596108517500E+00   -0.172070389958504921E+01   -0.188099591881010819E+01
    0.707042850812272382E-05    0.122755929386626434E+03    0.735147403421522228E+02    0.207032754975931574E+02    0.211096323703775468E+02    0.869528971719557009E+00   -0.846031166006440127E+00   -0.185009138412002017E+01   -0.192229556777900212E+01
    0.719010435704524132E-05    0.122714547689834632E+03    0.797222431468457557E+02    0.280675505968642440E+02    0.368908197267740405E+02    0.748996326914334598E+00   -0.631891875690077764E+00   -0.147895924748286145E+01   -0.189138104940258001E+01
    0.759472801240388127E-05    0.122597237913465705E+03    0.522734715234038561E+02    0.373738393067360946E+02    0.719924058775959139E+02    0.117427688887446147E+01   -0.526646256636344345E+00   -0.153203799698231524E+01   -0.185404634236030130E+01
    0.774276600433709681E-05    0.122550816084148352E+03    0.717149093561617548E+02    0.534551343802791052E+02    0.222171219554152195E+02    0.650636295504801732E+00   -0.633279965779636189E+00   -0.144015615156758980E+01   -0.194993950828261053E+01
    0.777210988896387263E-05    0.122535438220475953E+03    0.688776006986655602E+02    0.195201830254324271E+02    0.423337920414588496E+02    0.116146055962411410E+01   -0.889720730928468262E+00   -0.139173444454483475E+01   -0.215279467397991109E+01
    0.786406659155667371E-05    0.122504101360059479E+03    0.720519902898855378E+02    0.298266537134987999E+02    0.121619612792852205E+02    0.148522545571650388E+01   -0.572038372708695952E+00   -0.188037754575084648E+01   -0.201814449621098824E+01
    0.783874181701488447E-05    0.122502739883555222E+03    0.722218099565672134E+02    0.358233433463662365E+02    0.325551878452550127E+02    0.603398040712407102E+00   -0.603665142665507748E+00   -0.125009433821511262E+01   -0.214023427272084898E+01
    0.808770731419402533E-05    0.122432393474671386E+03    0.750353106148840965E+02    0.401912971975929310E+02    0.247527290374618651E+02    0.826290686984604172E+00   -0.621506069718202214E+00   -0.188406911393557364E+01   -0.194983275897370945E+01
    0.854098241550936358E-05    0.122315519485216967E+03    0.824895143106794393E+02    0.307490243910089944E+02    0.426424212466205930E+02    0.667583168438746100E+00   -0.632844253056537909E+00   -0.110562602387010367E+01   -0.195353434506700085E+01
    0.861867313349627746E-05    0.122289596773478024E+03    0.658140706082254496E+02    0.406046122088005816E+02    0.358586180825798166E+02    0.123889354489438230E+01   -0.880024403332588356E+00   -0.155512885386773525E+01   -0.192741552111341585E+01
    0.872048904946851358E-05    0.122258295921469397E+03    0.607904536338973145E+02    0.325514534115082910E+02    0.179433901170060439E+01    0.546124945528511208E+00   -0.879022693150533163E+00   -0.194545257182027487E+01   -0.212103750148257841E+01
    0.873432593777109128E-05    0.122247312516200878E+03    0.665964724068536071E+02    0.164605872886219267E+02    0.523554302315384845E+02    0.945254720676626747E+00   -0.729820132917642805E+00   -0.143840842292696669E+01   -0.221319166557136127E+01
    0.872975553952367263E-05    0.122240546827247385E+03    0.638150258263304266E+02    0.427200840724644024E+02    0.363387444676405593E+02    0.540391709828075606E+00   -0.941839214577586237E+00   -0.140472526250549956E+01   -0.201563645882799358E+01
    0.894383718982158971E-05    0.122184279635550553E+03    0.569397581604925023E+02    0.497848460322692219E+02    0.451158861717042186E+02    0.138375225377351341E+01   -0.625923836768088826E+00   -0.154134442962940588E+01   -0.195695704176748841E+01
    0.900634575562797045E-05    0.122162537735795297E+03    0.743769970839421148E+02    0.336466502127678524E+02    0.393850566819554304E+01    0.147814945122917685E+01   -0.553891168224020181E+00   -0.186915427088798602E+01   -0.207230146432890816E+01
    0.901512945624057557E-05    0.122152775628184415E+03    0.705719597276266768E+02    0.265640521594686092E+02    0.365180413841323670E+02    0.108576451785751837E+01   -0.614449147815103291E+00   -0.147764412909016718E+01   -0.211423329835554741E+01
    0.905582235479406561E-05    0.122135955751536898E+03    0.756137341385213659E+02    0.221632818755759118E+02    0.111145205417428414E+02    0.144264329559655735E+01   -0.742087741705715676E+00   -0.152310758537496360E+01   -0.200757618629768420E+01
    0.913521715300147900E-05    0.122110685139303968E+03    0.848070081130677806E+02    0.199866339613756310E+02    0.382388777861833375E+02    0.392241163693024864E+00   -0.720457199006250271E+00   -0.155618130162521839E+01   -0.195479535766809032E+01
    0.914721924002769859E-05    0.122100246711666642E+03    0.503348512559168455E+02    0.320221749024895814E+02    0.666314932394444099E+02    0.135874625759832424E+01   -0.572515162404421574E+00   -0.154957446776479002E+01   -0.212656722802739218E+01
    0.914710739335334920E-05    0.122092458666608678E+03    0.719339667529252438E+02    0.361250104873890905E+02    0.391178565614547082E+02    0.701961871757796230E+00   -0.844211754012100801E+00   -0.140587095054106959E+01   -0.203012244472466996E+01
    0.919669740193493609E-05    0.122073832678362436E+03    0.833092589525083298E+02    0.411858904550876872E+02    0.759737469134662113E+01    0.657751124321875436E+00   -0.615798109563771456E+00   -0.173031634189137185E+01   -0.188385338530225166E+01
    0.935978397550489235E-05    0.122030864640109058E+03    0.638501491653324464E+02    0.289361438649160689E+02    0.200546949395914389E+02    0.806192404660310835E+00   -0.100980413730857332E+01   -0.174943648015118702E+01   -0.200300842459415129E+01
    0.940928686310689995E-05    0.122012502230033476E+03    0.852388900309088910E+02    0.283895487893168834E+02    0.818066877830329453E+01    0.104615814606058510E+01   -0.973621215815488661E+00   -0.147439717146011073E+01   -0.187164584892291419E+01
    0.971668432545133162E-05    0.121940395178480486E+03    0.641031156380456650E+02    0.259234058938333831E+02    0.555473543608121467E+01    0.139753549186484638E+01   -0.734348670402431569E+00   -0.175846834095556792E+01   -0.211865628580686316E+01
    0.968810746967610882E-05    0.121938473362953815E+03    0.785831994322594198E+02    0.211122870458560961E+02    0.471930598077477370E+01    0.987987395818077374E+00   -0.994111050425408482E+00   -0.165987202735741013E+01   -0.189964564800795999E+01
    0.978856303715094830E-05    0.121910029727209036E+03    0.705356370230440461E+02    0.181970253847052454E+02    0.340999089748200035E+02    0.128763641035331355E+01   -0.751849796516322666E+00   -0.135264698664126248E+01   -0.216973293990813065E+01
    0.981878933063636480E-05    0.121896050904115015E+03    0.593776156990639876E+02    0.212541368426130575E+02    0.698259488144790623E+02    0.137399955877892621E+01   -0.629369578455711842E+00   -0.145052689088333442E+01   -0.213755623667808781E+01
    0.100655953861753483E-04    0.121838587638559204E+03    0.740908394146383671E+02    0.467339398626524769E+02    0.138609601344611235E+02    0.106010827008501374E+01   -0.872779831688230923E+00   -0.169996327732144081E+01   -0.197289581530380653E+01
    0.100290385654153757E-04    0.121838052078498052E+03    0.895708506241591493E+02    0.205972294023764135E+02    0.864132890449253388E+01    0.110075154919549245E+01   -0.639180289654512013E+00   -0.139748083768552278E+01   -0.197491457988538910E+01
    0.100484093182889368E-04    0.121826380371093592E+03    0.865982385986091856E+02    0.389666834782591138E+02    0.257586432893795347E+02    0.985498923034651031E+00   -0.734120313756053022E+00   -0.112770714707468134E+01   -0.186054678351510416E+01
    0.100758698315305042E-04    0.121813109681991591E+03    0.625267739385541930E+02    0.211598965732404771E+02    0.462668805177363112E+02    0.994407693932750636E+00   -0.948922179323164139E+00   -0.174743449777194160E+01   -0.201720537197206484E+01
    0.101194486686050941E-04    0.121796665695498405E+03    0.861513551341102186E+02    0.167480949602055453E+02    0.437503438802582494E+02    0.130968928587318278E+01   -0.745988217354364824E+00   -0.115651308672655562E+01   -0.190031176834213977E+01
    0.104671989795523461E-04    0.121721278639731452E+03    0.754758150065780455E+02    0.295879999650080840E+02    0.465931530364055106E+02    0.550707023091663750E+00   -0.748606688258970365E+00   -0.108564950217264289E+01   -0.199217003390999303E+01
    0.105914059838692465E-04    0.121689873229397875E+03    0.911709461199990017E+02    0.341214676154260985E+02    0.387757652128727059E+02    0.621781616777424384E+00   -0.514376515801463485E+00   -0.157564007482157686E+01   -0.183147267023466753E+01
    0.108494594468411195E-04    0.121633916045119747E+03    0.678376636730073699E+02    0.184461872253815073E+02    0.655002460439113747E+02    0.974465123762925711E+00   -0.703308776865440466E+00   -0.119805659385654861E+01   -0.207517671195901210E+01
    0.109495113962017033E-04    0.121607744393644197E+03    0.902095954183418769E+02    0.214564078728821634E+02    0.273412681713480374E+02    0.101943579524840566E+01   -0.805417810031316073E+00   -0.118096162386399062E+01   -0.186390556238360650E+01
    0.109616945420464313E-04    0.121597707799336575E+03    0.495560009531203178E+02    0.406144191103127099E+02    0.422382923363970377E+02    0.129434243271416927E+01   -0.916667896002852922E+00   -0.169388206097490057E+01   -0.217647005222220757E+01
    0.111874295402431889E-04    0.121549127490470596E+03    0.750036390927738807E+02    0.332901437702511558E+02    0.242155087478713860E+02    0.151559436371348855E+01   -0.747004105856365008E+00   -0.115406955314473292E+01   -0.211107225417554822E+01
    0.114051542784739243E-04    0.121502765795652621E+03    0.569968988010227804E+02    0.522260791053316353E+02    0.208714442181175315E+02    0.139854844311715354E+01   -0.848725011722617495E+00   -0.161054823743995890E+01   -0.218149124006520712E+01
    0.115604722036669975E-04    0.121467900640519147E+03    0.666214437266635713E+02    0.343576869230862698E+02    0.447736621813682873E+02    0.100572746704354965E+01   -0.829401561727274084E+00   -0.136475457322601645E+01   -0.209078146043308211E+01
    0.124805947271968255E-04    0.121306921529017899E+03    0.903026018968054416E+02    0.220520508014309868E+02    0.147885469707143247E+01    0.151395722442701763E+01   -0.614486222049989372E+00   -0.148540289736092745E+01   -0.194110166964322883E+01
    0.126212428587984097E-04    0.121276696390418365E+03    0.924384497943063081E+02    0.417189439374274329E+02    0.167170172180597305E+02    0.119257818835994156E+01   -0.572826139288230340E+00   -0.155967510910032892E+01   -0.183393503289527238E+01
    0.135167416442658442E-04    0.121131788483623325E+03    0.780299905123554538E+02    0.460559426370438842E+02    0.334125270500477001E+02    0.127601478904268717E+01   -0.719849639930759011E+00   -0.117669346949251219E+01   -0.184350494504565954E+01
    0.136674888904110390E-04    0.121101794183596240E+03    0.812362231730920712E+02    0.346265214518044928E+02    0.395133601988946381E+01    0.524814084031771100E+00   -0.528762662679328255E+00   -0.182584657671676731E+01   -0.193313051773538613E+01
    0.137197085561982271E-04    0.121086354801850220E+03    0.618731956184966236E+02    0.319626313604782268E+02    0.385778558180158413E+02    0.623102978695539322E+00   -0.899145353740619768E+00   -0.180367946007101687E+01   -0.211717306988576359E+01
    0.137625705658556210E-04    0.121072303802602022E+03    0.667241433210242860E+02    0.477217448126152988E+02    0.204387547055078436E+02    0.140534394686702457E+01   -0.822999755380825926E+00   -0.132484858077619760E+01   -0.205225789317106067E+01
    0.138829324386504483E-04    0.121047076154354684E+03    0.608012824471203714E+02    0.234193552734829602E+02    0.413594801901694282E+02    0.151089266391210741E+01   -0.101847617798243828E+01   -0.164699227042117546E+01   -0.210385745949967973E+01
    0.138685683934967574E-04    0.121041334035560141E+03    0.696509135334378016E+02    0.436145994821904281E+02    0.461589394944427340E+02    0.110129617964452242E+01   -0.531946623095667981E+00   -0.146752396384728456E+01   -0.184240158529913978E+01
    0.143518133527478781E-04    0.120965018960940711E+03    0.827319529189123841E+02    0.371382686650370317E+02    0.422241576829943313E+02    0.207795750129965540E+00   -0.560901075534313120E+00   -0.122835365317267331E+01   -0.191045518290937189E+01
    0.145033422847759264E-04    0.120936200810948677E+03    0.499907682059242404E+02    0.296476863449640362E+02    0.665874943469373193E+02    0.106381441116210063E+01   -0.758386350697467737E+00   -0.173839861066393264E+01   -0.197269446760131473E+01
    0.149036613897928251E-04    0.120873932734229030E+03    0.803663594853567957E+02    0.313319605080601917E+02    0.374492767479566311E+02    0.799870161083292341E+00   -0.637126808300352732E+00   -0.172430907935274758E+01   -0.185310205675250073E+01
    0.149621023106448991E-04    0.120858293078556216E+03    0.699362478936905774E+02    0.411603437709104441E+02    0.676105644258644745E+01    0.110340037478736908E+01   -0.739544535104175615E+00   -0.146834738255219310E+01   -0.209966136432072936E+01
    0.149693286143387367E-04    0.120849514864106752E+03    0.830636569461716903E+02    0.422995628282704672E+02    0.191004377230679339E+02    0.105573667769669721E+01   -0.533240181791086121E+00   -0.136706834067550309E+01   -0.197705052015403782E+01
    0.154559109651809173E-04    0.120777726027636817E+03    0.567584504539647909E+02    0.413909909692646849E+02    0.587464159171944473E+02    0.156274786587024561E+01   -0.782267761710763621E+00   -0.139799115800186313E+01   -0.189092624529986786E+01
    0.158031185536502589E-04    0.120725481966735259E+03    0.660408404995910274E+02    0.454301857038157664E+02    0.469491511709568741E+02    0.643056955190514978E+00   -0.815930668864787378E+00   -0.154038491611480355E+01   -0.182508707836253570E+01
    0.159613387735060589E-04    0.120697745118364367E+03    0.593097712882319854E+02    0.386233228415314187E+02    0.464977656879383900E+02    0.104692086297369169E+01   -0.928680681129138819E+00   -0.141058959358402136E+01   -0.198035085717632331E+01
    0.164669715776723271E-04    0.120627558257041187E+03    0.761542023066774050E+02    0.415675084224244884E+02    0.225283240747196345E+02    0.801097206634291181E+00   -0.675959928976496593E+00   -0.164055635562476865E+01   -0.208662046647069710E+01
    0.168203624329315753E-04    0.120577278657376496E+03    0.630739614652116245E+02    0.377045614475448332E+02    0.191938285388961773E+02    0.132159173243480543E+01   -0.933812166819766531E+00   -0.161341489939814453E+01   -0.219651826814303686E+01
    0.171284078083873835E-04    0.120533169840552404E+03    0.702384145262819288E+02    0.359559715678773557E+02    0.175077691672158799E+02    0.117819850547453719E+01   -0.608074936365740060E+00   -0.164922943099630670E+01   -0.217086796016890382E+01
    0.171629765030382434E-04    0.120521324991663050E+03    0.828950530954787723E+02    0.184435727613097100E+02    0.527158930148814520E+02    0.440492733470392639E+00   -0.671588904553094945E+00   -0.153163597147492836E+01   -0.185050958331442450E+01
    0.174485257131172237E-04    0.120480511244025351E+03    0.562992749856540016E+02    0.193873989875520181E+02    0.642127491403876007E+02    0.773648017940942623E+00   -0.832279142884315037E+00   -0.169312656579603171E+01   -0.215861220392790498E+01
    0.175641968903567642E-04    0.120459483936439170E+03    0.915998194237672436E+02    0.200321361592990854E+02    0.468838411256921646E+02    0.857089765639386547E+00   -0.656596051228695909E+00   -0.146197585090890714E+01   -0.181883053089425739E+01
    0.178062363350223380E-04    0.120424299057799487E+03    0.519376631715348083E+02    0.488191117352882813E+02    0.387542234247187309E+02    0.919814282538231498E+00   -0.740739783686885422E+00   -0.178906538879423138E+01   -0.222764302271181691E+01
    0.178982286619138805E-04    0.120406180560444994E+03    0.833712234107889003E+02    0.465031128524644970E+02    0.247876930395305095E+02    0.115261222605569480E+01   -0.798375798539297410E+00   -0.137682027306601018E+01   -0.187729013011435386E+01
    0.181112944614031265E-04    0.120374700067365126E+03    0.757976644681997129E+02    0.231464023895242619E+02    0.349435802749130673E+02    0.700102234453756522E+00   -0.634697813528173560E+00   -0.168490346400202484E+01   -0.201605234430560687E+01
    0.185082885314441285E-04    0.120323521740523077E+03    0.101430685203295383E+03    0.321198109435852217E+02    0.105296403049924980E+01    0.113734490681793732E+01   -0.586898605810740159E+00   -0.139863594246471923E+01   -0.184318615301723865E+01
    0.197364273147151730E-04    0.120187214500417852E+03    0.638115674355903550E+02    0.237282728985625937E+02    0.635914276149089730E+02    0.726073050954105348E+00   -0.678811937946142141E+00   -0.138701076595713424E+01   -0.211132899272654306E+01
    0.199551672426310746E-04    0.120157357822566553E+03    0.543819530124900936E+02    0.403112299363562414E+02    0.495878700538237212E+02    0.826559493129467193E+00   -0.703263830866180051E+00   -0.167305680971020920E+01   -0.220155679297953188E+01
    0.201735566977587783E-04    0.120127776216570396E+03    0.595426031343322961E+02    0.452251966637187621E+02    0.302650717072284365E+02    0.145487372398517323E+01   -0.845602814683707349E+00   -0.157841696075483773E+01   -0.207853025261581514E+01
    0.208086668105809215E-04    0.120057969914458113E+03    0.823549486088257652E+02    0.290893468122570340E+02    0.390084538413919901E+02    0.139926713493675625E+01   -0.850617708836907793E+00   -0.123264604008965661E+01   -0.189810483758582471E+01
    0.207821928519052405E-04    0.120052703547186880E+03    0.841307436489223477E+02    0.247898540237488270E+02    0.313935778266632433E+02    0.104919695359563891E+01   -0.644276980032597146E+00   -0.142663490381088032E+01   -0.201895859262747290E+01
    0.209353833750140860E-04    0.120030202637598308E+03    0.644599042429224625E+02    0.294013586716022459E+02    0.229212092276106887E+02    0.995648365765664067E+00   -0.681008951321090183E+00   -0.167470142069799244E+01   -0.220121373228780026E+01
    0.216698933192940482E-04    0.119953423776337942E+03    0.575972703643873558E+02    0.277962347672269132E+02    0.377545400404100207E+02    0.326617985570317959E+00   -0.944822333480433763E+00   -0.155215431634500511E+01   -0.222786156442444883E+01
    0.219161800917331504E-04    0.119923008699463921E+03    0.866041745258783919E+02    0.350197858441087106E+02    0.301230052892203233E+02    0.460404317354748460E+00   -0.753084964677172231E+00   -0.140567179407487441E+01   -0.193739450346687403E+01
    0.219013711411522884E-04    0.119916548073380000E+03    0.791254566207066006E+02    0.416789736375457025E+02    0.196110129388640324E+02    0.893994679869184461E+00   -0.620895675386127444E+00   -0.125793927370164438E+01   -0.197295976330652834E+01
    0.219310098623822704E-04    0.119906030840023632E+03    0.600204676556697763E+02    0.361698622494918709E+02    0.273309235889966438E+02    0.140909784235630542E+01   -0.710399029852983199E+00   -0.157342758667721272E+01   -0.227890319092951810E+01
    0.219279950732526362E-04    0.119898493292831091E+03    0.536626787815376431E+02    0.298498842487878058E+02    0.622820226787140641E+02    0.132048669063765267E+01   -0.668230064737171281E+00   -0.159936123254993334E+01   -0.203121120290469648E+01
    0.226521541085912677E-04    0.119825699158397242E+03    0.541691504376471613E+02    0.445607719225310035E+02    0.477492307202236006E+02    0.104382306921034651E+01   -0.743586235515241167E+00   -0.167660377295135099E+01   -0.198248616122561105E+01
    0.227197282594948846E-04    0.119811929294731470E+03    0.716338768710594849E+02    0.278323652789099754E+02    0.306763332740695418E+02    0.111459528772714567E+01   -0.644315719790175212E+00   -0.153005424859402162E+01   -0.207660592668183108E+01
    0.226526033979033345E-04    0.119810034490217816E+03    0.734842965044405503E+02    0.211370494393742234E+02    0.709810781756712998E+02    0.478714113750287384E+00   -0.614336814651755603E+00   -0.134675150473368532E+01   -0.182505348848143001E+01
    0.228355796800442180E-04    0.119786131897657256E+03    0.588153785382830350E+02    0.310033133636848568E+02    0.601312430882410212E+02    0.753333494766192269E+00   -0.852449841716602874E+00   -0.163461252534938195E+01   -0.197739993803300229E+01
    0.232429921144951535E-04    0.119742951717138055E+03    0.907519081064459954E+02    0.237299699160937223E+02    0.352935960383369647E+02    0.137613354304471258E+01   -0.867233534823804941E+00   -0.134964960706169679E+01   -0.178695945015793378E+01
    0.240856777249787378E-04    0.119663911804338170E+03    0.660163278851566133E+02    0.450805304011700656E+02    0.426686012226851048E+02    0.619133344546767717E+00   -0.619311873835659110E+00   -0.147991431239092064E+01   -0.203670737266575497E+01
    0.240873468333782761E-04    0.119655960711553888E+03    0.798348980367232457E+02    0.461951128590792166E+02    0.250617540015889446E+02    0.116077653682404391E+01   -0.608109140470256548E+00   -0.121416525103111850E+01   -0.199222291055225975E+01
    0.240359689100411573E-04    0.119652418735483025E+03    0.645649755705723436E+02    0.332284335381428235E+02    0.361313772834870477E+02    0.115092270083693626E+01   -0.958671881738501597E+00   -0.135412115850999992E+01   -0.205237933279338591E+01
    0.247803904228970284E-04    0.119583603798191774E+03    0.809404068448014584E+02    0.215383436668159121E+02    0.188718897172525395E+02    0.141020050583890955E+01   -0.725205366237319016E+00   -0.159016482231909162E+01   -0.191663107860531245E+01
    0.249718828274710141E-04    0.119560395551411005E+03    0.781032878474835712E+02    0.284454745439834582E+02    0.288422491630581632E+02    0.270723229901769447E+00   -0.643933300390091112E+00   -0.184561137527879660E+01   -0.194027100590827795E+01
    0.251786574595730728E-04    0.119536090642544565E+03    0.534939577820570804E+02    0.251427464430714060E+02    0.658103514802258900E+02    0.134693768855314278E+01   -0.698279160618478834E+00   -0.150918714573193768E+01   -0.224328588423220765E+01
    0.255025085760965677E-04    0.119502717915757202E+03    0.774589863700296206E+02    0.333882856784406101E+02    0.235479927282690973E+02    0.139586628233646248E+01   -0.613486879187452150E+00   -0.186900402741817029E+01   -0.196088358000864260E+01
    0.259982055662198970E-04    0.119456404023563522E+03    0.704030146798733227E+02    0.390652902775054329E+02    0.376322612070074456E+02    0.115606122800994049E+01   -0.952668167955475154E+00   -0.171529369227411554E+01   -0.190523019968821239E+01
    0.260032315481156064E-04    0.119448204920254824E+03    0.820450598551700381E+02    0.461308885918402893E+02    0.152747920601014968E+02    0.627722757849972890E+00   -0.659881248516270613E+00   -0.157883084540317054E+01   -0.191208937364781417E+01
    0.262615458761223175E-04    0.119420622591005269E+03    0.688478565848470652E+02    0.472296545357350510E+02    0.119821234611586558E+02    0.130027899048810358E+01   -0.868489000922706866E+00   -0.146177973913582138E+01   -0.205893527679844368E+01
    0.261976596470566908E-04    0.119417681400817273E+03    0.662430485818130848E+02    0.329520604856031269E+02    0.433182417165250300E+02    0.365796837626218618E+00   -0.996972029663458104E+00   -0.156094199790766130E+01   -0.195136356402012767E+01
    0.266818174674896867E-04    0.119373244382079889E+03    0.896545544453282872E+02    0.365814606179865223E+02    0.180252377738193061E+02    0.670251094983441820E+00   -0.741118565126227091E+00   -0.117510662063664251E+01   -0.187100833380496767E+01
    0.266532582802057965E-04    0.119367573751355451E+03    0.602336588385607428E+02    0.299610606107278485E+02    0.590346180687675073E+02    0.862435341189693006E+00   -0.784198559891899460E+00   -0.122152980651589771E+01   -0.209678061530481630E+01
    0.272752752033068313E-04    0.119313622818244625E+03    0.609643897882747865E+02    0.151597240794871855E+02    0.679123046193403894E+02    0.114652089739942520E+01   -0.769353238883924817E+00   -0.162500299707081863E+01   -0.206692282111697612E+01
    0.274505144093123164E-04    0.119293001746184018E+03    0.919532352863093365E+02    0.372836237601691778E+02    0.318120943732081685E+02    0.951317409657924551E+00   -0.628482386449060293E+00   -0.127524156142005207E+01   -0.176552372447540518E+01
    0.276858175627458287E-04    0.119268118500013358E+03    0.555476347792429621E+02    0.257980747239152990E+02    0.376560263810088500E+02    0.100852866992231016E+01   -0.892603907784365047E+00   -0.176979911891055774E+01   -0.218961433397875904E+01
    0.276417951408745521E-04    0.119263488673474967E+03    0.794076617307969599E+02    0.329643562602493034E+02    0.446204722603790884E+02    0.847574036819709109E+00   -0.664910104345239894E+00   -0.110619024594659754E+01   -0.189952958883254452E+01
    0.276386290056897059E-04    0.119255905269777116E+03    0.835728132840443294E+02    0.271084603889192977E+02    0.305516309589094259E+01    0.144833029060239227E+01   -0.747969405549018695E+00   -0.137665578199238281E+01   -0.194505495574114073E+01
    0.278887877933879798E-04    0.119230072087773806E+03    0.718606178536866480E+02    0.216322388058341311E+02    0.536229532479077662E+02    0.147501211189719195E+01   -0.657374774210990553E+00   -0.154898719526779249E+01   -0.194505020521037997E+01
    0.287084792679221562E-04    0.119164324013463911E+03    0.507194836747756810E+02    0.376334768608631549E+02    0.599018192920714156E+02    0.862873798471922138E+00   -0.750341403194897172E+00   -0.159999993838663079E+01   -0.202729958250939157E+01
    0.292494862499303256E-04    0.119119172542637912E+03    0.945864827350689836E+02    0.257815661655670709E+02    0.177593132199973125E+01    0.772361257995078931E+00   -0.610432611861994712E+00   -0.142113779485231229E+01   -0.189880525919869325E+01
    0.302144909524512893E-04    0.119046440777154302E+03    0.693283842439772826E+02    0.539218224399624901E+02    0.310031496241204536E+02    0.118413934436110813E+01   -0.766849743116393423E+00   -0.155481728581256462E+01   -0.193594460259895373E+01
    0.307946126195520283E-04    0.119000592042014205E+03    0.694076223831819732E+02    0.240834873263312801E+02    0.132261944550250430E+02    0.111529382472491623E+01   -0.831776305005274663E+00   -0.150285536216874238E+01   -0.210014853584726247E+01
    0.309881968680607417E-04    0.118980246289892619E+03    0.561108824279620251E+02    0.307750825514798976E+02    0.540339159147763866E+02    0.152781169262957861E+01   -0.840209692548440135E+00   -0.143635811476909159E+01   -0.220713525094357399E+01
    0.309631015583122036E-04    0.118974054115003383E+03    0.598360149920092539E+02    0.250864536752716738E+02    0.577966062570919661E+02    0.150249572405610654E+01   -0.688204995498345795E+00   -0.160980076235779057E+01   -0.205202717393277823E+01
    0.313585822749323518E-04    0.118940858088694199E+03    0.713818587953827688E+02    0.318232906250280116E+02    0.472790846901049804E+02    0.111407934646385942E+01   -0.617678820624329106E+00   -0.163673788302211665E+01   -0.191003131534331438E+01
    0.316471955015767232E-04    0.118914722491636638E+03    0.977085298802104205E+02    0.363080830248227215E+02    0.130993928126534893E+02    0.113228977298030897E+01   -0.627574438643605736E+00   -0.126067586992757041E+01   -0.183961264102962985E+01
    0.317708876515009636E-04    0.118899108285837755E+03    0.870970585501690948E+02    0.359431118916655237E+02    0.274034017254654430E+02    0.366907700043609730E+00   -0.691422036486959657E+00   -0.113029000212812769E+01   -0.188424981052290197E+01
    0.316904477332355879E-04    0.118896365957201624E+03    0.829895013580167955E+02    0.346332356801991068E+02    0.383671398991029236E+02    0.109639849276994017E+01   -0.749611666003424215E+00   -0.167181688303691356E+01   -0.178620426762660922E+01
    0.316128668065831299E-04    0.118893455631190918E+03    0.866242182806501404E+02    0.321905281891268942E+02    0.115507808375255507E+02    0.576482210970294062E+00   -0.600798683240990172E+00   -0.135199871838491781E+01   -0.203550038987940507E+01
    0.320087926547313442E-04    0.118860750290440038E+03    0.751468203146978340E+02    0.462246080315175618E+02    0.361832643245991221E+02    0.147110544855501346E+01   -0.653190785449521805E+00   -0.172295427945443835E+01   -0.195739137844231625E+01
    0.319222425349757085E-04    0.118858353011537289E+03    0.743896542052685987E+02    0.451421269278226092E+02    0.448180736182586301E+02    0.105401294730020489E+01   -0.747685361349460953E+00   -0.138942398561357461E+01   -0.178592423943871625E+01
    0.320947187466796944E-04    0.118839763578325886E+03    0.715540505899069643E+02    0.391127690635421317E+02    0.310865607811741249E+02    0.474298827446359428E+00   -0.955733422322512016E+00   -0.144816371357146201E+01   -0.195214000468673232E+01
    0.337470305611913685E-04    0.118731549201323915E+03    0.732789363206052116E+02    0.438183559408267769E+02    0.156189035259177373E+02    0.209603124521244077E+00   -0.636396072995980999E+00   -0.158998724962768390E+01   -0.215518545680915441E+01
    0.349875694608797801E-04    0.118651535881184813E+03    0.885866525767609261E+02    0.186602312041686567E+02    0.139231084618930527E+02    0.631790070650719793E+00   -0.854940787003397151E+00   -0.167415364083427987E+01   -0.182296637462224709E+01
    0.356802386267322222E-04    0.118604515070158413E+03    0.591882123910145950E+02    0.389545904585693279E+02    0.171876716578485613E+02    0.110526892954331002E+01   -0.935022879383479610E+00   -0.177064354325323059E+01   -0.216059680125309495E+01
    0.359128958571185340E-04    0.118583703667340572E+03    0.502191391200392019E+02    0.442613890324477097E+02    0.392316313456065515E+02    0.743552586130294069E+00   -0.869764267016210901E+00   -0.167359637173234876E+01   -0.218499663534141852E+01
    0.358868339282309353E-04    0.118577343090912450E+03    0.589657915336263443E+02    0.317636822775539116E+02    0.669326741422129032E+02    0.111403299231282760E+01   -0.654980783115213683E+00   -0.144105577509731231E+01   -0.195711746789546903E+01
    0.373544139445768802E-04    0.118489369396481834E+03    0.804833312478601357E+02    0.268759665259832445E+02    0.284498126379421166E+02    0.134776366746773135E+01   -0.936273046572885903E+00   -0.131567247961510336E+01   -0.192145982089869838E+01
    0.372619504532835830E-04    0.118486513639650354E+03    0.804264730883533616E+02    0.389304799785280551E+02    0.153711180050858474E+02    0.129407244236189123E+01   -0.817523519533940535E+00   -0.136476737163498907E+01   -0.203767491903593267E+01
    0.373613533766120539E-04    0.118473372885498094E+03    0.801959737827303627E+02    0.352224565364956064E+02    0.104172461252361792E+02    0.493133410741540823E+00   -0.671158939278027944E+00   -0.134971481453582820E+01   -0.212132714473310902E+01
    0.384201870811442855E-04    0.118409668008080786E+03    0.663837594821562078E+02    0.501711134842713378E+02    0.919629839944585648E+01    0.128509676041007759E+01   -0.675346623992630901E+00   -0.171809212308496861E+01   -0.213871933552047988E+01
    0.383677169019826502E-04    0.118404588760825362E+03    0.668192986577648185E+02    0.259113606865840396E+02    0.296976003589628306E+02    0.153224607544317526E+01   -0.902008209550054341E+00   -0.140840410455609089E+01   -0.207702211025533812E+01
    0.390337874006388896E-04    0.118362353832121727E+03    0.754893172972679167E+02    0.472837958373114944E+02    0.304971052187662330E+02    0.420877570108479371E+00   -0.559038166740532638E+00   -0.159327841397877235E+01   -0.198032924569258695E+01
    0.393388826822982810E-04    0.118338969739496918E+03    0.815079894609283855E+02    0.322467478942347299E+02    0.307575520187493190E+02    0.100266845108497793E+01   -0.784224000822586698E+00   -0.165495470336098549E+01   -0.196665241742892505E+01
    0.397109547119083093E-04    0.118312329887561035E+03    0.646210264189682420E+02    0.318142226811604907E+02    0.646293253013900113E+02    0.136469480125263876E+01   -0.669551261998110991E+00   -0.157811670777072321E+01   -0.181873643451596889E+01
    0.398611883805518227E-04    0.118296965305070188E+03    0.757397481553192478E+02    0.289574448629943362E+02    0.515731322283236793E+02    0.919716960384258875E+00   -0.799942202052371876E+00   -0.144967506858837547E+01   -0.191121795926472560E+01
    0.404509785254316296E-04    0.118259777393077087E+03    0.533014343803593604E+02    0.344533840493417500E+02    0.445716122019839602E+02    0.144251371232854475E+01   -0.899368679774657842E+00   -0.154232057676368117E+01   -0.223537044079950942E+01
    0.404007387516187023E-04    0.118254450420013129E+03    0.747412451836069351E+02    0.183075968068817687E+02    0.279049764784940209E+02    0.106974764506101860E+01   -0.767101634701983448E+00   -0.146205118066402573E+01   -0.206333320997954850E+01
    0.404025050391650740E-04    0.118246550483545761E+03    0.594748540944648809E+02    0.535695698465349324E+02    0.183636827015736834E+02    0.107144763653280539E+01   -0.804923349587845616E+00   -0.171287462620782049E+01   -0.216708091538667524E+01
    0.411530448247899002E-04    0.118201925726079764E+03    0.616077829759927553E+02    0.372313050373272887E+02    0.532406078069219575E+02    0.832579806855721860E+00   -0.846728738956791238E+00   -0.145183863585229433E+01   -0.195084513007903260E+01
    0.410064258727639678E-04    0.118201251495419882E+03    0.683963112665024511E+02    0.410536349154276508E+02    0.120875631993700861E+02    0.707970423338129318E+00   -0.938207626218690693E+00   -0.151730008360035917E+01   -0.209493935847063639E+01
    0.421483680761104677E-04    0.118138504628189537E+03    0.714066676144161363E+02    0.218626495817854511E+02    0.666246770351840070E+02    0.111583989646513349E+01   -0.579344679003626517E+00   -0.138873266710275267E+01   -0.187655945800407209E+01
    0.420821755123018641E-04    0.118133835528415432E+03    0.606299116794543309E+02    0.435632949777393534E+02    0.359577427918031418E+02    0.642589743037897954E+00   -0.827243936578446748E+00   -0.148747437904710145E+01   -0.216547532438593926E+01
    0.430045945283596658E-04    0.118082657642510668E+03    0.921687938850634509E+02    0.324830091155621687E+02    0.319246653089859862E+02    0.149119223636999987E+01   -0.811247732277142086E+00   -0.153985277656719788E+01   -0.174965719709084966E+01
    0.429738317230802700E-04    0.118076276329748310E+03    0.753095318452223950E+02    0.319422308654018501E+02    0.295991272211092982E+01    0.118063992905118198E+01   -0.832893019601907314E+00   -0.141157396683489833E+01   -0.213117156973054733E+01
    0.432740473262121082E-04    0.118054540388664336E+03    0.571636942960881171E+02    0.419583689442717969E+02    0.506655281222919314E+02    0.101523214113342397E+01   -0.687578901942673459E+00   -0.145351152853932941E+01   -0.209492851004748504E+01
    0.431583545460718048E-04    0.118052082031172404E+03    0.904339848487331892E+02    0.394924556526186450E+02    0.186081224634987876E+02    0.476961005930382098E+00   -0.674443362949690206E+00   -0.171900801029419203E+01   -0.190115504144575498E+01
    0.436099622024285825E-04    0.118023450331202611E+03    0.697670025661287241E+02    0.419066309230513951E+02    0.143422663105637955E+02    0.136161625373483663E+01   -0.631017621333247014E+00   -0.162900641124413093E+01   -0.213911714648767415E+01
    0.436448970068148184E-04    0.118014036324693052E+03    0.877603098179692296E+02    0.414990212617538532E+02    0.407531697543235722E+02    0.113628925575863216E+01   -0.624614049949922645E+00   -0.162167730148183376E+01   -0.175133793077077993E+01
    0.441208149648220717E-04    0.117984533229944176E+03    0.725952792340763722E+02    0.384141546848710931E+02    0.939214614024017180E+01    0.131018104288201420E+01   -0.848044747359068651E+00   -0.154886287862511729E+01   -0.198778064806330979E+01
    0.440803626579263315E-04    0.117978555277319714E+03    0.550756899134885032E+02    0.294057692329728049E+02    0.494962066565792753E+02    0.211320187052128267E+00   -0.971500362456217958E+00   -0.173135852849579042E+01   -0.212909141608850838E+01
    0.463129892667104735E-04    0.117871926626547477E+03    0.849685007902751863E+02    0.228544249848462613E+02    0.387566077336512080E+02    0.132197403908520394E+01   -0.880073965402185188E+00   -0.161450196481019859E+01   -0.183221293898744597E+01
    0.475180380797368953E-04    0.117812740285472714E+03    0.773364030660213473E+02    0.418697608536028980E+02    0.747705238297912711E+01    0.150492682220235485E+01   -0.699939829439385708E+00   -0.181859327274730043E+01   -0.201833975807241339E+01
    0.475299930824418673E-04    0.117804424671305199E+03    0.574634613510697747E+02    0.277499414680405891E+02    0.620136505819374548E+02    0.103854957052516705E+01   -0.707850904487104193E+00   -0.166896511145851356E+01   -0.194669422353037835E+01
    0.503894482233521667E-04    0.117679770476454166E+03    0.656496651371120521E+02    0.353365912268290856E+02    0.153732700444122408E+02    0.120643608779131628E+01   -0.973789133041336852E+00   -0.159140546425236451E+01   -0.208249107177435544E+01
    0.510829887771277171E-04    0.117644618479189944E+03    0.612757068282955970E+02    0.176761868622496827E+02    0.676673983078992620E+02    0.123163074676065287E+01   -0.849809345451668641E+00   -0.156010529985201840E+01   -0.202474592974492706E+01
    0.519229624694223120E-04    0.117604186803243294E+03    0.610844714056362790E+02    0.288496480098682078E+02    0.177038914567029266E+02    0.142154968433052820E+01   -0.820058680143308738E+00   -0.169673152820452922E+01   -0.222882628060153376E+01
    0.557742197887360850E-04    0.117453273058129682E+03    0.826042930132483235E+02    0.469394545941217274E+02    0.293640913612297147E+02    0.727784607495760238E+00   -0.562585464185380690E+00   -0.139369820960544932E+01   -0.183663008767069558E+01
    0.556574221233407232E-04    0.117449653180841310E+03    0.750378899434539335E+02    0.535309537747521063E+02    0.154523384749893857E+02    0.793542281694477603E+00   -0.701054206209424935E+00   -0.156598851360185987E+01   -0.199907881096177364E+01
    0.556992359288779930E-04    0.117440338703025759E+03    0.863637273655283479E+02    0.390743634148380181E+02    0.135331030504404914E+02    0.854750256908037187E+00   -0.748434646162546624E+00   -0.165006013185494260E+01   -0.182845285618744269E+01
    0.555059540561372925E-04    0.117439478470897200E+03    0.859362206406567282E+02    0.296858541509524159E+02    0.364981037690681376E+02    0.723779498670321986E+00   -0.552637541944748678E+00   -0.143778736846260302E+01   -0.190788711495765728E+01
    0.559526432219794592E-04    0.117415635209044453E+03    0.906312190313779240E+02    0.329981142254191937E+02    0.317451745788641553E+02    0.901093463532906314E+00   -0.601228470383278646E+00   -0.159993020152899312E+01   -0.181074906752730591E+01
    0.557889041535044282E-04    0.117413684062838627E+03    0.726865690675047915E+02    0.345183103307968508E+02    0.104853060775059745E+02    0.117367204262018010E+01   -0.787066756774505327E+00   -0.182826105251205107E+01   -0.191590430341844842E+01
    0.563888554780301945E-04    0.117384478479331818E+03    0.645959904163373722E+02    0.429974508337903671E+02    0.115094868953916407E+01    0.566442247827799839E+00   -0.795189844797112633E+00   -0.182405109204834393E+01   -0.209926998578217461E+01
    0.568962798104541228E-04    0.117358749145859775E+03    0.516839875438901188E+02    0.217647229516742371E+02    0.679467511149591274E+02    0.122296978142075252E+01   -0.642334716117722859E+00   -0.178789942527866419E+01   -0.212698201826035271E+01
    0.572955168397370367E-04    0.117336951800444126E+03    0.664962595563766143E+02    0.265798599380241996E+02    0.378948162781095377E+02    0.464548648914807571E+00   -0.699770362839166715E+00   -0.185935186077607018E+01   -0.203418931348417331E+01
    0.576949460217009651E-04    0.117315244903343228E+03    0.728038720003787176E+02    0.313439933877269219E+02    0.496967314555198740E+02    0.865161268166915409E+00   -0.643632359552388733E+00   -0.134619646245556268E+01   -0.202739171502332338E+01
    0.593675296400340968E-04    0.117250276685774537E+03    0.554631704490275013E+02    0.283646381523802411E+02    0.689153537887825109E+02    0.975668418687128391E+00   -0.745428724778252283E+00   -0.130658638773032632E+01   -0.209690726227380564E+01
    0.595040180899198123E-04    0.117237871379086215E+03    0.719707772651902502E+02    0.293118626319593325E+02    0.509264267329146492E+02    0.977194939829857945E+00   -0.714823967457806297E+00   -0.167338252997352366E+01   -0.200195331845462565E+01
    0.633056391541823708E-04    0.117106197738782782E+03    0.892227597481048349E+02    0.216069915606896643E+02    0.400526486165564819E+02    0.403317107943008180E+00   -0.825225400241057949E+00   -0.142060161296407594E+01   -0.179172060306963377E+01
    0.632417659394561332E-04    0.117100404188759796E+03    0.458225471619714071E+02    0.335400473025591879E+02    0.644205200313298576E+02    0.734458936357224257E+00   -0.763593948621553942E+00   -0.155213101796676822E+01   -0.211844143985500910E+01
    0.636809772861580731E-04    0.117078749784977759E+03    0.799480798497319824E+02    0.293581464378797676E+02    0.294160779383319770E+02    0.624046789744505670E+00   -0.752971842676218417E+00   -0.114557598178765163E+01   -0.198851514410033126E+01
    0.635747757017647146E-04    0.117074275495048624E+03    0.754886612919186462E+02    0.316561512005027907E+02    0.518691951093380936E+02    0.137895283572025540E+01   -0.725319652250819624E+00   -0.135149927860543317E+01   -0.177703081945426700E+01
    0.646961170249980009E-04    0.117031494192202686E+03    0.778175467642477088E+02    0.318267935973454286E+02    0.971683097584865152E+01    0.155702875046907763E+01   -0.636083385543755320E+00   -0.152537152073519300E+01   -0.204400265366174327E+01
    0.645497100825349483E-04    0.117028212809635590E+03    0.599330596816013994E+02    0.401543850936671305E+02    0.197924605508608344E+02    0.103801740092478068E+01   -0.911322108774344830E+00   -0.170323058193474575E+01   -0.219624806957667129E+01
    0.644513710119079330E-04    0.117023449558179578E+03    0.672739639335879929E+02    0.253562113430877432E+02    0.519201511054203593E+02    0.772330438711272271E+00   -0.941187071904297845E+00   -0.167873124704699972E+01   -0.193146254749014523E+01
    0.642640533788356330E-04    0.117021458202496888E+03    0.710812891778073634E+02    0.237862645506619295E+02    0.533396774798750926E+02    0.106499963145723919E+01   -0.889733151274257228E+00   -0.165455466230863224E+01   -0.192948073927524000E+01
    0.659314020514348043E-04    0.116962416884160760E+03    0.514301099716321772E+02    0.381166608080131084E+02    0.554739438964183122E+02    0.135107335792663719E+01   -0.811644554815110553E+00   -0.149031778077612742E+01   -0.204779464394649668E+01
    0.664699183194973256E-04    0.116938335083034929E+03    0.708699888309507031E+02    0.272159418727089317E+02    0.174062693129469181E+02    0.125979886249184259E+01   -0.778504308977949311E+00   -0.188569353688070063E+01   -0.193591061884325155E+01
    0.667204036491478368E-04    0.116922999945616240E+03    0.661416877491724762E+02    0.205473440820586717E+02    0.705888052655618452E+02    0.121706740102695177E+01   -0.798990136496292358E+00   -0.129345369554931766E+01   -0.194923751421363600E+01
    0.731630735271072990E-04    0.116730827394130586E+03    0.951840697205565078E+02    0.350545515065372086E+02    0.222352201139695325E+02    0.573787271111881880E+00   -0.579232893922986714E+00   -0.130302195563441070E+01   -0.185961394003054226E+01
    0.731330345307701086E-04    0.116723836214592438E+03    0.748180753929765814E+02    0.256760901319009136E+02    0.506217747523067843E+02    0.135927263676021903E+01   -0.858003878951852261E+00   -0.167731689149159457E+01   -0.186024786400883757E+01
    0.735461709016803166E-04    0.116704757292410847E+03    0.741732570092832475E+02    0.440788397082829704E+02    0.215675556661063403E+02    0.132186572348674436E+01   -0.751420709607171000E+00   -0.146991087727175662E+01   -0.194764545943468503E+01
    0.733975472216878195E-04    0.116700990524547507E+03    0.723591823034374357E+02    0.333612597869859329E+02    0.100766315937383837E+02    0.141044337981089529E+01   -0.647981734269255094E+00   -0.194810520083110528E+01   -0.197918246762208883E+01
    0.748176232393802688E-04    0.116654852137406181E+03    0.620171202705465348E+02    0.303882130465185796E+02    0.567772083385233088E+02    0.123727133359343466E+01   -0.814271887733928779E+00   -0.134654222969331450E+01   -0.191045632938028875E+01
    0.747671742878530275E-04    0.116648388676995069E+03    0.711037715411191158E+02    0.225326367403450618E+02    0.391150044995125654E+02    0.448347466964177044E+00   -0.684238371308428572E+00   -0.154136400025343145E+01   -0.205385368733651896E+01
    0.751025508408120914E-04    0.116631625013242825E+03    0.770104010774438308E+02    0.367025994291225999E+02    0.531690128557528041E+02    0.553303175424395222E+00   -0.718784269450780666E+00   -0.143615133302193065E+01   -0.174041950593685057E+01
    0.750585552780369829E-04    0.116624984469554875E+03    0.781752377161447782E+02    0.330406035826927322E+02    0.158445170792006476E+02    0.152347536947704243E+01   -0.626828841843969808E+00   -0.140038713122346170E+01   -0.207828000212366426E+01
    0.766717907040990234E-04    0.116574641354890105E+03    0.884034371349345207E+02    0.304071350361069115E+02    0.300921995870535568E+02    0.117061370173910784E+01   -0.604423444428043632E+00   -0.127979879002237684E+01   -0.194908652249252157E+01
    0.787008628630502590E-04    0.116514588322843991E+03    0.797706212384856030E+02    0.468724334797117024E+02    0.261523586653283502E+02    0.772094539874461194E+00   -0.563757763562652947E+00   -0.149725381782243394E+01   -0.193852199283868520E+01
    0.816211036882986257E-04    0.116433908357147573E+03    0.683477607287652091E+02    0.336115083336657321E+02    0.436302605955050069E+02    0.572980828066843029E+00   -0.647899840502542013E+00   -0.150652979391000841E+01   -0.212182772094042793E+01
    0.821120766865000618E-04    0.116414101355638536E+03    0.686799578984164043E+02    0.378226520754911704E+02    0.535992441895991121E+02    0.120918982882820636E+01   -0.784938461598411630E+00   -0.128245948449932756E+01   -0.184715329715793697E+01
    0.874128701188805346E-04    0.116281174007104767E+03    0.828993858719199324E+02    0.348676444935147032E+02    0.511816129414121832E+02    0.842918961717521009E+00   -0.671906935932448102E+00   -0.137785629804231302E+01   -0.174356156412100383E+01
    0.874542398469694405E-04    0.116272415194699391E+03    0.744731827491751517E+02    0.348918181558439642E+02    0.138047919971208959E+02    0.183474150736348263E+00   -0.725665503308358550E+00   -0.131715604703852573E+01   -0.208964167150143965E+01
    0.913958812011067144E-04    0.116176433233476246E+03    0.890981572579361227E+02    0.460724788977284021E+02    0.254239745459014124E+02    0.739348998947111480E+00   -0.663306923267747761E+00   -0.132321022137907041E+01   -0.182816875445856386E+01
    0.956867132292438179E-04    0.116076862659295017E+03    0.857346914822920638E+02    0.327608273336362714E+02    0.372877753738625657E+02    0.932814314297497060E+00   -0.582053211841712548E+00   -0.126598140865691922E+01   -0.192116391571892131E+01
    0.954482006454994810E-04    0.116074041664043378E+03    0.847430430201114575E+02    0.366409283649186861E+02    0.113264578396156885E+02    0.148919919340701434E+01   -0.817588662947128508E+00   -0.164716552372654723E+01   -0.195073282496134270E+01
    0.963445314504175797E-04    0.116047535289238198E+03    0.866298797302282111E+02    0.441486116163975666E+02    0.159657625675075661E+02    0.982613936366129481E+00   -0.607143966946737113E+00   -0.155174871865053188E+01   -0.189791331590470280E+01
    0.960755355966864044E-04    0.116045314639050815E+03    0.795836191377385518E+02    0.218997388841973226E+02    0.111038382635215811E+02    0.976560037188998198E+00   -0.866912176231091403E+00   -0.140207683955932993E+01   -0.197021926428817529E+01
    0.959864545668763806E-04    0.116039357394973564E+03    0.642063442816173335E+02    0.325664569829982469E+02    0.435552249690466340E+02    0.868863370011390690E+00   -0.703212753770970700E+00   -0.167764843041457690E+01   -0.216695440872322020E+01
    0.964214849568651561E-04    0.116022500961914176E+03    0.655979549426162265E+02    0.193049479593070643E+02    0.739746588900849673E+02    0.115937981237723631E+01   -0.627938067486806251E+00   -0.140416202696308678E+01   -0.189747234957063871E+01
    0.961818296101826136E-04    0.116019665644594653E+03    0.707967324042213306E+02    0.287571619663238245E+02    0.256840842348643186E+02    0.100363914155673317E+01   -0.729954048437784220E+00   -0.134532431884991976E+01   -0.214617820794791747E+01
    0.961424677422290384E-04    0.116012671800771628E+03    0.738904047293200392E+02    0.177347354661106777E+02    0.564144379251004366E+02    0.996561946888796624E+00   -0.804664512847322211E+00   -0.136775325455676167E+01   -0.200282456222721272E+01
    0.973682823323392365E-04    0.115979520533055194E+03    0.681732625097679374E+02    0.419348181959729658E+02    0.192015684899628774E+02    0.127153409875203272E+01   -0.786671096383422253E+00   -0.166367550639149364E+01   -0.205807611046046368E+01
    0.101404608245001424E-03    0.115890471988820025E+03    0.681170032537890364E+02    0.405124342811021734E+02    0.530698058506342178E+02    0.594139353450985785E+00   -0.734933103424652234E+00   -0.156381385210326052E+01   -0.180408925210206417E+01
    0.102394517922476129E-03    0.115863230210957255E+03    0.644903078633167013E+02    0.368803909728010595E+02    0.493953105957544309E+02    0.132263780151322141E+01   -0.699389928874715183E+00   -0.156923903713695312E+01   -0.188548762889684629E+01
    0.102079057481747467E-03    0.115861588888634216E+03    0.679528272819459431E+02    0.379843545346026019E+02    0.477635501207060713E+02    0.143718857289788993E+01   -0.765967205551740360E+00   -0.157623023313005328E+01   -0.198048336462409380E+01
    0.102790677583116484E-03    0.115839882233635635E+03    0.758400935021863205E+02    0.377486762055326892E+02    0.433100111898242872E+02    0.305326900460098971E+00   -0.545282327282053059E+00   -0.166183041815015620E+01   -0.195778652739667702E+01
    0.102496821476944983E-03    0.115837795485242026E+03    0.515047789691518219E+02    0.275528736080559327E+02    0.666282952625938520E+02    0.129799001739399600E+01   -0.825438286872704374E+00   -0.155298078769404846E+01   -0.201341432576038493E+01
    0.102219712712388284E-03    0.115835397475769639E+03    0.611565367279245038E+02    0.214522993083117157E+02    0.467879183211766403E+02    0.140165403516241138E+01   -0.927825477669035337E+00   -0.165185336338572641E+01   -0.207532617490126814E+01
    0.101920465900839785E-03    0.115833448535367296E+03    0.888423892637401451E+02    0.211025981062685943E+02    0.274102770565051408E+02    0.245977113044872187E+00   -0.715086906125236954E+00   -0.160539161985377521E+01   -0.186275580247521622E+01
    0.102078593219520131E-03    0.115822535484785647E+03    0.704434549890143842E+02    0.266527668900872641E+02    0.203720771220388147E+00    0.146187526198650675E+01   -0.675327438667610913E+00   -0.179975185638130886E+01   -0.201891751031788136E+01
    0.103177216875998055E-03    0.115793312937536314E+03    0.663090401692833638E+02    0.459369506003103325E+02    0.171133290775853411E+02    0.542259950232478194E+00   -0.786383099114595252E+00   -0.150223688241147402E+01   -0.210594132581186733E+01
    0.105311259940073611E-03    0.115744555870620047E+03    0.786274681835718638E+02    0.227445072229049217E+02    0.469570388202056392E+02    0.890008059105773741E+00   -0.691674047769338607E+00   -0.118282364975721777E+01   -0.198356213964104056E+01
    0.105172609549852245E-03    0.115739378259661379E+03    0.857772971907420896E+02    0.219746278105081032E+02    0.349419310902229583E+02    0.845411111459981934E+00   -0.840058951037624402E+00   -0.136917508320785175E+01   -0.183153404460438041E+01
    0.107256476095684961E-03    0.115692325683151864E+03    0.847053263125408904E+02    0.332951881040375213E+02    0.105826887818679225E+02    0.633694757637247252E+00   -0.673215418794446574E+00   -0.129297789199281632E+01   -0.204384747067108075E+01
    0.106951930343860571E-03    0.115690200092682289E+03    0.665882480112864812E+02    0.336338088098542158E+02    0.106108770263135295E+02    0.859687946784122525E+00   -0.958221534417394105E+00   -0.168221031552450451E+01   -0.204547712964116535E+01
    0.107122353260151866E-03    0.115679203222295968E+03    0.869875963572326185E+02    0.356383031325089377E+02    0.170931436432532067E+02    0.146474014076928727E+00   -0.871563558772310065E+00   -0.136949507256953207E+01   -0.189213258843009147E+01
    0.107209868196327503E-03    0.115669757464534811E+03    0.584278664154334066E+02    0.368873681342783470E+02    0.314614548900121314E+02    0.128493569163802790E+01   -0.804440421305713915E+00   -0.152719783805254505E+01   -0.223250823476078208E+01
    0.109005804245574506E-03    0.115628719299933593E+03    0.663549824705269771E+02    0.537635280548919283E+02    0.226114868707418246E+02    0.742261380451470609E+00   -0.690674089838583471E+00   -0.160773556437014120E+01   -0.210052924079179970E+01
    0.110809663148699245E-03    0.115588081095387679E+03    0.658090116503221623E+02    0.381211618781632779E+02    0.845537190695698193E+01    0.865505651129845677E+00   -0.852945835986791412E+00   -0.172140676776470647E+01   -0.205486849274945049E+01
    0.112086585050657697E-03    0.115557353254612281E+03    0.682802915229213596E+02    0.383653365629112102E+02    0.957844765456173164E+01    0.152783766401001553E+01   -0.887183709634877804E+00   -0.148238261522864723E+01   -0.212231839067506289E+01
    0.112086054675940259E-03    0.115549550218295607E+03    0.662884235654036473E+02    0.195505775841967164E+02    0.387014013801694290E+02    0.903007942869930247E+00   -0.854658223018623042E+00   -0.171726880530080295E+01   -0.206912149764552389E+01
    0.113313469466298604E-03    0.115519955473144023E+03    0.880923758625792459E+02    0.243093196880342077E+02    0.287991180979920891E+02    0.790067148140559672E+00   -0.747575425563835161E+00   -0.156137440412039896E+01   -0.191500289612415076E+01
    0.113908946055637090E-03    0.115501660240598284E+03    0.928965760504198812E+02    0.323019744626052301E+02    0.166067671733560154E+02    0.877439916798534836E+00   -0.585104225468327410E+00   -0.158862309245088085E+01   -0.185361504967239155E+01
    0.114126760043261642E-03    0.115490027039751183E+03    0.850528496069742488E+02    0.275870592366801404E+02    0.305654440968083740E+02    0.524304333270640410E+00   -0.863841104272405458E+00   -0.139856408901713802E+01   -0.191520120961167595E+01
    0.115034956094850355E-03    0.115466361965041045E+03    0.780765025748060282E+02    0.377421791943243505E+02    0.258084111231678079E+02    0.148348608319968034E+01   -0.787671280534071094E+00   -0.178701582308170592E+01   -0.195644876170492932E+01
    0.117283032794375405E-03    0.115419841367000032E+03    0.826398893141598592E+02    0.222448510228757357E+02    0.106541184251150849E+02    0.118477929329017440E+01   -0.732414021806630178E+00   -0.161300990823101920E+01   -0.196933699738809853E+01
    0.117807115803356005E-03    0.115403111711087007E+03    0.498083900049648776E+02    0.509836148717966680E+02    0.378273979042694464E+02    0.133071456389470399E+01   -0.821167746335601745E+00   -0.176005729470143768E+01   -0.217062829919301548E+01
    0.119386552254318514E-03    0.115368663427615715E+03    0.611773350600126307E+02    0.522721954536062938E+02    0.275836873679008754E+02    0.129313525781821670E+01   -0.782731406443187172E+00   -0.146329351671943475E+01   -0.209824993057027687E+01
    0.123535186811483846E-03    0.115292532003592811E+03    0.765171119674028688E+02    0.340815386714764514E+02    0.107879677934347651E+02    0.428520794912925773E+00   -0.623180552484111194E+00   -0.173776700951087015E+01   -0.205904436920012657E+01
    0.123381235896613620E-03    0.115287213480026310E+03    0.737667627686688689E+02    0.240960737943213061E+02    0.482866920578999839E+02    0.928398065898807023E+00   -0.846521853530543211E+00   -0.155525376784008240E+01   -0.198746737782468808E+01
    0.123059639291186627E-03    0.115284620841183425E+03    0.726647491035550104E+02    0.303464472490898061E+02    0.385864123711990459E+02    0.110651850016432651E+01   -0.856569747204789289E+00   -0.155228564498164112E+01   -0.203724669869701147E+01
    0.123315277009967245E-03    0.115272657954214480E+03    0.681639169613590639E+02    0.315462443949728524E+02    0.549825794643110726E+02    0.133625542795044949E+01   -0.870893086188589960E+00   -0.151878985857885085E+01   -0.182568195277708067E+01
    0.128177452696674407E-03    0.115187502755440050E+03    0.844934998681840028E+02    0.324595324518747006E+02    0.137731016664642958E+02    0.795632569001255008E+00   -0.895133659034547557E+00   -0.168197700760440716E+01   -0.182653359484231448E+01
    0.127717582873028228E-03    0.115186878676546954E+03    0.721159251619767332E+02    0.186574329828354912E+02    0.503031146388592347E+02    0.128902711753675603E+01   -0.772742306470565410E+00   -0.162911795377723845E+01   -0.200133359428234403E+01
    0.128705920120785372E-03    0.115163648835617977E+03    0.615257350502973921E+02    0.318029570664054688E+02    0.177204240143570715E+02    0.117517824998975429E+01   -0.780832441242786501E+00   -0.187869533388294641E+01   -0.214908631142882856E+01
    0.129878150476146184E-03    0.115137703147711591E+03    0.597805522201279587E+02    0.208720172231161598E+02    0.662059921125398461E+02    0.700810254288182888E+00   -0.682810592855870757E+00   -0.152128833871494984E+01   -0.210756997099604693E+01
    0.130924567735908696E-03    0.115113841384387285E+03    0.624119007579393070E+02    0.227885152743410480E+02    0.450332689319667736E+02    0.130885185944419158E+01   -0.950394771400369098E+00   -0.166589153400317969E+01   -0.208541144146446200E+01
    0.130424097847158514E-03    0.115113688697753929E+03    0.752169845788416467E+02    0.421693689046657099E+02    0.308340052889350247E+02    0.140818620654371784E+01   -0.756445805466879673E+00   -0.182456829513275753E+01   -0.190024999659940264E+01
    0.130031010727683623E-03    0.115111913129340053E+03    0.491796795565132001E+02    0.282607023805439646E+02    0.711793358164634924E+02    0.687522947375995397E+00   -0.739836626472086811E+00   -0.143820425857106837E+01   -0.210755603141905823E+01
    0.130190976879780679E-03    0.115101641710726483E+03    0.860019063587462682E+02    0.211175881614346039E+02    0.273965645143937664E+02    0.102951450183238991E+01   -0.788817295443019262E+00   -0.151258704045488002E+01   -0.193031299420177693E+01
    0.132444785691171446E-03    0.115059502367849092E+03    0.534499106695003690E+02    0.279994398893539476E+02    0.563722732222325007E+02    0.126851806052855909E+01   -0.638852120189371764E+00   -0.179214726373403987E+01   -0.220623247281575807E+01
    0.132898709384617617E-03    0.115044847052484499E+03    0.640850293245215425E+02    0.278568262009771033E+02    0.546831504051592745E+02    0.123054614309625832E+01   -0.855972007476499375E+00   -0.172393545694906236E+01   -0.202009265794600523E+01
    0.134515407260550732E-03    0.115012851572266527E+03    0.723314861317222721E+02    0.495016729975698979E+02    0.161439618981408763E+02    0.557947824206206922E+00   -0.694798950403336057E+00   -0.160429094343717971E+01   -0.208518081310422465E+01
    0.134955035674739663E-03    0.114998513253710030E+03    0.601612612264791338E+02    0.513559620538220969E+02    0.248404116523665408E+02    0.862400756938911495E+00   -0.724072080711614108E+00   -0.180946896862353701E+01   -0.212590228573541529E+01
    0.137117356994309435E-03    0.114958909702405862E+03    0.729099244356667953E+02    0.388639033728029943E+02    0.256608035332089379E+02    0.516608436736543886E+00   -0.786351707046819781E+00   -0.181618005206293520E+01   -0.200291670738649241E+01
    0.136737242139669591E-03    0.114956649274197986E+03    0.832418354676698158E+02    0.359173671491480846E+02    0.214796398137853650E+02    0.215219538129843652E+00   -0.711069687861092481E+00   -0.150219533241575109E+01   -0.186742563715179966E+01
    0.141835399927119727E-03    0.114875624601838922E+03    0.683551160191757816E+02    0.171843442479771085E+02    0.526177441033797706E+02    0.692072330841042027E+00   -0.781253775418699892E+00   -0.136389787278440577E+01   -0.205770781487656995E+01
    0.143772640535652559E-03    0.114840680228166860E+03    0.539435411030812304E+02    0.316729584447038626E+02    0.533108288312125751E+02    0.120992605806520914E+01   -0.742502291958347937E+00   -0.158878146877230098E+01   -0.212570690668769036E+01
    0.144140661087797174E-03    0.114827754789646789E+03    0.708977966855842396E+02    0.288411208254447899E+02    0.295548641978609972E+02    0.135817389041819614E+01   -0.931361753057453168E+00   -0.136490407913038658E+01   -0.204204833342870717E+01
    0.144261880028894449E-03    0.114818261043042412E+03    0.700059289469801485E+02    0.400751625865635788E+02    0.364265809484005274E+02    0.420708363864858659E+00   -0.857620836341848047E+00   -0.136153497529659306E+01   -0.190326355185472296E+01
    0.144723463514839632E-03    0.114804059514826378E+03    0.909447499127136183E+02    0.202523979733578798E+02    0.337380606702251526E+02    0.118478136935984013E+01   -0.728057134580655685E+00   -0.136075120346944312E+01   -0.189338281577604928E+01
    0.145666360746413858E-03    0.114783258948902755E+03    0.908998626547718516E+02    0.420684939266089799E+02    0.586467794822581112E+01    0.941271418005647287E+00   -0.632667595975651587E+00   -0.157344249422409854E+01   -0.185193369881431713E+01
    0.146512949998639687E-03    0.114763856420584034E+03    0.904336765112275742E+02    0.292990368365792726E+02    0.881213744167801494E+01    0.923044343184561189E+00   -0.598853570860574669E+00   -0.171374872286335034E+01   -0.188908286320648688E+01
    0.159299866026396382E-03    0.114588694809672816E+03    0.570255549148706820E+02    0.263173675941315963E+02    0.615284005353552885E+02    0.129197846811216999E+01   -0.795902241855825254E+00   -0.156633328192184429E+01   -0.212072381024104395E+01
    0.160998972635721156E-03    0.114559663093836193E+03    0.597699777784223372E+02    0.304489418155335159E+02    0.604866468852167856E+02    0.156364191438426925E+01   -0.652329699452941725E+00   -0.133088133223484451E+01   -0.209463451901397857E+01
    0.160376839169356993E-03    0.114559593979874109E+03    0.823625149490779620E+02    0.286543126253282878E+02    0.794630513846768682E+01    0.146339693911960866E+01   -0.716155210219272753E+00   -0.165543487744317752E+01   -0.187668139684205570E+01
    0.161534525683925198E-03    0.114537396259196498E+03    0.635790970176301471E+02    0.292554969864104280E+02    0.266558654256020269E+02    0.138843988401363538E+01   -0.755966927322197835E+00   -0.177013394481258168E+01   -0.217538124829345403E+01
    0.160914185078188165E-03    0.114537279139582466E+03    0.811664085491406695E+02    0.355912672060180597E+02    0.260076479016847451E+02    0.100435713901001966E+01   -0.766038372867075656E+00   -0.151171039483815917E+01   -0.185481175539483933E+01
    0.163799080832607028E-03    0.114493927941713878E+03    0.707185308354795978E+02    0.256240276858318943E+02    0.398896715498158940E+02    0.146825246219841676E+01   -0.966774054672416838E+00   -0.149630263627163407E+01   -0.196979533145415142E+01
    0.163716048964157818E-03    0.114487129524578108E+03    0.691354661005460969E+02    0.224629278336630804E+02    0.412441088673842700E+02    0.833667937728735375E+00   -0.839199701748580384E+00   -0.129738170411905007E+01   -0.209384669456334471E+01
    0.164325599984809634E-03    0.114471884410772589E+03    0.616935889954795442E+02    0.248965529161737820E+02    0.401720842314951909E+02    0.890372067148394786E+00   -0.949400701576092132E+00   -0.159547351503403467E+01   -0.212801915900888927E+01
    0.164660445694186187E-03    0.114460000664233121E+03    0.738637168593977691E+02    0.190224373960635873E+02    0.641018124917062124E+02    0.102992861460496710E+01   -0.784000946527866560E+00   -0.142544966342077650E+01   -0.185500053030961687E+01
    0.165094004696796488E-03    0.114446928987267682E+03    0.818685943920647787E+02    0.388584323937783864E+02    0.317762971676658772E+02    0.101201946946512633E+01   -0.715584479835926546E+00   -0.118251108207808175E+01   -0.190986163162846778E+01
    0.165150921850745617E-03    0.114438427094033273E+03    0.700473551509994792E+02    0.219270063952460603E+02    0.547083979953537209E+02    0.121914516123300842E+01   -0.836849186752119722E+00   -0.163688071421100867E+01   -0.190952954307194167E+01
    0.166651390438864156E-03    0.114412525765102302E+03    0.629904907561784597E+02    0.231459063186034655E+02    0.418308678708114243E+02    0.545551331898320835E+00   -0.867426858961487524E+00   -0.147741847958667583E+01   -0.218151177969271881E+01
    0.166927906459275028E-03    0.114401397518755715E+03    0.619508945421786379E+02    0.220277215733912861E+02    0.398147684422693615E+02    0.122863650567379001E+01   -0.810006190989300379E+00   -0.161577744851310401E+01   -0.217146923187333662E+01
    0.166793771066137982E-03    0.114395192770476882E+03    0.580908964092175850E+02    0.194124072719262664E+02    0.684283729886785039E+02    0.118449661265371087E+01   -0.693819742492094438E+00   -0.149296489817761358E+01   -0.210696817512519585E+01
    0.166421107862652523E-03    0.114391853820518349E+03    0.636946954316143206E+02    0.463150607476863883E+02    0.269584231609917921E+02    0.885177099777252230E+00   -0.833082333174254952E+00   -0.141890762574270779E+01   -0.207670750324911424E+01
    0.166432453428929245E-03    0.114383904977482274E+03    0.668995274296235465E+02    0.416641845957815491E+02    0.274473971522202120E+02    0.919328581309532433E+00   -0.851367663076280090E+00   -0.181227099972345296E+01   -0.200969175419300372E+01
    0.166461529118536845E-03    0.114375743108719774E+03    0.898265424868278615E+02    0.420027946137202548E+02    0.266771349284100623E+02    0.131040472002879849E+01   -0.621844277361590647E+00   -0.147918801592424276E+01   -0.189509445251072250E+01
    0.168703179818989696E-03    0.114341177384813363E+03    0.644891935182513123E+02    0.267486999510381622E+02    0.513356071703494408E+02    0.671966127502891752E+00   -0.631215112007027290E+00   -0.169285840846655677E+01   -0.210349741378544852E+01
    0.168529577235830178E-03    0.114335424027584764E+03    0.859706538063746137E+02    0.473677293026987982E+02    0.309425425146898654E+02    0.110620580794202605E+01   -0.605979934288440214E+00   -0.138965228079550496E+01   -0.180724611558738846E+01
    0.168265828206196131E-03    0.114330743982235759E+03    0.575260186963488991E+02    0.439553508234859720E+02    0.468648249277090301E+02    0.904386817910435958E+00   -0.760634853714515335E+00   -0.155799734213840946E+01   -0.197193059492180756E+01
    0.167623146987273743E-03    0.114330584987419599E+03    0.769638409031601611E+02    0.298164549451681289E+02    0.736444329229032935E+01    0.134124290160066506E+01   -0.717266851492167845E+00   -0.187441957748437082E+01   -0.189400259181003028E+01
    0.169175939209183928E-03    0.114304330593865529E+03    0.817989089420800184E+02    0.387034289002727334E+02    0.361283254147233279E+02    0.123155813777388112E+01   -0.709209592908678133E+00   -0.162697693334685267E+01   -0.193662767749410270E+01
    0.169368647815680421E-03    0.114294241186956384E+03    0.780732802434115882E+02    0.219369427973301754E+02    0.589056004358375951E+01    0.131685118574846483E+01   -0.806481081631055696E+00   -0.146775549532118621E+01   -0.205104238011192530E+01
    0.170465322166562540E-03    0.114273520287505676E+03    0.821628092416937648E+02    0.326487976063987020E+02    0.314707026183607326E+02    0.409218422713384267E+00   -0.779109861259948300E+00   -0.119133674637568499E+01   -0.189346284205882265E+01
    0.170108219799933874E-03    0.114269901918329055E+03    0.748557413089717869E+02    0.269792608181574174E+02    0.990820487400920769E+01    0.151888643440926518E+01   -0.793016569102837465E+00   -0.162517504397232604E+01   -0.195706934097884466E+01
    0.174551539846963657E-03    0.114210518950830661E+03    0.808693901445073209E+02    0.306006432254670813E+02    0.482045051497810135E+02    0.790194289631515390E+00   -0.816388148717116957E+00   -0.146365622991723332E+01   -0.177839671684722900E+01
    0.176937585166955802E-03    0.114175552473052846E+03    0.716981539493598774E+02    0.275227508803923513E+02    0.537024173911892859E+02    0.125795038506019052E+01   -0.863376804322938840E+00   -0.155424159747267776E+01   -0.190180430544521162E+01
    0.178293176336833368E-03    0.114152475554572092E+03    0.626423510102264274E+02    0.320619777217350332E+02    0.693613094299819011E+02    0.111741943766407670E+01   -0.660180864646952692E+00   -0.133577089774763369E+01   -0.184702536932096195E+01
    0.178531056936484989E-03    0.114141996412424945E+03    0.663342621993772354E+02    0.330151005553286012E+02    0.605479253150372969E+02    0.645457725811318994E+00   -0.693516102889523589E+00   -0.122433033202207997E+01   -0.189826052001814238E+01
    0.178545124879885681E-03    0.114134026322038068E+03    0.832985454205055049E+02    0.379566010385443775E+02    0.159509895790224085E+02    0.801550761180273574E+00   -0.746334166350675954E+00   -0.151103418283845281E+01   -0.201482868612530774E+01
    0.182901147824324575E-03    0.114078004899334118E+03    0.781713602924163098E+02    0.301298515161286282E+02    0.282585628578552210E+02    0.654108590607608398E+00   -0.654172105650263846E+00   -0.128016748918693191E+01   -0.204179985295833566E+01
    0.183938673673808957E-03    0.114058879247869740E+03    0.687995747421889519E+02    0.368205914286381244E+02    0.374581482798803620E+02    0.694798538960305412E+00   -0.616897147852957684E+00   -0.168297709545660545E+01   -0.211117555293335002E+01
    0.183264868576423715E-03    0.114058406610110865E+03    0.715540389172757472E+02    0.359677358905270665E+02    0.342240345000932322E+02    0.910596955050349544E+00   -0.855107747881881597E+00   -0.126526087998770720E+01   -0.201523254048599210E+01
    0.187685673645326034E-03    0.114002921831737694E+03    0.683313998307805406E+02    0.403623829548879556E+02    0.431810326194320240E+02    0.108757474763024042E+01   -0.847712234036394507E+00   -0.134843295129739404E+01   -0.189180549807884657E+01
    0.191026727676380995E-03    0.113959819854005204E+03    0.591248157638695204E+02    0.520516962199920457E+02    0.370892518913786446E+02    0.798501474548995893E+00   -0.647467463605577942E+00   -0.169252116974763589E+01   -0.201790768390742237E+01
    0.190688979656926871E-03    0.113955546617400515E+03    0.625722565438001865E+02    0.266090063086324236E+02    0.735783857742351621E+01    0.117898549345804993E+01   -0.802595844986301321E+00   -0.182424278887251612E+01   -0.211332918389664393E+01
    0.191749218133704604E-03    0.113936644836056246E+03    0.640820293829296901E+02    0.375442842648715143E+02    0.351726057476905041E+02    0.112731409585466724E+01   -0.809054851499659389E+00   -0.149188007760135832E+01   -0.203770442063751123E+01
    0.192459044624618801E-03    0.113921442309684309E+03    0.600141895640779097E+02    0.448191343821207084E+02    0.459484230450070115E+02    0.765048648679774290E+00   -0.752944445592275136E+00   -0.149500202505270674E+01   -0.200292398479217315E+01
    0.193233590929497892E-03    0.113905597015954925E+03    0.781280053573643727E+02    0.225172828350375909E+02    0.150808194364519177E+01    0.694001360686294588E+00   -0.853532304778068962E+00   -0.148518612677549600E+01   -0.200526440579201015E+01
    0.193730735179740548E-03    0.113892645597556324E+03    0.559874900337065995E+02    0.401254124046446918E+02    0.331423056745487798E+02    0.717623107043180664E+00   -0.819176184202795366E+00   -0.175802630475383559E+01   -0.222703142026110967E+01
    0.195221466298248691E-03    0.113869502284029522E+03    0.820147593884284731E+02    0.199631811291394179E+02    0.121594355845614750E+02    0.817309399136573966E+00   -0.810730981287794972E+00   -0.142799388359798618E+01   -0.197294979521858194E+01
    0.198611952027988873E-03    0.113827253199055122E+03    0.590448895424702229E+02    0.268125136736663379E+02    0.652166066387707275E+02    0.881804254823012723E+00   -0.743741974816134910E+00   -0.135231755135947562E+01   -0.208178952444756016E+01
    0.202715791301641358E-03    0.113778536651041165E+03    0.631040391469804973E+02    0.239010465333555757E+02    0.738178331567493444E+02    0.112688367313362781E+01   -0.636327920027571325E+00   -0.140210520225816504E+01   -0.189524075957047144E+01
    0.202889554614373702E-03    0.113769010531384907E+03    0.682292755647147970E+02    0.443424697127024956E+02    0.318851461865156907E+02    0.713298649808706942E+00   -0.815215702386097085E+00   -0.179994571285233240E+01   -0.198749280669144390E+01
    0.202576527623083916E-03    0.113764286102789058E+03    0.732316226634142140E+02    0.397079447003788317E+02    0.230342739478873071E+02    0.125844378417745895E+01   -0.806675622185879737E+00   -0.156024205321091314E+01   -0.208425236645965750E+01
    0.203198679524551376E-03    0.113750340626914394E+03    0.730400251293885248E+02    0.233295536806145911E+02    0.366211161223768329E+02    0.127867876477363818E+01   -0.895597948036664260E+00   -0.156803567119414433E+01   -0.202083776081614364E+01
    0.202441091600017104E-03    0.113749998684382433E+03    0.738192571549729450E+02    0.297632724352215732E+02    0.944369226945543438E+01    0.131428113266462288E+01   -0.927566560996632594E+00   -0.158896119728238050E+01   -0.196279549568052403E+01
    0.211546943999812195E-03    0.113654190198868548E+03    0.649293111491011814E+02    0.422513936126332936E+02    0.341474943431979270E+02    0.112951730850172871E+01   -0.808599716024839932E+00   -0.173826016825789997E+01   -0.208782774515636804E+01
    0.211452249574549497E-03    0.113647273156148714E+03    0.781336036744452826E+02    0.215420684410987384E+02    0.184126439835223188E+02    0.912044796464390073E+00   -0.863598571306559926E+00   -0.143144791098789570E+01   -0.197693810067568032E+01
    0.210824179578566508E-03    0.113645410033530510E+03    0.643854413153068066E+02    0.377435512929136934E+02    0.214456147728508633E+02    0.692459439761036855E+00   -0.688265325104802983E+00   -0.180935675253536377E+01   -0.211112003176492680E+01
    0.210076847163507543E-03    0.113644699756171207E+03    0.579631956107956583E+02    0.254143286398207877E+02    0.719203337517976848E+02    0.135234859239630723E+01   -0.621892622526158068E+00   -0.138982642466854345E+01   -0.199986558632571509E+01
    0.209535239480810107E-03    0.113642050195950233E+03    0.708403333023122741E+02    0.388729221391249737E+02    0.239194838410670911E+02    0.117685624994465043E+01   -0.814236041071396022E+00   -0.135068196145048702E+01   -0.211731895857203511E+01
    0.209973005972191725E-03    0.113630063602544169E+03    0.725832343197937462E+02    0.401817621879152114E+02    0.290891920989591242E+02    0.121599269215965045E+01   -0.634092614772005847E+00   -0.139123172231481673E+01   -0.202188273569838994E+01
    0.209463596047786306E-03    0.113627109144712307E+03    0.707941595214215909E+02    0.399824029043998479E+02    0.236421913726301547E+02    0.116988928638096534E+01   -0.901725219253928456E+00   -0.164367608484030847E+01   -0.202148805625127181E+01
    0.210096749814556990E-03    0.113613260285426662E+03    0.651673692333163217E+02    0.299819614833636159E+02    0.361061288506723912E+02    0.686969656527525036E-01   -0.913907358324677954E+00   -0.143591885901756156E+01   -0.205494703730465034E+01
    0.211775694283509384E-03    0.113589528724047469E+03    0.856864695858432412E+02    0.272614771320584381E+02    0.305908600565706301E+02    0.106902059986469955E+01   -0.889125575449624783E+00   -0.142854759371310913E+01   -0.187101759649430943E+01
    0.211420960867482889E-03    0.113585069119159328E+03    0.573917134227788921E+02    0.247395508018823946E+02    0.634348323837718624E+02    0.446927162233515862E+00   -0.871818010649476616E+00   -0.165115410392947481E+01   -0.197430995032854062E+01
    0.213379134792830033E-03    0.113558817943508302E+03    0.765099419932294893E+02    0.337134939055501803E+02    0.169268002424457933E+02    0.152131557249252070E+01   -0.927702072138947287E+00   -0.153257041871788413E+01   -0.199366936462900268E+01
    0.214263307091029328E-03    0.113542735230157348E+03    0.730251207985323418E+02    0.366136780033428479E+02    0.401704210727106101E+02    0.122747361651159781E+01   -0.903497005429315658E+00   -0.163528446376418612E+01   -0.186499744711442950E+01
    0.216116100443448076E-03    0.113517702530805877E+03    0.546113253642547463E+02    0.223195562649511494E+02    0.828869315253651564E+02    0.116209505689221615E+01   -0.709348849393758085E+00   -0.140216121512838932E+01   -0.193706154169833633E+01
    0.218527605705380861E-03    0.113487696864562793E+03    0.788698750483333981E+02    0.390049846495542596E+02    0.450700603290482036E+02    0.100551035606981776E+01   -0.576564430375074544E+00   -0.170747414692321731E+01   -0.182650243157354431E+01
    0.225040744370827130E-03    0.113421146117669480E+03    0.847887331413964489E+02    0.250180156308443280E+02    0.204879432220061801E+02    0.701080742329292739E+00   -0.765261435961271053E+00   -0.137648114930044008E+01   -0.200088285901071927E+01
    0.228785008607170788E-03    0.113380331090400830E+03    0.822074358971308783E+02    0.477821664294157884E+02    0.206020099984027460E+02    0.114308911721764672E+01   -0.657293780391116522E+00   -0.135337011476131064E+01   -0.188104240698636915E+01
    0.228326564733586008E-03    0.113376530250170845E+03    0.885743402013280559E+02    0.327095560946850767E+02    0.263114362884982143E+02    0.999533792856838188E-01   -0.654954875357198318E+00   -0.129887717342875675E+01   -0.194601528275027702E+01
    0.233996428655569713E-03    0.113319659855304167E+03    0.584269474308647148E+02    0.201880921853496389E+02    0.606133106547992639E+02    0.141054233481601199E+01   -0.738925104968274127E+00   -0.167862696436734327E+01   -0.214148166530803463E+01
    0.233143526975321291E-03    0.113319150542434215E+03    0.797265726890371127E+02    0.387242820584699672E+02    0.261279950135164718E+02    0.147106971219446137E+01   -0.871461247226725577E+00   -0.153298297822447371E+01   -0.194155567647212113E+01
    0.232917049736409266E-03    0.113313281800546861E+03    0.622615596723602991E+02    0.381083040489710640E+02    0.224562189984937568E+02    0.826891663098682117E+00   -0.759050812942296593E+00   -0.163937502588702610E+01   -0.223704985491508168E+01
    0.234709519994688251E-03    0.113290136732611614E+03    0.507553592231527091E+02    0.319837905063333245E+02    0.539067918205951244E+02    0.123139063555204031E+01   -0.722606231238620778E+00   -0.180307156982220373E+01   -0.223804114879200933E+01
    0.234124873185521850E-03    0.113287312323252792E+03    0.776238679541811933E+02    0.269567162812666936E+02    0.440402357230361190E+02    0.150177485354551554E+01   -0.820284331095765040E+00   -0.171183602524779177E+01   -0.190042089033297379E+01
    0.233415783183294395E-03    0.113285566380556389E+03    0.876533439274925286E+02    0.286216059236931670E+02    0.922308457258124292E+01    0.138470745893644054E+01   -0.854207161267458659E+00   -0.151368897734961072E+01   -0.183353889373232426E+01
    0.240737610942644357E-03    0.113215981383285012E+03    0.617290939705933539E+02    0.263144836288801862E+02    0.539795708070945324E+02    0.108756738918831375E+01   -0.899963132526513609E+00   -0.172632521875789036E+01   -0.198505266895984334E+01
    0.241575690838772693E-03    0.113201218374256825E+03    0.746764867053527013E+02    0.208731789206413474E+02    0.395312921533456461E+02    0.103535213304481077E+01   -0.777527228877505916E+00   -0.128039145733873205E+01   -0.205553107893310250E+01
    0.246063404427988744E-03    0.113156593072875438E+03    0.858519973867747410E+02    0.344390539773868340E+02    0.578063386385054745E+01    0.121154623804152450E+01   -0.728093404346292328E+00   -0.183283325336059577E+01   -0.185114672841263683E+01
    0.245785797415263370E-03    0.113151038232671695E+03    0.944667849854679247E+02    0.344974062791623624E+02    0.313519791179189085E+02    0.122810372188487826E+01   -0.592259186502566148E+00   -0.146130594351735588E+01   -0.180995870036337858E+01
    0.246336543430295712E-03    0.113138749234051375E+03    0.723596935094956564E+02    0.174964804543123620E+02    0.536471136104550368E+02    0.111335874168575688E+01   -0.757272862440517169E+00   -0.144033446372668861E+01   -0.196420915553312669E+01
    0.250540366695421691E-03    0.113097093957404780E+03    0.602719443165880122E+02    0.380530225566029259E+02    0.384150416473725969E+02    0.779344642898346263E+00   -0.695784906656493618E+00   -0.180501281621569731E+01   -0.217777193143299730E+01
    0.250340148944620572E-03    0.113090880383737186E+03    0.694579785375461540E+02    0.243059446951728972E+02    0.394550223100118345E+02    0.752621375223010203E+00   -0.750497467649479555E+00   -0.135850068545735914E+01   -0.214139446739528250E+01
    0.252535274095453928E-03    0.113065607184782635E+03    0.683445023210701805E+02    0.447261108765844355E+02    0.363543231575094268E+02    0.117325016569268059E+01   -0.711070820887513166E+00   -0.137658342278002133E+01   -0.204618397315311817E+01
    0.255411698301325765E-03    0.113035143068691724E+03    0.723349129840904936E+02    0.243854671087756820E+02    0.534929462962783830E+02    0.108514134230547143E+01   -0.641821831637453988E+00   -0.137839359441995701E+01   -0.202925974881627047E+01
    0.256963189392033170E-03    0.113015218376077399E+03    0.766673312141758174E+02    0.368064825459873148E+02    0.210893609161805919E+02    0.112328744563402516E+01   -0.806374209915398543E+00   -0.129248251448627238E+01   -0.196581353476265019E+01
    0.256643392528070732E-03    0.113009896474263201E+03    0.645334221603044966E+02    0.481077517741561280E+02    0.325670111503003739E+02    0.104197427758120176E+01   -0.763487662505528242E+00   -0.159470999195196472E+01   -0.208339867702738202E+01
    0.256571592022692460E-03    0.113002643587742995E+03    0.601529253417174914E+02    0.308045880830802403E+02    0.347330147940513427E+02    0.136116149428158550E+01   -0.831208824918278744E+00   -0.154000694690598072E+01   -0.220376491418706699E+01
    0.259366725012583033E-03    0.112973160587655045E+03    0.600076697229537288E+02    0.432371219048079567E+02    0.391423345113441243E+02    0.127751527020204825E+01   -0.782678824644691185E+00   -0.142908965467657856E+01   -0.205797338338405833E+01
    0.265332773457240380E-03    0.112919864487298682E+03    0.707855222319341522E+02    0.343941612511221493E+02    0.540635483932443393E+02    0.142734930722612541E+01   -0.758354905840640914E+00   -0.156071764887732489E+01   -0.178182679963315027E+01
    0.266595493804899916E-03    0.112902556551186194E+03    0.608901693926449354E+02    0.252476648022818182E+02    0.510870738161161668E+02    0.145369964615048519E+01   -0.938183886033848280E+00   -0.168064940002582075E+01   -0.204776627219436858E+01
    0.265758332294955982E-03    0.112901034320244037E+03    0.536802593532936214E+02    0.414460526974301260E+02    0.469827081997534250E+02    0.110065704823199950E+01   -0.633124489367826282E+00   -0.187292290270081585E+01   -0.206063636232051905E+01
    0.265727561520932778E-03    0.112893453403241210E+03    0.684196320355844279E+02    0.368148039052601206E+02    0.109823467111654498E+02    0.665290056914612737E+00   -0.821076268498621697E+00   -0.153256015176859051E+01   -0.217596159676533052E+01
    0.264908376170381742E-03    0.112891816029674544E+03    0.536808804192587914E+02    0.180888022728071753E+02    0.755409204209824736E+02    0.111418917348074586E+01   -0.823701428824787474E+00   -0.147752803507088082E+01   -0.204312129903044415E+01
    0.271164942474230123E-03    0.112837317002380232E+03    0.793247041178259451E+02    0.252042701097710840E+02    0.202110709444240335E+02    0.112422940206559252E+01   -0.926514341875555480E+00   -0.164572550212391966E+01   -0.189110554556494481E+01
    0.270499600442032032E-03    0.112834417819122223E+03    0.693152972656149018E+02    0.366603003775598353E+02    0.221579732975640376E+02    0.125920894136680794E+01   -0.930238790562596174E+00   -0.150934235326918831E+01   -0.205933519901665907E+01
    0.271960987692513461E-03    0.112815829304658791E+03    0.746631891950598998E+02    0.369022686814310461E+02    0.274788342543444237E+02    0.124968998457437808E+01   -0.798190103066575674E+00   -0.183582082096775667E+01   -0.193211721475368714E+01
    0.283818793380352489E-03    0.112722662095391087E+03    0.608796785587033398E+02    0.431490606006485109E+02    0.297946875425785969E+02    0.142142688574257647E+01   -0.835912501227122240E+00   -0.148373230488545582E+01   -0.216795318967812589E+01
    0.282991635244758395E-03    0.112720686881940480E+03    0.818195427022556174E+02    0.302343205819032690E+02    0.110909158057262527E+02    0.134089562628232706E+01   -0.701829577069225996E+00   -0.158209277462111397E+01   -0.191476854034066823E+01
    0.283850622880938873E-03    0.112706812813443065E+03    0.758849833314980629E+02    0.452138264812592041E+02    0.335382304437509404E+02    0.127350241815228604E+01   -0.601506077538789485E+00   -0.135749441682495142E+01   -0.189440401864277841E+01
    0.285216064707228428E-03    0.112689402531836748E+03    0.672871543597053119E+02    0.334592872144128535E+02    0.519005319438939026E+02    0.858022967333628261E+00   -0.874925344664656768E+00   -0.147937833125708118E+01   -0.187812990708568628E+01
    0.285723762425223529E-03    0.112678033104625285E+03    0.639629530645974285E+02    0.241061216704638497E+02    0.407133233457192532E+02    0.944477010345484924E+00   -0.785672278000352886E+00   -0.149342242407144132E+01   -0.215231691554376958E+01
    0.285957827733224559E-03    0.112668582872537286E+03    0.844894725145259855E+02    0.290314212940442573E+02    0.333300149450350673E+02    0.103867213768199074E+01   -0.693399150094988315E+00   -0.120108203808866065E+01   -0.191585204117513230E+01
    0.286255154967725355E-03    0.112658691934820880E+03    0.855069359372607920E+02    0.477335357468217083E+02    0.295729913937025941E+02    0.849580538495227966E+00   -0.613875357790783838E+00   -0.144186308763493320E+01   -0.183313219658420246E+01
    0.289916923223575910E-03    0.112625457740881558E+03    0.779604820372948666E+02    0.357585187634045312E+02    0.504380694884765646E+02    0.506035562680151818E+00   -0.721278994092107606E+00   -0.157166011996192800E+01   -0.177460110742600241E+01
    0.292504157427417094E-03    0.112599876301479298E+03    0.665393689672833659E+02    0.281756758743164681E+02    0.386856580834015134E+02    0.828608090399211572E+00   -0.685480220489615322E+00   -0.156849592718045772E+01   -0.211327847150155979E+01
    0.294951550737312961E-03    0.112575399345349140E+03    0.655079733225083061E+02    0.345976198066532064E+02    0.499338499104573330E+02    0.121121087330383648E+01   -0.814606457609422518E+00   -0.166453045951891165E+01   -0.199901210030363363E+01
    0.293995354809457985E-03    0.112574081126983174E+03    0.781458517920589912E+02    0.236763366746764135E+02    0.258036170691987756E+02    0.109302952772711359E+01   -0.891216805918889410E+00   -0.153491599643162058E+01   -0.190614948273994544E+01
    0.304864708662469269E-03    0.112493660361391889E+03    0.635746866038760743E+02    0.358800957964034097E+02    0.345527398675729458E+02    0.396581301447097301E+00   -0.816925700122643095E+00   -0.179020043389997374E+01   -0.200651644520498973E+01
    0.312479624416832314E-03    0.112436505531106064E+03    0.691097632840099436E+02    0.387477777328095954E+02    0.313440385741205318E+02    0.111186665022917830E+01   -0.665661653201414349E+00   -0.172895491352644592E+01   -0.200177114537777312E+01
    0.319344745776220236E-03    0.112385229107469158E+03    0.646780462220824859E+02    0.342714215297048170E+02    0.203480042161409500E+02    0.316145012029391215E+00   -0.718234074157068969E+00   -0.186250319008402521E+01   -0.209276445111621090E+01
    0.318734722471248450E-03    0.112381240729831205E+03    0.800129871133987649E+02    0.338822694877852939E+02    0.122627564200037664E+02    0.127741732415905940E+01   -0.904120876672015905E+00   -0.167562816983905716E+01   -0.187641916421209043E+01
    0.321790166317224879E-03    0.112354347210028209E+03    0.906516048526869014E+02    0.282891097879603066E+02    0.299262891693987001E+02    0.106320619795211169E+01   -0.722673443955775152E+00   -0.141016312858639181E+01   -0.180509228595234017E+01
    0.328432829206325432E-03    0.112305669382046375E+03    0.886314166233418916E+02    0.326928732070690202E+02    0.117846567029705113E+00    0.133361937683053977E+01   -0.823314855975445070E+00   -0.150689694079053571E+01   -0.185543409482681154E+01
    0.335869393837324765E-03    0.112253076810317509E+03    0.695649032965129948E+02    0.485848432283774301E+02    0.382596980697740108E+02    0.103438439028913076E+01   -0.719097553540503309E+00   -0.157450273113648320E+01   -0.183363316019338685E+01
    0.336076859356269832E-03    0.112244029297698262E+03    0.731029315854639066E+02    0.409337158193022645E+02    0.210445681487878105E+02    0.612429820263279301E+00   -0.743631702684260931E+00   -0.179839485377452801E+01   -0.197537752423585600E+01
    0.337004632116828242E-03    0.112230703210651853E+03    0.521455573668013983E+02    0.475618871122366969E+02    0.402417899595943993E+02    0.109673132845197041E+01   -0.734766486603481761E+00   -0.190498994921619946E+01   -0.210271211390209478E+01
    0.338301202119187271E-03    0.112215210803091068E+03    0.808762986033023452E+02    0.371113399851856300E+02    0.808840299985210187E+01    0.731373749015840957E+00   -0.898449115136392695E+00   -0.160668436170880713E+01   -0.192028275726099529E+01
    0.349792200502099272E-03    0.112140593030845153E+03    0.942081848033167688E+02    0.317509238190908327E+02    0.352539418714933106E+02    0.119461770985555416E+01   -0.720532677336098271E+00   -0.150644407708549255E+01   -0.177491298188048829E+01
    0.360627047170600462E-03    0.112071770433523625E+03    0.938390891070906150E+02    0.401405041577849744E+02    0.115439504429369522E+01    0.479228159964702860E+00   -0.626109272188890342E+00   -0.166614779192634876E+01   -0.183977643580140482E+01
    0.360790081799632165E-03    0.112063053964791749E+03    0.500654097696880953E+02    0.462845163692462478E+02    0.429235509944243958E+02    0.136512899231151907E+01   -0.850139535276319025E+00   -0.177328214322535982E+01   -0.211137181861682510E+01
    0.370071266377116682E-03    0.112004442863633159E+03    0.863236964942667839E+02    0.242996934018156594E+02    0.446100293071172231E+02    0.680193939667199099E+00   -0.716143200866553364E+00   -0.146768815707556710E+01   -0.187259522066665007E+01
    0.371730442409489651E-03    0.111987683612610383E+03    0.672503161359424553E+02    0.326497771737452354E+02    0.226966931906428009E+02    0.104775552553264184E+01   -0.869308636720105055E+00   -0.148839120481848886E+01   -0.208669921331455965E+01
    0.373175160818357008E-03    0.111972113242544395E+03    0.882692390735823551E+02    0.338966794648633680E+02    0.358035492101220898E+01    0.726777058029408174E+00   -0.841961139514057155E+00   -0.155227853455504627E+01   -0.184007135470166405E+01
    0.372199687536008085E-03    0.111969535552070909E+03    0.701379344960488424E+02    0.291439946083057606E+02    0.462659147522983627E+01    0.156230533967807639E+01   -0.669093576145314950E+00   -0.192238965393381811E+01   -0.203337317131246342E+01
    0.371009814348307915E-03    0.111968127029422106E+03    0.552197909617781590E+02    0.460799737634856257E+02    0.384532186354534957E+02    0.108267526486575139E+01   -0.783063328090554789E+00   -0.159551371832352751E+01   -0.216871516241382434E+01
    0.369972132851437033E-03    0.111965916189107062E+03    0.826336848742099477E+02    0.464846374850338222E+02    0.138706936073845188E+02    0.115752467852647856E+01   -0.670897964727030782E+00   -0.156320077866721574E+01   -0.195409930341407434E+01
    0.374828762691349431E-03    0.111932020483757626E+03    0.906810239477692619E+02    0.291450523287971919E+02    0.154187971809776219E+02    0.654302900128933218E+00   -0.638699902046160117E+00   -0.146047916899457175E+01   -0.188497961482060639E+01
    0.375692607386452989E-03    0.111919604010514391E+03    0.633543102566638936E+02    0.332216699276297476E+02    0.464611543000639458E+02    0.592084540657261016E+00   -0.697138030794028030E+00   -0.146504159096324260E+01   -0.215131643098519953E+01
    0.376714045387075444E-03    0.111906361262792075E+03    0.566523381196407101E+02    0.325668578247370561E+02    0.591578829843449014E+02    0.754065952670816664E+00   -0.855579095455333949E+00   -0.157502868581269317E+01   -0.193045642871935486E+01
    0.384918882107008575E-03    0.111855456328950567E+03    0.865789763959601686E+02    0.271911413708791088E+02    0.358441931132460780E+02    0.144360971012888428E+01   -0.733140383129789353E+00   -0.153712729615650456E+01   -0.191189264983573448E+01
    0.383444480981720798E-03    0.111855319379377676E+03    0.635936604085673451E+02    0.422126186465404061E+02    0.170344328336491486E+02    0.120113501899195740E+01   -0.809777654385800849E+00   -0.171823014571744781E+01   -0.216815966619852496E+01
    0.386872714684804086E-03    0.111829705088862838E+03    0.735685665295833644E+02    0.309851433989818545E+02    0.886690081570529642E+01    0.143177573277530068E+01   -0.720252798553890461E+00   -0.161782609963595525E+01   -0.203702311135445946E+01
    0.386530811325600508E-03    0.111823660894126391E+03    0.782766403748126010E+02    0.367326008302160787E+02    0.280406374741767870E+02    0.111594887468533766E+01   -0.715661461546774902E+00   -0.152093006092096328E+01   -0.203499464514466233E+01
    0.385873566214164378E-03    0.111819252027193073E+03    0.733133607371030820E+02    0.347612329240188416E+02    0.148695241025479135E+02    0.631974564021928642E+00   -0.760733679796386397E+00   -0.173610480753881591E+01   -0.195243833691422375E+01
    0.385497137868783066E-03    0.111813391524453380E+03    0.601588402921013454E+02    0.499822707471842946E+02    0.383383739235949150E+02    0.749844969178852350E+00   -0.588022923177938139E+00   -0.177233855024224973E+01   -0.201434234308621640E+01
    0.386703372080356936E-03    0.111799330724033325E+03    0.745573060955416338E+02    0.360296476136260111E+02    0.122753734958921452E+02    0.115261928807076952E+01   -0.727272230070716619E+00   -0.142986495013590598E+01   -0.213429541877295881E+01
    0.389335940698133198E-03    0.111777948918082700E+03    0.656160873659091664E+02    0.427913521011863125E+02    0.158121933318174790E+02    0.135375231572232124E+01   -0.744417416088821060E+00   -0.174287165853779880E+01   -0.215616166380693919E+01
    0.388896226286380975E-03    0.111772396486361544E+03    0.848321738038223145E+02    0.338775990587915885E+02    0.165866055517941078E+02    0.115961690256909764E+00   -0.770802529461508845E+00   -0.179517967904254805E+01   -0.187534840625111232E+01
    0.388711024491024469E-03    0.111765536661628801E+03    0.710489726114170281E+02    0.380801351609985161E+02    0.420985531948730269E+02    0.901643736553205066E+00   -0.714530003878908859E+00   -0.162450362936525217E+01   -0.188188408142252972E+01
    0.387824130783511834E-03    0.111762292630098628E+03    0.582527622895595343E+02    0.454477861603552640E+02    0.313823079442685930E+02    0.289005155652083123E+00   -0.800039056123738490E+00   -0.175858389380498115E+01   -0.216650794801844793E+01
    0.387306879581179831E-03    0.111757149362897678E+03    0.857847331442540622E+02    0.256425165400478328E+02    0.283877187737629981E+02    0.125349110740600311E+01   -0.667693372275325103E+00   -0.153777851735221516E+01   -0.193817994529631155E+01
    0.390918412692278544E-03    0.111730773811433096E+03    0.597832162188208116E+02    0.287334998641024271E+02    0.458718164123405643E+02    0.137399136648971520E+01   -0.924386836664999878E+00   -0.163885550879718500E+01   -0.212199770902379070E+01
    0.392482951057208397E-03    0.111714972862510962E+03    0.848181184931659828E+02    0.415075786103305404E+02    0.293210698055532077E+02    0.474892276830247317E+00   -0.601163677279379138E+00   -0.139820771118603826E+01   -0.185160851172894692E+01
    0.391353023530264805E-03    0.111712926509236809E+03    0.851729379036059413E+02    0.332542649388466245E+02    0.288616060592821739E+02    0.132187733609623481E+01   -0.764948140809294408E+00   -0.143339141528647818E+01   -0.182307769510604234E+01
    0.390722487762834006E-03    0.111708338945422355E+03    0.753552108547218893E+02    0.206563553786683585E+02    0.482488259069681007E+02    0.110891347568395249E+01   -0.683869566457813383E+00   -0.141992031019557308E+01   -0.197838947688643207E+01
    0.394589672931154253E-03    0.111680828716943836E+03    0.762057059292629617E+02    0.320754942391642146E+02    0.325749571383157175E+02    0.503645461294689123E+00   -0.817537560524925766E+00   -0.123472547218307449E+01   -0.196785449313651073E+01
    0.404122164903043075E-03    0.111625274620225511E+03    0.843969773002779959E+02    0.348966847177659929E+02    0.322671761005054591E+02    0.270235853359491129E+00   -0.692972261903857634E+00   -0.151520583398281294E+01   -0.182591891744649870E+01
    0.404874253963053224E-03    0.111613743491766158E+03    0.811414187883644189E+02    0.389431831998245102E+02    0.318832258899156926E+02    0.146701791301571371E+01   -0.684066347285597676E+00   -0.170189007216977362E+01   -0.184710945567376172E+01
    0.403428412649033650E-03    0.111613085949510435E+03    0.778724232286449904E+02    0.365387700478751327E+02    0.471109774428563171E+02    0.856315629673982115E+00   -0.596534644898057298E+00   -0.154533290782148214E+01   -0.180960014450996054E+01
    0.403357539475516147E-03    0.111605624834774488E+03    0.824526730577032794E+02    0.356413814980494124E+02    0.794108802201596919E+01    0.122596320390819002E+01   -0.741585046639706036E+00   -0.137315485761004608E+01   -0.195323890996135208E+01
    0.404909468521286555E-03    0.111590132046267996E+03    0.770409482807357762E+02    0.353870561516148427E+02    0.466917436121347933E+02    0.131259613186589585E+01   -0.632901534796900034E+00   -0.127448369634832703E+01   -0.184410458189837612E+01
    0.410298286007606562E-03    0.111555877717421652E+03    0.844727944784910818E+02    0.363631521552647712E+02    0.296178565009972701E+02    0.120305150856598697E+01   -0.578907021781910336E+00   -0.144639349813294116E+01   -0.193355967058307909E+01
    0.415667108281439523E-03    0.111522064622601960E+03    0.788116929978570369E+02    0.279834135374656228E+02    0.791475232014591690E+01    0.119456947889247367E+01   -0.690095373107781906E+00   -0.161077160822876220E+01   -0.198911375342795504E+01
    0.414259463379479365E-03    0.111521036560164802E+03    0.675408021154549516E+02    0.311071385557050881E+02    0.369499434100757256E+02    0.511839614590997360E+00   -0.751256373699427549E+00   -0.157918670429108632E+01   -0.214578344722309966E+01
    0.413205035643472696E-03    0.111518321213253444E+03    0.685413443819961685E+02    0.475078835663589061E+02    0.418784402466234695E+02    0.138227255742341071E+01   -0.719389703960623850E+00   -0.157283942167006252E+01   -0.189504591282163526E+01
    0.415737993126594479E-03    0.111498286086227736E+03    0.863493970549531440E+02    0.303926454951565006E+02    0.153555986838517846E+02    0.735736043088651814E+00   -0.860939943773223026E+00   -0.143709618025854780E+01   -0.185752280952103899E+01
    0.417685060109489214E-03    0.111481128653818274E+03    0.889566809000405243E+02    0.408575034485501050E+02    0.130341653856031296E+02    0.150584407760386063E+01   -0.609904320987816551E+00   -0.137623169144501922E+01   -0.192757440494574217E+01
    0.418594175026951914E-03    0.111468967772381106E+03    0.667984733093510386E+02    0.348897404993435600E+02    0.312479301943010839E+02    0.129606690150989268E+01   -0.794790865370340160E+00   -0.177633776336820381E+01   -0.197845373273802605E+01
    0.419243769691194214E-03    0.111458053981500214E+03    0.707377194351105487E+02    0.336778512438167539E+02    0.485769821635829757E+02    0.980208731346666196E+00   -0.690519171538939824E+00   -0.125522881484267756E+01   -0.191243924271113341E+01
    0.422044195643670806E-03    0.111436926486343737E+03    0.788003512670416768E+02    0.412387403200849860E+02    0.304770768044399851E+02    0.153293539913486287E+01   -0.678816614903392956E+00   -0.179021588886133642E+01   -0.189237359814201200E+01
    0.420748415975246576E-03    0.111435263924877034E+03    0.742306117542657233E+02    0.290812749346049522E+02    0.564176017598204851E+02    0.104205553100350801E+01   -0.742563691386539659E+00   -0.142888650569265918E+01   -0.185699856748046344E+01
    0.423241597957717665E-03    0.111415635222346239E+03    0.806363632485908965E+02    0.365887319680416141E+02    0.106748547463842662E+02    0.618074459789063169E+00   -0.821018874352828831E+00   -0.176434767305134810E+01   -0.193631104153276312E+01
    0.428016277827086887E-03    0.111385386607145506E+03    0.702385892791563720E+02    0.450195656423860981E+02    0.140501523899453158E+02    0.960367743457220646E+00   -0.726897878222135141E+00   -0.147677296184743301E+01   -0.212575588246071989E+01
    0.426729834143103046E-03    0.111383594349354610E+03    0.801587183500178497E+02    0.498022846319451347E+02    0.237452128470523576E+02    0.966477872442723096E+00   -0.688869180555448768E+00   -0.152875951381617003E+01   -0.192160610893707728E+01
    0.432295707995861015E-03    0.111349864334826862E+03    0.740622300171524302E+02    0.260717708725306494E+02    0.127751800403381122E+02    0.153117681553659035E+01   -0.721560384061447069E+00   -0.179148610268809572E+01   -0.195927528901917714E+01
    0.432161803511030523E-03    0.111342671434907231E+03    0.840628996083900404E+02    0.224224925020192671E+02    0.101498896760981943E+02    0.118693408806442724E+01   -0.788552576912461944E+00   -0.170457930990386108E+01   -0.189144194656861697E+01
    0.432435565231965402E-03    0.111333592395174520E+03    0.630116024107181829E+02    0.419117013542784633E+02    0.310351989687605361E+02    0.132057151768273817E+01   -0.813437663005851963E+00   -0.160298072396956015E+01   -0.206798013622783783E+01
    0.432195569751846578E-03    0.111326890174351718E+03    0.777772475529177996E+02    0.207124347672516578E+02    0.566972256043316349E+02    0.416181643050903272E+00   -0.675185140681675344E+00   -0.140228094304420070E+01   -0.189010158870093115E+01
    0.444684673286687728E-03    0.111262103198204670E+03    0.727501435435619044E+02    0.399607036433300919E+02    0.521276582269342370E+02    0.667657524940767355E+00   -0.590993162666991312E+00   -0.138849319138993099E+01   -0.181575353123175676E+01
    0.453257345217401419E-03    0.111216101451139096E+03    0.807041741508171100E+02    0.287028737640233018E+02    0.241734714245207911E+02    0.116779347413545431E+01   -0.780291958435036959E+00   -0.170813705135139737E+01   -0.194642463426107826E+01
    0.451721158932252430E-03    0.111215078892573459E+03    0.709897040189308370E+02    0.443357055346719022E+02    0.421335588462907111E+02    0.137560830369608089E+01   -0.600555268178341262E+00   -0.133388582196169603E+01   -0.191668257860101621E+01
    0.452251568525655675E-03    0.111204919376394031E+03    0.837945941144844966E+02    0.294358792281629285E+02    0.275482824493677398E+02    0.110393854161272631E+01   -0.838585100465947919E+00   -0.133757625031237315E+01   -0.186687699618952463E+01
    0.450628889182010854E-03    0.111204295784191899E+03    0.593925800076059573E+02    0.448863734870670044E+02    0.431502060016538067E+02    0.124565370734033909E+01   -0.767500506121581605E+00   -0.154477343806187095E+01   -0.199557430600814745E+01
    0.454341544028550974E-03    0.111180073131818844E+03    0.584088639730659054E+02    0.468163935097285702E+02    0.384532558015690213E+02    0.127765643003573648E+01   -0.820545496527756768E+00   -0.157314883236088443E+01   -0.206824540781661259E+01
    0.454549831438968077E-03    0.111171343966000762E+03    0.783105420493270117E+02    0.376301056741829854E+02    0.427308783800129746E+02    0.681249748066944272E+00   -0.736346357463988577E+00   -0.126056035101626573E+01   -0.184861229368846680E+01
    0.453246901303179473E-03    0.111169272535486812E+03    0.737205147060225272E+02    0.351508793002628224E+02    0.457995191895651175E+02    0.797654894819256555E+00   -0.744199151988745866E+00   -0.158558154803982831E+01   -0.182475628814530455E+01
    0.454209009904211851E-03    0.111157219128795248E+03    0.904513826806612116E+02    0.343795756822572969E+02    0.251565000347558154E+02    0.140398997462522712E+01   -0.664080554552713087E+00   -0.138819884141324579E+01   -0.182614346626084334E+01
    0.454226499084619997E-03    0.111149329620883336E+03    0.511963108726714680E+02    0.422788462861847734E+02    0.558422367172197340E+02    0.552877761813526103E+00   -0.568056973562763190E+00   -0.183490198113122682E+01   -0.203097516920198995E+01
    0.455496599327530696E-03    0.111135932559733462E+03    0.718701221706509443E+02    0.479927547522371896E+02    0.421417266435494184E+02    0.103622746229810159E+01   -0.619730647125106504E+00   -0.169626524907577614E+01   -0.181956956720939678E+01
    0.455112591332504585E-03    0.111129806877840423E+03    0.820362403434575498E+02    0.453481888399633348E+02    0.256646245190080577E+02    0.828360458161987112E+00   -0.787033567589692229E+00   -0.144665069559750781E+01   -0.185504600040699064E+01
    0.458388528437643798E-03    0.111107649781747014E+03    0.793007838012303523E+02    0.485821090021926665E+02    0.185438920185670000E+02    0.142026046200496903E+01   -0.706808586805768080E+00   -0.136043305479947585E+01   -0.195404518115743531E+01
    0.457340768402152544E-03    0.111104414007625877E+03    0.638224091320793718E+02    0.261138894338094190E+02    0.637575925606739773E+02    0.544570413033376832E+00   -0.736734035802015796E+00   -0.137595472908022609E+01   -0.199344992569752999E+01
    0.460521282109207716E-03    0.111082740921778537E+03    0.620166378828632361E+02    0.259148827210163333E+02    0.460614011643226249E+02    0.634475144115897560E+00   -0.709508284100032638E+00   -0.172519061558992748E+01   -0.215540253215933486E+01
    0.460773508305945716E-03    0.111073833327328160E+03    0.875737004089432389E+02    0.448981832273660189E+02    0.294028793776565571E+02    0.104761339217539939E+01   -0.650655860700195765E+00   -0.150078047421487359E+01   -0.184815199304451339E+01
    0.461690949206249740E-03    0.111062042609217684E+03    0.627612723832856076E+02    0.435880422210237128E+02    0.257852616801902847E+02    0.142835318400221722E+01   -0.789482891026031863E+00   -0.169903293550731194E+01   -0.212141961045202354E+01
    0.463603963023746833E-03    0.111045960241879669E+03    0.645901264558210926E+02    0.226943976820051923E+02    0.516343728368393471E+02    0.774827118871987741E+00   -0.880673289675811155E+00   -0.147745520394085461E+01   -0.207702019710498753E+01
    0.462219673285255118E-03    0.111044128538721679E+03    0.745556425331401584E+02    0.384463604002555854E+02    0.308566273744644199E+02    0.542474720046871139E+00   -0.820372626635023972E+00   -0.136813793610418433E+01   -0.200633016237096040E+01
    0.467508876429324728E-03    0.111013559890349086E+03    0.648817389455789879E+02    0.347486930949923618E+02    0.396513843409846771E+02    0.413804907867323823E+00   -0.627134759268424435E+00   -0.182986590844868791E+01   -0.208881992257810101E+01
    0.470203226906646884E-03    0.110994254063633491E+03    0.826214156854374693E+02    0.449005031356235094E+02    0.351418888619914043E+02    0.440062277705961569E+00   -0.665879888092833605E+00   -0.137007304991089263E+01   -0.180745606786963098E+01
    0.474328261677224095E-03    0.110968972327100715E+03    0.758709082220619564E+02    0.302384133273054196E+02    0.335032164337574514E+02    0.120821691664276676E+01   -0.730424164245258245E+00   -0.135200159185297375E+01   -0.206842557872239130E+01
    0.475172083851223108E-03    0.110957605021038262E+03    0.718080445311296387E+02    0.525484821031446785E+02    0.305727642713809793E+02    0.162540949911083782E+00   -0.690856635502307137E+00   -0.153765256114550564E+01   -0.191602604266240562E+01
    0.476525813214842304E-03    0.110944102773143271E+03    0.678626199104652414E+02    0.272566794757568260E+02    0.203888293402414433E+02    0.148424987217161197E+01   -0.782749623014264984E+00   -0.177256007115368486E+01   -0.205586294644440848E+01
    0.475999058902488634E-03    0.110938502307207571E+03    0.619822076575516547E+02    0.231140602267723025E+02    0.524110561036600373E+02    0.703706680387377492E+00   -0.785441842579633676E+00   -0.167055857918562523E+01   -0.207459956552664071E+01
    0.480328638125388169E-03    0.110912580496698183E+03    0.849918797699496764E+02    0.357580017997116144E+02    0.113195961760260371E+02    0.611076920373159749E+00   -0.678174253126757165E+00   -0.131459148799847103E+01   -0.197658007099398803E+01
    0.485218667960182922E-03    0.110884509759268383E+03    0.851830014022739590E+02    0.221563685411749063E+02    0.305555039378099629E+02    0.152101197510620012E+01   -0.701538960165879688E+00   -0.142031541408340800E+01   -0.193203978881636362E+01
    0.485310104516844317E-03    0.110876320406733853E+03    0.734163256297653675E+02    0.224797386923246378E+02    0.383713593877828032E+02    0.112076563761055814E+01   -0.799974135019775545E+00   -0.173707317539225436E+01   -0.196474995315636547E+01
    0.486962936773694495E-03    0.110861708031477320E+03    0.874304794512556782E+02    0.351827344519318643E+02    0.410315183484665695E+02    0.105949940785183649E+01   -0.621799465484420999E+00   -0.139810059779662854E+01   -0.182689092859483870E+01
    0.486353264718766950E-03    0.110856401077501204E+03    0.745796927976578985E+02    0.385560514392968798E+02    0.129627948400397006E+02    0.147403139825543472E+01   -0.693014480716948711E+00   -0.143943564893196219E+01   -0.211195969163366559E+01
    0.485759291278609084E-03    0.110851032629932860E+03    0.843879335841373859E+02    0.263963300773797442E+02    0.932279547856413693E+01    0.141917894523253141E+01   -0.802480191291575107E+00   -0.136631571381267447E+01   -0.196093537428093523E+01
    0.486063671130120565E-03    0.110841967309724907E+03    0.547913498433151034E+02    0.325972152079101249E+02    0.637294079107565778E+02    0.133556753419527241E+01   -0.713704266004472343E+00   -0.140412136076380789E+01   -0.203452419129031536E+01
    0.484819992643635252E-03    0.110839278715762845E+03    0.766011531410909896E+02    0.296008612527479329E+02    0.156145355421261876E+02    0.700215682319908272E+00   -0.888587081289540448E+00   -0.143479234723200832E+01   -0.198381145598004793E+01
    0.488525036755309695E-03    0.110816240116508610E+03    0.811051712337381474E+02    0.263636373057816797E+02    0.283144472233452902E+02    0.138209833431163953E+01   -0.759244464610443037E+00   -0.126615655181503661E+01   -0.196387342827472633E+01
    0.487879129307320909E-03    0.110811073682818659E+03    0.683397343138294957E+02    0.398423903551245360E+02    0.165095401299153401E+02    0.150995838380406666E+01   -0.731842941343424425E+00   -0.175513230143063459E+01   -0.212538456485034732E+01
    0.490887172318771954E-03    0.110790967941921380E+03    0.802686108275876933E+02    0.387775879696618091E+02    0.217256005019356948E+02    0.287646297402719742E+00   -0.716463481744392228E+00   -0.131318119416784640E+01   -0.192794890156082444E+01
    0.491433626323807484E-03    0.110780930286708752E+03    0.647069193897543471E+02    0.413116400400868997E+02    0.250412042016180152E+02    0.857458524932805499E+00   -0.873779357171690974E+00   -0.157830086671233927E+01   -0.211090557032070336E+01
    0.495008662338815102E-03    0.110758621037295342E+03    0.722651402052058245E+02    0.283593860345472493E+02    0.378779241869193655E+02    0.474050975532144980E+00   -0.796429994741997271E+00   -0.141126884033428457E+01   -0.195588016148076904E+01
    0.498669090626609928E-03    0.110736073600001760E+03    0.706937450278885962E+02    0.386641012503733208E+02    0.149726799623371782E+02    0.915502557509561554E+00   -0.861584184700410871E+00   -0.164544969945036268E+01   -0.201978468590753657E+01
    0.501957415268191069E-03    0.110715115989574457E+03    0.732348702272987993E+02    0.417110095802596703E+02    0.321253930299150454E+02    0.129893437995011696E+01   -0.707203590529415838E+00   -0.157248452429922647E+01   -0.192314677246455434E+01
    0.511615068265454690E-03    0.110669189016500781E+03    0.564699292843703091E+02    0.261596133820267411E+02    0.646585524634649431E+02    0.101123623275197771E+01   -0.806465675256945680E+00   -0.139579820567722734E+01   -0.204380625572813113E+01
    0.510602768887201820E-03    0.110665337706268275E+03    0.742429068693186309E+02    0.370022976075491954E+02    0.108408022645645179E+02    0.141862108884148896E+01   -0.668008254657532996E+00   -0.166053840001253361E+01   -0.208614481865304224E+01
    0.509873048282873890E-03    0.110660385521883498E+03    0.675539973420724209E+02    0.447402975045201856E+02    0.482559585059822638E+02    0.540146272565627084E+00   -0.609397580876170908E+00   -0.146238424038190362E+01   -0.185238193495954517E+01
    0.508319010136875520E-03    0.110658678115082253E+03    0.686663856323351069E+02    0.181122367105452540E+02    0.612285735592989937E+02    0.644176251678760248E+00   -0.808593072670395374E+00   -0.147037443911412380E+01   -0.196772980016949850E+01
    0.509134263652536714E-03    0.110647660539385384E+03    0.570288883289655217E+02    0.353903690900142465E+02    0.477566383072661154E+02    0.696218976360354014E+00   -0.774248151260078510E+00   -0.158533216817379596E+01   -0.208917027402514988E+01
    0.514996307104843387E-03    0.110616952101539653E+03    0.660735859070353087E+02    0.266154199155263882E+02    0.465007327977947824E+02    0.132864587840715975E+01   -0.880662994113587061E+00   -0.147309779108516103E+01   -0.198443574263822198E+01
    0.516001351659555623E-03    0.110605240291528474E+03    0.778594115256309749E+02    0.455748207240726373E+02    0.391426547980117405E+02    0.136313499533722204E+01   -0.569142696343932109E+00   -0.165593121006892052E+01   -0.185691634923639137E+01
    0.516587309161291937E-03    0.110595157932922191E+03    0.767850471060187942E+02    0.408515016176891805E+02    0.571192297926776504E+01    0.344505755141165826E+00   -0.749589747615600377E+00   -0.160374136346485630E+01   -0.197982607904384778E+01
    0.538985120108006403E-03    0.110502458133376706E+03    0.505659927356104433E+02    0.272046869767857871E+02    0.649183284820618383E+02    0.329176401521537487E+00   -0.787411750427588153E+00   -0.172451795452263545E+01   -0.208005299963390300E+01
    0.537709239824749399E-03    0.110499385626184079E+03    0.898527998253292708E+02    0.320741048674604485E+02    0.199318896462035973E+02    0.993005439599893625E+00   -0.624016407773517745E+00   -0.167826554290905294E+01   -0.188313768523661751E+01
    0.545907779152808234E-03    0.110461308943817841E+03    0.822535210286867198E+02    0.373433198593041027E+02    0.131849781538401545E+01    0.457155960951495244E+00   -0.723824443624594860E+00   -0.162410611974450481E+01   -0.190218978714813614E+01
    0.545266676929703677E-03    0.110455846580565634E+03    0.706412332940396368E+02    0.241442941523659513E+02    0.598737664280296826E+02    0.110424821144538443E+01   -0.796090824890506310E+00   -0.144019556689432449E+01   -0.189642761985528607E+01
    0.543652861556412413E-03    0.110453962219414421E+03    0.573086167949380254E+02    0.364686198826176309E+02    0.541374445852917958E+02    0.934050539283749370E+00   -0.565448181339867961E+00   -0.180566585093247989E+01   -0.207063239887861883E+01
    0.541788698198089808E-03    0.110453019422069133E+03    0.950261045657195780E+02    0.387737548233646976E+02    0.150398623245809588E+02    0.130566089555763809E+01   -0.760094867154703646E+00   -0.155160400522561970E+01   -0.182292740218417504E+01
    0.544223172154112184E-03    0.110436240250155933E+03    0.679860915117361628E+02    0.373368176239673062E+02    0.351414631849138956E+02    0.115372404861136779E+01   -0.673449941817171105E+00   -0.140458846023658301E+01   -0.211205691533871232E+01
    0.547873301633508905E-03    0.110415058443838973E+03    0.614355295101234660E+02    0.485122721986175520E+02    0.390030538572817491E+02    0.125288688890744693E+01   -0.849819225732137085E+00   -0.168946691621808265E+01   -0.195206238612326421E+01
    0.547251800062662722E-03    0.110409516010104838E+03    0.931595017660072529E+02    0.321481732020104261E+02    0.358606746963326657E+02    0.136201928949767948E+01   -0.673884533525060947E+00   -0.151493441317126387E+01   -0.179485686651669463E+01
    0.545315961197335151E-03    0.110408790817491109E+03    0.978610265571472411E+02    0.336015260877216804E+02    0.227878155334049595E+02    0.525900214900404617E+00   -0.666423866915730523E+00   -0.143495278481817934E+01   -0.182053777911308301E+01
    0.550695624226515230E-03    0.110381344560679324E+03    0.656381596156427776E+02    0.311970505867715389E+02    0.194588581123281195E+02    0.130635102668153569E+01   -0.794808610555638451E+00   -0.175333254720920850E+01   -0.206096310296806218E+01
    0.550747907169937346E-03    0.110373342190052398E+03    0.961013185554992759E+02    0.294885270515298288E+02    0.222848085220249672E+02    0.129008195125347003E+01   -0.697865960777773520E+00   -0.136683643397076104E+01   -0.182658432662770731E+01
    0.557050806771136240E-03    0.110342771159882403E+03    0.737662964981670228E+02    0.272400229471400692E+02    0.432418909564485716E+02    0.319618854922561701E+00   -0.831686348373304352E+00   -0.146165633531842887E+01   -0.200429911633929381E+01
    0.559617272718445800E-03    0.110325765344470597E+03    0.709062953871000445E+02    0.417976266303274642E+02    0.443516453786348066E+02    0.956139106578017040E+00   -0.711329399175331778E+00   -0.170107398296528856E+01   -0.182782318468685290E+01
    0.562077485430611092E-03    0.110309179631832109E+03    0.931659488719730433E+02    0.297241917478028803E+02    0.107941367968318880E+01    0.819920749286630945E+00   -0.622094155577614050E+00   -0.164403922851033224E+01   -0.185566764820012486E+01
    0.570722535991175558E-03    0.110270840231284836E+03    0.509380951761878791E+02    0.248270992125471111E+02    0.652157353009960445E+02    0.571592619132578750E+00   -0.794737735607222051E+00   -0.161813075728043732E+01   -0.214109659922093343E+01
    0.570857373951052767E-03    0.110262555270410815E+03    0.932650053387545057E+02    0.310571750212149738E+02    0.174869809620302803E+02    0.872043583655111587E+00   -0.633721973351953016E+00   -0.162295297505898239E+01   -0.186780291702877665E+01
    0.570759508803827089E-03    0.110255085670551608E+03    0.675062301775939346E+02    0.412355977180696058E+02    0.312351340667621038E+02    0.101842503475704116E+01   -0.835777170100721722E+00   -0.157589479046184722E+01   -0.207506535380375201E+01
    0.574660310782762322E-03    0.110233650856732098E+03    0.865145235896381593E+02    0.456846254056239545E+02    0.197976914691668036E+02    0.563790750331520041E+00   -0.649567663321464428E+00   -0.145485162357122122E+01   -0.191776939503478094E+01
    0.581245396873228490E-03    0.110203050486450564E+03    0.655567005253394228E+02    0.325900264103857538E+02    0.531669187342863907E+02    0.344945309425901014E+00   -0.840758265494570667E+00   -0.144511113965135074E+01   -0.193939358474178958E+01
    0.584234003858094390E-03    0.110184980873253934E+03    0.793544753208013987E+02    0.227420288476349022E+02    0.109889857867090299E+02    0.844462516646981132E+00   -0.854692081363211509E+00   -0.166216280254297910E+01   -0.191799156860479902E+01
    0.585896572847606077E-03    0.110171485007170190E+03    0.497040772552112742E+02    0.385002826374594775E+02    0.588648574186895672E+02    0.723324495630689346E+00   -0.623422550736461467E+00   -0.175664252872905902E+01   -0.203033294870115011E+01
    0.583875204825163858E-03    0.110170584522224630E+03    0.574072984524662715E+02    0.291137536009757127E+02    0.498678240700363986E+02    0.145699066532698573E+01   -0.869735307053832063E+00   -0.156248034611850595E+01   -0.210284046998394203E+01
    0.587340816092223311E-03    0.110150936045531296E+03    0.606348103193838881E+02    0.260132977418947640E+02    0.662149457887709900E+02    0.123000145400541405E+01   -0.709643272521923496E+00   -0.138733229658068624E+01   -0.192706340409722765E+01
    0.585341590315388008E-03    0.110149942877697583E+03    0.780517207840750018E+02    0.350857597314699632E+02    0.121043603938868944E+02    0.839630540045630869E+00   -0.684358946188786899E+00   -0.171485518097336631E+01   -0.194110619454994549E+01
    0.586069627716395507E-03    0.110139644359180636E+03    0.742390039100419301E+02    0.346343774808805449E+02    0.102910557762437271E+02    0.796414947219299285E+00   -0.791953815861518251E+00   -0.166339251046696535E+01   -0.196452142782398309E+01
    0.587138909150659448E-03    0.110128186192799134E+03    0.808380210810777982E+02    0.272200812881883927E+02    0.368580024744464936E+02    0.523202579674713952E+00   -0.742438634739202019E+00   -0.174111527657038789E+01   -0.188462081189877684E+01
    0.590916778334267946E-03    0.110107546176496271E+03    0.859100873233154232E+02    0.381964520163568508E+02    0.213296139731084544E+02    0.113362487641794241E+01   -0.670080026590718081E+00   -0.150270850000746670E+01   -0.196808443506406938E+01
    0.589625841198549816E-03    0.110104107724934380E+03    0.787631553487871514E+02    0.365640131980121623E+02    0.386067610424904331E+02    0.924888786657711681E+00   -0.650343559602839072E+00   -0.127514909233061013E+01   -0.187981367093314344E+01
    0.587949878345223205E-03    0.110101988154763404E+03    0.784879355389050772E+02    0.349154703945442719E+02    0.275571312652238305E+02    0.928894728807008407E+00   -0.643154840347906154E+00   -0.135851087562854000E+01   -0.203391329407438937E+01
    0.609895203699914305E-03    0.110020884771084695E+03    0.801454941689969615E+02    0.380617198550515923E+02    0.241519675069392505E+02    0.116180211645526676E+01   -0.629709756554688749E+00   -0.156624480469063321E+01   -0.197024764764144522E+01
    0.612641958264614501E-03    0.110004085193155277E+03    0.914413880511971655E+02    0.320962975566586479E+02    0.220819833199824060E+02    0.114766953073069078E+01   -0.759973070217721647E+00   -0.131898923560618342E+01   -0.185030339463974092E+01
    0.612182929936904894E-03    0.109997771775525720E+03    0.522084824492223945E+02    0.298454923124543683E+02    0.526433166312036676E+02    0.636607868450276282E+00   -0.848659802779348604E+00   -0.175362304576571559E+01   -0.216849522379326576E+01
    0.616428286115607797E-03    0.109976137578247787E+03    0.824178419906920396E+02    0.285616701897754623E+02    0.230673876182691941E+02    0.393954789418435869E+00   -0.827509201701766228E+00   -0.147720611496411269E+01   -0.196921912882537020E+01
    0.621032958052273785E-03    0.109953440755329041E+03    0.725850692421510786E+02    0.250161551638353998E+02    0.555272929839911953E+02    0.560350128351222332E+00   -0.677859916220016734E+00   -0.149085334807347092E+01   -0.196724692887610142E+01
    0.622118007373433091E-03    0.109942136967056328E+03    0.826218029549687003E+02    0.253069977733448539E+02    0.109218007112549831E+02    0.119652951136146579E+01   -0.809086876740968464E+00   -0.147391713297846461E+01   -0.192340756258234147E+01
    0.620471786653596907E-03    0.109939623791711568E+03    0.668382605454809919E+02    0.419444144004571484E+02    0.300779937510146240E+02    0.927884909163394056E+00   -0.853386707257655086E+00   -0.151730532339928903E+01   -0.207149526854496324E+01
    0.623489679596945525E-03    0.109922107136250190E+03    0.740398410574451731E+02    0.263396392284718530E+02    0.205469945737123645E+02    0.149124606523666037E+01   -0.878822235631582682E+00   -0.158638501601156645E+01   -0.200041006181503889E+01
    0.623918616772373407E-03    0.109912919185426034E+03    0.804353378126203751E+02    0.290621139163464974E+02    0.521056050190614073E+02    0.960978385176011751E+00   -0.683708322572492921E+00   -0.139691538798101500E+01   -0.183797085172442176E+01
    0.623613205450499245E-03    0.109906085935245670E+03    0.875953250635109981E+02    0.321484982210408816E+02    0.224651948884467707E+02    0.146285207075466817E+01   -0.775990329193184891E+00   -0.146339902591931326E+01   -0.183096290477387047E+01
    0.621554356113227630E-03    0.109904887328113119E+03    0.636458190899382501E+02    0.282124070621216561E+02    0.425062991452122603E+02    0.155415686632946470E+01   -0.730660657410406200E+00   -0.178254621554196091E+01   -0.205668614415009721E+01
    0.622331966980044162E-03    0.109894574242798598E+03    0.799237391131937187E+02    0.300479919364723962E+02    0.366174318980450337E+02    0.525490900863707977E+00   -0.757966642676030089E+00   -0.124088339069118780E+01   -0.195408261274479744E+01
    0.625530816903319847E-03    0.109876507868826138E+03    0.687961348007001448E+02    0.478417954190744865E+02    0.313058371256792149E+02    0.115755632831018040E+01   -0.720301432012462772E+00   -0.141553051997552437E+01   -0.196222487749010166E+01
    0.637658092821294961E-03    0.109830292091419750E+03    0.912344216609760821E+02    0.318007676886469142E+02    0.147029649857877853E+02    0.148026867594256961E+01   -0.809072171310744936E+00   -0.145773653502127276E+01   -0.182500872391150515E+01
    0.636081748167698188E-03    0.109827429881605056E+03    0.873840797947154897E+02    0.400062942931287182E+02    0.194366404311553538E+02    0.120073250442313784E+01   -0.779171977484459877E+00   -0.137058692785552161E+01   -0.187808449173427738E+01
    0.646486887503029337E-03    0.109787165730031944E+03    0.644257006056242858E+02    0.354712558559685931E+02    0.345844399186143932E+02    0.474727518378709690E+00   -0.910654758431397093E+00   -0.159053198822338637E+01   -0.206912055813874129E+01
    0.647036080812552535E-03    0.109777654942932372E+03    0.661691611561387987E+02    0.352252813620597180E+02    0.299987611734803004E+02    0.369829532481551704E+00   -0.750220284306311491E+00   -0.145173612346829528E+01   -0.215426135945188335E+01
    0.645590042494401258E-03    0.109774317175092847E+03    0.791320370153762553E+02    0.326643813674352046E+02    0.220270221210790318E+02    0.143377964880570086E+01   -0.704955800608557226E+00   -0.168128456759392408E+01   -0.200143769419395490E+01
    0.645205575441812297E-03    0.109767696086215153E+03    0.592124123097509738E+02    0.487036373164973995E+02    0.387910406273115598E+02    0.140108817748342873E+01   -0.847406046377694233E+00   -0.176611208429857225E+01   -0.196235248105164217E+01
    0.647711966788925100E-03    0.109752129357797926E+03    0.790017417019791992E+02    0.371190738476745494E+02    0.228691967315882749E+02    0.106232333610281904E+01   -0.802410157764442244E+00   -0.129104188015705112E+01   -0.195201601640171463E+01
    0.649657209033592076E-03    0.109738319355348693E+03    0.868566857916654840E+02    0.410220142961229186E+02    0.860340286899160134E+01    0.606251661596388103E+00   -0.717100097856008700E+00   -0.173135289716185592E+01   -0.187265584142263664E+01
    0.653757049756468946E-03    0.109717924963700682E+03    0.685323786371851327E+02    0.451863178848858453E+02    0.351268295726192719E+02    0.138723493648774454E+01   -0.792882157465084392E+00   -0.139366934906329454E+01   -0.193879219194338281E+01
    0.652038204238791210E-03    0.109715377750138742E+03    0.830453226307619587E+02    0.438972899776362695E+02    0.316037691059640196E+02    0.154910424694078164E+01   -0.651582474662688371E+00   -0.142976546626299572E+01   -0.189292605068448383E+01
    0.651417523972517231E-03    0.109709469972484897E+03    0.867907712886991476E+02    0.392778233395825183E+02    0.151009496894076971E+02    0.115114093408085782E+01   -0.718412400532971285E+00   -0.133943711365493368E+01   -0.194866536520442790E+01
    0.655369050291649039E-03    0.109689562036425656E+03    0.567811399134095041E+02    0.346546572853110106E+02    0.461683939422454657E+02    0.789159040251745103E+00   -0.794998836964940114E+00   -0.152301833335693404E+01   -0.216351409608073286E+01
    0.654977822730063060E-03    0.109682943808205948E+03    0.727127509142434576E+02    0.297203954839789013E+02    0.239584081084991105E+02    0.108156872794407621E+01   -0.804010932959744906E+00   -0.164020812211381450E+01   -0.205496773312404546E+01
    0.653227164014963759E-03    0.109680484168890246E+03    0.676929898978523568E+02    0.449164002370283271E+02    0.361961559772073542E+02    0.626502506153874372E+00   -0.727175889930792740E+00   -0.162771349874748816E+01   -0.193157013551221368E+01
    0.652017450025715330E-03    0.109676378910651991E+03    0.699017165885368428E+02    0.366736933710075590E+02    0.564016336543436978E+02    0.767652803032270681E+00   -0.623187398140321758E+00   -0.148262423600187887E+01   -0.182029247318716481E+01
    0.657798731049272678E-03    0.109650911052134859E+03    0.663856868582653163E+02    0.256847720312092136E+02    0.550791578027300091E+02    0.155143756181268255E+01   -0.881621965643594852E+00   -0.145845711899678920E+01   -0.194934595045013626E+01
    0.668121248839428591E-03    0.109611957226866636E+03    0.802581238954200984E+02    0.268630232211993842E+02    0.180829752876618848E+02    0.686045457878718401E+00   -0.726071603530206833E+00   -0.163702167440132773E+01   -0.192555380475349613E+01
    0.667026853806930464E-03    0.109607423450104676E+03    0.718452473918487016E+02    0.387487094058734272E+02    0.489089585362053825E+02    0.115564604764306744E+01   -0.719046847288203894E+00   -0.167181280211462413E+01   -0.181197906133125297E+01
    0.666545082331572816E-03    0.109601056005997833E+03    0.612907857939335656E+02    0.335951584371128646E+02    0.617490254334286064E+02    0.928505112605325533E+00   -0.720338456322190623E+00   -0.155349970715505470E+01   -0.183726103808072838E+01
    0.664905354729368090E-03    0.109598169647852018E+03    0.873880316091366467E+02    0.236295694960633114E+02    0.152812389383607687E+02    0.109940399050215731E+01   -0.831224483733245423E+00   -0.160842816981148351E+01   -0.185572105340363769E+01
    0.663098130456145764E-03    0.109595800583532736E+03    0.830686356465219689E+02    0.283128659900696142E+02    0.378145588069251346E+02    0.793151689676603877E+00   -0.747753934938307996E+00   -0.145711543642998387E+01   -0.193767991050917621E+01
    0.662956306181041810E-03    0.109588415891838977E+03    0.820445747385462170E+02    0.283876085492553614E+02    0.422476720875993763E+02    0.101890521900618469E+01   -0.673271496019991034E+00   -0.163586808506970693E+01   -0.191771994603533935E+01
    0.670553836143484910E-03    0.109557813577411991E+03    0.741204789504419352E+02    0.375767817697724524E+02    0.481988760005546126E+02    0.144251149183996175E+01   -0.738760285388492699E+00   -0.143694431508247455E+01   -0.179344385139490514E+01
    0.668045219109990058E-03    0.109557497332427261E+03    0.584036472634008561E+02    0.338459717987740731E+02    0.590887088681102668E+02    0.141817919452713936E+01   -0.747847993804933164E+00   -0.147421665850787131E+01   -0.198825768273653658E+01
    0.674902196472144771E-03    0.109529260988957191E+03    0.624015688671974402E+02    0.379921940347661717E+02    0.396347856369331950E+02    0.149925858690858149E+01   -0.725889784870493271E+00   -0.183755353875224037E+01   -0.202567549119950607E+01
    0.675332231730576518E-03    0.109520174531593966E+03    0.569858903039675226E+02    0.311649089698668398E+02    0.633065482306779899E+02    0.740046413528117730E+00   -0.767152935607291253E+00   -0.145568201724032398E+01   -0.196957306147199329E+01
    0.673807499805188564E-03    0.109516882638433742E+03    0.956319406928871558E+02    0.369806347563005389E+02    0.176416456135000423E+02    0.145824459943053530E+01   -0.631861931194059423E+00   -0.144328286020445096E+01   -0.184370157425533154E+01
    0.672722674301463246E-03    0.109512292719729842E+03    0.727886445713997148E+02    0.322232998639920254E+02    0.118369503069407944E+02    0.146003125317595073E+01   -0.771408310174725331E+00   -0.171355874004911923E+01   -0.206911446142566113E+01
    0.670295609203273878E-03    0.109511708915780133E+03    0.853065860304203056E+02    0.411543085225036904E+02    0.249826748077545062E+02    0.124679478234077701E+01   -0.715668988240133253E+00   -0.131804015206250114E+01   -0.189753786154892756E+01
    0.667902016532374268E-03    0.109511051099595136E+03    0.658647621428396519E+02    0.235846112777876193E+02    0.638726078438346860E+02    0.422952574087031352E+00   -0.694198977347143309E+00   -0.150231021486910898E+01   -0.194522478637035579E+01
    0.673787976264012033E-03    0.109485690589180862E+03    0.795421177279093286E+02    0.247606432066026230E+02    0.280355835324241944E+02    0.116700874045400727E+01   -0.890262558151010186E+00   -0.151899531463607396E+01   -0.190555275783488742E+01
    0.674903674879873258E-03    0.109474569107859864E+03    0.659020410041845963E+02    0.333016144415246771E+02    0.381199022135511356E+02    0.129738209449860920E+01   -0.786994179662970472E+00   -0.134922636075542579E+01   -0.210430840316502898E+01
    0.673250371242296148E-03    0.109471661995255772E+03    0.810095030217666334E+02    0.336122266021226181E+02    0.385591533479005903E+02    0.124373299036064000E+01   -0.662658517369702160E+00   -0.127966401375449301E+01   -0.193969075288595683E+01
    0.674483697966117655E-03    0.109460189048892460E+03    0.833407822900704218E+02    0.366621172461872646E+02    0.175880373168550141E+01    0.499385133902348399E+00   -0.846986228728757062E+00   -0.165569925634679715E+01   -0.189489007710879953E+01
    0.676233030619824318E-03    0.109447196088490188E+03    0.763680389475473191E+02    0.253871198239526557E+02    0.428107136142057385E+02    0.423552240755342313E+00   -0.662007673922360151E+00   -0.147419823429057306E+01   -0.200398311181339039E+01
    0.676683771160318734E-03    0.109438050940225111E+03    0.821384511736141860E+02    0.265787555539407734E+02    0.339406388293543131E+02    0.753173637502954074E+00   -0.762594514556426795E+00   -0.126053654572092899E+01   -0.193448890614505276E+01
    0.674164097265225271E-03    0.109437699463412415E+03    0.708209132081303920E+02    0.334001015196812716E+02    0.159913859962597886E+02    0.721475596600133273E+00   -0.732174449489459978E+00   -0.160664076293971414E+01   -0.209308552226057643E+01
    0.673942508113746139E-03    0.109430544445996048E+03    0.606739236368828188E+02    0.249357457952848911E+02    0.511579937458753093E+02    0.148299545718619208E+01   -0.844666440480288383E+00   -0.157735851781068304E+01   -0.207703918427902412E+01
    0.671343206386011606E-03    0.109430460579205544E+03    0.862798902288454173E+02    0.328067740616845924E+02    0.416973389170767419E+02    0.728432567479915027E+00   -0.632891813163032335E+00   -0.159432150193495525E+01   -0.183865160331514410E+01
    0.671069825792260902E-03    0.109423462673792997E+03    0.683554573667488370E+02    0.311803344737152628E+02    0.362654541380447881E+02    0.102810822595746831E+01   -0.700611635166729307E+00   -0.166659786689886080E+01   -0.204072296143189558E+01
    0.679724531465444501E-03    0.109390021330858133E+03    0.731276805723855574E+02    0.408512979848369184E+02    0.173769772967082154E+02    0.845006633273409080E+00   -0.841964895458319651E+00   -0.143045250570824911E+01   -0.204253273605975405E+01
    0.677227671732922188E-03    0.109389569038666735E+03    0.742372327502753393E+02    0.337552827121335497E+02    0.172190582990109959E+02    0.120035953766911763E+01   -0.892698109782561477E+00   -0.149916122700982046E+01   -0.202511586519313092E+01
    0.690689018151091389E-03    0.109342392208724249E+03    0.884839592252535567E+02    0.316217560049050270E+02    0.751392487780608742E+00    0.322465945594645420E+00   -0.727687671149073845E+00   -0.151120425881587361E+01   -0.195903058112049600E+01
    0.689019090226477139E-03    0.109339421105915221E+03    0.740411370878272805E+02    0.432848294430639839E+02    0.153558292906342224E+02    0.129523943036453404E+01   -0.747731345922431956E+00   -0.145727491644038087E+01   -0.209004266793700744E+01
    0.694536840695452861E-03    0.109315656147184797E+03    0.782378900102763737E+02    0.337920039573515751E+02    0.345314826362145126E+02    0.148376330313366789E+01   -0.651786257150007708E+00   -0.131467859889492100E+01   -0.194539191661876454E+01
    0.693928803558858140E-03    0.109309595328050563E+03    0.529251127822543168E+02    0.296905296583019975E+02    0.608568618234309753E+02    0.309152406266445134E+00   -0.789613868119214857E+00   -0.171596794353210291E+01   -0.203875117823069285E+01
    0.693947544639901201E-03    0.109301728814359592E+03    0.609170438825593976E+02    0.272007470610088262E+02    0.601584828513195120E+02    0.132919551703069794E+01   -0.778704830385825053E+00   -0.164983730173580367E+01   -0.199397222627807169E+01
    0.695150729621877954E-03    0.109290451663066989E+03    0.846050778535659305E+02    0.378371639052332540E+02    0.201009687858314727E+02    0.277271698874086481E+00   -0.771223245350083353E+00   -0.172759468718665099E+01   -0.189859023789378423E+01
    0.698266969293529784E-03    0.109273693547206449E+03    0.576146002373210990E+02    0.413108151204746292E+02    0.445455283429458859E+02    0.618966753422350746E+00   -0.633590486148548848E+00   -0.183175317223160627E+01   -0.205842503822528489E+01
    0.695704426577777773E-03    0.109273234270120298E+03    0.877681998914051889E+02    0.358816227152326519E+02    0.167691173343220399E+02    0.135626300737526106E+01   -0.775720637931468726E+00   -0.148589533276350894E+01   -0.184198534371584466E+01
    0.727453418153813959E-03    0.109176171627542217E+03    0.776911971613832861E+02    0.468821891896784706E+02    0.345783307438231446E+02    0.133022840296900680E+01   -0.657441661383826315E+00   -0.172057167205211003E+01   -0.186958132099640251E+01
    0.733116544514112638E-03    0.109152849689761993E+03    0.560771704154781929E+02    0.331709123306275586E+02    0.610634261303568948E+02    0.876993950905740061E+00   -0.733634764511357673E+00   -0.160641988676448610E+01   -0.192359874173704926E+01
    0.731230012421973745E-03    0.109150190432010334E+03    0.708427399299299481E+02    0.311999555612643640E+02    0.411463780327503912E+02    0.904225794859519483E+00   -0.765473771383443635E+00   -0.143827426009059334E+01   -0.194395404894996870E+01
    0.731774937646667263E-03    0.109140888052567675E+03    0.745121188160161552E+02    0.269405895093264860E+02    0.114957057017009034E+00    0.811077341032960364E+00   -0.819826301872843333E+00   -0.162800745577758010E+01   -0.202240700479584534E+01
    0.738022206416525110E-03    0.109116073733189097E+03    0.715644497704563776E+02    0.255788224985840671E+02    0.475523048542074065E+02    0.146417013039953736E+01   -0.822032186213597527E+00   -0.145466784791139125E+01   -0.191359817546966071E+01
    0.742137960768025928E-03    0.109097138747798070E+03    0.866020164861331665E+02    0.384253969239986333E+02    0.632436718284844446E+01    0.401864076911859353E-01   -0.797978340134017472E+00   -0.148423755926077794E+01   -0.188580748478967597E+01
    0.741798534039149926E-03    0.109090241183810477E+03    0.894458921350113201E+02    0.374017922480607368E+02    0.284983770734964317E+02    0.105079565533488828E+01   -0.766817644354470307E+00   -0.141820847018447216E+01   -0.181435700308405345E+01
    0.739965992096748592E-03    0.109087375604442911E+03    0.690651002170499737E+02    0.309246268049104067E+02    0.475389498297232720E+02    0.239417342880219292E+00   -0.798960795506974852E+00   -0.164954705888248854E+01   -0.189818342101207049E+01
    0.747652081401419802E-03    0.109058896085573579E+03    0.848744500333181691E+02    0.271866762186269426E+02    0.351848610067119267E+02    0.130796971848497279E+01   -0.788253078181601508E+00   -0.166068027456387934E+01   -0.184770537218294906E+01
    0.746548965238770729E-03    0.109054036645646846E+03    0.640595870207573199E+02    0.277271589975992612E+02    0.563807067933008383E+02    0.828411377728290432E+00   -0.838789075875105539E+00   -0.170358082287087731E+01   -0.193398203713808892E+01
    0.745226630172200755E-03    0.109049769814089146E+03    0.692636899849110108E+02    0.287696316808775663E+02    0.425098680467193120E+02    0.145755399453314194E+01   -0.839817614056616701E+00   -0.136746274981975935E+01   -0.205127178873530269E+01
    0.751727893850135612E-03    0.109024585231106514E+03    0.826799636425367197E+02    0.292999865116901717E+02    0.427331311692439968E+02    0.752362690282317281E+00   -0.696741499800456632E+00   -0.164791445206751952E+01   -0.189046444710221029E+01
    0.749171348359685689E-03    0.109023586107757126E+03    0.858863806291998628E+02    0.268681072664324248E+02    0.354180812737179380E+02    0.123582573048131517E+01   -0.664172544436670176E+00   -0.148220226040216208E+01   -0.192103771268713985E+01
    0.752677059151219828E-03    0.109006436534477814E+03    0.838175390637797051E+02    0.304472876610273921E+02    0.348143250444783376E+02    0.395856801465049035E+00   -0.759698930474572487E+00   -0.148373293545033946E+01   -0.192918451477308173E+01
    0.753031655026744251E-03    0.108997682030546386E+03    0.775569606706644805E+02    0.363346789794644849E+02    0.221063043757453208E+02    0.830066512401520185E+00   -0.741378072247725672E+00   -0.160277989091485296E+01   -0.193177662285916774E+01
    0.752175608204568740E-03    0.108992144425002152E+03    0.732631212131680627E+02    0.258446443620892055E+02    0.565516256586031503E+02    0.144097217821393553E+01   -0.777490382136538871E+00   -0.150980345261652582E+01   -0.184018926418895168E+01
    0.754078305244229455E-03    0.108979279130025944E+03    0.811616992431617916E+02    0.314847948634546881E+02    0.354455780346943641E+02    0.128052019004845263E+01   -0.869717499490278545E+00   -0.147386023932646038E+01   -0.187308566491850392E+01
    0.753011774988524246E-03    0.108974297331250042E+03    0.786434640016899067E+02    0.434618963485153600E+02    0.391911812596780820E+02    0.942126857116986849E+00   -0.653981296861913419E+00   -0.134764637402859178E+01   -0.183453490098501470E+01
    0.756481546809303494E-03    0.108957290281312581E+03    0.946775089712404281E+02    0.361995581315296135E+02    0.198833291681414082E+01    0.694178940367077613E+00   -0.672787596984936620E+00   -0.166259400284151693E+01   -0.182532589065081075E+01
    0.757675231062527590E-03    0.108946324383941970E+03    0.979922523615939838E+02    0.346667393691595862E+02    0.179228568694713850E+02    0.137254948522493736E+01   -0.687819298884820407E+00   -0.148283710904442856E+01   -0.180870857812621200E+01
    0.764265726457472061E-03    0.108921190485087010E+03    0.645860023689087512E+02    0.307951374855182927E+02    0.380437569602883698E+02    0.909747727595291322E+00   -0.852332471914144074E+00   -0.164729089871960621E+01   -0.203290090148085678E+01
    0.765567261086024203E-03    0.108909974907880084E+03    0.717642374887002887E+02    0.351712086438915890E+02    0.116698052126093055E+01    0.124745822820303753E+01   -0.742083101848231230E+00   -0.166142710522066284E+01   -0.205919435148627894E+01
    0.763111597349312395E-03    0.108908587997755831E+03    0.661172499953614334E+02    0.280790525594974305E+02    0.412715070976260634E+02    0.772981440249917995E+00   -0.839673781862864788E+00   -0.144416966382642720E+01   -0.204318056557494021E+01
    0.761793425763904793E-03    0.108904233213203696E+03    0.673264178999356346E+02    0.417535266574238335E+02    0.459925177823382256E+02    0.909486260431630944E+00   -0.696438505859818591E+00   -0.145481087628983019E+01   -0.195096393186288930E+01
    0.771541157492506603E-03    0.108870991525983598E+03    0.787765779989463510E+02    0.333953608408018923E+02    0.158869373783128243E+01    0.147952577361264215E+01   -0.752628023535493185E+00   -0.173069355057168961E+01   -0.199814773925067590E+01
    0.769443543024173125E-03    0.108868623897079829E+03    0.776565515432651381E+02    0.400118764739688544E+02    0.447804784672733831E+02    0.108480187473678003E+01   -0.645359433982037656E+00   -0.149491785862484128E+01   -0.185944925816162776E+01
    0.767959906890120642E-03    0.108864671507045642E+03    0.795142305100935687E+02    0.263140856610496563E+02    0.396216746833892870E+02    0.109195199161330336E+01   -0.657739178269822533E+00   -0.137977679048993918E+01   -0.197058731189589142E+01
    0.767036161163863958E-03    0.108859266168489242E+03    0.812068347769111796E+02    0.263419808727503053E+02    0.375810690770293903E+02    0.597143499190668781E+00   -0.745570376958932357E+00   -0.141635651065913093E+01   -0.196979986643646443E+01
    0.783303828458439171E-03    0.108809480257549296E+03    0.520713575448579959E+02    0.415121232387093926E+02    0.512488293604572931E+02    0.111944783905570122E+01   -0.675608673347217081E+00   -0.188125786997650679E+01   -0.208381962670045073E+01
    0.783851644778395186E-03    0.108800269513784400E+03    0.823258473592573239E+02    0.329422161920094325E+02    0.288590295317336505E+02    0.920848665375969877E+00   -0.856925428469309969E+00   -0.149570995381372773E+01   -0.191179327392593001E+01
    0.782600914109844075E-03    0.108795650805839543E+03    0.764933974898900857E+02    0.364590608210261848E+02    0.227844422114035723E+02    0.120744742244964920E+01   -0.884869839511412737E+00   -0.169291981668720148E+01   -0.194603340029157690E+01
    0.784531990679782879E-03    0.108782909361928205E+03    0.708653948482512561E+02    0.371876346887504639E+02    0.510181351420611762E+02    0.112575273520759778E+01   -0.595014061640298131E+00   -0.169572546096014820E+01   -0.186815381893359778E+01
    0.785945261782892697E-03    0.108771497264462170E+03    0.795198184457567692E+02    0.264632897985836664E+02    0.394504311343056173E+02    0.766748663051810886E+00   -0.667928110893665217E+00   -0.134679215323575274E+01   -0.195343193821013772E+01
    0.782977866449987951E-03    0.108771250205541776E+03    0.863926083456029801E+02    0.362034919432151199E+02    0.274352786656825245E+02    0.143777817925595186E+01   -0.805294550771758821E+00   -0.144860942627213785E+01   -0.182419679228043963E+01
    0.781080036584823789E-03    0.108768291313053112E+03    0.651379683540025951E+02    0.294465112136649836E+02    0.486737221647561142E+02    0.102265793869636656E+01   -0.679895880493164517E+00   -0.150738276384077041E+01   -0.210411569931740949E+01
    0.779973581200715804E-03    0.108763313963766180E+03    0.690725592912636301E+02    0.314437495427233316E+02    0.388122145235273592E+02    0.861562035354403344E+00   -0.796922998907605207E+00   -0.134515885884483288E+01   -0.201108380907879702E+01
    0.777393055088663912E-03    0.108762129391740530E+03    0.790455581661898208E+02    0.377183326479244272E+02    0.265463009979322351E+02    0.179624985293767886E+00   -0.810303895574732591E+00   -0.131235527812419805E+01   -0.193778155247596895E+01
    0.774822666976940030E-03    0.108760940688741584E+03    0.555509558749526917E+02    0.304958055922963425E+02    0.519740043575941186E+02    0.127355035607363654E+01   -0.809697603997904025E+00   -0.157099875375676756E+01   -0.213408599231152030E+01
    0.782549674368780875E-03    0.108733281757433488E+03    0.925779744271708580E+02    0.387102387672303507E+02    0.159381152404098492E+01    0.338765822800355887E+00   -0.633983887638954968E+00   -0.155455280424451425E+01   -0.190820118262911875E+01
    0.783124799858838402E-03    0.108723999921309286E+03    0.786769866216387754E+02    0.273880157837292586E+02    0.152644387807525650E+02    0.954539860611584356E+00   -0.878328666308741068E+00   -0.149444329098324991E+01   -0.195919393135390330E+01
    0.781577100670902700E-03    0.108720143956907975E+03    0.683375834157152582E+02    0.368137898550179159E+02    0.160074266630811657E+02    0.927662116607661735E+00   -0.839485828415493351E+00   -0.166788617146567053E+01   -0.205862500935034420E+01
    0.781402970357257054E-03    0.108712777093592891E+03    0.612369369606265082E+02    0.405195318745787034E+02    0.310123660818146298E+02    0.959446671783144800E+00   -0.744885616856704402E+00   -0.174968629456499492E+01   -0.211337798167093194E+01
    0.780117264337151545E-03    0.108708258066919939E+03    0.839293010970092723E+02    0.368148227810689974E+02    0.475633954135903192E+01    0.436898552340196200E+00   -0.811136221815106140E+00   -0.152469088487416005E+01   -0.189967566348219541E+01
    0.781239577474677756E-03    0.108697570341216817E+03    0.685740395788714920E+02    0.358324420995540862E+02    0.458272983152802738E+02    0.502922329810712276E+00   -0.782351954828808038E+00   -0.174459435681777886E+01   -0.198915912261879879E+01
    0.788363842978567850E-03    0.108671602135551694E+03    0.766956069611961766E+02    0.335886571889227525E+02    0.464920952478773870E+02    0.131211348992808796E+01   -0.738243846195913767E+00   -0.158110584428507073E+01   -0.190936938297373859E+01
    0.792250067542164447E-03    0.108653954893825954E+03    0.775863938178291903E+02    0.259752907824913137E+02    0.205225548934892466E+02    0.950337529838974460E+00   -0.824321124960511575E+00   -0.159829804357382010E+01   -0.193296617427968354E+01
    0.789723688795585985E-03    0.108652530314950880E+03    0.723176667983385926E+02    0.259028827167119999E+02    0.375557261619122542E+02    0.155816084420709244E+01   -0.797217114782538205E+00   -0.140447061332535106E+01   -0.207124259112944520E+01
    0.791881567230848368E-03    0.108639260372859098E+03    0.689434773348287138E+02    0.381383531046932802E+02    0.354332574782773477E+02    0.822500131195988082E+00   -0.792853502262674148E+00   -0.172920853794744489E+01   -0.194476079069754770E+01
    0.795512999941499891E-03    0.108622297182487046E+03    0.722921183482881986E+02    0.357799487356646395E+02    0.419089979314685621E+02    0.912824384523250876E+00   -0.881861852898357279E+00   -0.159044618942986782E+01   -0.189481429148269442E+01
    0.797935899525711889E-03    0.108608402525846088E+03    0.754233520447802306E+02    0.417865929724153489E+02    0.397741698255752567E+02    0.105844217346534353E+01   -0.732160900126457070E+00   -0.135743089257314953E+01   -0.183903054767807150E+01
    0.800223154802218975E-03    0.108594865296928873E+03    0.607804752169065523E+02    0.361400398635912694E+02    0.407132966227562179E+02    0.102899455356748915E+01   -0.899702714252974323E+00   -0.165488435722354232E+01   -0.208435527680035770E+01
    0.807245865107460441E-03    0.108569577486616268E+03    0.705317916536748157E+02    0.383565925097055000E+02    0.471593627853236157E+02    0.113949291434470235E+01   -0.671070063436457698E+00   -0.138324158261136554E+01   -0.195105712427975519E+01
    0.808264288432245263E-03    0.108559243372109620E+03    0.735690803798829620E+02    0.413702757808270363E+02    0.104735009625061970E+02    0.282958892785124316E+00   -0.750416069230355420E+00   -0.161507158570847409E+01   -0.208200770929135670E+01
    0.823272211623235755E-03    0.108514635258868509E+03    0.778667839675211155E+02    0.331165019815796455E+02    0.709758171875808319E+01    0.148819043103802473E+01   -0.651394698376660086E+00   -0.181966737610198703E+01   -0.194375567751303713E+01
    0.822224946156716648E-03    0.108509368531987519E+03    0.664040845706823859E+02    0.419601981510092799E+02    0.378186136507886346E+02    0.118803209497313267E+01   -0.628474030828793717E+00   -0.179366175540164940E+01   -0.201994445735061312E+01
    0.820395611527668803E-03    0.108506010707479746E+03    0.805600139468351699E+02    0.347140075792200804E+02    0.312249781982621961E+02    0.130055903557929886E+01   -0.808777015847379266E+00   -0.130555044468747061E+01   -0.190596567129256944E+01
    0.820457538015439513E-03    0.108498047245797849E+03    0.776647939377873513E+02    0.298301544133066834E+02    0.139636255915269700E+02    0.307228028427783406E+00   -0.812850758576010080E+00   -0.170014536569472652E+01   -0.190311269869993005E+01
    0.822287081025624899E-03    0.108485779899328350E+03    0.726750643406219297E+02    0.249920088789194637E+02    0.484409915332846808E+02    0.131327005756700865E+01   -0.851690967933250498E+00   -0.141672274025611555E+01   -0.191008418274244307E+01
    0.820593864942817017E-03    0.108482089954128128E+03    0.761523385349842670E+02    0.384098295462840156E+02    0.206670601661019084E+02    0.128189220510793844E+01   -0.715194319631158759E+00   -0.133610786469093190E+01   -0.203252036285061743E+01
    0.828510875862061122E-03    0.108455074133570179E+03    0.904125639901825338E+02    0.276733453542978012E+02    0.306757453854584803E+02    0.143225843166068478E+01   -0.761482805702021315E+00   -0.139231206887293002E+01   -0.185442565730163711E+01
    0.832115800934446937E-03    0.108438578331572316E+03    0.825076775934681308E+02    0.325351172181140242E+02    0.408760954414142859E+02    0.148655912277993041E+01   -0.670857750168364575E+00   -0.161225939034366705E+01   -0.183699299943724248E+01
    0.833367679802322838E-03    0.108427759187272031E+03    0.855211080655856364E+02    0.283840512958071187E+02    0.417429608669414876E+01    0.971729480466321571E+00   -0.797862091470283863E+00   -0.151311419629208754E+01   -0.188993249837797750E+01
    0.833869550314796223E-03    0.108418742610207133E+03    0.782754900052669171E+02    0.306832063623023288E+02    0.335265736488341837E+01    0.622872977118714699E+00   -0.762789213375218988E+00   -0.155815538116982433E+01   -0.197536193967347828E+01
    0.836073747259478799E-03    0.108405650414236788E+03    0.771371559056348985E+02    0.289031737829150615E+02    0.507066606683615362E+02    0.595785117560198696E+00   -0.691550958687861872E+00   -0.163725124911028508E+01   -0.186952767687682342E+01
    0.835394609093534227E-03    0.108399463163558977E+03    0.858031327141274289E+02    0.247674133389817257E+02    0.193661305691532526E+02    0.118611250463185902E+01   -0.811003284614421949E+00   -0.156207683686194465E+01   -0.190146170678823156E+01
    0.836548933890652853E-03    0.108388889027293516E+03    0.867805930121386666E+02    0.244585984530612315E+02    0.292527419030006435E+02    0.788449734394965795E+00   -0.714732285821558122E+00   -0.152884009476595284E+01   -0.188255563908018586E+01
    0.837821002437934823E-03    0.108378037607961716E+03    0.637414688140824452E+02    0.271083813728867504E+02    0.443109715712308443E+02    0.593180145720593965E+00   -0.735461774198066465E+00   -0.160853630611958009E+01   -0.210537722374207270E+01
    0.843459204941783450E-03    0.108356810987899777E+03    0.574152805702860860E+02    0.377581270911855356E+02    0.364157367812845507E+02    0.149225866921452854E+01   -0.817820544750627043E+00   -0.171716643807365599E+01   -0.216034448685129110E+01
    0.842883958151720292E-03    0.108350362971297869E+03    0.862826088404449649E+02    0.305959125307577864E+02    0.266694866559830750E+02    0.147139941381463091E+01   -0.727131460734900426E+00   -0.145928283244436230E+01   -0.194389966402779524E+01
    0.854747339768140374E-03    0.108314597229030767E+03    0.817696879576562736E+02    0.284566650322404406E+02    0.390792796489229914E+02    0.152521027845723833E+01   -0.799153403677042906E+00   -0.156852508104197885E+01   -0.190993058417845418E+01
    0.854918738063211434E-03    0.108306383719037370E+03    0.778304633474027838E+02    0.454892321064859715E+02    0.288465986520150821E+02    0.868833206421922077E+00   -0.770087024782043716E+00   -0.152521527505974230E+01   -0.192128950706177193E+01
    0.857470039303909561E-03    0.108292611583790432E+03    0.697802464715929602E+02    0.473394145432594300E+02    0.302622309215603948E+02    0.132430077924705092E+01   -0.721807288219112220E+00   -0.140086641254537136E+01   -0.200218802292380849E+01
    0.855630307411412100E-03    0.108289094763499492E+03    0.901078362235786017E+02    0.355108944198304641E+02    0.775484546100962913E+01    0.783159511669100472E+00   -0.673583948791150355E+00   -0.158899189422833098E+01   -0.192985277700505664E+01
    0.861932488990769358E-03    0.108266605164354502E+03    0.769843904545280111E+02    0.461218292428700281E+02    0.370720191338296488E+02    0.726535953575038085E+00   -0.696936337161878416E+00   -0.146347668638606421E+01   -0.184542142301923850E+01
    0.862006542745423921E-03    0.108258620839821646E+03    0.785051737800723828E+02    0.310106041825323615E+02    0.178934616288520338E+02    0.133549610053709955E+01   -0.856022977943486696E+00   -0.144284081277941234E+01   -0.195068514103849378E+01
    0.860925438918598313E-03    0.108253318256591925E+03    0.657111321161448956E+02    0.220471871411199984E+02    0.541461537634382566E+02    0.130018172664588505E+01   -0.825428932441105712E+00   -0.154953678982368315E+01   -0.203820920693988672E+01
    0.862426819753563112E-03    0.108242020964188669E+03    0.727405520421156382E+02    0.275852645993892303E+02    0.254572611924365511E+02    0.822681560046322424E+00   -0.873047970477137669E+00   -0.165056877356648934E+01   -0.196011447247615411E+01
    0.861529936604757385E-03    0.108236289451954548E+03    0.835919070270967950E+02    0.375890181373614780E+02    0.389618772552230297E+02    0.127740762361344062E+01   -0.615413344095999681E+00   -0.137275087429802944E+01   -0.183846332768374743E+01
    0.858753555887422216E-03    0.108234932592876532E+03    0.678419121103233920E+02    0.383158791224637412E+02    0.424331324741681826E+02    0.846067146984038509E+00   -0.877111525366852884E+00   -0.159550527845953960E+01   -0.192365937823399191E+01
    0.860548256106555276E-03    0.108222944675021495E+03    0.774439679588705161E+02    0.417725811744990381E+02    0.385270631103556482E+02    0.820097452158319196E+00   -0.638424612529784330E+00   -0.152395654695368066E+01   -0.192850708314298447E+01
    0.864820401999860352E-03    0.108205227846218378E+03    0.757599493718244190E+02    0.326133985118731715E+02    0.466848048020199684E+02    0.118676095362509648E+01   -0.665852161709746149E+00   -0.158665153152358762E+01   -0.185636455310655601E+01
    0.870720568819775853E-03    0.108183816843735542E+03    0.747957665550828921E+02    0.312280096829836040E+02    0.337132602859763537E+02    0.782330077940119550E+00   -0.755576027068376899E+00   -0.169028880274344862E+01   -0.191319923030987304E+01
    0.868201024321637346E-03    0.108181799996101262E+03    0.843540540572042232E+02    0.303622667509210800E+02    0.289715744832463145E+02    0.875728978268663250E+00   -0.654719958365547861E+00   -0.135625688537945721E+01   -0.193657012780858273E+01
    0.869490862132258485E-03    0.108171018412669213E+03    0.740746856728694780E+02    0.391119744807557126E+02    0.480162561251784297E+02    0.865733958608038034E+00   -0.693429143320605679E+00   -0.157519947070014199E+01   -0.179647529881604306E+01
    0.869343393634367033E-03    0.108163545147987932E+03    0.656696910628389929E+02    0.373627222787326190E+02    0.441399858340972813E+02    0.154995044127552917E+01   -0.811085116970708064E+00   -0.137468009065652219E+01   -0.200500805188103870E+01
    0.866920614860872043E-03    0.108161314242340268E+03    0.594028114863433530E+02    0.399471960499149077E+02    0.466077753263152985E+02    0.738871485106316395E+00   -0.731742007099288827E+00   -0.162185140593219912E+01   -0.208566270289083899E+01
    0.866814932254228389E-03    0.108153745568699975E+03    0.810153521677964932E+02    0.335859875296774888E+02    0.156932307770295871E+02    0.838826656719676711E+00   -0.773394661904695413E+00   -0.170586749414374816E+01   -0.187821291043166561E+01
    0.864906947619344568E-03    0.108150340209197793E+03    0.785556628139633943E+02    0.267029105367281474E+02    0.353739479030150221E+02    0.110733507572676415E+01   -0.739739986719910148E+00   -0.143412207591051155E+01   -0.201111386433366812E+01
    0.879108471449715503E-03    0.108109954974848023E+03    0.962929511866013286E+02    0.347945550586598955E+02    0.219711899307054193E+01    0.390859348526659878E+00   -0.670079796074353640E+00   -0.155123964776702339E+01   -0.183790183579143274E+01
    0.877829318247994365E-03    0.108105054708702269E+03    0.841745402581979363E+02    0.400076799152340641E+02    0.216503160682045639E+02    0.142228140150975091E+01   -0.669161492090451393E+00   -0.140358845139994237E+01   -0.196931607989685542E+01
    0.876872154019749431E-03    0.108099424150960374E+03    0.654756725918201425E+02    0.312519328084541499E+02    0.437296679231922667E+02    0.113693304124128280E+01   -0.772923906943652872E+00   -0.139796292852485871E+01   -0.203905205706204029E+01
    0.882171282218486706E-03    0.108079561592116235E+03    0.643561249021886255E+02    0.383615492181838249E+02    0.504860661631315395E+02    0.653813206657368973E+00   -0.647411683293500406E+00   -0.150800395204068205E+01   -0.194829653364647060E+01
    0.888447578412557217E-03    0.108057570269963804E+03    0.713985600083128418E+02    0.423276350019263532E+02    0.432445596634516178E+02    0.116141627748693343E+01   -0.616839979376351266E+00   -0.148854990257301223E+01   -0.192497205697828155E+01
    0.885149402405970096E-03    0.108057196167399269E+03    0.796254391158957731E+02    0.298729975129497447E+02    0.137165363535079052E+02    0.575012678518551423E+00   -0.728763084648269777E+00   -0.160511517865157494E+01   -0.200497614776054389E+01
    0.881946413029970674E-03    0.108056633965556856E+03    0.914641459360796034E+02    0.395756313964932644E+02    0.133383133101698128E+02    0.154716179041966395E+01   -0.689158081765956609E+00   -0.157391644786778206E+01   -0.184498508002687878E+01
    0.879310507793380379E-03    0.108054807888487900E+03    0.896856516688923335E+02    0.308592153758317593E+02    0.344811129094047004E+02    0.139830244074467114E+01   -0.706926409887262519E+00   -0.160814187194969738E+01   -0.184037400906748183E+01
    0.876718679860754029E-03    0.108052899230708562E+03    0.793843403513258465E+02    0.360413219684558754E+02    0.479970724142777314E+02    0.678215279771336776E+00   -0.652976027240256940E+00   -0.155716750938202897E+01   -0.182148818892608544E+01
    0.879729678317770001E-03    0.108038229708371546E+03    0.797268191333934624E+02    0.363870445238374742E+02    0.202808322889439410E+02    0.103561665761657817E+01   -0.656480495277348197E+00   -0.147596824957557837E+01   -0.201285331666426703E+01
    0.878681025735220892E-03    0.108032802664066182E+03    0.659646221313516605E+02    0.256774722934761606E+02    0.367168846769983617E+02    0.664132820668565937E+00   -0.802758243983835884E+00   -0.160960488871676444E+01   -0.209521882242628799E+01
    0.877328300223492469E-03    0.108028071527608674E+03    0.683343945035236402E+02    0.296584304343179994E+02    0.474183591047732520E+02    0.444952517647589474E+00   -0.725465972027005357E+00   -0.163822875210057206E+01   -0.195886405114785367E+01
    0.874970555725652216E-03    0.108025641091090961E+03    0.675129217113630347E+02    0.332636664981146026E+02    0.239895212071446817E+01    0.151057499903570114E+01   -0.756349124255502048E+00   -0.186019798056663510E+01   -0.204648810220282451E+01
    0.877169127145099588E-03    0.108012809419172555E+03    0.681063148283380713E+02    0.219974459790178685E+02    0.489051381526911300E+02    0.134170123087095883E+01   -0.790902287029085382E+00   -0.153755158400250336E+01   -0.202710458190350717E+01
    0.876710749436704698E-03    0.108006042321939162E+03    0.689451993886134744E+02    0.414075299936710763E+02    0.421164250373508580E+02    0.112918759689909209E+01   -0.698551335662921158E+00   -0.131329885280660630E+01   -0.194045951699345509E+01
    0.876622360641201226E-03    0.107998431469407251E+03    0.690448371503491956E+02    0.341228501765181136E+02    0.838602255258442675E+01    0.110330585689722116E+01   -0.766679274497152896E+00   -0.177950892238311287E+01   -0.209402115825568291E+01
    0.880140264889518807E-03    0.107982608988094043E+03    0.710425709719184368E+02    0.265190900305889556E+02    0.359429739186611812E+02    0.765886519157538137E+00   -0.869196911032242836E+00   -0.142591765346846122E+01   -0.202741287824607541E+01
    0.878627015408131140E-03    0.107978238102847172E+03    0.677757148042146582E+02    0.349527363123201269E+02    0.191559556836851783E+02    0.109697944375115264E+01   -0.864943040465243396E+00   -0.172611193122644435E+01   -0.202432909699095642E+01
    0.882682555009673287E-03    0.107961215304244490E+03    0.673494269259445275E+02    0.355023515668779481E+02    0.444643679274244263E+02    0.252212265534847768E+00   -0.811860910298370042E+00   -0.150885709347095776E+01   -0.192031027106435204E+01
    0.879286622930570364E-03    0.107961112215570296E+03    0.933204181205155407E+02    0.331932258296335760E+02    0.588887039011136970E+01    0.120998877082363121E+01   -0.656927400310060028E+00   -0.149363214580015824E+01   -0.186801779770958665E+01
    0.877054366841861191E-03    0.107958383596897832E+03    0.779327317552495771E+02    0.292527984093899747E+02    0.120478637926138923E+02    0.979058137255545913E+00   -0.863175611858823189E+00   -0.152421067374565156E+01   -0.199217412711135822E+01
    0.875298463771680612E-03    0.107954579202177044E+03    0.776911617063837099E+02    0.372797868415960636E+02    0.445040605668844620E+02    0.267575202126730471E+00   -0.677834743630280956E+00   -0.150834584724498733E+01   -0.180689548788163878E+01
    0.882331423771818180E-03    0.107930761062797586E+03    0.679455145987296021E+02    0.472555196943812490E+02    0.351224250423444104E+02    0.849554413194594793E+00   -0.754892720209677570E+00   -0.155372857125893993E+01   -0.192310004393710043E+01
    0.880332135003851685E-03    0.107927485536663966E+03    0.790947656724898849E+02    0.367196778580761389E+02    0.291113415326470317E+02    0.904428227725896150E+00   -0.707929479649079596E+00   -0.178074210472599037E+01   -0.193523978634642702E+01
    0.880258700588736846E-03    0.107919839877053349E+03    0.731365971296397106E+02    0.317031199963021137E+02    0.218088757459133760E+02    0.676448600542332690E+00   -0.906998455071576837E+00   -0.169322985914269042E+01   -0.194904606940132052E+01
    0.884404758868158401E-03    0.107902629401737158E+03    0.708512038001026525E+02    0.266899574212531689E+02    0.584123966990853631E+02    0.865210028276590326E+00   -0.698394513742697232E+00   -0.133930786598545781E+01   -0.188273351071929929E+01
    0.885263511509440772E-03    0.107892875853862662E+03    0.732324109546829192E+02    0.403213667991749247E+02    0.328439307046655671E+02    0.303928219749192374E+00   -0.652573726527429177E+00   -0.146014904589827466E+01   -0.198571089334048723E+01
    0.887384952640785877E-03    0.107880276297236264E+03    0.751525988175749973E+02    0.302400200219195234E+02    0.519558005656125701E+02    0.871899590154647797E+00   -0.776341651982625836E+00   -0.154410025789295346E+01   -0.182969025328108237E+01
    0.887682127143619840E-03    0.107871794133517128E+03    0.689403358217133899E+02    0.286116740422383451E+02    0.509869646249022139E+02    0.585716073585534569E+00   -0.834966197483350436E+00   -0.162841872630797435E+01   -0.189749582137143813E+01
    0.889983154931948029E-03    0.107858803990466654E+03    0.754398230558473273E+02    0.475520758201568157E+02    0.346312029055976325E+02    0.102802657581542256E+01   -0.719869899214751863E+00   -0.152515937231288357E+01   -0.184952553000507058E+01
    0.887540036669826927E-03    0.107856489297329802E+03    0.697082750698741762E+02    0.217724519362507891E+02    0.549402577586230549E+02    0.823233232190384467E+00   -0.721365966013346682E+00   -0.141955401669214920E+01   -0.199906607684880422E+01
    0.885657233707292106E-03    0.107852924048781347E+03    0.795952109281100206E+02    0.296735095681299299E+02    0.115614887220860787E+02    0.125882794693625599E+01   -0.725213849640544694E+00   -0.174633799604280360E+01   -0.190331185887087972E+01
    0.886577740683576693E-03    0.107843033930243507E+03    0.839710811985580676E+02    0.401718613007110648E+02    0.231727465955274212E+02    0.138475038182357912E+01   -0.702039665670808555E+00   -0.135296653312260995E+01   -0.194660749253348020E+01
    0.887797383584942087E-03    0.107832471970838313E+03    0.894451986754480259E+02    0.391044333144972427E+02    0.926923026182283927E+01    0.144309365634195275E+01   -0.707297667736213054E+00   -0.148234429566794246E+01   -0.187045662227333698E+01
    0.884600555592998726E-03    0.107831874174462087E+03    0.788554641493058028E+02    0.350496519026726787E+02    0.336664652524107950E+02    0.136996286352947938E+01   -0.753550668464434192E+00   -0.139131967436561910E+01   -0.197497052937354445E+01
    0.882740612594176146E-03    0.107828271260520381E+03    0.881507906398517633E+02    0.420179938530992985E+02    0.233322436516097831E+01    0.913520852481221612E+00   -0.668516978688748154E+00   -0.154955398001960742E+01   -0.193026871846845349E+01
    0.887234909261230419E-03    0.107810301995592155E+03    0.785532959138886611E+02    0.303965317843030505E+02    0.370939856709043880E+02    0.864006197418562993E+00   -0.721939293200251520E+00   -0.130314837279435869E+01   -0.191714403952938062E+01
    0.889069611301553358E-03    0.107798357990725691E+03    0.905310746781947699E+02    0.277032053316420814E+02    0.270678142243667637E+02    0.477790604295167010E+00   -0.740963910763795086E+00   -0.137353850027890778E+01   -0.185275726877239144E+01
    0.886463038699164627E-03    0.107796417699214658E+03    0.652519132133371045E+02    0.369699628402071454E+02    0.413702463398836358E+02    0.904150759921389491E+00   -0.785262796265408625E+00   -0.160764355510768486E+01   -0.199606252231007519E+01
    0.890881195763450098E-03    0.107778661900490590E+03    0.834661317159073946E+02    0.441680403819000702E+02    0.186512795850108262E+02    0.625017262771573434E+00   -0.658008128737292530E+00   -0.142077011402746689E+01   -0.194121890736586256E+01
    0.892014068289029055E-03    0.107768307753315042E+03    0.765579741014126540E+02    0.347159008589380420E+02    0.352821807714155682E+02    0.992603611394062946E+00   -0.743548853644856678E+00   -0.178078659972369735E+01   -0.194310018753048785E+01
    0.889858119079519022E-03    0.107765334994968470E+03    0.887446432414300830E+02    0.269959197958490691E+02    0.333495861155831292E+02    0.116217103423343948E+01   -0.760571794823758918E+00   -0.157416485611822399E+01   -0.184427441994694341E+01
    0.888119958042432860E-03    0.107761432917966772E+03    0.840862867895956327E+02    0.309287941318772610E+02    0.366308769109471655E+02    0.511670342033426317E+00   -0.699746055419489421E+00   -0.139705926190244867E+01   -0.184301965416217017E+01
    0.894780025314211415E-03    0.107738678248887780E+03    0.787416881630373524E+02    0.374217490594259061E+02    0.852086435384524599E+01    0.461272491627061354E+00   -0.737626405844985289E+00   -0.146876906280841779E+01   -0.199968647963825275E+01
    0.891457233731593555E-03    0.107738306631443621E+03    0.788987588747436064E+02    0.257749946216340717E+02    0.364315031402445086E+02    0.119794717579273136E+01   -0.865163811884864575E+00   -0.157430350782777584E+01   -0.188486901065716417E+01
    0.888552855108401866E-03    0.107737020793778555E+03    0.747143244905004451E+02    0.340750047975302621E+02    0.482870747230571808E+02    0.965791636256936314E+00   -0.740552213855256491E+00   -0.133808337833565005E+01   -0.188822195480997301E+01
    0.886019215945466412E-03    0.107734919283883457E+03    0.752386894097602692E+02    0.321537614243161229E+02    0.328582919870082506E+02    0.734183224062968431E+00   -0.893418048706198897E+00   -0.149862598312656559E+01   -0.192978391913444947E+01
    0.885492083905740630E-03    0.107728297026486615E+03    0.763338070778409445E+02    0.385647209342669015E+02    0.397444506972045772E+02    0.134777100603817712E+01   -0.778858455414551454E+00   -0.134952290400418007E+01   -0.187419837074084428E+01
    0.892252068699895011E-03    0.107705274199699119E+03    0.890060282671587117E+02    0.372347090105762462E+02    0.133552589316619130E+02    0.131154916277563438E+01   -0.637188006839818799E+00   -0.147335226737425073E+01   -0.191133363269968082E+01
    0.890567708637590326E-03    0.107701240792986880E+03    0.666688366015842462E+02    0.247988484905322295E+02    0.535682790650624767E+02    0.829935023411182193E+00   -0.707094511815837157E+00   -0.151289198999181762E+01   -0.202371481723014845E+01
    0.898331504218529168E-03    0.107676068244370200E+03    0.787223697605861901E+02    0.255097370994041270E+02    0.280583721222238758E+02    0.130089572987699387E+01   -0.804641507762818176E+00   -0.169120542233925120E+01   -0.190044663480472797E+01
    0.895572788096481815E-03    0.107674407060933930E+03    0.764091135032549289E+02    0.374538632860177714E+02    0.321254471143809539E+02    0.684845993662236752E+00   -0.696279292238639158E+00   -0.164760066520875981E+01   -0.200931817259263878E+01
    0.894233287415769598E-03    0.107669588183425489E+03    0.670050467374847756E+02    0.331111049678420102E+02    0.254148969039207877E+02    0.138774986536183165E+01   -0.793342514766899765E+00   -0.157745967245095131E+01   -0.212587157411316774E+01
    0.893928299360568774E-03    0.107662457921675980E+03    0.820588619061182669E+02    0.448503654100514453E+02    0.281706404489925255E+02    0.779805936265008270E+00   -0.737807868608417516E+00   -0.149522743368800226E+01   -0.185104701852211462E+01
    0.898461367071474374E-03    0.107644529145152916E+03    0.602094023534156975E+02    0.315723759681007543E+02    0.585031980423247830E+02    0.830174745386046298E+00   -0.732409318630728334E+00   -0.161085537586570449E+01   -0.197945286699447465E+01
    0.901018610723884508E-03    0.107631032235422396E+03    0.693745699138219152E+02    0.423037926834922899E+02    0.324140423999592073E+02    0.470449657263291299E+00   -0.741582513890149064E+00   -0.138055813501510172E+01   -0.199552466328331413E+01
    0.903655182091743763E-03    0.107617375857699557E+03    0.601139653700668148E+02    0.325395817393989333E+02    0.450526099873670276E+02    0.717337144190952847E+00   -0.750748054955680200E+00   -0.160329396075422559E+01   -0.211554831158747980E+01
    0.904075093669139455E-03    0.107608634211154680E+03    0.802110941011324599E+02    0.367258465174761994E+02    0.277094526927828113E+02    0.144984259808619909E+01   -0.659849528600503943E+00   -0.137013878815679879E+01   -0.194009249985861421E+01
    0.901467475821486467E-03    0.107606598633182912E+03    0.712383366540991432E+02    0.344616701143467594E+02    0.386102986025017803E+01    0.102571489501759561E+01   -0.686166580381034397E+00   -0.178497101897821997E+01   -0.206773660638716272E+01
    0.905283611562599389E-03    0.107590337506379569E+03    0.647572195786232214E+02    0.370234925607485508E+02    0.325122329245748745E+02    0.590499979558757104E+00   -0.699569083074819797E+00   -0.169149588885832425E+01   -0.210613625806039462E+01
    0.905153815530690734E-03    0.107582811779134431E+03    0.644292207320159633E+02    0.278120519687106444E+02    0.563700771660048119E+02    0.142174534737399805E+01   -0.833035260800278010E+00   -0.140821279662687848E+01   -0.194287515296988045E+01
    0.905659505815406335E-03    0.107573882233457994E+03    0.559811276208155206E+02    0.424846030370367629E+02    0.439075417162213242E+02    0.118770919587831592E+01   -0.657444062928469242E+00   -0.175685916926291275E+01   -0.214307806058497441E+01
    0.908732896545978177E-03    0.107559294145848540E+03    0.765119403216792904E+02    0.354329720802083514E+02    0.157888431912865688E+02    0.102390013414336600E+01   -0.722782586975447394E+00   -0.152464207217447267E+01   -0.207062975787722081E+01
    0.910069082551200254E-03    0.107548543038433394E+03    0.729240409734847503E+02    0.345754234266540834E+02    0.194423579420800898E+02    0.596831211713507725E+00   -0.728323305898874951E+00   -0.154574861620039750E+01   -0.209006354805124150E+01
    0.909219997653144731E-03    0.107542597388444051E+03    0.669045628885037473E+02    0.378252599114518944E+02    0.411647753299772603E+02    0.144033995536007930E+01   -0.675680809427388063E+00   -0.173328432712833225E+01   -0.200343048579206862E+01
    0.916372240562109987E-03    0.107519113744904843E+03    0.716776839474530618E+02    0.274274723182735549E+02    0.393098371745952520E+02    0.965518399861030718E+00   -0.798313583910579494E+00   -0.137932363521439960E+01   -0.205722273772112363E+01
    0.915116498646368227E-03    0.107514043805283478E+03    0.745839340477690342E+02    0.380977181407881673E+02    0.525160317534473986E+01    0.700064787765175556E+00   -0.733004083899547965E+00   -0.159175967411201325E+01   -0.205867035907260076E+01
    0.913776917290314928E-03    0.107509161124121334E+03    0.689121949139303354E+02    0.458380685996875386E+02    0.413431137031569378E+02    0.101847521005589292E+01   -0.662108836924909294E+00   -0.175867668473846450E+01   -0.194065356154592905E+01
    0.919803632241427251E-03    0.107488201153385262E+03    0.783629514108298224E+02    0.334425093861565017E+02    0.201944681706200875E+02    0.148021897106474021E+01   -0.660623442459588484E+00   -0.175620484271277855E+01   -0.195508221903126045E+01
    0.922541297059173079E-03    0.107474444778730259E+03    0.842923068350996516E+02    0.347308397532971256E+02    0.302362313885595988E+02    0.123221054199494939E+01   -0.813429599468532771E+00   -0.161784958848556415E+01   -0.187990688360924429E+01
    0.921303920527051881E-03    0.107469316618404889E+03    0.558185641293394212E+02    0.317631224032258856E+02    0.578967131359895646E+02    0.939577231213027386E+00   -0.793469729239093091E+00   -0.160392867511725035E+01   -0.204575760212936153E+01
    0.920363020181224636E-03    0.107463547702740158E+03    0.774333062594223236E+02    0.299044876905574917E+02    0.702794436511424525E+01    0.737562356430124022E+00   -0.741730671196588087E+00   -0.164464948603388694E+01   -0.201194884219210435E+01
    0.923787959522857352E-03    0.107448306432933222E+03    0.705440694295245407E+02    0.305604759232599541E+02    0.389612329190502109E+02    0.171257612873905868E+00   -0.879070102719323954E+00   -0.146730040082186308E+01   -0.196277003510955517E+01
    0.924718900217876417E-03    0.107438479462131966E+03    0.668189708914378713E+02    0.334829645703687291E+02    0.168432794274053386E+02    0.119954309292582728E+01   -0.772387080369116408E+00   -0.180246939009363083E+01   -0.207207360982963840E+01
    0.922031108649329790E-03    0.107436488634699344E+03    0.745419812857091983E+02    0.309436351137635981E+02    0.402789718265649732E+01    0.596693077696418550E+00   -0.750680676846209760E+00   -0.166578268515665306E+01   -0.203443389259228002E+01
    0.928006280633627114E-03    0.107415757060100361E+03    0.702733002591522791E+02    0.357964371260886622E+02    0.204525569622276606E+02    0.129796066176423963E+01   -0.704449631982036584E+00   -0.178171588075617771E+01   -0.205644128226821943E+01
    0.926213399104953029E-03    0.107411812240088864E+03    0.809784380229955474E+02    0.304233725831628696E+02    0.841465365927081344E+01    0.617375249342903554E-01   -0.872819120835040207E+00   -0.157619536832742679E+01   -0.192583802811294369E+01
    0.923027734607404404E-03    0.107410890496714998E+03    0.792711655711193686E+02    0.411492086246338147E+02    0.333118204325104230E+02    0.692356601491150747E+00   -0.676474071249991926E+00   -0.165947431073558849E+01   -0.194344513052122325E+01
    0.920308259049899152E-03    0.107408979205262668E+03    0.600610174815319837E+02    0.329651900005144114E+02    0.561468070912849058E+02    0.865219340355014577E+00   -0.783196536196775650E+00   -0.174373807384165014E+01   -0.191933678674651609E+01
    0.917423789435399865E-03    0.107407445035089054E+03    0.793807078838659663E+02    0.333366796709723019E+02    0.330849519413330455E+02    0.960834435559571265E+00   -0.757597587888974688E+00   -0.165573855823758365E+01   -0.186664027606693028E+01
    0.915605501161155110E-03    0.107403600368838255E+03    0.814666960763733385E+02    0.251454703251663041E+02    0.440428671394369360E+02    0.149003955828359080E+01   -0.683270906029388891E+00   -0.147889680671646584E+01   -0.191748055460879652E+01
    0.915614745864223281E-03    0.107395767675302082E+03    0.831140899133284989E+02    0.252254408605341283E+02    0.419941392131538578E+02    0.147715065271276758E+01   -0.729237714116084401E+00   -0.133988441389106594E+01   -0.188826946229740944E+01
    0.914946395081526120E-03    0.107389415603577220E+03    0.786391855881229986E+02    0.289312163608473014E+02    0.340379641721676975E+02    0.349784345278991660E+00   -0.775468438284838690E+00   -0.140921670140004540E+01   -0.199626606676476026E+01
    0.912813667578766630E-03    0.107386270518112113E+03    0.609156720167502215E+02    0.485007559319369790E+02    0.357832560493327634E+02    0.102431323934343554E+01   -0.729671800188495867E+00   -0.170987739552212736E+01   -0.201158475451547236E+01
    0.921634905052408078E-03    0.107359223234214767E+03    0.868498553029592273E+02    0.282440520608357737E+02    0.345926356542823896E+02    0.112558938365874162E+01   -0.733617696111109829E+00   -0.147122357987890884E+01   -0.189635780284892674E+01
    0.919466901744090065E-03    0.107356120966538469E+03    0.608762088414117812E+02    0.375638955514418598E+02    0.446964549658691297E+02    0.120583783286565027E+01   -0.810353424570537939E+00   -0.151701255096961263E+01   -0.204649263255267044E+01
    0.927598798416290077E-03    0.107330697941450921E+03    0.828868403095122943E+02    0.334162271155826858E+02    0.110924514496331916E+02    0.842130655203124801E+00   -0.807946556111304615E+00   -0.142421588493268336E+01   -0.197790195743266128E+01
    0.925358504045173803E-03    0.107327721592742137E+03    0.740632348537941425E+02    0.289340489117338606E+02    0.473053986893327618E+02    0.591706094098612079E+00   -0.791537196264957776E+00   -0.157524063300945372E+01   -0.186685289600902182E+01
    0.927996821585576315E-03    0.107314214945945679E+03    0.697884083023517832E+02    0.391297519419087223E+02    0.297153208178334189E+02    0.124808240275913240E+01   -0.680113237705827878E+00   -0.172502634558087919E+01   -0.206601132565417167E+01
    0.928756986403018493E-03    0.107304764824723875E+03    0.630213488931373078E+02    0.365196173014045584E+02    0.412386309906975228E+02    0.202363976738324347E+00   -0.724500102886540542E+00   -0.183529500690432812E+01   -0.202905698876112917E+01
    0.928018510721266890E-03    0.107298543202504931E+03    0.715330525250280118E+02    0.313129720814159498E+02    0.359521761584270294E+02    0.100985662589598801E+01   -0.843877684095509117E+00   -0.152688923919004127E+01   -0.203611268817147817E+01
    0.924872526077850205E-03    0.107297522224734792E+03    0.673946107280291216E+02    0.438858096431803801E+02    0.423774346797461519E+02    0.884486541650030822E+00   -0.738021546274784113E+00   -0.157661201652859773E+01   -0.196511919453850159E+01
    0.925903333060985640E-03    0.107287481886966901E+03    0.635862427471738272E+02    0.338530941920837520E+02    0.311933077870845459E+02    0.871580124534422240E+00   -0.832277584837892714E+00   -0.160923487074535365E+01   -0.212928625094368362E+01
    0.928920284401652365E-03    0.107273163207138566E+03    0.665458676284391686E+02    0.246808752542198633E+02    0.514830519449023143E+02    0.472848459898800311E+00   -0.722245274023303852E+00   -0.154867194706870848E+01   -0.206231418677507694E+01
    0.928117441073912208E-03    0.107267080006154401E+03    0.933624610749133979E+02    0.342586989123409111E+02    0.185258989398932101E+02    0.157003856564697331E+01   -0.704612989388264888E+00   -0.139110253944446671E+01   -0.185659152135247463E+01
    0.931518577613921098E-03    0.107251951794266546E+03    0.935550337933887164E+02    0.343355064085412565E+02    0.142183828372788454E+02    0.133014570247687614E+01   -0.737310638405318519E+00   -0.148276999341278160E+01   -0.182647418065234612E+01
    0.934063850858946943E-03    0.107238681964082829E+03    0.699546993153267920E+02    0.297801791215281284E+02    0.509199365927255343E+02    0.127405646089167002E+01   -0.718048563338600898E+00   -0.161362626805287879E+01   -0.190026862596843826E+01
    0.931802689448621370E-03    0.107235716890130462E+03    0.656338496526920778E+02    0.354328513112301380E+02    0.408917103675764793E+02    0.108920767380724959E+01   -0.768933007926951406E+00   -0.152027660747346216E+01   -0.201708928581300118E+01
    0.929710763832183526E-03    0.107232399499189938E+03    0.682064046707145621E+02    0.286123381791411262E+02    0.508753167159938187E+02    0.125543217971236443E+01   -0.730216244796118241E+00   -0.131467248839120954E+01   -0.202411089022285928E+01
    0.927133764758087710E-03    0.107230138354058781E+03    0.889505721894617096E+02    0.335014359919971838E+02    0.165599091603740050E+02    0.139246988240234493E+01   -0.768694798847026739E+00   -0.149311589434862446E+01   -0.191475886451494048E+01
    0.926474501873424702E-03    0.107223748512609333E+03    0.635766118179505924E+02    0.374040872369443917E+02    0.466836521766261967E+02    0.109677092693355349E+01   -0.792173146628397662E+00   -0.149465759917754770E+01   -0.195414873555572233E+01
    0.938701884619817296E-03    0.107189713167410815E+03    0.771039223332113721E+02    0.250039095196824981E+02    0.531761389528125790E+02    0.963482319429254552E+00   -0.692892801916531020E+00   -0.142344473206789424E+01   -0.189878592140896085E+01
    0.939617833305433242E-03    0.107179950096910034E+03    0.662244111707239398E+02    0.342250788695727124E+02    0.462302452839515468E+02    0.974040306553265345E+00   -0.839156829639621682E+00   -0.157936985406352948E+01   -0.193012620729262330E+01
    0.946494730183415449E-03    0.107157553255583281E+03    0.783618054278093865E+02    0.306272252817629109E+02    0.101809311617196485E+02    0.480848322855020882E+00   -0.794182593084215682E+00   -0.168533489506813661E+01   -0.198109097259063405E+01
    0.945802611810446091E-03    0.107151203778097710E+03    0.654019197613758649E+02    0.350958133902085763E+02    0.410765438529934741E+02    0.106319306130285263E+01   -0.827183367347734677E+00   -0.157636227930619333E+01   -0.207999716743499530E+01
    0.946622905916528362E-03    0.107141657430926927E+03    0.815029456289254881E+02    0.255433101271854213E+02    0.226861479689188208E+02    0.606759007249669247E+00   -0.793543213272739134E+00   -0.152639843232795913E+01   -0.195498969424246982E+01
    0.948522623171302141E-03    0.107129835280244322E+03    0.644539923085798847E+02    0.295907499845302731E+02    0.394791180047908838E+02    0.715471401071776092E+00   -0.818237172645960964E+00   -0.169522580304868686E+01   -0.203949135995920106E+01
    0.948867676281801549E-03    0.107121295353495270E+03    0.790946600578243846E+02    0.277286304562997010E+02    0.382778929629190685E+02    0.543578682596643437E+00   -0.716176432375013938E+00   -0.165793138379447025E+01   -0.189366767296158245E+01
    0.952332456070172258E-03    0.107106193176695527E+03    0.740562756788826277E+02    0.229556501897179963E+02    0.458513460904075814E+02    0.406870411849085456E+00   -0.722555288424665099E+00   -0.147785448892129301E+01   -0.198923275063200933E+01
    0.953015367426900410E-03    0.107096947003793318E+03    0.819659967866005132E+02    0.326451460861094347E+02    0.461678238236835128E+02    0.119277019376528037E+01   -0.661174730523784282E+00   -0.153779793933924891E+01   -0.181955590106238718E+01
    0.953455038094103364E-03    0.107088212022807028E+03    0.715887975972569279E+02    0.435357577343681896E+02    0.430306666070644184E+02    0.119668087045136140E+01   -0.742065645603460000E+00   -0.163557134041972918E+01   -0.188625552575458899E+01
    0.952045037850033650E-03    0.107083359376798569E+03    0.636409453571373476E+02    0.362071798931290800E+02    0.376787839833242160E+02    0.147117031669443921E+01   -0.689271151767828938E+00   -0.169646199855432256E+01   -0.213527673035064813E+01
    0.953129215185268409E-03    0.107073270596924317E+03    0.772539668030472342E+02    0.280774427363532588E+02    0.369390573523747818E+02    0.642329642185282101E+00   -0.786485618511312712E+00   -0.154164346268351560E+01   -0.189711925805278248E+01
    0.950313257369643657E-03    0.107071375711794431E+03    0.728023481482154864E+02    0.347317475660276784E+02    0.113051925075591644E+02    0.120246540803781987E+01   -0.819322487293257407E+00   -0.160748096806267782E+01   -0.206458149012815806E+01
    0.948979162897233539E-03    0.107066372878547384E+03    0.848993704491741710E+02    0.333605177239690036E+02    0.724656657490206335E+01    0.113889404206652589E+01   -0.851487493499585080E+00   -0.160168983584004154E+01   -0.189127416638389190E+01
    0.946825511624724563E-03    0.107063104416713088E+03    0.659252911809986415E+02    0.298543977149883446E+02    0.398026389082804997E+02    0.122830061560888892E+01   -0.750707928539161795E+00   -0.160326964992276322E+01   -0.212897767317709974E+01
    0.948637828484165824E-03    0.107051467379728678E+03    0.778514529472711274E+02    0.434916353733078154E+02    0.220565773641323624E+02    0.948167619772037340E+00   -0.723696085510791010E+00   -0.144812672637300421E+01   -0.194953796860310091E+01
    0.948033939786266746E-03    0.107044928455322349E+03    0.668622710148560628E+02    0.430527673293386854E+02    0.416466216447912814E+02    0.156147428067615002E+00   -0.688346609835023715E+00   -0.149691089012033296E+01   -0.199273521511030860E+01
    0.953718360617860218E-03    0.107025159744706656E+03    0.686723409645020268E+02    0.335083983002116241E+02    0.530524114692953574E+02    0.149838921202949349E+01   -0.648222762213096715E+00   -0.133532882190846935E+01   -0.192892554260228488E+01
    0.952318289746495851E-03    0.107020285427711485E+03    0.800835719770171579E+02    0.318330691708281535E+02    0.124409429792700887E+02    0.130448039158168227E+01   -0.874885866613924090E+00   -0.163445854863381790E+01   -0.192536719106612741E+01
    0.948782973598727691E-03    0.107019911395700916E+03    0.763210496419667663E+02    0.250888047401651200E+02    0.313123259074999716E+02    0.942496544583680929E+00   -0.827873254182171170E+00   -0.160966579303332225E+01   -0.192886327689530956E+01
    0.950419380453623882E-03    0.107008652380891462E+03    0.660792161525437649E+02    0.413890664349398492E+02    0.385847647090911821E+02    0.632317178970559501E+00   -0.746458504112846866E+00   -0.138894375853993557E+01   -0.201238283059771161E+01
    0.949925893180132296E-03    0.107001878612729172E+03    0.868094342788520805E+02    0.341080962459610646E+02    0.618779943834278523E+01    0.814280994268673175E+00   -0.654213450337397973E+00   -0.156398694122165760E+01   -0.195530691047268856E+01
    0.956720151355088173E-03    0.106979812209750037E+03    0.597146724515304612E+02    0.466068214664464904E+02    0.420045807824810637E+02    0.105266078945951413E+01   -0.763662326681865178E+00   -0.167876036373361170E+01   -0.202491638926981787E+01
    0.955236066327544409E-03    0.106975104561863020E+03    0.637911183293277020E+02    0.277830858733191128E+02    0.583591647809837255E+02    0.135445125295225877E+01   -0.761005524001910016E+00   -0.155239228325939793E+01   -0.191346636635093792E+01
    0.961516631099618027E-03    0.106954185337645825E+03    0.660386260013866320E+02    0.386474023066971171E+02    0.530052058411927050E+02    0.135041568530350120E+01   -0.660626614386869537E+00   -0.141148165892066779E+01   -0.189733208311940893E+01
    0.964140888498495096E-03    0.106940921693822474E+03    0.842289826361256786E+02    0.375822533379213866E+02    0.193266951980943524E+02    0.999035677496733499E+00   -0.657236791942549692E+00   -0.161601951139206546E+01   -0.194209587095984837E+01
    0.963924826154932452E-03    0.106933557440669716E+03    0.728792432969080295E+02    0.313551497591819270E+02    0.407945840925873000E+02    0.157065732809036995E+01   -0.705348414151267589E+00   -0.138547658629614068E+01   -0.196111676334365903E+01
    0.963113660167864961E-03    0.106927428697461764E+03    0.694495135053658714E+02    0.421523833422286742E+02    0.286866475072391545E+02    0.107592327897158202E+01   -0.794984711987407389E+00   -0.156409325732210713E+01   -0.205005799847450287E+01
    0.962828291240151995E-03    0.106920208881845852E+03    0.774969441084683268E+02    0.303728387246290339E+02    0.442613679130784163E+02    0.930090181280637029E+00   -0.721323557058041631E+00   -0.127941826438827144E+01   -0.190259230224762366E+01
    0.959287508586588174E-03    0.106919764900764477E+03    0.818015008874187259E+02    0.266339267891282567E+02    0.344711561796829136E+01    0.657176678447225382E+00   -0.766409407732594028E+00   -0.155370211491085364E+01   -0.197049396823782397E+01
    0.969354316691978701E-03    0.106891073667560619E+03    0.913189739782682182E+02    0.310381715345540528E+02    0.270587670440304571E+02    0.882073212628889824E+00   -0.702091039139356665E+00   -0.140850359988728857E+01   -0.183690711395438444E+01
    0.967518860405315248E-03    0.106887051724129407E+03    0.683293837923017691E+02    0.314622409536139322E+02    0.543696085419422062E+02    0.119338702609805702E+01   -0.650162121088325717E+00   -0.156985389500859651E+01   -0.189808916421942731E+01
    0.965036077341967203E-03    0.106884378088501762E+03    0.604084073525955247E+02    0.372816369783056416E+02    0.489877461570017374E+02    0.101336168846085473E+01   -0.801517031749342079E+00   -0.159356263613300175E+01   -0.200746155696481576E+01
    0.968355920306021231E-03    0.106869697149549069E+03    0.912930380118583571E+02    0.285647575797924560E+02    0.208573546195132964E+00    0.894878385692922551E+00   -0.738126628186706046E+00   -0.162763560065091428E+01   -0.187062700691921036E+01
    0.979658066976597016E-03    0.106838676862410125E+03    0.807403614983892481E+02    0.247675662897097943E+02    0.249824872618396014E+02    0.131412280318956931E+01   -0.793821289514724304E+00   -0.151175532560836534E+01   -0.194169852474451998E+01
    0.976267582951763422E-03    0.106837798138079762E+03    0.660849627288827577E+02    0.320495878956287754E+02    0.516769120064462868E+02    0.502351368233643347E+00   -0.676006976481082544E+00   -0.175349032040654995E+01   -0.199661509241175361E+01
    0.972965526887974120E-03    0.106836761757787144E+03    0.708092069919342464E+02    0.470471533010880165E+02    0.348636421638662526E+02    0.911141552873648952E+00   -0.713817985891033402E+00   -0.151064433624592920E+01   -0.190612126282403849E+01
    0.973110175000981600E-03    0.106828651945379193E+03    0.741092878963462596E+02    0.243289814628438101E+02    0.492886288570314619E+02    0.148479318811527694E+01   -0.690843305871104096E+00   -0.144818319198518464E+01   -0.196296408255841559E+01
    0.973679850755330739E-03    0.106819668952900656E+03    0.785578566856615481E+02    0.381718939602316567E+02    0.398316833464998936E+02    0.306249058864783041E+00   -0.631586103898123641E+00   -0.144761549703796399E+01   -0.186192927514160944E+01
    0.972587944367586861E-03    0.106814100556214768E+03    0.743948498252960775E+02    0.277849482866993931E+02    0.278668993460044803E+02    0.989561738354629905E+00   -0.761432439282837992E+00   -0.160336123487308191E+01   -0.199374442514823746E+01
    0.969462809071872144E-03    0.106812724835454844E+03    0.790337577127516937E+02    0.387512403296889403E+02    0.991623742922780949E+01    0.228433731960065112E+00   -0.712277579984393450E+00   -0.152002712467156953E+01   -0.204083097102795108E+01
    0.971520468292006432E-03    0.106800671886781316E+03    0.885660127286620877E+02    0.358611320064696031E+02    0.290628648796880995E+02    0.414925887511403524E+00   -0.664269107197370090E+00   -0.165324656610799048E+01   -0.186588539899649275E+01
    0.967899372223387459E-03    0.106800327806358695E+03    0.667019932870214092E+02    0.298549588994476025E+02    0.315946194350330707E+02    0.119954063768665620E+01   -0.751653483959492164E+00   -0.176578353485397899E+01   -0.204655533386274646E+01
    0.966125958755511042E-03    0.106796183125877931E+03    0.619210262918575722E+02    0.352517771794686894E+02    0.377049882472096627E+02    0.146460316346042774E+01   -0.822260462065778519E+00   -0.177746352015400655E+01   -0.210383133846627945E+01
    0.966068484341740591E-03    0.106788489608548659E+03    0.725072920206377489E+02    0.344579385088243271E+02    0.371387090155632364E+02    0.527575873546065832E+00   -0.862881760585573865E+00   -0.143941108092834247E+01   -0.193851010894936993E+01
    0.976874836974770278E-03    0.106758429492892674E+03    0.867588671566926450E+02    0.266717181865177295E+02    0.298469957692917873E+02    0.977420323653229839E+00   -0.767037487135285856E+00   -0.139499043313528492E+01   -0.190062013719816791E+01
    0.978219053651288063E-03    0.106747866809088649E+03    0.623310687120863207E+02    0.371514550888386736E+02    0.348672794982263881E+02    0.109296892691176128E+01   -0.706484029081615894E+00   -0.175027697012835004E+01   -0.213368768588145308E+01
    0.979146479768227065E-03    0.106738159055145530E+03    0.838439387878168674E+02    0.377916700495270916E+02    0.125458976037380818E+02    0.152228226032297220E+01   -0.767186018559906646E+00   -0.143774655871141754E+01   -0.197348023791701843E+01
    0.977242209719673396E-03    0.106734239995462730E+03    0.864098677300610518E+02    0.335290853831115925E+02    0.105380783172900259E+02    0.794040297007428841E+00   -0.787611749705403597E+00   -0.155175316162912580E+01   -0.186513006051791286E+01
    0.982077969865532974E-03    0.106716555152973399E+03    0.827172904126048394E+02    0.295692435774432667E+02    0.273860518323708462E+02    0.764055183093908297E+00   -0.853055014638851139E+00   -0.158547043604096394E+01   -0.190018449093807584E+01
    0.979554528400217346E-03    0.106713888250549871E+03    0.703501039045773382E+02    0.415905051349384394E+02    0.404617544045263955E+02    0.931641783763756504E+00   -0.690827937948681470E+00   -0.146207651280843542E+01   -0.190526302100102174E+01
    0.979258756178050943E-03    0.106706679733025879E+03    0.718847685646007193E+02    0.466704617949370686E+02    0.354902976879252350E+02    0.676899311872580234E+00   -0.676496818259617827E+00   -0.175374928545966258E+01   -0.193295093842611898E+01
    0.978968208640090863E-03    0.106699460724067194E+03    0.714018834600512378E+02    0.288847234472314511E+02    0.492544793728684311E+02    0.107417582969111236E+01   -0.810090605793259533E+00   -0.144274520826410790E+01   -0.195909104757186303E+01
    0.976323824130458616E-03    0.106697057924669565E+03    0.767578388605862756E+02    0.366570633033566011E+02    0.375923895150353928E+02    0.118435867718924648E+01   -0.800321980161689872E+00   -0.147454916135474479E+01   -0.193212715402317015E+01
    0.975396522935211095E-03    0.106691145904451730E+03    0.713477472771583621E+02    0.309127666582549310E+02    0.282818477266377784E+02    0.115630897447914416E+01   -0.813787768966791392E+00   -0.159393984468144145E+01   -0.199535371422474683E+01
    0.971950048391771238E-03    0.106690412736282326E+03    0.586419991308217519E+02    0.379965123977176518E+02    0.445272832264742249E+02    0.895502775768406645E+00   -0.746121370806330120E+00   -0.183168750139905923E+01   -0.204196318699143919E+01
    0.970185458598488539E-03    0.106686234566168196E+03    0.740752663478385500E+02    0.334275628857497011E+02    0.955219601923673878E+01    0.860214842934784119E+00   -0.826921843969085302E+00   -0.160627688062051543E+01   -0.203671558189868041E+01
    0.967852365604345900E-03    0.106683237439928362E+03    0.816063076516974064E+02    0.320815386202109352E+02    0.701341396920679561E+01    0.142636831423985644E+01   -0.715698857013205236E+00   -0.166194915804917409E+01   -0.197678476065155362E+01
    0.965609329076833685E-03    0.106680065399141895E+03    0.750648842032359767E+02    0.309198892843139461E+02    0.341920202430314006E+02    0.119746805750196339E+01   -0.828693615831417540E+00   -0.145543308576849117E+01   -0.200454152280242370E+01
    0.965982438266956250E-03    0.106671480253076481E+03    0.857545647814631451E+02    0.359978319515407392E+02    0.349032509726573963E+02    0.875566916649298976E+00   -0.666309481515100055E+00   -0.144759356617153156E+01   -0.188639249492779526E+01
    0.966341297831887526E-03    0.106662924897079108E+03    0.711202449472723970E+02    0.234093479692769009E+02    0.397326695312276996E+02    0.565976845906038140E+00   -0.847411617662791494E+00   -0.159667736367721269E+01   -0.199400250409649837E+01
    0.963128762571505018E-03    0.106661772336084908E+03    0.886962082275708212E+02    0.312829868292976840E+02    0.136056509612928558E+02    0.102081871294140325E+01   -0.821399385059804255E+00   -0.160940785102735573E+01   -0.183979130075301378E+01
    0.967938968936754834E-03    0.106643995988135515E+03    0.742282967925452795E+02    0.365809645050724797E+02    0.282287636069661403E+02    0.889532150651594966E+00   -0.803702654523113180E+00   -0.148855385143082120E+01   -0.195063297229869015E+01
    0.964343895100427040E-03    0.106643625624173609E+03    0.737293319971569190E+02    0.294850200624296619E+02    0.790217200960179511E+01    0.119946475786060258E+01   -0.725074980689384141E+00   -0.177646957825050777E+01   -0.200849354023646054E+01
    0.976858962949281231E-03    0.106610024492766513E+03    0.736073504384309132E+02    0.330809795687503794E+02    0.472322862018889538E+02    0.130533558182236042E+01   -0.676365796828112709E+00   -0.132571195520506890E+01   -0.195406804895728592E+01
    0.974827384309856883E-03    0.106606375734294019E+03    0.779775385200236286E+02    0.356702169980730446E+02    0.288572351909082983E+02    0.143839612802930694E+01   -0.855415973017841225E+00   -0.161336775301057722E+01   -0.193713722476330763E+01
    0.972648159109726481E-03    0.106603039236299949E+03    0.911478787248401119E+02    0.324286945237612940E+02    0.127075663122382920E+02    0.137334780129088063E+01   -0.769399986896255106E+00   -0.165844696428740401E+01   -0.184557786568785165E+01
    0.971262384382111507E-03    0.106598078256329003E+03    0.758738212900429687E+02    0.320311333675060368E+02    0.501160650890486252E+02    0.965261467082111135E+00   -0.633362336712015139E+00   -0.154800680066537399E+01   -0.188745335307640882E+01
    0.972644130793281418E-03    0.106587422519510596E+03    0.755090322679563997E+02    0.358631235669125061E+02    0.353044160624727823E+02    0.177566766943134335E+00   -0.644167303187467510E+00   -0.171788306525023371E+01   -0.194651304089251020E+01
    0.971166825224213811E-03    0.106582650039115208E+03    0.729150731363526177E+02    0.331513861457990373E+02    0.537082249830322311E+02    0.885586559764447889E+00   -0.679621128856832346E+00   -0.137201956673605574E+01   -0.186601332809605447E+01
    0.971877239750371688E-03    0.106573375061612751E+03    0.802032749512338086E+02    0.334289073215956734E+02    0.450643817937454401E+02    0.966726051757866078E+00   -0.639298453445416026E+00   -0.149507890668590804E+01   -0.188572531114440345E+01
    0.968354819299467292E-03    0.106572824423521155E+03    0.675814333474005480E+02    0.321640984199534472E+02    0.406236487066090035E+02    0.150187548303356511E+00   -0.754786359763210513E+00   -0.149461892708555721E+01   -0.209755995309216203E+01
    0.965210120089735014E-03    0.106571517424150301E+03    0.738699732465504439E+02    0.272497752404243556E+02    0.432222557884523866E+02    0.126553100669408858E+01   -0.811490732579415619E+00   -0.170538505131066453E+01   -0.192524831783157979E+01
    0.962978476964040605E-03    0.106568334438349410E+03    0.743858082353543182E+02    0.335683933492272644E+02    0.517489367352903074E+02    0.136036629212477966E+01   -0.621506933976247122E+00   -0.148664478204347317E+01   -0.184944967276098016E+01
    0.959500122905799320E-03    0.106567759174392592E+03    0.687524195215745948E+02    0.337002821501489080E+02    0.407889449728560578E+02    0.846288233611116825E+00   -0.762891625255143202E+00   -0.149613994411788243E+01   -0.197623895691054585E+01
    0.960661609486318751E-03    0.106557527114201235E+03    0.769971196367201003E+02    0.292792610956933785E+02    0.948738176157720403E+01    0.882467634747271745E+00   -0.741781252245716560E+00   -0.167718240694866250E+01   -0.198523940497152451E+01
    0.957050379185649331E-03    0.106557246995686086E+03    0.650841969653207002E+02    0.422021639432591513E+02    0.350193135353330334E+02    0.588262337188125373E+00   -0.740519506297764751E+00   -0.152556756071302901E+01   -0.208165532066018333E+01
    0.953918065270598710E-03    0.106555990996876602E+03    0.921611032905896650E+02    0.289731559065693958E+02    0.266100354348317794E+02    0.128793497388751832E+01   -0.729538191405247005E+00   -0.153773524055896549E+01   -0.183413900767059812E+01
    0.950410839564520284E-03    0.106555545353857184E+03    0.715771042238132793E+02    0.342934654522173261E+02    0.355867208589270945E+02    0.429622406368660892E+00   -0.846568738362469819E+00   -0.164433222161734793E+01   -0.193324571984241977E+01
    0.948935111494104673E-03    0.106550840720260439E+03    0.757340563721438826E+02    0.414513536401339309E+02    0.350866417754915858E+02    0.806874977302804663E+00   -0.763353809753316348E+00   -0.146479726396566456E+01   -0.193662800079106745E+01
    0.947496865503692515E-03    0.106546061803924104E+03    0.740421752392882411E+02    0.394528167387705793E+02    0.413283448149863091E+02    0.105336298516822735E+01   -0.620462607514737252E+00   -0.171511584495993086E+01   -0.194421715339079748E+01
    0.949802076756147578E-03    0.106533389316211185E+03    0.772506226748624840E+02    0.281741608534815455E+02    0.475108739973390684E+02    0.670035917231668443E+00   -0.656260429828193326E+00   -0.146500634821474995E+01   -0.189936393161388617E+01
    0.947327872464239829E-03    0.106530793550459052E+03    0.744192005518466289E+02    0.404320463114557356E+02    0.348781268867343641E+02    0.155261011153005257E+01   -0.664933881266269289E+00   -0.138424540142493901E+01   -0.199126009167372309E+01
    0.946592237996818115E-03    0.106524534726351391E+03    0.845284661829382316E+02    0.290215718892043171E+02    0.343332804189470977E+02    0.276718464133074937E+00   -0.822761581768242101E+00   -0.151523553378051612E+01   -0.184596077465442132E+01
    0.948846383911592121E-03    0.106511965233534198E+03    0.905368995564494270E+02    0.265394715933499583E+02    0.147892951684237293E+02    0.127393503272328368E+01   -0.738728816417020262E+00   -0.155949694201977529E+01   -0.186172849457698342E+01
    0.945459716516005222E-03    0.106511303998059148E+03    0.802314035979171365E+02    0.292052790834955971E+02    0.171382151372147611E+02    0.940536597282860098E+00   -0.770836721731494201E+00   -0.141331497618566893E+01   -0.199348386315404635E+01
    0.943188269168478491E-03    0.106508302237720414E+03    0.897796250673255685E+02    0.318674098661366827E+02    0.790644672573748064E+01    0.625439093401843005E+00   -0.779465790090905442E+00   -0.147136835612021688E+01   -0.187058563583357240E+01
    0.939832100860463139E-03    0.106507619075066458E+03    0.780259179217292740E+02    0.294002716301874223E+02    0.980654900373831495E+01    0.707811551414452733E+00   -0.822075672732309082E+00   -0.177648540551668721E+01   -0.191800622109598784E+01
    0.937195935152586377E-03    0.106505424322677101E+03    0.723558207263713911E+02    0.276920798427853967E+02    0.366742374899722705E+02    0.116410399211756310E+01   -0.784316474161596666E+00   -0.171158331393325436E+01   -0.201947637910318534E+01
    0.937938653425535282E-03    0.106496027470670995E+03    0.751286996393440489E+02    0.250253591429958391E+02    0.376443201726612102E+02    0.134631692034645689E+01   -0.767210514584546033E+00   -0.144381315461908510E+01   -0.202465103341276986E+01
    0.936705556699134515E-03    0.106490846076664482E+03    0.821716224684106038E+02    0.311187929321440677E+02    0.172796592531407747E+02    0.125919291959483259E+01   -0.710141971972009456E+00   -0.166516376772551356E+01   -0.195668209873547383E+01
    0.934526250061064063E-03    0.106487692128567062E+03    0.789229288988940567E+02    0.334597701817251831E+02    0.387575621905191952E+02    0.137294827782211759E+01   -0.674537554360348013E+00   -0.130004687489843063E+01   -0.194098832617474892E+01
    0.933980688451805058E-03    0.106481047537796670E+03    0.714758911012663276E+02    0.291304077688861938E+02    0.488662921157121275E+02    0.840561579250388546E+00   -0.821672922619476109E+00   -0.152527274057355777E+01   -0.195343492686922904E+01
    0.933691626688654911E-03    0.106473854122339759E+03    0.747765983115361621E+02    0.313681120727345508E+02    0.506811872552858063E+02    0.700002372953598018E+00   -0.779268075485282763E+00   -0.151712515336277387E+01   -0.184289938419659949E+01
    0.930281977866306083E-03    0.106473358577080006E+03    0.913184332647772834E+02    0.288499428437111831E+02    0.309985209163576814E+01    0.995986102098668669E+00   -0.703383455224252829E+00   -0.154305880439986631E+01   -0.189802635707010170E+01
    0.933671149075825210E-03    0.106458272986581008E+03    0.864256308501178552E+02    0.278791605292258282E+02    0.105377256706716587E+02    0.869435921233350228E+00   -0.740491502474073915E+00   -0.146737786959556660E+01   -0.191970100599508009E+01
    0.940222277851528458E-03    0.106436476435255443E+03    0.595977062746143247E+02    0.385399600425092075E+02    0.442197808246923501E+02    0.591762669458238522E+00   -0.817342405409388517E+00   -0.165198410932374928E+01   -0.210003185694162342E+01
    0.938383113723121405E-03    0.106432579956628018E+03    0.640773731351422242E+02    0.300845895203625915E+02    0.460758332917707207E+02    0.124747851842929491E+01   -0.737168017296916611E+00   -0.148796045956844392E+01   -0.210958159728908878E+01
    0.936882041475658512E-03    0.106427969291982095E+03    0.721402467356144541E+02    0.231509995058869400E+02    0.426530641314191996E+02    0.151244190058737971E+01   -0.797763168441675496E+00   -0.162272096748360894E+01   -0.198697553694796381E+01
    0.934517026629376382E-03    0.106425211867931736E+03    0.631789960560227257E+02    0.431499255147171112E+02    0.383019255558653668E+02    0.607726884687514013E+00   -0.800990525346708893E+00   -0.174261704381716420E+01   -0.204706032713684882E+01
    0.945439370120892443E-03    0.106394159538738080E+03    0.741909381455600681E+02    0.387575602716988357E+02    0.419232135850019603E+02    0.147540561049891683E+01   -0.693528752481323174E+00   -0.141124063886648132E+01   -0.194226260740021273E+01
    0.943214753589245204E-03    0.106391058579157317E+03    0.723500586459117869E+02    0.425611468480086899E+02    0.398897335060388656E+02    0.153763938725080607E+01   -0.691611910522422102E+00   -0.140603003219575995E+01   -0.193691764782878617E+01
    0.942332458589207993E-03    0.106385117779974422E+03    0.865245334358582170E+02    0.309930348971425822E+02    0.132395450026196926E+02    0.152104041818765090E+01   -0.781753186485247387E+00   -0.150904897931528814E+01   -0.193718474313339684E+01
    0.951840880002998444E-03    0.106357225805540367E+03    0.603619414668515191E+02    0.361192293882978106E+02    0.397059105745934104E+02    0.152036721918291673E+01   -0.726824382333443708E+00   -0.168917338302440356E+01   -0.214670148540835815E+01
    0.959529275288519934E-03    0.106333323409543965E+03    0.738163795286682500E+02    0.294221593662661434E+02    0.230522161460791644E+02    0.519341927238496814E+00   -0.856741108271844354E+00   -0.173948108844080229E+01   -0.195311410585818845E+01
    0.957253253909722272E-03    0.106330260582318687E+03    0.684456262916968399E+02    0.449388388357619704E+02    0.385896520223459518E+02    0.211788842626130208E+00   -0.706504158495529389E+00   -0.147063142457789264E+01   -0.193012060175478850E+01
    0.955813200869167347E-03    0.106325459066717997E+03    0.872772755626518517E+02    0.288745679567580424E+02    0.752061180617282776E+01    0.930836481507449576E+00   -0.781686465347258830E+00   -0.167593615731679435E+01   -0.187996824111524297E+01
    0.959155332768148921E-03    0.106310665490562229E+03    0.710900605059850363E+02    0.432763954416007550E+02    0.430964706100527479E+02    0.125685400685016013E+01   -0.694615525400577916E+00   -0.143416010281914463E+01   -0.186150417779192323E+01
    0.960668682686651159E-03    0.106299699888570018E+03    0.701477187864322502E+02    0.236646408118125819E+02    0.424725045176104743E+02    0.268318897737180984E+00   -0.782362623758310338E+00   -0.163727374270456072E+01   -0.202217226465479794E+01
    0.960203513936925645E-03    0.106292856050117891E+03    0.820380187272534016E+02    0.348334428519375905E+02    0.182518483387310333E+02    0.132990148532548158E+01   -0.784456055950420339E+00   -0.174525359104613420E+01   -0.188020285128952125E+01
    0.961623744256947296E-03    0.106282087549629296E+03    0.893698642713445395E+02    0.311030860593255447E+02    0.269541251084804614E+02    0.132978516569676364E+01   -0.783684426302072801E+00   -0.144303093477738376E+01   -0.185411039344366713E+01
    0.962624181864131100E-03    0.106272195405559017E+03    0.818346431587823702E+02    0.319912137548554156E+02    0.258532678707569197E+02    0.401712753653695687E+00   -0.750830090049390941E+00   -0.152021404927333603E+01   -0.197534644791129166E+01
    0.960156084093959864E-03    0.106269517343787612E+03    0.896891965321668039E+02    0.336699499166526337E+02    0.493321418500453923E+01    0.114117304004204612E+01   -0.761812456287127571E+00   -0.147408383995581982E+01   -0.188453158157418965E+01
    0.958600919929108249E-03    0.106264946868707128E+03    0.791049823164485417E+02    0.308089303024788848E+02    0.356353734614488431E+02    0.933140975702644537E+00   -0.852475675596497062E+00   -0.144588583508225343E+01   -0.189132897478128403E+01
    0.957610996930517212E-03    0.106259200785428447E+03    0.727477433621974683E+02    0.328738712880956214E+02    0.418611428867525674E+02    0.721503361971994828E+00   -0.822753301298143169E+00   -0.154761619369178627E+01   -0.197818283722968147E+01
    0.963213308663302473E-03    0.106239721778289422E+03    0.846865936263775296E+02    0.290355772900147713E+02    0.938300645188190607E+01    0.114120007301384674E+01   -0.776468863251152719E+00   -0.157726765892175647E+01   -0.194212592242125126E+01
    0.960185175772136548E-03    0.106238206746895230E+03    0.788866809919194623E+02    0.251344530297308495E+02    0.294329759347080184E+02    0.120982492363283867E+01   -0.819773442660144624E+00   -0.156154302635859921E+01   -0.194864333414676860E+01
    0.956527950378287771E-03    0.106238026541540222E+03    0.609254083747926813E+02    0.315056518926663074E+02    0.547730428438086037E+02    0.133745022252340884E+01   -0.818395271510462763E+00   -0.175346253628403659E+01   -0.197083198825854344E+01
    0.952809125198734292E-03    0.106238004870995439E+03    0.777644831509693546E+02    0.356002496598070834E+02    0.420149905469865388E+02    0.898387416941377137E+00   -0.708206809625902434E+00   -0.146059133363700244E+01   -0.183714513608932650E+01
    0.954887594011194149E-03    0.106225834299580981E+03    0.669076187888975653E+02    0.402381441385300462E+02    0.459051261010371263E+02    0.105291660387231678E+01   -0.663643588362996084E+00   -0.164386471306441151E+01   -0.197843802633268084E+01
    0.955669209495560250E-03    0.106216385385470602E+03    0.728781993926582459E+02    0.436756961370759385E+02    0.400249074807484391E+02    0.102643436468260885E+01   -0.644401991178522815E+00   -0.142839535254486671E+01   -0.190394224239159149E+01
    0.954424494106845874E-03    0.106211179491759196E+03    0.921175052326473178E+02    0.379107554898030230E+02    0.224689713255603394E+02    0.650654278060373459E+00   -0.695719542331666441E+00   -0.152058134889026864E+01   -0.183381297954715583E+01
    0.952607204202134323E-03    0.106207178759453342E+03    0.853422912306756558E+02    0.280673304878516277E+02    0.401753418803410796E+02    0.650614254068383357E+00   -0.687004776767636827E+00   -0.144685559394955177E+01   -0.187651144890351262E+01
    0.949095301741101566E-03    0.106206753127677672E+03    0.667526765347490567E+02    0.397074166460662354E+02    0.351740369781645512E+02    0.118451040841602806E+01   -0.708173051715826007E+00   -0.157273312914697261E+01   -0.206954177513142712E+01
    0.952810761920385297E-03    0.106191126435427520E+03    0.571481423096941299E+02    0.309098253860704908E+02    0.487578949341161163E+02    0.121484138346595949E+01   -0.802526158068524786E+00   -0.174175455157390369E+01   -0.214232006568228250E+01
    0.956157260021070769E-03    0.106176301766569139E+03    0.728273628293707702E+02    0.404353154246989561E+02    0.427323888734811348E+02    0.753975830856243090E+00   -0.679365005922376364E+00   -0.161966565022766829E+01   -0.186202445686026974E+01
    0.952591774144859790E-03    0.106175961155139930E+03    0.685846508928666339E+02    0.384080153419976966E+02    0.454406139113417566E+02    0.118764876420439203E+01   -0.674695421375125504E+00   -0.135253267404504918E+01   -0.196663399464522315E+01
    0.949320636421664742E-03    0.106175028343038264E+03    0.595095342909174008E+02    0.305743628791429884E+02    0.485008985501667169E+02    0.684640388181460974E-01   -0.775557933422313939E+00   -0.158263046242684724E+01   -0.214571584294083095E+01
    0.947960159636589725E-03    0.106170084110131000E+03    0.510888375547955889E+02    0.364470348170347478E+02    0.546510616855272104E+02    0.574890013537244116E+00   -0.695784512800705190E+00   -0.174927829730889517E+01   -0.211081379950571435E+01
    0.948218787084774222E-03    0.106161726034091970E+03    0.745457865921810026E+02    0.227459210059034191E+02    0.491157661774884602E+02    0.707408897289498406E+00   -0.785461011799094111E+00   -0.147291668229127115E+01   -0.195138616572301160E+01
    0.945674760372468845E-03    0.106159286651806781E+03    0.652323572903247566E+02    0.348434333269213710E+02    0.481263649699787450E+02    0.117559598264357068E+01   -0.749194199904434255E+00   -0.135020535481652160E+01   -0.199545135597824363E+01
    0.942265826098121081E-03    0.106158696705320395E+03    0.775272731981200707E+02    0.280357161232147583E+02    0.381522301724883235E+02    0.752662144969757807E+00   -0.743447461274803212E+00   -0.131244249838416138E+01   -0.197348220314707490E+01
    0.939166900117586762E-03    0.106157472649838866E+03    0.721073840671871125E+02    0.390607585987238792E+02    0.389161591401555853E+02    0.134765218322057345E+01   -0.658262121457827698E+00   -0.137649128138223364E+01   -0.196898311004492110E+01
    0.945120528829983741E-03    0.106137021635282906E+03    0.823208890719010213E+02    0.406152183962849023E+02    0.147078609359771573E+02    0.148685821237325522E+01   -0.762629341283051154E+00   -0.154770504931690400E+01   -0.192554146740582954E+01
    0.943774137625770244E-03    0.106132060308418531E+03    0.667837992038290338E+02    0.346930916184519162E+02    0.512658921644649084E+02    0.475297011168182848E+00   -0.658105450587773477E+00   -0.161401535309898314E+01   -0.196021009519564049E+01
    0.940687160341713595E-03    0.106130800301799297E+03    0.542699740385733733E+02    0.398289570142590250E+02    0.472534158524049914E+02    0.525781871318470539E+00   -0.814928369129354291E+00   -0.176967398488719985E+01   -0.210053395736217485E+01
    0.937393177995544209E-03    0.106130003445713072E+03    0.806217110636288083E+02    0.398307705497263811E+02    0.916154805782063164E+01    0.921455692451210617E+00   -0.730157636891249684E+00   -0.148169546304925026E+01   -0.198439764394066320E+01
    0.935287204735761363E-03    0.106126689255551725E+03    0.800572012261740582E+02    0.327716808901205425E+02    0.270137936055376038E+02    0.123396512505441658E+01   -0.664778808824463274E+00   -0.163412047387652781E+01   -0.195916217296833906E+01
    0.932914941571355788E-03    0.106123956001272802E+03    0.666641585216464563E+02    0.357226830827489792E+02    0.537990591630133963E+02    0.118007768564697813E+01   -0.703129101243547883E+00   -0.155156789943891793E+01   -0.189776521097190809E+01
    0.933100521777231197E-03    0.106115745690621964E+03    0.571082052607462671E+02    0.341536122301132536E+02    0.487473744294061078E+02    0.747634075199003933E+00   -0.741570231150097570E+00   -0.164323085233761335E+01   -0.215491066647615526E+01
    0.935688267841571462E-03    0.106102394313820767E+03    0.899077766110709007E+02    0.333926926685612031E+02    0.234903428798347313E+02    0.120156783609928815E-01   -0.657126580912639868E+00   -0.160401235620474969E+01   -0.187844853901571751E+01
    0.936009096929708091E-03    0.106093896170730574E+03    0.757968788838237799E+02    0.266972850464874298E+02    0.400010241160977600E+02    0.113308693991966769E+01   -0.782697566471830974E+00   -0.165391558246078318E+01   -0.190977631249251045E+01
    0.932866941821015351E-03    0.106092808906656927E+03    0.743402362692223448E+02    0.330455413966560627E+02    0.372890422784520936E+02    0.837726195641332327E+00   -0.700897506328559849E+00   -0.154937599480498722E+01   -0.202885823720001390E+01
    0.935627940088891463E-03    0.106079085766378213E+03    0.622277269307986245E+02    0.465351919293639611E+02    0.443362150299128999E+02    0.582191150918106026E+00   -0.738791172573092680E+00   -0.175011421700413838E+01   -0.189978230347946697E+01
    0.933467550231538825E-03    0.106075896659523465E+03    0.817546719925016561E+02    0.265193516794185555E+02    0.246972977420339532E+02    0.118672328144982253E+01   -0.741313310584968521E+00   -0.153167089982882865E+01   -0.194138392549274252E+01
    0.930234271926226380E-03    0.106075023642032278E+03    0.741736221654634420E+02    0.248692186435093348E+02    0.548303299080099080E+02    0.126120971992011199E+01   -0.724143150913922895E+00   -0.146282799433361088E+01   -0.190650237607297335E+01
    0.936812513875200830E-03    0.106053117720871484E+03    0.787099403929698838E+02    0.356862212906303427E+02    0.298086082827948502E+02    0.137406781603307970E+01   -0.816153270125067776E+00   -0.161216041775440710E+01   -0.194838755655406026E+01
    0.935214008652241109E-03    0.106048720782760654E+03    0.829412472064670112E+02    0.315540733648308134E+02    0.422456361349723153E+02    0.145844364898558920E+01   -0.679171158195175151E+00   -0.135789346953146572E+01   -0.185295713352953673E+01
    0.952185169507911429E-03    0.106004940018148886E+03    0.807555984587746423E+02    0.277343989431049778E+02    0.168889828301991529E+01    0.115749164125089421E+01   -0.707984407744162159E+00   -0.177400426080380891E+01   -0.193006115408928114E+01
    0.949411092647183159E-03    0.106002962781677354E+03    0.723759266504954866E+02    0.307554263226776570E+02    0.544404362204106249E+02    0.112875627896324726E+01   -0.672951501454378320E+00   -0.150039472238655014E+01   -0.184343056975007147E+01
    0.946060725735090925E-03    0.106002220543274021E+03    0.782601515032622501E+02    0.290498898845808178E+02    0.274384440167414247E+02    0.108315733472287379E+01   -0.791088185266932920E+00   -0.136439604706570372E+01   -0.198967175927191353E+01
    0.942537536230985307E-03    0.106001870071937518E+03    0.737628375030224106E+02    0.362407952721306472E+02    0.497529568877754329E+02    0.138974898336770747E+01   -0.696832810603448705E+00   -0.143334852386506428E+01   -0.181953411341337867E+01
    0.939070133024628821E-03    0.106001428730522690E+03    0.741168654977814754E+02    0.357277629114370257E+02    0.405484051299970574E+02    0.999019982636691228E+00   -0.784229479327994916E+00   -0.134036443296691243E+01   -0.190249078909025271E+01
    0.936410407717941807E-03    0.105999288861151399E+03    0.729361875826262462E+02    0.280226474996108657E+02    0.493838835559142169E+02    0.150911064092239178E+01   -0.704208538847476584E+00   -0.135800852423147056E+01   -0.198095060566868231E+01
    0.935205102675336266E-03    0.105994052328709969E+03    0.782797572534948358E+02    0.319265674139055484E+02    0.450648449985746637E+02    0.135976805025879366E+01   -0.702275480150204245E+00   -0.138655514865470586E+01   -0.184634794933572599E+01
    0.935952828974798080E-03    0.105984641403848855E+03    0.840247638027170893E+02    0.310241752935915081E+02    0.112789895193200458E+02    0.124915815948904751E+01   -0.721199749428487191E+00   -0.152131409325267297E+01   -0.192616619889466256E+01
    0.934021921614751902E-03    0.105980959244209231E+03    0.819024774381406218E+02    0.280001717321042314E+02    0.383880619535101815E+02    0.937739698201960681E+00   -0.763302931233172277E+00   -0.146651422393178033E+01   -0.192480723381688357E+01
    0.930874543040998933E-03    0.105979897535197708E+03    0.791459741695859265E+02    0.322202475122418406E+02    0.634832135466747527E+01    0.151952617813758517E+00   -0.792376399153896349E+00   -0.173546914331321922E+01   -0.195579559678661274E+01
    0.927788714441164460E-03    0.105978726004556023E+03    0.542043174094874374E+02    0.380871005476226259E+02    0.505051629496862162E+02    0.152229942211193126E+01   -0.757881313448592220E+00   -0.177693741479521328E+01   -0.211038915576817887E+01
    0.925564331775719559E-03    0.105975714281694621E+03    0.678279891615697466E+02    0.321583159760811554E+02    0.557184733385595408E+02    0.115260103118523705E+01   -0.704936466021639951E+00   -0.153910549377305728E+01   -0.191211402771295202E+01
    0.924184921133380279E-03    0.105970884696045573E+03    0.787612554417090678E+02    0.263300333911675715E+02    0.373785119702938289E+02    0.456929733911229041E+00   -0.765424777813243473E+00   -0.134469912005869485E+01   -0.196418488623536192E+01
    0.921469008735073601E-03    0.105968958271034296E+03    0.591636382050029752E+02    0.404878231003313829E+02    0.371479830189456948E+02    0.133032898407152889E+01   -0.745237225083667854E+00   -0.176980758162289753E+01   -0.211912329457327964E+01
    0.919412678267303527E-03    0.105965613915483914E+03    0.537101357942478614E+02    0.450138320413515558E+02    0.467732566706492818E+02    0.152369350985339946E+01   -0.668702760569107379E+00   -0.182917108443296139E+01   -0.208638083402205821E+01
    0.917023631660844715E-03    0.105963005076381407E+03    0.717944173110866899E+02    0.339108967673070083E+02    0.395383980654178941E+02    0.873862754706444034E+00   -0.727548177565833010E+00   -0.134121504771400968E+01   -0.202728559341404724E+01
    0.920384588371364110E-03    0.105947875834413310E+03    0.631454978089720314E+02    0.464332088621052890E+02    0.386641730372815289E+02    0.802809420805897900E+00   -0.767195382280980276E+00   -0.168297046128021721E+01   -0.196501996323508332E+01
    0.917135183265044653E-03    0.105947136800600916E+03    0.524604324095856356E+02    0.368161396825307179E+02    0.500360791350646821E+02    0.118898799341753292E+01   -0.750679029621239780E+00   -0.175855694938410800E+01   -0.212432084261438536E+01
    0.914760892343044756E-03    0.105944508638911543E+03    0.880429009788789187E+02    0.301117805139791344E+02    0.367131786580983288E+01    0.701033094126433221E+00   -0.694010153124334783E+00   -0.160685906978222115E+01   -0.187882696269078364E+01
    0.915455334051013545E-03    0.105935178412795295E+03    0.560116038120769133E+02    0.362460051268452901E+02    0.500225940226758965E+02    0.140417309345022856E+01   -0.662223881133589654E+00   -0.184082753156510681E+01   -0.209017006298443508E+01
    0.914923835780889804E-03    0.105928527417020902E+03    0.676441216527896643E+02    0.365338574259739630E+02    0.422137021747707379E+02    0.594353301646399101E+00   -0.827104161132189430E+00   -0.161628674204689293E+01   -0.194431203421793519E+01
    0.912605985857537568E-03    0.105925788106281573E+03    0.832642677785697458E+02    0.301183913053486023E+02    0.572790117045552982E+01    0.103651329268264392E+01   -0.759097669767530681E+00   -0.160831312723510700E+01   -0.195695673107761214E+01
    0.911724192832086603E-03    0.105919909013083512E+03    0.730211870846926132E+02    0.363267624474471091E+02    0.368874569976308919E+02    0.739788459969315859E+00   -0.779290852716986393E+00   -0.172498383819794610E+01   -0.191010779817790377E+01
    0.909250236808235358E-03    0.105917530872854172E+03    0.650764553656546667E+02    0.275065525460372236E+02    0.436542491668813710E+02    0.100003697530574875E+01   -0.777507012590347601E+00   -0.156665133276383939E+01   -0.207703107175465451E+01
    0.912110377381065789E-03    0.105903437040312951E+03    0.670904431826080554E+02    0.294122607793356430E+02    0.443437423331472758E+02    0.956009823291411043E+00   -0.795781146442003928E+00   -0.153876930582278693E+01   -0.207611780809467472E+01
    0.912378048647900092E-03    0.105895037699059387E+03    0.638834271475481685E+02    0.383679321669282913E+02    0.389870119879746611E+02    0.410254676146943886E+00   -0.839205923038642609E+00   -0.158759913125938468E+01   -0.206345768546309527E+01
    0.909731289752083107E-03    0.105893035521637898E+03    0.771991390197672303E+02    0.361728708582513860E+02    0.426672990125382512E+02    0.293101711252461039E+00   -0.680624692305564327E+00   -0.132053108783262818E+01   -0.187310491689841685E+01
    0.909178446016885712E-03    0.105886438791153779E+03    0.778456978024864839E+02    0.278296009454882594E+02    0.292488874953828919E+02    0.339840123038961106E+00   -0.839537760491536611E+00   -0.157088996935343705E+01   -0.191218037253570072E+01
    0.907830227006244301E-03    0.105881594288562013E+03    0.789678466606153648E+02    0.365826046091359984E+02    0.336029841295628628E+02    0.875532557371657472E+00   -0.834368177928123789E+00   -0.158279858951746011E+01   -0.190194461572767026E+01
    0.904874692068885879E-03    0.105880303616853539E+03    0.761634725357737636E+02    0.441338304933909598E+02    0.357749224461990423E+02    0.112922938707864584E+01   -0.656116869192562957E+00   -0.152663873534512806E+01   -0.192400662966898750E+01
    0.901919051757799485E-03    0.105879034515528957E+03    0.866658466954248183E+02    0.347149272667803075E+02    0.115992902196405923E+01    0.106914143780167992E+01   -0.784037105410972934E+00   -0.154145862003257594E+01   -0.191464526182921868E+01
    0.901841884587766115E-03    0.105871393140578888E+03    0.693595127691070985E+02    0.424416376134563009E+02    0.401253178400075257E+02    0.893244707300487550E+00   -0.675606225435434027E+00   -0.144351503210996324E+01   -0.194509193486987830E+01
    0.902344244230373141E-03    0.105862466875989810E+03    0.871206100432147821E+02    0.399918844285226527E+02    0.641221232266279983E+01    0.144043695924799753E+01   -0.719284386002080778E+00   -0.149010460449556859E+01   -0.192389825508916790E+01
    0.901932689382303884E-03    0.105855566774408317E+03    0.728960972960070848E+02    0.260990133874076875E+02    0.522207756542175048E+02    0.127332876606444834E+01   -0.775104889147742782E+00   -0.154768173661392927E+01   -0.193074171442940834E+01
    0.898528524908742232E-03    0.105855317155525626E+03    0.813246511309571645E+02    0.294034385872484521E+02    0.202786188561160223E+02    0.100452611274759041E+01   -0.722949159879884951E+00   -0.149030058530241183E+01   -0.198457490033759987E+01
    0.897775812172804991E-03    0.105849180791945173E+03    0.658206502931588204E+02    0.315792206692593389E+02    0.451372584016642620E+02    0.147633796763011160E+01   -0.836891451528821939E+00   -0.164185095499710387E+01   -0.197468804572842305E+01
    0.895902563149608287E-03    0.105845545740321711E+03    0.762672648700452811E+02    0.416722689590333459E+02    0.411370874679525969E+02    0.116172441170148155E+01   -0.685396595117267804E+00   -0.141411420135239041E+01   -0.186619535631686939E+01
    0.895004920973466894E-03    0.105839738128367060E+03    0.702407437674032593E+02    0.286250253418414076E+02    0.335279764349051987E+02    0.136657706395171830E+00   -0.859440659302171062E+00   -0.158697635587766683E+01   -0.203178732811157392E+01
    0.892070517541994194E-03    0.105838493691484018E+03    0.750368684238129902E+02    0.460492439579745607E+02    0.322888378804649534E+02    0.749334689635798745E+00   -0.717238013928088947E+00   -0.159990461668822581E+01   -0.189264624791557634E+01
    0.888850518871810266E-03    0.105837913409225564E+03    0.764101652883575611E+02    0.372666580087303316E+02    0.231379355222687302E+02    0.371932164275466770E+00   -0.739758496138875898E+00   -0.150646899457301386E+01   -0.197511364768243736E+01
    0.890739678884647375E-03    0.105825854626626608E+03    0.585900657141732211E+02    0.419166951832762180E+02    0.443636783584425274E+02    0.134761577564646862E+01   -0.773791526275041219E+00   -0.166760122568530056E+01   -0.207572959483791131E+01
    0.896819575088142343E-03    0.105804437163020680E+03    0.869217363025113912E+02    0.346557192212533636E+02    0.224807896353008765E+02    0.712575803041602951E+00   -0.797454059692970896E+00   -0.142693505785149255E+01   -0.186993766779119985E+01
    0.895511942663393943E-03    0.105799542946036553E+03    0.824673624753892085E+02    0.387044992565707702E+02    0.392685774185798522E+02    0.758163031199411641E+00   -0.648497984823523055E+00   -0.162783471571861904E+01   -0.185881034819629964E+01
    0.904246893284150035E-03    0.105772316691187541E+03    0.834054761510695499E+02    0.265827951195505499E+02    0.260355326079953642E+02    0.107052935074073297E+01   -0.751677315956503334E+00   -0.150218494432192640E+01   -0.194252581589905682E+01
    0.915566268545324360E-03    0.105739623568315494E+03    0.824721379084860331E+02    0.372779838974816897E+02    0.454939133315157473E+01    0.486760231513483632E+00   -0.781880106324439605E+00   -0.157307128407431174E+01   -0.196477516794154550E+01
    0.915466661466805354E-03    0.105732028665884584E+03    0.734841955275778815E+02    0.269914586947709836E+02    0.530608699879069903E+02    0.960259655054588768E+00   -0.703425323088376020E+00   -0.142585318625907309E+01   -0.193769208570239204E+01
    0.921738471159394557E-03    0.105710561002517068E+03    0.667929987403941965E+02    0.428445426758759922E+02    0.436946307024330167E+02    0.104284311071993008E+01   -0.691195959095948664E+00   -0.162837856121630042E+01   -0.191543626031357928E+01
    0.919550363493238970E-03    0.105707501930996045E+03    0.821955811439926407E+02    0.329339589305550078E+02    0.580791819351843763E+01    0.128887223712669607E+01   -0.825561338520219623E+00   -0.170046696645937212E+01   -0.190788679106610970E+01
    0.921796098671951044E-03    0.105694810965507145E+03    0.664416212638591901E+02    0.315763181538941211E+02    0.497639232162302250E+02    0.131244148860482435E+01   -0.680168655341636175E+00   -0.149210947915412095E+01   -0.200746512202599048E+01
    0.922716411306386160E-03    0.105685002680266706E+03    0.789760926132149450E+02    0.396732564623234225E+02    0.326411577425835944E+02    0.118647898276656005E+01   -0.752461670784379200E+00   -0.135194945265010502E+01   -0.189285060424693041E+01
    0.920803822020876375E-03    0.105681340045154826E+03    0.807941464834870118E+02    0.341117956800703013E+02    0.360468425391873097E+02    0.132587705984210058E+01   -0.663978065041715748E+00   -0.146070071285289504E+01   -0.195006271766617179E+01
    0.919076775832804692E-03    0.105677282238143789E+03    0.857654729213222993E+02    0.292507339537726025E+02    0.278893790910243737E+02    0.122530601046100096E+01   -0.747782996547075030E+00   -0.162876445923472368E+01   -0.185150088265301593E+01
    0.917026856116536751E-03    0.105673935543956276E+03    0.674313565734905183E+02    0.322772391133321719E+02    0.533836126957148380E+02    0.130672132346105019E+01   -0.657794630823108628E+00   -0.158892374608058273E+01   -0.193422757025129632E+01
    0.918805494593391277E-03    0.105662247659512431E+03    0.853825056298455962E+02    0.322166392625524409E+02    0.143069097263888523E+02    0.138856353548279388E+01   -0.771449010873321406E+00   -0.154074544052070195E+01   -0.187895047768496459E+01
    0.918793865929066079E-03    0.105654460472242889E+03    0.727976652777930582E+02    0.240774726512258042E+02    0.457503199282125266E+02    0.525388240182280364E+00   -0.797088240861027142E+00   -0.156618632584185558E+01   -0.198612098220570621E+01
    0.916194252552527668E-03    0.105652314744881977E+03    0.544408542866692287E+02    0.325845803959514342E+02    0.574149171325383350E+02    0.122231362574948843E+01   -0.691299833369201755E+00   -0.177147019263378436E+01   -0.205499677643007539E+01
    0.916333192334618037E-03    0.105644198970226512E+03    0.712195804014344844E+02    0.418986721526025505E+02    0.387665499054942160E+02    0.136697876210117952E+01   -0.799865781200968851E+00   -0.158266653966438309E+01   -0.189034847307879383E+01
    0.913353074957450398E-03    0.105642901510680645E+03    0.723671342668754818E+02    0.315729646507878741E+02    0.481714629084689747E+02    0.656239149255826493E+00   -0.818727709250271163E+00   -0.160149381281477976E+01   -0.190836917823769414E+01
    0.915901475978180913E-03    0.105629516461648336E+03    0.877773428399388109E+02    0.385142350786987464E+02    0.501935812544559479E+01    0.716627885109178187E+00   -0.687551980236661198E+00   -0.165982563566132257E+01   -0.191501677560784711E+01
    0.915772941598168061E-03    0.105621984654284518E+03    0.682333362956172493E+02    0.433077653541221395E+02    0.430851948888752290E+02    0.989434896197264435E+00   -0.747196376033255616E+00   -0.151852602443533913E+01   -0.190070900392040931E+01
    0.916039538583934940E-03    0.105613590005204230E+03    0.850650668629406397E+02    0.329382486367718599E+02    0.580087340886545633E+01    0.129749786170839920E+01   -0.814638603346101053E+00   -0.159519675456107013E+01   -0.191539518616937166E+01
    0.915520230776495315E-03    0.105606911637608860E+03    0.872266757899329548E+02    0.357012412229974316E+02    0.240146879227950549E+02    0.256302277052685434E+00   -0.698777738018120376E+00   -0.156685380794503426E+01   -0.191613058524781810E+01
    0.913536548199615642E-03    0.105603437293487744E+03    0.816983419750133493E+02    0.331555466465715512E+02    0.259267499921243250E+01    0.154445176500016967E+01   -0.771412773708692434E+00   -0.159777006937058652E+01   -0.197723297349958127E+01
    0.910833777918620795E-03    0.105601550722493783E+03    0.715384658916604224E+02    0.340545098644983568E+02    0.136676417199026137E+02    0.121553702981527789E+01   -0.755451244415301870E+00   -0.176269705927883846E+01   -0.200979623498130655E+01
    0.908433486705637430E-03    0.105599015715586603E+03    0.798508261058431685E+02    0.365025663465983143E+02    0.383926422617768850E+02    0.748772317284804978E+00   -0.793068819290751126E+00   -0.160094784576492000E+01   -0.184583251128340287E+01
    0.915333226170260200E-03    0.105576070200306589E+03    0.832597751973615630E+02    0.292232541308984821E+02    0.108837237283795289E+02    0.120129026984027631E+01   -0.828182001877254992E+00   -0.167259125295751332E+01   -0.187943933706947197E+01
    0.915952726743756145E-03    0.105566904551507207E+03    0.645149616382090585E+02    0.297816830835305879E+02    0.407375177339295007E+02    0.725693767294399272E+00   -0.837792865698886891E+00   -0.155775772851896477E+01   -0.208425478986312784E+01
    0.913887412102823708E-03    0.105563606796755423E+03    0.828697568454527413E+02    0.322961082353842883E+02    0.168620044314969952E+02    0.115698229935721142E+01   -0.814750547972838746E+00   -0.145181132287705461E+01   -0.195544115452518086E+01
    0.912312309804744334E-03    0.105559244308645717E+03    0.616100617655971661E+02    0.342430325522483230E+02    0.533630130671704492E+02    0.930936686723991214E+00   -0.802105541841946046E+00   -0.172650424183806761E+01   -0.195854750052146831E+01
    0.916106807021508512E-03    0.105543130642618124E+03    0.782761584374226231E+02    0.382697939093671522E+02    0.187664587829218910E+02    0.140132093717850625E+01   -0.753220829351713750E+00   -0.170316237214745358E+01   -0.194744817755684863E+01
    0.915730534776182229E-03    0.105536139770700572E+03    0.573600973932440610E+02    0.399908332324630749E+02    0.434954086901791115E+02    0.148563665251236987E+01   -0.832752460293191499E+00   -0.173379836916629748E+01   -0.208783895008500098E+01
    0.912310447979221696E-03    0.105535810890202896E+03    0.824868015675289570E+02    0.277555942102113917E+02    0.715387152084664990E+01    0.112322024073104121E+01   -0.814953075639385460E+00   -0.162438732484942405E+01   -0.192183188479665246E+01
    0.909577489515592187E-03    0.105533998672563371E+03    0.791731018995443350E+02    0.386327191644568444E+02    0.336089827822544862E+02    0.839773236535077738E+00   -0.794247063071827020E+00   -0.142524908291150920E+01   -0.187739135674125990E+01
    0.911550873178192849E-03    0.105521851751167461E+03    0.872934986788141174E+02    0.404453579236457017E+02    0.290317362027066181E+02    0.593584047248094437E+00   -0.699549768736669408E+00   -0.152384315198696818E+01   -0.184036707666516564E+01
    0.914982686046119167E-03    0.105506523775990217E+03    0.767444746042090600E+02    0.403092067537425862E+02    0.430781537692429239E+02    0.120270566718265637E+01   -0.639286407640750731E+00   -0.153204734943570586E+01   -0.187498771726989300E+01
    0.913014763029998204E-03    0.105503017460941095E+03    0.765766740033311493E+02    0.319791862614770217E+02    0.588826740052429098E+01    0.888203783535194580E+00   -0.777383498074169177E+00   -0.173439945882506996E+01   -0.198837403091809128E+01
    0.910065541054324765E-03    0.105501675821367314E+03    0.794195672834993758E+02    0.373285543783407334E+02    0.434803997013315282E+02    0.125338997779109373E+01   -0.692894233341112775E+00   -0.146286259123219886E+01   -0.185274829899224303E+01
    0.908394056854091940E-03    0.105497540025920756E+03    0.771079193658382565E+02    0.380419845743444327E+02    0.155730351927248112E+02    0.125683356882634145E+01   -0.785043417906456265E+00   -0.147399705703217321E+01   -0.202608493007149004E+01
    0.908340743971152473E-03    0.105489844907682652E+03    0.867491272399076365E+02    0.358428515092868878E+02    0.279146743310436314E+02    0.947441338334822913E+00   -0.719716172278601851E+00   -0.151330954695359443E+01   -0.190279078658342882E+01
    0.906399602668299170E-03    0.105486311018772710E+03    0.707527527645779912E+02    0.410052150798118475E+02    0.325504982246353620E+02    0.134582894888849158E+01   -0.718179534189878455E+00   -0.143324688954660329E+01   -0.203559184847359198E+01
    0.903032166707350191E-03    0.105485942711818595E+03    0.743612114865796769E+02    0.408506669415401973E+02    0.250569314845669773E+02    0.117497569644245625E+01   -0.743255808053469913E+00   -0.142752317283065722E+01   -0.203220863829788101E+01
    0.900419923398380288E-03    0.105483924089349756E+03    0.833003911620736375E+02    0.280043246078871775E+02    0.291375082117826132E+02    0.382135774960199681E+00   -0.778028555701304692E+00   -0.157931897180503333E+01   -0.192137320018513469E+01
    0.899685698512382162E-03    0.105477743104562606E+03    0.562003795279212852E+02    0.372218056314093531E+02    0.466335336861822540E+02    0.179324352352529748E+00   -0.826941582554092225E+00   -0.170504559361622854E+01   -0.210256826473309566E+01
    0.897693434252567796E-03    0.105474364315935844E+03    0.756938654883964261E+02    0.358709632090409585E+02    0.188258289716386003E+02    0.114917350850666433E+01   -0.786744251643366921E+00   -0.178452730509258384E+01   -0.195513458977810672E+01
    0.896512930173388859E-03    0.105469183629695806E+03    0.637483409859732859E+02    0.308344648798839351E+02    0.584462408031814249E+02    0.130803863252647523E+01   -0.693577580051795595E+00   -0.140805912999954641E+01   -0.196421176969518152E+01
    0.895781779585616881E-03    0.105463002893990677E+03    0.783491772213902919E+02    0.354143923117689994E+02    0.229219022165149866E+02    0.105610304161767621E+01   -0.846842576873115593E+00   -0.148680330775529779E+01   -0.193740564691487860E+01
    0.892378449112498262E-03    0.105462803435658671E+03    0.733798054480160005E+02    0.349481336444682995E+02    0.310115126743563607E+02    0.886273126344983120E+00   -0.791200423694473631E+00   -0.143250391742097483E+01   -0.197150133929969273E+01
    0.892102572441741230E-03    0.105455609326484051E+03    0.813611156063584104E+02    0.325137957307317720E+02    0.163600052645011402E+02    0.924959344038352671E+00   -0.825578585788581787E+00   -0.147570614654793930E+01   -0.192936115888457449E+01
    0.889959186192721134E-03    0.105452607854546756E+03    0.887605324118925409E+02    0.325872864193095566E+02    0.610803228469295068E+01    0.981278310858116454E+00   -0.729420388120104013E+00   -0.164855773026050079E+01   -0.184933881779217568E+01
    0.891075309118214928E-03    0.105442288669640831E+03    0.860930597547659744E+02    0.352923582974687449E+02    0.261606761439546531E+02    0.143696143989832015E+01   -0.712405083198495159E+00   -0.135374896738856831E+01   -0.188190722057664539E+01
    0.893272848538266854E-03    0.105429549910106431E+03    0.719929940021571468E+02    0.262954788564638626E+02    0.431866675802520277E+02    0.821305030575026129E+00   -0.814363734805017669E+00   -0.150421516840184544E+01   -0.201311912296927709E+01
    0.901025326656486217E-03    0.105404454828055435E+03    0.725162593295667079E+02    0.400437521012852784E+02    0.423456353350024699E+02    0.112230287230636416E+01   -0.723723539576700325E+00   -0.139073917989400520E+01   -0.187449591022877793E+01
    0.904149149614402498E-03    0.105389720390886112E+03    0.603685866952616479E+02    0.482167602993710176E+02    0.428733165975424981E+02    0.105677540293221051E+01   -0.664096238473609102E+00   -0.176047036779672528E+01   -0.194351375638172996E+01
    0.901355030175784782E-03    0.105388098121184015E+03    0.563172265685421891E+02    0.402170227874825770E+02    0.426345295806750997E+02    0.141963951004142319E+01   -0.799300736692316161E+00   -0.175213904222998074E+01   -0.212423394564025791E+01
    0.897970837469153267E-03    0.105387808875882826E+03    0.814590825581109215E+02    0.382962250946334848E+02    0.784600557292069212E+01    0.152444841089514305E+01   -0.789915965064417636E+00   -0.153064536016972408E+01   -0.195987513035119787E+01
    0.896802461211802619E-03    0.105382600329091360E+03    0.841778511411227015E+02    0.279029414864616356E+02    0.339417658687372779E+02    0.256419440675259958E+00   -0.792557663493526743E+00   -0.159539514669420979E+01   -0.187678017727086788E+01
    0.893316373788471214E-03    0.105382577461292414E+03    0.795061149690660898E+02    0.370750085755066578E+02    0.297716012393761176E+02    0.109473201600787196E+01   -0.748648798751243350E+00   -0.144795531811738032E+01   -0.189074964233893050E+01
    0.891769368338469798E-03    0.105378231474526530E+03    0.684961996223499199E+02    0.317521504310661911E+02    0.489913295044428452E+02    0.790067535303749957E+00   -0.693054495723793629E+00   -0.136654578967829865E+01   -0.200362213864851491E+01
    0.889545942939212546E-03    0.105375411749337047E+03    0.790023711093244572E+02    0.371602527268932619E+02    0.445289408331496759E+02    0.146488100935300136E+01   -0.714541172981420836E+00   -0.151016477646549463E+01   -0.182549448263667946E+01
    0.887161335428691142E-03    0.105372967852193383E+03    0.675781088238381500E+02    0.421680837541097731E+02    0.449551511640818049E+02    0.125038673191744309E+01   -0.685451871453161221E+00   -0.149938069495554194E+01   -0.191275947903133337E+01
    0.894126500974370031E-03    0.105349514531205955E+03    0.717947747557038696E+02    0.307844784106964795E+02    0.545353879105417150E+02    0.145124560461405894E+01   -0.649558601945408709E+00   -0.145284965451321968E+01   -0.189282122305571288E+01
    0.894996047003547329E-03    0.105339757958456701E+03    0.858654673306554770E+02    0.280196977456484575E+02    0.194848205342867087E+01    0.833107518483348630E+00   -0.721227114271479008E+00   -0.162009535256007831E+01   -0.189855293859643681E+01
    0.891568576706638851E-03    0.105339619347117406E+03    0.767227741201522662E+02    0.357890946632898732E+02    0.369308322404848681E+02    0.142540072458316458E+01   -0.830741738289167531E+00   -0.147426407647361302E+01   -0.190425588819086911E+01
    0.891352402480123543E-03    0.105332291836031942E+03    0.637224949620544976E+02    0.399294840426649387E+02    0.477232359025237471E+02    0.785495868874050318E+00   -0.774494075704638574E+00   -0.171090828401667694E+01   -0.195291920923687079E+01
    0.888497864351044217E-03    0.105330894573605008E+03    0.823341471917592429E+02    0.368453570880398615E+02    0.158697646097831218E+02    0.131140686666040729E+01   -0.722279510331426344E+00   -0.139469239284176183E+01   -0.196946233774903035E+01
    0.886874028846250536E-03    0.105326740655705649E+03    0.624741762828973108E+02    0.368507470081507904E+02    0.334321878661051315E+02    0.142205171639228012E+01   -0.769648908270162968E+00   -0.173728799812425527E+01   -0.212310943028675103E+01
    0.885696183857834283E-03    0.105321586093096982E+03    0.813784086854712996E+02    0.334873497449362461E+02    0.437343337813420519E+02    0.412784551796981536E+00   -0.690595077288002290E+00   -0.142894422467251037E+01   -0.186194609885882811E+01
    0.890032953987841867E-03    0.105304004583488592E+03    0.746922294507848079E+02    0.266906724625238958E+02    0.331375905288929360E+02    0.644199508869805926E+00   -0.793689083374129023E+00   -0.147406162901617366E+01   -0.201644659507219659E+01
    0.889959668901189817E-03    0.105296356769759200E+03    0.715386164653253758E+02    0.327587311016520744E+02    0.620169344910468467E+01    0.889036364417429947E+00   -0.785337888775730297E+00   -0.174008462962190280E+01   -0.202453326920023269E+01
    0.890153757754220346E-03    0.105288108142822836E+03    0.616763697128860358E+02    0.310031482949289874E+02    0.506436695795650635E+02    0.156741095380986972E+01   -0.789183314208327769E+00   -0.168815926942883832E+01   -0.201257523454529474E+01
    0.887480956644406765E-03    0.105286309933840712E+03    0.808731478347662431E+02    0.378285028685236284E+02    0.270075136944695231E+02    0.138986839213609104E+01   -0.662114238581689163E+00   -0.155667611772946946E+01   -0.195972544398812221E+01
    0.885020386407687023E-03    0.105284050201012192E+03    0.809650771577905743E+02    0.287604579417468287E+02    0.236490893566068117E+02    0.126051556723677877E+00   -0.748713906374321114E+00   -0.149868284173546340E+01   -0.193711361348850963E+01
    0.883778852779360468E-03    0.105279045331872112E+03    0.820494674947910738E+02    0.358629557304193440E+02    0.333692410853489250E+02    0.906851749179756972E+00   -0.641329353509962008E+00   -0.161655313660025834E+01   -0.192726853968229284E+01
    0.880487766728064829E-03    0.105278694492898424E+03    0.714022834698777729E+02    0.402994990002909645E+02    0.443035445928530223E+02    0.130812496544150192E+01   -0.777063719964590449E+00   -0.166252554995058355E+01   -0.188891265906914141E+01
    0.881642325363165636E-03    0.105268261167556432E+03    0.913136854477902205E+02    0.339224998944803673E+02    0.235753362724242743E+00    0.112349825009485849E+01   -0.687609998286845547E+00   -0.160799840053957221E+01   -0.186629011496403630E+01
    0.879370864175453072E-03    0.105265608112041946E+03    0.676570838179401619E+02    0.378979748476960410E+02    0.355526122564983140E+02    0.636026052838351119E+00   -0.853579938322617915E+00   -0.164639912054886506E+01   -0.202024007994823096E+01
    0.878865029301724400E-03    0.105258946390249918E+03    0.803635808072193498E+02    0.266184612637431428E+02    0.419966999426976031E+02    0.131569256994098716E+01   -0.708276167393392386E+00   -0.157048371032295941E+01   -0.191128056567141003E+01
    0.875447915414484024E-03    0.105258925244053984E+03    0.658867620271677055E+02    0.416434255690273716E+02    0.468475208329865964E+02    0.150402239329977783E+01   -0.692485990357233794E+00   -0.163084716577555922E+01   -0.192926166834437374E+01
    0.873524857993517360E-03    0.105255510887295969E+03    0.794512753419854789E+02    0.301203825464093704E+02    0.205760314037905623E+02    0.770180243087493999E+00   -0.824730724964488848E+00   -0.144865268905541500E+01   -0.196197336010085399E+01
    0.880518218316887194E-03    0.105231750324277542E+03    0.753459444603466153E+02    0.284951671595013494E+02    0.456883098012754196E+01    0.151120713400273554E+01   -0.804294235823326487E+00   -0.175471449737440133E+01   -0.195827617084809491E+01
    0.878853689859624690E-03    0.105227722195157099E+03    0.828053626601317490E+02    0.295049406362659425E+02    0.262483635369350594E+02    0.138365682492549102E+01   -0.726037787444878013E+00   -0.148843636591303485E+01   -0.191037345222174615E+01
    0.878587700430576721E-03    0.105220515096697227E+03    0.644246362705945046E+02    0.386621983462084273E+02    0.327562490026399473E+02    0.153843678053344868E+01   -0.820714330152502614E+00   -0.172788924410547873E+01   -0.207246030346255283E+01
    0.876064504611596181E-03    0.105218454614221685E+03    0.745583552390037028E+02    0.292528191744188035E+02    0.395590697366212538E+02    0.548392713429024181E+00   -0.821493075542662154E+00   -0.142019620888488918E+01   -0.197786376953179821E+01
    0.873438358234558481E-03    0.105216646444720951E+03    0.873655885465967970E+02    0.380291628672593447E+02    0.331888663625714457E+02    0.927482018586685220E+00   -0.684400306799606506E+00   -0.153363478785250118E+01   -0.183612982956625759E+01
    0.874965921830211783E-03    0.105205339183236418E+03    0.769733866532730957E+02    0.267198282646200767E+02    0.398930910035090278E+02    0.137209427557013952E+01   -0.804216452522870107E+00   -0.154306492489446301E+01   -0.190353906540632023E+01
    0.877607187064606618E-03    0.105191498364712814E+03    0.878059566880296245E+02    0.275613708357007638E+02    0.532880626038774530E+01    0.123019396876142939E+01   -0.755937679346221358E+00   -0.158951484408378141E+01   -0.187608691738893740E+01
    0.875598470921919950E-03    0.105188268822821570E+03    0.635772599315875340E+02    0.451032093893137471E+02    0.442052216787284138E+02    0.299265144981098685E+00   -0.686253669465850979E+00   -0.179995661654514194E+01   -0.195967289652843801E+01
    0.875102287653600481E-03    0.105181590002073563E+03    0.779909402351940457E+02    0.366064914396772281E+02    0.315894017133948068E+02    0.934207213102716483E+00   -0.709487685563574111E+00   -0.132008162593471345E+01   -0.195763882887005014E+01
    0.872353940400003827E-03    0.105180068588455185E+03    0.746373070149293056E+02    0.440520292987731494E+02    0.327695839637939059E+02    0.386151476485844913E+00   -0.700390583361923946E+00   -0.170481670956045805E+01   -0.193216101544555308E+01
    0.874620503224519019E-03    0.105167066398120426E+03    0.673438693185151038E+02    0.450769932216959717E+02    0.386192381289267743E+02    0.803994585714522536E+00   -0.785893053695659649E+00   -0.160659981601779966E+01   -0.195623106824123738E+01
    0.874298171087131140E-03    0.105159991112825196E+03    0.726529597334005075E+02    0.350571171923261033E+02    0.419330587177019609E+02    0.115460141260747684E+01   -0.760880560671050699E+00   -0.134841814968171869E+01   -0.191645651765165015E+01
    0.872979482674479451E-03    0.105155197454530594E+03    0.759034009414293820E+02    0.272266228661223160E+02    0.334593512274075664E+02    0.583030652441406172E+00   -0.772846822526847888E+00   -0.160150032337456216E+01   -0.194210141003541636E+01
    0.869984348807451209E-03    0.105154258618254630E+03    0.788125573528451469E+02    0.337235169480367034E+02    0.291575318009983242E+02    0.142990496353273500E+01   -0.795169303234953384E+00   -0.138923246437011016E+01   -0.196923076465080560E+01
    0.869149334642510042E-03    0.105148366647394027E+03    0.716367377871714694E+02    0.412857934428657103E+02    0.350194087577979687E+02    0.443610986851295852E+00   -0.803817608656413940E+00   -0.147113235305950973E+01   -0.194997879250079853E+01
    0.872119048864778085E-03    0.105133732184439395E+03    0.718373216083828936E+02    0.344585178643946364E+02    0.476739970221718607E+02    0.512582344720301508E+00   -0.715476275382760596E+00   -0.152280406811726499E+01   -0.194674474811724596E+01
    0.869806980244565409E-03    0.105131228910983637E+03    0.657243446444990695E+02    0.439362050912631190E+02    0.341588213895435473E+02    0.138740190342390379E+01   -0.737798704148501017E+00   -0.169535544117774828E+01   -0.203003778988976791E+01
    0.870030983112519279E-03    0.105122901413900223E+03    0.858453466394431217E+02    0.327247709020674264E+02    0.425926929439242130E+01    0.869000357267757484E+00   -0.778314032005361867E+00   -0.169683408412630232E+01   -0.186305891003770840E+01
    0.867262422297288330E-03    0.105121463342422842E+03    0.657806314704360489E+02    0.290271474441303852E+02    0.519756900807736955E+02    0.138967805064874939E+01   -0.738730477061124491E+00   -0.166887912090347235E+01   -0.199563375419136135E+01
    0.868510098985208665E-03    0.105110775634093415E+03    0.886878729026156947E+02    0.330830007030400211E+02    0.235513642098634124E+01    0.374954036768859078E+00   -0.710997908287664071E+00   -0.171640479228585296E+01   -0.187098972285408771E+01
    0.866973124380401102E-03    0.105106505605690828E+03    0.858307504708234177E+02    0.365880121709770734E+02    0.108661049889656098E+02    0.102244364998345705E+01   -0.715391871876838170E+00   -0.144842934906539189E+01   -0.195857279347702695E+01
    0.864271543305145345E-03    0.105104935050156712E+03    0.747131900061177987E+02    0.316499050987521535E+02    0.466045874845934307E+02    0.149191263582311251E+01   -0.728364379467891343E+00   -0.164789165117181624E+01   -0.187497263724609708E+01
    0.863845110766243963E-03    0.105098109595901690E+03    0.833508506048997475E+02    0.416248281008104613E+02    0.217855557490574299E+02    0.108919345132032053E+01   -0.710173304773680680E+00   -0.142435064044803905E+01   -0.191169033166220559E+01
    0.864203780100724164E-03    0.105089466866290650E+03    0.633088999095201359E+02    0.352681257357403410E+02    0.495223725988864700E+02    0.328931790840564342E+00   -0.809762503556148427E+00   -0.156107599126622443E+01   -0.197557075917485325E+01
    0.862760418305395923E-03    0.105084997486275952E+03    0.872138634996020699E+02    0.301888170049565545E+02    0.234092884729707222E+02    0.247241384382605761E+00   -0.810291074212468265E+00   -0.158376073094248726E+01   -0.185330121653617663E+01
    0.859427091553471574E-03    0.105084927072187782E+03    0.791825601860373922E+02    0.406352244561606426E+02    0.201742385755084825E+02    0.131130072658928465E+01   -0.762078471527396939E+00   -0.143078358735911193E+01   -0.195860518466521194E+01
    0.856712374641984786E-03    0.105083442074653220E+03    0.684168062315420542E+02    0.342569185263510647E+02    0.413100054359306341E+02    0.115471487261812600E+01   -0.817015303348343824E+00   -0.140709973876595118E+01   -0.199815895042117919E+01
    0.854780023034729477E-03    0.105080145755808246E+03    0.774114705365644369E+02    0.397320150008332647E+02    0.332972379624384445E+02    0.817017844043756325E+00   -0.733803758183418919E+00   -0.139453166549235452E+01   -0.188993418066487084E+01
    0.853606773793049735E-03    0.105075080290445385E+03    0.768234926916346978E+02    0.315255976051776194E+02    0.110744594686747657E+02    0.106271597771226811E+01   -0.806864459116591437E+00   -0.161114532095517515E+01   -0.198016436183301670E+01
    0.854574611432716504E-03    0.105065001432196567E+03    0.854784053957683625E+02    0.351236676908253287E+02    0.800216935021542852E+01    0.911687535060913712E+00   -0.768126740365062455E+00   -0.157746309396675777E+01   -0.193873581281881080E+01
    0.852976700486952379E-03    0.105060932096811399E+03    0.707479696447618664E+02    0.395311660425832514E+02    0.473741187750105937E+02    0.109548938535425533E+01   -0.654240302625992198E+00   -0.172165894653364271E+01   -0.188854503966014908E+01
    0.849707727631989060E-03    0.105060799180455774E+03    0.796461412356930509E+02    0.276274823490634560E+02    0.438181304311313298E+02    0.105235554248302088E+01   -0.692311395375305949E+00   -0.150069466779938354E+01   -0.192454758668007542E+01
    0.847577342141089081E-03    0.105058007372966713E+03    0.741174669162033837E+02    0.264702572445970290E+02    0.458307288035760081E+02    0.125821837522296387E+01   -0.782571569751089990E+00   -0.148854860949036882E+01   -0.197556368609318311E+01
    0.845485099987698988E-03    0.105055137970554583E+03    0.667423557632369864E+02    0.325984415925087063E+02    0.509867416747171021E+02    0.140890578490163754E+01   -0.807990964649346166E+00   -0.156020239311513897E+01   -0.195411595413438333E+01
    0.844951184719712760E-03    0.105048588849223307E+03    0.811472700268643621E+02    0.282617728931244443E+02    0.184624887667828013E+02    0.125583334752398157E+01   -0.761691024267069361E+00   -0.163356535954269488E+01   -0.192152832332656498E+01
    0.846245435493627840E-03    0.105037715200658738E+03    0.594412877054088753E+02    0.325695609764492389E+02    0.456809945523630816E+02    0.117215880828418539E+01   -0.739056495624555998E+00   -0.169110374453277768E+01   -0.213793659914243861E+01
    0.847489244292694787E-03    0.105026965265327220E+03    0.715015161926511240E+02    0.343722127012004819E+02    0.534906502856197932E+02    0.138739527549722563E+01   -0.670740949919669260E+00   -0.148577366401942657E+01   -0.184112787975765269E+01
    0.844977940392247916E-03    0.105025088019531793E+03    0.827525673070560117E+02    0.314701154358900936E+02    0.202753464556211327E+02    0.146766322860058529E+01   -0.745973903031141639E+00   -0.173341087232021174E+01   -0.190540206536172207E+01
    0.847433348117599501E-03    0.105011472179729438E+03    0.715994647724708528E+02    0.296599071340850458E+02    0.420078460048274920E+02    0.814818236784590200E+00   -0.827652264027881390E+00   -0.162456155042231831E+01   -0.199771156790013338E+01
    0.850196103137500496E-03    0.104997149996578202E+03    0.784643837632809920E+02    0.356445531168032304E+02    0.307699669747903748E+02    0.115210771239669030E+01   -0.821929277862190721E+00   -0.159177295588965695E+01   -0.193923886791934663E+01
    0.847931877512117342E-03    0.104994670962590220E+03    0.741033887164566494E+02    0.395301411279971902E+02    0.306294846706878765E+02    0.133788964424305279E+01   -0.732290013724719469E+00   -0.135960594678738289E+01   -0.198789704335850947E+01
    0.845836800411870447E-03    0.104991806194109984E+03    0.851055359490137278E+02    0.354200779949534805E+02    0.613347785422637770E+01    0.828306631176913166E+00   -0.711390498727971110E+00   -0.152966994730597272E+01   -0.192458509177327919E+01
    0.845367080211819580E-03    0.104985104666518509E+03    0.645592639631443035E+02    0.355438692680549977E+02    0.456599438027615818E+02    0.383550169482258618E+00   -0.777980893091993586E+00   -0.147429685785405651E+01   -0.203566775519309351E+01
    0.847547544415085639E-03    0.104972140186903516E+03    0.604756587940555903E+02    0.482714296962730600E+02    0.419574266603413548E+02    0.122882460592883525E+01   -0.669984244505855919E+00   -0.177496202320596130E+01   -0.195074557578451313E+01
    0.844601997482594515E-03    0.104971290546472716E+03    0.866240128368399382E+02    0.322250755978873826E+02    0.681342923398856648E+01    0.146375711838730105E+01   -0.714219583405768077E+00   -0.156369603165068494E+01   -0.189526259942674069E+01
    0.841619125668555904E-03    0.104970553927291562E+03    0.745265393173210100E+02    0.342927458288169618E+02    0.305977683015627164E+02    0.143725191350666881E+01   -0.817397906215218351E+00   -0.153515529425607933E+01   -0.200608572811949237E+01
    0.838470138997240706E-03    0.104970238625029808E+03    0.720993615441321083E+02    0.384309813205499751E+02    0.356066670018814193E+02    0.105152346069936375E+01   -0.691476415988686144E+00   -0.176739288077912260E+01   -0.195345991652260831E+01
    0.839424248084980149E-03    0.104960151585707365E+03    0.770342951758756840E+02    0.255540155370395325E+02    0.444148259493736575E+02    0.115691924648659850E+01   -0.726674281867546901E+00   -0.140102516263367538E+01   -0.193801560195534828E+01
    0.837661332790777644E-03    0.104956543798844564E+03    0.863710014411820168E+02    0.389519223897546993E+02    0.242859071707044691E+02    0.107832849120599872E+01   -0.743577515284231438E+00   -0.143433303321031391E+01   -0.187437287456500679E+01
    0.837403047967834368E-03    0.104949348074720078E+03    0.689139546750022589E+02    0.256460841864648650E+02    0.468744714921391292E+02    0.122928986073757884E+01   -0.765452692781757760E+00   -0.145933865466195600E+01   -0.203699250845058621E+01
    0.835880196973015372E-03    0.104945175965956565E+03    0.829556084920128285E+02    0.386814921911539784E+02    0.267889910415628441E+01    0.103463125058305394E+01   -0.734624235252866686E+00   -0.157760864613668850E+01   -0.196281080707048372E+01
    0.834015067137475934E-03    0.104941831124860002E+03    0.685878658617911015E+02    0.321558606767592750E+02    0.321757813966859700E+02    0.800433708629364471E+00   -0.791885447441363022E+00   -0.164900424725686778E+01   -0.203002515425208019E+01
    0.831090463227732580E-03    0.104941044262247800E+03    0.706141370986721029E+02    0.377214279754765727E+02    0.420033632523001472E+02    0.725304196975899984E+00   -0.746101802329492525E+00   -0.178360024621619240E+01   -0.192908907032627397E+01
    0.832535269066037161E-03    0.104929757889071851E+03    0.731215711317039734E+02    0.278441780100415812E+02    0.422179341369563943E+02    0.441945608178149874E+00   -0.821733940200873647E+00   -0.143770189317526964E+01   -0.194281038682011675E+01
    0.830416227384954994E-03    0.104927042453736789E+03    0.717488332594384559E+02    0.416463061445342362E+02    0.323173447576493658E+02    0.124070418011400907E+01   -0.756734371183380716E+00   -0.163778553691858031E+01   -0.195493551367142748E+01
    0.828471550101364312E-03    0.104923919067010900E+03    0.770909995102403940E+02    0.332537066294541432E+02    0.335904435649788553E+02    0.783119605225894078E+00   -0.682458825402117109E+00   -0.176272723573877177E+01   -0.194388933364885252E+01
    0.825625764258040395E-03    0.104922988359578724E+03    0.733819209833623205E+02    0.409996636248187016E+02    0.447739934451290722E+02    0.100610670827671167E+01   -0.709559917841349197E+00   -0.159495873483297501E+01   -0.186469512625622880E+01
    0.826163241939099164E-03    0.104913874294553153E+03    0.624758691033426317E+02    0.345395501114726358E+02    0.481938116292771994E+02    0.128248027797736253E+01   -0.787924589521670882E+00   -0.153777247616351187E+01   -0.204387197058823267E+01
    0.825638149946022028E-03    0.104907333356650980E+03    0.708692000478280448E+02    0.355487277499328016E+02    0.394160277793597729E+02    0.102331553568661948E+01   -0.853340012003093173E+00   -0.169612460777709506E+01   -0.193832249071976137E+01
    0.827750721093468175E-03    0.104894409966323607E+03    0.615024056714408971E+02    0.339310258755265153E+02    0.388538235971573513E+02    0.185954260941263994E+00   -0.778234109099351867E+00   -0.171062245033415916E+01   -0.213187942236104444E+01
    0.828062577216150922E-03    0.104885844105720253E+03    0.719898720132579655E+02    0.342553640062191533E+02    0.441792001017245539E+02    0.582285022145672571E+00   -0.767608404902451857E+00   -0.145208170206844200E+01   -0.196677078814767525E+01
    0.826659508496845529E-03    0.104881423278721229E+03    0.811102642476817977E+02    0.307727441203556893E+02    0.246828629592012980E+02    0.101802147641014384E+01   -0.777025452864740451E+00   -0.167845900838955298E+01   -0.188026105165280244E+01
    0.826063189368300265E-03    0.104875054019393559E+03    0.727910906056842890E+02    0.396773769331254300E+02    0.350533582581772052E+02    0.578004929755830621E+00   -0.726044197851913875E+00   -0.151562778098997031E+01   -0.193928988813901459E+01
    0.823822363728048427E-03    0.104872674204136800E+03    0.754404326012493982E+02    0.326706001660122922E+02    0.490440557208177950E+02    0.118385903521028091E+01   -0.743969304644112261E+00   -0.142119198910755395E+01   -0.185201441963451940E+01
    0.821176690275170315E-03    0.104871294961900929E+03    0.641139064144807378E+02    0.332951362102070902E+02    0.507514625721050550E+02    0.104455175669557221E+01   -0.757052069122112981E+00   -0.140270076742837890E+01   -0.200134214056752180E+01
    0.830785311938288251E-03    0.104840216236622894E+03    0.778131149150240589E+02    0.337209762504770509E+02    0.315711718323557982E+02    0.257401981006536995E+00   -0.698099994737835239E+00   -0.170880574181731193E+01   -0.197277746379315011E+01
    0.827560798954082551E-03    0.104840181406258296E+03    0.779717565163895898E+02    0.315671088095710672E+02    0.370292485973607057E+02    0.122270471708740613E+01   -0.834313455788972202E+00   -0.154677153753174013E+01   -0.192388532636043896E+01
    0.824817485454103607E-03    0.104839009797260942E+03    0.793423068546624108E+02    0.289742898711327470E+02    0.341337998250360428E+02    0.109602930030881551E+01   -0.718362463772936000E+00   -0.150451567358822436E+01   -0.192537732368745673E+01
    0.829848851220611901E-03    0.104819034406987186E+03    0.651045979019111911E+02    0.303619877300536629E+02    0.579024422924179589E+02    0.129034751394026292E+01   -0.714899829412300125E+00   -0.157783698316373378E+01   -0.189761701174463959E+01
    0.828489274750022174E-03    0.104814501278676019E+03    0.629966948549645522E+02    0.330361113237331523E+02    0.510364329123376521E+02    0.582011826273979294E+00   -0.745114805047122353E+00   -0.145537807936461849E+01   -0.202939683656192837E+01
    0.826001877805734603E-03    0.104812702467693370E+03    0.793188794083429940E+02    0.368471754511029701E+02    0.383199281799958271E+02    0.417713359645976612E+00   -0.671146318907696493E+00   -0.150385057824137425E+01   -0.193116991632479751E+01
    0.826678913872879242E-03    0.104803251330375332E+03    0.764879683406885107E+02    0.334462574913031290E+02    0.333595562109788801E+02    0.106162078885429834E+01   -0.672891623042463305E+00   -0.161636756752889510E+01   -0.197598328541476831E+01
    0.825153750844252461E-03    0.104799132094213974E+03    0.830523088910859286E+02    0.357906976748890600E+02    0.555710520584667123E+01    0.324526286945419240E+00   -0.759466035672845097E+00   -0.151543275836356273E+01   -0.197358673392483519E+01
    0.822038607064953623E-03    0.104798884339104177E+03    0.815962595332239999E+02    0.375823930183646624E+02    0.364562916988524393E+02    0.993889880557019878E+00   -0.658923592982861850E+00   -0.141609883876738674E+01   -0.189870724205110575E+01
    0.821614024942169774E-03    0.104792105103977704E+03    0.707108561097503809E+02    0.366626252233135332E+02    0.295212646862574530E+02    0.143112597006990261E+01   -0.778216751500456327E+00   -0.166800675614673244E+01   -0.205005398353745116E+01
    0.822995277621714331E-03    0.104780933136164492E+03    0.685379722554679063E+02    0.278338894590571506E+02    0.537214396049830967E+02    0.123013846800707949E+01   -0.744562931977316378E+00   -0.162265553494262016E+01   -0.194762734601977616E+01
    0.823643412206979909E-03    0.104771546193336803E+03    0.726812942135091475E+02    0.256886804040067638E+02    0.456510017313740448E+02    0.118491354768051144E+00   -0.819227408141243840E+00   -0.144389373263300502E+01   -0.196608978828959380E+01
    0.829129078974859268E-03    0.104750457366580264E+03    0.752638378412628413E+02    0.332442349536124269E+02    0.109824149926969064E+02    0.107232476795175491E+01   -0.802562015842056331E+00   -0.165677078400401356E+01   -0.199837302141377693E+01
    0.829578414520582984E-03    0.104741561286603741E+03    0.793751004278352070E+02    0.333673076725958566E+02    0.294779677591599949E+02    0.137238962283576926E+01   -0.761517981988693249E+00   -0.144253788683307271E+01   -0.198177254473235198E+01
    0.829183351249130523E-03    0.104734701456931901E+03    0.707204086147293793E+02    0.298963035014076155E+02    0.497807425752343704E+02    0.123592893391076375E+01   -0.717610195989849098E+00   -0.134332219444855938E+01   -0.196715861579275608E+01
    0.827972078030724738E-03    0.104729812698212228E+03    0.784941859656890415E+02    0.371639367156194425E+02    0.271939212801924022E+02    0.106102793490235547E+01   -0.776506253948388458E+00   -0.149710522830756965E+01   -0.197937838636583696E+01
    0.825081280481002109E-03    0.104728995254921529E+03    0.747107770564023639E+02    0.433270502036214893E+02    0.386371500020750602E+02    0.127171233565442643E+01   -0.649810180041430652E+00   -0.157911980583746780E+01   -0.191722037174646154E+01
    0.822258420000298511E-03    0.104728037111051890E+03    0.680282520519646710E+02    0.264437160874349502E+02    0.562848888273751413E+02    0.155196219958189796E+01   -0.765596002167034939E+00   -0.154834527746741868E+01   -0.193279026565590528E+01
    0.823053380951472213E-03    0.104718291941481098E+03    0.578928797167669771E+02    0.434967754513030940E+02    0.424208114464497044E+02    0.117017521734267649E+01   -0.718895808209588427E+00   -0.185286482573383560E+01   -0.205374789319535989E+01
    0.820968249565927105E-03    0.104715552689825046E+03    0.853739683657405664E+02    0.365087357837786897E+02    0.205702820116558982E+02    0.735824129338561006E+00   -0.748891059508768997E+00   -0.150798369646760078E+01   -0.193373891745256854E+01
    0.821364520939943409E-03    0.104706775047099256E+03    0.786260862699155325E+02    0.273078330528583564E+02    0.446747070926843151E+02    0.302508040919548638E+00   -0.719961686175233595E+00   -0.157472468937149324E+01   -0.189869179592517368E+01
    0.820111719795518215E-03    0.104702015412213200E+03    0.784129289336411404E+02    0.300071962319160050E+02    0.298638009736510313E+02    0.133309607430890020E+01   -0.734133835299095150E+00   -0.174625561444165589E+01   -0.192218891291594263E+01
    0.817559893160900095E-03    0.104700435733689034E+03    0.780725291406813966E+02    0.301616026077361781E+02    0.123378646296213894E+02    0.456834268560097789E+00   -0.800576492381931404E+00   -0.164302820746883760E+01   -0.196383809216669514E+01
    0.815574219954275721E-03    0.104697486702449297E+03    0.761199442375339999E+02    0.294987574859112875E+02    0.275338133715901492E+02    0.946618867373607675E+00   -0.779529435255488901E+00   -0.146860187001809894E+01   -0.199092940702761401E+01
    0.813325335760686449E-03    0.104695196668495953E+03    0.827147955885658064E+02    0.278708801561750654E+02    0.397709466891473724E+02    0.871043948644468990E+00   -0.761510719762647836E+00   -0.144548841104218417E+01   -0.188543293337517892E+01
    0.812962818302023012E-03    0.104688275812363031E+03    0.773162613820844200E+02    0.327391586315706178E+02    0.209129976175257752E+02    0.116740747377112086E+01   -0.843736416245570497E+00   -0.153812385517298189E+01   -0.195595519372562254E+01
    0.810652546660628253E-03    0.104686154988483992E+03    0.815153290933827321E+02    0.277556080883793470E+02    0.211409786978587384E+02    0.108432356922244444E+01   -0.776597523981841675E+00   -0.153981142472663923E+01   -0.193995975713410207E+01
    0.808372181097432641E-03    0.104683976416198746E+03    0.750684382585688184E+02    0.258143889531375805E+02    0.453480117988961311E+02    0.148915623057804858E+01   -0.714542816130959046E+00   -0.148965113394870796E+01   -0.196463906006401356E+01
    0.810887381951073787E-03    0.104669950698913723E+03    0.771973240188175538E+02    0.260919389257312275E+02    0.432658621506717509E+02    0.798493133977213332E+00   -0.774079871591212276E+00   -0.156250499163688961E+01   -0.190496730655180002E+01
    0.820258932675915807E-03    0.104639156437537366E+03    0.770163459542936124E+02    0.308028519922279536E+02    0.311214236337895720E+02    0.756125650879686195E+00   -0.850354038212118857E+00   -0.147661395640226734E+01   -0.194815197867918366E+01
    0.823512822242190336E-03    0.104623425821639103E+03    0.710253846132732320E+02    0.291284079645146932E+02    0.442297929364653015E+02    0.515736464636308845E+00   -0.743644873283695329E+00   -0.156837993607519444E+01   -0.202881954372514750E+01
    0.822475199076497178E-03    0.104618134903302419E+03    0.613919555837177526E+02    0.294152895198247464E+02    0.534749370665835997E+02    0.433808263489034396E+00   -0.804180383240741037E+00   -0.162720481733142019E+01   -0.202172590785178752E+01
    0.819830884517183580E-03    0.104616762900286147E+03    0.833511247517190128E+02    0.281532672708158529E+02    0.320883091379245258E+02    0.527878428437897673E+00   -0.778153074037965409E+00   -0.163693699106872503E+01   -0.187667948858773714E+01
    0.817361916553293287E-03    0.104614982603295928E+03    0.617873547144804718E+02    0.447553642021290088E+02    0.422726975558087688E+02    0.155980474565324090E+01   -0.786361984837784966E+00   -0.177212205081558749E+01   -0.196500143489029444E+01
    0.814498753338733280E-03    0.104614188266562877E+03    0.830424701559052494E+02    0.362838274057300509E+02    0.952346947160999413E+01    0.451209956930853417E+00   -0.802117904986195063E+00   -0.166901008122380490E+01   -0.190537234989541493E+01
    0.812020217823403298E-03    0.104612471084177287E+03    0.590834883032052147E+02    0.372281394502411160E+02    0.456486837972489354E+02    0.327692638206281583E+00   -0.829027776623705304E+00   -0.177980393811797599E+01   -0.205337714075266309E+01
    0.810387696139638208E-03    0.104608683520743952E+03    0.713202300604112338E+02    0.263635437675878848E+02    0.495489545000501508E+02    0.451480183624501652E+00   -0.734474795017246773E+00   -0.145539693383732205E+01   -0.199725856653675526E+01
    0.809018899170990051E-03    0.104604252005602461E+03    0.861892955302019743E+02    0.332656517817765263E+02    0.228796160703866107E+02    0.128236024344506827E+01   -0.676220901567513577E+00   -0.149342215508181275E+01   -0.190767996171402210E+01
    0.807932238224263154E-03    0.104599127678634247E+03    0.832784059832706305E+02    0.308865042702093291E+02    0.137521293883148612E+02    0.952503239923690126E+00   -0.824036701663511728E+00   -0.151858930787020485E+01   -0.192371365968476105E+01
    0.805660954284676055E-03    0.104596945557964503E+03    0.799327539353832890E+02    0.390533545914186249E+02    0.200184643126687654E+02    0.106302324186857877E+01   -0.721087281666389135E+00   -0.153346303319121491E+01   -0.198213564322099667E+01
    0.802677093087974516E-03    0.104596554046667734E+03    0.788284760959938495E+02    0.386158927564699468E+02    0.412426893562056520E+02    0.118909033647492501E+01   -0.659978990465443616E+00   -0.141295005597463552E+01   -0.185731516167596578E+01
    0.806195169688164672E-03    0.104579994843057065E+03    0.844597133121878301E+02    0.312795635271890298E+02    0.180330707248889688E+02    0.845734189617373677E+00   -0.828579711850782941E+00   -0.151265915237138771E+01   -0.189920645336011007E+01
    0.804252547711369406E-03    0.104577007393626616E+03    0.815105904695511754E+02    0.399031944792355660E+02    0.340690250739855927E+02    0.105888867379321328E+01   -0.733498005931227937E+00   -0.146584753592138206E+01   -0.184659018631444027E+01
    0.803360928843997193E-03    0.104571413384505902E+03    0.700773512988867537E+02    0.450013939434009558E+02    0.366965385280544254E+02    0.143982693436131326E+01   -0.767018557900919218E+00   -0.172070109002694105E+01   -0.192546174073756116E+01
    0.800242047198327115E-03    0.104571380579667107E+03    0.830209824793479925E+02    0.353108966492026326E+02    0.260288480876423556E+02    0.232744748542563606E+00   -0.815988716498318611E+00   -0.162694304281523383E+01   -0.189001393932066986E+01
    0.805016615163600376E-03    0.104551670727154615E+03    0.794264587123858661E+02    0.412577138305690454E+02    0.271746049310686928E+02    0.143827586575914074E+00   -0.728791311414445753E+00   -0.146466906971351829E+01   -0.190872461053484965E+01
    0.808160120214669857E-03    0.104536063646533691E+03    0.853321185588670801E+02    0.290634006035596748E+02    0.188783721105191944E+02    0.134172464820263748E+01   -0.786718122005221066E+00   -0.150889464422442421E+01   -0.192077275395743952E+01
    0.807048553593318961E-03    0.104531003897468850E+03    0.769855108016928966E+02    0.317975348220178020E+02    0.299144711451434304E+02    0.108683790045640283E+01   -0.716137004753848450E+00   -0.155667936067110224E+01   -0.200448534068476825E+01
    0.803972427608195075E-03    0.104530829112332796E+03    0.631033003381164619E+02    0.403372574301939437E+02    0.477143673914147115E+02    0.765427753781674269E+00   -0.675681003001069147E+00   -0.180939658379153490E+01   -0.193376917242135615E+01
    0.801617788931322526E-03    0.104528882717745347E+03    0.796429513884473579E+02    0.365923097910515764E+02    0.294195048251815621E+02    0.145963926587589499E+01   -0.737403361426771875E+00   -0.144765720357810168E+01   -0.190233267020965524E+01
    0.799371459270554856E-03    0.104526682575573176E+03    0.850494764546275235E+02    0.331269237363723477E+02    0.308847944043691562E+02    0.687236166684473182E+00   -0.710540621194046373E+00   -0.166913132261866370E+01   -0.186255431444364383E+01
    0.797446203536564821E-03    0.104523692809468827E+03    0.750715465324256286E+02    0.448980565775954190E+02    0.378056910849128940E+02    0.120216622582767196E+01   -0.685519986432539419E+00   -0.164428663016349064E+01   -0.186204989708383550E+01
    0.798676565158397194E-03    0.104512796932952526E+03    0.783377822994383024E+02    0.274278757893133118E+02    0.311300544776127417E+02    0.105044630443743237E+01   -0.742408049941493786E+00   -0.156714808845053111E+01   -0.196508122220603676E+01
    0.798760264044314438E-03    0.104504774849989474E+03    0.655299436818653476E+02    0.332883804601929683E+02    0.516093048915347978E+02    0.112844010823209717E+01   -0.704958473519520679E+00   -0.166782898750497011E+01   -0.193468867465254246E+01
    0.800479603455115404E-03    0.104492661956763470E+03    0.680427061364979693E+02    0.402721081625501682E+02    0.443430995949957421E+02    0.148063161108452834E+01   -0.806998382927831992E+00   -0.168612726934896617E+01   -0.192214672494752636E+01
    0.799952182838020590E-03    0.104486167652617155E+03    0.813713459580820171E+02    0.332608873797948732E+02    0.406059125888672909E+02    0.551036892835287340E+00   -0.695215478624999328E+00   -0.162598971020374883E+01   -0.186085304333588653E+01
    0.797918133335742620E-03    0.104483447056710730E+03    0.673295652324182043E+02    0.281371791747116653E+02    0.532247608755025823E+02    0.416616250020631074E+00   -0.810141754783136658E+00   -0.161178238359541481E+01   -0.195020423236503571E+01
    0.799253121279564285E-03    0.104472291175089339E+03    0.736931693756539090E+02    0.279539583726135845E+02    0.481533897267887951E+02    0.360930475016592867E+00   -0.720964710628260619E+00   -0.142429392699219082E+01   -0.191623089347199516E+01
    0.796663910767886427E-03    0.104470968267546709E+03    0.795078472943742582E+02    0.356496359996057137E+02    0.294630998969655664E+02    0.124563941953171819E+01   -0.828855641751829353E+00   -0.148475496084288983E+01   -0.190498812998743428E+01
    0.797570432069662216E-03    0.104460881267806940E+03    0.803511055473997118E+02    0.381000367066475434E+02    0.270711763643752548E+02    0.941384268555512271E+00   -0.672587226249643511E+00   -0.148105557156931944E+01   -0.196389127017454923E+01
    0.795239684983975350E-03    0.104458921941953122E+03    0.879073413536175252E+02    0.334518354991073323E+02    0.235505072930997308E+02    0.967616376130037370E+00   -0.765948063116643318E+00   -0.154995660639568444E+01   -0.184595665915213081E+01
    0.792664423177721704E-03    0.104457596644929339E+03    0.782242842848168891E+02    0.270125852669105200E+02    0.430345232701431684E+02    0.695785466704144540E+00   -0.780080343925608766E+00   -0.158788597194247760E+01   -0.190984116937531501E+01
    0.795965141262281102E-03    0.104441473276472479E+03    0.670752035374391795E+02    0.336314776367987989E+02    0.426439261017262012E+02    0.747064476623109375E+00   -0.754410107497485605E+00   -0.143975139089504989E+01   -0.202438589592194651E+01
    0.793131819274990385E-03    0.104440792688646596E+03    0.709448034149721565E+02    0.429599604351298012E+02    0.398642142302705693E+02    0.330055901509693161E+00   -0.665197579292233998E+00   -0.164913829690043601E+01   -0.193003362587565275E+01
    0.794401166765808654E-03    0.104429781898538664E+03    0.789532369217664751E+02    0.311232152669447935E+02    0.394553837974193229E+02    0.113957110071872036E+01   -0.675682187638495968E+00   -0.140202447188756585E+01   -0.192429964924940067E+01
    0.792063565415453575E-03    0.104427863265561768E+03    0.818202807591141408E+02    0.287203072943898476E+02    0.373360505787558949E+02    0.983118298713156480E+00   -0.718718451388415946E+00   -0.157432079858092622E+01   -0.188307679333750944E+01
    0.792574917921854620E-03    0.104418759991597781E+03    0.732908583917026561E+02    0.324891072628243052E+02    0.469379982715913684E+02    0.150652523835358743E+01   -0.668058267342817924E+00   -0.139678972956520608E+01   -0.192065557297279632E+01
    0.792294419929455060E-03    0.104411655431334196E+03    0.684244919349620773E+02    0.441301057728492907E+02    0.362814794602578203E+02    0.100271997903113519E+01   -0.692914575759218776E+00   -0.169306312347898924E+01   -0.199147917140253816E+01
    0.791097449639218265E-03    0.104406866745062814E+03    0.809834018387780077E+02    0.354635632473275564E+02    0.149436197467080722E+01    0.129281173696521079E+01   -0.719116104565827197E+00   -0.160160061675170962E+01   -0.197645340018301696E+01
    0.789738901127400570E-03    0.104402491789614743E+03    0.745926781418665712E+02    0.430517894322464159E+02    0.381089382270023904E+02    0.993370324787762993E+00   -0.694610905985998839E+00   -0.150460008355763941E+01   -0.187262906599579204E+01
    0.789137186509577073E-03    0.104396203702205867E+03    0.873950039216432799E+02    0.302781916450314270E+02    0.214390318594544355E+00    0.148300985848996780E+01   -0.717692136627029020E+00   -0.165463193314353663E+01   -0.187937651717093734E+01
    0.787665184489839639E-03    0.104392125347903345E+03    0.851090579523523445E+02    0.366582999495395683E+02    0.140113845933439638E+02    0.100128513249324413E+01   -0.759502307656946263E+00   -0.158161848460564669E+01   -0.193409768163243090E+01
    0.785806181682063495E-03    0.104389038713814159E+03    0.693661343544533793E+02    0.304025724787406553E+02    0.491614327684438805E+02    0.862761843657155469E+00   -0.697735257677697840E+00   -0.163456520576687070E+01   -0.198161748458800235E+01
    0.782774790962867005E-03    0.104388956498819454E+03    0.809149670221139132E+02    0.392401924194257887E+02    0.306596556479544233E+02    0.115092407733564972E+01   -0.716459328354015490E+00   -0.141687799056884467E+01   -0.187994081784396494E+01
    0.782830722989936458E-03    0.104381001096851875E+03    0.778421442450975860E+02    0.323308241624922559E+02    0.406551721901731113E+02    0.117747611948862430E+01   -0.785055954066321338E+00   -0.164387267470652709E+01   -0.187383748861510968E+01
    0.779973197300051400E-03    0.104380502448160485E+03    0.661840663210767559E+02    0.293485313398034364E+02    0.564020272583779843E+02    0.134215896940989676E+01   -0.766104885678585923E+00   -0.154828880647986411E+01   -0.193230721327771149E+01
    0.778486728463610072E-03    0.104376505174365889E+03    0.821501642020512719E+02    0.335709619991471726E+02    0.536010991802410786E+01    0.667040350836575868E+00   -0.708431144602451823E+00   -0.164359340026594092E+01   -0.196287057533111575E+01
    0.776285150020462672E-03    0.104374356733370490E+03    0.627688283506512406E+02    0.474749654256894544E+02    0.413172489144511559E+02    0.645034937057497482E+00   -0.653422875362723365E+00   -0.178661842073162691E+01   -0.196096814762022942E+01
    0.777925042729094300E-03    0.104362323714614803E+03    0.791616307819300147E+02    0.327894603977732828E+02    0.103781755557380428E+02    0.142991255138087348E+01   -0.781571154104333310E+00   -0.157531004943879882E+01   -0.196522731771768377E+01
    0.775322656439745824E-03    0.104361213014271897E+03    0.708749813911093440E+02    0.369328576268756095E+02    0.366961637784084331E+02    0.152093570197982508E+01   -0.765782527822769454E+00   -0.142435997267819348E+01   -0.201883523516446539E+01
    0.773828078733693344E-03    0.104357259604638855E+03    0.848415344519542884E+02    0.315240836728910523E+02    0.182398146359371864E+02    0.851533850662816283E+00   -0.784415280569595419E+00   -0.168691519823671143E+01   -0.187478300532316489E+01
    0.771819435261295408E-03    0.104354645300436971E+03    0.816270592341645056E+02    0.349728908811133437E+02    0.125919707685136772E+00    0.153008692695172988E+01   -0.737166316376326458E+00   -0.164550770525188272E+01   -0.192861915968007680E+01
    0.768907257995006315E-03    0.104354393338583179E+03    0.573058249343344173E+02    0.337664319497983314E+02    0.512666705148954520E+02    0.113001137215888536E+01   -0.823354194377242887E+00   -0.169824950694513088E+01   -0.205709170862087998E+01
    0.768028106676882740E-03    0.104348868902048224E+03    0.675513646364032496E+02    0.356607866992963451E+02    0.427749862175001212E+02    0.138146888401882140E+01   -0.719200159304201447E+00   -0.153969084868640937E+01   -0.204234394360853511E+01
    0.765613961756323618E-03    0.104347352908812653E+03    0.627524032241211529E+02    0.340380532559084230E+02    0.427168400837177060E+02    0.927394280912513636E+00   -0.805725390090282767E+00   -0.165180495061501520E+01   -0.206196226619177381E+01
    0.763931753439577141E-03    0.104343939647039520E+03    0.725439612464917900E+02    0.313911685499283664E+02    0.448009962301782210E+02    0.414650564076945449E+00   -0.676140186170478552E+00   -0.153295528627891420E+01   -0.197728252931279380E+01
    0.762556922109136398E-03    0.104339729746191963E+03    0.724699478277293991E+02    0.462073639764765431E+02    0.344600951762789407E+02    0.342862615237638613E+00   -0.709763801367428782E+00   -0.160863939317841886E+01   -0.191637873495721722E+01
    0.760103855593957916E-03    0.104338361409392007E+03    0.847433020088425479E+02    0.350658887492539861E+02    0.314354678168547750E+02    0.878653386769896128E+00   -0.734495377374865033E+00   -0.165377643260309171E+01   -0.185547405053592485E+01
    0.757442153267719361E-03    0.104337564723186489E+03    0.681760995509853558E+02    0.388666225839240624E+02    0.463633687252052340E+02    0.397417350132351521E+00   -0.747502436062453590E+00   -0.164176274886723284E+01   -0.194856732025428792E+01
    0.754995676593078931E-03    0.104336222515743614E+03    0.747703244268071643E+02    0.363033056585468898E+02    0.326760898691022987E+02    0.955240198668129259E+00   -0.814498537274238821E+00   -0.149423451137712515E+01   -0.197724164308914152E+01
    0.755978436679507581E-03    0.104325808355751235E+03    0.641056812520279635E+02    0.277522086673719421E+02    0.536237255687337679E+02    0.206706417577597501E+00   -0.810889995527098950E+00   -0.155573304131907530E+01   -0.201061658663915033E+01
    0.755578547567780853E-03    0.104319054073536506E+03    0.768170867882713111E+02    0.431377604120057327E+02    0.388750594740797411E+02    0.945728177370523948E+00   -0.649098334212112160E+00   -0.162811574662880720E+01   -0.187666867852891439E+01
    0.752965470417187922E-03    0.104318170320017671E+03    0.756116558075737686E+02    0.344235698390039886E+02    0.394203843861700776E+02    0.425893599171252413E+00   -0.665188710884512036E+00   -0.154264721878753375E+01   -0.196978117066898761E+01
    0.750080439888948483E-03    0.104318035653546474E+03    0.700448373371698381E+02    0.342966777266436225E+02    0.325849528080056103E+02    0.421549430715504492E+00   -0.824116454644452601E+00   -0.156111887341986932E+01   -0.200942148887008587E+01
    0.752276140335744726E-03    0.104304377132597693E+03    0.743756167337032537E+02    0.263951244490024095E+02    0.494655503456834467E+02    0.615537213302889019E+00   -0.730970981278478593E+00   -0.149524066961877300E+01   -0.191274568527331956E+01
    0.750352687949420332E-03    0.104301684868282450E+03    0.729969656870640620E+02    0.300903178363345276E+02    0.387688010321568157E+02    0.131159338109797008E+01   -0.790766619862431908E+00   -0.151756992330173968E+01   -0.194983055015508100E+01
    0.747558063590986156E-03    0.104301335102889425E+03    0.746474443257112483E+02    0.314539730954565684E+02    0.108627774247918452E+01    0.152039534057155112E+01   -0.764381833724385507E+00   -0.175919534077390782E+01   -0.199129735525134999E+01
    0.745800216343669455E-03    0.104298231045820557E+03    0.802013186680220684E+02    0.344542974172452574E+02    0.105273399552108682E+02    0.107484632169494176E+01   -0.794994008202243085E+00   -0.152397768523319987E+01   -0.197455260451113035E+01
    0.743079797152080787E-03    0.104297727186394170E+03    0.645147034713556167E+02    0.308995857172325863E+02    0.435516505428559952E+02    0.484497587580828504E+00   -0.821463748578096453E+00   -0.156745346400638708E+01   -0.205483234063592146E+01
    0.740935356906124412E-03    0.104295694793781053E+03    0.779361108067752753E+02    0.350074426447461065E+02    0.318611445016971047E+02    0.976212452793653318E+00   -0.838290087875574574E+00   -0.160259708825792568E+01   -0.189817572379092003E+01
    0.738636100816175700E-03    0.104294098304312456E+03    0.639983432607536216E+02    0.388288834650423098E+02    0.412286867873278666E+02    0.116551858825572774E+01   -0.805402134978606909E+00   -0.160764683874284264E+01   -0.204440128481135819E+01
    0.739761509582775303E-03    0.104283240861663558E+03    0.738184113346345185E+02    0.339560777661258513E+02    0.503890761115436021E+02    0.628544765500341440E+00   -0.676380304081416694E+00   -0.147022318312324130E+01   -0.187661879285537969E+01
    0.738786277487529547E-03    0.104278066713281817E+03    0.531199758280333256E+02    0.343151283193460657E+02    0.544718441998416409E+02    0.607308161939832170E+00   -0.735490227718063050E+00   -0.173849072939074767E+01   -0.212680745340373356E+01
    0.741514682269662074E-03    0.104262881637174857E+03    0.760885021599276570E+02    0.378279421832932812E+02    0.319522382485850613E+02    0.130141255400755718E+01   -0.817076968272044013E+00   -0.153678747202050348E+01   -0.191299895335033421E+01
    0.739498556175043954E-03    0.104260514402045416E+03    0.726549214914923596E+02    0.278476083367534883E+02    0.493576594234780472E+02    0.120949415780017833E+01   -0.708509975252847868E+00   -0.150094608032848376E+01   -0.196997275669855965E+01
    0.737284343508906917E-03    0.104258699301733174E+03    0.681947499287763890E+02    0.391660723634276025E+02    0.321608242492956506E+02    0.132287281858305317E+01   -0.764221879343941035E+00   -0.159969804801514348E+01   -0.204807138926607024E+01
    0.735711646405118780E-03    0.104255157547104261E+03    0.752100328675014254E+02    0.288921126885679165E+02    0.359082131680811685E+02    0.112309036169327525E+01   -0.853418280108975580E+00   -0.153539910163925253E+01   -0.194436034456905782E+01
    0.734226478220271908E-03    0.104251386492564677E+03    0.805959899745947155E+02    0.360783694702069226E+02    0.770147421901415186E+01    0.139608230577476045E+01   -0.734904777516349972E+00   -0.158111987458027503E+01   -0.196804730822292484E+01
    0.732378099517967977E-03    0.104248615241471157E+03    0.743595103334570524E+02    0.363242945286534038E+02    0.297216481604511849E+02    0.490066693143814680E+00   -0.727078680752562212E+00   -0.164549219421403237E+01   -0.195982876849797227E+01
    0.732864098908366153E-03    0.104239475999970722E+03    0.729741512298127333E+02    0.459678972838789761E+02    0.359383151739792837E+02    0.767526794728392803E+00   -0.715540309989717516E+00   -0.159962173078294745E+01   -0.191124688666667808E+01
    0.732097096982758651E-03    0.104233757758843467E+03    0.736562749589143664E+02    0.392677542194850417E+02    0.421505482831764269E+02    0.524499473599024379E+00   -0.652463608021093489E+00   -0.148068006906639482E+01   -0.192050095703519674E+01
    0.730045487234740314E-03    0.104231557874511978E+03    0.794628027929960439E+02    0.428670170122691303E+02    0.356493827049101597E+02    0.128619623931948562E+00   -0.704418814588687381E+00   -0.157224375151404971E+01   -0.186818644440457082E+01
    0.727490690320512032E-03    0.104230756657168314E+03    0.871788504567705331E+02    0.387137900236174204E+02    0.166222690199979795E+02    0.124529799786965190E+01   -0.726809568458253175E+00   -0.155746590741685353E+01   -0.189403902974846416E+01
    0.724889282588176429E-03    0.104230108702432716E+03    0.645595057197195814E+02    0.351896005226756756E+02    0.493549135655708966E+02    0.660213499398167536E+00   -0.782225682157239977E+00   -0.150441026701344138E+01   -0.196864100408962917E+01
    0.724029820371216762E-03    0.104224668901684211E+03    0.540852569392565101E+02    0.313040265332146745E+02    0.576402307469352024E+02    0.701979749930044417E+00   -0.731751427942867183E+00   -0.177703731854401248E+01   -0.208865493451975848E+01
    0.721853184253188067E-03    0.104222878016864229E+03    0.765884806484297798E+02    0.310568792016242092E+02    0.445624406951054866E+02    0.773816013164721372E+00   -0.742908741132902950E+00   -0.147152435648206570E+01   -0.193156738964905172E+01
    0.719730375777752037E-03    0.104220955733896872E+03    0.734419898592727947E+02    0.320301391864626623E+02    0.399703642959298762E+02    0.464477175004259557E+00   -0.835849688807257518E+00   -0.164305718897321507E+01   -0.196035734045548682E+01
    0.718140398703282336E-03    0.104217566378871354E+03    0.636892582930344915E+02    0.314166733252912955E+02    0.411135192265191449E+02    0.129259502475620947E+01   -0.809845358033438156E+00   -0.162815431984877423E+01   -0.209315797958952832E+01
    0.715789844348088504E-03    0.104216310840681672E+03    0.726722796095208565E+02    0.349924991404349299E+02    0.410919153862386395E+02    0.822382685131306412E+00   -0.691995170535590232E+00   -0.145980158549862060E+01   -0.199741703575101770E+01
    0.718647546693322440E-03    0.104200529485034849E+03    0.793718633738331789E+02    0.347769061645113027E+02    0.175666268890102693E+02    0.139668800884384847E+01   -0.745257469146719087E+00   -0.158323117556368032E+01   -0.195447034923546759E+01
    0.719505844191585617E-03    0.104190329763739527E+03    0.808447160627351593E+02    0.351541036946029237E+02    0.197303168655261167E+02    0.131407644438746818E+01   -0.704894267302662358E+00   -0.159612304384018278E+01   -0.195116578891764747E+01
    0.717654455865149527E-03    0.104187670173545101E+03    0.626049272708285116E+02    0.433614334092744684E+02    0.402349177104193316E+02    0.149809183270511337E+01   -0.747745348251640962E+00   -0.172572204787479611E+01   -0.204649004370344523E+01
    0.715839982948230313E-03    0.104184920752513037E+03    0.868676651640236202E+02    0.349444438597298728E+02    0.316060856785836499E+02    0.128598403368687708E+01   -0.736905153933193446E+00   -0.147793324631860257E+01   -0.185737724772512003E+01
    0.715975606748441300E-03    0.104176729366288868E+03    0.749230934966867892E+02    0.366677294139253149E+02    0.224207492450681656E+02    0.584317272355744932E+00   -0.818099457980444367E+00   -0.165463473766756475E+01   -0.198742674113066986E+01
    0.715755654884991715E-03    0.104169531372295921E+03    0.628880238274574594E+02    0.350616725542215164E+02    0.446672727261095801E+02    0.103201167136928040E+01   -0.855861179918276482E+00   -0.170021953628949030E+01   -0.202498595296419870E+01
    0.717508034015290749E-03    0.104156828271865379E+03    0.742812274773230854E+02    0.298280486297501994E+02    0.312898722386175763E+02    0.100997810832060231E+01   -0.845753081309045918E+00   -0.162763705152849525E+01   -0.196843061108242101E+01
    0.715884400127722912E-03    0.104153546658294800E+03    0.798470470616299224E+02    0.389551787667072347E+02    0.240908412831111391E+02    0.757667031880584596E+00   -0.720280830959325380E+00   -0.139325609504914172E+01   -0.195995026944603579E+01
    0.716648646544371278E-03    0.104143600185913726E+03    0.748767375282379533E+02    0.386337619495406273E+02    0.293737378158617872E+02    0.104953494519630763E+01   -0.798142867783891541E+00   -0.157614548686670930E+01   -0.198208497968455055E+01
    0.714560791996202930E-03    0.104141622907434794E+03    0.701540037225093727E+02    0.381478924956433403E+02    0.367986028738473507E+02    0.866014143788557011E+00   -0.764694022708521937E+00   -0.178071236190678528E+01   -0.197827586304433378E+01
    0.712022276734150875E-03    0.104140928164534316E+03    0.883335750904418404E+02    0.366863757837757447E+02    0.212575894176129054E+02    0.118307347161393039E+01   -0.726813475605518899E+00   -0.146577910299189806E+01   -0.189075345919530280E+01
    0.710842239925548011E-03    0.104136433020657378E+03    0.741143774159652651E+02    0.333456872406069138E+02    0.348892573583238530E+02    0.113290132345755801E+01   -0.702359945471062286E+00   -0.152252512436020915E+01   -0.201664758204265171E+01
    0.708306874945422663E-03    0.104135766683526214E+03    0.708809400179414126E+02    0.259453183461716392E+02    0.422980799818725188E+02    0.136162957467730972E+01   -0.778999647293916464E+00   -0.164156791696554394E+01   -0.201143569246119025E+01
    0.708001140798684005E-03    0.104128817651495268E+03    0.719131889024939568E+02    0.372866780991933808E+02    0.436713347415562723E+02    0.110132095217371728E+01   -0.678879942203687969E+00   -0.140875004647502999E+01   -0.191891172447893044E+01
    0.705669879889676225E-03    0.104127601489647986E+03    0.661946224972857351E+02    0.332916983005491574E+02    0.374441838545693955E+02    0.108819136957931084E+01   -0.791142108416183820E+00   -0.158666358573231259E+01   -0.207789648161193208E+01
    0.703983591468670521E-03    0.104124573964848281E+03    0.801152323565834479E+02    0.301096216960470358E+02    0.222426044196122206E+02    0.198640142588998536E+00   -0.756788649009515701E+00   -0.149545925372238830E+01   -0.195793538238121734E+01
    0.701429276709847360E-03    0.104124031407024461E+03    0.719444014633038762E+02    0.278397006637608939E+02    0.379627153916025009E+02    0.936400943439531508E+00   -0.795594870473834703E+00   -0.147552375713889017E+01   -0.202044598837271083E+01
    0.701530277176357618E-03    0.104115930943008948E+03    0.595894361457993469E+02    0.426293749052450011E+02    0.452538957947293099E+02    0.779710847901261106E+00   -0.791368708696660539E+00   -0.176784524057536885E+01   -0.199902891151935092E+01
    0.699122264926584081E-03    0.104114995279482883E+03    0.794699072806840832E+02    0.353845106105198823E+02    0.260441044759386431E+01    0.625047222398090629E+00   -0.700003350169438487E+00   -0.169731716271592115E+01   -0.196299786888433103E+01
    0.696875322868733930E-03    0.104113621025559723E+03    0.775282181073439318E+02    0.314772672896506194E+02    0.331791203863520607E+02    0.871915157579585709E+00   -0.694212241792158125E+00   -0.157100815959830076E+01   -0.198006179345718958E+01
    0.694748863927047004E-03    0.104111920694683846E+03    0.819928621007294964E+02    0.298725536784976562E+02    0.875322601374894704E+00    0.286321986227630554E+00   -0.763930328749566678E+00   -0.165743853989442314E+01   -0.193632492223674291E+01
    0.692710032141586511E-03    0.104109986086299244E+03    0.614720610239073295E+02    0.359622096584453175E+02    0.413360656565426936E+02    0.117773568426908626E+01   -0.807789597449562580E+00   -0.168459645148972759E+01   -0.208662078117252703E+01
    0.690886724588406242E-03    0.104107444800183657E+03    0.757718240325523880E+02    0.357687836624209652E+02    0.410282368680797376E+02    0.134065061923721851E+01   -0.672129127840262131E+00   -0.140124475289603079E+01   -0.190779554035767873E+01
    0.689577980062675250E-03    0.104103424486723242E+03    0.867920674264883303E+02    0.306375501088258630E+02    0.561268598967033938E+01    0.140840557205318739E+01   -0.783937736252084738E+00   -0.159914053218435637E+01   -0.188010271581250321E+01
    0.689340692894856166E-03    0.104096300314975863E+03    0.724449674523724951E+02    0.378146441892719878E+02    0.472013021553980323E+02    0.452182227781649626E+00   -0.734335441772334896E+00   -0.157353695982352426E+01   -0.185259841987898088E+01
    0.686683639222101139E-03    0.104096211681227715E+03    0.826012047114238470E+02    0.322296344882925467E+02    0.359878539636768267E+02    0.687291505233709854E+00   -0.742572555143760749E+00   -0.150616916346878194E+01   -0.185465150152602432E+01
    0.684844482496784813E-03    0.104093763002205378E+03    0.884920776243128557E+02    0.337344870710678890E+02    0.675609457319047202E+01    0.787999492788979294E+00   -0.719524537678278620E+00   -0.165185164478878121E+01   -0.189541757432561231E+01
    0.687277086745937717E-03    0.104078858982467381E+03    0.833055952755044018E+02    0.323630471728239399E+02    0.264838594666093599E+02    0.140779966787671307E+01   -0.772434161674186548E+00   -0.151973702285832113E+01   -0.187716613594885917E+01
    0.685931400917139090E-03    0.104074966313350018E+03    0.625619365240514753E+02    0.289121059652258729E+02    0.495199895730546302E+02    0.117511215423807536E+01   -0.814803954163182853E+00   -0.164810324818598830E+01   -0.204904636262612883E+01
    0.683603118552968949E-03    0.104073954035101679E+03    0.727376643936525795E+02    0.385416496673308018E+02    0.393162252234369163E+02    0.577594132405842675E+00   -0.716320864377422817E+00   -0.165670754059919201E+01   -0.191911976112602112E+01
    0.681870973347853166E-03    0.104071215658864261E+03    0.754283213914506518E+02    0.312011285723756941E+02    0.463079807087505202E+02    0.111387098487408531E+01   -0.695488165714158946E+00   -0.145475100103748911E+01   -0.194052509477870472E+01
    0.680358484332928737E-03    0.104067844377274028E+03    0.757841006254400327E+02    0.344260191614776403E+02    0.430651927991501253E+02    0.678294192770185989E+00   -0.766423991458526688E+00   -0.143436925680558680E+01   -0.190657951313351726E+01
    0.679288610844545199E-03    0.104063179381396225E+03    0.753620848783329365E+02    0.313803410107257150E+02    0.275091647682287004E+02    0.749700520419640637E+00   -0.849972508643943581E+00   -0.166285349797858584E+01   -0.193352664969282562E+01
    0.679508030720844705E-03    0.104054720957285099E+03    0.687779138873280402E+02    0.376257230231534834E+02    0.411745562366051843E+02    0.795738308278604811E+00   -0.743153129563272064E+00   -0.167480882477586834E+01   -0.203284677857033591E+01
    0.678185287281830905E-03    0.104050805490112737E+03    0.782466957921798922E+02    0.272745040662398388E+02    0.405879134189070570E+02    0.147394692951555606E+01   -0.733633872130827758E+00   -0.144272953904283230E+01   -0.195644154062646569E+01
    0.675768018733258311E-03    0.104050134362289000E+03    0.686967059756045160E+02    0.361198196671502672E+02    0.426985495609863577E+02    0.103975499922710712E+01   -0.744222534559008775E+00   -0.161449807725100047E+01   -0.202983735746297622E+01
    0.675312493260513775E-03    0.104043670488032532E+03    0.855969934048531371E+02    0.355990364854829124E+02    0.183472575253662704E+02    0.227793914761652949E+00   -0.729254459169174529E+00   -0.159132099527661364E+01   -0.188340435803007389E+01
    0.677153183492080579E-03    0.104030414030674621E+03    0.835500022656591597E+02    0.306408375791334180E+02    0.201581791613231331E+02    0.721085773039142675E+00   -0.765773602993603086E+00   -0.168941812500849053E+01   -0.189871687835808833E+01
    0.676704194100897550E-03    0.104023928079290656E+03    0.791179120556416677E+02    0.357231063417173118E+02    0.118370358605318557E+02    0.847259102452789903E+00   -0.801062966217350292E+00   -0.170691044144625104E+01   -0.193504580568706208E+01
    0.674638582590424770E-03    0.104022229832920090E+03    0.770857094565759553E+02    0.283052128884110274E+02    0.387967887780044194E+02    0.124711404777543677E+01   -0.731876527515733732E+00   -0.142654322290672098E+01   -0.194400693744447350E+01
    0.674362736349832202E-03    0.104015235260198750E+03    0.786056096496930792E+02    0.358784023504462155E+02    0.192281816565189843E+02    0.100873981624585451E+01   -0.734582886213820396E+00   -0.156642367391224591E+01   -0.197697790035213594E+01
    0.671772043021966799E-03    0.104015120938913341E+03    0.722940184753126687E+02    0.329502366849265940E+02    0.396022087124255435E+02    0.145487521410246168E+01   -0.752935628519001199E+00   -0.147008551869875848E+01   -0.195237003305258172E+01
    0.669883644467194478E-03    0.104012938496816943E+03    0.677466837418314896E+02    0.402779320715560516E+02    0.361167748462052032E+02    0.120337646520332520E+01   -0.791590749058089127E+00   -0.170416810748569203E+01   -0.198338645226195043E+01
    0.668183097528347197E-03    0.104010209593325385E+03    0.773800149472187400E+02    0.311468849609269078E+02    0.112519693521529032E+02    0.157024454878738529E+01   -0.781106646528926030E+00   -0.169674641126348269E+01   -0.195351309809173834E+01
    0.666325200791730628E-03    0.104007965879789381E+03    0.681023976479420980E+02    0.281945795336940783E+02    0.483295428419578386E+02    0.146614112611927094E+01   -0.822626864338766861E+00   -0.164670802836907737E+01   -0.198634188173340243E+01
    0.664405926014290387E-03    0.104005922467382121E+03    0.623050286311187307E+02    0.451117382225360188E+02    0.419508700730776098E+02    0.129490843331248562E+01   -0.762022962941426574E+00   -0.174256965303174871E+01   -0.196933688055356559E+01
    0.662199407272333514E-03    0.104004763101426988E+03    0.740963401925816214E+02    0.348093436449803235E+02    0.370615153172887304E+02    0.393639103139901414E+00   -0.685775858345913925E+00   -0.154529413916743685E+01   -0.198124235963373541E+01
    0.661148402513054428E-03    0.104000127407924822E+03    0.798473768177803862E+02    0.341533923531970558E+02    0.106708498801772880E+02    0.105371243583117780E+01   -0.785618990407503492E+00   -0.167728302025337817E+01   -0.195810092636530642E+01
    0.660334544787785573E-03    0.103994778376196820E+03    0.719274723723127352E+02    0.320123157435789665E+02    0.321301504383325209E+02    0.882015107455906056E+00   -0.851984626811275403E+00   -0.168430768880392256E+01   -0.197433517091465860E+01
    0.657911419265160414E-03    0.103994318459304296E+03    0.779405097127446709E+02    0.332647886382146538E+02    0.355829720430091641E+02    0.121429028942936523E+01   -0.674287507436758027E+00   -0.161875381852027433E+01   -0.193926178235217739E+01
    0.656120159403259418E-03    0.103991958677490118E+03    0.766469037170965919E+02    0.371000523599928940E+02    0.295911123981961026E+02    0.106376705693117857E+01   -0.832626272224231023E+00   -0.162770842273424776E+01   -0.192719533269851095E+01
    0.653910690926863525E-03    0.103990892493642335E+03    0.839784912417177765E+02    0.315083642206524175E+02    0.240548433158797863E+02    0.895587794327649345E+00   -0.746826468412395084E+00   -0.169534617787086983E+01   -0.187631738351463095E+01
    0.652627298234213934E-03    0.103987009134979431E+03    0.677913384855842764E+02    0.387557460455907332E+02    0.395165609636256931E+02    0.133110725852548661E+01   -0.739057521100578096E+00   -0.151189526827202458E+01   -0.200713493710585844E+01
    0.650310735907415490E-03    0.103986308453675576E+03    0.784672358363051217E+02    0.319429554654098204E+02    0.251730057916782624E+01    0.103847233205864198E+01   -0.794432513136034579E+00   -0.169780011628342509E+01   -0.194910761645471409E+01
    0.647799627430009975E-03    0.103986233698263561E+03    0.753849399276348748E+02    0.353976707932657604E+02    0.398138572458285154E+02    0.144806128525622535E+01   -0.715762676216737503E+00   -0.135688126822511546E+01   -0.194995888141790719E+01
    0.645424458380427493E-03    0.103985767710739736E+03    0.784064164546980606E+02    0.362361995451670111E+02    0.332356824812910787E+02    0.625679657393258926E+00   -0.660608675800253842E+00   -0.162739125711165600E+01   -0.194038712941753255E+01
    0.644046415637756315E-03    0.103982229966517650E+03    0.750178066952344835E+02    0.299718161887713634E+02    0.493392582669443982E+02    0.731018063784154126E+00   -0.745963373041227396E+00   -0.158057831446879371E+01   -0.188625697613959953E+01
    0.643067210386577830E-03    0.103977460571400684E+03    0.567651028809904261E+02    0.354086630169526302E+02    0.476211661691975365E+02    0.100569950804014652E+01   -0.774151601862051564E+00   -0.171100778427720579E+01   -0.211936514673304410E+01
    0.649246447118756865E-03    0.103950521804990160E+03    0.803082800992131354E+02    0.302039675704211632E+02    0.203226225969783059E+02    0.141537001736083723E+01   -0.802380619150251162E+00   -0.149417460866993324E+01   -0.195504800197773698E+01
    0.646926196405318691E-03    0.103949869626428381E+03    0.804964028121006834E+02    0.333026621144633452E+02    0.104854761504989789E+02    0.885556774613414088E+00   -0.767326928948936615E+00   -0.154150492307322562E+01   -0.196856507354965493E+01
    0.645034208825969271E-03    0.103947914856817590E+03    0.800427094397792871E+02    0.376823729589376981E+02    0.364743814632226417E+02    0.814983098377649484E+00   -0.769046226279375356E+00   -0.148459511179419446E+01   -0.185921571911841643E+01
    0.644185183967576659E-03    0.103942736586447964E+03    0.777146983265862445E+02    0.351303221688873890E+02    0.973258684366988014E+01    0.775868879027566072E+00   -0.782803944811639729E+00   -0.171135918937709386E+01   -0.194253130716024591E+01
    0.642437376147157518E-03    0.103940357875500695E+03    0.841347174091569201E+02    0.377427205822828498E+02    0.320017191555860236E+02    0.995631804987030411E+00   -0.742397481138057813E+00   -0.146461684180184326E+01   -0.185753873258766289E+01
    0.640813142059771124E-03    0.103937608252722896E+03    0.663745468731424211E+02    0.329214409975529065E+02    0.365674564296331468E+02    0.107478240101284328E+01   -0.742167775616147996E+00   -0.169139107614540829E+01   -0.208750137991461804E+01
    0.641751260909461003E-03    0.103926869992379594E+03    0.735496643408725106E+02    0.261326761074142127E+02    0.392372621694294281E+02    0.406172915787567146E+00   -0.805722817153630144E+00   -0.151564044832792799E+01   -0.198151347155859847E+01
    0.640272701447363083E-03    0.103923670698251115E+03    0.792673185629402468E+02    0.312922760266064337E+02    0.233085448468181085E+02    0.124222851151189606E+01   -0.793678304054961536E+00   -0.150234003548527095E+01   -0.194085162150096568E+01
    0.639345715514363293E-03    0.103918755893635520E+03    0.780056515892295579E+02    0.320765873912238035E+02    0.303942973272200803E+02    0.137904151644213546E+01   -0.733224273071291677E+00   -0.144655906832802628E+01   -0.199735162898860374E+01
    0.637252577054970367E-03    0.103917501886929088E+03    0.850645438029229268E+02    0.381874038788237442E+02    0.302694332206211847E+02    0.823971506043630342E+00   -0.691673840441638488E+00   -0.146583786338878475E+01   -0.185993302717506004E+01
    0.636116007343895504E-03    0.103913259665093079E+03    0.729300140355861402E+02    0.281295502991872617E+02    0.416970585159988332E+02    0.855055991422641881E+00   -0.771592475131738009E+00   -0.152086572712440504E+01   -0.195545977292378126E+01
    0.635809954779522897E-03    0.103906409650581708E+03    0.814798111428982139E+02    0.337124726206030374E+02    0.342750147253734117E+01    0.154649217640003034E+01   -0.739281163695503896E+00   -0.160163303927857115E+01   -0.195039707965185105E+01
    0.633922068320689905E-03    0.103904544508971227E+03    0.825685275395494216E+02    0.326454798235648980E+02    0.284257915264933274E+02    0.141014083723186090E+01   -0.788093167892878199E+00   -0.148674987689601124E+01   -0.192745045484908650E+01
    0.632379494746852398E-03    0.103901604700853966E+03    0.811303164395337717E+02    0.325607375456360160E+02    0.120247611781636916E+02    0.450642118065317565E+00   -0.765964783126971138E+00   -0.158402222222863176E+01   -0.197009574746681837E+01
    0.631069049708624747E-03    0.103897940990336167E+03    0.686401501552070386E+02    0.379781063990647993E+02    0.375478332399928547E+02    0.951655175292904332E+00   -0.829420343237922353E+00   -0.164892812831784918E+01   -0.197726140018957630E+01
    0.631081106323899688E-03    0.103890090280570973E+03    0.862088689650492626E+02    0.307643556666127829E+02    0.133182938853797648E+02    0.940016901179743902E+00   -0.769963366036041208E+00   -0.152143758049488143E+01   -0.192103838868781907E+01
    0.635847375841787745E-03    0.103867229442575365E+03    0.693504678977857338E+02    0.283215576632134720E+02    0.500498493939592421E+02    0.134675306464256006E+01   -0.711905803438485973E+00   -0.145893970701645204E+01   -0.198672456930379937E+01
    0.636081816189456770E-03    0.103858679667727699E+03    0.714517713128886953E+02    0.273617903911064744E+02    0.385148428899012742E+02    0.156527285110518721E+01   -0.779844343176270494E+00   -0.171545827239795634E+01   -0.197763805621588240E+01
    0.633676589571253697E-03    0.103858444135075359E+03    0.746177025876837376E+02    0.329879329034822888E+02    0.175216404311348128E+02    0.712556391863056748E+00   -0.817205337231652784E+00   -0.172091566690490461E+01   -0.197377547584901381E+01
    0.631997134425202225E-03    0.103855939341476784E+03    0.651422808511701845E+02    0.455893542155537972E+02    0.382069827701429006E+02    0.294486600096854845E+00   -0.721656843581613749E+00   -0.175617655024875652E+01   -0.196947991249041521E+01
    0.630676888232010449E-03    0.103852309224738462E+03    0.829008693008457413E+02    0.347996557299658349E+02    0.263103772770276123E+02    0.667378823311005620E+00   -0.788849203862340032E+00   -0.143402327364094972E+01   -0.191377620378711910E+01
    0.628575945127741618E-03    0.103851170348963848E+03    0.774953692517518959E+02    0.363628785447267333E+02    0.187287494682922890E+02    0.827256794114357152E+00   -0.788398990372332964E+00   -0.170500155474443393E+01   -0.194398259238239612E+01
    0.630901580979908614E-03    0.103835971806903956E+03    0.723773743364802584E+02    0.363746974559675351E+02    0.228713697395019295E+02    0.150952722866665456E+01   -0.797623621360455948E+00   -0.168217223869549048E+01   -0.201334620510765649E+01
    0.629844825631410091E-03    0.103831512100425130E+03    0.813803839822768253E+02    0.316944118882335424E+02    0.276790840797413935E+02    0.974752828059142540E+00   -0.740178126411834780E+00   -0.144662949571589561E+01   -0.191965557745000059E+01
    0.628275734326468310E-03    0.103828688286464995E+03    0.778787740572711726E+02    0.414128797865146510E+02    0.275161956543087420E+02    0.911538855938765824E+00   -0.710290982997912934E+00   -0.146025797895284537E+01   -0.195100341798934718E+01
    0.625946340661972535E-03    0.103828304762207807E+03    0.777201874922255769E+02    0.326758917040052097E+02    0.337274256119411504E+02    0.104283167041663516E+01   -0.732863815472321489E+00   -0.150723229788859836E+01   -0.192267478125761282E+01
    0.625549488636822394E-03    0.103821760670872592E+03    0.679150652464699505E+02    0.321435077933367381E+02    0.391902276481510512E+02    0.149965431594777332E+01   -0.746379407850058740E+00   -0.166677017179514375E+01   -0.203332878991779253E+01
    0.624190953593086058E-03    0.103818296387615703E+03    0.648374224375449728E+02    0.355406894527205495E+02    0.468018055683998142E+02    0.109946931371087397E+01   -0.712692229892699203E+00   -0.166631043039306781E+01   -0.200731395000937329E+01
    0.622426212324142026E-03    0.103816146387687212E+03    0.693754637703043642E+02    0.341380475102419965E+02    0.434377602369754925E+02    0.130517257962819877E+01   -0.695136903952164875E+00   -0.168153254353574733E+01   -0.199937439531418182E+01
    0.622422177954433712E-03    0.103808346851096189E+03    0.684459792918199526E+02    0.327048923669426728E+02    0.491756417644490895E+02    0.121319618887087044E+01   -0.789822559463915663E+00   -0.145048431146147339E+01   -0.191829147106056563E+01
    0.621529055805839013E-03    0.103803406239568389E+03    0.849063719417202805E+02    0.316729616813464148E+02    0.290459080815030752E+02    0.145195013164824949E+01   -0.771281166205151525E+00   -0.144454606389294415E+01   -0.187336825300430965E+01
    0.619327642987647746E-03    0.103802690175861017E+03    0.761205823893120055E+02    0.301082537175912464E+02    0.421159844501732579E+02    0.766147999074251018E+00   -0.699083242400612814E+00   -0.158934776787457022E+01   -0.196514176895298731E+01
    0.617811162523098072E-03    0.103799780864467948E+03    0.895273002371540514E+02    0.336188600366578498E+02    0.131586956466463771E+02    0.153604315296005067E+01   -0.696458501890733439E+00   -0.156267178911304994E+01   -0.189328067538998512E+01
    0.615973515573402567E-03    0.103797926124654850E+03    0.825731965550941425E+02    0.344725529730867635E+02    0.343535903301548728E+02    0.988352778387284525E+00   -0.746949891512390218E+00   -0.166169832245913884E+01   -0.186870001715257517E+01
    0.615141865074085321E-03    0.103792815729230568E+03    0.842599404215927166E+02    0.300781398321237319E+02    0.192026531927589006E+01    0.969618583784166543E+00   -0.719381928264245962E+00   -0.169831700743283642E+01   -0.190925941647060715E+01
    0.612902327368572159E-03    0.103792297885895238E+03    0.841586677705161321E+02    0.372934333828449240E+02    0.232032946446610104E+02    0.979371113790720726E+00   -0.787837425270948799E+00   -0.155263920917213150E+01   -0.188690238435864188E+01
    0.610606015633361875E-03    0.103791992696963717E+03    0.794801784307263830E+02    0.356807558957899502E+02    0.170916739477500350E+02    0.596701066430739946E+00   -0.781021060922627797E+00   -0.148391981866390443E+01   -0.198542253318042139E+01
    0.611803913090424732E-03    0.103780260406024979E+03    0.855859689747314718E+02    0.337201896308146232E+02    0.271641629579354671E+01    0.756277304267225392E+00   -0.689761417293233814E+00   -0.162748952615864262E+01   -0.192930667132963030E+01
    0.609637185326163599E-03    0.103779543557349612E+03    0.835586263356291852E+02    0.343781222569853426E+02    0.233444682282274059E+02    0.335111155771812219E+00   -0.773775619216339638E+00   -0.161657731194132515E+01   -0.187374034023804592E+01
    0.608742612306589011E-03    0.103774667984511638E+03    0.736075384800581247E+02    0.327090098288697533E+02    0.367412373128893321E+02    0.145039595563320445E+01   -0.743136687328673551E+00   -0.160725394591613480E+01   -0.195270649632952131E+01
    0.607743587050433762E-03    0.103770140439100601E+03    0.740619857628047384E+02    0.279698295667671601E+02    0.445270954150760758E+02    0.127033342140195615E+01   -0.742017097088899291E+00   -0.161202413689724455E+01   -0.193409616072007817E+01
    0.606213890833173698E-03    0.103767368303544202E+03    0.767140678693893534E+02    0.342049924069208942E+02    0.243246253659757841E+02    0.624937214329424395E+00   -0.788900128060354033E+00   -0.164680702495417397E+01   -0.193151282186203366E+01
    0.604088703056100121E-03    0.103766579468442416E+03    0.642777579335292302E+02    0.363766063688742207E+02    0.365347098817746598E+02    0.109197192929729270E+01   -0.811902790213635539E+00   -0.171300655581255712E+01   -0.207565028859013800E+01
    0.602730422153824807E-03    0.103763268990153676E+03    0.683629056611899699E+02    0.325036854077247810E+02    0.422905952898954567E+02    0.133090052754403421E+01   -0.806557257119205451E+00   -0.170785302193770305E+01   -0.202091666421499561E+01
    0.604337604642768617E-03    0.103750130581744159E+03    0.840289913166409264E+02    0.331071280891992643E+02    0.456153161536675067E+00    0.139914245313520413E+01   -0.685990777675435925E+00   -0.169652824134374347E+01   -0.192560676043206414E+01
    0.602894199142680080E-03    0.103747100613759514E+03    0.815200212962934927E+02    0.359595197649290483E+02    0.248873849677960166E+02    0.922785313098219873E+00   -0.745647174082156639E+00   -0.139907278353389808E+01   -0.192595828630047716E+01
    0.601307584334659037E-03    0.103744558379085134E+03    0.871785677518403475E+02    0.361690653264681572E+02    0.108562854260953046E+02    0.569142637459794876E+00   -0.701567103626751898E+00   -0.154607575949542597E+01   -0.190977266483824204E+01
    0.599305991600489717E-03    0.103743414451317449E+03    0.751364568852068828E+02    0.388039007135831042E+02    0.348149256930976136E+02    0.107297015337629476E+01   -0.683817277622466468E+00   -0.155848840762897201E+01   -0.194784942260678395E+01
    0.601130004412900668E-03    0.103729524112191626E+03    0.759572300327593837E+02    0.350486905090024337E+02    0.275130879583959249E+02    0.260811595366038429E+00   -0.756579585843698776E+00   -0.151874456355194143E+01   -0.196543719373247328E+01
    0.599361127909816931E-03    0.103727605459253368E+03    0.630885248874591085E+02    0.322705625748447460E+02    0.498622598439426810E+02    0.759058603952524780E+00   -0.763523838471706240E+00   -0.153727148125098023E+01   -0.203188650704759066E+01
    0.597458713502152581E-03    0.103726151196121137E+03    0.877772184268754501E+02    0.334541021319494902E+02    0.281851249338632783E+02    0.140206138068675434E+01   -0.719962557710849937E+00   -0.150495990964088255E+01   -0.188152028864605558E+01
    0.596527004420098201E-03    0.103721460037548198E+03    0.859928626829210145E+02    0.373748363255665623E+02    0.379054892400269772E+01    0.152706433596330160E+01   -0.712647598079041433E+00   -0.159310766340681864E+01   -0.192038666045415285E+01
    0.594863093075263588E-03    0.103719233994679797E+03    0.774851541930292882E+02    0.378711310134345069E+02    0.355630691488394532E+02    0.106928412850957733E+01   -0.782961600327337193E+00   -0.153740270290360104E+01   -0.187817490540894694E+01
    0.593067816487014682E-03    0.103717466553161088E+03    0.661328791358438082E+02    0.288535736426643865E+02    0.519282409841953339E+02    0.132170591736367493E+01   -0.795680453820973188E+00   -0.150573179505418819E+01   -0.196397862443693150E+01
    0.594481986454326646E-03    0.103704890730790027E+03    0.626231460952003687E+02    0.349119230323115914E+02    0.503161229200404421E+02    0.945811659720091846E+00   -0.736600213884209154E+00   -0.171581206198591896E+01   -0.196276222078714069E+01
    0.592274292581045059E-03    0.103704519342192469E+03    0.670407362730910563E+02    0.385735740983560689E+02    0.428448900296975594E+02    0.133213930500472122E+01   -0.772739274263648745E+00   -0.151432221500283948E+01   -0.198421856349052006E+01
    0.591552298112538741E-03    0.103699146370291260E+03    0.642512938603084507E+02    0.333056639263536951E+02    0.410401270277586718E+02    0.703123542774523491E+00   -0.775225543228883041E+00   -0.164654120861178166E+01   -0.207533991729702993E+01
    0.590202223482191911E-03    0.103695903601798165E+03    0.714871428534883933E+02    0.371247258041115629E+02    0.366677373028483515E+02    0.811403572018631114E+00   -0.703288954954083945E+00   -0.161525630521315455E+01   -0.199413680723016995E+01
    0.588369484849129965E-03    0.103694311309181103E+03    0.777296442769198421E+02    0.315956851587616718E+02    0.397685976355473585E+02    0.153993396004600691E+01   -0.809059603877579692E+00   -0.153349866927699185E+01   -0.191462684525271687E+01
    0.587768557564881540E-03    0.103688542539814307E+03    0.755733505879835548E+02    0.288640763600100705E+02    0.426635577093924141E+02    0.151506591876234675E+01   -0.757818075209525377E+00   -0.157263282728927756E+01   -0.196562904401679917E+01
    0.586314896661422518E-03    0.103685682538347606E+03    0.790983099684944477E+02    0.349978289698818372E+02    0.276118561208085040E+02    0.858149046200811561E+00   -0.697608705394105799E+00   -0.146062886796428160E+01   -0.196878873888005357E+01
    0.584125528390494020E-03    0.103685352250265680E+03    0.746416374238944229E+02    0.290758910135186319E+02    0.488109852694661512E+02    0.129227574121852595E+01   -0.752295300012045143E+00   -0.153774425088332256E+01   -0.188136757449455838E+01
    0.581982957185137669E-03    0.103684889233244007E+03    0.727586743018704567E+02    0.416035014617686869E+02    0.330404313872009041E+02    0.884599268081595169E+00   -0.784737306119678291E+00   -0.158213157120114123E+01   -0.194998805878852721E+01
    0.580573246127659079E-03    0.103681927119812499E+03    0.758755871355167528E+02    0.411584821246371959E+02    0.353759858922117445E+02    0.477003579846087156E+00   -0.736980254664425516E+00   -0.149511508240977076E+01   -0.188818886291189569E+01
    0.580477609405578875E-03    0.103674444103131307E+03    0.673394728959667788E+02    0.410346445340555377E+02    0.431136339235052688E+02    0.766409192728535027E+00   -0.695278020524972229E+00   -0.174716278544178238E+01   -0.194105375151122006E+01
    0.578955192935397180E-03    0.103671883886289322E+03    0.776153935635734484E+02    0.358116794183236777E+02    0.375812497000499013E+01    0.146577714187115649E+01   -0.746400940172925242E+00   -0.170502223874674308E+01   -0.196570273457267564E+01
    0.577564909021521604E-03    0.103668879896167311E+03    0.878424353115776171E+02    0.304872665410297898E+02    0.246102411790181108E+02    0.100077274972520458E+01   -0.751626114147528668E+00   -0.147840785769323757E+01   -0.188144134626583281E+01
    0.575420305795998972E-03    0.103668507580729042E+03    0.689114083519855853E+02    0.373315895252860344E+02    0.295755251838779820E+02    0.156685822548452203E+01   -0.763928378825645682E+00   -0.171388622630450960E+01   -0.202060897408423834E+01
    0.574967771175037361E-03    0.103662268583283037E+03    0.786361902511654876E+02    0.343964305763940530E+02    0.301860774599603054E+02    0.768254206757855940E+00   -0.773675408507381812E+00   -0.140366198477645554E+01   -0.192720735984593317E+01
    0.573006458804172750E-03    0.103661290084353766E+03    0.645444847961008890E+02    0.399243158015759292E+02    0.475653698554704150E+02    0.834604360915240040E+00   -0.692691329462927996E+00   -0.176492021087100603E+01   -0.192017184861761692E+01
    0.574405753147540373E-03    0.103648599494256842E+03    0.716182457879468615E+02    0.403342671698067221E+02    0.415284059794343037E+02    0.676573159044025596E+00   -0.774705282061845857E+00   -0.162625012519939260E+01   -0.193907672518126040E+01
    0.573561838626196149E-03    0.103643727546514285E+03    0.723783997517564615E+02    0.346689479620908827E+02    0.340828795307506596E+02    0.115350730296465054E+01   -0.823007795728773806E+00   -0.161521726981948133E+01   -0.199747633725963958E+01
    0.572421302517135081E-03    0.103639896035220602E+03    0.679987354283217798E+02    0.357229661948633108E+02    0.351055670300481992E+02    0.138248433322418984E+01   -0.733947393419274841E+00   -0.168014508996359524E+01   -0.207177842072895091E+01
    0.572803589639357723E-03    0.103630748296564718E+03    0.686470738966100384E+02    0.349098624679409824E+02    0.456163871463809230E+02    0.125553509996998769E+01   -0.787350995460046832E+00   -0.147467874225867401E+01   -0.196669211357460472E+01
    0.571847464719575107E-03    0.103626276989982600E+03    0.827487136328314961E+02    0.300812836250043993E+02    0.322676909104495806E+02    0.135856755048682909E+01   -0.790698630174609951E+00   -0.148167536466634320E+01   -0.190664902944334935E+01
    0.569690461472336664E-03    0.103626022734925328E+03    0.817880768734146386E+02    0.294373675503537697E+02    0.280133998290207771E+02    0.579647566878839338E+00   -0.759826548355497788E+00   -0.143696999954015281E+01   -0.194783949893269148E+01
    0.106315879567915128E-02    0.102378204471927901E+03    0.750300070028413870E+02    0.325743555940260379E+02    0.279496879528903612E+02    0.153662341904520394E+01   -0.772980722859121228E+00   -0.166137302441510659E+01   -0.196402906174740122E+01
    0.726055069728307194E-03    0.103140952244078235E+03    0.763871370376331669E+02    0.333729418852949493E+02    0.390750782646436505E+02    0.116252722516826656E+01   -0.790479031870898519E+00   -0.167013426437765111E+01   -0.189925403334169718E+01
    0.995730875952622729E-03    0.102509249942803180E+03    0.757933489234546016E+02    0.292108654887150649E+02    0.430212604140569255E+02    0.978473050614946604E+00   -0.745467234582607663E+00   -0.161754335881495059E+01   -0.193641634505744409E+01
    0.655613661972765651E-03    0.103345060604140500E+03    0.725402313477989793E+02    0.367481580399294856E+02    0.429251781441797107E+02    0.107858442596768422E+01   -0.720165626187823760E+00   -0.143035175348785804E+01   -0.194785619975409796E+01
    0.775687014623006963E-03    0.103008705760911397E+03    0.691499296319913554E+02    0.328502033315821507E+02    0.511140469167360010E+02    0.131034977793519758E+01   -0.715337930097805330E+00   -0.142445295561406282E+01   -0.191559448085673156E+01
    0.648899954971174603E-03    0.103365646870745735E+03    0.734995514566767127E+02    0.329503215859687941E+02    0.451663732825796274E+02    0.145752878055586521E+01   -0.735962770654347898E+00   -0.145184099237063324E+01   -0.194903349288944239E+01
    0.724200454267235737E-03    0.103146067526016864E+03    0.729304577133995480E+02    0.343342629354108979E+02    0.362328632695807329E+02    0.155483189556766455E+01   -0.791997564900131179E+00   -0.148265382070549312E+01   -0.195670276178793978E+01
    0.657897585235310252E-03    0.103338105427870374E+03    0.718468876477228946E+02    0.315105842107355336E+02    0.394938379778093562E+02    0.146308142911175865E+01   -0.775675809514937420E+00   -0.146898511334668669E+01   -0.201645225391400773E+01
    0.704964866482041697E-03    0.103199908041628419E+03    0.695011208635897759E+02    0.297719454853772199E+02    0.447233917588910188E+02    0.133837851484745807E+01   -0.759798447658817988E+00   -0.165601530863080626E+01   -0.198229921703497713E+01
    0.579433480157721709E-03    0.103592102239510041E+03    0.718589188341551335E+02    0.320148365128954282E+02    0.480337964513549451E+02    0.104305138291246791E+01   -0.722429737586251175E+00   -0.140005072600592584E+01   -0.195081900208744696E+01
    0.857366809726322807E-03    0.102808472289131345E+03    0.726960479845267002E+02    0.325682602406269481E+02    0.454898231231077972E+02    0.140213049704217108E+01   -0.721734564616489660E+00   -0.148842011748499758E+01   -0.191251601641838520E+01
    0.709894580587468486E-03    0.103185971013283691E+03    0.746622711648697504E+02    0.323829309867123811E+02    0.425659888066997425E+02    0.101507674904027567E+01   -0.737313354099605078E+00   -0.155628605921656504E+01   -0.196817352575146143E+01
    0.730902949063253512E-03    0.103127642602582029E+03    0.725936359098061246E+02    0.376462111388536442E+02    0.330080938945116600E+02    0.155080389441902056E+01   -0.781487134716615905E+00   -0.149132094200720466E+01   -0.197554814942292700E+01
    0.959149413326847861E-03    0.102584110247369438E+03    0.743881904884415235E+02    0.333254429810687469E+02    0.381337667135030642E+02    0.147562698167692496E+01   -0.725639337322070865E+00   -0.144244381006848910E+01   -0.198341837684510591E+01
    0.108561987054255180E-02    0.102336391151024131E+03    0.739922524881861676E+02    0.341113039597391463E+02    0.432334306502729149E+02    0.104564304307441436E+01   -0.784956920825592208E+00   -0.152163662577335157E+01   -0.191443284309054884E+01
    0.585205277056927630E-03    0.103572278601949819E+03    0.704196864158070923E+02    0.384719416192492574E+02    0.324762431912441798E+02    0.130266135502210645E+01   -0.766848590969499311E+00   -0.158173916719502561E+01   -0.203343922129111299E+01
    0.774833734288193020E-03    0.103010907035345298E+03    0.691329113942018836E+02    0.370115970599671300E+02    0.395576722577738806E+02    0.123682700586545646E+01   -0.790686825755826828E+00   -0.165094639376289098E+01   -0.201820268451384077E+01
    0.959908856250280733E-03    0.102582527298117469E+03    0.735876084036733147E+02    0.313335617006048359E+02    0.336429128224286842E+02    0.146650187324616321E+01   -0.778208145222073711E+00   -0.172772026094166598E+01   -0.197425298390052761E+01
    0.736967871305680214E-03    0.103111115380509602E+03    0.730795930794337210E+02    0.355241641218262743E+02    0.270897809660861668E+02    0.145087440442434623E+01   -0.770107463392757818E+00   -0.164384507225404297E+01   -0.198816361634475269E+01
    0.576544951960424349E-03    0.103602097354051708E+03    0.675819066641024762E+02    0.281095399838507234E+02    0.481922426469816187E+02    0.128495209147204048E+01   -0.762975415944248780E+00   -0.160753698068195550E+01   -0.200080784993221972E+01
    0.724043609795472208E-03    0.103146500725023230E+03    0.716560158957059201E+02    0.352819336510356436E+02    0.306114379819218883E+02    0.137242532724233057E+01   -0.751664302504889914E+00   -0.170789288239196768E+01   -0.202752927875953626E+01
    0.823909534885591821E-03    0.102888082502970576E+03    0.654723963875254071E+02    0.321402617698913744E+02    0.449377915499251515E+02    0.143120388305838442E+01   -0.796836646559480943E+00   -0.171936366320304845E+01   -0.202971273257822116E+01
    0.803818674693473922E-03    0.102937456545704350E+03    0.707397986536257122E+02    0.360763410906961468E+02    0.385895212760727020E+02    0.145166815157256490E+01   -0.727906626163633996E+00   -0.166585565454524209E+01   -0.197969042908065762E+01
    0.609057854161398926E-03    0.103492377451573276E+03    0.699191320501629860E+02    0.354112978362434490E+02    0.411289995603527885E+02    0.134773772616132481E+01   -0.728026541225324397E+00   -0.174711741509668417E+01   -0.196128297195870460E+01
    0.641356633094367339E-03    0.103389032631042198E+03    0.691976449707051557E+02    0.323207790911032617E+02    0.516468598052922800E+02    0.116908309163587321E+01   -0.729395451923733784E+00   -0.157988489977206648E+01   -0.193346061645135414E+01
    0.844449958853052559E-03    0.102838833016939660E+03    0.644268968955651786E+02    0.344522096449802220E+02    0.453113002911223077E+02    0.139429041705968859E+01   -0.749115993419592341E+00   -0.169832037575311756E+01   -0.202403383111942548E+01
    0.108104312301418809E-02    0.102344840557967757E+03    0.768386821931449759E+02    0.329100942397062255E+02    0.363886918334128850E+02    0.132350866519361143E+01   -0.741118815403710052E+00   -0.163679100258822796E+01   -0.196302427076630459E+01
    0.813362614228492486E-03    0.102913849915071438E+03    0.758943149739509835E+02    0.337826746022023059E+02    0.398818734141508600E+02    0.128233158678220427E+01   -0.683734864473306558E+00   -0.163549512071650249E+01   -0.195066693161285976E+01
    0.840245375562120563E-03    0.102848816049325123E+03    0.731331195274445776E+02    0.378908076707718777E+02    0.375322734057881675E+02    0.119006294203318785E+01   -0.699339588771189957E+00   -0.155526801952234894E+01   -0.196832880470477223E+01
    0.818632341928400434E-03    0.102900933830998781E+03    0.720847407827272662E+02    0.335520142554296257E+02    0.446074288566178723E+02    0.133682192308534797E+01   -0.698664069863836446E+00   -0.166194376948372691E+01   -0.194386649488489427E+01
    0.845055065771887983E-03    0.102837400391559129E+03    0.759519358285392343E+02    0.370758067373927176E+02    0.315446182763793495E+02    0.122543966998422715E+01   -0.745863695704203744E+00   -0.162460330150885079E+01   -0.198093016978175873E+01
    0.694209222569843083E-03    0.103230657198182087E+03    0.696083467558063234E+02    0.302674974470368312E+02    0.473766756410164831E+02    0.116655067601872497E+01   -0.824841846008997459E+00   -0.161424664855216782E+01   -0.195540119045576843E+01
    0.142164849909921006E-02    0.101797059190988222E+03    0.744975774101130952E+02    0.335252869527343265E+02    0.361482778310138357E+02    0.123118260516653821E+01   -0.743430852466515635E+00   -0.151796319009145741E+01   -0.197581028086424793E+01
    0.825056456595640105E-03    0.102885300342753993E+03    0.788269561296750538E+02    0.353953452196560789E+02    0.287112870715171908E+02    0.149144162479245357E+01   -0.765292862891384651E+00   -0.151205718671431999E+01   -0.191949542614740953E+01
    0.986154076144899784E-03    0.102528578762748154E+03    0.765465461389720190E+02    0.345366142204251645E+02    0.258069331861171953E+02    0.151158050458626714E+01   -0.816624866355645462E+00   -0.160745155812379936E+01   -0.195955536076024983E+01
    0.640524528833783468E-03    0.103391629141240401E+03    0.691781918909793347E+02    0.386962822922698280E+02    0.385135595104469743E+02    0.136656004601892733E+01   -0.730716033844216240E+00   -0.154606473878695194E+01   -0.200227147549812745E+01
    0.803571754648053135E-03    0.102938071007611939E+03    0.770559706681331420E+02    0.340848357531483472E+02    0.356785675325286036E+02    0.109931873257635182E+01   -0.798473994154487166E+00   -0.150986226618963926E+01   -0.194122563018757810E+01
    0.593838760163134874E-03    0.103542988305260309E+03    0.695871410187902484E+02    0.275933082015545281E+02    0.438978980831575853E+02    0.134157848311017225E+01   -0.797029780557158007E+00   -0.155994174440515354E+01   -0.199281180936532043E+01
    0.982424596486925795E-03    0.102536156786774768E+03    0.775748067718432139E+02    0.340563715946354293E+02    0.352893125486592325E+02    0.109689121578966020E+01   -0.780274179222421260E+00   -0.162189005790499219E+01   -0.189836279963423871E+01
    0.139651653262158897E-02    0.101832731527360664E+03    0.756646942762636456E+02    0.360020364201985430E+02    0.428301878609020150E+02    0.100257294615544001E+01   -0.717930161228806485E+00   -0.149516383394028085E+01   -0.189608608610255902E+01
    0.152264491150514336E-02    0.101659795625164335E+03    0.758717048260396183E+02    0.348029617102342783E+02    0.288374057399218735E+02    0.145994626649637382E+01   -0.749352709269454742E+00   -0.165767931352927422E+01   -0.197416204415626484E+01
    0.637571519163953660E-03    0.103400871059886967E+03    0.734913134722495016E+02    0.385258965243041303E+02    0.365301928390628277E+02    0.111521051000725402E+01   -0.715230948438694503E+00   -0.151099656807976901E+01   -0.198867010323526805E+01
    0.972418844864940553E-03    0.102556630731214653E+03    0.754435333579808827E+02    0.332492383057151386E+02    0.409516345597552771E+02    0.137636552501077492E+01   -0.700723385195985093E+00   -0.152340920824616166E+01   -0.196120448199981934E+01
    0.951600445457753837E-03    0.102599913482128485E+03    0.675239931611877608E+02    0.342988966605054486E+02    0.365340395787734735E+02    0.130236397168242313E+01   -0.743431578455228115E+00   -0.175009539517109824E+01   -0.203480206742989234E+01
    0.615778941984982406E-03    0.103470427897787431E+03    0.685787846370224656E+02    0.330575387434868162E+02    0.430818239067074202E+02    0.122315996340004562E+01   -0.747340269886657582E+00   -0.159892785824367079E+01   -0.204035543345204928E+01
    0.580467224477255561E-03    0.103588537297824587E+03    0.739881133980197347E+02    0.349925869190446122E+02    0.435881864140644666E+02    0.124964339607297958E+01   -0.668061064240198732E+00   -0.148541797071023240E+01   -0.194656655709197390E+01
    0.878364715794631217E-03    0.102760080172761832E+03    0.724018414556727805E+02    0.319566492697728961E+02    0.352469516168150037E+02    0.150989811009700459E+01   -0.739887856053923265E+00   -0.170825829244743388E+01   -0.198032686933272029E+01
    0.964861156436130560E-03    0.102572235551921736E+03    0.760368060331560400E+02    0.336678180379005170E+02    0.383427136882879722E+02    0.156928700291893741E+01   -0.714326753013863058E+00   -0.159625941645655400E+01   -0.192745146555300284E+01
    0.659439851875951778E-03    0.103333422444446910E+03    0.713254144516813255E+02    0.347073991871490790E+02    0.353781396200148137E+02    0.130258882643584051E+01   -0.781028166381235733E+00   -0.144926365977616878E+01   -0.200689469222174655E+01
    0.104377334999470358E-02    0.102415008680880376E+03    0.743218315921101436E+02    0.367639749065436234E+02    0.327773075481717271E+02    0.892304025087883979E+00   -0.810557343700391453E+00   -0.165133073254323159E+01   -0.194699825296061380E+01
    0.673208449906855704E-03    0.103292093947034857E+03    0.747242087610862313E+02    0.263100737278115488E+02    0.412463891551321851E+02    0.395070540193438235E+00   -0.779855775962792430E+00   -0.152727513863886988E+01   -0.196162376138699179E+01
    0.707169674710529856E-03    0.103193662715972067E+03    0.748369741452736577E+02    0.265989970349814762E+02    0.416130171663213062E+02    0.625308177322971614E+00   -0.764271929678127293E+00   -0.152547026943132202E+01   -0.196099426663799714E+01
    0.674865960136179191E-03    0.103287175788060154E+03    0.709328983089397695E+02    0.324274666382111292E+02    0.423253970998734346E+02    0.701383254568219927E+00   -0.723334253285389916E+00   -0.143422047052802082E+01   -0.199130122051650216E+01
    0.121126216892320925E-02    0.102117367555740600E+03    0.714634190341471651E+02    0.317479024645405765E+02    0.481085329960493127E+02    0.799790636394682619E+00   -0.744193808160847237E+00   -0.146027663886045422E+01   -0.193275865868025565E+01
    0.102166917721492850E-02    0.102457817941203260E+03    0.721521059669630489E+02    0.280123900541271631E+02    0.449524549606553023E+02    0.703446243837824503E+00   -0.768555869834046446E+00   -0.158100370105606691E+01   -0.196721337041696342E+01
    0.104314370126814670E-02    0.102416215530467980E+03    0.675960284774371303E+02    0.307278650778701312E+02    0.453635304726429425E+02    0.980666266678101417E+00   -0.774482478936970864E+00   -0.160300679229008858E+01   -0.200616176382342282E+01
    0.106505901860709344E-02    0.102374632988933740E+03    0.623694095309660881E+02    0.363643570640925731E+02    0.439736296879891952E+02    0.513530871069469819E+00   -0.790449904327339858E+00   -0.174503866307891298E+01   -0.204727622134746756E+01
    0.657175542968436782E-03    0.103340301632245456E+03    0.683568828310259846E+02    0.339700614126230747E+02    0.415920908381519183E+02    0.922209864831154746E+00   -0.773839729209905514E+00   -0.156675964615022156E+01   -0.199329534545047449E+01
    0.787845445103418115E-03    0.102977600105284452E+03    0.642034015612468920E+02    0.348889719214871192E+02    0.428410108144591817E+02    0.118480350169696447E+01   -0.806926023100567713E+00   -0.170571512885261201E+01   -0.205714878419157809E+01
    0.967192671213915685E-03    0.102567408531315635E+03    0.702005667912979874E+02    0.387070408833718531E+02    0.371485951721012313E+02    0.102165377041733008E+01   -0.796628734204708477E+00   -0.164484262004809745E+01   -0.199037536890787781E+01
    0.120720171471948496E-02    0.102124083319488733E+03    0.672861367977998270E+02    0.339719927472713863E+02    0.440518426620509658E+02    0.112202330516027837E+01   -0.742925322852905579E+00   -0.171079830135103994E+01   -0.200358683046642261E+01
    0.129512707332708169E-02    0.101983475784333095E+03    0.668556838746552131E+02    0.346057974214437749E+02    0.465085561936996115E+02    0.114831074191250737E+01   -0.743100262599290406E+00   -0.166335751225283479E+01   -0.198132627675372519E+01
    0.671280292357413788E-03    0.103297830429046812E+03    0.733731023811374286E+02    0.377162171292395527E+02    0.335443150926825027E+02    0.452290903995452909E+00   -0.741702829770147565E+00   -0.152575632012687179E+01   -0.200794914050559647E+01
    0.947363403767289788E-03    0.102608838451866035E+03    0.699491998966046538E+02    0.343438028794161170E+02    0.448300406016660347E+02    0.926989803180172933E-01   -0.709757646696257405E+00   -0.158931183273780330E+01   -0.197729557690645597E+01
    0.134736039208093773E-02    0.101904398590652818E+03    0.690076804927076779E+02    0.367394463503124200E+02    0.427660565029044406E+02    0.107286811882778288E+01   -0.779640688980353103E+00   -0.170993964612854521E+01   -0.198213506561619468E+01
    0.110369566106493676E-02    0.102303364936198818E+03    0.730316140986629279E+02    0.349300374155516664E+02    0.362477427157892222E+02    0.747155068448049353E+00   -0.750113209743805465E+00   -0.169029305862075896E+01   -0.194954687422541451E+01
    0.838803950005497173E-03    0.102852249958951916E+03    0.728435676339591822E+02    0.361387145879584750E+02    0.352302928365813841E+02    0.954050873118335474E+00   -0.726739785371639080E+00   -0.156726358103947616E+01   -0.201176191995196074E+01
    0.719920399541148733E-03    0.103157922675803945E+03    0.725063438268757778E+02    0.349639054419415913E+02    0.441523651121559624E+02    0.701772828127775861E+00   -0.761203861314290409E+00   -0.163310732999513153E+01   -0.195585005748575602E+01
    0.112942457908485664E-02    0.102257276855294862E+03    0.741742204405889254E+02    0.348919992304721092E+02    0.294713150713139989E+02    0.462581578790189907E+00   -0.750096735656743174E+00   -0.162556261680576819E+01   -0.198489049179570687E+01
    0.575005118190530674E-03    0.103607446091297547E+03    0.673564036564131499E+02    0.315642610848576943E+02    0.384829203849594634E+02    0.711763527191781042E+00   -0.767472499129299823E+00   -0.167638884441509539E+01   -0.203819201315965159E+01
    0.134835249403629336E-02    0.101902926472453203E+03    0.731635842967420729E+02    0.293778753330467168E+02    0.414078870635154246E+02    0.810942205075671496E+00   -0.767686228901416357E+00   -0.158776906655305172E+01   -0.197727844613334569E+01
    0.132414820764469292E-02    0.101939154636133082E+03    0.641332899247209269E+02    0.351947288217272032E+02    0.486094985928128764E+02    0.702082707743109324E+00   -0.773961969183264875E+00   -0.171898833922707328E+01   -0.198011434204924086E+01
    0.585787132327083909E-03    0.103570291038876377E+03    0.647122475838834248E+02    0.369178553385830455E+02    0.408594038037727074E+02    0.514963934184944683E+00   -0.831421724026224940E+00   -0.167808546241088985E+01   -0.202994539301882737E+01
    0.775153785370998592E-03    0.103010081090404967E+03    0.637350367755413174E+02    0.394123498827212799E+02    0.439602868768101800E+02    0.779264047642150626E+00   -0.782962512091843976E+00   -0.167592047543923717E+01   -0.201057429255368358E+01
    0.573751310739916060E-03    0.103611811883442542E+03    0.677234192503346009E+02    0.334828249776009272E+02    0.429014297104606044E+02    0.677659579221335573E+00   -0.811539604615089782E+00   -0.160331278882825656E+01   -0.202770759914778687E+01
    0.619968480031232467E-03    0.103456866699039864E+03    0.702145643314556622E+02    0.285299300854682905E+02    0.419284485332899308E+02    0.637549425134695369E+00   -0.841216662595135833E+00   -0.158879965456057914E+01   -0.199356988951894976E+01
    0.585847743567281982E-03    0.103570084110108724E+03    0.726799600850262806E+02    0.347721356960750114E+02    0.418775118740634369E+02    0.779077524799713039E+00   -0.821994656217026609E+00   -0.167912093095051596E+01   -0.192622297392911168E+01
    0.730872179567419451E-03    0.103127726800199653E+03    0.672346605792411225E+02    0.306471999214315147E+02    0.510905812994210464E+02    0.225645276782051984E+00   -0.776774354600529016E+00   -0.157614783256151680E+01   -0.197809284369834315E+01
    0.146902780571111363E-02    0.101731491766573100E+03    0.837717098634150119E+02    0.329683755003361867E+02    0.287868080177305892E+02    0.100917227748582961E+01   -0.748088888254585971E+00   -0.156631187798970561E+01   -0.189490951385410211E+01
    0.718829239953941955E-03    0.103160956309360344E+03    0.768018204190037466E+02    0.355350922933516173E+02    0.388776189768150502E+02    0.250935285525887619E+00   -0.766642816537230987E+00   -0.146684772377901762E+01   -0.188084806340903321E+01
    0.589316895458912200E-03    0.103558275851575615E+03    0.763962938510706095E+02    0.426751961814090137E+02    0.357187407920139535E+02    0.101484729765384363E+01   -0.682774903952069190E+00   -0.157951552837209097E+01   -0.189147638064924761E+01
    0.752248297360376080E-03    0.103070071070991631E+03    0.794122549275129757E+02    0.375753268284300930E+02    0.295749538638046516E+02    0.998700340428465116E+00   -0.750926054893938266E+00   -0.158762099971768378E+01   -0.189948180853082427E+01
    0.820193497006182831E-03    0.102897123406454767E+03    0.754177796426818645E+02    0.353733333213090475E+02    0.446519121253042499E+02    0.797593501707976937E+00   -0.711342115931858476E+00   -0.157495501017273321E+01   -0.186690019951110497E+01
    0.664270634649368006E-03    0.103318824677733687E+03    0.765423541117160653E+02    0.366010069597151073E+02    0.424054862060836584E+02    0.723331651898181938E+00   -0.707470098505715850E+00   -0.151790274647821999E+01   -0.185924597302890837E+01
    0.776665379626088870E-03    0.103006184773701932E+03    0.775579774310714498E+02    0.408977284646788561E+02    0.392181722844463820E+02    0.561397209835209354E+00   -0.681385931519272736E+00   -0.158948292777199418E+01   -0.187007461880095249E+01
    0.740524763672863987E-03    0.103101485825263566E+03    0.811558231898767559E+02    0.354012255252657440E+02    0.289025515716058337E+02    0.274750481805417335E+00   -0.705239670308626554E+00   -0.141768024727364716E+01   -0.192962813330924687E+01
    0.704917906016062847E-03    0.103200041273885489E+03    0.822295917759867621E+02    0.335985430493508375E+02    0.252292540808286994E+02    0.399897271998454706E+00   -0.717948289194898059E+00   -0.144183552830496353E+01   -0.195456636473251510E+01
    0.135918441035139570E-02    0.101886923774078610E+03    0.813327895191093688E+02    0.349330181725593221E+02    0.317851325210667781E+02    0.743272390459754795E+00   -0.769386178341901816E+00   -0.156087575960750757E+01   -0.189038764511050350E+01
    0.734702585908466872E-03    0.103117272430615969E+03    0.801040681721723757E+02    0.386779331695596653E+02    0.344320360105756151E+02    0.391079438166000160E+00   -0.669048642069931976E+00   -0.161072656156785832E+01   -0.191571954915334564E+01
    0.816424505728980776E-03    0.102906335080611512E+03    0.812390340897913035E+02    0.340755554871161621E+02    0.361779995258071239E+02    0.490334007152543994E+00   -0.719880889107612942E+00   -0.160596877305148777E+01   -0.187344399875109291E+01
    0.955770621009886627E-03    0.102591168079054910E+03    0.762240836613362660E+02    0.383993527852776069E+02    0.322491406972603940E+02    0.906904033968308099E+00   -0.788049475282678102E+00   -0.154987533587232673E+01   -0.193901077046899983E+01
    0.111870495395163241E-02    0.102276349966906508E+03    0.836149995246384350E+02    0.339175966677642933E+02    0.291338143686161324E+02    0.932466518072003203E+00   -0.738478051591292761E+00   -0.163514936190875226E+01   -0.188032631308043729E+01
    0.629769779436792961E-03    0.103425495328945757E+03    0.789658960082346084E+02    0.355668956101777809E+02    0.315307746673616336E+02    0.577428655058933260E+00   -0.700830831731309445E+00   -0.165829137857992670E+01   -0.195972040316098095E+01
    0.104976209127249942E-02    0.102403566299738827E+03    0.854050493025206237E+02    0.346079786442495134E+02    0.260891031714782322E+02    0.805779857044526815E+00   -0.711780828718062253E+00   -0.150486882285011703E+01   -0.189657682427488705E+01
    0.774333968302942373E-03    0.103012197446968898E+03    0.798859914020010962E+02    0.356213541169666712E+02    0.416568873822820720E+02    0.474094523104952370E+00   -0.676581187230573811E+00   -0.152396658130862495E+01   -0.186891589860466945E+01
    0.945228227413963309E-03    0.102613351157563386E+03    0.822786350137737088E+02    0.353846989109946506E+02    0.349246093332642147E+02    0.105004283724392256E+01   -0.686781020117020580E+00   -0.158034588500467632E+01   -0.188490525954248045E+01
    0.803159930377244009E-03    0.102939096254785852E+03    0.824956006218519917E+02    0.349486858630657622E+02    0.354334267669573606E+02    0.731612414805747902E+00   -0.687120438655337118E+00   -0.157069559365826339E+01   -0.187698983620255055E+01
    0.622690131100247591E-03    0.103448105948833870E+03    0.804241413995776355E+02    0.326780497172869246E+02    0.366346274540702908E+02    0.660770087035637554E+00   -0.688622710310478059E+00   -0.147871359320180895E+01   -0.193853312783713472E+01
    0.933821404956605510E-03    0.102637633565824899E+03    0.743689606148253688E+02    0.329082831451740390E+02    0.390698606203629453E+02    0.868196955313901841E+00   -0.813236011755390065E+00   -0.150145882344934978E+01   -0.193446803830292025E+01
    0.837481876627858141E-03    0.102855404727979391E+03    0.828282798803192435E+02    0.334518079316002570E+02    0.336690196990984845E+02    0.964938148539909224E+00   -0.764231547168227277E+00   -0.146997880656030633E+01   -0.188648077484348131E+01
    0.704586844816125360E-03    0.103200980784606045E+03    0.760607105824514349E+02    0.318238955453924710E+02    0.403862905845206868E+02    0.103789630482855122E+01   -0.737962671611020582E+00   -0.145867707487930143E+01   -0.190972271264825122E+01
    0.770081662675622751E-03    0.103023210845920602E+03    0.778584835293434310E+02    0.374042419112488957E+02    0.343901421783507288E+02    0.114761094825630794E+01   -0.784218342684541714E+00   -0.149531745743779054E+01   -0.191688481675389788E+01
    0.639760871967882299E-03    0.103394015037247613E+03    0.801316913282674790E+02    0.305329459200583457E+02    0.329608296623030625E+02    0.100809026314726613E+01   -0.771636772193777576E+00   -0.145278792822539704E+01   -0.190601320239261796E+01
    0.101295400499359814E-02    0.102474951778268604E+03    0.771536072095071717E+02    0.300480528682718742E+02    0.338919825787758242E+02    0.812822724145151998E+00   -0.774378318204370197E+00   -0.148319634409567991E+01   -0.196729075151332067E+01
    0.604034794797826766E-03    0.103508940368101378E+03    0.768167106947469449E+02    0.288348601114487799E+02    0.393326556592086050E+02    0.926473636354602670E+00   -0.771088942123103527E+00   -0.157053403794069402E+01   -0.191058316905103309E+01
    0.152752483639003898E-02    0.101653396074382769E+03    0.794943760558107044E+02    0.317782830565247458E+02    0.350938977826969989E+02    0.108887601240308207E+01   -0.766764216092305384E+00   -0.151250848743186062E+01   -0.192232446512565502E+01
    0.740068022989222589E-03    0.103102719765350940E+03    0.759465157078580262E+02    0.352258355903362599E+02    0.392879807327762762E+02    0.576785206767499670E+00   -0.801919090709982685E+00   -0.149961556807446672E+01   -0.190437145599811664E+01
    0.626148296121000966E-03    0.103437029499600982E+03    0.744766078313028572E+02    0.347762328740165998E+02    0.313705183481241576E+02    0.738217313639205064E+00   -0.790298312338538311E+00   -0.151409425154593258E+01   -0.195695292319262815E+01
    0.643971823366607334E-03    0.103380894029993158E+03    0.805571308741014320E+02    0.278862411127577587E+02    0.369750869828821536E+02    0.968422863035210635E+00   -0.742178676660528724E+00   -0.155327742362351318E+01   -0.190342315535263706E+01
    0.580766746781227815E-03    0.103587505559800974E+03    0.768554118821188865E+02    0.326267773651152595E+02    0.257809863575927984E+02    0.105302963057039278E+01   -0.746626285554941704E+00   -0.152499650532333031E+01   -0.200636721560650955E+01
    0.838127824063445879E-03    0.102853862728151341E+03    0.774091903029775636E+02    0.321943470291757450E+02    0.434722870588588179E+02    0.799565328210226856E+00   -0.758603535250352845E+00   -0.160744756389002674E+01   -0.188885139763138810E+01
    0.885119804930504486E-03    0.102744757957917500E+03    0.760025366540061640E+02    0.293195410918045454E+02    0.403587467788779506E+02    0.454930695919925854E+00   -0.758767184909354686E+00   -0.157631948239568587E+01   -0.192233887574044737E+01
    0.628659009344109524E-03    0.103429025986829799E+03    0.833266338738957586E+02    0.290223969493688401E+02    0.330585392506111475E+02    0.408003237764742288E+00   -0.768329473055954892E+00   -0.159000808267155747E+01   -0.189245107300110083E+01
    0.827239893634019769E-03    0.102880014515404625E+03    0.821274084859919498E+02    0.302336592816571113E+02    0.319672053816991593E+02    0.698340976168879135E+00   -0.741170026843234631E+00   -0.144717370416391078E+01   -0.191073596520634981E+01
    0.770795845218482560E-03    0.103021356882603342E+03    0.821010397913322976E+02    0.330402238825327572E+02    0.259360900206106244E+02    0.630794537486391582E+00   -0.749020651491717482E+00   -0.144193317611240901E+01   -0.191971293494756590E+01
    0.572571995542346603E-03    0.103615927007359744E+03    0.815828427134195948E+02    0.345408347445025043E+02    0.309767544042915191E+02    0.682841486027934041E+00   -0.778099872552781680E+00   -0.144926616749107517E+01   -0.191882865622685728E+01
    0.695565325663233345E-03    0.103226754108934941E+03    0.811293707233550663E+02    0.387751155624029806E+02    0.226132989952818733E+02    0.103895483856712878E+01   -0.733950495897975452E+00   -0.147107125592104104E+01   -0.194984716133373182E+01
    0.626119368595317964E-03    0.103437121900056567E+03    0.744456991730592534E+02    0.370341371675768585E+02    0.402296123465622628E+02    0.894752419969936597E+00   -0.732432182348174088E+00   -0.137398563304531529E+01   -0.191575903678700987E+01
    0.604345582446027879E-03    0.103507911593848149E+03    0.821062739300236046E+02    0.305252570791604221E+02    0.380288071949049780E+02    0.726855836305360437E+00   -0.776785763916516991E+00   -0.154140328765335499E+01   -0.186986696771101535E+01
    0.140418597197997856E-02    0.101821777906236719E+03    0.767590986781589493E+02    0.350228255553499181E+02    0.420360865703934792E+02    0.335781480545160493E+00   -0.734819899379777874E+00   -0.161966723018653314E+01   -0.190183424530114209E+01
    0.932531842419679052E-03    0.102640397378611056E+03    0.708349314342915335E+02    0.316498023499345962E+02    0.434564596897429070E+02    0.679426946986291469E+00   -0.793239720192115305E+00   -0.149275501261142751E+01   -0.195276256839271389E+01
    0.131209703820293444E-02    0.101957440117587083E+03    0.713291890177211769E+02    0.331587838331947893E+02    0.378405167115381218E+02    0.855183669377464151E+00   -0.743911101109301365E+00   -0.167935635660278959E+01   -0.200369424552446418E+01
    0.813521121408126275E-03    0.102913460195322784E+03    0.838417166301632761E+02    0.350415796345187118E+02    0.272443279512020489E+02    0.869435580007735132E+00   -0.753394044464434032E+00   -0.154513655653994220E+01   -0.187458920042396104E+01
    0.136699733117488591E-02    0.101875460206416165E+03    0.756883112458018275E+02    0.369767220056485826E+02    0.343385345716453685E+02    0.208078401924564560E+00   -0.757064730654041007E+00   -0.160448516236124750E+01   -0.192584832550379548E+01
    0.743821391190303762E-03    0.103092602094398273E+03    0.846791573602097714E+02    0.340811414364972904E+02    0.291927538970777363E+02    0.595376620775197929E+00   -0.711674323785461915E+00   -0.160304043433702459E+01   -0.190553826801671966E+01
    0.605304823937241870E-03    0.103504739630486768E+03    0.798951055564650972E+02    0.322505945731828376E+02    0.334413583584633045E+02    0.118847168007358794E+01   -0.797592496745558099E+00   -0.166532598357812400E+01   -0.190613860344502539E+01
    0.580586399511862734E-03    0.103588126722352229E+03    0.769332449997610013E+02    0.357530689204715273E+02    0.384126692572740041E+02    0.928783855826577409E+00   -0.761319096339354129E+00   -0.150328674412185337E+01   -0.187620051441079827E+01
    0.762797531824309914E-03    0.103042218699130146E+03    0.700107665287179515E+02    0.343936612458760891E+02    0.444584313657571428E+02    0.808402754341710050E+00   -0.702884945471795364E+00   -0.157353875281566813E+01   -0.198693338621051918E+01
    0.788846529347941080E-03    0.102975060397097280E+03    0.653846892006253313E+02    0.340134570058767309E+02    0.471295259309670769E+02    0.460754170416728503E+00   -0.811565842803316784E+00   -0.160700887077673005E+01   -0.198124437818208099E+01
    0.129651513538514020E-02    0.101981333417325629E+03    0.811793400922607589E+02    0.341219482096225590E+02    0.321262036438818370E+02    0.115172725385018082E+01   -0.738568343255408877E+00   -0.147619046032589929E+01   -0.190088054734528034E+01
    0.570285069020592429E-03    0.103623931261417908E+03    0.817748427314735693E+02    0.369389566553100934E+02    0.384999063445920697E+02    0.479151753196330688E+00   -0.729058510535065096E+00   -0.150446058134233329E+01   -0.185283528260639363E+01
    0.601552301426660422E-03    0.103517177008615022E+03    0.700549013197713748E+02    0.266208727037946424E+02    0.422888269999768198E+02    0.106636451206885741E+01   -0.801056308129010519E+00   -0.159376553843788193E+01   -0.201384026074007183E+01
    0.103671396877616745E-02    0.102428581286197414E+03    0.729776112738712897E+02    0.308384939753191389E+02    0.396573868408198678E+02    0.846270123908404726E+00   -0.750600706247323224E+00   -0.170185008381399716E+01   -0.195835162615954994E+01
    0.698327820519664905E-03    0.103218826676388773E+03    0.664406205734439652E+02    0.326884480229297267E+02    0.405731444672934600E+02    0.127186427071799235E+01   -0.764857064135028297E+00   -0.163470328681010080E+01   -0.205350621949586909E+01
    0.668866618380207774E-03    0.103305034643950989E+03    0.680042391696826627E+02    0.407771166087825208E+02    0.427248826901219800E+02    0.120534856848432778E+00   -0.726940559872303549E+00   -0.160822471077767903E+01   -0.198059437780578396E+01
    0.828294764174094806E-03    0.102877465802388315E+03    0.771698164988516311E+02    0.332979288986115947E+02    0.364223731377609141E+02    0.185033344503027608E+00   -0.743746964333152460E+00   -0.150427838405672198E+01   -0.196766344374395463E+01
    0.575949487380294080E-03    0.103604164052554694E+03    0.622829872118018741E+02    0.348525040380460922E+02    0.438903330259338489E+02    0.862302697543818719E+00   -0.724724773949484646E+00   -0.172273621432775537E+01   -0.208123085475369862E+01
    0.803090150599580018E-03    0.102939270025429749E+03    0.707268002501412241E+02    0.394145017764249275E+02    0.336266664355516198E+02    0.104104041547360660E+01   -0.720177932327620285E+00   -0.171922785521673416E+01   -0.198933880761292459E+01
    0.720654917731236642E-03    0.103155883162159824E+03    0.769065185782868923E+02    0.360113139617987343E+02    0.363014340353875653E+02    0.293485988978360202E+00   -0.728471205400212041E+00   -0.151348190423981066E+01   -0.196338287967856329E+01
    0.640577912862684887E-03    0.103391462459709885E+03    0.667612423243954680E+02    0.366167410182170698E+02    0.413773372186143504E+02    0.119202132803670668E+01   -0.752268990860887721E+00   -0.173628869160576849E+01   -0.204612150538698145E+01
    0.909820622674219572E-03    0.102689709050934511E+03    0.753127399848673491E+02    0.307216797631740661E+02    0.420533697306714487E+02    0.856855000452927507E+00   -0.739601762387322781E+00   -0.140864248012976345E+01   -0.195361029636664152E+01
    0.114915401735232302E-02    0.102222641348097625E+03    0.691106223787097349E+02    0.366729367295957758E+02    0.428977896614903074E+02    0.358592426174480561E+00   -0.801155859804985271E+00   -0.161285096063495059E+01   -0.195788119754303636E+01
    0.851029601296795341E-03    0.102823310151012947E+03    0.687064745937820902E+02    0.358754018162440786E+02    0.352020884941508712E+02    0.684444146016852883E+00   -0.814701168837158818E+00   -0.170103199882356515E+01   -0.202080105541023292E+01
    0.120133691730696835E-02    0.102133823348443755E+03    0.767895359447715293E+02    0.391232561079899739E+02    0.391904929318234565E+02    0.129423374500720878E+01   -0.722514196434288491E+00   -0.152342029602935147E+01   -0.188935972357869408E+01
    0.679207726018629795E-03    0.103274349955000659E+03    0.785351790596462678E+02    0.352677914619277146E+02    0.270975508593876384E+02    0.982031760395861708E+00   -0.732009151253193657E+00   -0.142702038054402336E+01   -0.198474594967075912E+01
    0.577756715110740496E-03    0.103597898231309287E+03    0.686017557592623035E+02    0.348956130048193245E+02    0.383741301672517920E+02    0.108734221398603537E+01   -0.795417768969611361E+00   -0.151757482210822703E+01   -0.203622679260784833E+01
    0.150836176408935792E-02    0.101678645142398295E+03    0.767866142071696771E+02    0.343441237734495957E+02    0.425942139630395431E+02    0.122993484294148869E+01   -0.713361904057027818E+00   -0.153176711150487765E+01   -0.190491796369612576E+01
    0.660485225258147573E-03    0.103330254465843041E+03    0.738995626647286201E+02    0.305337641245221114E+02    0.473994708106760854E+02    0.715048809529473139E+00   -0.696471465706193893E+00   -0.160350935582731680E+01   -0.192887505910387880E+01
    0.781421203212612670E-03    0.102993975340904740E+03    0.757980448075404496E+02    0.319239038954417325E+02    0.354950273878338649E+02    0.384535380631999490E+00   -0.735976674216709537E+00   -0.157142706187069914E+01   -0.199222355769719761E+01
    0.834155945086954495E-03    0.102863363236422757E+03    0.810810465986068039E+02    0.353415405068464850E+02    0.356449115777876742E+02    0.739702390344063265E+00   -0.734770625311770509E+00   -0.145875055981354196E+01   -0.190352047273639169E+01
    0.917761008373923310E-03    0.102672329940686197E+03    0.787761828029203599E+02    0.284816070494808287E+02    0.374752346462057702E+02    0.605690864085362879E+00   -0.738968199574526752E+00   -0.149325464448036471E+01   -0.193929067970638314E+01
    0.843941002680028362E-03    0.102840038794985247E+03    0.823689558962110198E+02    0.328800915118264214E+02    0.286781632647897027E+02    0.118012991121996946E+01   -0.780748707840616341E+00   -0.145555407483249044E+01   -0.191584964482030040E+01
    0.719371389533251474E-03    0.103159448454075431E+03    0.793526603347454937E+02    0.389321130034373653E+02    0.377440853792154414E+02    0.966568171663627740E+00   -0.726073213575781695E+00   -0.162527274750807571E+01   -0.188844284061199019E+01
    0.801502926306619568E-03    0.102943226729053833E+03    0.648432651431927951E+02    0.311636881637116332E+02    0.470019630750315898E+02    0.118735339758849667E+01   -0.764485714981023579E+00   -0.164505871134314030E+01   -0.203950700569202281E+01
    0.692380708242248954E-03    0.103235932053701774E+03    0.700018027714781539E+02    0.319088451841693193E+02    0.482381903548869246E+02    0.808525447144909704E+00   -0.781622927146610413E+00   -0.149947218496677270E+01   -0.190868214558591731E+01
    0.959920807436037910E-03    0.102582502397604713E+03    0.745821226954064826E+02    0.374354881956700041E+02    0.362899039113625363E+02    0.698534717343954670E+00   -0.714765606892898919E+00   -0.153684913334238615E+01   -0.197858645869690886E+01
    0.725351250375171281E-03    0.103142891933601589E+03    0.721857536989246142E+02    0.388869839405287010E+02    0.403436938802060396E+02    0.638344849391578872E+00   -0.710672209733136162E+00   -0.148638304641636654E+01   -0.196215462884085801E+01
    0.127524566494497922E-02    0.102014415740373579E+03    0.737247788861426443E+02    0.398353069661183241E+02    0.388894216668656867E+02    0.106265997891795516E+01   -0.729797675880633268E+00   -0.152435119613448866E+01   -0.192307255306764380E+01
    0.803188460315972116E-03    0.102939025211819342E+03    0.745971814211821567E+02    0.365466969222024005E+02    0.359931475834980290E+02    0.893920973757291959E+00   -0.688181160882979759E+00   -0.164986954153545939E+01   -0.196018980231387618E+01
    0.746537076822204764E-03    0.103085313408633525E+03    0.662462974467994457E+02    0.401417412473339823E+02    0.433559392610151875E+02    0.115161149811480934E+01   -0.730810145140246004E+00   -0.179375138853275895E+01   -0.197171341093822106E+01
    0.115414581637405720E-02    0.102213972382357213E+03    0.757064671101671820E+02    0.379230029851082406E+02    0.328680239921695119E+02    0.116213397693501075E+01   -0.704280685091787761E+00   -0.166384919093873052E+01   -0.196922031170976775E+01
    0.852126664260695419E-03    0.102820733609710615E+03    0.681274106401864401E+02    0.369272480032346735E+02    0.332791906515576841E+02    0.120030712658928662E+01   -0.735212347898172913E+00   -0.172927775739428391E+01   -0.204855096629488287E+01
    0.922694819134156391E-03    0.102661606895872197E+03    0.686326474024612168E+02    0.407534484252757352E+02    0.446447190409647234E+02    0.107949719677480704E+01   -0.750565290495371018E+00   -0.165629989608408645E+01   -0.190747771019435453E+01
    0.589424236867901121E-03    0.103557911593787907E+03    0.683770647461226417E+02    0.424300695171642275E+02    0.396743075096456508E+02    0.128957133479029884E+01   -0.748052965982250129E+00   -0.170428268495551505E+01   -0.193797242554176385E+01
    0.646980103805667962E-03    0.103371572890077857E+03    0.705935403575379041E+02    0.341515760907043244E+02    0.474438164717392752E+02    0.920368168123114061E+00   -0.708516722232077178E+00   -0.168282183306240629E+01   -0.195744156408885006E+01
    0.103143356413071979E-02    0.102438794128435291E+03    0.700357060450231756E+02    0.374160082637394851E+02    0.418509694560052807E+02    0.104144532052698180E+01   -0.734176307711082554E+00   -0.152086401961189588E+01   -0.196194994652284360E+01
    0.684914653131853731E-03    0.103257615502151566E+03    0.721470015508457294E+02    0.426278222730443446E+02    0.420014253083771720E+02    0.592024732559581435E+00   -0.702292415844409268E+00   -0.166261641073381705E+01   -0.187413323527105424E+01
    0.760292941064252869E-03    0.103048796359649188E+03    0.689924051481552141E+02    0.384355694074521068E+02    0.418956461442356485E+02    0.202808907083968565E+00   -0.702913909881353938E+00   -0.166667997268490975E+01   -0.199095655788643500E+01
    0.124890305506022547E-02    0.102056162197081093E+03    0.642712155822558202E+02    0.380161098582696866E+02    0.476083289035157620E+02    0.949125312947023625E+00   -0.717011311068948221E+00   -0.175242075909941586E+01   -0.198212234122378983E+01
    0.675748761940157990E-03    0.103284561269159184E+03    0.741782270334355189E+02    0.408307724763258619E+02    0.331284742001980774E+02    0.105557206162066453E+01   -0.758080874078926215E+00   -0.163326476049607838E+01   -0.196288874559720594E+01
    0.778273350928075018E-03    0.103002048348661987E+03    0.710308476196437937E+02    0.417346668147783362E+02    0.372267911377954235E+02    0.952232824441586967E+00   -0.765061733243876274E+00   -0.158655913387171998E+01   -0.196427818200633753E+01
    0.889071848051903942E-03    0.102735847872806374E+03    0.703970168024340381E+02    0.352797828140966345E+02    0.465686265363956977E+02    0.654730047529250125E+00   -0.697590788206701173E+00   -0.170047947869944416E+01   -0.192281778079479571E+01
    0.875955824071951179E-03    0.102765572654168494E+03    0.706296627766188152E+02    0.424691307643422604E+02    0.402217322269906106E+02    0.609057364039780835E+00   -0.746197139151985267E+00   -0.171222626782058374E+01   -0.191844916553399969E+01
    0.721506834071152978E-03    0.103153520274812564E+03    0.685152541885177442E+02    0.447441733964243795E+02    0.370658578813065986E+02    0.745630402817935245E+00   -0.742723843621070356E+00   -0.165654441831594079E+01   -0.195989699097175851E+01
    0.574104015205317126E-03    0.103610582793091083E+03    0.701518944312263102E+02    0.402697051661283112E+02    0.463203449969794079E+02    0.454210199922397362E+00   -0.718442092409435240E+00   -0.162578684618122749E+01   -0.187844828919557760E+01
    0.643978670212471262E-03    0.103380872765679356E+03    0.726143323003001200E+02    0.409337887903121356E+02    0.388905797685056953E+02    0.620635001466959824E+00   -0.768165597496068164E+00   -0.156249674361717550E+01   -0.193621913488739117E+01
    0.619926985209158206E-03    0.103457000564589833E+03    0.653220530110270801E+02    0.436639660663831393E+02    0.414904203222245016E+02    0.125564135685685518E+01   -0.748386432043053551E+00   -0.174264487882133379E+01   -0.194880766308099296E+01
    0.909579380128001437E-03    0.102690239429185056E+03    0.724588102559051777E+02    0.406478611890841677E+02    0.351408334407098693E+02    0.207045410643718286E+00   -0.724695150838920554E+00   -0.172089132603269301E+01   -0.196331596851122403E+01
    0.107587068161811355E-02    0.102354432876956423E+03    0.722504103980786851E+02    0.347213319588837237E+02    0.475203607252764186E+02    0.259391260373015797E+00   -0.721298435622081513E+00   -0.160827202331509955E+01   -0.191075315649479038E+01
    0.701176506018076477E-03    0.103210684681030358E+03    0.641641161255262631E+02    0.421256669296216657E+02    0.410714347493211847E+02    0.586854887922466206E+00   -0.735861205719346323E+00   -0.175101613464466421E+01   -0.201354052933552863E+01
    0.110247208850930379E-02    0.102305583394303511E+03    0.697466789551577193E+02    0.367601671789743918E+02    0.457073057914652381E+02    0.113459234815507037E+01   -0.702465890533758408E+00   -0.164661550287409053E+01   -0.195647020207081446E+01
    0.846030324616332298E-03    0.102835093567886929E+03    0.659306050952845197E+02    0.435796450917348892E+02    0.431720124884095640E+02    0.115564453529627964E+01   -0.720091768629134155E+00   -0.171352820758401703E+01   -0.193530642916970375E+01
    0.790736115830725761E-03    0.102970275367608878E+03    0.762112325721315926E+02    0.333657512447138274E+02    0.362137427178468556E+02    0.907619559373495255E+00   -0.697919910419150025E+00   -0.169588760897516333E+01   -0.196752255642899687E+01
    0.839294615921813421E-03    0.102851080383003847E+03    0.684080691864029120E+02    0.365656945003209728E+02    0.381693619615273079E+02    0.471357684438955482E+00   -0.736510184952379188E+00   -0.166898205540281452E+01   -0.201984306195605434E+01
    0.963727650267421016E-03    0.102574586506765598E+03    0.836244164463547719E+02    0.344008054157169951E+02    0.228130685037788403E+02    0.138799290489812499E+01   -0.758935254246351221E+00   -0.151627437200694049E+01   -0.190095130224593167E+01
    0.997902535044617499E-03    0.102504892752681968E+03    0.806042957836836251E+02    0.356225360451174424E+02    0.271477287485127228E+02    0.140262700089611547E+01   -0.762422144610152230E+00   -0.144291693378882413E+01   -0.192974713475798576E+01
    0.117567666339555405E-02    0.102177005686091377E+03    0.843733348450963945E+02    0.328072419096209842E+02    0.284698242782397379E+02    0.124378778252219058E+01   -0.727133879394444183E+00   -0.161726409546272576E+01   -0.189087283481109236E+01
    0.583250965116484344E-03    0.103578968843970955E+03    0.843379532362729094E+02    0.340860889291485023E+02    0.622264438864971670E+01    0.134056307376102590E+01   -0.764110153134714309E+00   -0.162141586004682248E+01   -0.193051166738410851E+01
    0.715050744311971167E-03    0.103171496952732127E+03    0.846756562734059912E+02    0.344867216137054697E+02    0.138540919966690108E+02    0.156646921353909185E+01   -0.754211704282097051E+00   -0.149292722651243426E+01   -0.193003020318464147E+01
    0.909284398955917243E-03    0.102690888144450170E+03    0.784782793044189901E+02    0.357149467263468523E+02    0.267549179976014315E+02    0.144075122045923587E+01   -0.737138350420233124E+00   -0.167352718093216080E+01   -0.192094216660803774E+01
    0.907034573975309261E-03    0.102695842838344319E+03    0.789753758245827413E+02    0.339336892597710431E+02    0.250686530888423817E+02    0.143774672352765087E+01   -0.773835200534020551E+00   -0.163411161930641602E+01   -0.195963351093031068E+01
    0.722149629337320376E-03    0.103151739254673942E+03    0.791458819908074815E+02    0.349396268580514757E+02    0.132817822473579099E+02    0.124803709465455204E+01   -0.748395211577594033E+00   -0.171068308865963470E+01   -0.195215428738520069E+01
    0.721133428308207472E-03    0.103154555614754258E+03    0.799321632728108256E+02    0.300614900859542225E+02    0.224884328419782733E+02    0.156310877625291789E+01   -0.800095607973519529E+00   -0.158665762879818439E+01   -0.193210791361819467E+01
    0.747771159530067698E-03    0.103082009985796390E+03    0.800441836413656773E+02    0.323021282756827617E+02    0.246803532216994910E+02    0.148511712242562788E+01   -0.811792517730152596E+00   -0.156179455288614699E+01   -0.194457382737130691E+01
    0.596657702116304227E-03    0.103533516803879394E+03    0.825170222661926687E+02    0.367232113569963019E+02    0.174471051018708430E+02    0.114457915531212029E+01   -0.774179993654749099E+00   -0.152381285974952285E+01   -0.192377911836610060E+01
    0.860757411166617760E-03    0.102800578550598203E+03    0.829450511507504586E+02    0.344622994217491225E+02    0.266933609305937525E+01    0.128133896807274072E+01   -0.722965617740117805E+00   -0.171314114503539860E+01   -0.191414409567959876E+01
    0.626922743205498689E-03    0.103434557342288912E+03    0.871926666315863628E+02    0.332538122844165969E+02    0.192228440345168288E+02    0.156701201888527031E+01   -0.747638926235834722E+00   -0.148367951888487282E+01   -0.188406607089597489E+01
    0.769429882364311792E-03    0.103024904319028622E+03    0.778733838976296511E+02    0.336661334371501937E+02    0.330311949863819052E+02    0.142597916864014485E+01   -0.714463374595985412E+00   -0.153001782192266678E+01   -0.197826317312550071E+01
    0.589869961479561685E-03    0.103556399758544387E+03    0.790287162473618139E+02    0.354583264035286589E+02    0.351724542563459224E+02    0.120220528247538883E+01   -0.748612686805482319E+00   -0.155691195554021267E+01   -0.194296037312023051E+01
    0.128398607542241330E-02    0.102000754696205860E+03    0.799364516241878391E+02    0.334100836489868414E+02    0.390272513718866207E+02    0.156239292728938239E+01   -0.734101965757272712E+00   -0.152989844389081853E+01   -0.187942905295231699E+01
    0.101271841350429061E-02    0.102475416989698076E+03    0.792232136212593474E+02    0.343330818568902671E+02    0.375091875251440285E+02    0.155286124972521322E+01   -0.725506450648692347E+00   -0.140673903050291083E+01   -0.190374620058143962E+01
    0.110776565201415331E-02    0.102296003296146040E+03    0.779171634658702601E+02    0.286404839411607242E+02    0.348342631187573204E+02    0.124414847899331460E+01   -0.771463393191276881E+00   -0.155403832233430839E+01   -0.194162379426940501E+01
    0.644420898854126695E-03    0.103379499810674886E+03    0.849219173934987879E+02    0.381734349939683781E+02    0.297049109281343569E+02    0.128565253861212980E+01   -0.717741804700480657E+00   -0.147805548488139316E+01   -0.187581992168661937E+01
    0.797852104645152289E-03    0.102952357479717392E+03    0.787700604019864983E+02    0.335660383745571664E+02    0.392876540873870255E+02    0.140971199004535319E+01   -0.767861310709056610E+00   -0.145535046345202379E+01   -0.190069279439509708E+01
    0.984797201101009472E-03    0.102531332509680254E+03    0.777244423995068416E+02    0.346642928383104589E+02    0.425111478200433694E+02    0.131162230693144788E+01   -0.749100691884741599E+00   -0.150802160985068001E+01   -0.187261330344000609E+01
    0.570861572370243630E-03    0.103621910475034156E+03    0.771014622850745894E+02    0.339319848737238772E+02    0.380555597280626330E+02    0.136857240211994080E+01   -0.696731492879528513E+00   -0.140951052932578413E+01   -0.192048068092715840E+01
    0.116550278904613692E-02    0.102194388272261023E+03    0.771468355259382150E+02    0.327163864797028765E+02    0.347126304627576872E+02    0.156288260412747060E+01   -0.741570216545034855E+00   -0.146739013655524309E+01   -0.194170465534482450E+01
    0.147000168360071192E-02    0.101730166325057411E+03    0.775444625289630380E+02    0.363011323673231558E+02    0.293660396154213217E+02    0.128147604258631387E+01   -0.751765313275049918E+00   -0.157191803896076943E+01   -0.196097343806272395E+01
    0.677603718514332488E-03    0.103279078713025228E+03    0.792848756727839543E+02    0.294686239149373321E+02    0.298844087086467383E+02    0.139872927953426385E+01   -0.753944186099415381E+00   -0.155574216950625122E+01   -0.192956497108003844E+01
    0.604091704855741116E-03    0.103508751943932310E+03    0.825015294428216066E+02    0.370779020128724994E+02    0.291010202399651448E+02    0.115678368321392377E+01   -0.711150997519700345E+00   -0.156911182184846298E+01   -0.193055628835518789E+01
    0.118872053846399116E-02    0.102154938315362926E+03    0.808496675317294660E+02    0.332646677042676302E+02    0.346204580264219075E+02    0.155311364343406599E+01   -0.700732877327879811E+00   -0.155285758040381916E+01   -0.192562064422619494E+01
    0.836434636125589536E-03    0.102857907219903979E+03    0.842489391267474730E+02    0.367274762018195133E+02    0.242199164315960900E+02    0.148962579485601787E+01   -0.738295992534268919E+00   -0.154414159382937832E+01   -0.191791444866900673E+01
    0.108965609791777528E-02    0.102328969137328698E+03    0.829082748116815225E+02    0.311002515965430852E+02    0.317544183401864970E+02    0.110828565023802272E+01   -0.728569430558990927E+00   -0.153059969763347703E+01   -0.191546973138073384E+01
    0.115827635701359118E-02    0.102206827415352279E+03    0.782921568803017607E+02    0.335342794766459633E+02    0.391940164368482158E+02    0.128638073932514096E+01   -0.716161610153718486E+00   -0.153315190624099262E+01   -0.189548120408096454E+01
    0.941461978591375350E-03    0.102621336048380769E+03    0.797067975010928791E+02    0.337726142634415041E+02    0.307936933553966696E+02    0.130252347393977952E+01   -0.715360790037992800E+00   -0.163700188426104432E+01   -0.194994260165139455E+01
    0.696776516848473929E-03    0.103223274528120029E+03    0.780167528136376944E+02    0.379306917502930645E+02    0.278494176812305518E+02    0.135592968375987799E+01   -0.718740271720409885E+00   -0.168515660922619182E+01   -0.195280068969906195E+01
    0.630451778891145563E-03    0.103423330631741777E+03    0.763238351840181792E+02    0.295033625010023286E+02    0.300771608610321479E+02    0.125464173676523627E+01   -0.776537826306316514E+00   -0.166533685324226166E+01   -0.193593272614576839E+01
    0.725176255549015228E-03    0.103143374502394778E+03    0.801882381321254059E+02    0.376164945012527880E+02    0.208141488027967085E+02    0.149371303691798762E+01   -0.748197315766419901E+00   -0.151796869530641443E+01   -0.196577390233129901E+01
    0.767126405370305276E-03    0.103030900789806736E+03    0.741151156535392346E+02    0.301202518248252176E+02    0.416180183455799977E+02    0.152010744736745296E+01   -0.774224028556426580E+00   -0.148317672972357517E+01   -0.197852553064619285E+01
    0.574668550806238802E-03    0.103608617092784272E+03    0.836489781150798848E+02    0.333784040990754178E+02    0.221439196837650059E+02    0.131066006186394834E+01   -0.692879690264610382E+00   -0.167113172156398471E+01   -0.191333191544444792E+01
    0.124426952593835547E-02    0.102063596154107401E+03    0.773975122098765667E+02    0.331944086631411608E+02    0.255630860490552791E+02    0.125673467727339006E+01   -0.779042069803801418E+00   -0.163088281342866370E+01   -0.196370734352047660E+01
    0.948316729675499756E-03    0.102606826876238358E+03    0.831618326316852006E+02    0.317238571995024436E+02    0.244760590977209773E+02    0.125838802959929508E+01   -0.758181860393994045E+00   -0.160890170845092273E+01   -0.188947455325695568E+01
    0.104749763070071376E-02    0.102407885195349195E+03    0.780246021362813735E+02    0.336396413594358279E+02    0.386596653267844061E+02    0.122732201923065287E+01   -0.759735595460395929E+00   -0.145278039276464521E+01   -0.189096911118746269E+01
    0.870801847187702084E-03    0.102777375073991237E+03    0.767439266053669087E+02    0.357421493250764186E+02    0.393467605496157731E+02    0.144757600636560158E+01   -0.784579081785404364E+00   -0.155833927224985080E+01   -0.191147347374932197E+01
    0.719273910274395014E-03    0.103159719484770818E+03    0.762527033948295525E+02    0.329230866355940037E+02    0.444923731127649233E+02    0.130885039216110122E+01   -0.726051578504793627E+00   -0.140576488434030633E+01   -0.190708497100472663E+01
    0.601520965855243035E-03    0.103517281193695936E+03    0.844726314195118846E+02    0.322999427469280107E+02    0.212948042345092539E+02    0.146399027828891315E+01   -0.781320118125946594E+00   -0.145307516944560011E+01   -0.192221929428602145E+01
    0.119541201194513138E-02    0.102143711605588678E+03    0.782009444707705228E+02    0.337624082683278459E+02    0.298064717950276687E+02    0.122119599506946996E+01   -0.724798262320869968E+00   -0.172245395480210428E+01   -0.193512751428926189E+01
    0.618927598624880587E-03    0.103460227373657204E+03    0.845808447896494471E+02    0.348848174786507741E+02    0.551474119939346075E+01    0.128760001963434290E+01   -0.726758200031315749E+00   -0.161759925953190198E+01   -0.194033778658601541E+01
    0.648104701733917543E-03    0.103368099455114802E+03    0.756596859670346333E+02    0.313089770985693896E+02    0.303093537904959405E+02    0.111865935126094973E+01   -0.833496329910816458E+00   -0.157551703578515290E+01   -0.194552521044026494E+01
    0.593030797762659676E-03    0.103545711308878992E+03    0.820789861772245786E+02    0.363940444417530813E+02    0.437758497931408996E+01    0.102201521342211676E+01   -0.759190610953241807E+00   -0.167131092429946104E+01   -0.193792168770125928E+01
    0.626749484864016788E-03    0.103435110144971162E+03    0.882900717770526882E+02    0.339511506933258289E+02    0.155892582693818422E+02    0.765943517341687863E+00   -0.761890015955180910E+00   -0.153202141514422641E+01   -0.189118417595005073E+01
    0.652255311176075598E-03    0.103355331841540874E+03    0.791488991815576099E+02    0.313977771894168676E+02    0.586877212929606484E+00    0.770508241029190133E+00   -0.757498202066121173E+00   -0.173679456473218119E+01   -0.194152554880647377E+01
    0.775432922997946680E-03    0.103009361007797636E+03    0.855237618213119504E+02    0.356299331932592480E+02    0.139289103978521585E+02    0.372348469949392802E+00   -0.758940231943941335E+00   -0.154259601356437814E+01   -0.191950842513951825E+01
    0.834544468960703710E-03    0.102862431915551753E+03    0.798116578939281567E+02    0.340658256630504468E+02    0.177712244934617019E+02    0.518548476757284327E+00   -0.775386895023697953E+00   -0.163632627096228278E+01   -0.195831644513906156E+01
    0.606856182508643742E-03    0.103499620312474804E+03    0.873907790216118059E+02    0.316359080717745798E+02    0.209919690171764053E+02    0.536813511293061651E+00   -0.762069036683915568E+00   -0.161368125713766197E+01   -0.187613127503751320E+01
    0.628646337572368453E-03    0.103429066300892799E+03    0.784560629612012264E+02    0.318202731618087107E+02    0.248559670532596328E+02    0.568059978392133291E+00   -0.722929450155342934E+00   -0.172197213757506296E+01   -0.193380828879320998E+01
    0.626859293827447192E-03    0.103434759767834123E+03    0.856078080116985376E+02    0.315938561478979274E+02    0.762930816505766707E+01    0.686932737438451513E+00   -0.727853696585437193E+00   -0.169062446725905136E+01   -0.188620996211030523E+01
    0.101853135178408931E-02    0.102463969940206027E+03    0.794070086281157899E+02    0.309712915110479301E+02    0.321908938816098527E+02    0.795023364450506254E+00   -0.802884218873140654E+00   -0.160350306458060432E+01   -0.192232551116841766E+01
    0.803365605992544668E-03    0.102938584154326151E+03    0.858206019994665894E+02    0.363039142363641503E+02    0.147685604279283655E+02    0.713028308220092777E+00   -0.737462598793403590E+00   -0.155831653336158094E+01   -0.191320945172151102E+01
    0.666927564812667441E-03    0.103310841092141615E+03    0.830760020322262420E+02    0.354787664778269942E+02    0.129872717963381419E+02    0.102479051178059843E+01   -0.757636247210902170E+00   -0.150729303905780831E+01   -0.194579332754219703E+01
    0.625354578997761577E-03    0.103439566344686781E+03    0.849656114130201274E+02    0.322113132968600198E+02    0.230528999409803248E+02    0.646168862519399090E+00   -0.737934331212831696E+00   -0.168135394457268683E+01   -0.188190553098820468E+01
    0.596150375363857228E-03    0.103535218089417668E+03    0.788428602155502887E+02    0.322070712640331038E+02    0.234031569189700797E+02    0.104906600956869722E+01   -0.823000516241389812E+00   -0.155655259984433569E+01   -0.195874000762695766E+01
    0.665512303137843000E-03    0.103315089725768075E+03    0.784273398494014913E+02    0.335735044552642705E+02    0.104030477762333060E+02    0.379776700823741264E+00   -0.789119174205565432E+00   -0.171237614185490061E+01   -0.194583693215038345E+01
    0.116766286531647047E-02    0.102190685017186183E+03    0.778595248447209372E+02    0.353417152869559246E+02    0.246686682148261660E+02    0.787509599413151129E+00   -0.801757930594204193E+00   -0.164218350933413593E+01   -0.193735959505670996E+01
    0.570118866598743278E-03    0.103624514221254628E+03    0.822437415836199079E+02    0.358471636383305068E+02    0.102757965226034855E+02    0.104218956374255689E+01   -0.777138816017808098E+00   -0.158596884668029925E+01   -0.195188669470217380E+01
    0.114157792369024035E-02    0.102235870519349362E+03    0.767344565452383449E+02    0.370016055601043945E+02    0.290503933443387048E+02    0.510372376144440754E+00   -0.776580314527327564E+00   -0.162912138069774737E+01   -0.195885068517638450E+01
    0.758613846190445617E-03    0.103053218212449849E+03    0.793077987098738788E+02    0.332277725191610358E+02    0.209870431369342363E+02    0.338548130841566319E+00   -0.808961478913629461E+00   -0.153135069296264859E+01   -0.195314680221357473E+01
    0.615880494360027922E-03    0.103470098091114323E+03    0.855858058853798553E+02    0.328955493168705146E+02    0.221902824411163735E+02    0.984379637816734432E+00   -0.757650994228238339E+00   -0.162395756255371437E+01   -0.186656162542773774E+01
    0.819568924929716162E-03    0.102898646973767470E+03    0.799241343111042823E+02    0.330777733115892687E+02    0.255139634118493177E+02    0.361698611613572252E+00   -0.761967087584443759E+00   -0.151238318065059896E+01   -0.197088487427180703E+01
    0.577953517433150987E-03    0.103597217083669435E+03    0.807828957422585603E+02    0.314783421378511612E+02    0.173911905286599406E+02    0.331216348704924168E+00   -0.803725687281990897E+00   -0.157413625797881851E+01   -0.192701850904478933E+01
    0.756646804484622832E-03    0.103058410831448839E+03    0.825524157771639864E+02    0.351617194372686654E+02    0.167565279654537100E+02    0.396737693095741140E+00   -0.790867986701872194E+00   -0.154161120156436193E+01   -0.192838218883533674E+01
    0.760350351355946964E-03    0.103048645343846857E+03    0.748533475428488231E+02    0.330204372586386938E+02    0.327072129676745860E+02    0.739012486441275929E+00   -0.778815500924669557E+00   -0.173511425648555484E+01   -0.192916940267282100E+01
    0.583547747242777110E-03    0.103577951420384352E+03    0.774790642219849559E+02    0.359349767407128411E+02    0.238466445882919338E+02    0.818908579548385918E+00   -0.772291542825521482E+00   -0.154039597439198772E+01   -0.199790683528505597E+01
    0.728732924797695619E-03    0.103133589362053144E+03    0.746078584617092844E+02    0.317140884681238155E+02    0.260893096344809408E+02    0.107100354645338736E+01   -0.800575850398000055E+00   -0.166837886532805957E+01   -0.196532531719350168E+01
    0.599684199223113985E-03    0.103523397611164256E+03    0.814276752517799736E+02    0.286365385208545007E+02    0.249953337592271048E+02    0.736101785368365458E+00   -0.765896618815853136E+00   -0.156616847847152552E+01   -0.192441632814520514E+01
    0.126110739010249330E-02    0.102036712985235965E+03    0.802315125214431362E+02    0.354307281148709521E+02    0.239184316115048397E+02    0.788467972506654124E+00   -0.775182398481131685E+00   -0.158934997060289041E+01   -0.194250787987829443E+01
