{
  "injections": {
    "__dataframe__": true,
    "content": {
      "simulation_id": [
        1,
        2,
        3,
        4,
        5,
        6,
        7,
        8,
        9,
        10
      ],
      "mass_1": [
        1.312037280884873,
        2.6648852816008435,
        2.223705789444759,
        2.184829137724085,
        1.6092275383467414,
        2.325044568707964,
        2.8789978831283785,
        1.777354579378964,
        2.9737738732010346,
        2.5425406933718913
      ],
      "mass_2": [
        1.3119890406724053,
        1.4246782213565523,
        1.2789877213040837,
        1.0929008254399954,
        1.1953442280127677,
        1.5175599632000338,
        2.789654700855298,
        1.5426980635477918,
        1.1491012873595416,
        1.1480893034681807
      ],
      "luminosity_distance": [
        299.3292420985183,
        484.95492608099715,
        145.61457009902097,
        257.1172192068058,
        404.19867405823055,
        454.66020103939104,
        387.5664116805573,
        162.66516538163216,
        401.09849037701986,
        364.50358402049363
      ],
      "psi": [
        0.0,
        0.0,
        0.0,
        0.0,
        0.0,
        0.0,
        0.0,
        0.0,
        0.0,
        0.0
      ],
      "phase": [
        0.0,
        0.0,
        0.0,
        0.0,
        0.0,
        0.0,
        0.0,
        0.0,
        0.0,
        0.0
      ],
      "geocent_time": [
        0,
        0,
        0,
        0,
        0,
        0,
        0,
        0,
        0,
        0
      ],
      "ra": [
        2.350674409501741,
        3.7716971896851064,
        1.9097831803000027,
        2.8620099527953498,
        0.40963743124504354,
        0.7670438288096874,
        3.430483902096274,
        0.5566531281131623,
        1.7636027297176073,
        0.03628299549692569
      ],
      "dec": [
        1.4001710056220982,
        0.6567589445458046,
        0.09511015137771595,
        0.8929903036085074,
        1.3945679749492847,
        0.0044836413162634425,
        -0.9462903944596011,
        -0.9121948909675138,
        0.15007412394801212,
        0.9857797080432036
      ],
      "theta_jn": [
        1.1498133950334724,
        0.03233404802877725,
        0.6784976486603884,
        0.313646843571596,
        1.516811250589006,
        0.05401736265169279,
        1.5230199718093658,
        0.0710428592915641,
        0.22136325494677483,
        1.1103289192838341
      ],
      "a_1": [
        0.6944887584499638,
        0.4735450708598989,
        0.27656616111115395,
        0.28658981836298136,
        0.42351872210511554,
        0.2416297515702357,
        0.26936862479959345,
        0.6815355610001534,
        0.5806661769388097,
        0.15814799785805533
      ],
      "a_2": [
        0.4938051714624787,
        0.4284524802459485,
        0.18132182656301293,
        0.4458507347628509,
        0.08164868781811907,
        0.026297663190927745,
        0.5690396807656453,
        0.19430058474480522,
        0.40777082843695917,
        0.5196763720275541
      ],
      "tilt_1": [
        3.141592653589793,
        3.141592653589793,
        3.141592653589793,
        0.0,
        0.0,
        3.141592653589793,
        0.0,
        0.0,
        0.0,
        3.141592653589793
      ],
      "tilt_2": [
        0.0,
        3.141592653589793,
        3.141592653589793,
        3.141592653589793,
        3.141592653589793,
        0.0,
        0.0,
        3.141592653589793,
        3.141592653589793,
        3.141592653589793
      ],
      "phi_12": [
        0.0,
        0.0,
        0.0,
        0.0,
        0.0,
        0.0,
        0.0,
        0.0,
        0.0,
        0.0
      ],
      "phi_jl": [
        0.0,
        0.0,
        0.0,
        0.0,
        0.0,
        0.0,
        0.0,
        0.0,
        0.0,
        0.0
      ],
      "KNphi": [
        27.453912898011318,
        48.541078577402544,
        29.327784352600123,
        70.54508435059945,
        28.796834201182197,
        36.14958322785586,
        69.13838221939116,
        65.35568425926411,
        32.544931874444394,
        51.26885728714379
      ],
      "KNtheta": [
        1.720682331152047,
        71.33215622657197,
        15.299361014510422,
        69.6573894291209,
        4.464096313451343,
        9.78150173597104,
        48.90472220228212,
        47.94696285111252,
        73.1780512508423,
        17.940413600928878
      ],
      "timeshift": [
        -1.7374993874414666,
        -1.1214348886940937,
        -0.9241858527882836,
        -1.3623957638806958,
        -1.8434421028719443,
        -1.5179719536708374,
        -0.022386878734271365,
        -0.7212545584467962,
        -1.9031538443036609,
        -0.06623023232316383
      ],
      "log10_mej_dyn": [
        -2.4828104952570973,
        -1.4867995204955995,
        -1.1220983471560737,
        -1.1755823927007496,
        -1.308812772575391,
        -2.5356425765665485,
        -1.114200503800312,
        -2.619010554876949,
        -1.1742165296500342,
        -2.789965892136588
      ],
      "log10_mej_wind": [
        -1.045050488092417,
        -2.782426348932518,
        -1.1829920654527168,
        -1.5687472500370732,
        -1.17003533054983,
        -0.6618279849516209,
        -1.9859241376783552,
        -2.944907172208702,
        -2.6384400207515806,
        -2.1395974592718687
      ]
    }
  }
}