chirp_mass mass_ratio EOS alpha zeta
0.9396236538887024 0.6488971710205078 4615.987574279308 0.00017909335012171533 0.35184037685394287
0.9176719436707108 0.40191737295768204 4120.055891214503 -0.00047306215754589333 0.41231090387662617
0.8168850703466948 0.43660248272751806 4469.10764974449 -0.00015148725424565492 0.34819691536908726
0.9803376612826582 0.41789692886138335 4229.716721786195 0.0002476108018186074 0.33184588427709905
1.0595609903335572 0.7444087862968445 4529.962956547737 -3.455396006517769e-05 0.2947183847427368
1.3275217850270404 0.5186291167007607 4930.986170364403 -0.00030534007346952053 0.5293624414684495
0.9505060695181379 0.5525742738291957 4694.489336983751 -0.00011111529270278108 0.3693775747936039
1.0789994716644289 0.561620369553566 4491.35377818346 -0.0002625289606649192 0.226340651512146
1.1558676622861785 0.7759802182803417 4771.511469563069 -0.00022149400989415839 0.47461324225954066
1.1081245918750418 0.6658647330259053 4236.4585964281705 -1.3698636041877678e-05 0.379800646649218
0.9394773732028664 0.42753022419027115 4977.006911276428 -0.0009495576719334913 0.40839533422588137
1.2916399717330933 0.5953224301338196 4212.284460961819 0.00013183231449039395 0.5842943787574768
1.098522628509702 0.5170779649269105 4705.936599401636 -0.00039906248361551867 0.2747153279317846
0.9728372795587222 0.6251404182335905 4743.818050089124 0.0006814432449157723 0.3531605058552808
0.9141319266553078 0.43208075950718805 4866.643288093092 0.00016457468634178228 0.31140663954459735
1.2122533789452778 0.5078717016580536 4748.1549928804925 -2.9812418090437944e-05 0.8896792819875471
1.383946204185486 0.5756721869111061 4599.118470847607 -0.0007973830403514132 0.9698136448860168
1.3760600989693825 0.6597745819246001 4366.491547972424 0.0002226793028021594 0.9769688323636744
0.8014799356460571 0.4892926961183548 4429.942455768585 0.00030932272169718227 0.2670803666114807
1.2019561164116763 0.6033436357352724 4950.970449600287 0.00022812085550108835 0.2730152201555992
1.212012545835447 0.44064831816540406 4781.578385231698 -0.000707746509371358 0.9508666561438437
1.0701077379186952 0.52789578410156 4767.486827468078 -0.00048790769404257053 0.41196006016795306
1.3389740326112824 0.6507653511098983 4261.305907910244 0.00010349057076122425 0.9796480116320793
1.294759635864613 0.46739523925348936 4514.700124233486 3.844600764256475e-05 0.9300358617942511
1.1820009469985964 0.7473571598529816 4454.762918651104 3.4882035577558636e-05 0.4640411138534546
0.8050587697741906 0.5819110145930533 4991.504589760071 0.0003094648512770923 0.2712493057975997
1.1876098799715007 0.7340856990814975 4307.574918868466 -0.0002831389401590987 0.45790540098371507
1.2259173750877381 0.5548464432358742 4634.745032429695 -0.00024949995609677156 0.5257583856582642
1.1890133976936341 0.5620243549346924 4576.859433710575 0.0004840188805404186 0.60848468542099
1.3374609040355545 0.6761465057436926 4597.331317660749 -0.0004805707327168751 0.40035055550769194
1.4692127040449008 0.6156199973997685 4990.960984143533 0.00012732081337566605 0.6357005842097264
1.0841890683927617 0.5062376583994281 4475.208362290146 -0.0005402386784403451 0.28796586940981195
1.177422972026477 0.737279697378746 4965.639837159015 -0.00046531483932486144 0.5775854915787975
1.0350248759319005 0.4641637475919303 4572.165758988699 0.00011884657821166005 0.3134144028831657
1.2330044388771058 0.490286648273468 4614.304002463818 0.00020952118801820954 0.42670196294784546
1.1225904314868673 0.6633396658124774 4332.6928345062315 -0.00042632742940440916 0.37635359910775346
0.8318291519361182 0.596600471116641 4143.729402024889 -0.0002764471696307681 0.2323711684342451
1.2997879840072355 0.6718485270583793 4236.852290136832 -0.00034454216575242685 0.601331390019536
1.1977852225303651 0.44918642938137054 4625.5181765556335 -0.0007128470832758433 0.7744068503379822
1.4027501081696068 0.5171676735987031 3990.4096409984545 -0.00029835588609502086 0.9523389261823018
1.1753971256662148 0.781773931325636 4461.987449663899 -1.1376658595206556e-05 0.44338835503771196
0.9488546487036194 0.5628773460045776 4126.853896239449 5.479479175450627e-05 0.23220619169092674
1.2180834313816202 0.5656501691605165 4475.093794174644 0.00031268690910831625 0.7827390268043725
1.3316165987281448 0.5958614125228777 4288.73627742119 -0.0005468592176421577 0.6081690038052759
0.8322742848874956 0.5925369795440879 4229.449567462915 0.0002317570877301396 0.2365427278160715
1.4196215987833303 0.5501655353675681 4564.178648984067 -0.00010615591043047244 0.871680580786392
1.2617857789662235 0.5002599103755327 4456.5347383773415 -0.00021855806625152257 0.9494049691923333
1.270716113100515 0.4627251248394945 4818.10910527236 4.8854516818136955e-05 0.7628690994050102
0.9711059342237229 0.49939614874080845 4327.959565765995 0.00035734413407336 0.33263287423061494
0.8896274069109564 0.4869157465646469 4956.445171558983 0.0002517215602252936 0.2870504394977923
1.2200686966599277 0.4875168250203835 4642.035075012396 0.0005158493284295064 0.708085805495317
1.0059484593519528 0.6443663268067505 4905.396946871655 -1.0793068593174814e-05 0.3563476547309824
1.333446961059547 0.5904209763690536 4246.282647611962 0.00014680402075679442 0.8577362028378382
0.9247814555908743 0.6200136745777435 3990.534069093906 0.00027739859103323395 0.22986954118604244
1.1357664305416404 0.6360944953580312 4991.079217335706 0.00020116249852471626 0.4029746863355902
1.0095260566118853 0.4993011034016919 4616.754847780863 0.0003550377447685888 0.37518286557889
1.282202830712521 0.719220603287456 4593.015438579471 0.0001199621945193695 0.4241212415178808
1.5086226741625897 0.5583275140604099 4070.0090365380697 -0.000195803376629785 0.9026298444771177
0.9421215566452525 0.5084488388212207 4520.274469720249 -1.8316515973821275e-05 0.34718811969342844
1.2041765502038169 0.5036873001295838 4986.370317496868 0.0003090301701045237 0.7645495306757902
1.3011443812366035 0.5491699304902081 4669.389425322619 -0.000490831032727724 0.5457302074184369
0.9622029662132263 0.4721137210726738 4509.176448583603 0.000186389106707573 0.3080267906188965
0.9742712394735775 0.4732641239429698 4424.263507325882 -0.0009209382926433252 0.29142672172600903
0.9036627980229874 0.47437495085788434 4365.074852701743 0.00027876593177343607 0.316661341731166
1.4018879573922218 0.6263653790616288 4261.252054623004 -0.0008646845312918938 0.6796432005644286
1.290677652775215 0.46737865553191715 4549.71734413399 -0.0001303774022298975 0.9402776492944301
0.9693892061460498 0.5677252513155637 4855.178412418098 -0.0008055894997854188 0.23333611577914115
1.0612231606796487 0.6576555146745054 4599.095511341697 -5.4623526840335635e-05 0.35585912698693406
1.2950952184047926 0.7270532500541503 4865.689420152679 0.0005725558429535609 0.7848630553734248
1.338254752248758 0.6213376964698256 4183.439047739724 6.268239375206412e-05 0.970702394578582
1.3154535040394038 0.5570381912782459 4829.131864001965 -0.00047987958389195947 0.9603057142099346
1.146324546434175 0.5051327451001533 4143.641995068241 -8.556661272906356e-06 0.4108502598582185
1.0965442645076589 0.7715600343909281 4467.920744534435 -0.000162126564619678 0.3788751139949171
1.2705494912282176 0.7351380093745811 4481.14060033373 6.590509393345707e-05 0.7548769766344559
1.095199737112007 0.4789535890418217 4822.457434810461 -0.00023641943791150106 0.3436337657663602
1.5318736587684183 0.647314694990905 4960.200281745674 1.3686453915455984e-06 0.7294885233697866
1.1394997264092672 0.7621297930461379 4685.93067174272 -0.0003947133461017742 0.3919341856300485
1.3733094384958429 0.4904101912841218 4122.393381588804 -8.066226707264312e-06 0.9000395461829889
1.3033815138462017 0.5233120992953344 4113.359047585063 -0.00013182462655553234 0.4427997432307741
0.9444556358483382 0.6091736318060672 4122.994882614783 0.0002273592446197581 0.3120114863282518
1.171200218481744 0.7358418661247178 4550.147877531082 -0.00030371262011697067 0.4185200891904779
1.2966514389583352 0.6739458181217399 4013.528829046566 -2.2822369267161213e-06 0.519368436784656
1.4281575274645668 0.6707105309726813 4224.717072708221 0.0008102155685422283 0.8028816776863276
1.101547219037363 0.6733256273971263 4565.821972551289 0.0002922552050136295 0.3610556370831528
0.9599626076725518 0.5198316735772355 4926.447785548553 0.0002841525718255146 0.24948405634204807
1.2165937087768044 0.4671158655975524 4829.503551059909 -0.0001504608888326902 0.8433109731636426
1.006164004120149 0.5210923697434114 4559.917643203738 -0.00010586891842103434 0.27015219144467667
1.2575150988466897 0.4690488031828073 4618.988299038618 0.0003048948868437232 0.6766613256379324
1.27667039235959 0.47696463024706465 4621.865427436907 -0.00015740552566189975 0.6486023479761636
0.9432154911629955 0.66949951048108 4538.242031691369 -0.00014126908009870828 0.2846178964307242
1.007986435744743 0.49584360162877705 4554.206420057801 -0.0001683156979774954 0.3320981168459946
1.1898093957339158 0.7559620702790901 4808.034480293311 2.2765851186449046e-05 0.7155690502585913
1.1542720668653197 0.538922007311334 4502.225293142787 0.0002120690617258407 0.284460991335156
1.3217624456790955 0.47816415414534896 4877.6833497108455 0.00017225384986946783 0.7881995027522455
1.0616671209619153 0.5365567772101303 4723.521765099342 -0.0007513902469147517 0.3503978170662533
1.151522934041445 0.7913534252741992 4607.363471531693 0.0006710149534804436 0.3846842336104314
1.2368507879196056 0.46284602925562435 4491.97776917142 0.00012257367178614706 0.6173403489757745
0.9794997472384066 0.5417938972883503 4915.071392920367 0.00012686713460024232 0.36541024128055527
1.1053371675453696 0.5226960983481506 4613.857380525307 3.858926763762613e-05 0.3041909743053929
1.0344695048006294 0.6238041511194681 4107.034578356781 -0.00048282628876396603 0.24335566810014964
1.1119115622693336 0.5671884785465293 4185.794894871952 0.00012467648802479925 0.2699710804625879
1.3497215928303983 0.5135741654885735 4568.419987786193 0.0003616803175570014 0.8037249837802121
0.9785082428121535 0.5857721666087847 4980.948885778148 -4.795991393168126e-05 0.22964135716819578
1.059935421923593 0.5134061819293612 3941.3785545937326 -0.00022701525880139823 0.2927653847783933
1.0346633345959395 0.5117991074928732 4909.915193813927 -0.00032226537001813903 0.2802405754052806
1.251064425849847 0.5061315534240346 4909.432358347981 0.0001751783267104047 0.7444488873544314
1.0862647349831358 0.7512581040070011 4873.5143762116495 6.40456157065764e-05 0.3286425501391822
1.2783973194457723 0.4990734629704568 4178.085388590633 0.0004239175759799093 0.8219179305620655
1.5253824273598422 0.5274496848374961 4169.651426504188 0.0004137905547043845 0.9561195867191381
1.2184714829537517 0.7506110370276603 4468.032779922737 5.958479003708208e-07 0.434045709651556
0.8748597721719595 0.4887589141839843 4795.743981062361 -9.095627831884153e-05 0.28761855392744795
1.142312536959267 0.7156468416819234 4810.089397364952 -0.00018211673834968618 0.3911545664278884
1.4310765034642086 0.5805861336457396 4023.0852859459833 -0.000171386146572281 0.9126006779136727
1.1341011797189045 0.48639076216366295 4619.204308386085 0.0004295746703919759 0.6005260160966363
1.1164963453414065 0.5562124950710128 4907.435773484623 -0.000683125910786787 0.39445623189466505
1.1265185644486402 0.5452996653665274 4964.736819178496 4.6114234906456496e-05 0.3858129634951869
1.4265154549442325 0.6795928007638876 4224.505021948682 -0.00033048215295323384 0.8595888323662708
1.2955758853121717 0.47479223079817445 4714.0251605457215 9.658722187345495e-05 0.8340732166823718
1.2775920045885483 0.5214122703348301 4529.750755460545 -0.00012087555932541367 0.7111481236438146
1.346476179967715 0.6438118435476506 4792.645389344328 -0.0005806784446875049 0.6943714588296714
1.2690984249114992 0.46860119700431824 4953.689187705517 -0.00038320689944285334 0.7613444924354553
1.4113782460046669 0.6512769441096127 4438.4064237548955 -0.00021197314760209825 0.860156681416768
1.2740217282214292 0.4898214986369892 4853.013714203984 -0.0003415876720946873 0.5548829959267703
1.5115550339934023 0.5609995316976666 3990.0577377251425 0.0005335621886458137 0.6706315365689522
0.8490535439859072 0.5738457815487535 4502.199445146206 -0.00011265399300550506 0.27689105441897865
0.9975781988731824 0.6741893933106545 4969.998338172992 -0.00017640401827848963 0.30680523974653384
0.959767746925354 0.6172707378864288 4701.787437558174 -0.0003949508149285263 0.3191220164299011
1.0178012106254481 0.5264637517856747 4979.793729070695 -0.0005491786210788593 0.36154588520312064
1.3612949083007393 0.5133838971394769 4321.724618211443 -0.0005666602134823767 0.8226491484918911
1.362050134867868 0.600493514726754 4986.407156525334 -0.0005115919114518445 0.9862661189503686
0.8540553234718867 0.5363369914225449 4738.995489839259 0.0007273761169155125 0.28523866266397774
1.1625488842596907 0.5628627920955358 4564.84603921829 9.04295714853699e-05 0.3732982639259934
1.1319581621201915 0.5263620998654495 4046.6873829553 -0.00017420348730927336 0.3748565138299623
1.3401693909675534 0.5968337070991622 4964.237771759399 0.0004053654618634069 0.5859103767176403
1.3910429329279925 0.6316354739882158 4059.0229141458212 0.001427788554361489 0.7104025284343639
1.3281661569799594 0.7848524522051783 4092.4365102731153 0.00026903445869448693 0.8847297118692986
1.2422858379425457 0.5011223732154448 4718.255447944916 -0.001014285951060668 0.6184737032149412
1.3105434671379772 0.662740399505773 4840.642570293517 0.0006433204418910525 0.7454569665819614
1.146116960588902 0.5822179736982366 4667.670127217797 0.00029514145798614576 0.688925940434644
0.928277011916088 0.5078802161232341 4993.511919715738 -0.0001565050687892074 0.2867840356914558
1.2683723807171297 0.6440221065442583 4975.4860849472425 -0.000634514760573014 0.7042346115342517
0.8903910327759069 0.6022963401066952 4413.304094226968 -0.00014575398406970963 0.2789297693091179
1.3708924080266298 0.4986451494901723 4252.774220505396 0.0001338344296011666 0.9117468970442077
0.8286079786528586 0.5173386371908455 4912.475628713208 0.0005211599034580724 0.30385282558268845
1.0949024968782801 0.6731733338241126 4825.360841499343 -0.0001927651421164572 0.2572842737526229
1.1251652263937264 0.6723263987104482 4244.331203327935 0.00020444923845132053 0.3689576205061944
1.3680283924447951 0.6260100993741949 4402.7396680975935 -0.0004915064144922654 0.6982659991636473
1.1517204880714418 0.49612659960985184 4544.032466053963 -0.0003267844239452011 0.5462155342102051
1.2306977172716569 0.6927124936174531 4927.349603238431 -8.193612438864999e-06 0.5248767771149994
1.2642494897263548 0.7938716211888561 4657.825796126137 0.00042333758506577814 0.44349342227956406
1.3992518544197083 0.5423649847507477 4392.856480658054 0.0004716190221357361 0.9278154969215393
0.8632683206067906 0.5165476413318068 4520.285364456458 -0.00011566063214485469 0.2925707279888051
1.208852266348158 0.5468888928695497 4842.888888640684 -0.00021489112441451438 0.5166203207434652
1.1611461913985828 0.5069994440638226 4685.085517289162 0.0006615408426017463 0.41302317697588675
1.365877872976167 0.5418204901353441 4206.713902384323 -0.0004784657524609362 0.6444214827752544
1.338828747759845 0.5086453937269831 4654.838322602355 -0.0006804773379499018 0.6564552045946291
0.8874559873245242 0.5344967945768988 4850.3655988608525 0.00034823799284409415 0.23988561139994236
1.0835688822819804 0.6721949581828279 4839.623890183839 -1.4166995624658338e-07 0.34877704707265555
1.1482655641800548 0.6193087349001141 4901.728263908083 0.0003456732603932963 0.3824036729488051
0.9043496744628677 0.5097459735566554 4621.760740689945 -0.00027024744259086743 0.30992156813850935
1.2494264225540481 0.5887627537395086 4778.867216301354 0.00018626843997073114 0.8755253128959256
0.8433336944026574 0.5454815892948398 4778.921700968438 0.00033580073783714856 0.2450296575462731
1.239151584094615 0.6969702613643529 4527.526240021438 -0.00025876095910645693 0.4222988002295046
0.982676593243477 0.48823014822043254 4784.070640760089 -0.00014266658441872823 0.29925120128284427
1.1980829321527415 0.5643959197628123 4122.982033082189 0.00029543974172100145 0.3991765530430327
1.0711229643470253 0.677391522447222 4881.585890933094 -0.0004451319380106294 0.34483903541613625
1.3731395944542069 0.5580068180677675 4337.737886497467 0.00018418174404341345 0.8329258819814411
0.8152502718815802 0.5090658988357827 4915.621220353532 6.671395357960178e-05 0.2749737321034132
1.1477951972376357 0.6035048231013542 4660.728603166014 -4.5195390862955795e-05 0.3792533413147315
0.8389132801610866 0.5387904795422539 4840.22314470403 0.0006711266495335763 0.24434177862509757
1.388831318045802 0.6642430120323896 4585.782170827462 0.00010621436635684674 0.8985915920759767
1.2269582689574483 0.5811858142314323 4902.706357830057 -5.167476829526144e-05 0.7872391538950803
1.1819488823724633 0.5237626011353749 4428.632048531198 -0.00023933914569967239 0.4306117605605174
1.149731678614721 0.6143576253289531 4599.80242504894 8.444353409440537e-05 0.4113234288826912
1.2552789531951674 0.5705384189267511 4537.268120164851 0.0003381152791402719 0.4268707555675757
1.1355742472434898 0.7613774803779848 4458.5699614771775 0.0008820776155298285 0.42569544993287567
1.1992026712835067 0.5701808117044064 4544.399043287361 -5.9791558912886056e-05 0.45299589992830935
1.1472312170449828 0.5408715428944724 4782.684286655127 3.553460825512755e-05 0.2940090907495989
1.3338054368723538 0.6486539584559841 4701.0126579834305 -0.00027054671791946176 0.9117692088911987
1.2045137835941453 0.518311926753153 4442.764534382255 -0.00019023551750065187 0.3550945179552719
1.3174940208080461 0.5464045329561305 4558.918878529207 0.0003762173318467804 0.8554579361008192
1.0853918641305547 0.723503525262727 4348.844928904715 -0.000519712626664094 0.2936253811816351
1.333538028283761 0.605903611096711 4943.011169528939 0.0004983713494320048 0.8957036805685721
1.0683819988808998 0.7388457178953481 4453.723873311842 -0.00043113388214282883 0.30473781958754664
1.2622872758018582 0.5775374246400492 4144.196221889123 0.00022249341301024546 0.5402228043377997
0.9421753896024853 0.5612289530958378 4281.67058651152 0.0002174075506457926 0.2529175745900236
1.2387987389475932 0.766490221502559 4206.710113817541 3.1234808748051784e-05 0.4926727407259895
1.040135172263755 0.544316248393435 4755.096648715289 0.0005047176135084412 0.3412548100881474
1.3732316851615907 0.6200150325894356 4272.755630135536 0.00024432496140345243 0.9267885684967041
1.2586125140758522 0.5585836792252814 4839.004176970187 0.0004705682512752627 0.7669150221888867
1.0730614804933558 0.5709704538148457 4503.2424963578615 4.467547841509816e-05 0.35809354424433915
1.2152157410098232 0.7423410144624358 4604.072744692462 0.00014594860632824837 0.3910025643765321
1.2148081640074742 0.5790278936459765 4525.558265755762 -0.000615453443866599 0.5367710554432068
1.2383527028596575 0.570856707583649 4604.558483483263 -8.215543469782591e-06 0.6056894382802851
1.087843418121338 0.5368199646472931 4053.4933535456657 2.0602606598681804e-05 0.36022794246673584
0.9376149835678291 0.5332256779280382 4323.912166038103 2.4309545853306593e-05 0.2594907995698112
1.2028614043799568 0.5521775203855771 4391.627306050822 0.00033992187248117387 0.5460497918515741
0.97748298774613 0.5256502405600965 4883.674235584729 -0.0001529420888927731 0.2682180166838143
1.1769487229959505 0.6898124667471167 4589.119784056445 0.000275905995817052 0.3641637402559364
1.1993176429408134 0.7033365828593985 4515.455438470628 0.00021988428819361193 0.7990311204314667
1.2606518109239284 0.6546202894624564 4707.165107919297 0.0004734065120228619 0.6765609135956815
1.1654062203251454 0.4720750059231068 4904.380149458643 -0.00013088435409790535 0.7116889567766552
1.2274797841651606 0.6729879706579621 4308.874305235692 -0.0010921259096644273 0.5786385292399114
1.2047482242611167 0.491679351770948 4676.31414204782 -0.00021336635399336383 0.581834558578128
1.2546952764593327 0.505902515052821 4855.664279796503 0.0004622025737785662 0.7792101420261621
1.3167045950889589 0.5196114182472229 4568.3318801522255 0.0002922489714576384 0.5813723802566528
1.3799929140434855 0.6640658233894431 4218.844092066023 3.964183095564669e-05 0.7989191780649357
1.3873304843420189 0.6573994233175231 4100.784988869736 -0.0006653312938953574 0.9204474602462359
1.3070557896385635 0.7164997763664348 4523.270772301048 -0.0002875653083766471 0.8829735248604214
0.9557086411239184 0.5392609849268231 4454.337336594834 -0.00035574357148806385 0.25052199798641456
1.2626129596206745 0.5387242209189615 4469.126093106496 0.00042695679812003364 0.4091213309735445
0.8789327434319572 0.5089824703268255 4593.389298977291 -9.651164079668527e-05 0.2826021210060404
1.0605384349823 0.547999657690525 3993.651735305786 0.00020956588404583915 0.3423224091529846
1.0890469813083359 0.5013449724779593 4994.538484886177 -0.00021126625720519293 0.2918180798307005
1.1086275856644416 0.49844993521179126 4468.745609230557 -0.00013406698290421658 0.3110962707991294
1.0089285334712674 0.5461724948263814 4682.859074941663 -0.00043546948823218625 0.26628806280113204
1.167767257172392 0.593452419147003 4410.4588318781125 -0.0005905639063936195 0.37349211234949564
1.2564419984817505 0.5989343076944351 4405.11126190424 0.00031775425785221176 0.4140620231628418
1.2431017932106443 0.4846089844370649 4294.945618582634 0.00023990825271758386 0.7752787245928577
1.4381502945730646 0.6240136049373273 4496.4110023881985 -6.178716550420562e-05 0.999281390781353
0.8656261562294048 0.5937773327618955 4421.680374342138 -0.00032803237564191896 0.262955012497474
1.1405747438056788 0.5364148918184621 4942.959250329107 -0.0001652037464382215 0.4348442019493566
1.132525953122519 0.7332868816300866 4157.624648759791 -8.670129619497628e-05 0.30030281984548696
1.2881294434394102 0.5056030309412451 4242.695529775165 0.0004801689087271873 0.7547289420991905
1.1665505038374702 0.5313332649169292 4127.390760773793 -0.00033318746646057316 0.36197952309283177
1.4408550403543412 0.6797553383323309 4852.65241165972 0.00022698879737227752 0.8738556735891332
1.2567065633423318 0.6499786900503014 4973.980112609382 0.0008790416966319023 0.5596955466344374
1.288643038189498 0.5344588167952566 4465.102118021477 0.00033281817653242754 0.8201172181281348
1.1727684759045147 0.5830767855070171 4674.35317514482 -0.0004453789248292437 0.3833011783867002
1.2488218603628807 0.776833355897344 4992.296332299319 -0.00020025706468059607 0.8548616821531119
1.1930259142782553 0.6701859344121439 4021.332011052838 -9.694426265459705e-05 0.43894988616014163
1.3564609046980307 0.5228537477883355 4592.7902039272885 -5.9567744115801373e-05 0.6582247987425016
1.2994282662545613 0.4772488964735092 4622.189139716302 0.0002844647232063455 0.729091235710715
1.1691272231318246 0.721033143489434 4549.368923841231 -7.2518203897301e-05 0.3995353036514306
1.227264270471117 0.6547038284671487 4514.966849736799 -1.6445314616088867e-05 0.7433149476980605
0.9895003437995911 0.5125100687146187 4605.292660474777 0.0004534457515528578 0.34099316596984863
1.2574918048621528 0.7051759169705274 4206.044571515492 -6.793171030682837e-05 0.5299888927630063
1.0988083958625794 0.6626528576016426 4883.046240091324 0.00020307370569283887 0.2673911452293396
1.1871425314164181 0.5570698081226471 4742.4647295333025 -0.00040081421860801883 0.550188354775508
1.159859749231792 0.7111671100360157 4666.614228089947 -0.0005119746503850106 0.5284767172839708
1.2693360031112197 0.6400193251955038 4749.368081003277 0.00034234772881156926 0.4123122145721752
1.3916721111161197 0.5043364209314516 4352.8239435671085 -9.821534647126672e-05 0.8076623992499633
0.9453820086537116 0.566715722433253 4508.941011642702 -0.0003639706303952091 0.3061542951762305
1.2697633354406825 0.5172417690531362 4191.814249681264 0.00021120097086662186 0.6208971284155282
1.224682833523246 0.5981550972500363 3998.0715187204414 0.00023199269405352736 0.36150531601204616
1.257049321347547 0.5492388560776561 4790.506090978179 0.0006145028374946297 0.5582168234231917
1.1214097017039724 0.5215477398771231 4768.711540716639 0.0004550503786552291 0.3422652286158998
1.4217771659925929 0.6179985142596862 4147.662927992205 0.0005338077260527643 0.7271500087277297
1.41938741441068 0.6492551912481042 4448.982474672997 0.0005192965984343406 0.7596642041174971
1.2070791481922873 0.6704411542840663 4486.733124179628 -0.00029114885545674675 0.37523486361226066
0.9211664823163486 0.5257950181577569 4655.425015768489 0.0002917462180678104 0.3159707838755934
1.3036227406627212 0.543746723465946 4889.258669883011 0.0002371401203494942 0.5934586792702218
0.8724064217362013 0.605325878961851 4584.332232205748 0.00010027602280791628 0.2522180392416933
1.067297037187099 0.5242647434440006 4467.676703003481 0.00024520516024233987 0.3011330163931868
1.3539651081091872 0.5119881436162057 4399.039639265433 0.00014129160085754735 0.7151940593564662
1.4114920210113753 0.5263284769349781 4408.327159554824 -2.5033934862833904e-05 0.6410318104969847
1.3672830003425664 0.6555519667950168 4889.68242033517 -0.000493243798189405 0.7368221439122006
1.0875573339501878 0.6859622979996244 4912.463902319235 0.0005471533999827204 0.38711302968119643
1.0880056262016298 0.543650321662426 4579.064650475979 0.0006451729684324532 0.41961944103240967
1.3636555880192 0.757425522935518 4164.579995660307 0.0008094010589314732 0.6870577306797323
1.0432270857798802 0.5161400034862711 4888.834155049899 -0.00012186996120050096 0.2826291892869911
1.2663787916209055 0.7242835514196964 4438.860173571152 0.0003598701135721798 0.8885352123721271
1.2907582910706288 0.49273777234429067 4453.128142213436 -3.796889588822834e-05 0.8735134877332575
1.0678578840371242 0.7045070731641175 4404.911324282298 -0.00030179164367260907 0.2755922280368417
1.1894317471219296 0.6665067970601494 4646.196801832225 -2.9030981397707812e-05 0.47492711465333387
1.3194888580878312 0.6336097218554344 4030.432866233352 -0.0004393597629675168 0.706318118741427
1.321973341879988 0.49621451295061136 4561.388434149392 -0.0002297342112736201 0.6685855081546144
1.2677292998023435 0.8056266322447098 4442.022058029042 0.0007685615574948356 0.4675571527386928
1.2856082378212297 0.5388301320017869 4973.164985149488 0.0001109689415363999 0.8838476327438857
1.207557817052356 0.5632736024603152 4399.423248080659 -0.00023265399424306652 0.4374227497456177
1.1419986698358848 0.6008425425504107 4552.9558039127205 4.79299640021851e-05 0.2569042171474715
1.5676914292821744 0.616165914796489 4633.055626953627 -0.0001329448731349936 0.6780247983156514
0.8933184715523282 0.5994803383815868 4660.179949050943 -0.0002453600019216527 0.24801225951798203
0.9065256026510844 0.5676832481157355 4215.8013229618955 0.0001054320950972849 0.25649547718435284
1.1094498128542822 0.6812825168690857 4781.240819883651 -0.0003244418458932689 0.2747980591925096
1.5273658813082331 0.5347751754584091 4142.72350889932 -0.0003398086532616838 0.6804410312238043
1.3870906935480403 0.6282699508682092 4614.0869150579565 -0.0014310359616592134 0.9049924352915127
0.9687092721240498 0.694586916332409 4705.925500656481 -0.00033577598113870974 0.2783410905386913
1.2925575237516942 0.6724029836448094 4574.536171426849 -0.0002225607370528917 0.9997924433386691
1.228024458323044 0.7354391113528782 4259.73187669234 -0.0004395373435900374 0.5211097087809706
1.1591949257455998 0.5209632942270683 4841.147255222309 -0.000283160664095186 0.3083127995487407
1.1211477304287045 0.5524814569806723 4070.9207886214353 -0.0001618777188698362 0.3232805406528309
1.3635245525139206 0.6775244252765802 4150.911853038914 -7.505028659658286e-05 0.9864748312619672
1.1357029255561988 0.5428799506664066 4141.0576143720955 -0.00027804589196187685 0.3353669243352167
1.3138205842758406 0.6705644284265857 4310.9482987618685 7.852813359223029e-05 0.7950398284883451
1.4497256650879489 0.5287479352031418 4064.173801056021 -0.0003794327708378937 0.8841126192380193
0.9690011666989347 0.6581227806002284 4933.640155917008 0.00023394405373567808 0.24460971959451677
1.5757773385836054 0.6447931171237377 4300.1844966967465 0.000646959336253342 0.7522888964658531
1.526526963003161 0.5833754092781427 4169.734118055938 0.00039053444623596696 0.9208336553941529
0.9756845801971505 0.7128689507807958 4777.174264612884 0.0003160053674198291 0.3055133299381336
1.4450384155976432 0.5351968537127539 4219.294230728335 -0.0006075405382385772 0.8915288046760576
1.4347538699097964 0.6708381382230936 4215.943323504259 -0.00014458313246665334 0.9459972743206168
1.1756572693750864 0.6296660128419657 4663.375157573118 -0.00025948457739824514 0.2896129031358784
1.2492138239073323 0.5957846454741257 4710.652942592251 0.0006161514939559561 0.47424466692526895
1.0086625075159992 0.5389515758771457 4485.3795151894055 6.408746805368817e-05 0.28422617186462873
1.2868267328526546 0.5061698129994938 4291.327098580035 0.0003589849756126693 0.7591982347320078
1.4376677934129152 0.5570886816732172 4168.745449909975 -0.0004576037433122332 0.6195864114265335
1.38982610968135 0.6411873489958431 4137.873776319807 0.0008864031170791606 0.8525025773020565
1.1119572081712379 0.673928230673137 4348.288253580544 0.00024600601002073094 0.3443984343317016
1.0810739945529406 0.6933768087442207 4187.347910786783 0.0005751277914290439 0.27060289571116947
1.407678607123926 0.5216159556231589 4427.390132894844 -0.0001584117520059773 0.7384942649676906
0.9045444884360689 0.5391095070432521 4684.662704124463 -0.000542065972859709 0.27403165896382425
1.1789869464385165 0.7213750497799973 4101.4599687657255 -0.00020534707778069878 0.36402276185260496
1.2138972506599095 0.5748151631345341 4133.674695254701 -5.859139504147406e-05 0.6013102926798127
1.2390020411323601 0.5162253495945922 4922.989382668046 0.000310809684771318 0.6432831584124588
1.347877522010025 0.5675818633518455 4346.13315388858 0.0006202360758140243 0.6499641487126602
1.3570377079883293 0.4969867181085591 3946.360903069821 0.00024864107582196553 0.7133323771072453
1.0033007095748878 0.565352427408307 4896.5956268485115 0.00021882104751626548 0.24965266459500968
1.2619862931692216 0.5433203405204792 4782.504038286567 -0.0004552303246682029 0.8069605975468402
1.2383971458101446 0.7432478605693273 4733.37803752049 0.00016583645627038152 0.4850192024894477
1.196980439277959 0.6334627922087408 4833.864181207868 -0.00039537340602489824 0.49941896583523326
1.2362735525310191 0.5274408935804558 4814.298808731736 -0.0002991675142841969 0.37584065010534673
1.1172508004895705 0.5234897084190742 4515.49762527876 -0.0004961700766094579 0.4852539235036216
1.1469994347756565 0.7386894164452379 4384.5225250185795 -0.0002832681775394714 0.3131128994724174
1.2270900726318361 0.5859829932451248 4574.97107899189 -0.00029783916163862115 0.44441115856170654
1.1893154393060263 0.7166755649685352 4152.183785429873 0.0005233108978729394 0.7674075839607135
0.8868279022126524 0.5753629384319102 4104.586752611715 0.00026163708659595274 0.2523410082648109
1.122587187591151 0.5367942483342385 4919.882000813393 0.0002177794248422505 0.2950728329375613
1.2302046989789335 0.5235609473459946 4809.043380569603 -0.00015093577758787594 0.8915305770906449
1.41245984307562 0.5837636869518184 4598.3367227687895 0.00011046100846335972 0.9536709004380428
1.2661064623199159 0.7263097485468202 4791.241805389321 0.0001384651087416232 0.6268008573253818
1.1813255025874136 0.4995547910389534 4629.751631164111 9.632753463775822e-05 0.5612132197097041
1.2145317877362511 0.6747859885730905 4457.147430616524 -0.00015679678447713856 0.671776600142101
1.2839204668998718 0.6716749891638756 4126.504867315292 2.65858031957386e-05 0.4979560375213623
1.0929605110827474 0.6891792349864543 4140.62367292869 -0.0002309955054893219 0.33931087134542837
1.3789357784320946 0.6005643027968399 4135.843728878939 0.0005243517236562171 0.8418306134594944
1.0910571236117084 0.6182959688958987 4802.594811243341 0.0004512847303059332 0.24441392784537613
1.2096666325104946 0.5940335816936774 4607.191420013212 -0.00020013131549497169 0.4138022975328739
1.2452963577453378 0.5347678464851123 4998.390980622369 -6.33847368509382e-05 0.6946145123315399
1.4538826567676564 0.5745694215829299 4424.820008544706 0.00011405034346517887 0.9646209445476273
1.3935276113584965 0.5933873523170299 4137.597555028269 -0.00011098950370023437 0.6335692817640449
1.2782372661625598 0.6636460643432586 4791.099728818876 -6.469477625526902e-05 0.7292154808970852
1.2569162775873686 0.6535238445663981 4177.89711242981 0.0005479522298573793 0.9222975500813756
1.3048757202022156 0.675124184881434 4725.155174026164 -0.0008030460653710309 0.7836551949122676
0.8841836951070747 0.5634891522667832 4737.997147591493 -0.0010736507523693244 0.29999483598761684
1.0799434787503972 0.5431063060674906 4970.633742918934 6.645621294123978e-05 0.268767917666851
1.1160049966542132 0.5300936418734854 4768.418263819989 -0.0003563330955624864 0.4000066703679206
1.2163136240687225 0.6791063921875866 4023.138152566544 -6.445483010818662e-05 0.35977594081393915
1.1861834739429882 0.729170892351185 4735.120223705 2.3754906405926162e-05 0.7404913442798866
1.4108174279375234 0.49410744383060823 4510.211932536386 -0.0002037305467277356 0.7676638513145159
1.3578359128124566 0.565040836884675 4483.575582919198 0.00010465281709689314 0.6148296559053363
1.1429963865888921 0.6674543573396264 4296.294939968991 -0.00038021409402953256 0.4082059137932552
1.110490191710646 0.7510479172743776 4863.924512672528 0.0002491371919370022 0.36740564952079957
0.9643676258666436 0.6377082640347821 4847.415903062332 0.00040312610820940657 0.24368031661133002
1.2669373539340278 0.5943365086193776 4152.615252796699 -0.0005512644623068271 0.8710005762452907
1.4157342672348023 0.533769890666008 4243.4985024333 -0.0001664187656472371 0.7151994109153748
1.180528939916539 0.4847579789213409 4463.882332210499 -0.0005175587727399626 0.6375611389445149
1.3396679579762036 0.5185657547737473 4053.9596543134044 0.0002454415617577265 0.7543732944527076
1.2257967634277565 0.514509281217767 4514.266219006065 0.00023385058244826588 0.6861454647792609
1.11890483433457 0.7126811502811925 3993.079534806948 2.3008176818731786e-05 0.27898989261886137
1.3042344129272276 0.6486931515338181 4098.904088927671 -0.00027470062685014927 0.6238969845427424
1.1832142597367428 0.6569808939292743 4912.731416731525 -0.00023728963445964252 0.6830621934818687
1.4837926382417943 0.6316636845064277 4143.700954185793 0.0004379177068798533 0.73339725035233
0.9821428823843997 0.5051804586324217 4605.1453888535825 -0.00010201952959876843 0.31612300037964347
1.4868549106825233 0.5016005239205787 4266.9599381157705 -0.0004667283989772778 0.772233207094227
1.245757787029076 0.5234249939095261 4867.798937937068 0.00019591307260353937 0.8566333293060464
1.356109665942214 0.7862647402883554 4526.75210167039 -0.00024482930753375395 0.99459461215975
1.517157368272997 0.5614698919966871 4657.199298849361 0.000620982479924712 0.9046521640757104
1.144714593887329 0.596461109817028 4818.59387665987 0.00026163277359988026 0.37626105546951294
1.1297807601088716 0.5114437226758565 4858.193237714522 0.000519953234901555 0.37947925027007445
1.433639561110203 0.5597753288952979 4264.131752992523 0.0008039517583268867 0.7119929359642663
0.9485908565083779 0.5458459094562399 4506.245255943953 0.0003747944588655614 0.3213259379957546
1.4595996691310327 0.5519529325708217 4588.9482341030225 -0.000315457471568744 0.5763917013027426
1.2449723112539164 0.5253237426742787 4378.851720262493 -0.00013570870531813136 0.71118189038923
1.3390358422533812 0.5721683675659162 4284.841088051739 0.0002095933314869671 0.8893540638147275
1.430283392265427 0.5988035859722438 4942.41525857194 0.0005120116227598966 0.7092398037275436
0.94988365074765 0.6505995715526629 4714.801340281724 -0.0003809959891416104 0.2744252980157241
1.3116471662044313 0.5337280215611787 4777.662477725287 -0.00024781607990668423 0.9314527165487402
1.2738990462357247 0.508091510656066 4286.584446392335 -0.000492659489416987 0.844685695455782
1.1259055998148186 0.7168185797313573 4538.088991725299 0.0003843566382790317 0.40483916363497197
1.2196453851557019 0.5753425275111401 4060.824568767585 -0.00037221526345649426 0.36221459731390115
1.048256841945288 0.619786782345877 4642.22443118013 0.00026481465203711076 0.3334630667591578
1.377886546602392 0.7107215530949569 4160.107389337348 0.0005733038177058912 0.8891509229360569
1.2390624377634982 0.4887320530303012 4678.834287133287 -0.0009494807179856059 0.7040907548591796
1.216513620317789 0.659833702671865 4823.0265931366475 -0.00011265221681180876 0.920265259594724
1.1111395836535123 0.5624583698797067 4639.732063729325 7.944646749696486e-05 0.2986714537631418
0.9092216696015563 0.5905134190330802 4187.268191383203 -0.00016476317711842882 0.2656845416627712
1.217101068372353 0.5937812121637427 4818.27625361446 -0.00026715736445636235 0.48551663279419044
1.2461856306160968 0.5395405008182796 4871.268120182762 2.296379702876177e-05 0.46736815830480805
1.120433479810572 0.5656627859801273 4322.230192498355 0.000192303572494325 0.3877259244290383
0.9329885268964502 0.5764546867641036 4288.514262109827 0.0012839990358214511 0.3067552106025973
1.20550547757914 0.6436354232973599 4495.172367751725 -0.00035823703570548373 0.47822303632825613
1.2246241706348981 0.6600684024888167 4746.9462111664925 -0.000492901472866636 0.7446681834377143
1.4038835277009398 0.5508585878951123 4492.444966491759 0.0006256465747675189 0.8711134135243144
1.409385117736707 0.591957746569539 4516.978155457567 0.0001800412739672459 0.6483887881022079
1.4298480174501322 0.5222550945871638 4390.362519980753 -7.104654965315141e-05 0.6658412548646024
1.5887120781273731 0.6053112768478106 4208.7367791572005 0.0008118782429925074 0.6812631160281923
1.3241747774663148 0.6252054620311495 4741.618788019121 -0.00012368010121849605 0.5631718558956131
1.1313512678304838 0.6075956270189827 4997.115210345176 -0.0006935003389531172 0.3700641268578695
1.2090612858106713 0.5496990616384928 4483.711019888956 -0.0004659581858840914 0.6536257239920804
1.335314726829529 0.5884440913796425 4672.728534936905 -0.00018083813940106535 0.9162266254425049
1.3859519627603145 0.5483412196842554 4511.613319864725 -9.945912997191574e-05 0.6730597595588497
1.0633591487888352 0.5820231374746176 4064.6069600544997 -0.00097453432253006 0.331421229100322
1.3778436034483499 0.5411157026520546 4193.949009121687 0.00023952138161442355 0.8595330118412665
1.3044672862712734 0.6251392264998779 4368.076127421008 -0.00038734116764847337 0.5530237172633816
1.4130885590629787 0.5861574177431019 3956.236926143076 0.0005195541024995901 0.899378656655882
1.2148531907442452 0.5071044722290763 4760.169638506838 -0.0006325074455937684 0.5820349173507923
1.340527936741363 0.5386312701051673 4911.774895927688 -0.0003681944901860266 0.5990706605377734
1.2373835427112452 0.526125726837075 4830.43768344686 -9.181359636689548e-05 0.8790528205096773
1.0855164163810642 0.7495144215460511 4489.115304785823 -7.59434096264668e-05 0.3493168007797348
1.4182447758347156 0.5280961393523629 4603.6436485483955 -2.5675068363379532e-06 0.7887890791817703
1.1083793463771012 0.742943331769209 4569.2309419383 -0.00018105372895905317 0.3187872993772236
1.1098996823970844 0.7285107607743282 4243.38231131284 0.0005244861240585518 0.31133026029713623
1.0829104523085114 0.734348723263516 4640.805195862379 0.0005065036587796029 0.3642488988838081
1.3345416305381366 0.5216105024223008 3941.43561154641 -0.0007178405405373569 0.745330952992431
1.4478061493725507 0.6312798704402143 4601.921994470867 9.151617997613156e-05 0.7747833493281422
0.8937848938675814 0.5931202943302545 4311.929676881777 -0.00017633944691155853 0.2730897118004488
1.2156394734523261 0.4900802070931294 4801.03168874544 2.3372536977613446e-05 0.6772207093112147
1.3045702908576668 0.5448627392505965 4470.573716497858 -0.00038444676966825576 0.6050848174792146
1.2483102070189616 0.7421184372089675 4676.0807891449 -0.00027486692379115644 0.6048056867317856
1.2327002507686957 0.6571995395954205 4518.93008547357 -0.0009429586927959716 0.6877318092295253
1.3565394629536898 0.6524122574578575 4115.7199522021465 -5.002205469813114e-05 0.904324981416387
1.1844920525097722 0.758201667880631 4704.416785986904 6.35823184931576e-05 0.3856281607884582
1.26955096099161 0.5254113571827423 4719.828230891393 -0.00046071395655838216 0.45339801363768734
1.4982793706426676 0.6167274606177451 4257.290230997546 -0.00032589669870862736 0.9527476370394349
1.306001381700633 0.5603149445017279 4200.8948967929255 -0.00015987449891634995 0.8603329660261015
1.3090256891210093 0.6992200974498577 4958.080036754327 0.00031609998893469626 0.4673380071231713
1.108852492058704 0.5896433964032445 4889.5818956041785 -0.00020767465154993548 0.2503557605144205
1.2048856636782737 0.5110332560084925 4705.142188714357 0.00015036870581714579 0.6191316116581004
1.0312313147113903 0.5314246538367831 4982.935202236672 8.879617672929001e-05 0.3274768396609563
0.8773511564705281 0.5298342390062185 4590.798625371581 0.0002482381098123084 0.3031246614161533
1.2383728068396989 0.6210299843081881 4936.695601276584 0.00040332013424582993 0.7334265231711397
1.2945939460904097 0.6249728333574309 3992.599811439614 -6.767637200352004e-05 0.4636776852500569
1.3744954438287307 0.5382549783590916 4269.987449237509 7.355712151543728e-05 0.9186707483585868
1.4732779105461926 0.6063625716852299 4366.878465244628 -0.0006804026422932998 0.6861194734034969
1.296327394389767 0.48816562471556785 4403.20805631615 -0.00012695600214928212 0.7615844828527206
1.3066266546000054 0.5700015466229861 4561.329174632545 0.00017472084526171973 0.616983575178067
1.245121590011686 0.5314338330488559 4579.168234806058 2.886300033851573e-05 0.828397118245319
1.433575826542239 0.5172297686131595 4238.7558068483495 0.0006937478544619197 0.743080821784027
1.1931343858873427 0.7548140219078576 4239.345903307838 0.0002568240213594693 0.38754098149667626
1.1010547887496382 0.5211212896584557 4834.304091922246 4.355909284487539e-05 0.39923476448897355
1.2166645646095278 0.5066199451684952 4949.180088758469 5.328210562928048e-05 0.48857563734054565
1.078627877102425 0.5228320211276114 4960.811618023717 -0.0002930404124932053 0.28883673508168217
1.1131325977923399 0.5927569353517493 4181.570217880989 -0.00037153030830508536 0.34178963797064565
1.0123514433312069 0.5855179727819868 4935.705985528995 -0.00016713465516461084 0.31725494854777275
1.5703329041080685 0.5636727829089796 4257.596780717041 -0.00029077497251601183 0.8172311673699293
0.9750024544089249 0.5792719527761101 4759.178867276341 0.0002579652615100581 0.2552154668397704
1.3769297267712526 0.603995233452298 4235.190092392292 8.073987253193258e-05 0.8249928882691735
1.4275090859643498 0.6432185841038077 4826.698704533902 -0.0004387441433485646 0.7469793054547855
0.8876097530001905 0.5706851002363875 4857.628124763562 -0.00027218764629420507 0.24888798468588658
0.9633928509929345 0.6690773141482462 4845.075562248621 -0.00036884583879504896 0.3024241640948071
1.0595783189613177 0.6992727997409153 4864.117361251012 -0.00012189738011645715 0.26889772145500257
1.408161614531747 0.6690768747932904 4428.328435248478 0.0005176141854322023 0.8007786075839771
1.5027427753911038 0.6872882279624198 4674.751645646747 -0.00019387668231829174 0.9340123860083658
1.2543334636789765 0.6551412998016075 4765.335216635776 5.30211153639084e-06 0.6519256700851662
1.2351863527750822 0.5263479842853793 4904.902234326712 -0.00046059069788033824 0.900379552695231
1.0584295559504409 0.706775122341212 4609.204221950296 0.0008317123652295896 0.3591114922108486
1.2743655477869642 0.5434224488674761 4767.305398459194 0.00052467323628811 0.53063561173059
1.4082993357816416 0.5412519192274781 4615.399879481787 -0.00030318096359335177 0.7146468040556011
1.5491160654618557 0.5866059876280019 4369.762795671896 0.000647169162708618 0.8781668857750676
1.3704823675765203 0.5302508147737937 4238.685393556663 -0.00041774972372592194 0.6960846617809443
1.2777311494570545 0.4901975683974925 4438.336885791719 -0.0011317695436847536 0.6582219522335178
1.2338793688330187 0.6732856439921837 3986.1780691579233 0.0006175037979806445 0.4560159341450839
1.110779472710954 0.7470585375484357 4354.83688413014 0.00041387813296920255 0.36673655433614083
0.9083268299304254 0.5688112634186603 4699.423042648162 0.0003733230302057785 0.2943270699134293
0.9735150726513019 0.5268911386723227 4617.659236406927 0.0001855370357813795 0.2974188885228378
1.4199302549398225 0.5466026544592603 4969.155976926121 -0.0005003474098715657 0.9026507260342961
1.1155597636217718 0.7191178034752861 4084.327341236963 4.5757937939905244e-05 0.3011566661746574
1.1938013397148022 0.5741663944900411 4726.443677666039 0.0005269899618389451 0.30108586512814245
1.2887493622364854 0.766389773779153 4496.925464334951 -7.61696452504734e-05 0.5244823587832792
1.2806915564434938 0.5816834428714585 4654.451304200555 -0.0006005237230772266 0.4981087991102936
1.160652618297759 0.5463782410105895 4642.486390294782 0.0004846180150445813 0.31391561889315256
1.3178698165779639 0.7152559692619761 4943.966529488539 -0.00011846781010447112 0.9220955859228379
1.1828102008869035 0.610107028324261 4757.713353429893 4.8593385735935815e-05 0.4031088077359034
1.1688075950365593 0.5295902733859579 4376.542836851328 0.0005897517266718906 0.47638677870647916
1.321162754025122 0.5753470520895612 4771.644132359764 -0.00041523707675065054 0.9014435637245255
1.399085319042206 0.5596645399928093 4043.21277487278 0.00033068859971352655 0.7488601207733154
1.21613819726258 0.5643934534262943 4958.917889069612 0.0006580118311347407 0.41965736808485676
1.3872160350432667 0.6249792723787315 4391.557748947019 -0.0005512865592734368 0.7414366237624443
1.1053648501287223 0.670014074186301 4271.215741765531 4.505404662104102e-05 0.26409804180009366
1.3982661815429223 0.5293838368983901 4052.734247916534 5.540469134412415e-05 0.8305993386428329
1.2909236224061167 0.49675474438764616 4957.565100865829 0.0006472336229084785 0.7414633786862206
1.5539257557228927 0.5045799864264648 3936.768016316082 0.00025527060868823197 0.8317270728455985
1.5455350214515096 0.6127523108489132 4221.070623641186 -0.00015562600271561025 0.9159748433682177
0.9722476337276471 0.6614900857981105 4541.424609925165 -0.0003962167544561077 0.30533044522127517
1.3738006527786641 0.5325286822738124 4957.864217454864 -0.0008314473675053796 0.9276613133660776
1.292785751323062 0.5633139513724581 4931.905786269294 -0.00041876889621475066 0.8756792377175946
1.0826231711773722 0.5769686891696831 4406.1330712615045 0.00016367135479716875 0.3813413355718839
1.205780458945617 0.7260932929765486 4470.446415707593 -0.0001994395781761735 0.32383495034972404
1.0698218554846681 0.7369272896165042 4498.057065784569 -0.0006098251319566961 0.33685760162394524
0.9518199313575546 0.5896306853757287 4989.700703544689 0.00015486990996534203 0.32310313733238344
0.8771875177851726 0.5773762287576537 4553.798334460073 -0.0002006632552630082 0.24184859845959558
1.2737698428194115 0.6499167881659349 4279.062695243763 -7.588873077538914e-06 0.4645499765290662
1.3544742585489278 0.6828946090673207 3985.659737991132 -7.79167579364489e-05 0.4833453004596464
1.3970837344599454 0.5558657600606819 4932.954061048492 -0.0005984859143997675 0.7767728392230984
1.2741632461921744 0.5840237529507745 4870.469646790141 -2.1576479597426715e-05 0.806949466830575
1.243571570994184 0.5444887159655107 4919.223114911281 0.0005303801435727352 0.693080145390922
0.9666674319838648 0.5584751455501479 4500.365238814045 -1.4839436375011012e-05 0.26370965292649556
1.2760000705718995 0.7445602938532829 4717.417410671711 0.00040347051972540763 0.3723173141479492
1.3744031211121643 0.564208153754436 4511.1551934063 0.0007672616701097168 0.9191853105462137
1.3474053336359408 0.6536647491873058 4038.7225506155805 -0.00014591862169306973 0.7779962604496202
1.114012199786218 0.5893037209624907 4267.854493571779 3.3816754615693964e-05 0.2736804985449286
1.2935314547854384 0.5268409918348604 4242.776450479061 -0.00035207044751911796 0.6823859068705505
1.0990184618182848 0.545344754878362 4927.674599402288 -0.0004663152719527888 0.3916699610163974
1.4579870524903997 0.6620501350719454 4941.557324825317 0.00013014149946310514 0.925927744737075
0.8779952746701534 0.5974161064082762 4377.096497410773 0.00014654747568204743 0.27852684255046395
1.231383309862467 0.5694078521473829 4285.632325470092 0.0007884516781556752 0.8234778356746475
1.2477087628367194 0.5713851492181854 4970.696418908811 5.9122914122092096e-05 0.454535600692608
1.0553959954409633 0.5343966308423571 4843.288765658559 -0.00024612960781008746 0.30068912750325966
1.3859600490510289 0.5802748031421678 4020.7645770252516 -0.0002692002312781053 0.9011788575495807
1.3053741542419908 0.6271107771527183 4713.6265709622885 -0.0007352902926883863 0.6132882596929403
1.3630317397386382 0.6185249172816125 4281.828413554865 -5.1996193728745734e-05 0.6521741370718049
0.8632346389829866 0.5998734860793651 4340.713508307959 -0.0009457005431306709 0.2570699680555558
1.2714575466338884 0.7585445350754692 4469.311280751965 0.0004532777697201325 0.4169074849862781
1.2761268964887764 0.5572619005196524 4793.700931222327 0.0003098857104502805 0.8465267113373126
1.1359971880912783 0.7305569797754288 4220.955988526344 1.1123386845124544e-05 0.35998260974884033
1.342792301967834 0.5728923961891239 4449.716796791622 -0.0006558651341133576 0.9120879707801869
1.4033858171359928 0.6875183682551778 4743.893468350589 6.225137161778312e-05 0.9884471956142409
1.0110228619683668 0.5695529561606716 4461.693278477022 0.00021008305471264356 0.27029339646296285
1.3486690237299146 0.6650304189299595 4649.859066700763 -0.0003899020319698623 0.9843171111682422
1.324022260492395 0.6659281608701729 4775.653998666142 0.0006044992093250844 0.8269082061240769
1.2137533532207527 0.737863414068717 4251.607004987248 7.727261199689367e-05 0.48032079348851175
1.351641676241751 0.5735560046427514 4743.938939802398 3.3976045778385715e-05 0.9297301026246445
1.0956722316514975 0.6879199946911854 4435.3581230830505 0.00019545162988389867 0.35611165754817437
1.3178861119194933 0.5143142819089848 4202.818350754478 -0.0003374557654566398 0.6602691660848975
1.2496066786644213 0.5227391128151846 4739.028177832774 0.00023969375056207614 0.6506118940416492
1.2267992500219687 0.5197022082216048 4981.226376796457 -0.0005348555141071481 0.5975845360696377
1.4457352876411091 0.5656533709469799 4454.148586159207 -0.0005171126602260428 0.8566313691887542
1.17637592166897 0.6629759635095815 4103.084055740222 -0.000277878494856644 0.42050193755821963
1.2366331787897342 0.5586403944440896 4236.871793892644 -0.0003998444363023956 0.41939993076172816
1.1768828072511859 0.5772714021253201 4979.353180223686 0.0004129400593140754 0.48992704135799986
1.1841312839793852 0.6407783222412523 4723.2098698877735 -0.00027667265034763425 0.3269976573506288
1.2755950632513289 0.5905533524717559 4165.067482106983 -0.00017037611265106718 0.3264205972257286
1.3886104430223658 0.5373993030056441 4558.59303172859 0.0002149988408188882 0.8503754840427887
1.2686128564426393 0.5998634642205712 4497.96786817103 -0.0002592403581893338 0.7626758684717162
1.3338945526675297 0.5178254649221978 4501.369210004258 -5.925342907733841e-05 0.8691877157999031
1.2924144613584976 0.6754930079130396 4271.43853883173 -0.0006550578863838955 0.5113742669890939
1.0297582507702994 0.6846519573058227 4686.383936970657 -7.646712778156511e-05 0.3264053428803164
0.8848261505401287 0.6285599233249866 4849.928554504749 -0.00027580645653623695 0.2647897296750916
1.3309929681747523 0.6517084215512196 4880.618123533936 -0.0004014820355581979 0.9453446381863755
1.2534801602363588 0.5239817202091217 4781.625048100948 -0.00014044177382256415 0.8263483047485352
1.094946502825078 0.6678831085609924 4134.176527260755 -0.0001669643193732646 0.32509802213237915
1.4560788097269874 0.6864007658953553 4196.290953295893 -0.00024560908213635434 0.9062042385644326
1.055394637017987 0.6890231087720622 4616.35978198266 -1.1805687620111337e-05 0.34960488798800665
1.2496432980276253 0.5083928048639887 4553.540749972675 -0.00015082432063995226 0.7276802391014204
1.2446501310852367 0.5744040036701648 4692.3989500912 5.924153460497611e-05 0.6259385078944084
1.357871500790691 0.5510233019818251 4684.597211749969 -0.0006432324895411508 0.8797636706022613
1.2995582602282736 0.6155932343188283 4344.000685163218 -7.680624501909313e-05 0.530605638858463
1.1311291917297455 0.6445343274352169 4889.677266561739 0.0001748698106468086 0.25971830727274753
1.0587624459959373 0.5554152824403826 4942.112006544806 -0.0003446923356412438 0.3331040161173384
0.9767293949977325 0.6307795672282158 4907.356535469017 -0.00029392521425798565 0.3095650292216614
0.9200922917043216 0.5915339109029158 4611.1904913381795 -0.0002682981077198015 0.26497755454431693
1.1574999167258444 0.5718399566622268 4760.196017028203 0.0009145142568765556 0.46986093886824565
1.153151621341179 0.6175499391729695 4901.848799873606 -0.000694399069133568 0.25251309487331897
1.352633393530762 0.64186978086106 4143.855290450006 -0.00040348270951862596 0.6889044330138318
1.370456626766623 0.5369015523065299 4492.776250212566 -0.0002564820874212562 0.6385096636072065
1.4664847719115648 0.6581000268422105 4065.7004673209826 -0.0001135258289091379 0.8116278049280086
1.2069864475671674 0.5569359244324689 4142.434721846334 -0.0002950309353670598 0.36218533301471034
1.388087501275773 0.6730436930871214 4607.194345513318 -0.0002535392597778588 0.767604154455999
0.9581893379000319 0.6023155786237846 4336.8976184057055 8.038449501845992e-05 0.25313315551449483
1.0238221407403039 0.5573958003598807 4137.372199032566 -0.00027623794355589914 0.30171931544559694
1.101711094379425 0.5952762216329575 4083.0387273430824 -0.00016026364817109458 0.34395503997802734
1.3639962220145803 0.6659425786003366 4415.1907106166955 0.0004632452251912011 0.8884593146769881
1.447421027787847 0.5832192769363403 4802.987168094208 -0.0008128992290775921 0.9673491588868917
1.1438785658745902 0.6697692705114442 4296.158147859517 9.806360624818734e-05 0.40595757310999403
1.4738384975058056 0.6672622530186039 4796.259344177289 -0.00024817060810985016 0.9111322030735514
1.1339013132197588 0.7421889117523037 4921.355093127265 0.00021338039340196248 0.31916378979406906
0.9210839892903756 0.5381418024181933 4933.598905987593 0.0002887748131694758 0.30905751331758613
1.3456242141823167 0.4883149838739343 4599.119065113365 0.0001221818473231743 0.6777875079831679
1.3146250420392471 0.6820159882298273 4813.4582365964925 0.0006063850250972378 0.6095480442962649
1.1394682785122723 0.7472216359989167 4300.458046178341 -0.00050499849885089 0.3389543939638146
1.1122670694629426 0.5572859406983852 4630.231446765284 -0.00019801594662813767 0.29208274253385424
0.9409749136958516 0.5800368948691699 4152.13218554797 0.0003157014405450926 0.29449262519445407
1.3956197252555804 0.6535432543811837 4182.282339697834 6.921666840693655e-05 0.9305946225009893
1.1665691181806992 0.5721727091862145 4263.786429396067 0.00045499741852824657 0.6017127544027381
1.3125640496852808 0.7043634175976955 4849.289516463388 -6.5472767891025574e-06 0.4500180931272473
1.437601950959269 0.5577377989465069 4615.026716533585 -0.00013204055716467143 0.9243528971959087
1.3155957687975084 0.5724682416994251 4296.890998912554 0.0003321832968824546 0.6398715063680334
1.4507902997428535 0.4979325395390686 4306.284047065049 -0.0001288367407153967 0.8941912415044462
0.910951320413258 0.5710147511397381 4643.476593054792 -0.0002572112151032242 0.2942228714556833
1.0660645277318643 0.655937881524141 4553.693647103206 -0.00016725237090635354 0.25316538672435795
1.2794727632311447 0.5409215922967372 4928.767837806085 0.00036016409148548184 0.6772560157156124
1.2853985195654567 0.5241747650959909 4676.520934407758 0.000367060645291151 0.6278567614497843
1.4346343802747152 0.6099647931410208 4481.663025819537 -0.00023217344772267527 0.8597322033295275
1.3446449379155 0.5671719068606931 4305.765388173613 2.1858983193111876e-05 0.5864616655881527
1.3977508663383316 0.6740786257236357 4089.672329912062 -0.0009460322167504451 0.967664101039384
1.4837204337120058 0.6040827482938766 4046.6502660512924 -0.0003228252951241329 0.6610193848609924
1.2328093439259034 0.5756891403062332 4564.189197280449 -0.00013196535361969063 0.3663088126888526
1.3268413648690978 0.5176588831404701 4550.763990738667 0.0001665275586377058 0.7142689906498592
0.965179894207434 0.6901177815678248 4995.106881722815 -0.00044345789687176194 0.29711422729803927
1.2440212502867676 0.7471807829608954 4549.5405700785395 -0.0006156389202343723 0.5680160879317938
0.9738103693516471 0.6822598712801162 4303.185245269067 0.00059187166036783 0.27216272826639093
1.2448331517356854 0.5264220596310587 4425.931150452769 -0.00023846797730526817 0.7030750715214025
1.189452224451185 0.5471806805978132 4012.102568957375 -0.00015031135155619312 0.456383679298087
1.1565951276431679 0.5408976180443552 4731.95326891089 0.00016779188659357084 0.4219284092985188
1.2625428318977356 0.6601145192980766 4363.033293664455 0.0006132145225469252 0.6596116423606873
1.4274113051022994 0.6395543450260692 4215.708662899616 4.8167115469091504e-05 0.7588091681584193
1.2262153811747198 0.6855148425866897 4515.4155326259215 -0.00046294288900344176 0.8710313713756332
1.3176316934774097 0.6694484208500744 4824.851353998817 0.0005419489771055116 0.7373829585564972
1.311719429305221 0.6191748198829095 4303.3323421755895 -0.00011520962030390727 0.9767779631745301
1.0155769505154535 0.5346652740840763 4424.145110250275 -0.0004400814911842208 0.3280731268013595
1.3559321092911114 0.6045453244517986 4722.8410320627245 6.878322735207328e-05 0.6468085977118344
1.4321010247677477 0.5509735938946465 4083.780108073975 0.00043223423334518696 0.6570891018525393
1.2614024620916964 0.5295732235669437 4891.609192003872 0.00036511804281952586 0.6763570400182566
1.1748009280188016 0.5217216548170366 4683.416182207289 -0.0001031428458630241 0.3917459927211203
1.1166236450168618 0.7055282421774742 4535.269984231516 9.468014542106336e-05 0.362507919385621
1.449694273410437 0.5821481322681041 4035.2824649654553 0.00010302157041544039 0.8435546529883718
1.3598722572991373 0.6782292088825727 4300.118525623305 -0.00043090428131239885 0.4662369321733176
1.1879126516087763 0.6354941691883229 4503.257417707298 0.0008130083626429233 0.34192295751074064
1.3484143503298638 0.6315142580470362 4506.398886692729 -8.815859252655114e-06 0.7019911402632146
1.1499241592257063 0.6800608675340182 4777.160214575728 6.84753507024299e-05 0.3882494514835947
0.9690000993112056 0.6482178472545289 4639.9316569363145 -8.86790127754495e-05 0.26292252247198583
1.3313046292197228 0.5486326334312379 4392.006516178781 2.666010522345362e-05 0.8965315683024504
1.2184439363949604 0.6157785613361063 4454.611846703255 -0.0006548172793038367 0.4558330967610296
1.338579581205344 0.6093603150498357 4452.306032731239 8.702301851410432e-05 0.688597260096103
1.6507253522619632 0.6160953012104067 4043.9364172214596 -0.00049535439417424 0.7976009327918188
1.3376570986325054 0.5634880115327482 4363.85239921494 -0.00021145584684921466 0.8263960564058435
1.2181939613816706 0.5417109961642161 4521.418370806702 0.0003930476829767568 0.5940292536177953
1.2967872214185938 0.6392187838791576 4649.795533364745 -8.448297951347336e-05 0.5517240446692145
1.535070489618132 0.611978880010709 4698.753200417979 0.0003528224978104886 0.8407465830311194
1.1653383519192937 0.5549200103438382 4141.713703776429 -0.00034338072352407286 0.332544185578595
1.1955491350419079 0.6532077673049512 4136.073796928467 -0.0006473134598206634 0.42637621304688067
1.3406391382217409 0.5893108919262886 4944.840598940849 0.0004320326539141446 0.8860708475112915
0.9041633056926894 0.5414512155279649 4368.665231539372 -0.00023601267183357357 0.2880585641970051
1.4053543727851718 0.5766906599994499 4666.445339034025 0.0001898020666539891 0.6732588192719609
1.1568694472312928 0.721455417573452 4498.85085940361 -0.00015374401901934007 0.4174375534057617
1.0873565407101105 0.5925362305897407 4340.311088340375 0.00010935618016163472 0.4040763834922838
0.8682525055838612 0.5751371828170003 4900.654503698393 -0.0002653885966589128 0.2662892797199626
1.2366629587682603 0.5651884446927509 4257.237844757401 -0.0006151158254889701 0.3042860191920258
1.5387359878415303 0.612585683413891 4526.0228946147745 -0.0008456724120625815 0.6886243883034278
1.1561394536170464 0.6267518646799157 4178.135535235258 0.000293603375842954 0.4033565733261085
1.256423380021496 0.5808891732211604 4982.3931623701965 -0.00039774170423238775 0.5739863529701972
1.2830490486626889 0.7192051321657983 4451.467935065472 0.00018027024501602392 0.9023146614822279
1.389718145953713 0.523004564854839 4519.556472318347 6.615754445979134e-05 0.8342443748652151
1.297970186749175 0.5515529778502433 4275.759363055309 -0.0006312917654647946 0.647199026843688
0.9603750453614843 0.616755951834343 3956.7013002708636 -3.167505805792992e-05 0.2554402559540771
1.142656856527449 0.5618111228573086 4479.241340817548 -0.00041870352668558103 0.2971821754024585
1.008613727866486 0.7119917334003143 4910.381997729742 -3.932713000054858e-05 0.3097676418467547
1.1126461744308473 0.6268837749958038 4852.601550400257 0.00038587143003926714 0.2520737648010254
1.2094537912681047 0.5856458436658061 4234.914842718474 0.00017394430045371994 0.34438838656258886
0.8953729797624284 0.539787435707955 4969.979914122336 0.0001354527441123832 0.25346384244777154
1.0906836369483273 0.5546525462237516 4242.647670177815 -0.0005149234381687859 0.30122288427634963
1.3231475491132882 0.5767266579241188 3926.49396072451 -7.874623348024503e-05 0.7151179628869325
0.9856105412397905 0.5300366263500071 4949.530335232822 -6.479063977063914e-05 0.2822662102524571
0.9914650333352665 0.6746848611056067 4566.745431846444 7.541521038679094e-06 0.28117811201236403
1.239384887619876 0.7607987504818052 4574.431794568956 0.0005003241149622067 0.8863126443939676
1.3056053914547419 0.5162494819245884 4909.41321057152 -0.0010876530094850515 0.7677057894036395
1.2426439237686102 0.5015201104601889 4904.934356977533 0.00020125355731715519 0.6634452107029887
1.0590458869427033 0.5384354691580631 4882.7645623286935 -0.0006300560267279887 0.27195536164871276
1.3207762213017307 0.4704467302204363 4489.6096802539505 0.00028015782736547535 0.8210778243761065
1.2680204587254096 0.5615641856730577 4959.981582847425 -0.00025208603944296354 0.5928582293011571
1.2776985194345318 0.5583201062839128 4183.192093919043 3.766273554623059e-05 0.8095692701184369
1.2465532574551494 0.5677563094623505 4894.316016251733 -0.00041327783971324667 0.608280858174954
1.2810047320196725 0.5592989712549651 4399.417313126421 0.00018850760825177485 0.7762909508825212
1.0518957216467282 0.555811057922727 4539.092539877432 -0.000321742249054695 0.2546814448141805
1.2938329703101388 0.6757815666543069 4037.9838459230705 0.00039485909056904175 0.5338619414951198
1.469777296154355 0.6205248800126493 4065.9062119927894 0.00045320449896821063 0.7178524335345078
1.2264453658119479 0.5471373949029666 4705.379202215738 0.00022669486206937584 0.5932370427154503
1.202732478171194 0.7660047498192153 4229.39734503121 -0.0001059121100016926 0.36758665938605595
0.93516480733151 0.5303895628500399 4902.410019275817 -0.0010604510418514715 0.31908387556705264
1.0961146680011455 0.5865393467350493 4346.3924787104515 1.5258107401726123e-06 0.31731818344011364
1.3999960943179617 0.6171019232152213 4857.376720009981 0.0007461537738353073 0.6938458467917485
1.2230319967318908 0.7361922012204718 4795.80036651553 0.00021833272264822534 0.9536975689301324
1.3720636274804376 0.5441273699462654 4530.924553136798 -0.00021092086420467388 0.8548344791134718
1.1120682776404318 0.5876477939522596 4814.91275263684 -0.00030504694086408375 0.3525500494983136
1.366880774397412 0.7002605847575388 4581.642997167478 -0.0005766731095254379 0.9504205339265941
1.3683860422606111 0.5163539334324441 4790.7531444028 -0.0003836224796302983 0.8987087390750645
1.3447836822923986 0.5504627005932188 4945.375753706992 0.00011223163752609702 0.6597505077421741
1.010351003489675 0.6662943003725855 4749.629950641915 -0.0004602670956594846 0.2774120654872863
1.4949525292420707 0.5555438566467815 4024.0693258956644 -0.000357255657091679 0.8888837483105632
1.0661833922704118 0.5936543046365486 4165.236218727805 7.778707743511829e-05 0.3232244266943103
0.9932620366713208 0.5469593863321176 4675.55363840454 5.7289310104016555e-05 0.30061765974621324
1.3417144378052186 0.6206707708461772 4665.410859785547 -1.7172386575317355e-05 0.9047992308094192
1.083502510187102 0.6628431059068571 4258.500323576178 0.00011208720693077197 0.3266510426955796
1.2862686511963406 0.6468769712361608 4178.882667153936 -0.0001346886450826784 0.7051681892065357
1.316174740860783 0.527610520471333 4087.8662146244847 -0.00021154494568198536 0.6966626668018517
1.3540953065574373 0.6204832700825943 4756.478443865303 -0.00010104218054369443 0.6127702561517442
1.468295116661045 0.5857516327525416 4202.459448302206 -0.0004592386567464533 0.8664489185721531
0.9877200708311857 0.6376518653491473 4485.000628141049 0.00017472449634167681 0.25502552278773377
1.0277062189673263 0.6252840777151095 4161.220198126494 -0.00015453556763464564 0.3057472645800691
1.2024184856243534 0.5011784466719398 4613.80878534035 0.0006942223673324299 0.6209763608372567
0.9577868609231873 0.5976287188621215 4095.936925566829 -0.00017585311183714367 0.24751509590983953
0.9580362950151524 0.6241546509597005 4535.151018253515 0.000140601769847081 0.2793774241452689
1.2545491305318228 0.5531882768428036 4376.83155400318 0.0005345453709773687 0.625357802975605
1.2223372216120114 0.5334667482451563 4900.131401822335 -6.345200234948335e-06 0.6009745106896147
1.372361903702565 0.5549158907286529 4037.7978878518115 0.00018927466102096395 0.6773744359375807
1.4430164675721695 0.6080530683914483 4964.699081336901 -0.000624839384254702 0.9782511504882672
1.3665342461232157 0.6639724276342347 4598.112399316746 -6.826659251145509e-05 0.8410640305767338
0.958566213805045 0.6244562291941853 4161.066811894818 -0.00014459994633211676 0.2765609861103115
1.0744460328701235 0.6999811400885518 4421.904577708194 -0.0004612304261241721 0.32323476591097927
1.1325734098746802 0.7135882642430704 3992.527400705781 -0.0006741706768182664 0.3398965130612478
1.1878057478156172 0.5490580914450829 4824.340317862301 0.0002086102350247309 0.48417915126878286
1.5547041348634156 0.6372524106422207 4597.273843132541 0.00017429207340252206 0.7432130161334315
1.1250557777753925 0.5567967350133864 4739.28912986672 -9.739020458350544e-05 0.3640331935820432
1.2620831959700376 0.5233570244391641 4701.424298391227 0.0002103484890580007 0.7916825568357042
1.57278780756416 0.6240577997490317 4023.462124218707 -0.0007348236353475582 0.7378913920544794
1.3371576425363494 0.6371208428700561 4638.327481000022 -7.704963716965357e-05 0.7221062777752589
1.046623020224464 0.681582368477898 4246.484615593304 0.00044024069121541347 0.32948686337218425
1.2318412191828936 0.5927698587402367 4965.506399083445 -0.00030377790751866593 0.7781930793223679
1.358719543940567 0.6137137819520639 4757.860693635757 0.00045063348179123227 0.6667776127380328
1.488262061982327 0.5870392867541496 4676.686801870859 0.00011502483725530628 0.6083917875498356
1.4258106059213618 0.6441592916660709 4536.403977581834 -0.00069329244150896 0.7018487395350059
1.1697239039606984 0.61628177462755 4612.013455139455 0.0010834086081678283 0.2702687153731768
1.0455904851251812 0.5915164522043367 4856.720150719494 0.00022881519097993924 0.2580992933947895
1.3262958559492675 0.532313186471858 4832.806255128042 -0.0003735595313575669 0.901238512139765
1.1998847260991559 0.7261339544730585 4764.938424305922 0.00011025237704594126 0.8890435491898903
1.160515996629352 0.6540193693692066 4954.231409580285 0.0002582629913686621 0.4232872838466194
1.2630618595387986 0.5585908360680663 4552.133685318459 6.618803142424749e-05 0.4632204983753831
1.1366300137649292 0.6410272542679136 4588.032119735994 0.00022866278376920627 0.37106592183883
1.4769051465843899 0.5668787524371341 4524.472182856543 0.0001822260936388039 0.9248580285606273
1.0371998543949945 0.6988590091095278 4290.0636490287525 9.553187868107746e-05 0.3242908905529156
1.3915543667394903 0.519298726917439 4655.041459704993 -5.618114925217276e-05 0.8781278135607455
1.3253077369727366 0.5447922000147067 4256.644963908587 0.00035373457019836056 0.6669214200216598
1.0041916513486682 0.5315174878588036 4512.292690196253 -0.00020043738172919836 0.29337760364527826
0.87230412682938 0.586574927985231 4322.80784417146 -0.0005134608377287402 0.2546898067380329
1.3551262818833003 0.49243475437754436 4522.8822316421165 -3.5327364597826616e-05 0.6715355887993586
1.2119941485128467 0.5202931009444238 4936.216669012876 -0.0005021419424781143 0.6934461717021205
1.2184957455315797 0.5514763031875675 4068.5690256197026 0.0006039693485149224 0.5397078405167012
1.3549100170114037 0.7518287607875291 4196.368189173027 -0.00011605940179172354 0.70727433694373
1.2963393317468286 0.5563568931010756 4714.865209638415 -5.029585439650656e-05 0.8255531959722048
1.2025417910586622 0.7761304809521904 4956.484216837412 0.0010646438464808649 0.501160433899535
1.4496064244961926 0.6497957196255277 4043.6079459224075 -0.0004425693099291845 0.7668543735190385
1.3142244101617446 0.6607103744036521 4874.928364716696 -0.00012436208088827965 0.7482496952019058
1.365745148738545 0.6686538432481188 4076.8301756547803 -7.100236502778057e-05 0.882459459639898
1.3579970271962902 0.5570344285178614 4483.478568220677 -0.000351439257313956 0.8584980024301959
1.3475412333372465 0.7388374007445659 4853.515477957044 -0.00027564065505564765 0.9592126775084588
1.2282732200854478 0.654572354905458 4878.856098141693 -0.0003284238033994149 0.4810681787786537
1.1294963187935418 0.5667401315160447 4507.543985407777 0.0003731443016138035 0.3468391949107645
1.220600088780723 0.6146961083603764 4995.728839126753 -0.00042470009279857505 0.7183586465092673
1.3132147644269603 0.5787483934896722 4332.807010218922 -0.00025984834346634106 0.8186525170321812
1.196188074500548 0.5324908511008335 4676.818454765728 -0.00018010611764316474 0.5123742134354596
1.2309983900999268 0.5954871099151284 4986.857497103603 -0.00029657304506712495 0.7228108404241458
1.2937372354098895 0.5298980004506408 4938.873068471255 -0.00023258226976367305 0.8340941140168541
1.0321684526807973 0.6373355789379069 4894.972471032697 0.0008043371032509698 0.2541851087230567
1.2102197777763304 0.5666982973067591 4060.146451433032 -0.00020122206670331857 0.3375051352902355
1.2381468209118203 0.5204687951551461 4812.08205997474 0.0005608292416409014 0.7040418819045939
1.1547961029568579 0.7101344275215788 4747.814836148222 0.00029175793400197983 0.35054291870785714
1.2609869409811374 0.6214466640580204 4398.461121686629 -0.00040620658760492847 0.45038179213376256
1.2578569370086707 0.5688757697057378 4585.360876675343 0.00012524199937438276 0.32706576477000926
1.3300610356729974 0.6502000466235971 4943.630561843654 -0.0005066566645220533 0.8497269554187687
1.2306274488889783 0.7289169025610738 4880.813000967582 -0.0002066870146194593 0.9709017969407006
1.0749208562761503 0.5520023935420654 4635.24555679358 0.0003585169659005209 0.3054693565543737
1.4189522822822367 0.5850477674907364 4346.53948766387 -4.049727186733546e-05 0.6624029045621175
1.271453846538666 0.5689158436957722 4834.303137746939 -0.0010133504844682055 0.8497192968626301
1.0569889597141338 0.5285191856641316 4859.382448359627 -0.0005911752039304982 0.2880327023298416
1.2911882163385662 0.4856951999083198 4652.0592782801605 0.00035855731764938413 0.8238469926339973
1.48431214666625 0.5650298942129133 4217.737522636232 -0.000968213474030846 0.7525928663856192
1.3153073540605356 0.7213825945180318 4914.558646187679 -0.0004744443538943821 0.9924907371397025
0.9589676481738663 0.6630169750694719 4574.644039093562 -0.0004613485287345171 0.2660904761590323
1.3310762352874659 0.7568677291810038 4142.428934471056 3.739322720424702e-05 0.8000122791373563
0.884983392065513 0.6295614677315843 4984.3339685108685 -7.468977169777487e-05 0.2531443279330127
1.2503173699836563 0.661818756534622 4438.672812966708 0.00037430718580753715 0.8108430741185393
1.2812930688430377 0.5733495108650448 4294.704626842895 -0.0011589776699302914 0.62846313282324
1.5017912520468724 0.6530837356968459 4083.919577791353 0.0004747973063027049 0.7847791399344142
1.520866943171791 0.5909997936764941 4255.344966332543 -0.00013423432013600506 0.6821575972006091
1.1657124119443998 0.5092410856185347 4489.402355082684 0.0005702901155215514 0.5862216394353861
1.4320091996298645 0.6116371610810749 4997.55976744844 -6.86534834054497e-05 0.9438626947744291
1.2464239467145828 0.6570623435917923 4986.64516821699 -0.00032678192359528765 0.7795999146549685
1.386326544785293 0.577663384519395 4726.987139891843 -0.00033127224510193253 0.6628922706458437
0.9278039224528327 0.5961355669952754 4970.940459102462 -0.0003732258618061993 0.2416261624748131
1.182308433139953 0.5558729500507907 3998.2661394248917 0.000560451386674644 0.370723476447515
1.3650953844657105 0.6289359194505405 4240.8180307654375 0.00024586616912559376 0.7271102796560044
1.3259661990006921 0.608798509629862 4879.640870820069 -7.511826888721133e-05 0.8731958421830047
1.2889475431011284 0.751560597597708 4987.072075530672 -0.0002520261880970249 0.37156091509016287
0.9581283044664903 0.5596621014928154 4698.46804155198 -8.986939085491761e-05 0.3195064911884137
1.261040523264941 0.5539186544993883 4567.803764805109 -0.0001095779742540155 0.8511147145466809
1.1077641451795124 0.6779602974810595 4848.20553202597 -0.00012426114790312274 0.2659870329268444
1.3846630007428788 0.6380403294543833 3992.2404210272166 0.000793431125582023 0.9841919642846436
1.2907708354339331 0.5632524556776438 4736.35382710684 -0.00020016814299433176 0.8664360761595069
1.330368345181943 0.6339872247765205 4846.621535844941 -0.0008857913398109641 0.922137242873543
1.2835843436404095 0.6439800008724503 4012.187985510839 9.284769930800148e-05 0.6629699998736835
1.316399341542629 0.7054448117178567 4982.117751957608 -0.0004174746363197864 0.9239221156875544
1.3661761416811808 0.6350717346421682 4615.728913206592 -0.0003645728676223371 0.8065248696759815
1.2878437487199135 0.7109396848626447 4098.396321798495 0.00026135705556465497 0.8205320081769842
1.2438692331314087 0.570697471499443 4883.778629601002 -2.4996340433448558e-05 0.8396353721618652
1.2457940158907896 0.6078751006880624 4928.917126171316 0.00037579337148379357 0.48284339048799296
1.2396741989863846 0.717615483529998 4700.290083655904 -9.514057093935158e-05 0.50739553589411
1.4391511945048157 0.5470829980195104 4243.923466961772 4.4627108962315426e-05 0.7370077831574735
1.034458794388149 0.5755374701748446 4615.68735581526 -0.0006933600494801264 0.2604231901695928
1.4334467906299921 0.655099511885847 4192.7648381481295 0.00014925508477645522 0.9588345639003477
1.1228266987506084 0.5445213747192208 4395.8866713955895 -4.439685000384441e-05 0.30398892552452483
1.2509335905333654 0.5547028865691489 4981.838559473337 -0.0006303305788325753 0.8474821963980708
1.2561915435127688 0.7390779340844328 4073.823048107205 -0.0001572254512050577 0.6139855692759442
1.2853930384365448 0.5534217463441147 4491.895361182556 -0.000627820314720789 0.5507761322123881
0.9145976434335286 0.5481935864264427 4967.615207336437 5.565099497423584e-05 0.2906703789143283
1.336621423414113 0.6871510571299085 4490.55308186335 -0.0003346059927967598 0.7373508551559986
1.127117671767667 0.6002078599280034 4638.646588105752 0.00034384993986616734 0.33767754905560315
1.321050886754707 0.6971549857870396 4365.130464480678 0.0005262927631798696 0.6659240008500177
1.3118378759064278 0.5338043629800937 4269.590080365669 5.819664404705475e-07 0.7394405157351865
1.2434390452890263 0.6681022213335747 4454.406629767716 0.0001284390009302293 0.5104486989061077
1.2125435426336004 0.6358555814325324 4137.47975918402 -6.719138380929809e-05 0.6076661409372635
1.5838931045580984 0.6612670756806451 4379.790919336272 -0.0004479448345288769 0.9740260526063271
1.4240941160895433 0.6470128633316459 4020.5112155037127 3.091560904364284e-05 0.9781381802465519
1.206288436102659 0.5536636405855928 4146.556336359617 -0.0006093224874712584 0.6301276926251673
1.3066604376956752 0.5823541493190957 4650.184800078544 -2.5791468092699094e-05 0.5623105296904158
1.2867755286047153 0.743913947868872 4571.961777541873 0.00014300065233639042 0.9696572208195742
1.2392433918938917 0.5423875204216162 4254.152897059059 -8.458885694347552e-06 0.7757113737422136
1.3149865609598481 0.6652144604005893 3936.3611003769247 -6.432545182140458e-05 0.3588145532554139
1.248562514781952 0.5395072028040886 4935.6718692183495 0.00011792295052264326 0.6808663010597229
1.148110359924912 0.583251568941105 4893.3063499835725 -0.0001254272923434109 0.33396903171641845
1.478788640056499 0.5601839150565643 4690.607077649219 0.00012193941152354114 0.8179266843173519
1.0262960258952307 0.5966836953133221 4826.008575125408 0.00021363013107099862 0.3273302161863222
1.348049369796216 0.6694142149349308 4095.61918509459 -3.0445930953495842e-05 0.8847746913107237
1.3745479185065563 0.6568792732397565 4750.924735703969 0.00029128978484212247 0.769552429074664
1.1879969047825603 0.5849345815312001 4995.262221639663 -6.021417003838836e-05 0.5938625950222198
1.1646177532730562 0.711253946526192 4017.468077955017 -0.0007907645093380724 0.3661840299936181
1.0655815193729747 0.5399216881318802 4788.4065145371105 -0.0009813443935045337 0.3542065329866866
0.9935854434967042 0.713779591023922 4676.4614261984825 0.0006333739537498872 0.3113864064216614
0.915287882908574 0.6084607294819224 4482.334774595486 6.261377272746344e-05 0.2722128957175464
1.0634387545167954 0.5759201904182324 4403.508506518358 -0.00052295174867756 0.3424948526045781
1.555377812602869 0.5603835816266706 4130.103328788264 0.001404104978511741 0.7543646349872826
1.4674547904654531 0.5358122414408591 4279.130900805802 -0.000550220194728928 0.6394814553098267
0.9864398037555667 0.6120235245396302 4685.239706866816 0.0004064035369845201 0.25072318062202353
1.417651045318507 0.6058244957994586 4434.7533802422495 -0.00037979342928076666 0.903060582466818
1.3119268476611015 0.6005419054984965 4251.337286828217 -8.971540369052867e-05 0.6412172143121126
1.2135247936045188 0.6051985992705303 4482.317006577248 -0.00044371773160814255 0.7829965929506342
1.2469321035633647 0.7060795832500881 4829.62484284828 0.0005907769876544835 0.7228340123009573
1.2906134670822225 0.541526107510073 4609.86209729879 0.0011053081920939858 0.6272808062493523
1.3847535315654436 0.6399410931822331 4743.299872943517 -0.0008158128381675594 0.7257626290873841
1.3908832649331608 0.6715486631552502 4468.583641343167 -0.0005900351214934076 0.6627757180440874
1.3320184687973224 0.5208909942439827 4382.064196101946 0.0002185148399280096 0.7376421494189463
1.266979278484748 0.5423594317172109 4976.20698923837 3.82362718051373e-05 0.6280734579887587
0.9835108730570045 0.6386978921746715 4160.1975244412615 0.00018518984157649907 0.2740102469964942
1.34226630961407 0.586737589492452 4415.592773578111 -0.0003441895055572637 0.5787748922129533
1.2367750609067112 0.5802454081294884 4310.1524932062985 -9.403893446793636e-05 0.7843310159861066
1.1476376731818405 0.5826386926106206 3926.628006664411 -0.00019738790228525336 0.29934297627397666
1.0571646919788988 0.6179481800269196 4875.92997600316 -8.942236691183831e-05 0.2541908086178394
1.3859124662016897 0.5159261111263398 4046.757140168299 -0.00012573257506061489 0.7545443298222416
1.235870273519656 0.7179204078826192 4327.687511205514 -0.00037650093823050733 0.5645121453321797
1.2682052254456746 0.6605688933679285 4281.508236708206 -0.0003160887880347483 0.3790847623268657
1.3574346287594539 0.5850655568160673 4770.646332524916 -0.00014342479069726224 0.7848924623406328
1.386578221318541 0.49681083813776944 4053.7631151300416 0.000884989976823855 0.7954745019525253
1.0261718159421749 0.6687574505994618 4486.613761060263 0.0002085581669918788 0.275188608955948
1.531725021760764 0.5231802287186269 3936.040143867927 0.00017371467524727742 0.7921389615774388
1.143621568415179 0.7112582826599583 4528.627574931106 -0.00028034922858317983 0.31287971404979076
1.3794753193855287 0.6267367005348206 4954.6660051345825 -0.0011727152508375267 0.7039174437522888
1.3423681295391514 0.6269099121472663 4822.5006485211115 -0.0004740096083580404 0.6580967008988376
1.374321734808003 0.5533696457297503 4624.063058504815 -0.00021773319529499004 0.7764774872410143
1.1990586212260932 0.6676156184044124 3934.3077099843426 1.7001124544931763e-05 0.3186793069469186
1.434617736097015 0.6670602091650182 4576.389676274172 0.00013598335937107115 0.9189246773248464
1.2388258967788586 0.6503481313463888 4521.27979455336 -0.00016794320717186773 0.493252893634043
1.4051875881790816 0.5891518995382041 3985.913292719929 0.00016382037681362293 0.550844845813873
1.2183249615714207 0.5281365362841245 4793.128400702973 8.581427739385108e-05 0.5687509912902791
1.4442918858814386 0.6231679463486921 4798.157073713138 -0.0004023768567271028 0.8829178912174851
1.2560319542884828 0.5279558598995209 4924.385559082031 7.012959631534421e-05 0.7182669639587402
1.137977176932185 0.7249144259687028 4197.404353433654 -0.0007206410530296014 0.3506153792545502
1.3401353715230724 0.7411635011058871 4776.659772525338 0.00020480284199469556 0.927814936826556
1.4417721462646376 0.5495213667373688 3942.2308313818326 0.0005913725459400475 0.7043955607590469
0.9474132001115174 0.6539872727147922 4734.9394547664615 -0.0002751481924105091 0.2602314431952426
1.3377957083524485 0.5333562870218742 4782.620805565663 -0.00043575784538241343 0.6194612212957016
1.277256336724351 0.5406286989753951 4757.153529611571 -0.00019265018992588962 0.8475889573594341
1.1852079339124124 0.5504073843792558 4787.332668051777 0.0002811372630263989 0.6917222629554511
1.1805046117391838 0.5827811885936394 4522.770001697976 -0.00022477425927987907 0.4477216452368059
1.0817391433152967 0.5663758839263133 4692.039967675226 0.0008176427213038229 0.3229179758237624
1.2796525734520807 0.6626956453230441 4746.694764533172 9.429452826592288e-05 0.7451796934037319
1.1956582480187057 0.6781913139410847 4102.321229778629 0.0006674491705770943 0.5772577767246628
1.1061802570481996 0.5756918503512145 4344.416936958091 -0.00020717434933053102 0.2513666737001647
1.3421321167808464 0.6575887348251339 4461.88217095335 0.0003973842156828841 0.9194086048036939
1.1686045544418473 0.5968466942586261 4060.03589467538 0.0011234313078025268 0.2702777927880738
1.281933456606556 0.6798575164895237 4261.171554570592 -0.00040182215761869005 0.6040964313689126
1.160685796884732 0.6634763569599509 4032.0020069110915 4.49773887698351e-05 0.34051035077386255
1.4948698475091367 0.5360595833271857 4424.184559214631 -0.00016704435380819743 0.8949149062733541
1.2033698957115861 0.5058446807466681 4829.181604394077 0.00010536255926055434 0.6792979583206415
1.4190487350607406 0.5186444868548052 4659.4115406914825 -0.00048017320503600377 0.818514246553697
1.1933003067970276 0.5516175329685211 4541.164611160755 0.0007356099391017261 0.6754094362258911
1.3471454007000379 0.5188991143671486 4843.299031831758 -0.0005387187779885274 0.7330552807759614
1.1742920683629468 0.7620795882248284 4872.355532029159 -0.0004224940914428883 0.39081264946421435
1.2057512760377922 0.6137072572700761 4773.90932402786 0.0003820985180899209 0.37146588247084794
1.3507825810582705 0.6753024023482566 4150.213645925196 -0.0005778784211667938 0.8835081713082393
1.0347632049451656 0.7014637857052334 4755.894279356916 0.0005161125694283986 0.30127465119882746
1.3087694721274312 0.6728320528592475 4438.038088899147 0.0001182668595260527 0.804185752513812
1.0535069055267323 0.6163696022290743 4673.120225520329 0.00015997650069471007 0.3324150999517026
1.1158819557441613 0.6401918935275948 4101.72157696293 -4.2691271270073246e-05 0.3222470305819387
1.3402616352294037 0.5547327765081658 4135.962744648599 -0.0002365346982103201 0.6084507818338828
1.1518007718530259 0.7151413414592651 4236.4624525709605 -0.00015706951107087485 0.29173912603032764
1.454076684330024 0.6208198508404918 4122.262890877966 -0.0002372495688904623 0.7091190148190893
1.3058273477360696 0.49395584887548544 4874.129493653051 -0.0005486149335506665 0.8029897150431315
1.06217442715534 0.6102144460929158 4936.515779843338 0.0003019367750763516 0.3452961740208666
1.3972870520596463 0.5514585078307799 4503.341648706479 0.0005410710175392515 0.8650074152814283
1.2563966648588432 0.4726453360071269 4687.98420020707 -0.0002999626653595538 0.7075480931467704
1.3140359122801626 0.5506420914296914 4814.1950765318825 0.0002298803350270884 0.5636300640846483
0.9711720832679358 0.602012066006039 4804.633595289313 -0.00042854525466796094 0.31988447068014775
1.2404687603900144 0.6717744472768797 4629.536182408918 1.89384834586719e-05 0.791241649641335
1.155407437443849 0.6640071759039685 4336.443741459862 -0.0008277905346566428 0.4445421089392581
1.3516022147383506 0.5351510303574687 4257.1659879986055 -0.0005476190624670555 0.7245906316648185
1.3982639376122488 0.6601990596191962 4882.425192375484 -0.00024315791888365228 0.938088329848582
1.2009198725907755 0.5599649777004512 4068.4904441832596 0.000225438762195608 0.46777532205828753
1.1514966814482854 0.5196870400711576 4886.499386551277 -0.000402534103128491 0.49728610713665927
1.504381103828206 0.5888160938585654 3986.128134200814 0.0009017670756496357 0.6532663349396263
1.341212914630343 0.5548482955638692 4840.631826771775 -0.0006083220973285295 0.8106865291644052
1.4864392635542956 0.6129544324154952 4589.504331504024 0.00033246919415969733 0.7435978895737235
1.4903324957731015 0.6795372003301291 4871.540875475419 0.0001751372418556289 0.9592495909092377
1.1657265945645776 0.6348534923681692 4965.255407276521 0.00011964293420973133 0.35442085578585547
1.3285437579933506 0.5518506723761314 4380.757779583577 0.0008336876696014987 0.6903294878093973
1.2998267572386293 0.5827594759846934 4641.958120432331 0.0001368637867671491 0.8055991967592719
0.875832012514036 0.5204491348481823 4992.286338455284 0.00021949570784043215 0.2730436164468577
1.3330382013429536 0.6439246096026969 3981.54394902959 0.0007137169970317201 0.7311509693542755
1.401687857243071 0.6218327306428362 4295.438759805261 0.00022018466202669524 0.8968466252112036
1.3247118205302462 0.590187162117196 4822.81769282408 -0.0001216198632464315 0.6169012748625496
1.0384117220726332 0.5684510731673174 4311.7550649388395 -0.0003267683808661912 0.2676236364566848
1.508068370869857 0.6076213715792044 4604.907033862983 0.00029999165725681527 0.669513661786415
1.2922649921998088 0.6102626309178539 4342.247340496283 0.00031266282472833094 0.645767291297376
1.4458099486747313 0.587139554545238 4651.249035053874 0.0003620648025856096 0.6667571658689108
0.8844494495686346 0.6457815636802375 4823.730034949386 0.0003405113947039051 0.2731149369201102
1.2069793742857813 0.6984575731902662 4840.6371793636 -0.00033673154565895427 0.386452712358175
1.0472018618372103 0.7131246868829367 4886.042410231328 -0.00010143304470674379 0.34183180811119385
0.9551533527712198 0.5992068595909881 4316.201010912894 0.0002829732179892467 0.2547814192863249
1.3067505860983202 0.6134282046844118 4792.538255421258 -7.923887307641924e-05 0.6539326865269954
1.1723315842609383 0.5652331531414916 4668.210036565674 0.0005933130369797227 0.3023239542545736
0.9860201993205986 0.552729250878156 4420.378616810054 -0.00040377416480740804 0.2685047186821473
1.2625307963461576 0.715399517428488 4983.074844859669 -9.135662821745696e-05 0.6679295325482947
1.35014885698246 0.6689179691481135 4415.32965086051 2.7947242778628478e-05 0.5873355726597809
1.228164492635139 0.6920845460651965 4647.918323133679 0.00028802076820407885 0.4971133940916133
1.1469347126404696 0.5613762178609776 4860.534190946957 -2.2757008318657374e-05 0.4375113652622793
1.162108404470702 0.5477014308586771 4186.892786027824 6.537391852692179e-05 0.4433731318422864
1.3789717150781797 0.7384044319603806 4636.599502467911 0.00019704392754224106 0.9500133240401605
1.5492101038955235 0.6554565546310905 4039.831146966477 0.00013864054490159033 0.8062280831025613
1.3637324328447622 0.5608340585200379 4212.6171025219255 -0.0009366302964875164 0.6296119475006399
1.2259225406093557 0.5499930365237574 4808.75346652213 0.0005008099681903196 0.6167152692467757
1.1480399704739315 0.7385529517516085 4242.262408346898 0.0003892838575919113 0.34864267986980974
1.4726030670057382 0.5545099504399225 4717.339685237961 5.012860653766386e-06 0.8050769175864315
1.3891429663829058 0.4949700365733104 4248.474151444948 -0.0006658562349816596 0.7297066692335559
1.2192615161735127 0.638430983025857 4811.353453640056 0.0006277640968691842 0.3984231081397223
1.0890019668023696 0.5405391280432009 4642.322769365201 9.327071258726348e-05 0.3022745733056046
1.4296696089962437 0.5428566564044093 4366.121210013933 -3.4505859632874204e-05 0.8769090684108906
1.0023184326850063 0.6574531740469851 4533.975096577711 -0.00017426279490860252 0.31169101071833466
1.1995781083779415 0.5608481202247491 4376.919490933226 0.0005285549164874349 0.5144996489716535
1.0664268052633987 0.576743927928258 4871.903552639227 -0.0005297039511582267 0.32928868208061873
1.0913718119439078 0.6545597352462239 4514.735868583763 -0.00024510199409877943 0.27596344535037254
1.3908929859993702 0.5716976899359383 4470.430130706511 0.0003542529304697615 0.8235455155850075
1.2626599047029128 0.5287680644588411 4182.316323838441 0.0001263544331685311 0.6484703917869058
1.2614314341672968 0.5327196737568711 4601.0804253006845 -0.0001429787344948541 0.8238867766325086
1.3678579527000434 0.5734188256992082 4546.120384378417 0.00013310462486460122 0.9186004385749065
1.2817560342162029 0.5593686257004549 4643.831154272956 -0.00043311058850558796 0.4319828485875506
1.282719917218161 0.661489616981031 4943.594254680208 -6.772839957638794e-05 0.6113966726954263
0.978696996751507 0.5304201686754216 4859.080126938994 5.273291024016118e-05 0.2922129013784723
1.1989518097213971 0.5586089043859079 4833.547232439848 -0.00017310734426336283 0.5353388562856175
1.0586755548759688 0.6637795363198726 4734.73963189073 -7.844627219068265e-06 0.3240045122200073
1.407850376968483 0.5945870298899538 4804.942356250049 0.0005541610146826962 0.9433651954472397
1.3733906905595152 0.6442145671930541 4755.862249954008 7.18880204305911e-05 0.7520853397282935
1.2193216562271119 0.5517254918813705 4640.092638373375 0.00043483800265207973 0.6440809965133667
1.2508128620519314 0.5649383077050878 4744.12764692323 -0.000507311464057309 0.7996649792863985
0.9893677849632239 0.5963273716977345 4623.281344958194 -0.0004836566165442788 0.2512688426557881
1.359508308007467 0.7371320615308763 4773.313507285966 -0.0002931831301572767 0.8458212197946855
1.1121451372474522 0.6472515024029035 4613.389470193154 -3.8517535891976116e-05 0.281219622526008
1.387061417714154 0.6414032410394864 3942.669735232714 0.0003357648266927105 0.8568373218614143
1.4103652501078914 0.6426062107258926 4168.376378116249 -0.0004106836252406932 0.9493455791074712
1.368873456761722 0.5331828666832461 4191.232825878076 0.00011461729498844082 0.7378298140692885
1.2289620683106781 0.48522365382662036 4764.66263880814 0.0006130654182329062 0.7742129162215817
1.1822464445605247 0.5609172243591247 4820.308001727778 0.00028374728084936676 0.555417396014241
1.2764726491801441 0.6459927138413201 4949.868342023741 0.0002504768880067755 0.7045259435656263
1.489673486589434 0.5731343953050871 4379.876685103129 -0.00015714901842024887 0.9356046988416548
1.1512778657231546 0.6903123783536115 4706.7975204853365 0.00024831640122503545 0.35414102227866795
1.134078351477906 0.6469482194941725 4797.113289860941 2.026407906154335e-05 0.3784459063861545
0.8703441734372621 0.5779360680073502 4249.826062140124 0.000229026316217157 0.26571478831030354
1.3503873806817874 0.6481915899203438 4767.659038767138 0.0004255591429058908 0.9854175977891948
1.2648460273961155 0.7757469942523374 4440.937050221938 0.0007673410674678418 0.6163472292582705
1.3888897488096954 0.5235403695512413 4240.793354569653 -0.0006004860068574645 0.6582950726795844
1.4395557957251057 0.6274744912594451 4716.384776004161 0.00045156501697377066 0.7364142916855738
1.4276721000671388 0.6058945804834366 4414.946802914143 0.0003540244486345064 0.7587740421295166
1.3914843490963251 0.7297972777602152 4635.720328182204 -0.00020119329243323026 0.8960283456301845
1.270353145375941 0.5203593919335572 4491.76928739385 0.00038973839377836765 0.6143471806975243
1.3216189196763681 0.5433691513481684 4834.586445408864 0.00043616274880025143 0.7933566928337866
1.2779385959834708 0.5212727883917534 4900.318698373435 0.00026558524083229094 0.7635310808512292
0.9867663358079126 0.6593782330877764 4311.331542944869 -0.0002877344580027259 0.26703537144236206
1.4560460484203341 0.6143888944667417 4470.085010596043 -0.0001360152613556816 0.7171263833453423
1.1057342032801774 0.6400257023628672 4103.0997245325 -5.786821893637104e-05 0.3250730291020636
1.3213007161901835 0.7852191636344884 4526.537119712272 0.00018904427122420613 0.6339374060577119
1.2271171845264373 0.4931914687652712 4687.977156679909 9.839939683355671e-05 0.6948199181155206
1.3697833312113619 0.7544280001291586 4615.617013074724 -4.683637129349068e-05 0.9909185972779561
1.3241703759538885 0.7202396238968188 4566.220340343519 0.000397846438780238 0.4986102007268514
1.293302697421964 0.5901947468850401 4701.393600088544 0.0003147971303138846 0.6692408947493007
1.3305238748212216 0.5262725089170444 4138.880210007197 -0.0004684944869721677 0.8107925896148505
1.275338434505418 0.6697320305755409 4354.500673631652 0.00045211102691230604 0.8225432093004159
1.2154365928771995 0.5501063074231813 4988.302964076589 -0.00037114770191033086 0.5644707549589851
1.237359736689935 0.5777848407097255 4112.843336912523 0.0006107720934574766 0.34407212744640037
1.1665479049955365 0.5108096516376366 4764.346937950882 -1.1650734419367011e-05 0.6640482187272507
1.0145212935148673 0.5746101439173215 4751.927569761182 -0.00029065418742716184 0.32107090344505124
1.0625411564141798 0.6381241581394752 4238.424533114603 -1.7203925693331926e-05 0.30529313158423077
1.2253572808015565 0.5327661527273785 4406.991229321821 0.00010004049889825345 0.6983655053469924
1.109965431639385 0.5185021126408405 4539.010312456816 -1.8500695043075498e-05 0.3341457924351862
1.2201957368961711 0.5333371210851733 4911.991575707139 -9.636336909777426e-05 0.5074155884839844
0.92709711622405 0.5766421944198137 4707.785305292727 -0.00021934900533051134 0.29527600198499787
1.2336072264873663 0.5035596415162154 4681.73744499122 8.60364724540013e-05 0.6984589283228778
1.2283569498357534 0.5209768523596795 4792.599623287208 0.00011987077269123157 0.7129359641298626
1.3257138396521233 0.5189572209894513 4533.164079342912 0.00015287782479003604 0.8194577384045574
1.3484466664799348 0.518646705332479 4600.887825338962 -0.0001348189860813475 0.6789184175388588
1.0182366259106606 0.5707853456956796 4224.9790576137475 0.00013303840559833943 0.2635064907300652
1.4372449878762952 0.6093881054414081 4084.9229244867083 0.00032015940781685573 0.7911490290096918
1.316276134251541 0.7058904004196401 4083.093187028977 -0.00044418680353716606 0.5051232989637194
1.2882831432081314 0.49319376176985136 4771.427661216861 -0.0003683364348617691 0.7802292761782677
1.3663268113468154 0.5234596120295235 4565.319336392291 0.0007561489821282556 0.7847134323243484
1.285669641514908 0.7380308089684109 4914.4565034532025 -0.00020089793793120757 0.7275282471472384
1.2428359168941105 0.6685536917835246 4060.96646884465 -0.00027569977959275235 0.3599868908168671
1.0064984498120242 0.6965857817180132 4449.898847101531 -0.0006558198457880998 0.29086546331316776
1.2144691100543925 0.7005805432849324 4927.644510643828 -0.00026206924671396884 0.48440376525133944
1.3189862798674692 0.5447800093544231 4897.125846181223 -0.00014945136686646688 0.6082181000109275
1.2168634656960908 0.7419514472290414 4395.6349442074925 -0.0005517833038695045 0.3577259517537814
1.2765627915784146 0.573446429150721 4639.450980952027 -0.000198024142010664 0.5769553998688215
1.052384714767427 0.5945710851266518 4929.132535436437 -0.0002647034404173204 0.2610305864192205
1.2478473066021751 0.5517633834867552 4368.915630355527 -5.250135864655877e-05 0.5708659161661321
1.010407523673902 0.6702083288017513 4178.034640218922 0.0003434478999164878 0.2936272170272615
1.4295283794616356 0.6268104101846984 4421.430851770852 -0.0005248346216398792 0.9605981549462074
0.9705882413784237 0.5870211765092026 4402.304203352948 1.2102694736406496e-05 0.2939882926239432
1.3888671646114168 0.6418072467274676 4704.570660150095 3.113795315419642e-06 0.9791161795813237
1.0960992244773964 0.58318443193921 4939.1712653190525 0.0002095012797948673 0.26060530348541244
1.3963140219602905 0.5480291708539258 4933.940379380426 0.0004514550479340188 0.8838827217744498
1.2038011045038322 0.7123018751880235 4990.0470859012 -0.00016795567529665222 0.4780505082778109
1.4144424961139284 0.5680859238616005 4469.836697493664 -5.9580359084952706e-05 0.8590339102128339
1.3256870464017219 0.5955968677116898 4103.970687184529 -0.00010409963156578968 0.6701640794213091
1.5111857775221411 0.5753739874881548 4304.881462865178 -8.719083672655906e-05 0.7255827080490823
1.345303543555032 0.5978454510901332 4311.60762628091 0.0002450914016014414 0.6589610744724957
1.3150698964938492 0.5880046119700877 4891.682444232993 0.00032165234358098817 0.5780034937275944
1.285069049729733 0.5476374094617137 4576.868715197534 -0.0007208041844656055 0.6780571404443669
1.311200761186095 0.516991597524769 4683.156553145875 -9.097271390091264e-05 0.7079397567641079
1.0972676460395292 0.6073619367081757 4732.587581677004 -0.0004716965090144325 0.34406221355522254
1.0210428452803235 0.644053020650438 4096.584110088592 -4.478631314399317e-05 0.2945511985109761
1.3535858850255211 0.525670250432978 4865.636304026388 0.00031546291770938903 0.8171270493112599
1.0523287284254832 0.689056238522209 4568.017950006361 -0.0005360499381421788 0.2753585922993287
1.149063201865188 0.6182738640315091 4486.516214849505 -0.0006472811053932759 0.29537990139757797
1.342008993708352 0.763394414488249 4413.9996082954785 -8.696961176202156e-05 0.7879301422926824
1.2343828598380784 0.5576360505060631 4939.886059558995 -5.1558622870048924e-05 0.4453859043846029
1.1862104486651455 0.706463481957462 4448.756785660436 0.00044214130859189933 0.3874004816967793
0.9669223980783168 0.5706071198396185 4641.072774348441 6.782721262723568e-05 0.3028218821690932
1.2703965229354195 0.5385188709010699 4927.803501150629 0.0003189460661402595 0.6423243407172732
1.3117099488825463 0.5431336357786779 4593.438772290616 -0.000504289544076111 0.5780065900225098
1.222283999886214 0.5071152077749833 4837.335091075584 -0.00032498748400174645 0.6259186895679016
1.342382479443542 0.5862015316558388 4096.577315710153 0.000902490380245072 0.4898900543344996
1.3151403608448409 0.6466526710267176 4307.55523477771 0.0004877679999615893 0.8571301317491369
1.3062778855032056 0.7105070445717798 4230.552830548305 -0.0005375508598192651 0.7654522374544444
1.108086469540568 0.555621287331276 4559.557288326644 -0.0008807781970512089 0.3705340137757114
0.9055177390740264 0.5604383197959916 4743.202068088334 -0.0005566492847505684 0.2939579867605201
1.3762189123782367 0.5557409250799599 4814.33820157106 0.0008330401863697614 0.8712911645939605
1.4182909224155111 0.5804801287901697 4864.632628513781 -2.3979436286261593e-05 0.6800410991031896
1.40616467094535 0.5913065793149492 4189.073286134993 -0.00031571999438122336 0.6686349567837744
0.9783808861748258 0.6059402890006693 4234.2845381493225 -0.0006927188768183548 0.26113465361282207
1.352108244608111 0.5772264260039133 4189.890031610048 -0.00032814778926074415 0.6067134751353186
1.240453798075191 0.5135718634410736 4967.25890282042 0.0005321678731203412 0.7217799938174178
1.035039777002532 0.6320807016456379 4957.36581616514 -4.710817275389582e-05 0.3230718014438812
1.2525466735662292 0.7416722523635186 4549.4963990932565 -3.103336406793022e-05 0.5629612739494962
1.297938689041417 0.543130325191997 4837.178728974217 5.227483915003814e-06 0.8721320527312009
1.0355776985497305 0.6264120234016733 4513.489219428641 -3.24669266894112e-05 0.29171040039226903
1.445306676296657 0.6082172795494096 4821.027555795166 -0.00043444057288004805 0.9098502070222421
1.1936314742569711 0.6114879162550488 4441.328566829718 9.573350151827357e-05 0.38284175769467926
1.3365523355977422 0.5279650023513023 4910.645231936156 0.0004900235300297897 0.6356412071291226
1.3395715093302387 0.6428434688644769 4967.542038171733 -0.0004969034800651026 0.8966919460737285
1.340909348566063 0.7169909572711606 4100.629173193819 -0.0002853610398116841 0.6734498330026
1.4068357508837772 0.6155044658125179 4492.446603171052 0.0007955795787613702 0.6543867020557299
1.3004199007143777 0.5441792372844443 4704.128242705515 -0.0004508364659495237 0.6369334781060487
1.16793878494502 0.7422859550796085 4874.899251231022 1.2663925758710073e-05 0.39774445098069733
1.266523784012592 0.647421858542396 4995.480223193441 -0.00025838036869082483 0.9117401166881682
1.4033087138315734 0.6134643269995436 4098.138578390529 -0.00142673740978419 0.8612841947344849
1.0668526895360295 0.6456168418284021 4327.533661881403 -0.00043637625882163 0.265784271911817
1.0501361946929002 0.7008696011342794 4789.339011158593 0.00025715552606419976 0.31889943124626513
1.3692073949894938 0.6605402794115528 4974.122836228505 0.00044817175025382947 0.8064822405021145
1.4746339718638775 0.5938358844639796 4865.9961525499275 0.0002994112445118101 0.6451315967681208
1.3645125513582665 0.6027602644411617 4100.600108444836 -9.80732916610435e-05 0.7320875675347976
1.3049812465407173 0.5767046438619835 4386.088601752084 -0.0003479058091254077 0.665981538390638
1.285409945072399 0.6128020938122466 4963.5473275647855 -0.0006293632003272877 0.612359718043191
1.1828706256294454 0.5888478462744284 4173.028217476794 0.0005437513779370251 0.5589297983159173
1.239039641085274 0.5782360862846613 4859.942447563686 -0.0001165073827164885 0.6626419939542014
1.3778230769206363 0.6029772273811238 4135.459251036932 -0.0007765485505254397 0.7930633150758245
1.2738534339792251 0.5269818562158913 4777.310770322285 0.00020310865668727882 0.6230615623394189
1.2817576957125378 0.6611372608217625 4896.7020246192515 0.0003188583762883309 0.6899823631770363
1.0043331218312823 0.6998069805343299 4829.859358556694 3.251860172182273e-06 0.3125310097280152
1.3106045815564105 0.713401984316796 4107.440192296652 -0.00048219344376168165 0.5871998567881551
1.4107406847704658 0.6746600193128656 4802.6071448036 0.00035885122239656816 0.788075253090214
1.2069874992826535 0.6945291615203437 4437.900863233462 -0.00027387364500978283 0.8458146174966423
1.135295628972178 0.5155471086105315 4740.992322171139 -0.00023599688152110728 0.42923886912230236
1.324272986652969 0.6333761022743448 4484.30808983132 -0.0003600477443683102 0.9262720658857935
1.3463716039540845 0.6164042829717467 4093.4184488288915 0.0003133284823317452 0.5896929021834507
0.9101130587695128 0.5505830065251363 4995.685827730238 0.00014541853368700488 0.2750070594802289
1.343823701936215 0.661548730318554 4469.997260349081 0.0007534635977740416 0.7313650561366383
1.3779296614965668 0.5172017158312137 4454.849600237479 0.000681115895700622 0.8452198263068499
1.197746184559286 0.7433170366104616 4817.597533793259 0.0007550680001316472 0.4703860434534176
1.378027622246985 0.621446039598681 4742.928156181111 -0.00040838405929390965 0.7065128116382462
1.1422686611655877 0.6608488236646733 3981.9130521794486 -0.0007713266290703337 0.28411926853146113
1.202797811777992 0.6760813419178194 4421.253213797217 -0.0005283202156402703 0.38806777305608076
1.2376863080475535 0.5783716408715037 4813.79752547761 -0.0003425828799819834 0.38758350105343264
1.4890930869447176 0.6420320543633695 4901.640906044435 7.716794032515131e-05 0.86069363010312
0.9887237801004654 0.6573161901113369 4944.674553696185 0.00034167148240988313 0.257539969719065
1.26586484752678 0.6395709972887622 4548.659558500989 -0.0002800306712967638 0.723048272997044
1.2401238211334709 0.522064592394426 4811.757960633693 -9.14692848942895e-05 0.6412112453146721
0.9504446297627276 0.6350444668168723 4390.4494994720935 -0.00036541516574791416 0.2713304225225641
1.1177958236740486 0.5944540330065007 4655.380259707073 -0.0006731061998246037 0.34686504054324907
1.2430711746215821 0.6970135718584061 4235.523296356201 0.00020677874253476386 0.9604216814041138
1.2347959703243108 0.5901119913987803 4820.966480256178 -0.001121302582332598 0.7887450242919458
1.2942893179340824 0.6208191348665271 4887.368841524849 -0.0004663922252587105 0.8197811894559133
1.3199528459975403 0.5390372015026135 4737.656391117045 2.5673745583906263e-05 0.8619500727086489
1.2499730115653307 0.5039985768842578 4903.340682908471 -0.0002389554475299047 0.7849304423053608
1.0938515690172919 0.5897976364399496 4591.904399376445 0.00011606477260296127 0.2994343225413057
1.2575733900070192 0.5475073754787445 4994.54143935442 -7.601018449532253e-05 0.5485477447509766
1.3248793586009167 0.5236588163160156 4162.048548760215 -0.00044937916694438764 0.6924428843006106
1.2773570372885208 0.6269636892639023 4098.331595133065 0.00014747343884662255 0.678263541106587
0.9948323533420043 0.5864717778935229 3965.187491090427 0.0002633193150362093 0.28015011784515753
1.0522648626707296 0.6162134859856259 4898.865904776996 -0.00020417633730961118 0.3339673788250409
0.9907613706913077 0.5849378121564145 4201.863084315766 -0.00029471937079569155 0.2662685241982204
1.3621815489440552 0.6503455979651148 4210.371833686152 -7.587236052195019e-05 0.8652182348164292
1.3644554610033448 0.5612098468118795 4725.306580622917 3.2946821161552404e-05 0.8866118541574975
1.4340124428402732 0.624291195733923 4639.582556815576 1.103385121064387e-05 0.7374031505005809
1.2650055110545864 0.5814994098790884 4396.753147618502 -1.192928787099396e-05 0.6162370869328437
1.2120702684344606 0.6108576942494751 4684.712636903046 -0.00036196922776017277 0.6266165467052449
1.0556614068372632 0.6546284705235634 4012.390013495829 -0.0012442927136043999 0.29377365919806614
1.6327345377163769 0.6284382703417839 4324.583439107627 -0.0007259576216371869 0.7867171673595571
0.9546743990319575 0.6603598011021354 4818.268178471015 0.00025196220796022727 0.2880814749812738
1.521899417060632 0.633576288006659 4512.136016708499 0.0005151956943470667 0.8274568525178334
0.987766127806573 0.5488501211925404 4549.898479152318 -6.333106045816318e-05 0.28305079424073626
1.1743269820097137 0.730919067509097 4778.611328173016 0.0002792222265323818 0.5009331335946093
1.078990854013498 0.5889910990504081 4683.7278031129 0.00017595393866761227 0.34102719762347183
1.200031676324579 0.5538108209197314 4744.511195100497 -0.00021719974217799197 0.6519094327352042
1.3815535346084595 0.5485412133801328 4239.385087490396 -0.0005425372116662804 0.7978780423011298
1.426432082226681 0.6439057236529108 4038.172156047757 0.00044667154715939586 0.7935600333798523
1.2572451078311835 0.5490309586536336 4671.720615313311 0.00017177362016850228 0.5675440326564448
1.0634175055533912 0.700545607448512 4181.901716685635 0.00032334352538369203 0.31705689202645343
1.2513792545938651 0.7283522172802964 4753.395090841869 0.0003867854934334415 0.4504622392388504
1.540349887467888 0.5657505048436839 3985.555667107544 -0.0008677530104512622 0.8369823979915332
1.350813643408909 0.5303835940806956 3981.657360762459 -0.0004417774587351561 0.7020251879352939
1.2026717739891981 0.700284481220678 4825.734271041367 0.00043072334182221196 0.469495212170473
1.1969324905522158 0.6013017276979129 4977.43874673134 -0.000489197424517098 0.3480030033286501
1.312465411212632 0.5661848520252708 3934.5949751194808 0.00045123489364752714 0.7128601575582406
1.5462081806613526 0.5574111177017871 4523.902928654798 0.00024655339033937567 0.6974930454264352
1.2704916553265113 0.72938344628083 4428.902605204791 0.0008734364945648092 0.4783988890240056
0.8647659324302464 0.5886717918148838 4981.929053629936 9.837012784915385e-05 0.2551229817247273
1.1017766563575782 0.6862629985574308 4168.564153082571 0.00014227238148419835 0.2732583246478304
1.189380474880783 0.5834944063665546 4993.5223248470775 0.0005017262496692841 0.40331546053518286
1.2847916772075523 0.5934529617610012 4135.254332312701 -0.00021192088244578264 0.4995466546088728
1.3673645949142608 0.5264620356062635 4767.4849136456305 -1.208608497149063e-05 0.746452281551442
1.3355084421454229 0.5474996865508295 4843.446874040423 -0.0003427087016977835 0.6788070756689889
1.160571805099325 0.5996743834394271 4030.6197776201193 -7.64425288471667e-05 0.29769118099217196
1.3987569901488413 0.5339197946775553 4192.785175988259 -0.0003008911666452968 0.7756420278466831
0.947357868019354 0.5878464864763474 4162.224961191578 -0.00024264059287106943 0.2576671202331647
1.3486495083448613 0.5874208641540268 4957.053375139874 -0.00015941131723341817 0.6180254865356481
1.0601561432452202 0.6974441655783659 4363.282065860955 -0.00018990970271119497 0.2900449914515145
0.9827779665169666 0.6305120509186862 4182.828711541737 -0.00043773253721297395 0.28646372313768514
1.0587401541487265 0.5893837576078667 4871.862794598541 0.00019225119714266377 0.3269144023464382
1.401184496817713 0.6159057494326892 4733.507992803062 0.0009027537444101632 0.9435864739211355
1.2733051634416712 0.6411833181677299 4457.235141733573 0.0005404540939865738 0.7442273760295961
1.5198555754619871 0.5118126434681097 4369.154130494284 0.00044344912938464607 0.7409897770308017
1.053403193117265 0.5794984975957628 4147.7435485105125 0.0005831530842352447 0.2853951032744057
1.081557068926152 0.6334639811203651 4733.327044899295 0.0002058146746064047 0.3120952771871649
1.3789081496354734 0.558015199801064 4704.7961630729815 0.00045425314348477967 0.9066985287157958
0.9910893482539317 0.6060700568447029 3942.8892537700026 -0.000288923265414819 0.2697545628891646
0.9686586955119908 0.6400490852060102 4224.433630985273 -0.00010650810637352149 0.2877012474806454
1.0902196100814823 0.5771692163052146 4917.497172265898 -9.266416303941092e-05 0.32150343016574656
1.4456583280581934 0.5774542232777469 4387.913870703759 -0.0007579027489416207 0.7823300086630139
1.2896807231790133 0.49798725766058205 4337.157067159955 0.00036334019176151354 0.741647969402383
1.263395048395683 0.7136005422832843 4430.466220346447 0.0003565894551238649 0.8402490608814297
1.2528777182394255 0.6491594991759956 4240.645390326762 0.00032225703523588935 0.6556368916223756
1.3161279317361623 0.5935542229022714 4037.497090143486 0.00012646366406941653 0.5212528837695095
1.2975800619085747 0.6718610690847342 3998.2782232992063 -0.0004933243554691103 0.7804966903814761
1.269986193967703 0.5739891322183254 4976.024443047527 7.628806846660116e-05 0.8283276828627458
1.163753541275222 0.5953231090938425 4187.502075781882 0.0002315590700909915 0.3525061194923962
1.2342562280661933 0.7075500328581268 4526.942910336893 -0.000338122562920182 0.38926300278213233
1.5521004139010826 0.6114228445111834 4020.5005831461676 0.0006343278249737921 0.7208503730692121
1.3355656867001522 0.5571150020042389 4862.428496089818 -7.78358850307445e-05 0.8390816703714693
1.408896148736018 0.6225248342573549 4716.183986342723 -0.00022617497744039446 0.9352005338434934
0.9676181881621424 0.6470569814019846 4541.432200030899 0.00017313089287674736 0.26041309337787744
1.3714808915124261 0.5761387993380025 4592.783418142829 -0.0005383111439599968 0.6622424660576129
1.398229626185948 0.5784257968979403 4235.575015682088 0.00018471166518626962 0.7498912633713577
1.4129208611101753 0.5469982485402279 4244.497579299124 -0.00025402942709701776 0.7513325478673702
1.2966703820164565 0.5460088579423006 4861.116704135064 -0.00024138997384678672 0.8279000382983531
1.22813196703411 0.6031826333057416 4783.201161413671 -9.810250505194797e-05 0.43064859358040664
1.3580247348299526 0.6785653138203858 4843.783252602079 0.0009028045826468262 0.8532369942963282
1.004592167243994 0.6440172701171589 4648.750428435878 -0.00032066682712751237 0.2940263694961045
1.2367853164672853 0.7129991054534912 4834.340400159359 -9.342099724852297e-05 0.9549145698547363
1.247704450732665 0.7046216759683201 4729.200601999097 -0.00020081753953819708 0.8307157894039651
1.2143188000597975 0.6807819891889104 4358.948178338498 0.00032090541941591483 0.8654710228759552
1.1785029290075182 0.5643898975131131 4860.565278330595 0.00047135231044301957 0.5380115121385576
1.1708114194137642 0.5293116616419051 4888.393680686753 0.0005721512385606402 0.4746473830427549
1.3139822306431972 0.6323044493796566 4095.082338492516 0.0005157020311047003 0.6827778164035827
1.2395730728719738 0.6322030398079994 4173.344898853386 0.00021954587443110492 0.6243494413005702
1.6221980112327254 0.6050940615325701 4130.183012806243 -4.694059507879345e-05 0.8670664919324926
1.3364413086413665 0.5981224885616604 4328.325748914874 0.00031346454021877467 0.6691987087276843
1.3249190451390043 0.5495694755798877 4821.173347912202 4.603200666368947e-05 0.7726586034799645
1.186378501902973 0.6443138761099885 4850.856447116992 -9.471265926578492e-05 0.34829049800599055
1.435440569697216 0.5283084010506169 4149.824230983916 0.0005755322554800019 0.7513510342072725
1.357970118645498 0.519619949730721 4576.235969767691 -8.589868005222417e-05 0.7662214855372771
1.1922850311518345 0.5913895530038367 4267.451008105812 0.0008469624530172164 0.4007748615887342
1.5044748957436758 0.613531967434814 4508.418127568527 -3.7881841175217523e-06 0.8748686619499004
1.1207648176318057 0.6699883227704321 4308.917095845086 0.00031792634944144334 0.2788384190875978
1.3911162189186401 0.571536125127134 4950.669430524427 -0.00023005838032544328 0.8754558556215049
1.406951644214948 0.5572163928168488 4275.4676474772195 -3.956714607266441e-06 0.8764594773975796
1.1178605180124161 0.6238102184530611 4752.488971065897 -0.00030426141758392594 0.3128984947940482
1.3253122794490364 0.692463679987115 4962.945583358198 0.0007682227139906046 0.8893253323864897
1.4221115913711018 0.6101403678843904 4368.546945402653 -0.0004911420442690505 0.6770811422772167
1.2529099502582768 0.6092957959465841 4759.664728099767 -0.0001630997169348499 0.6790109382756433
1.126288674183916 0.6321487900484156 4656.971917980046 0.0005542001269963158 0.2679824414364556
1.4964621407636476 0.616897204949162 4589.810328112742 -4.877009336181575e-05 0.756069534285438
1.4444271757190055 0.5906606604848516 4433.201692552881 0.0004949535574070071 0.8558280390969968
1.2837102131325429 0.6615082033357256 4710.796604229188 0.0007953250651852792 0.823466269089034
1.2555127262123666 0.5426670478992452 4872.574922476972 0.00044879376388606867 0.5939968308084868
1.234253797084049 0.5265316480404524 4995.574737200451 -0.00013446062481456422 0.7439209100915877
1.2461112425188425 0.5551811460021004 4787.071233981067 -8.805288786480622e-05 0.846409339461897
1.4035528882064194 0.6402450698460311 4878.3197067651045 -0.00013987695634656088 0.7872909380983646
1.573733442679882 0.6186516280776471 4090.307818099909 0.0006865420852626745 0.7518607494599235
1.3283244862957049 0.5058421155921948 4677.672202187771 0.0003973385530892964 0.6857893095076404
1.3548667452698042 0.5506623120543913 4255.630118966585 -0.0007607918798348976 0.8018080775467332
1.2291605053837433 0.6987528117349507 4783.581905042245 -0.0001266887557548939 0.45169549609069715
1.260065929820193 0.547736648912553 4874.515135256523 2.1723131233647144e-05 0.6118127217157783
1.3079931344874476 0.5097878520456152 4677.563150728764 0.00028575938634396763 0.7568463978608819
1.1230542826505883 0.5625567697857405 4921.585223670136 0.00040656744888420627 0.28576891243696706
0.9955425132903916 0.647966699410402 4969.298713689474 0.00031961451905470326 0.294472932443955
1.223133050995195 0.6310173439318127 4254.801799920241 4.470015010730319e-05 0.6978963568676622
1.1117923771420533 0.5961454884971149 4883.259207169354 -0.0001491562971382313 0.2915590520137725
1.124465699768652 0.6147750784642874 4988.519336839577 0.0002366441637698214 0.3651829459681279
1.4338616691920951 0.6548899466931406 4065.208251010986 -0.0008722055637399512 0.940096863310095
1.1987605062777626 0.6158595271513849 4751.72130279901 -7.134480368587551e-05 0.2724612505380603
1.0836912937429461 0.5766719644961747 4684.692512707231 0.0003888616613715298 0.29345176784298466
1.182878310830357 0.5720875810079435 4699.800055665668 -0.0008664024264440324 0.38589066581280895
1.3743475974308565 0.5856654651407406 4638.0557842530625 -0.00012967990809708473 0.8315468138135892
1.2457403197956864 0.5720745063287433 4956.850332607334 -0.0003303299938670254 0.6023050525750724
1.2558214985421536 0.5366487404803477 4985.711865619013 -0.0004125108990852739 0.5501838219474366
1.2734992076255565 0.6939136898783702 4673.51016298014 -0.0005588253224061363 0.9805013625882011
1.188829529308259 0.5838238204702855 4888.72821170579 -0.00043044734176937 0.4010655894881209
0.8999730329784799 0.5792071145517931 4944.401729681163 0.0003716002690736069 0.26343995959684563
0.9631646662677877 0.5704109607683652 4337.98138850538 0.00011105242447999047 0.30214727420394205
1.329813231243191 0.5634955178804453 4442.8187058235435 -0.0005002638155785679 0.5132129990792407
1.2545559246049272 0.6451989508503068 4258.490091593749 -4.4998837518510935e-05 0.6945887937081321
1.5425754097737883 0.669537375172473 4321.405641224089 -0.00017122548773960177 0.8882800934615547
1.3573813527171412 0.535380249072534 4874.146247269044 -0.0004032638601990637 0.6426092892242519
1.1128002991336872 0.5701154340369085 4747.632382592063 -0.0008285375470481844 0.3146544036857797
1.3039881925841597 0.7215418204142092 4192.079574970631 0.00026384599559138886 0.6833051386552622
1.0828831898641336 0.6576978677708368 4253.681413460193 0.0004095364631884719 0.26724471553058204
1.4994453403199763 0.6347937662991632 4206.119613117744 -0.00015167612967736265 0.7596918472032538
1.2567851237665584 0.6951939967945436 4988.437140296543 -0.0001758571976530023 0.7088578649468544
1.260346964826417 0.6843879618230853 3994.9446524896844 -0.0007259264883992198 0.8204526819172074
1.0656743944492297 0.6242121253312857 4116.220990961409 0.0002610993514852328 0.31310695649507103
1.3500453268749735 0.6153914333509493 4940.227482655068 2.023779852373309e-05 0.6343524602389776
1.188117190020124 0.5378244497636822 4979.9575876786885 -0.00027622340150666583 0.5283726538787166
1.4309194051793994 0.5649590980322345 4903.425222210031 -0.00035015469028756185 0.5908458889921276
1.420057164646726 0.6646694779486158 4107.073776197209 -6.137501566989506e-05 0.8516962251434639
1.286080897992811 0.6778414784354394 4945.643315754665 0.00011017867921154812 0.5975296852115131
1.286080897992811 0.6778414784354394 4945.643315754665 0.00011017867921154812 0.5975296852115131
1.2298590206870819 0.6312511766418543 4416.75723491983 0.0003421497438880441 0.33955106989030825
1.0122955831518172 0.6915775055515122 4252.703444491842 -0.0001326981663781255 0.2952231338204561
1.0051297286457614 0.681206579210001 4695.734512542308 -0.0008414467772558381 0.2873484670194256
1.3226141111006853 0.5273333349406293 4265.873871929026 0.00046396470884786764 0.6814418251903933
1.054765541038395 0.6357840184367758 4571.570052597738 0.0007335974288028473 0.3174930325891465
1.3608221793046673 0.5239751388457408 4728.285360425522 -0.00026536471804588645 0.6775693958758348
1.2584652542088592 0.6578426486342165 4355.5919170337565 -0.0007312103172543144 0.7802076768354437
1.1336760925404694 0.7097165742495536 4593.778856460073 -0.0002611772386975347 0.3283799284870238
1.5127668166582655 0.6296447665471027 4592.412853124998 -0.00019581890948555422 0.9495627308202281
1.2712363555829571 0.6902603500784271 4197.805911983973 0.0003899528930084586 0.939826441340416
1.38159509295794 0.5919694525804005 4735.824960570294 7.640826227971289e-05 0.6649252198085718
1.3474720895562555 0.5745143989453816 3965.336059053776 0.000306281132093595 0.6758978534399799
1.3940669574983504 0.6550630656293563 4442.495256495459 -0.0001880536727847799 0.8787074479657138
1.2437234096692293 0.7451188512707886 4639.414905334441 -0.0003273935177738876 0.4844102699170716
1.312197852800061 0.5109812992809558 4286.624931164804 0.00011990949819701808 0.7220834152834419
1.3785412643272537 0.6589054659531755 4587.417425384221 -0.00027855007706481104 0.9072434579794764
1.3028178506109347 0.5727486401316105 4940.261661184546 -0.0005311176521752128 0.5530106923377632
1.1198986625502774 0.5841929067083421 4841.99966848891 0.00015290873040342467 0.26517305981107697
1.2958636062433126 0.7018239837374067 4695.763197553199 -4.23174250116752e-05 0.9720515308247543
1.3101736108611235 0.6121890929625955 4501.212105467212 -0.0006381541462176372 0.887813568954206
1.3048793915048853 0.651090661922494 4457.895618450807 0.00013730131043930037 0.9060684226880318
1.053406608005802 0.6944842272484865 4644.658256931159 -0.00018460449318152624 0.27897021994149346
1.4557121586959167 0.5578712968901789 4462.16629138564 -0.0002819658009535795 0.6348687611010315
0.9955650216304879 0.6712584015003126 4634.443520902892 0.0004008735372874356 0.2830900961844176
1.043310994734035 0.5562328301934125 4597.900794328209 -0.00011590740207234195 0.30179489362781964
1.2019799325386713 0.6809675305125638 4107.762677067157 -0.000437787408228239 0.30224939645550086
1.03026392950065 0.6763766505385038 4224.805063134843 -0.0003783494762684486 0.30315779610312654
1.2014319518497905 0.6346851772138056 4760.337027832846 6.3915553628609e-05 0.5435891791123012
1.4050910259907874 0.5609802738744614 4032.5157752900495 0.0005659971834232489 0.7736258513069881
1.4050910259907874 0.5609802738744614 4032.5157752900495 0.0005659971834232489 0.7736258513069881
1.2385690543112902 0.6702686694205018 4946.01514266807 0.0003822871666665729 0.8264385088329663
1.276171912328917 0.6927590263354404 4489.0561913827605 0.0002672803340125556 0.9193933917882129
1.4068282088184503 0.5153417351590175 4901.313236558508 -0.0004967266326719481 0.864560964777793
1.508742936516267 0.5884930680104452 4272.470393022984 2.7377204973292685e-05 0.8154553819853734
1.457094861320141 0.5806392957391117 4835.317352350097 0.00011863335629475446 0.9293649367419623
1.2113575413504751 0.6261454265825144 4620.709152826498 9.133917718646702e-05 0.6903106600847707
1.4903876829230773 0.6323187200297624 4212.479126581851 -2.6608577666316436e-06 0.7540001697728467
1.4801692810097182 0.6478430285178514 4257.509840313637 0.00025439534910021085 0.9909691479191188
1.4948373791071208 0.5768681119734043 4877.978789771683 -8.910891737933035e-05 0.8736771916979128
1.3308390284959826 0.5307801629940608 4176.647429296305 0.00025930803817023285 0.712369166814455
1.1478578800803896 0.5742185341444892 4250.838168513115 0.00035316196191382545 0.39313080009028856
1.2148559914955963 0.6963932332088365 4853.472214451047 -0.00018508071809354666 0.39715796441184403
1.2822473830450745 0.623843503922334 4700.352666198895 -0.00033069167272930383 0.4915310452318223
1.5137027186564855 0.652661589664126 4100.8661228072215 -0.0008450902973011021 0.913356756685056
1.2497748942329612 0.7010969793734108 4974.4549393809675 -2.0938039527013713e-05 0.7850145837280293
1.3037081671047548 0.6440038089546725 4922.4389262279665 -0.0001344799405079368 0.8034942336760249
1.2134740900988223 0.5708422919570745 4572.019222834754 0.00035282524711779896 0.3533802947390139
1.4402771029820192 0.5595470776549782 4017.1240983896514 0.0001435588457864757 0.6450565348898498
0.9547879919119052 0.5877265738717581 4945.685636271014 -0.0003438778237110886 0.2887357440462989
1.2168524570308032 0.5408125653815441 4549.310275129882 -0.0002959792949748249 0.44438538118714
1.5887311713130452 0.5973661442475546 3979.1470758426944 0.00019155799824102857 0.7049857133407261
1.0439250337766088 0.7048329384358898 4310.399167096492 -0.0003852843246009044 0.28400201379033957
1.2711687264220168 0.5275575006101831 4605.982385661617 -0.00030766201005145494 0.6670286114098368
1.2103741791512928 0.5813297095904283 4861.134059828681 -0.00010812537087157804 0.5130317534638523
1.253727378050831 0.5051855956716642 4888.066923120195 -0.0006528030366365736 0.7322055971726148
1.199488946847326 0.7276671213705023 4765.099193105828 0.0003129001890610199 0.44172932679331006
1.3046749391533463 0.5818982709721545 4714.98893547666 -4.21341873217863e-05 0.822185155189032
1.4879408792507665 0.5626868632617253 3956.2962319868047 1.7449974724626677e-05 0.823315826478393
1.3625957068979213 0.615953185887999 4433.635131674417 -8.43587720208442e-05 0.6931444238428353
1.283584630225646 0.6656724100806258 4504.070418016678 0.00011831170732628092 0.8076078762386745
1.0338914443830223 0.6604369215637409 3955.497955363009 -0.00043016925797465997 0.26529035603056145
1.361168710411501 0.5556031440299436 4405.785285259977 6.853983375084315e-05 0.6266857750916344
1.364558798492698 0.644323533186155 4509.038519763727 -0.00021592985613551 0.9984553005172321
1.0732349224216504 0.684065229781033 4017.798272777707 5.862409740418018e-05 0.2937688077494945
1.249608107486357 0.681932426510382 4629.268632695516 -8.243913730048741e-05 0.849433690226295
1.3110035152550954 0.614976117326381 4246.19517762075 -9.892745146977572e-05 0.7259115497731676
0.9767816493719793 0.6052028039979361 4327.805587392735 -0.0002134806466480185 0.27322208033189366
1.2613014877012096 0.604781917072366 4859.894386127769 -0.0006876380718902199 0.729918840988308
0.8991011863824634 0.5516915394486493 4734.935718046896 -0.0001005091244716108 0.2806789161410996
1.0271373063161655 0.6017287895105158 4531.832649239893 -0.0010049526557656622 0.29465397373098
1.0958397595067955 0.6791062478607163 4727.186708245166 -0.00011022910241293382 0.33356909127253487
0.9142359729740277 0.6459203508809381 4329.693462872004 0.0004199282590841037 0.26517869572269903
1.2891668982007385 0.5266029800553516 4741.545779349638 0.00036284876230513436 0.6325537241118067
1.2561362865883303 0.6789289907999054 4491.786131051798 0.00016064051654466447 0.44166037673321856
1.2811995903961235 0.6549715680025426 4652.372669092143 -7.727817734888421e-05 0.7396213563288827
1.2221405020299525 0.56154304985754 4788.557714580762 -3.8137246238000616e-05 0.7838447678124911
1.2795591254662861 0.5842465725333891 4240.016352335002 0.0001731641239073003 0.7511314499014716
1.3824904955686863 0.5508344044225095 4590.503169508515 -0.00041416407226208706 0.6453606058943223
1.2454846668981605 0.5540538473116192 4907.334136500036 -0.00043857156976014126 0.5530843356248948
1.2705238073093603 0.7403081371214747 4281.475525470073 0.000472096198057958 0.5243631380612288
1.4182136860598722 0.596069123134118 4540.051415042879 -0.0004795874708357678 0.8999219053837582
0.9826220606903392 0.6452522184461235 4940.496284199999 7.345625892737219e-05 0.2614734251699484
1.2263575792445913 0.694959022364962 4584.668088719332 -1.0251624834446725e-05 0.782444763224678
1.278017055084145 0.7618323380201547 4821.905166040346 0.0002716397313931131 0.5952201532863333
1.4244648155969897 0.6356726424788629 4677.389389479011 -0.00018830966029322318 0.9275199863289925
1.1641521749284 0.5916992268469248 4664.252136865066 -2.8918844047122562e-05 0.28522601138037185
1.4245961550085324 0.5440719846715552 4434.05813215131 0.00024616830629454095 0.7620579151749535
1.5620626582093853 0.609239069530396 4142.128806949646 -0.00019414155015777467 0.7050014942227351
1.0913519593164558 0.5889620606796451 4928.4101967781935 -6.566481233871847e-05 0.3053811025389516
1.2924007067939378 0.6807253581631564 4376.960345697795 -0.0002061350979325293 0.9838003973422773
1.467474333532453 0.6116341311036997 4114.514048519754 0.00021358913683587583 0.7416845132049846
1.2543277795747327 0.5910423851198316 4791.330193300886 -0.00020421195800825545 0.519323204648587
1.2368220564571308 0.5736977894737599 4800.605494795702 -0.0003246892547142191 0.6363364795160313
1.3331001631357968 0.6467736952847208 4187.184422597454 -0.00035791323643931335 0.7238546770581171
1.2898580195004008 0.5446733893088347 4182.3853245997025 0.0005854360797259268 0.764378614082783
1.3904472080772887 0.6038554978057649 4803.8113802708995 -0.0008747783019464715 0.9310160547715967
1.3129609359413563 0.6487594093384405 4757.767877225772 -0.0003145377132498575 0.9417435849841868
0.8827344314019838 0.5776705607796986 4848.411309780467 -0.000505438205663948 0.2749223895428858
1.2905811102331874 0.6595479999268165 4570.813304199432 -0.00045547257257245495 0.6951196969548591
1.4689298473824115 0.5417033933152741 4083.935594897815 2.190748292769506e-05 0.8585822837403736
1.2095370885137082 0.6703785916611469 4603.62974267489 -0.0005430819921696694 0.354928829160755
1.3978335103118824 0.6209222494894686 4638.585618574537 -0.0006006036460716991 0.7298718953635754
1.4208834144111608 0.6362645514752767 4126.441620659098 5.125432366734117e-05 0.9641145053875895
1.2939842977656864 0.5892032781268669 4416.358154995188 -0.0004152487256864456 0.5745484946767971
1.4834302140716575 0.6532050372674527 4780.832629755327 7.877585200359347e-05 0.8885363531065315
1.1926495062166635 0.6595965516179126 4953.668057853515 -0.0002724912737423654 0.40278712944212947
1.258925057751444 0.5967262978048935 4998.735810909288 -0.0005507880961939 0.6662066875432577
1.4053474218712547 0.6058838804488323 4737.863052233466 0.0003122074833972872 0.8967331926730953
1.4053474218712547 0.6058838804488323 4737.863052233466 0.0003122074833972872 0.8967331926730953
1.176256398691212 0.5585433082541289 4840.902108675433 -2.2546844208049143e-05 0.3304220328045005
1.2426675553437327 0.6488718619457248 4767.331067812373 6.324242642226791e-05 0.3557022769744453
1.33322322304741 0.7272056536469571 4469.809286165296 -0.00026673804862244297 0.73712146195219
1.4901654867039569 0.6846588979119126 4806.747308151025 0.0005013776182764636 0.9508219430498782
1.2340923721155426 0.5714750548664957 4511.269863643564 0.00032190824574131844 0.38098374150158465
1.2567808693768283 0.5368821597962716 4903.554871719807 -0.00040272788471460146 0.8145346357636905
1.4130354152656586 0.6417332820362474 4240.005904092074 0.00013321564953227915 0.8422417753502651
1.2950555628565013 0.6214083291245827 4379.823069839137 -0.0005759215948487055 0.3729945048188863
1.2902795169117711 0.6309697457763613 4906.518364635754 -0.0002586086628784389 0.7575854852186956
1.2902795169117711 0.6309697457763613 4906.518364635754 -0.0002586086628784389 0.7575854852186956
1.1314063746365617 0.6246350034448686 4873.225954890298 0.0004926562446249882 0.27269901388817264
1.4490438927753408 0.6522660716969972 4753.694222047431 4.1014512938579616e-05 0.8337297433465038
1.2288714545130752 0.5491211144062997 4936.277161389613 -0.000133273326426884 0.5487452498668132
1.5352922798681843 0.5620203680027578 4615.445022443401 -0.0005670511467814174 0.7233221005444063
1.221221957655769 0.6688132648258304 4530.606252129437 -0.0007475540141787735 0.5126145804902748
1.298635321900147 0.5324550031391875 4905.092413461416 -0.0002766423492202536 0.672197361745414
1.340608070495934 0.6020953254722505 4404.239533469046 -0.00010407500935869772 0.8339559910827765
1.418159341063466 0.560896760084067 4355.962842557457 0.0002574641900650647 0.6381666937592199
1.2593131663402004 0.688243913412371 4972.999993043749 -0.0004114301464524067 0.823037605351439
1.3084257048288146 0.5499671266511671 4982.127309632609 -0.00023794943372472483 0.7200565224850874
1.2734443080937807 0.5108725780018268 4337.663924614744 0.0006325505154853395 0.7762161432350242
1.4425505820230962 0.5898072692442559 4252.194214322358 0.00031675984672439227 0.8553938179144062
1.0513098091679733 0.5541871531849709 4662.159087666672 0.0005062617239913451 0.30048963888729163
1.0433053452863794 0.6193437353308094 4535.914871740256 0.0003847561454379054 0.28890937261887395
0.9604070366851871 0.5769694145980192 4615.3906641046215 0.0004009122865455799 0.2656495033874143
1.11288152260083 0.7164727576459532 4773.18416269341 -0.0005386982152258404 0.31625637746110913
1.323048937154331 0.6767459707358752 4707.137826669434 -0.00043120294189063336 0.768782943695795
1.4457210994181733 0.5207625355491887 4590.216686050933 0.0001698991793311731 0.8575091702597318
1.4457210994181733 0.5207625355491887 4590.216686050933 0.0001698991793311731 0.8575091702597318
1.005490488539055 0.6063142553506169 4157.35122115328 -0.00010977771064064801 0.2965976946001305
1.2999942290280322 0.6596360453151328 4380.459099083614 -0.00058068824134757 0.8541950032980024
1.367074864330477 0.6034133165163027 4511.147445510971 -0.0003851313879519355 0.8955496083834035
1.264652929266929 0.604089481115087 4648.973590399698 7.447172772822768e-05 0.6638595174402847
1.3728847577121137 0.6839913290386695 4070.8936946051467 -0.0002454936351729872 0.9652686119625977
1.293261862390747 0.6694347664093667 4663.115490207895 0.00022509524168690934 0.6865596987546874
1.4076969636535726 0.5331342095827423 4731.30925297912 0.0003946439596813846 0.6175405663688796
1.4076969636535726 0.5331342095827423 4731.30925297912 0.0003946439596813846 0.6175405663688796
1.1318513146430607 0.5521371535741384 4995.237733250214 0.00035104578710334433 0.3575765803609857
1.1313065013743007 0.6284676358668468 4589.143777149085 4.0262857420643e-05 0.3251586068898631
1.0331011414527893 0.6040732562541962 3965.8871083259583 -0.00012194857402502262 0.30181586742401123
1.4529381105530552 0.6412467776309845 4943.785823383675 -0.0001837119214782952 0.9814387519906544
1.3399826022946226 0.5346897857136022 4076.7458840604686 -0.0010829342440883201 0.6925245304991681
1.1159837380618542 0.6301718085764568 4622.452500236699 9.908109497070695e-05 0.33049055099493196
1.282403877565159 0.7063462370772811 4487.306128901216 0.00047335789688325916 0.6900964053132802
1.035705156145914 0.715057423739505 4678.458325512107 0.0004133558859602655 0.3155371946363586
1.1940093623595538 0.7553978631095734 4784.373207395098 -0.00029028600286201304 0.3789825195662202
1.413701257906145 0.5530475909568949 4813.087859908916 0.00027329954869698706 0.7113818761312074
1.174758041356704 0.7228307133459271 4936.834926598756 4.1084311792734265e-05 0.37243549374793294
1.3383458731099376 0.5762239826966895 4518.672344641836 0.0002193077713179452 0.6834676376726495
1.2023351658606072 0.5362702822288931 4797.829284511089 0.0001715376671411902 0.5164380120813122
1.2023351658606072 0.5362702822288931 4797.829284511089 0.0001715376671411902 0.5164380120813122
1.0403965720623374 0.5549766758037799 4857.066884160767 -0.00020112336882591633 0.3045864955584736
1.5466645459557915 0.6084593550718108 4424.297689108562 7.640841650677206e-05 0.673190572739079
1.3455831417925914 0.6286694132324491 4907.86232573412 0.00018433731719781702 0.704541691206868
1.2497253404472555 0.5442500282225066 4754.601612494489 5.396043012072556e-06 0.7546162682396762
1.365833802895171 0.6091360301703423 4565.201489719094 0.0005622790109403348 0.8775026411199504
1.3244068733797492 0.5447484414825593 4467.157567955177 0.0007357844388976038 0.8122128425529673
1.0028660424984248 0.6034983071171524 4606.347988690222 0.00028497607581541047 0.2668841086603622
1.0684447374748478 0.6017645713279687 4472.768242124761 0.0005415340853100974 0.3085718163136266
1.1432850524143123 0.7008982750794215 4217.802961361873 0.00036109979913307756 0.29497089550226196
1.0531287899293986 0.5606320271166353 4779.68818942261 -0.0002129174403531466 0.3148431568307842
0.9859100487727296 0.6887232264843071 4887.333554280426 -9.821438531553191e-05 0.2837750402599556
0.9018083100184298 0.5510889549798088 4933.621621714058 0.0003379876203419889 0.27602204590584867
1.3304497698023607 0.6846805147214858 4084.0393569785183 -5.9263848695727965e-05 0.968044310780503
1.2532293944110755 0.5518107484593272 4787.078717913398 0.0008338167169824246 0.657973204603257
1.511990198638642 0.5971728118050118 4598.622189122781 -0.0007338846220530998 0.9053072675687092
1.4150611314232606 0.6711417772903487 4524.058852221542 -0.00017383935205532628 0.8678374835846958
1.0611780659299064 0.6848913363945524 4714.006744679015 -0.00010197605328212094 0.29611669045044775
1.0643977077685562 0.5634324470753134 4120.759672690712 -0.0004992076148362644 0.28822426795560596
1.067706838930431 0.6049168201777453 4829.32463826304 0.0001287868680661803 0.3405372114096767
1.2633315901993156 0.5155856949701095 4952.448643104466 0.00023508944797735382 0.7235846851861302
1.3230170756903545 0.6915675495240652 4098.915245833197 6.809736361279819e-05 0.9409570127650674
1.3299734793846645 0.5821765683087585 4826.1181154711185 0.0003959970666657362 0.6296035348276294
1.107124504710819 0.5572825598739575 4958.580023824805 -0.0002510112832055823 0.2806650346784603
1.244042201852266 0.5717060334619922 4856.253645466764 0.00011581835113932775 0.5914471189979096
1.1958101066611722 0.6620657739657528 4856.150378739066 0.0002897704873448414 0.32815992634815827
1.2397767483952642 0.6676933197314593 4602.954179547188 -0.0004884048593537109 0.5391239123419236
1.2770171934552519 0.5214188154710784 4911.103006045314 0.00033074178338117136 0.6789551329323971
1.2770171934552519 0.5214188154710784 4911.103006045314 0.00033074178338117136 0.6789551329323971
1.0052838325500488 0.5865376517176628 4318.150366008282 0.0002763106544809357 0.2822002172470093
1.0052838325500488 0.5865376517176628 4318.150366008282 0.0002763106544809357 0.2822002172470093
1.3334260213689642 0.546381508051759 4497.999267010749 -0.0005115886610290232 0.6765062013942647
1.3334260213689642 0.546381508051759 4497.999267010749 -0.0005115886610290232 0.6765062013942647
1.0898232582540386 0.7109319786616296 4086.749004550669 0.00036899120225107314 0.3114122994285155
1.3160036227208267 0.5634179199565797 4798.177615296782 -0.0003643914773984317 0.63455589536817
1.2624840879400137 0.5682029912276284 4862.049411353362 0.00010233677155702754 0.48237732145652
1.465000225896761 0.6756108849297264 4371.427711509135 8.579842267027532e-05 0.9866971334030397
1.2770861358182677 0.5365973651311391 4961.035101564249 0.0002742508679191903 0.6651286473163216
1.12286107083585 0.6854328800022712 4898.55491874805 -0.0006412146758002237 0.3584297042020346
1.3209597864600928 0.5063083420691201 4944.935775846332 8.535533821189906e-05 0.765539089035699
1.3352049066846865 0.5922592335045418 4101.248339397124 -0.0003957095115998104 0.5896704270578305
1.3352049066846865 0.5922592335045418 4101.248339397124 -0.0003957095115998104 0.5896704270578305
1.1412058504279694 0.5603672133581366 4547.839532944926 0.00031156855578222 0.4028293684177682
1.3006911288895888 0.6947948637170827 3981.026421700881 -3.507070286379968e-05 0.7910788177179839
1.2957297953674787 0.5511253516684689 4607.170684008769 -4.1032656520230286e-05 0.5548615544355733
1.4091426685464752 0.5849798168752274 4607.65417739305 2.2748838847134465e-05 0.677519090076422
1.2684513580331576 0.6609049908722165 4137.517459946127 0.00010675161049952356 0.734012361850432
1.2684513580331576 0.6609049908722165 4137.517459946127 0.00010675161049952356 0.734012361850432
1.357594345547588 0.6234356136966097 4712.717031979962 0.0004121315915382097 0.8864443272976323
1.3361112208644135 0.5490017533827312 4643.102287687182 -5.308682915377731e-05 0.5311329020318369
1.4724101894773858 0.5723620952610485 4080.7538433284953 0.0002951126470072378 0.8764723621023323
1.0642593130166302 0.5775574051283513 4324.669091975389 1.620710072963475e-05 0.2906883511460468
1.2546839828244987 0.7016967064001 4901.747262617607 0.00013680663655049683 0.3996092615524014
1.0312745968595172 0.6785476164145516 4260.5860307574885 0.00046283276005062773 0.27413361876290965
1.2363193385897877 0.5910837516323093 4575.106773546574 -0.0006196692839928552 0.7046009033636873
1.1937882227772452 0.7169229139398807 4443.4041698613455 -0.0007792708115707663 0.5064798679671624
1.3526456985773931 0.5983905400619794 4870.288939297126 8.75647898378388e-05 0.8193371201099946
1.289545308451211 0.7248231890730078 4073.622999652662 0.0002484464329928735 0.8255785259772872
1.0927435373913923 0.6549323610372466 4610.0279829552 0.00022158573957061712 0.3141781785942412
1.2640239477157593 0.7174893617630005 4945.9342648386955 0.000465604850189843 0.6889168620109558
1.3686445385561596 0.6484794516531243 4196.933404633387 -0.00015804101661904903 0.6564293064247755
1.3686445385561596 0.6484794516531243 4196.933404633387 -0.00015804101661904903 0.6564293064247755
1.3513320058757925 0.674959950150847 4900.035595004852 0.0002941744352158645 0.992439066247498
1.3711541044795146 0.6387205404469753 4926.653101381417 -5.6236402268374354e-05 0.9220017352348198
1.0679104519450322 0.6141764799382605 4272.649889894616 -7.221876077188968e-05 0.3230228903516443
1.4671528363253903 0.5356318485035707 4814.738390650628 0.0001587987323982165 0.8723015338238873
1.4671528363253903 0.5356318485035707 4814.738390650628 0.0001587987323982165 0.8723015338238873
1.3314155283647637 0.6961182869466946 4037.5957674740775 -0.0004419370554312946 0.7037569726704368
1.3285790987894233 0.5770957616937034 4810.537356176793 -0.0004664440999468284 0.6510500390695316
1.2457451524776304 0.6221947981539271 4972.397767689283 -0.0003672945398022873 0.7094531101752037
1.193540487404246 0.554917637883817 4441.284115124885 0.0006583306536840728 0.5086360994609129
1.1100172147858103 0.7049210454248047 4371.717445986169 -0.0002154053669276391 0.31852178390820773
1.2589126229286194 0.7516641467809677 4664.24837654829 0.0005842136397619612 0.49564236402511597
1.2488736877841995 0.5658399750464991 4867.045779805137 0.0007188962726820974 0.8093509263804702
1.3219269561438967 0.6313550340072136 4618.458683191153 0.00042159832522065214 0.7828402763473215
1.2732360885642702 0.6744503693907753 4376.555726972995 -0.0002195660080716065 0.790848439557631
1.2732360885642702 0.6744503693907753 4376.555726972995 -0.0002195660080716065 0.790848439557631
1.2453627423633726 0.6165932566962742 4718.764512782622 0.00021013465013271953 0.6019668859974352
1.3263013138777289 0.5926731299956014 4698.413640585988 -1.163070673026804e-05 0.7979774933690654
1.3263013138777289 0.5926731299956014 4698.413640585988 -1.163070673026804e-05 0.7979774933690654
1.3513003611441057 0.5729719651623532 4934.166560491069 3.537928097757354e-05 0.86394543417217
1.4384865909280713 0.6249034728717668 4240.741577371955 0.0005459325582812522 0.7746067521272648
1.2368565478897857 0.5633450124314727 4826.622831885082 0.0004126172178844048 0.423244941434089
1.2757265408033374 0.5227052249379881 4311.720465704938 0.00015487056916870667 0.7402015479792794
1.2063024406798948 0.5818642923462065 4294.585331556424 -0.00027843751800518625 0.6255004501717225
1.386684383087886 0.5703184419016688 4771.953078124501 3.067811001661732e-06 0.6184169826390749
1.171113763864755 0.6519911459509815 4336.129966986705 0.0001679418158011923 0.4962827361861784
1.2889323924026401 0.665240984646493 4999.447070257251 0.00025330688469218097 0.7692425359572674
1.2889323924026401 0.665240984646493 4999.447070257251 0.00025330688469218097 0.7692425359572674
1.3743700405256476 0.6002711659944825 4896.8687517881235 -3.121563980958743e-06 0.6583374839242799
1.3349456850057777 0.5814451639075634 4564.555263129067 0.0001740873080552013 0.6626680062049783
1.3349456850057777 0.5814451639075634 4564.555263129067 0.0001740873080552013 0.6626680062049783
0.9308151865211188 0.5889368218795719 4520.107074946328 -0.0008494292717977965 0.2753007217921968
0.9308151865211188 0.5889368218795719 4520.107074946328 -0.0008494292717977965 0.2753007217921968
0.9273351788520814 0.5599021539092064 4484.81056201458 -0.00017747131260769029 0.29308271408081055
1.160093079115283 0.5818515373825277 4471.903889528968 0.0004563510307196158 0.393810046578032
1.1503249629144525 0.733717266386787 4519.107533251498 0.00019795007002967722 0.421267200205178
1.4359353031262954 0.6175895525559961 4392.431641375276 -4.430984825503991e-05 0.6916047802307104
1.401104591919066 0.6155635292775666 4602.205032705436 7.84350426166574e-05 0.814796460149101
1.401104591919066 0.6155635292775666 4602.205032705436 7.84350426166574e-05 0.814796460149101
1.2916432219358325 0.7510371452172162 4877.870356990128 0.0001892570546581153 0.6662033482543763
1.3421143269946967 0.5880384971376009 4615.262070097742 -1.3719909055619243e-05 0.5443739423920122
1.2973945406398322 0.6255612619669756 4398.223181635795 0.0004015592872766275 0.5467685188633432
1.4945875601889616 0.5318853785264184 4803.527958195712 -1.9902354335541584e-05 0.6720336471214892
1.448695415164672 0.6190361946983931 4651.321563045973 0.00024325453919399074 0.7586621228608432
1.3166774943666992 0.549614962872822 4702.758758706494 0.0006394014935075422 0.6239935046103213
1.2741467964711546 0.6392815474322668 4579.852981363947 -0.00014513843387989762 0.7754385490174822
1.1731405650560833 0.592069481960722 4147.185005818848 -0.0001065659007134847 0.3631980367154555
1.2680076545360364 0.732063703794584 4525.789576500422 -0.0002840868313743506 0.7695427407134738
1.398737872245051 0.6356327326964794 4227.0655259290115 -0.0009324152881052153 0.892578602181871
1.1516303425703152 0.6326842990883661 4560.616869302767 0.0002971974669438928 0.3457500950383402
1.0863945603370668 0.6566848680377007 4806.000771403313 6.576607115014106e-05 0.25422316789627075
1.1865375161880443 0.6799542476559948 4962.474498167962 0.00048777945313280063 0.329480887677749
1.3320675187471804 0.6453614634350338 4425.31561263772 -1.2872873961114324e-05 0.9341586813742826
1.3320675187471804 0.6453614634350338 4425.31561263772 -1.2872873961114324e-05 0.9341586813742826
1.1181117085956371 0.6946583817605033 4618.446105621268 -0.00022718009675217523 0.2778579690149333
1.5472875989546266 0.6461270674988828 4632.473512286659 -0.0004046327982539106 0.8024644857516345
0.9091221607586387 0.6329513030218806 4832.48601733585 0.00022361206301189303 0.280808099508183
1.2765684139241342 0.6015050305784386 4523.559623962042 -0.0002636089447277256 0.5936715538128852
1.4090435836303417 0.6506611494708142 4252.765709948531 0.00021131582553495735 0.8031338646255634
1.4090435836303417 0.6506611494708142 4252.765709948531 0.00021131582553495735 0.8031338646255634
1.3576705072838435 0.5754673757075152 4519.493079360219 0.0005424413261544898 0.873741881767221
1.4405542039443007 0.615377612607042 4468.391714399507 -0.0003807874998585761 0.6027619265113757
1.274844222676335 0.5566733394628761 4118.553873361709 -0.00014230043911469818 0.6782824042220961
1.449831004354731 0.5729411200246449 4901.709028392721 7.151674078899392e-05 0.8686797198629732
1.3460153617945272 0.6466259815106619 4220.226029412971 -0.0005819268555304945 0.9544286815662655
1.4603331941157802 0.6003088436598372 4201.963366301674 -3.0219124121899306e-06 0.7141395069893672
1.235409866847308 0.5566862087025941 4410.533571476056 -0.00016012579007692132 0.7456194609206475
1.094275975028003 0.7247566714584196 4362.51581531064 0.0006149008348850413 0.33356678528984374
1.094275975028003 0.7247566714584196 4362.51581531064 0.0006149008348850413 0.33356678528984374
1.527643723307926 0.565704738585562 4750.899975900467 5.3592362286153494e-05 0.845436078759433
1.0362676721321087 0.5470062478736678 4910.109839677253 0.00014966330334590953 0.3173779643422353
1.223609769706439 0.7165401611074913 4547.550558862406 -0.00032114190033979956 0.7384920839340925
1.1929376867351826 0.6223284939447912 4466.500714707915 -0.00021651079462372646 0.6694088992503243
1.243229479818582 0.6052056879788441 4589.120237692549 0.0005263285043684922 0.3100540619039909
1.243229479818582 0.6052056879788441 4589.120237692549 0.0005263285043684922 0.3100540619039909
1.191329527449755 0.7290646208888891 4201.757592576147 0.0005115611181840698 0.35632101533590504
1.2416706169639473 0.7422955941335756 4537.10241513817 -7.783906735809531e-05 0.3848269105453107
1.2416706169639473 0.7422955941335756 4537.10241513817 -7.783906735809531e-05 0.3848269105453107
1.2924252421103373 0.587069053534385 4633.583601211114 -0.0007472943497136537 0.33366715892533283
1.3557422009426319 0.5902567296929673 4589.3853521024885 0.0005134209818349387 0.577164545047149
1.307555279312056 0.5531546713635904 4591.482386708067 -0.00013742310415131595 0.7845087947651423
1.4374796919127268 0.6081529465799094 4352.890767035657 0.0004020214208741012 0.9576505664177264
1.3564144874613033 0.6225075980532486 4646.4389142172795 -0.00017193565704979192 0.7236060593616194
1.2695241388827334 0.5538285476660832 4482.641141215757 0.00023618099921178583 0.8078080050509557
1.3895490610494765 0.6228430328897532 4547.0913585217095 0.00020058111279884697 0.8513923971580463
1.3895490610494765 0.6228430328897532 4547.0913585217095 0.00020058111279884697 0.8513923971580463
1.3704350296736663 0.5830818978910881 4252.980331147887 0.0003641941805865658 0.8776814781336523
1.3301854592380882 0.6664515513546788 4903.529299666961 0.00028271743183371515 0.7985543368945021
1.336489662898926 0.6540509085823925 4399.848381873595 0.0003081396677856829 0.9316505711525127
1.2744893717907995 0.6560500861806433 4234.443352181661 -0.00024755275627436177 0.37494936727011485
1.3625933521841587 0.6012726712156453 4450.491196791192 0.00046880996467969614 0.8918070915660725
0.9476916307702679 0.6382627014011325 4541.892556451642 -6.14757888285377e-05 0.27472553551559
1.2343306454017362 0.7198288532676264 4630.235467327346 0.0005780316091335111 0.5184927239387122
1.2869100431810425 0.6920699829655759 4346.199724704717 0.0003017208855191854 0.7094488975128445
1.18655025179232 0.5690579354103114 4489.322489470269 0.0003257082932830095 0.6315738556374134
1.4023192759050058 0.5395065423522774 4584.973871154057 -4.867263167293468e-05 0.6290136991449925
1.5013507604599 0.5257921442389488 4272.287342011929 0.00024561818499663587 0.6085391640663147
1.1753297294141707 0.6907883948852706 4567.457331567963 0.000817446292342866 0.5414951008935371
1.1753297294141707 0.6907883948852706 4567.457331567963 0.000817446292342866 0.5414951008935371
1.3316769200312844 0.7168033296592027 4037.308788467568 0.0001977677105940018 0.732605894691425
1.3316769200312844 0.7168033296592027 4037.308788467568 0.0001977677105940018 0.732605894691425
1.3579365376476333 0.5296002310974723 4382.887703050465 -0.0003863648719190353 0.7730513008639244
0.9985029683341953 0.6855220963375446 4447.510229376346 -0.00035275910424097736 0.2931323886274871
1.4827984825237412 0.5584902818895332 4814.440805382928 -2.133882353689321e-05 0.6574960947710383
1.4497177004846098 0.5983316808127144 4089.740838464219 -0.00020040679464009557 0.8909177234663814
1.4800206647734249 0.5082948744007465 4149.701142830879 -1.461420692438971e-05 0.6997068795261767
1.3012924985464571 0.5589239550144962 4500.372869603954 -0.00045243230233075294 0.7909533353758627
1.394785794442105 0.5922044221228889 4963.124872787511 -0.0002821128762697522 0.8358326024957958
1.333653589739643 0.6598114324389386 4596.831765936167 -0.00016071010174620754 0.9701746286784875
1.5627392671595177 0.6043185035856687 4344.039827110555 8.592919419485416e-05 0.8707600417635315
1.5174496928834125 0.6165432782514982 4328.056274210307 0.00014979663024471232 0.7278415037702555
1.0812180653140562 0.6268066097748104 4592.144707526775 0.0001568629229927858 0.25602716915232704
1.2063798222802007 0.6930980102966136 4845.067246982585 0.00012262591416935446 0.6851723763109085
1.3310742953603176 0.6159157649013749 4862.920057029112 4.910756827172999e-05 0.6225656825559818
1.3332841908181658 0.5801352238893001 4395.180557022248 -0.0001492347436363685 0.7840187747713259
1.3332841908181658 0.5801352238893001 4395.180557022248 -0.0001492347436363685 0.7840187747713259
1.2926687571673696 0.6928581181138692 4392.1243733842075 0.0003242564953505026 0.9833072445050538
1.2926687571673696 0.6928581181138692 4392.1243733842075 0.0003242564953505026 0.9833072445050538
1.082491229614819 0.7222846137185868 4889.996604797972 -0.0003821071349485443 0.30266897451487196
1.0831795855535515 0.6816837902577015 4914.038946483484 0.0004288980934342339 0.32428088526983007
1.2629958804619525 0.5467550905584796 4727.7052925821645 -0.00041933627736287575 0.5917488654761673
1.2100359709816813 0.613407120270731 4514.744325716864 5.898396259874927e-05 0.5093848005816529
1.3699268727459872 0.6266866623670909 4224.458002215416 -0.00033943834310467614 0.6840908883638727
1.2138489425077004 0.6778054770350506 4977.269527030515 -0.0006177781323218437 0.391136113248571
1.2168543164512378 0.5695952084312754 4562.9865942025 -0.00026931783936900164 0.6154024383348633
1.3566584395271346 0.6129493541461767 4115.150193085008 -0.00023637832658898899 0.7226951343733728
1.3566584395271346 0.6129493541461767 4115.150193085008 -0.00023637832658898899 0.7226951343733728
1.1526506073454297 0.7059083509245787 4970.734785118024 -0.0003266622240602898 0.29852774403595683
1.3317433234015739 0.5985041623682871 4895.52600477691 0.00024182549426808762 0.5110830953349526
1.3317433234015739 0.5985041623682871 4895.52600477691 0.00024182549426808762 0.5110830953349526
1.1041055982805155 0.5609633735225621 4674.487159732501 5.6644399518714574e-05 0.2903363212905093
1.1041055982805155 0.5609633735225621 4674.487159732501 5.6644399518714574e-05 0.2903363212905093
1.2920687427009803 0.6719065496924548 4147.436103927932 0.0001568101916981799 0.9095921283844611
1.2961352858848367 0.5874047156213094 4775.29739728367 7.9336926358358e-05 0.5423781644012793
1.3831439435635267 0.5814838892798804 4427.421513681387 0.0003980407346148502 0.8808284959727413
1.0187380053011035 0.6560314504613903 4900.349597786111 0.00017057854222952406 0.30399650217735447
1.098847890086633 0.555272009551842 4570.1079945188585 0.0003135045209788508 0.3218722176454466
1.314168574979832 0.5921597765819171 4846.206488684064 0.0003431154940862223 0.8335143285557336
1.1996607780456543 0.5935826227068901 4739.027223408222 -0.00017763150491774537 0.41967612504959106
1.2701758303620858 0.6610975711872573 4473.156358427308 0.00027184563564234095 0.8902186205396239
1.3409385483431149 0.5734051181862327 4038.18195308977 -1.955320837089094e-05 0.6973253951261168
1.3409385483431149 0.5734051181862327 4038.18195308977 -1.955320837089094e-05 0.6973253951261168
1.170644971491987 0.5826240902092011 4191.831919361495 0.0006268135929318278 0.3210131391061082
1.170644971491987 0.5826240902092011 4191.831919361495 0.0006268135929318278 0.3210131391061082
1.1847365388843498 0.6682469165842356 4043.999431112904 -0.00035468207871181895 0.314937502780101
1.3385715476296782 0.5529799644524991 4332.886197339829 4.8417937666156235e-05 0.7078725150592174
1.2439259520258332 0.6087547243965836 4458.6586039232425 -1.6440792520600847e-06 0.6295705932378053
1.2439259520258332 0.6087547243965836 4458.6586039232425 -1.6440792520600847e-06 0.6295705932378053
1.264635622686514 0.680602235339417 4554.8756781282855 -2.474730697230259e-05 0.8796393401667644
1.3434751557723437 0.6676538662301306 4713.791078274271 5.575720103893233e-05 0.8176065705906788
1.3021170703680507 0.6353160355969578 4122.354053300043 -0.0005686681071850595 0.5891860940112269
1.267576258609754 0.6618293329622539 4935.203002247185 0.00019756930594085992 0.733031367775418
1.3240713481555288 0.5492323268413026 4139.941612714986 0.0001785496199857343 0.8233893222162023
1.2077817764917707 0.5316487109972023 4616.405029300237 0.0007837593448714922 0.7155093121010245
1.2125015735626221 0.6225124299526215 4972.443665027618 -0.00026789019337149824 0.42858749628067017
1.4395810153420638 0.6640850525742114 4862.203376666996 0.00030097274527192283 0.9080366630974603
1.3436635923514575 0.5501233688367058 4604.638709191527 -0.0005957514481982699 0.8076452478329642
1.2933454833649276 0.6775460570076905 4346.120787557843 0.00025441531828785714 0.6423993806788123
1.2551529466913622 0.6672848704423495 4650.220566780463 0.0008306571159020785 0.5282064975138225
1.529055634560697 0.5513687011164186 4149.066401251463 -0.0003355500474175532 0.6465439303918071
0.9641356783214753 0.6126736391249616 4202.428419846613 7.256573161480575e-05 0.284725014779769
1.3318414898200825 0.5560256041434076 4810.013341657647 0.0006257808511292722 0.8269062199326709
1.045449453061787 0.5543588946990519 4884.488270776195 0.0003411606047090334 0.3250590303130996
1.206105055489509 0.7435756290358231 4537.527098728415 7.349464579094426e-05 0.3509549173039238
1.3717394892352188 0.6285078209766717 4430.426951955809 0.00035112088884540316 0.8543268374199997
1.156480503615163 0.6129355700449193 4153.78133540915 -0.0003033100141268971 0.33184356700541706
1.1144381332739073 0.675991241223677 4244.02623906535 -0.00019454849625780488 0.3222047548865783
1.1971789610808914 0.6935068925734351 4327.337851942791 -7.256837722040472e-05 0.42892500262632244
1.0842785472291614 0.6757498111074463 4507.5612166645815 0.00023294090983027826 0.3226644017126413
1.2895092876424017 0.5277944733180427 4570.641300991009 -0.00032450162174769585 0.754016888842775
1.5631769163578126 0.5134894383236706 4266.1270904182165 0.00024484644240445027 0.699566218538481
1.2429960955775474 0.5418037848029973 4590.072897915875 -0.0006672314528542728 0.44270796769890963
1.2429960955775474 0.5418037848029973 4590.072897915875 -0.0006672314528542728 0.44270796769890963
1.3032057589560622 0.758248927275958 4300.76945553581 0.0008381967036764696 0.40807296121178094
0.8885855382971214 0.5967903935059734 4676.049866999131 0.00038381174609618794 0.2616181054743195
0.9773596916480659 0.5974478971169124 4371.773941380689 -3.539594670990021e-05 0.2669256489589006
0.9773596916480659 0.5974478971169124 4371.773941380689 -3.539594670990021e-05 0.2669256489589006
1.3066168238932567 0.631801379119645 4555.650268504379 -0.0009604416700140999 0.7318333546547718
1.417661291068392 0.6662763888740278 4428.779346853379 -0.0004248604041452945 0.9834016841994118
1.286441016443795 0.622827928228211 4843.827656025054 -7.006343954288291e-06 0.7010467432418299
1.369445631989167 0.6748301997120234 4814.426290529455 -8.96148398860275e-06 0.730248599352746
1.226664551861311 0.5754065881532884 4621.53232939568 0.00022606198009153877 0.3688567279040782
1.226664551861311 0.5754065881532884 4621.53232939568 0.00022606198009153877 0.3688567279040782
1.0359262032638252 0.6348834832784264 4911.225058065892 -9.343451124841583e-06 0.25174941420114977
1.3042283959959096 0.5773736380323616 4236.844423532486 3.56021113479635e-05 0.5125797796627606
1.248924564423702 0.6220716847871972 4547.568182678894 -0.0005465355856794809 0.6174792942023881
1.3355396531938961 0.6722215368056683 3986.1407189848514 2.5426489641811522e-05 0.7512436250494519
1.2905057731701735 0.6752461874908351 4186.521359531048 0.00017644220736543736 0.9908863945511066
1.4215378211767005 0.6475764359546967 4046.1578407535317 0.00020899185349969855 0.9588551054047662
1.231044175433705 0.7315988713946247 4141.874678526949 -0.00029956999357067015 0.3960643850434821
1.231044175433705 0.7315988713946247 4141.874678526949 -0.00029956999357067015 0.3960643850434821
1.2934831191001486 0.6636683390509902 4979.059475717602 0.000502883341212853 0.933193934749951
1.2934831191001486 0.6636683390509902 4979.059475717602 0.000502883341212853 0.933193934749951
1.3490178199112437 0.5599927633023327 4623.997448395576 3.4125505354083194e-06 0.8388341826783329
1.3586526485834933 0.6533050275458612 4841.493406192442 0.00023980855548963342 0.9560127568502544
1.41996000229418 0.5502572163775227 4253.678026713281 -3.6328314842193456e-06 0.7109251274729576
1.3780960177920152 0.6187016811433037 4122.119526924751 4.039211856371585e-05 0.677238600535827
1.15152104528372 0.5876292742817819 4497.884368625312 0.0003787799087994365 0.36839193595702613
1.339898028126596 0.5699428388466767 4552.294501227517 -0.00018841241881234526 0.7671756262806827
1.1349690100958219 0.5899139625903284 4794.69767954693 -9.897187845759578e-05 0.26986523356684977
1.3211715605706478 0.5216300330266915 4958.874225865314 -0.0004216382554418804 0.703333458517396
0.9694639193872437 0.6106497790084632 4781.880277847561 -0.0003090957379310697 0.29832749200061126
0.9694639193872437 0.6106497790084632 4781.880277847561 -0.0003090957379310697 0.29832749200061126
1.255376287476263 0.6969771075084416 4983.058908540595 0.0002910041635723164 0.5957923054594583
1.1338608165653166 0.5585223329255193 4601.526306536168 -0.001201109526420279 0.3873632575442478
1.5072344527750177 0.5914814653816163 4320.265093010396 -3.801328190494608e-05 0.7576425885627253
1.387427891196264 0.5422075352868596 4183.112153993098 0.0002644694607911075 0.7831397035428098
1.4460281970680662 0.5619426952631954 4243.437770970375 -0.0007147154253545597 0.7517256692241571
1.2525680900560099 0.6298713551781218 4677.445396927118 -0.0006034877080166463 0.5031224265695493
1.2525680900560099 0.6298713551781218 4677.445396927118 -0.0006034877080166463 0.5031224265695493
1.1188129185229316 0.5606079468881506 4921.4567556154 0.0006344032799899704 0.3161030984222387
1.1188129185229316 0.5606079468881506 4921.4567556154 0.0006344032799899704 0.3161030984222387
1.3806274662205928 0.551459070982014 4202.799069901956 -3.925637953158168e-05 0.8327848928337477
1.00407909840004 0.6235433164137718 4942.642071276348 -0.0002399612373219328 0.2936725654616286
1.2907436008176065 0.6073469646352152 4481.057199508458 -3.7012071611352384e-05 0.6428675340372345
1.3040459543022838 0.6161109200673638 4358.035594328543 -0.00043386933920454843 0.8489916884508371
1.4999312414233419 0.5917710973428001 4239.417253695604 -0.0001643807563987936 0.6805735523523796
1.5082981963812756 0.5546953829856778 4256.806087670304 -0.0003868736945941833 0.7837189492351228
1.5082981963812756 0.5546953829856778 4256.806087670304 -0.0003868736945941833 0.7837189492351228
1.3506964885236883 0.6285736197665387 4284.029291447107 0.00025268957234143315 0.7356608948701091
1.3667811706287867 0.5776884998518378 4105.422074263477 0.0006215215730511277 0.4784234530988667
1.3667811706287867 0.5776884998518378 4105.422074263477 0.0006215215730511277 0.4784234530988667
1.4842357757247464 0.6207686086128912 3931.0197793844254 0.0008125642628939929 0.8036967397617921
1.4907650639720098 0.6574477378635493 4502.295811741047 9.627958384694965e-05 0.9373918592586232
1.4907650639720098 0.6574477378635493 4502.295811741047 9.627958384694965e-05 0.9373918592586232
1.4211275959848486 0.6493476161839031 4487.314787066923 -0.0002843410643099756 0.8644844664267574
1.4211275959848486 0.6493476161839031 4487.314787066923 -0.0002843410643099756 0.8644844664267574
1.1043140579390587 0.5587467143520295 4841.817035654333 -0.0005288678826660917 0.2897187100522318
1.1043140579390587 0.5587467143520295 4841.817035654333 -0.0005288678826660917 0.2897187100522318
1.418680812379069 0.5459428756176052 4727.404883284211 -5.0338769601565274e-05 0.8586976331350313
1.316508083732059 0.6604637529598802 4793.3401818780385 0.00038643810787931867 0.7660464748029493
1.316508083732059 0.6604637529598802 4793.3401818780385 0.00038643810787931867 0.7660464748029493
1.4741391186865593 0.6799634074610551 4219.903144685165 -0.0001681844446647978 0.9884758742802875
1.13371797742808 0.706770826669012 4676.822115824175 0.0003217370428646403 0.29327971815289583
1.2418156501794249 0.5371393174916922 4974.469845862356 -0.0002471935327619335 0.6967300083699166
1.2418156501794249 0.5371393174916922 4974.469845862356 -0.0002471935327619335 0.6967300083699166
1.3709198053222065 0.5744644353729352 4415.936155664031 -0.0004790101761141111 0.7354847225903374
1.2500241541027857 0.5542821240632559 4728.6037211195235 -0.00016143291968215252 0.5959550422682516
1.0959228534596472 0.6236868613435436 4935.834456088507 0.0003558807760893151 0.28793861593684733
1.248252630366623 0.6221157213901374 4322.81382768125 0.0006087515817803154 0.549706836773485
1.3323285200011465 0.527530442365122 4233.055394919805 -0.0010974927989597521 0.6441444365585357
1.447177162132181 0.5714152837352457 3946.5186353605413 -0.00038076976068408385 0.7700745367683073
1.405799054057415 0.5398479251676049 4870.1120816185585 -1.796487306262462e-05 0.6446560927081977
0.9394772881326933 0.6245154480463728 4874.582220232527 -3.7722621878487646e-05 0.2921731162321379
1.2962283197179736 0.6551970386531928 4365.673761467943 -0.0007271724045989247 0.5014072548219664
1.3360165653072777 0.5963286534127439 4694.874688165319 0.00013651300175736227 0.7451183926184978
1.3868590214250702 0.6058093893112403 4818.640986205239 -4.107902284381441e-05 0.9198260929318391
1.3868590214250702 0.6058093893112403 4818.640986205239 -4.107902284381441e-05 0.9198260929318391
1.4921258810697982 0.5860082782786514 4087.3346628640275 -0.0007062677392278621 0.6605753885946836
1.4921258810697982 0.5860082782786514 4087.3346628640275 -0.0007062677392278621 0.6605753885946836
1.2844997562614553 0.5185948606737996 4745.963417518657 0.0007322462144689246 0.7638245209948196
1.1259223551222917 0.6530302399564125 4540.775072617776 0.0006048480798820211 0.2715313682297187
1.1486193642129703 0.5713333826520932 4795.854480570546 0.0004745943980154564 0.458227744425693
1.3737649940724184 0.6123759560957402 4592.251967247897 -0.0006600352919790659 0.6660710236842526
1.2521964718853225 0.5563339509479668 4152.820713591187 -0.0005553791478489806 0.7706681315273356
1.2394910661173113 0.7008608006814642 4739.650786888987 -0.00011104054293398081 0.38133911997201475
1.093447483472263 0.5701119723464143 4911.391327022664 0.0005940343514180131 0.3312183137033729
1.3009769158319835 0.7193649543285765 4550.336635932614 -0.00028973984861436277 0.9243840844248267
1.312020791516305 0.5592784557448705 4244.980018135458 0.0004905095858578942 0.7890544237785685
1.1881056553635334 0.5880426361077695 4381.021238530156 0.00042999271256538585 0.606879504796899
1.3206523474585221 0.5833535267621722 4674.906528630281 -0.0004736171291601169 0.5866196558054577
1.213977394828259 0.6926204277825703 4820.873209643493 6.326256627115477e-05 0.7675508968762321
1.36567564517568 0.6054369128201289 3992.663583545756 0.0003961890127901531 0.8466186684928476
1.3074398452366491 0.5010085568006395 4932.287788247498 -6.899768394805705e-05 0.7856344889606333
1.2933502054711703 0.5980596167609759 4073.7248743003643 -0.0005528752977533857 0.7205814634565575
1.2933502054711703 0.5980596167609759 4073.7248743003643 -0.0005528752977533857 0.7205814634565575
1.036366894895421 0.5972241331763367 4503.885640912154 -0.00013193935380476126 0.27219897646327484
1.036366894895421 0.5972241331763367 4503.885640912154 -0.00013193935380476126 0.27219897646327484
1.3265824295377961 0.5825227203773888 4152.464455442337 0.0006294456243775653 0.6792141898224557
1.2399725405416153 0.5933850623148926 4925.114349115737 0.000321012227939224 0.7419161201153516
1.174578955349051 0.6486818451963337 4377.052459891396 -0.0003233702843618955 0.34662817327891027
1.174578955349051 0.6486818451963337 4377.052459891396 -0.0003233702843618955 0.34662817327891027
1.373164164217315 0.5725694627073439 4195.999260255979 6.602219672439308e-05 0.8479730845661366
1.373164164217315 0.5725694627073439 4195.999260255979 6.602219672439308e-05 0.8479730845661366
1.3988654253717976 0.6577394350611425 4632.894939577959 -2.2867047011919026e-05 0.5582725883907238
0.9335002283338882 0.607868145738585 4973.185312370513 6.795540738569006e-05 0.26255961425213326
0.9792074500300588 0.57920266550244 4962.165646993788 0.00037573050484345335 0.2560844569435861
1.064531422877546 0.6387855616579945 4646.749975868455 0.0006315832211063499 0.27832921355002616
0.9426560525455082 0.6215436128870933 4362.732439729187 -0.00011251007593342317 0.2528845764880146
0.9912713761445169 0.6226435838445236 4507.011548899226 -0.00021268103470887937 0.2836185659765233
1.181819075136671 0.5673297507603022 4177.263668779312 0.0006037488573241875 0.6793672346207793
1.181819075136671 0.5673297507603022 4177.263668779312 0.0006037488573241875 0.6793672346207793
1.3310657346938668 0.5188892118837884 4855.030857688294 5.7152879581959464e-05 0.7663856805473996
1.4548851696902951 0.6570248672935736 4323.202304346153 0.0004885422180049563 0.8230415012654948
1.4548851696902951 0.6570248672935736 4323.202304346153 0.0004885422180049563 0.8230415012654948
1.4727223090894017 0.627939305863499 4719.7549604400365 -7.688151925960841e-05 0.9942951281039769
1.1459211788703623 0.7291692352814259 4995.172039404787 0.00027916051678154283 0.4187892592154414
1.4090466869393796 0.7325148729354423 4164.6163069581335 -0.00011185543865334347 0.975721781071899
1.128184651381872 0.7268119083073515 4300.394156391607 -0.0006894738242059098 0.32329429357156164
1.2112123575693776 0.583850802894934 4540.399409768636 -0.00015245744787114528 0.3418001878910744
1.2112123575693776 0.583850802894934 4540.399409768636 -0.00015245744787114528 0.3418001878910744
1.4187022321947627 0.6469318140283431 4915.068454551621 -0.0001336123118157263 0.8327401292414864
1.2905730484904487 0.6148439628938356 4185.940492039843 -0.00047883772363690167 0.678685814706671
1.0611011174637173 0.674529393710024 4404.837982044784 -0.00014409031365732994 0.28776531449357
1.3234256606867238 0.6889526787324316 4540.603419168836 0.0002410532614434704 0.6627951060644407
1.2388041377623158 0.740016448190809 4509.223486117695 -0.00036923859733460363 0.44536493861559096
1.2388041377623158 0.740016448190809 4509.223486117695 -0.00036923859733460363 0.44536493861559096
1.4474924207888598 0.6444692023933656 4090.274989600623 -0.0008637026634253733 0.883121552067867
1.2492863784003343 0.6189697317044205 4366.618070500523 -0.0003681979237679764 0.3943257988528297
1.5997617394579406 0.6435896261931002 4864.997824386841 -0.00027772964662753667 0.8722076793823055
1.255127811431885 0.7030432596802711 4449.383119761944 -0.0001130774522027045 0.48824822902679443
1.2915059282835255 0.6046531679621806 4390.433900999622 0.0001360350531505882 0.5312464583815603
1.2915059282835255 0.6046531679621806 4390.433900999622 0.0001360350531505882 0.5312464583815603
1.2559698302662805 0.624667158936921 4185.516086040644 0.00011684384078556532 0.6065497983549708
1.3947364268878593 0.6913064237958112 4580.73501111987 0.0001753521817272982 0.7099627329524122
1.3947364268878593 0.6913064237958112 4580.73501111987 0.0001753521817272982 0.7099627329524122
0.9934189298478431 0.6232204991546064 4954.996768903743 -0.00010896335474694878 0.30747057453000204
1.1557153984563753 0.5658540804880277 4924.703002897394 -0.00043135287996084353 0.40371123552487875
1.395285034741292 0.6129872869438582 4189.481143727861 0.0003861242454204941 0.8296395680297679
1.395285034741292 0.6129872869438582 4189.481143727861 0.0003861242454204941 0.8296395680297679
1.207853043938672 0.5126273578024564 4948.788535422744 -0.0004987230409355919 0.5635952579486484
1.0983790854835065 0.6904317768884992 4822.62903008009 -1.921754990443714e-05 0.27311773809335615
0.9986659244104268 0.5411464679958409 4918.681698543626 -0.0003006764114117254 0.2911520792253548
0.9986659244104268 0.5411464679958409 4918.681698543626 -0.0003006764114117254 0.2911520792253548
1.1326078861016158 0.6767685931871288 4883.617212213985 -9.76765864135487e-05 0.3186239664105283
1.1949634704246794 0.6199787768744021 4306.423015035911 0.0006564325057503477 0.37380586714405517
1.1949634704246794 0.6199787768744021 4306.423015035911 0.0006564325057503477 0.37380586714405517
1.4059002606661775 0.6019935729407528 4039.885871910079 -0.00038140221861575156 0.8591060806417212
1.4933289695189598 0.5181624962976348 4598.65898949561 -0.0004038407515512323 0.8200581986539879
1.2406501208581262 0.588191175409629 4474.971988018357 0.0007709061664504576 0.3803831327281707
1.2743896766134903 0.7363773787381147 4465.101218614775 1.5329513859935463e-05 0.7927786544909328
1.2743896766134903 0.7363773787381147 4465.101218614775 1.5329513859935463e-05 0.7927786544909328
1.2551175444496996 0.621438050874075 4236.834482434976 0.00023589516506983924 0.4150300260457234
1.3525231197637086 0.7202517063082077 3942.114739437209 -3.1898430149353996e-06 0.7630551370640241
1.3525231197637086 0.7202517063082077 3942.114739437209 -3.1898430149353996e-06 0.7630551370640241
1.308457922832472 0.5713516600072568 4351.536649735802 0.0008536085160213287 0.7627708080703689
1.3239578011818864 0.6675875274494705 4445.158588762294 0.00012264073463352115 0.657494363463465
1.3558316441544331 0.6503673260811996 4905.827925347494 -0.0005305051506131228 0.7653353936537856
1.3272178326148805 0.591002228151592 4192.855135409688 1.5909029110239826e-05 0.7286757200507552
1.3547598459075876 0.5787007980897746 4671.085109607726 2.9637130483180658e-05 0.8635090190282249
1.3547598459075876 0.5787007980897746 4671.085109607726 2.9637130483180658e-05 0.8635090190282249
1.2272362284878686 0.6862138094718931 4501.830329501239 -0.0001795211530240618 0.6285613022367138
1.11238309424182 0.6515958388117964 4639.573974629607 5.7380071940578795e-05 0.3153019622900449
1.11238309424182 0.6515958388117964 4639.573974629607 5.7380071940578795e-05 0.3153019622900449
1.4834196061301763 0.5798663790638966 4169.117976652779 -0.00011057176109732841 0.6881599136051021
1.4834196061301763 0.5798663790638966 4169.117976652779 -0.00011057176109732841 0.6881599136051021
1.3310653418074194 0.6343749415745781 4178.050789303265 0.0004417033140781055 0.7629973094743183
1.2922329247276443 0.6610395687534222 4619.940777673601 -0.0009626123507493965 0.859266401509218
1.531853584684645 0.5138727367066583 4080.0262955498165 -0.00019861025100526112 0.7260674732190495
1.531853584684645 0.5138727367066583 4080.0262955498165 -0.00019861025100526112 0.7260674732190495
1.225699401009739 0.6475264271934755 4288.039000151536 4.2722886953762384e-05 0.7537802557097671
1.295966339285337 0.6132573808394362 4336.266796244208 0.0006586112595444785 0.7072208291823053
1.295966339285337 0.6132573808394362 4336.266796244208 0.0006586112595444785 0.7072208291823053
0.9974483013482575 0.6646752881100181 4454.9820786765795 0.0004072116845996862 0.2704218611349513
0.9995668699977058 0.6813693093567429 4790.6233992712005 -0.0005709762683366003 0.3006039415987419
1.4338408863619905 0.6108920745932653 4064.456437778468 -0.00019547452301615649 0.7071170107239689
1.4338408863619905 0.6108920745932653 4064.456437778468 -0.00019547452301615649 0.7071170107239689
1.1826130821619572 0.611780250397141 4652.38962725297 -9.76453817256041e-05 0.4186856042767008
1.2209140055620902 0.7153337351374609 4768.008613734111 -0.0002545460719858192 0.6212611899751402
1.313704961787208 0.55729894689638 4344.949513526498 -0.00018978709855118245 0.46820607189414154
1.0911246865522668 0.5877395250850467 4775.749179528156 0.00023807392161764374 0.3106926223017553
1.0911246865522668 0.5877395250850467 4775.749179528156 0.00023807392161764374 0.3106926223017553
1.3391574910369708 0.5809540545761913 4531.957684942865 -0.0004604453353484524 0.7604789423332783
1.3391574910369708 0.5809540545761913 4531.957684942865 -0.0004604453353484524 0.7604789423332783
1.2593814072676082 0.6546533618374988 4692.288170819407 -0.00040903549276106896 0.8054173285894253
1.220512084861209 0.5778684272753778 4484.5844591652585 4.571558923467726e-05 0.7021017819857645
1.1239091681626563 0.5483455993808459 4882.288140549937 0.00043277300525377936 0.31682778542677353
1.0741425257799424 0.6024589988015825 4435.778419864168 -0.0001069118767642268 0.30814689945404095
1.0741425257799424 0.6024589988015825 4435.778419864168 -0.0001069118767642268 0.30814689945404095
1.4472662827669154 0.6724654484411284 4113.053066872387 -0.00023396491010402746 0.8195860701509577
1.261745190323617 0.5882807563484255 4413.198301355424 0.00027013278976737446 0.43242925578758556
1.387728569559168 0.6579220406589394 4508.268931557364 -0.0004032425560435484 0.8152734584477107
1.366420975529958 0.5037024215898256 4905.293967778615 -2.1540444841999076e-05 0.7407636303884263
1.366420975529958 0.5037024215898256 4905.293967778615 -2.1540444841999076e-05 0.7407636303884263
0.9649031219678436 0.589088167688736 4630.579104003899 1.2402354699134944e-05 0.27368694477212524
1.243716313026966 0.6006563365330884 4089.973403716783 -0.0005046921577100391 0.34214402103295954
1.2157993584256663 0.6789439988869965 4588.390226326761 -0.0005760067592211764 0.5470302165637755
1.3469137770536541 0.700813786008898 4395.299935896594 -0.0006355444530679755 0.7931752103989324
1.3469137770536541 0.700813786008898 4395.299935896594 -0.0006355444530679755 0.7931752103989324
1.1127069761046877 0.6671592284415773 4975.958291815126 -0.000506873669769371 0.2649196879007528
1.2102339998480052 0.717778594137339 4368.86329637468 0.0007555138343321203 0.419593090061786
1.4324343520613847 0.5110345226856001 4804.744602410724 0.0003679699521532719 0.8418819216659309
1.3932002686024765 0.6048967285028843 4090.3866893448003 0.0005188776438754891 0.5656296900920412
1.0588191353190153 0.6615791206254216 4244.308141252561 0.00014707842640384634 0.29223045149649646
1.3676357400608643 0.5608282741226958 4684.423136735369 0.0003985213183683121 0.8348176970686713
1.3676357400608643 0.5608282741226958 4684.423136735369 0.0003985213183683121 0.8348176970686713
1.250513585462371 0.685760089290705 4378.47810854186 -0.000982890071502593 0.6662109742469757
1.1734398267037707 0.574878103587585 4437.373456544915 0.00038885166617729666 0.5195002069855159
1.1880482925763702 0.6672690051643438 4354.480468872283 -0.0001466743826232452 0.5217640031287205
1.2104956644378022 0.5962035889559792 4606.520481457906 -0.00017049657805123453 0.4214682750062969
1.1955401714170832 0.6044175056871737 4187.989150730074 0.0006632105211496547 0.3802643167927665
1.1988519388239642 0.5940381937410637 4437.055389378711 -6.610929345305686e-05 0.7300917262403714
1.1988519388239642 0.5940381937410637 4437.055389378711 -6.610929345305686e-05 0.7300917262403714
1.3054701987734507 0.5513167685419759 4351.062124840776 0.0004634519851430064 0.7176305137303438
1.3439701513239513 0.5784025180885914 4981.764243892851 0.00041137008980172756 0.6396321451053325
1.3439701513239513 0.5784025180885914 4981.764243892851 0.00041137008980172756 0.6396321451053325
1.0837568429777333 0.696161988022131 4253.095972709797 -0.00046426926779171573 0.2989090387692863
1.3476833855558739 0.7055324326761047 4454.094763169958 -0.0002458779865012536 0.9704814194393081
1.3334062006027592 0.5899796395786255 4262.716631297183 0.000489349372757612 0.6734989558263034
1.4440734099995798 0.5759057158985479 4704.212508229156 -0.00012125019924348925 0.8563537728328334
1.4440734099995798 0.5759057158985479 4704.212508229156 -0.00012125019924348925 0.8563537728328334
1.4677995204925538 0.6750586926937103 4747.783406496048 -0.00039083436931757794 0.8761947751045227
1.4677995204925538 0.6750586926937103 4747.783406496048 -0.00039083436931757794 0.8761947751045227
1.326889092668653 0.7419818058909426 4802.340465408393 0.00043588623957797684 0.6062252188932317
1.341035433404497 0.6136354302827092 4593.553200140972 -0.00041591434532205337 0.7584893068426325
1.2457684637792104 0.6971918677284756 4888.202386924829 -0.0004647569545969253 0.8045954307468574
1.014220081800319 0.6621381781315945 4797.729363016424 -0.0005995880264517532 0.2575126950693226
1.014220081800319 0.6621381781315945 4797.729363016424 -0.0005995880264517532 0.2575126950693226
0.9833241938946808 0.6041334867934366 4562.8334014879765 0.0008505043309290088 0.3001095472030033
0.9833241938946808 0.6041334867934366 4562.8334014879765 0.0008505043309290088 0.3001095472030033
1.2070360110962546 0.5812602941247873 4742.446578778667 0.0005363306499500831 0.4981245443343054
1.2806624657397858 0.5548388393993267 4839.750817095735 0.00012312079023077573 0.7155024474887095
1.2806624657397858 0.5548388393993267 4839.750817095735 0.00012312079023077573 0.7155024474887095
1.3628306150344462 0.5535459351984289 4762.0332473311155 0.00028121388269365725 0.6892342924152726
1.3628306150344462 0.5535459351984289 4762.0332473311155 0.00028121388269365725 0.6892342924152726
1.2624683645370995 0.5426726306318159 4784.4925479976 0.0006940644944484157 0.5961139244284436
1.2155754522238935 0.6587866798990603 4705.592514292323 -0.0003307966006125797 0.6695824200839426
1.2161729358454216 0.7481229053712414 4272.876777587671 0.0003079478186698361 0.3925045675033969
1.2970755333527497 0.7238408732506438 4851.14518672399 0.00023778979672989858 0.4890834974677662
1.1773157216556605 0.6277480953275806 4957.191753812226 -0.0003356515571522105 0.2713515829300186
1.229771760737893 0.6410381753670031 4193.626707592096 0.0006871013375256998 0.3912527729407691
1.1960710741581957 0.5430051142722477 4138.133273015369 -0.0001531140671397489 0.7458656380406589
1.2737541622301227 0.5199629133195458 4787.099486976871 -6.210464501415782e-05 0.7289395769267656
1.2516073052660528 0.5816945854631702 4519.618947693058 0.0012896650274310814 0.8151344724045967
1.3023054737058768 0.5513081160476231 4306.188843469545 9.737818069734397e-05 0.5495633090860876
1.3835336130350187 0.5468816816072942 4659.122274544771 0.000825502338224534 0.7426505390256231
1.0900893520610944 0.6078037872855644 4886.981550979526 -0.0005882200510463625 0.2706995949404497
1.0900893520610944 0.6078037872855644 4886.981550979526 -0.0005882200510463625 0.2706995949404497
1.2680623855557747 0.5305002965691343 4894.396676955557 0.0005745267608331684 0.8057166318630656
1.2680623855557747 0.5305002965691343 4894.396676955557 0.0005745267608331684 0.8057166318630656
1.1960248873081882 0.5394440619596812 4310.69051498461 0.0005693255053826722 0.5785563300400829
0.946401320617851 0.6247292322169935 4896.138047732374 -0.0004372969877850293 0.283741319152789
1.1503681472659741 0.5723919598126785 4882.182801019391 -0.00026368730384748854 0.4089451925775942
1.2708133695106858 0.6369813543469878 4819.983607858792 0.000186664900356501 0.660613759678151
1.212336984883391 0.5714796315146651 4925.397063173969 0.000867839441045232 0.6432037525425713
1.2975052579872792 0.7230940181964055 4731.557482879244 -4.001311277542903e-05 0.9898915034358787
1.074700803451035 0.6713988165895547 4186.646975270167 -1.659316777263533e-06 0.32008722464377526
0.9498966736531438 0.5971064409810938 4700.597775522727 -0.00030779173950967764 0.26315174704782546
0.9498966736531438 0.5971064409810938 4700.597775522727 -0.00030779173950967764 0.26315174704782546
1.2988336603066348 0.7222182095341406 4671.931707640244 -0.00021293662937427586 0.7792541230421274
1.3053649813722197 0.679221080321777 4193.978350356655 0.000857896448238837 0.5006217534833547
1.2284999775834304 0.6957711692925336 4017.257740377818 0.0005279719440066841 0.49713448058193155
1.2969925198950543 0.6396932196539574 4020.3267541769815 0.0009439629098767042 0.5784668628421393
1.2969925198950543 0.6396932196539574 4020.3267541769815 0.0009439629098767042 0.5784668628421393
1.2717266981787942 0.5614740695011858 4235.839914120186 -0.00013265816634596485 0.8429551881379688
1.2717266981787942 0.5614740695011858 4235.839914120186 -0.00013265816634596485 0.8429551881379688
1.2610089624946148 0.7520576295330329 4750.592955846469 7.826347472023847e-05 0.3855879427881388
1.2610089624946148 0.7520576295330329 4750.592955846469 7.826347472023847e-05 0.3855879427881388
1.2982883186493797 0.707773248679425 4196.508929983182 -0.0005500972549949431 0.37766474298638164
1.2982883186493797 0.707773248679425 4196.508929983182 -0.0005500972549949431 0.37766474298638164
0.9130295234659406 0.5998160298214824 4235.608309957546 0.00023251981260466532 0.2731639469919679
1.1096113334795066 0.5585373464807073 4889.527429712558 0.0005063306839128908 0.35391187410547287
1.1096113334795066 0.5585373464807073 4889.527429712558 0.0005063306839128908 0.35391187410547287
1.4784549777916358 0.6845891164910276 4813.729941396091 0.0004657143935634402 0.9893905493026577
1.4784549777916358 0.6845891164910276 4813.729941396091 0.0004657143935634402 0.9893905493026577
1.3380800360570224 0.6419773572699518 4604.080268530379 -0.00044167169491090994 0.8795803028081468
1.3380800360570224 0.6419773572699518 4604.080268530379 -0.00044167169491090994 0.8795803028081468
1.5385315611908594 0.6564433850360833 4850.6231637965 -0.0003191910992218981 0.8322994401220647
1.1014548275709277 0.68909872210104 4402.801016856081 -0.0005765849125965055 0.30661727475148676
1.1014548275709277 0.68909872210104 4402.801016856081 -0.0005765849125965055 0.30661727475148676
1.328439462258952 0.538252885576338 4792.341812710104 0.0002266658969592157 0.6404950702127614
1.328439462258952 0.538252885576338 4792.341812710104 0.0002266658969592157 0.6404950702127614
1.37492995262146 0.5032358765602112 4914.915467619896 -5.764965688013198e-05 0.6847605109214783
1.1971488801710102 0.7084105880915 4227.790321639232 0.0003236686200759432 0.48127778704407514
1.3352710141079678 0.6197898183046207 4142.357891863301 0.00016186057306915593 0.5330639339738884
1.352736993602318 0.7501785194685529 3979.6808579774606 0.0008770333381641011 0.5019067408883122
1.4849194416875964 0.5490951006501905 4032.052405002875 0.00029863875970874773 0.7400698794769203
1.2878678840037088 0.5446908237516698 4988.060042257266 -6.36296497722418e-05 0.7573677456756712
1.2878678840037088 0.5446908237516698 4988.060042257266 -6.36296497722418e-05 0.7573677456756712
1.2993414882917595 0.614830199115987 4513.099378308618 0.0007402457334022192 0.7601779684424648
1.3408119341584737 0.5227784139639968 4501.118755324472 -0.0005786014224260389 0.6990521814077579
1.3408119341584737 0.5227784139639968 4501.118755324472 -0.0005786014224260389 0.6990521814077579
1.3006254722171549 0.5769998970731326 4646.229341093328 0.0004113023879637212 0.7967275249431633
1.428686423884304 0.6701178172736294 4046.5630112744857 -0.00031124613728674214 0.9671694176432941
1.3555894671242266 0.5336246063196495 4460.815248586287 -0.0005592013005367987 0.754085875266827
1.2701689174928306 0.7012174719501393 4936.527428385563 0.00043969213872777573 0.9615741978090798
1.2967899194942776 0.6591287903672213 4080.020248162299 -4.3549327408482696e-05 0.45939004747419343
1.2967899194942776 0.6591287903672213 4080.020248162299 -4.3549327408482696e-05 0.45939004747419343
0.9548405339648649 0.6557499900147473 4795.920823412332 0.0007622766486553473 0.28924454398606914
1.394054132202274 0.5681169098816887 4253.378528636253 2.9364099332740545e-05 0.837026983667881
1.394054132202274 0.5681169098816887 4253.378528636253 2.9364099332740545e-05 0.837026983667881
1.442155842603616 0.5938441106426792 4836.165625100341 -0.00014752467207921065 0.663714950671094
1.286697379829931 0.6177738673861575 4030.7267210013933 0.00010946365168436643 0.5139282980112827
1.2839680276794985 0.6796956871008917 4723.421105550825 -8.832432621724846e-05 0.769749305992331
1.4244226626618257 0.6348298530372526 4234.595767038773 0.00016002523686801451 0.67144306693601
1.4244226626618257 0.6348298530372526 4234.595767038773 0.00016002523686801451 0.67144306693601
1.1703736580664383 0.6433295481910479 4483.598896796153 0.0005353222079034162 0.4158343581466892
1.2105973637693124 0.7223139580016458 4782.120669525634 -0.00028660628808479946 0.47869923814804993
1.329764569759705 0.5576821105746682 4592.678009830598 -0.00023488595933528482 0.7024703637173446
1.418356337654159 0.6197069620965915 4606.338886296636 0.00016697024981319108 0.8300337472301886
1.3611012927078003 0.5937271781403552 4300.514193496484 0.00010532403135389062 0.6862780799615628
0.9923259876478766 0.6545361988179808 4821.540285920498 -0.0002496290889475368 0.28523745478198537
1.2617590196902957 0.7104389413132965 4680.270456355515 -0.00010387079274970279 0.9984893071080954
1.2483653379543211 0.7189138254485725 4191.242702639803 0.000519441783845334 0.47317726792565556
1.2483653379543211 0.7189138254485725 4191.242702639803 0.000519441783845334 0.47317726792565556
0.9934946724512315 0.5874421134809213 4915.597364536005 0.00019473411923687676 0.2587094497933853
1.3733615028079373 0.6260569184699759 4897.558053345586 0.0005749426089182064 0.8654441687030563
0.9353187780397758 0.6384925689321452 4955.9764839333575 0.00017282836314136779 0.25697228085303986
1.3682844896646422 0.673113673079089 4346.3259577432855 0.0002181864707371152 0.9460200715744458
1.5052712632387273 0.5377518885023269 4168.738374230809 0.0006704140531418181 0.751580006328098
1.5052712632387273 0.5377518885023269 4168.738374230809 0.0006704140531418181 0.751580006328098
0.9008067568550234 0.5352227428874878 4955.640632545689 0.00033555477086052944 0.2616909343486934
1.3379159715350817 0.5392638441164777 4606.32166872183 -0.00022196718161407244 0.7423171841235496
1.3379159715350817 0.5392638441164777 4606.32166872183 -0.00022196718161407244 0.7423171841235496
1.289474481529135 0.6627062949513323 4684.369421796217 -0.00019048666484726922 0.9260919141743659
1.336415676953457 0.5606517036022504 4787.9409211226675 0.0008352177654648814 0.6442605785286046
1.2313321606119891 0.685994984763057 4614.402410327104 0.0003004607644666968 0.30738970538005395
1.2313321606119891 0.685994984763057 4614.402410327104 0.0003004607644666968 0.30738970538005395
1.0250295261517055 0.5990503196420804 4450.647333227697 2.3786601289795212e-05 0.26474906768373824
1.0250295261517055 0.5990503196420804 4450.647333227697 2.3786601289795212e-05 0.26474906768373824
1.1782431394187889 0.6499396775631636 4553.489577148328 -3.8450292970719814e-05 0.39178821247642054
1.5741279006004336 0.6114334985613823 4030.701046228409 -0.0006168406476808843 0.7343180775642395
1.1738805780937935 0.5758102712308235 4868.8744990106015 -7.81198079720015e-05 0.5581456942579042
1.481348581097481 0.6222826748624982 4969.49395669659 -0.0001375668381788437 0.994176761708515
1.481348581097481 0.6222826748624982 4969.49395669659 -0.0001375668381788437 0.994176761708515
1.4052167495949897 0.5652322401044774 4433.317289090269 0.000529087163150426 0.7200396129381635
1.4052167495949897 0.5652322401044774 4433.317289090269 0.000529087163150426 0.7200396129381635
1.3400082609456916 0.6220809305097241 4703.899879101556 0.0001776822502479846 0.9181860057116296
1.3400082609456916 0.6220809305097241 4703.899879101556 0.0001776822502479846 0.9181860057116296
1.274271227177577 0.5881976540199153 4479.28936301486 4.336601569750169e-05 0.7440167198860215
1.1860183979894572 0.6677293401015716 4782.644733116728 -9.401269235705877e-06 0.32045074851504596
1.2568663249999088 0.5548542221164128 4860.717100986967 -0.0001915435140323809 0.7466504698177931
1.3471005948230808 0.6732502249885625 4856.890486944079 0.00017899430928406207 0.855240296959469
1.272293320893656 0.7214568527346985 4593.042620381077 -5.871679298849385e-05 0.5103392470104451
1.1590870340128572 0.7199773502356066 4766.093797398619 -0.0003450002282807182 0.35961850972435594
1.121175869896798 0.7334867135551075 4574.286857193362 -5.430606563775267e-05 0.3460949654059197
1.1909019351005554 0.7021147608757019 4728.499534070492 0.0005999880065990804 0.4671759009361267
1.1909019351005554 0.7021147608757019 4728.499534070492 0.0005999880065990804 0.4671759009361267
1.3055166308423418 0.5670450120634216 4948.809645165771 -0.000876225684932685 0.5961518644925605
1.4201854463168764 0.5739972895494734 4500.885404920084 8.709103684749143e-05 0.6486907897984693
1.386051198601824 0.6260277942362815 4404.123244666388 -0.00010074409237015198 0.8819479537950413
1.215236055425232 0.6198847682795129 4487.989557914657 -0.0004295220998832067 0.3698170070465759
1.2904647838870915 0.5342120201288438 4376.815090166455 0.0005060584751393812 0.7195049656303876
1.2853523274465188 0.5624522579252662 4919.755163105602 0.0007703265445849318 0.644507351415033
1.1793423183026286 0.6718484138414514 4358.429946549592 -0.00042903111547027626 0.6192946371429982
1.2929816849081583 0.5694436056796914 4200.068738918642 -5.0789808577752576e-05 0.7659361902093682
1.4075261657720435 0.6392290740472046 4921.3872321385925 0.00039734953479801205 0.9429394126006525
1.2236645143911302 0.699903323769516 4708.084751553586 -0.00028783167501636523 0.5624467592225432
1.2179906038767494 0.6986503389578844 4140.2646730887045 -8.979248507603646e-05 0.29549678066960544
1.3513537119565773 0.6213097142261514 4625.749635303409 0.00033986642478966923 0.8146289496117256
1.3513537119565773 0.6213097142261514 4625.749635303409 0.00033986642478966923 0.8146289496117256
1.2813609673655464 0.7181539044000741 4553.358700165984 -5.7078911829965596e-05 0.8390340603787332
1.061736603830421 0.6924486836778032 4686.0994792622805 5.2772622997569584e-05 0.3182167472549407
1.3237104437668339 0.5919134152519251 4875.112594095909 -0.00025803431299292447 0.834812361286653
1.3237104437668339 0.5919134152519251 4875.112594095909 -0.00025803431299292447 0.834812361286653
1.2483263075045414 0.7396059803965751 4024.1025296019375 7.209862972404103e-06 0.37306622833848313
1.2483263075045414 0.7396059803965751 4024.1025296019375 7.209862972404103e-06 0.37306622833848313
1.4804153372371789 0.5970117020127387 3965.3080839718727 1.7402149513743106e-05 0.7000428733258717
1.1287564975279438 0.6709408273410188 4548.378857317222 -7.517221581638117e-05 0.2829093356351311
1.383428898287193 0.6904051229210397 4537.650130776074 3.95672905280436e-05 0.6597297957120966
1.28592349926241 0.6632708452071621 4452.971523713289 -0.00015887772637545878 0.9295742097461602
1.28592349926241 0.6632708452071621 4452.971523713289 -0.00015887772637545878 0.9295742097461602
1.3347141302707946 0.552305477014936 4377.419383411719 0.0004365371311966569 0.8276331373752719
1.456468182559981 0.6477711176263882 4090.0360676975342 -0.0006546717910043307 0.7239784619293207
1.456468182559981 0.6477711176263882 4090.0360676975342 -0.0006546717910043307 0.7239784619293207
1.3701190599167634 0.5508111539301347 4734.578074209828 1.2636733519449e-06 0.8151873270166452
1.2638091339602802 0.6011228579010482 4754.9010533797555 -0.0007371215221759163 0.7919793835560807
1.2638091339602802 0.6011228579010482 4754.9010533797555 -0.0007371215221759163 0.7919793835560807
1.3607213980905848 0.5473680936130145 4679.863157195804 -0.0002208682961319842 0.7393596880041714
1.3607213980905848 0.5473680936130145 4679.863157195804 -0.0002208682961319842 0.7393596880041714
1.3323310776586543 0.5677572751981363 4760.469545119124 -0.000670401804745389 0.8961336025969898
1.19058624645834 0.5545779625965742 4676.458891464672 4.31254845309567e-05 0.3932135779137841
1.2815336576340093 0.6522572781800817 4555.165799763521 0.0003579859933734553 0.5126540989446148
1.346501180455747 0.5793967812321873 4905.437881216917 -0.0006172941705297801 0.8735718821340148
1.281513695994823 0.5764824817257154 4807.075200050393 9.919232718128611e-05 0.576062641330074
1.281513695994823 0.5764824817257154 4807.075200050393 9.919232718128611e-05 0.576062641330074
0.9440880343229878 0.6130774956544108 4736.440493486078 0.0004171437909110478 0.2854600794265406
1.2267946150313045 0.636902563013194 4640.672392141471 1.743605900507608e-05 0.7687891786014435
1.2267946150313045 0.636902563013194 4640.672392141471 1.743605900507608e-05 0.7687891786014435
1.367222158307068 0.5338377585707406 4522.296600088862 -0.0004992652809412399 0.8045613377318404
0.9480227138692371 0.6229784768718841 4687.3070441265845 -0.0007038249684504123 0.2852505057488628
1.3268312573432923 0.5651636123657227 4621.748621106148 0.00015693862445347246 0.6428238153457642
1.3064699356596843 0.6849701361419793 4450.1605678391725 -0.00029440500185930424 0.783422630792374
1.3153851426838177 0.6689881463163617 4399.358979529917 -0.0005211012085253209 0.9012480696772578
1.282390785496443 0.5315868664874138 4681.5254420341735 5.633913727456348e-05 0.6664493095220592
1.1926153075000558 0.5611611102633737 4951.683324971472 -0.00024420452555120323 0.4268459638736918
1.0368118174649252 0.6856860067555621 4934.645402928391 -0.0001244079330303192 0.2737134856743088
1.162009055015383 0.5785868322616029 4618.070599709429 -0.0006204438599516097 0.2935028446472338
1.162009055015383 0.5785868322616029 4618.070599709429 -0.0006204438599516097 0.2935028446472338
1.254919749388843 0.6795540766313979 4135.5937110973955 0.0016453267853611905 0.356220503553298
1.5221605918045698 0.6279714998334979 4524.266580258125 0.00019084300544641746 0.7283610704106271
1.4183773837922866 0.5643544082200092 4024.135681265059 0.0002935780900994115 0.7774501596349948
1.4183773837922866 0.5643544082200092 4024.135681265059 0.0002935780900994115 0.7774501596349948
1.4291082147607845 0.6038280522646624 4802.823905038889 -0.0005235402544463165 0.6803373161268873
1.2071813577824302 0.5554501709284194 4879.892862481889 -0.0001112977496084697 0.6482392395292962
1.306622204244914 0.6744597231994913 3985.6578020672005 0.0008677239080422079 0.31406896319632044
1.306622204244914 0.6744597231994913 3985.6578020672005 0.0008677239080422079 0.31406896319632044
1.2852072078277939 0.5943694145679406 4984.42140787485 0.00021274774850636892 0.7857256779183821
1.2852072078277939 0.5943694145679406 4984.42140787485 0.00021274774850636892 0.7857256779183821
0.9315667889470322 0.6120415032680487 4814.950135824609 0.00017409665140474942 0.26929330137878726
1.4920769386094066 0.5806634705837996 4304.62445877647 -0.000435050869842146 0.8261579740882978
1.2613182316632072 0.5583170672454713 4677.722049189343 0.00046831907982590064 0.5863523967737861
1.2653773348062924 0.6130005378844752 4630.614303545656 0.001128932536471592 0.5106644348169226
1.3076330573408959 0.5557027566934785 4711.18446867846 -0.0003992516957891985 0.8224872269208452
1.3076330573408959 0.5557027566934785 4711.18446867846 -0.0003992516957891985 0.8224872269208452
1.3281031267459371 0.5748238643579768 4136.101495531264 4.797728197595619e-05 0.8196051113457551
1.3734551437719116 0.5728450922297469 4552.768730861713 0.0006394990726106965 0.702129443649663
1.016208504793601 0.5645271563986943 4824.00181217236 0.0005160817525718917 0.2761282756243855
1.249587512388931 0.5722550780947446 4882.3738605241515 0.0001868144139574059 0.5587292483995214
1.1117504471276447 0.5659262204784117 4570.5089341204075 0.0002795836310179787 0.3160277051999465
1.1297494132149035 0.6215302002666582 4683.989058735305 -0.0008400479680542618 0.34315156056538937
1.2630153021756165 0.563873090788482 4889.58311440774 -0.00021073152021872495 0.7717356261138717
1.1134479025016573 0.7259675824068272 4449.62699727655 -4.240193930071595e-05 0.3336177217404445
1.4386519777113844 0.5509549613561571 4975.133268260942 0.0003311001679982704 0.7884365959102099
1.122382530996599 0.6203193966512232 4435.386455163367 0.0008784201344404706 0.3743738812842997
1.122382530996599 0.6203193966512232 4435.386455163367 0.0008784201344404706 0.3743738812842997
1.2748867723173976 0.5918022090606678 4530.896539200206 -0.0005401873665073575 0.8050314720219873
1.5671356413078334 0.5856418292449843 4328.672930613581 -0.0005422759117826233 0.7738647513929271
1.2781304121017456 0.5473690629005432 4873.099812269211 -3.0130150968582953e-05 0.701495885848999
1.312085650367321 0.6146104551651748 4146.504980815004 -7.560184333399041e-06 0.8546442272434468
1.28269606613674 0.5289235009752509 4270.3510768107535 -0.00021740550483198372 0.6123432994699068
1.28269606613674 0.5289235009752509 4270.3510768107535 -0.00021740550483198372 0.6123432994699068
1.326628786849485 0.5517902723212715 4490.536004496388 -0.0002144245398840954 0.6112206411525531
1.167944280065656 0.5573998159954774 4681.264062735264 -0.0006884228504375174 0.4863265049695081
1.167944280065656 0.5573998159954774 4681.264062735264 -0.0006884228504375174 0.4863265049695081
1.122485743890601 0.6002682474283972 4964.305149617411 -0.00014880047138609074 0.33427206690027605
1.122485743890601 0.6002682474283972 4964.305149617411 -0.00014880047138609074 0.33427206690027605
1.3303773280121398 0.5539020003267013 4896.038469168362 -0.0005356976214172198 0.6393506728252389
1.4091487052298495 0.6539192642836396 4434.369738935039 -0.00043384477836750794 0.9209345361954118
1.2526127592534373 0.5492176577480862 4641.90453754727 0.0009672188796973158 0.6011532561425404
1.190116982591177 0.5776631484144826 4893.067152110738 -3.9218542401903105e-05 0.5232312016178752
1.190116982591177 0.5776631484144826 4893.067152110738 -3.9218542401903105e-05 0.5232312016178752
1.2959121952182704 0.6468365412975866 4648.103524196443 0.0006655132423541896 0.7819794354825197
1.3817833839605451 0.5777873742731059 4691.635973014963 -5.827722731155548e-05 0.8764454377794011
1.52849502566148 0.6533299741023445 4306.393280363621 8.82334295096021e-05 0.8742675062500253
1.2784196609336473 0.7718224976299941 4822.4528830799 0.00010993548920744923 0.7937476215239418
1.2784196609336473 0.7718224976299941 4822.4528830799 0.00010993548920744923 0.7937476215239418
1.3335627933824283 0.7207017793856276 4053.7364145653673 -7.410290072952614e-05 0.7318548427448244
1.375456176628897 0.5870121676719314 4912.339533666981 0.00021550208372530228 0.6304254143852275
1.302168439034331 0.6780410715619939 4461.18909127479 0.0001291199901970163 0.8705217892074513
1.429163611629781 0.6386215479650267 3982.9589218973256 -0.0006601046384613352 0.8850272168320688
1.429163611629781 0.6386215479650267 3982.9589218973256 -0.0006601046384613352 0.8850272168320688
1.2882217925517163 0.548660432889146 4579.544071346351 0.00019547384784630924 0.7712149504323207
1.3006387839224183 0.5446517539603872 4907.1072384403005 -0.00046962424928194326 0.74001263236494
1.1452585503535568 0.6199113919378691 4285.081349838918 -0.0003057229480049812 0.5084757463048891
1.1452585503535568 0.6199113919378691 4285.081349838918 -0.0003057229480049812 0.5084757463048891
1.2586101580468505 0.715303957966127 4519.859750794612 -0.00017546791495315673 0.9045016813388567
1.5593480040270151 0.6116416769038387 4096.22988031282 -0.000291244590909425 0.8951326091005226
1.1357134408118266 0.7040011854569532 4625.467082017605 -0.00010118447406748295 0.39697681435820975
1.2509620932631438 0.7106899232060109 4664.829503851293 -0.00026874478195615284 0.40443667209941225
1.2509620932631438 0.7106899232060109 4664.829503851293 -0.00026874478195615284 0.40443667209941225
1.518380799370537 0.6193723034917827 4512.909751601216 -0.0003854713149084971 0.7863468182953186
1.268579659763969 0.6710289248348009 4396.196340645686 -3.723319333609409e-05 0.6372979830930936
1.213237265860972 0.7093004492546734 4035.0842358843524 -0.00013788909185943833 0.3976903629275894
1.1608189105448663 0.6661630230905089 4692.440116734418 -0.0007638376434533587 0.539791063481715
1.1727634874776507 0.7041578746996678 4735.067619409674 -9.023624882006717e-05 0.5793149404813489
1.1406644246932576 0.5470825981047386 4861.476559486237 4.731841953624175e-05 0.4104159270815285
1.3481213060467143 0.6136760953528821 4829.412968860532 -0.0005945018498520441 0.678631196985017
1.4079299631284306 0.5081017951513882 4836.561620777178 -8.33876296759011e-05 0.7540280066079544
1.2275680789903336 0.5875246653635193 4475.057745359694 -0.00020754690854338765 0.5757152069926781
1.2275680789903336 0.5875246653635193 4475.057745359694 -0.00020754690854338765 0.5757152069926781
1.310164393594981 0.5313891670872519 4939.18700945952 -0.0004697098606509065 0.7628369443467972
1.32107107827835 0.6897983801270712 4316.073609539089 -0.00023195684519140196 0.9027734562131633
1.379349542851188 0.5553925037383585 4864.433564621813 -0.0009010850173079524 0.7536585958044164
1.1551601050170834 0.6721799158292323 4142.601398920306 4.1712649135159115e-05 0.3292500688473761
1.3365990241494665 0.5499465957369334 4449.89581462091 0.00012315744976810564 0.7263071551429761
1.1631555059333922 0.5818215861963462 4182.837699846022 0.00019300847990567796 0.3662322166020286
1.0712620827500818 0.6621045753143142 4779.192775064017 0.0002801916306054621 0.3168273351742781
1.0712620827500818 0.6621045753143142 4779.192775064017 0.0002801916306054621 0.3168273351742781
1.3595263271635794 0.5533011026214404 4526.532322307868 3.4237329069094386e-05 0.6521480825972462
1.3595263271635794 0.5533011026214404 4526.532322307868 3.4237329069094386e-05 0.6521480825972462
1.2385917056325622 0.5567916198986597 4673.606445713957 -0.00030951328785038744 0.7319240094263675
1.4710921292362618 0.6055967753040147 4080.1136704386295 -0.0007254602275643248 0.6966065909470707
1.2970553589065703 0.5294243973620218 4322.751759537891 0.001183818221628629 0.7809511556267994
1.3164405820225455 0.7288067786314638 4161.36822390287 0.000276265363895393 0.8045123939670509
1.424436612858412 0.5400487356540979 4203.32717119702 0.000167603588110902 0.6996659257606224
1.4606746775754091 0.6362957911374079 4421.483762207426 -0.0005859907395640406 0.9186226934657356
1.182425781451159 0.5573551183304282 4403.2298871117655 -4.295509083042811e-05 0.35437333932184684
1.449930534210988 0.6059748755047178 4251.800215197629 -0.00019759766076775481 0.7508745363262638
1.449930534210988 0.6059748755047178 4251.800215197629 -0.00019759766076775481 0.7508745363262638
1.2026274675456294 0.6337990768694057 4504.179714204763 -2.0214849142731844e-05 0.4959534759976988
1.2026274675456294 0.6337990768694057 4504.179714204763 -2.0214849142731844e-05 0.4959534759976988
1.3337730403203483 0.6512317751880262 4564.2907386811485 -0.0008247591079176223 0.6515163393871073
1.3121604012271537 0.6673022058088448 4706.277632299854 -0.0006378020873864603 0.7597199617201176
1.210314894919468 0.6851475880847793 4419.290931998192 -0.000375023354369258 0.49490423907453934
1.210314894919468 0.6851475880847793 4419.290931998192 -0.000375023354369258 0.49490423907453934
1.326072120832225 0.5493435351473589 4621.957565720831 0.00017757595542473883 0.7022987761004026
1.3172027625886698 0.5717567156650327 4866.9337411253155 -0.00019670127521395148 0.8462065972934995
1.5156055270939603 0.6694151992546785 4960.209844725725 -0.0002148710827970246 0.8835744872465306
1.5156055270939603 0.6694151992546785 4960.209844725725 -0.0002148710827970246 0.8835744872465306
1.3000063263149007 0.5977962097480701 4686.413922179081 0.00045783765636845324 0.6934374650832782
1.141561365805464 0.6636847605309067 4692.350175422261 0.0004888521031303905 0.41251656522043395
1.141561365805464 0.6636847605309067 4692.350175422261 0.0004888521031303905 0.41251656522043395
1.3489759780476929 0.650100710576258 4684.105772207618 -0.00049376497631514 0.8051895127802221
1.4075891942587826 0.5623152857921023 4149.194718142534 0.00014014226695071446 0.7489496600287147
1.4075891942587826 0.5623152857921023 4149.194718142534 0.00014014226695071446 0.7489496600287147
1.3798550294459475 0.6483854899526953 4197.491729530415 7.391228254344596e-05 0.9136660968009177
0.9740352559069564 0.5762484383623386 4991.361643111121 -8.686791063594944e-05 0.2609019301619563
0.9740352559069564 0.5762484383623386 4991.361643111121 -8.686791063594944e-05 0.2609019301619563
1.3291787638774841 0.5351476217634378 4574.317913592835 -0.0006321559057783531 0.8040407520166262
1.2998419211744334 0.5377583440163283 4435.457586495529 -0.0008282857912905045 0.7030401190710972
1.2998419211744334 0.5377583440163283 4435.457586495529 -0.0008282857912905045 0.7030401190710972
1.2210846919800078 0.6161241893433927 4993.026441534298 0.00015684956307177822 0.6056629015251823
1.0487271657422907 0.6230297724267031 4750.676145553466 -0.0005128232755983223 0.29792533864423354
1.255114380289694 0.6071219469849234 4538.581406559247 2.7433732811016624e-06 0.7619594804674013
1.1045896971577034 0.7220806014297129 4901.591046253561 0.0002903149603691268 0.33906587609644523
1.1045896971577034 0.7220806014297129 4901.591046253561 0.0002903149603691268 0.33906587609644523
1.1704001413466718 0.6193863323076964 4980.84152288487 5.99037846801152e-05 0.31007429096490696
1.2989835413504172 0.6222328873839834 4746.735664030379 -8.744061411890823e-07 0.7061842426296395
1.2398412807179091 0.6377381193696826 4185.054049221066 0.0001506042805308189 0.5592618169546012
1.421258516444409 0.5842546225102037 4396.803871588419 8.230415438706199e-05 0.7367272277128982
1.421258516444409 0.5842546225102037 4396.803871588419 8.230415438706199e-05 0.7367272277128982
1.5695684454175403 0.6478116995970182 4217.000919786608 0.00041934342284528995 0.9438248699863947
1.5695684454175403 0.6478116995970182 4217.000919786608 0.00041934342284528995 0.9438248699863947
1.3743316247014707 0.6335875002821287 4676.2494836153455 0.00028672822572222827 0.9350812464083741
1.3743316247014707 0.6335875002821287 4676.2494836153455 0.00028672822572222827 0.9350812464083741
1.178445808089187 0.5523242234638182 4420.395323107075 -0.0005574632156666111 0.5005368936484083
1.0683341889952447 0.5848723813738852 4873.714517955174 0.0002536154044030023 0.27788922643973163
1.0683341889952447 0.5848723813738852 4873.714517955174 0.0002536154044030023 0.27788922643973163
1.3493133099866554 0.750701136810443 4023.5445046781 0.0004593748510279233 0.5254056423753133
1.1015531914946275 0.6719256835414336 4127.351811834428 0.0002749411012201293 0.30425235023254116
1.1015531914946275 0.6719256835414336 4127.351811834428 0.0002749411012201293 0.30425235023254116
1.1575027870665524 0.6182854047684284 4253.049080212429 0.0003546579083439851 0.33584151121629713
1.1888420653505776 0.6833983000110473 4866.024065353051 -0.0005137070429894422 0.7413325921953988
1.1888420653505776 0.6833983000110473 4866.024065353051 -0.0005137070429894422 0.7413325921953988
1.347991209231311 0.612016074142868 3926.923252481331 0.0002969149336176123 0.7625469719503665
1.0855394647312318 0.6921408082149504 4685.915974957758 4.339024153067174e-05 0.28610816725382937
1.1122417511365277 0.6488200752353195 4537.473684042904 0.0003184317183985071 0.31181435210413333
1.1122417511365277 0.6488200752353195 4537.473684042904 0.0003184317183985071 0.31181435210413333
1.4773470099081112 0.5184099386073788 4536.952891322264 0.0003389843987724084 0.766676748978225
1.259591178852039 0.5865408976000133 4997.90786110933 0.0005487878280737367 0.6378726490622426
1.2411823607058707 0.7797063397959135 4536.3615915649425 0.0009644549948103825 0.44471235924931946
1.0693510801398782 0.6088634882183748 4929.730362127891 4.4044394093093905e-06 0.2742442394854411
1.2886564781054455 0.6745605740893684 4638.665518540477 -0.00020215011243663583 0.7483290219689571
1.2886564781054455 0.6745605740893684 4638.665518540477 -0.00020215011243663583 0.7483290219689571
1.386174988112863 0.5626596360649387 4390.830883616764 0.000416961881084689 0.7225826459752382
1.4224529269121184 0.6760820346316185 4087.99380852643 -0.00027165095523124156 0.9149151312531567
1.4121577490930548 0.5706438907946625 4568.692907086474 0.0003371533765619038 0.7484787735317286
1.4121577490930548 0.5706438907946625 4568.692907086474 0.0003371533765619038 0.7484787735317286
0.9743243519675647 0.5893992739212335 4709.434054036576 -0.000229737745175871 0.24550198728968245
1.139264255511549 0.5430504300872265 4556.889938925184 -0.0001930448619896824 0.4460518078706188
1.352561619337009 0.6391241616422689 4806.538560926382 -0.0003501645114705601 0.7251260941819305
1.1016233273252638 0.6830407427196681 4200.809566110295 -0.000192469750098897 0.30087807064817307
1.1016233273252638 0.6830407427196681 4200.809566110295 -0.000192469750098897 0.30087807064817307
1.3540776428360424 0.7151369337779786 4987.641349169391 0.00034774260474662117 0.699659484101546
1.342226500463465 0.5871937878307694 4221.628662987253 0.0004990260255877602 0.6235464755149641
1.3504768691263282 0.6502095203407766 4695.552365357418 0.0005955495045014342 0.7806023482483399
1.3474385827718973 0.6851478680234655 4737.470056689521 0.00021056336143418904 0.8788706018110661
1.4122294019229957 0.537574440970529 4524.408819654906 -0.00034269073626055674 0.7615823899658688
1.2620782095009653 0.6529643551925555 4114.684408171858 0.00010427301584398533 0.5514698940739878
1.2620782095009653 0.6529643551925555 4114.684408171858 0.00010427301584398533 0.5514698940739878
1.0092832515216539 0.5957944035583498 4286.553016331327 -0.0002479906509643235 0.3002606777114273
1.0092832515216539 0.5957944035583498 4286.553016331327 -0.0002479906509643235 0.3002606777114273
0.988205921830877 0.5999966193385067 4684.786634177665 0.0003000890046472292 0.2889988411900713
1.3684660827277257 0.5385171434630315 4966.4552358453575 -0.00019896447270448093 0.8230508753046709
1.2038734289726847 0.5836808091005006 4789.637796151706 0.000465821185821488 0.5359455127274111
1.2038734289726847 0.5836808091005006 4789.637796151706 0.000465821185821488 0.5359455127274111
1.2046639112141915 0.6268459765903828 4982.715975418887 -0.0003740634395192339 0.3037013894263188
1.2046639112141915 0.6268459765903828 4982.715975418887 -0.0003740634395192339 0.3037013894263188
1.2473535798651008 0.6023385444959429 4731.546436286209 0.0007452551003418655 0.6430312209818753
1.2896196960178226 0.6097527716998735 4704.508221178574 -3.9777350123671465e-05 0.7692194910210002
1.2350541377590307 0.6620386176442649 4745.919490239194 0.0010410804551425218 0.7029509981484638
1.2350541377590307 0.6620386176442649 4745.919490239194 0.0010410804551425218 0.7029509981484638
1.3864057840161959 0.5951107558035422 4950.625493137303 -0.0003739217591193077 0.7468474829101032
1.4053024707399797 0.6060333744304296 4955.935868610643 -0.0003979469433751137 0.6751623823907958
1.1780896914379706 0.6770921008210942 3986.787132616413 0.00010957961483963735 0.33282937851405126
1.3298653088495302 0.6274969442469784 4978.2319650695845 -0.00021333589506600462 0.8576228881422722
1.3298653088495302 0.6274969442469784 4978.2319650695845 -0.00021333589506600462 0.8576228881422722
1.0562853944214063 0.6898957930691905 4680.185386539566 0.0009893556791751895 0.2933066121763268
1.0562853944214063 0.6898957930691905 4680.185386539566 0.0009893556791751895 0.2933066121763268
1.1924854194636156 0.6467087423171479 4429.676991902153 0.00017338946059955405 0.5535325431044635
1.1924854194636156 0.6467087423171479 4429.676991902153 0.00017338946059955405 0.5535325431044635
1.2539945355587174 0.5225330887258627 4138.91352181259 -0.00038181104938774814 0.768999430188522
1.2651870966925558 0.7332602071350147 4998.591891516664 0.0004684138885360569 0.768548585752567
1.2651870966925558 0.7332602071350147 4998.591891516664 0.0004684138885360569 0.768548585752567
1.4548323625521693 0.6600462079258148 3941.495226373257 0.00037962940645284245 0.8992879941737142
1.1385527930804742 0.6084318957070455 4591.026703544328 -0.00025952261837083646 0.3472454272436402
1.4099410101469267 0.6118066512153094 4991.961390967207 -0.0007982369487971106 0.69200821673748
1.3213251091879912 0.62042291588102 4932.712083000637 -0.00043197303530154233 0.8697461952414811
1.3213251091879912 0.62042291588102 4932.712083000637 -0.00043197303530154233 0.8697461952414811
1.2158194685547064 0.6317702844057426 4073.399452394487 -0.0002648673428481207 0.359416780502993
1.092888335670895 0.6221140812315142 4073.858272795692 0.00023508584572384122 0.28529101201676554
1.092888335670895 0.6221140812315142 4073.858272795692 0.00023508584572384122 0.28529101201676554
1.343628971952096 0.6878407534234174 4442.126649862636 0.0004297092242799557 0.6243263348043182
1.343628971952096 0.6878407534234174 4442.126649862636 0.0004297092242799557 0.6243263348043182
1.3460599322464994 0.6613979470712003 4080.252893686668 0.00035031727603334055 0.6473294080506473
1.2252057513077106 0.6964856332572018 4825.275015061061 -0.0003242857284972095 0.5861118782242338
1.2252057513077106 0.6964856332572018 4825.275015061061 -0.0003242857284972095 0.5861118782242338
1.2369539614870158 0.6813811942687347 4694.08915758188 -3.304202944696465e-05 0.6385606741359506
1.2369539614870158 0.6813811942687347 4694.08915758188 -3.304202944696465e-05 0.6385606741359506
1.0686898639867053 0.598923181126975 4915.934407706513 0.0004631076403501379 0.3330090016254096
1.0565051887819508 0.5774806003263164 4990.900931901105 0.0003869000780728484 0.3018285153480432
1.0565051887819508 0.5774806003263164 4990.900931901105 0.0003869000780728484 0.3018285153480432
1.3113394104620153 0.5181285107541341 4927.908035725773 0.0002393279839152881 0.8122023933516782
1.4476838936800673 0.641886748812059 3982.3516192130637 0.00016512909085183042 0.8258078715381569
1.4476838936800673 0.641886748812059 3982.3516192130637 0.00016512909085183042 0.8258078715381569
1.1553780624162864 0.6646820545414849 4708.87681091913 -0.00013453806827180007 0.35142246134368926
1.1635508566147639 0.6406009807010637 4667.3015315133935 -0.0002712991073275481 0.6351853513305129
1.2701777256004858 0.5009382221411949 4892.614790452122 0.00019551800876491674 0.7171768162623945
1.1916900998594113 0.5384859180656206 4952.1391556718145 -0.00014283061067686253 0.6010724700463563
0.9110769068581868 0.5711971819781245 4556.73722724414 -0.00017449940283380193 0.26546406646238535
1.3056283117146572 0.5827769305380366 4354.800521355277 0.0009013230119897735 0.8702026912777857
1.3797385847113204 0.6887763164121613 4070.682971047342 0.0011714271839358813 0.9983193050924277
1.3797385847113204 0.6887763164121613 4070.682971047342 0.0011714271839358813 0.9983193050924277
1.2453485689871735 0.5434355806972494 4874.980941309186 8.353516260053572e-05 0.7101827803845108
1.2453485689871735 0.5434355806972494 4874.980941309186 8.353516260053572e-05 0.7101827803845108
1.6021179921968154 0.556889421804739 4468.226289096203 0.0003272578875964147 0.9038648947002144
1.518783397223575 0.6506425653259476 4540.205033139867 -5.8536812329032474e-05 0.8332206623728834
1.518783397223575 0.6506425653259476 4540.205033139867 -5.8536812329032474e-05 0.8332206623728834
1.3466640726836738 0.5494204851809334 4848.3752273841665 0.0002713976732527122 0.8485963640273899
1.3466640726836738 0.5494204851809334 4848.3752273841665 0.0002713976732527122 0.8485963640273899
1.1944300716752554 0.6043484840405078 4484.193219422891 0.00023845033598780582 0.573125432226568
1.3452107318332232 0.5595688395793734 4514.672353955026 1.7009595306773894e-05 0.7947393796296874
1.3452107318332232 0.5595688395793734 4514.672353955026 1.7009595306773894e-05 0.7947393796296874
1.274412716212466 0.6808558655157817 4749.628908690533 5.167928858126514e-05 0.5300765550587596
1.274412716212466 0.6808558655157817 4749.628908690533 5.167928858126514e-05 0.5300765550587596
1.3510425037529523 0.7176624319623469 4089.1946425578335 8.018909846857451e-05 0.764648228179855
1.299264320732824 0.5245595177544414 4743.5628525000875 -0.0005829480721133344 0.7374345992245583
1.1976172689278644 0.6480207877379645 4704.3070028287475 0.0004780023134045302 0.3190659530482554
1.1976172689278644 0.6480207877379645 4704.3070028287475 0.0004780023134045302 0.3190659530482554
1.2477085878906595 0.6606032341213923 4263.088663525249 -0.00025500917573505807 0.7462807248149673
1.096833966717187 0.5931678961382596 4825.44602856552 -0.0004553415582416089 0.2785458208079206
1.262983249743083 0.5433350268896383 4858.81225429313 0.0002983022134846098 0.6820547856434952
1.2223728858370697 0.7002223050897153 4977.471033603995 -0.0002152964788665359 0.5318808006515457
1.2223728858370697 0.7002223050897153 4977.471033603995 -0.0002152964788665359 0.5318808006515457
1.433814474294239 0.6473987346821144 4212.642139746466 -0.0005928123677281687 0.9261902037463067
1.2117381076763258 0.5717282429097065 4311.06563834606 -5.653175844218953e-05 0.5248122415901123
1.1960599272690482 0.6583130746411463 4150.253570801959 -0.0008291400523497217 0.3102112346927589
1.1960599272690482 0.6583130746411463 4150.253570801959 -0.0008291400523497217 0.3102112346927589
0.9740141533402927 0.6159436019845068 4722.092801292081 -0.00037781386198892057 0.2691230821417436
1.5214367185864968 0.6077412932295214 4056.723980441846 0.0008165619963653589 0.9260783008985557
1.1957362194346504 0.6799226704029645 4528.417542609742 -0.0003793629543964551 0.401124714331338
1.1957362194346504 0.6799226704029645 4528.417542609742 -0.0003793629543964551 0.401124714331338
1.4426812538356322 0.6408952976876334 3998.738293267583 -3.872663109684499e-05 0.8530973223752978
1.3286391589701183 0.5667174016582364 4971.633036917203 0.0002822045631462334 0.6950184186585169
1.3150495408272938 0.6777400184078917 3998.8899264742554 -0.0001682711377873699 0.8575833473412982
1.3150495408272938 0.6777400184078917 3998.8899264742554 -0.0001682711377873699 0.8575833473412982
1.512840169922618 0.537731100652115 4526.011103773918 0.00034896311402724466 0.7933548666906449
1.512840169922618 0.537731100652115 4526.011103773918 0.00034896311402724466 0.7933548666906449
1.2926020501246072 0.5474000990023389 4302.849293701984 0.00017766947095348678 0.6496053986137021
1.2926020501246072 0.5474000990023389 4302.849293701984 0.00017766947095348678 0.6496053986137021
1.1483874291638083 0.6508474134788163 4169.513930305735 0.00011060957592703189 0.2730998679694367
1.1483874291638083 0.6508474134788163 4169.513930305735 0.00011060957592703189 0.2730998679694367
1.4162931114648885 0.5854602445498915 4093.2228001138815 0.00018846136770638944 0.8345736875470553
1.1237099766682155 0.6702027973375424 4664.005894258803 -0.00016558257593203598 0.273274780564223
1.303075720147552 0.5626452226708133 4306.949599927889 2.027747503282208e-05 0.6578565719715181
1.330785594953986 0.6543565212448912 4227.782367763472 0.00019669150434002548 0.9498745877158793
1.330785594953986 0.6543565212448912 4227.782367763472 0.00019669150434002548 0.9498745877158793
1.2266064305565683 0.6853946852673394 4288.320394188965 0.00034007699716201147 0.7955086552740214
1.6289918675951984 0.6073025047489831 4324.469065121329 -0.0001575942364977781 0.7038153226132792
1.1994217180994382 0.6066236490472777 4535.722237154828 -0.00022319508019689668 0.5554697418464427
1.4893993173482578 0.5073403055507205 4424.6488521040665 0.0012719990441947653 0.7409895656768406
1.1346963607119354 0.6593627634102198 4995.426889307377 0.00019084832019918558 0.3801248116448537
1.2842971588416165 0.5782563131463212 4182.6829501328475 -0.0005321576642141967 0.605595186999297
1.365410774087581 0.4979792667162524 4663.896814667085 -1.073062655470756e-05 0.7361688462083861
1.387531696900662 0.6432045453601453 4922.315058385595 0.0006754190035714681 0.7578025113167483
1.387531696900662 0.6432045453601453 4922.315058385595 0.0006754190035714681 0.7578025113167483
1.1550360889375404 0.6439190189901698 4481.755824860659 -0.0001924261511923085 0.31186664088272165
1.2722510825523055 0.5733057460191422 4246.607235586896 -0.0005004363633650547 0.703430014622741
1.4098719238606816 0.6381172169777387 4248.843208766029 -0.0005096498258490658 0.8754209397154692
1.4000060160671937 0.5849693471795273 4654.095813243544 -0.0002801491585648324 0.7142968766427183
1.4000060160671937 0.5849693471795273 4654.095813243544 -0.0002801491585648324 0.7142968766427183
1.349944106219982 0.6059449561575221 4838.519372831891 0.00024543236775784367 0.8703861520257861
1.3181136989367965 0.5718472855495133 4718.037438676619 0.00042680849867411343 0.7841169771683869
1.3181136989367965 0.5718472855495133 4718.037438676619 0.00042680849867411343 0.7841169771683869
1.139620919688658 0.6596520486639299 4945.348731808432 -0.0005309014930189629 0.3299304420127837
1.139620919688658 0.6596520486639299 4945.348731808432 -0.0005309014930189629 0.3299304420127837
1.2162718296051027 0.6061507612466812 4870.527655541897 -0.0011530222320016341 0.4976819157600403
1.3864604743073339 0.5600205364263487 4236.581100985678 -0.0003449366385699549 0.7603526020890097
1.1518318904674933 0.7120527285928607 4761.011054422779 -0.00026408008374792475 0.4265617242579203
1.3777790675679 0.6233962902819461 4192.746646989224 -0.0005644895420222942 0.830341945906995
1.186599317966642 0.720817303995793 4838.691629831402 -0.00031044349060008577 0.3433847125253109
0.9522231698036194 0.5487183928489685 4937.055271625519 0.00016743973383079053 0.28468823432922363
0.9522231698036194 0.5487183928489685 4937.055271625519 0.00016743973383079053 0.28468823432922363
1.326400101184845 0.6855072379112244 4243.132456719875 -7.770455054628617e-05 0.6386351585388184
1.4165209213262009 0.6880606446255106 4264.709220457558 -0.0003804144360977514 0.9164875893987696
1.170492649909991 0.6459921987096577 4551.810602625778 -0.0001599772459186445 0.28089523869726585
1.176784932641971 0.6796183002751928 4733.371185003301 0.00025359814954073977 0.3262199330809426
1.060002278786375 0.635122323364756 4820.806924444749 0.00032191129977329915 0.2982565512142862
0.9839081284723861 0.6285761545377943 4629.540742129079 -9.991976786755442e-05 0.3002003971027843
0.9839081284723861 0.6285761545377943 4629.540742129079 -9.991976786755442e-05 0.3002003971027843
1.0409384457397044 0.6040439693710423 4202.736512309359 -0.0003160452908634205 0.2636525822873114
1.0409384457397044 0.6040439693710423 4202.736512309359 -0.0003160452908634205 0.2636525822873114
1.2712347233382522 0.6543573004587999 4514.497474518584 0.00046341699333378314 0.8488945426250193
1.2712347233382522 0.6543573004587999 4514.497474518584 0.00046341699333378314 0.8488945426250193
1.2896228486259966 0.5716075092078234 4290.11722717527 0.0003698772837056576 0.7200111452370765
1.2689390212269707 0.6798759625414028 4070.3237087266452 -0.0009536105716554187 0.44272194212075267
1.2463923974836797 0.5578497174933889 4992.764746317177 -0.00047517735075268397 0.6691519146273319
1.4209177662469903 0.644504241610204 4675.573063576605 -4.332978106931844e-05 0.8564665015546615
1.4209177662469903 0.644504241610204 4675.573063576605 -4.332978106931844e-05 0.8564665015546615
0.9834232115813096 0.6429792658321366 4322.35184609727 0.00022091828078958946 0.26580624271060094
1.5519643376659586 0.6408746389566786 4043.299518101004 -6.768071731227753e-05 0.877216963244939
1.5519643376659586 0.6408746389566786 4043.299518101004 -6.768071731227753e-05 0.877216963244939
1.3357227579054558 0.5695926465649356 4607.704751479894 0.0004968413034430141 0.7319321295984368
1.051438777432951 0.5992219689801158 4956.273221467903 -0.000215021156240244 0.3056986696855514
1.182028298272783 0.6024074201764666 4788.196682473911 0.0007400071943710703 0.5876522143043067
1.3744895225201237 0.5755960045236206 4256.513700036468 -0.0005428741350374451 0.693292744660733
1.3744895225201237 0.5755960045236206 4256.513700036468 -0.0005428741350374451 0.693292744660733
1.142309521097372 0.6665713798553444 4453.534293183314 0.00016354851179872253 0.36394537393591286
1.361740730942691 0.538422587317464 4935.559524828047 -0.0004344678116785188 0.644993022384161
1.4567691355032046 0.6736454149021979 4525.81753008283 0.0008984675126622673 0.9650135823177554
1.5337570564583451 0.6632956479530153 4264.994868113252 -0.0001713604729547879 0.9532565778352052
1.3026070432697274 0.54806007226901 4765.724777772232 5.520012802566259e-05 0.6844511184276334
1.226930677233266 0.6436893582606638 4820.694427033718 -0.0004767146130408967 0.7596695873200572
1.3655230702730004 0.6819295288545185 4264.675908147698 -7.723659427232016e-05 0.6739492689703461
1.3655230702730004 0.6819295288545185 4264.675908147698 -7.723659427232016e-05 0.6739492689703461
1.3526790833103437 0.6611628627933505 4952.688992541996 -0.0006507471329978743 0.8473989126390604
1.3526790833103437 0.6611628627933505 4952.688992541996 -0.0006507471329978743 0.8473989126390604
1.370165096969663 0.69244584878502 4564.964884236256 0.0002581073833523026 0.9326963416769087
1.370165096969663 0.69244584878502 4564.964884236256 0.0002581073833523026 0.9326963416769087
1.2842895916828074 0.5307738662338349 4705.029970837671 7.366110735252742e-05 0.7724532529958978
1.4916809189994455 0.5192681111828006 4253.561571490092 9.732422559556875e-05 0.7180141009356114
1.4916809189994455 0.5192681111828006 4253.561571490092 9.732422559556875e-05 0.7180141009356114
1.3194176510917774 0.6132312621014728 4136.446627144874 0.0002700432224879521 0.8396145342457668
1.4682100657096209 0.652432909562545 4532.856359766325 -0.00013105314517864843 0.9450870339251567
1.4682100657096209 0.652432909562545 4532.856359766325 -0.00013105314517864843 0.9450870339251567
1.3342812310570515 0.6670772549869017 4404.94289160715 -0.00046914405477984283 0.8556562861220454
1.3342812310570515 0.6670772549869017 4404.94289160715 -0.00046914405477984283 0.8556562861220454
1.4057193184714487 0.6203296623084165 4961.890432354285 -0.0001677023721888743 0.7003897195772969
1.3378541853695278 0.6619982286067637 4110.319610883732 -0.00018595356681453992 0.9810603697442394
1.3378541853695278 0.6619982286067637 4110.319610883732 -0.00018595356681453992 0.9810603697442394
1.3238763077064768 0.6183371168251579 4496.3420027041775 -0.0003613197083660289 0.5034592408638262
1.2046731984418253 0.6336840280894358 4581.429990565795 0.00038787253682318496 0.3606612663641567
1.4029833144617903 0.5818109176049422 4974.283821026448 0.00013597939173195728 0.835173932724699
0.9376332039585435 0.6165635044850187 4732.120079864951 -0.0004145064294196696 0.2671994499489041
1.388108507822448 0.5560163673787112 4936.480030212404 -0.00047816795380123357 0.8306377959322319
1.322911024089065 0.5792876181060737 4206.608043997554 -0.00011662278108949805 0.7018359336907177
1.322911024089065 0.5792876181060737 4206.608043997554 -0.00011662278108949805 0.7018359336907177
1.0651582304133531 0.5967446105469383 4946.53366095386 9.5500081753055e-05 0.2734365288394909
1.0651582304133531 0.5967446105469383 4946.53366095386 9.5500081753055e-05 0.2734365288394909
1.3524687456142517 0.621491045813522 4610.0929297868815 -0.0001988247592535377 0.8062896238729077
1.2347143264897407 0.7113571222155639 4450.227391637024 0.00030871007099621896 0.48256695671107563
1.2347143264897407 0.7113571222155639 4450.227391637024 0.00030871007099621896 0.48256695671107563
1.2238556038319348 0.6999231818713285 4677.536801593279 -0.0002816651996170085 0.3385310992906012
1.1256681981551881 0.7080834792530911 4483.013905821648 -0.00010700878981327796 0.33892886774351383
1.4026469835091109 0.5922299386283854 4750.165518580566 -1.811919809177076e-05 0.7215312752458528
1.2368887255916698 0.6734111526163535 4531.637419821136 0.00046659237505134333 0.35746908517537834
1.1739671645469831 0.560955894351687 4761.175450077762 -0.0004568096312563913 0.5230974551295166
1.1739671645469831 0.560955894351687 4761.175450077762 -0.0004568096312563913 0.5230974551295166
1.3159746625323878 0.5601148582410678 4811.950348841472 4.0782120320248905e-05 0.6902097851168886
1.3159746625323878 0.5601148582410678 4811.950348841472 4.0782120320248905e-05 0.6902097851168886
1.4489477157592774 0.5198691636323929 4272.18420535326 0.0003591498131364929 0.7917973399162292
1.1936591610232279 0.6205002846282658 4362.33788856634 -0.0007701522722314925 0.3254218962925423
1.177264400600341 0.5810122620352929 4818.236624955508 0.0005011062831029629 0.345582535209441
1.285576100160139 0.5762538454848732 4235.467671812102 -0.0005115356288298672 0.8410688050169526
1.2439966817302408 0.5776097442470982 4815.661066147758 0.0006834994210135469 0.480253129924464
1.3418374283974621 0.6386692614947573 4523.246917152799 -0.0004826047457179137 0.7630582450366283
1.1710488461064879 0.6575659251681922 4555.596192280325 -0.0003188450482951849 0.3360475536778544
1.262399863401323 0.7142757297857265 4450.035253810552 -1.2329166735075138e-05 0.6396479501427449
1.2183598950346013 0.5469485928441653 4866.132432813728 -5.139008006959234e-05 0.779641965375215
1.2183598950346013 0.5469485928441653 4866.132432813728 -5.139008006959234e-05 0.779641965375215
1.322605174647528 0.5898695871574979 4149.394704094822 -0.0003226044457276678 0.7058239495131808
1.4114970847216077 0.5623556379692178 4428.485668185811 -0.0002401375969644156 0.8405164329655543
1.3557253598686745 0.5593440811564041 4450.244879960795 -0.00037470400659757525 0.8227432890001015
1.3557253598686745 0.5593440811564041 4450.244879960795 -0.00037470400659757525 0.8227432890001015
1.5386249225548818 0.6674592836863555 4493.424192277969 -0.00033805316491099794 0.960472333336057
1.4006010300806597 0.6468655400981678 4972.532922281179 0.0002949613826571627 0.819129988504949
1.3794721596099173 0.5833974160664948 4774.309509095123 -0.0001027088754058313 0.7019195336410639
1.1573893680461522 0.7077920819843488 4991.49728315062 3.570055666592383e-05 0.37307322574884294
1.1573893680461522 0.7077920819843488 4991.49728315062 3.570055666592383e-05 0.37307322574884294
1.0631480937632571 0.6754090459390244 4719.3342870193355 0.00021534177370071054 0.2695547289124126
1.366861870438069 0.616084112782441 4536.260556204038 5.537445751627229e-05 0.8163730330580066
1.366861870438069 0.616084112782441 4536.260556204038 5.537445751627229e-05 0.8163730330580066
1.373844856462501 0.6264022056192526 4558.151836321532 -0.0007142675201547967 0.7508218559599031
1.373844856462501 0.6264022056192526 4558.151836321532 -0.0007142675201547967 0.7508218559599031
1.266344981504657 0.5710552523061736 4989.692929718362 -4.540764341402795e-05 0.5968795387907022
1.266344981504657 0.5710552523061736 4989.692929718362 -4.540764341402795e-05 0.5968795387907022
1.3269274817189334 0.6368356259915704 4332.0400160796735 -0.00010833429520164343 0.8279878496798561
1.2170520312701125 0.6731984470652643 4527.879525560036 -0.0009086743283009119 0.35740688560568873
1.2170520312701125 0.6731984470652643 4527.879525560036 -0.0009086743283009119 0.35740688560568873
1.3615645727745775 0.6364088792022545 4892.48365103177 0.00020408381112700584 0.9145613307641349
1.239952930182802 0.7231253731013215 4985.7744519015005 0.00034740313968079843 0.37933012017333406
1.3011027797034234 0.5780058091422936 4295.580262922004 0.00020330279775366758 0.6488740476475522
1.3011027797034234 0.5780058091422936 4295.580262922004 0.00020330279775366758 0.6488740476475522
1.2951913800065875 0.6652418581478539 4661.069246571521 -0.0004132200933433623 0.5883023128505965
1.2951913800065875 0.6652418581478539 4661.069246571521 -0.0004132200933433623 0.5883023128505965
1.0827833442815697 0.6479909379858964 4752.760051873753 -0.00012148030895135989 0.35779389517596855
1.397242744460731 0.5932065990840267 4651.726572776385 0.00016664711797647637 0.837503095302232
1.5092065681805695 0.5659822649968432 4719.05014859597 0.000508625823312736 0.8799433553040782
1.2707317063452699 0.5338655865434885 4731.430901498587 -0.0003922850428053289 0.7192898230480194
1.4447407347355306 0.5882342582532007 4549.225055284588 0.0003584247422030575 0.8217218326006482
1.4447407347355306 0.5882342582532007 4549.225055284588 0.0003584247422030575 0.8217218326006482
1.2133758492771751 0.5891331283411836 4465.894342922492 -0.00011013267688899244 0.44013740237357446
1.3481493161850033 0.5806916496565627 4185.516095421586 0.00010953458076656842 0.6992945802879553
1.3338523734306995 0.725574571754327 4590.925850108293 -0.00038328164136796906 0.7714594100865237
1.3338523734306995 0.725574571754327 4590.925850108293 -0.00038328164136796906 0.7714594100865237
1.3182460584263147 0.5699812358874291 4978.083802583139 0.00014243617253160428 0.6481830142838079
1.3463964440245149 0.6486473569456089 4723.113555099434 0.00010331896635658713 0.8621115241734038
1.1993860717085378 0.623801175304507 4177.539155903671 9.222243649326906e-05 0.7324800197982251
1.2630751140770515 0.5667302687278158 4852.388815588073 0.0002160401737231948 0.6457469870280939
1.1878596865463622 0.652962667381277 4320.956346662151 -0.00020788948912764843 0.29272249541207207
1.1555943000276339 0.6259527611128809 4489.721966999114 2.1958792054060538e-05 0.4567155594681538
1.4280785023881273 0.637857494989146 4568.554867885972 -8.832787213758381e-05 0.7383737182734449
1.2137940289846623 0.6632653823641184 4630.100622589502 0.0002445560195275296 0.42349570207362514
1.240328080503895 0.5502641838338477 4836.510874626143 0.00039182872236899133 0.5499008197094691
1.240328080503895 0.5502641838338477 4836.510874626143 0.00039182872236899133 0.5499008197094691
1.3854487672167768 0.6851832974988257 4585.040582693514 -4.131868909667299e-05 0.6701256244258779
1.3854487672167768 0.6851832974988257 4585.040582693514 -4.131868909667299e-05 0.6701256244258779
0.9114347194728578 0.6095698581726589 4868.83915736251 -0.0002501683076883662 0.2650390372372885
1.1566353083200083 0.610274037893461 4772.03235249077 0.00018966631980688094 0.4620445446511471
1.1566353083200083 0.610274037893461 4772.03235249077 0.00018966631980688094 0.4620445446511471
1.291452250842887 0.5801931561239237 4510.9869391048005 6.664992829913555e-05 0.45226461092624154
1.291452250842887 0.5801931561239237 4510.9869391048005 6.664992829913555e-05 0.45226461092624154
1.1278919830049385 0.6913120610761833 4677.372197312125 0.0004725284368429945 0.33885330693460103
1.4788424397911957 0.6444457810747828 4814.651526479651 -0.00017718210782411345 0.9729112839541276
1.5045321246143872 0.6767768455886054 4366.233038102304 -5.0784980052703116e-05 0.9424898440776158
1.5045321246143872 0.6767768455886054 4366.233038102304 -5.0784980052703116e-05 0.9424898440776158
1.2715035862458788 0.5894239789343464 4242.214915417818 -0.0007102569613281904 0.6862872561513687
1.2715035862458788 0.5894239789343464 4242.214915417818 -0.0007102569613281904 0.6862872561513687
1.2279124461890205 0.5856343475035528 4463.374503931787 -0.000526990035765781 0.5687510122794641
1.2421208862033568 0.632835756951692 4473.529163996607 -0.00034490374261654375 0.7727375644025392
1.2325935081703314 0.61670808498258 4013.663581462472 -3.0330909486233767e-05 0.40121463878211944
1.2325935081703314 0.61670808498258 4013.663581462472 -3.0330909486233767e-05 0.40121463878211944
1.5843054194040969 0.6355297986359986 4320.577003905194 0.00012587790322775682 0.8206559204138572
1.2733728215543776 0.6001400547104836 4716.161464925528 0.00024189054231002946 0.40153044636127894
1.2658613411199593 0.5523730264669355 4567.877578187377 0.0007011356350194723 0.7465092108675802
1.3218459585582645 0.738754879720537 4324.183557774063 -0.0001514935093100087 0.5693376823226819
1.3218459585582645 0.738754879720537 4324.183557774063 -0.0001514935093100087 0.5693376823226819
1.5015020053193366 0.6490649756447189 4328.449386402813 0.0006677519958774753 0.9286865504317701
1.0192651182013317 0.600980552283072 4813.997701564005 -0.00043362091996423935 0.2884433930355996
1.2989923263346648 0.5706676763229055 4185.389325184579 -0.00010556248869019792 0.7419892777699341
1.3094565701715628 0.5334849104938917 4645.645827293536 0.00040667416952559006 0.7856605585004485
1.3094565701715628 0.5334849104938917 4645.645827293536 0.00040667416952559006 0.7856605585004485
1.1199642333706208 0.6701724932097174 4594.61568501178 -0.0007628143091026947 0.33742770326934785
1.2812382590937792 0.7057420594672946 4804.661454289411 -0.0002077236017207439 0.7442882700153937
1.2812382590937792 0.7057420594672946 4804.661454289411 -0.0002077236017207439 0.7442882700153937
1.154946441782132 0.6776170629787155 4928.450842187372 0.0003086250880368597 0.32768102006706706
1.154946441782132 0.6776170629787155 4928.450842187372 0.0003086250880368597 0.32768102006706706
1.4129974061343717 0.5299607509784194 4068.9633352039386 -0.00018534707641904038 0.7101676984903049
1.4129974061343717 0.5299607509784194 4068.9633352039386 -0.00018534707641904038 0.7101676984903049
1.0777301983183145 0.586310779165254 4351.231829484366 6.335284596649099e-05 0.29383941624586474
1.0777301983183145 0.586310779165254 4351.231829484366 6.335284596649099e-05 0.29383941624586474
1.4338655962153344 0.6315174830512201 4818.6478421772745 2.218982563048995e-05 0.7574430307173009
1.4220793608347368 0.5616159886194148 4257.2408694394635 0.0005756377473959539 0.8209334261543568
1.3358309167800557 0.6111355499797398 4017.03962375765 -0.00036970754629436726 0.81892701715314
1.3628439983451797 0.7246338624902705 4112.5467515394785 0.0004784463436798037 0.8013082114974639
1.0293264068216694 0.6434232157053087 4441.029648865993 0.0003385575257475511 0.2817481590296067
1.2645486528373868 0.5991155503592223 4883.154029871941 0.0004788262776461124 0.8444574692436421
1.2645486528373868 0.5991155503592223 4883.154029871941 0.0004788262776461124 0.8444574692436421
1.4083329099402508 0.6067037946383661 3981.250208712453 0.00019491509982660904 0.7812018358580348
1.4083329099402508 0.6067037946383661 3981.250208712453 0.00019491509982660904 0.7812018358580348
1.3537797476375928 0.5179394250232235 4855.06880045697 -0.0008014274286483487 0.7076961042752894
1.3537797476375928 0.5179394250232235 4855.06880045697 -0.0008014274286483487 0.7076961042752894
1.1646892919307026 0.6009262968456732 4440.811906990485 -0.0005580328789888294 0.32638891371013695
1.2477719765313458 0.6381099625052142 4256.858208406847 0.000621337782895044 0.3533545870025447
1.254443712173365 0.6901877942033623 4443.17027577161 0.00017513854654095394 0.9244094802806837
1.254443712173365 0.6901877942033623 4443.17027577161 0.00017513854654095394 0.9244094802806837
1.223661001944327 0.7072806782596184 4614.362949337568 -0.0005998106575291687 0.34360346008938936
1.336805060656244 0.6749781092101268 4863.968847428808 3.0437436945535923e-05 0.9823140945629775
1.1832616223467518 0.6279860917879758 4473.579980518862 0.000125534058313824 0.5753827301029768
1.1832616223467518 0.6279860917879758 4473.579980518862 0.000125534058313824 0.5753827301029768
1.4158602697903726 0.6119707890916222 4467.33646581743 -0.0006055925519698634 0.8532756140918669
1.3388712011944275 0.6201941961140578 4744.479101814366 -0.0003262218945925709 0.7587441257664234
1.3388712011944275 0.6201941961140578 4744.479101814366 -0.0003262218945925709 0.7587441257664234
1.457104523726494 0.6210574117730296 4212.070039914379 0.0006981492710256877 0.7486689164053966
1.185574903710055 0.545099021521319 4340.432479256359 0.00047189500928617963 0.6218065921157963
1.099667063974207 0.6907188114330445 4905.163955683693 -8.02283043728168e-05 0.3339337977486233
1.099667063974207 0.6907188114330445 4905.163955683693 -8.02283043728168e-05 0.3339337977486233
1.2600612526047477 0.6503916073422003 4419.8021824529715 -0.00018576873273090332 0.7893119544834272
1.3383535577288925 0.7603451816790926 4958.947088178726 -0.0002622342170883275 0.9951346077189234
1.3383535577288925 0.7603451816790926 4958.947088178726 -0.0002622342170883275 0.9951346077189234
0.9934732901692327 0.589440176042803 4340.200640199874 0.0008920941851129259 0.272673203413307
1.2058717721083014 0.5652229607628868 4625.249229788176 0.00030430502776248875 0.6456724836060556
1.5162746955663629 0.6644591170315557 4930.559782908891 0.0011378298686159083 0.9036831438696081
1.5162746955663629 0.6644591170315557 4930.559782908891 0.0011378298686159083 0.9036831438696081
1.3066160051097642 0.5668818237856986 4608.992459469505 -0.0002540132966763724 0.8426458895280879
1.162523554637184 0.6628885070237012 4805.364196157929 -0.0003205184726425978 0.3732635469783374
1.162523554637184 0.6628885070237012 4805.364196157929 -0.0003205184726425978 0.3732635469783374
1.5171862179379434 0.6411338490544146 4321.611765982387 0.0004895133364365564 0.9916332538158501
1.3746069322322207 0.6479783834952 4101.646198118197 -2.6298317006299487e-05 0.7780716663485321
1.3992415522676138 0.682079891151218 4434.473364670819 0.00034543991531685314 0.9947331403128845
1.186049613819929 0.7064286091605558 4460.314612208809 8.970174189443945e-05 0.3446296225816552
1.102812556653635 0.5607350004461031 4908.595768750476 -0.0005552999506772073 0.35737483526093217
1.263505922303723 0.6505938275577979 4563.716146491842 -0.00013337455312075207 0.8685465437089478
1.263505922303723 0.6505938275577979 4563.716146491842 -0.00013337455312075207 0.8685465437089478
0.9860700647323436 0.5959631125844781 4778.933004612307 0.00016878661651617232 0.30319855044997074
1.2408318282667072 0.6381493248604783 4930.400081842669 -0.0004225181587043089 0.40384164351916485
1.2475226457518234 0.6543548628528606 4519.698998124905 -0.0002755817384566745 0.7799909242170531
1.2475226457518234 0.6543548628528606 4519.698998124905 -0.0002755817384566745 0.7799909242170531
1.1192829039426422 0.6713533107338364 4896.7844127068 -0.00024206152180872566 0.2840606584281373
1.305524925082169 0.5463653932441104 4294.779278470531 -0.0007476204991139361 0.6733561835039277
1.305524925082169 0.5463653932441104 4294.779278470531 -0.0007476204991139361 0.6733561835039277
1.3384224694852689 0.5879743119675619 4665.356044509116 -9.619958370188578e-07 0.7049778952258272
1.2647201020248955 0.5759864773343859 4872.222072927902 -3.398949466999638e-05 0.5053517272391923
1.2647201020248955 0.5759864773343859 4872.222072927902 -3.398949466999638e-05 0.5053517272391923
1.3394406199990447 0.6779176944649092 4855.192661645661 -0.00023225879568249962 0.9941712352544366
1.3394406199990447 0.6779176944649092 4855.192661645661 -0.00023225879568249962 0.9941712352544366
1.4212423186333574 0.6821555552900576 4043.9805399781403 3.986277220681933e-05 0.8550476079847744
1.4565219964402338 0.6130653341280486 4859.374746159251 -0.00029906400232464664 0.6868877892270627
1.4565219964402338 0.6130653341280486 4859.374746159251 -0.00029906400232464664 0.6868877892270627
1.203966403918858 0.595989882543896 4275.059187521141 -0.0008505955011855234 0.30031870455745513
1.3778586066051606 0.5629069351271894 4671.243897719863 -0.0008950157353816819 0.8460856789282121
1.1303898132749182 0.658560984699313 4629.808860078536 0.0005739352738299158 0.3692255909780494
1.32374587570937 0.662593045408655 4404.475756375464 0.0002920255297915828 0.811421402531419
1.3643610318431172 0.5899853134136827 4328.162449302612 0.0009560489494463992 0.6881781795311195
1.3643610318431172 0.5899853134136827 4328.162449302612 0.0009560489494463992 0.6881781795311195
1.3110254241321824 0.5340962855888673 4617.988897648153 -1.8924041934586412e-05 0.7775190280887905
1.0675864617412838 0.6554774224878472 4498.0426828094 -0.00014863831338531348 0.32470262175881737
1.283424387921839 0.693280124173317 4790.117271605537 -0.00013076535309857265 0.9087132188532445
1.3522573740086261 0.6195489285918225 4974.0894793517045 -0.00021990925304797104 0.8917844795116061
1.3019100758017612 0.5728237022957621 4200.343998150306 -0.00019726750464571 0.7036475824571937
1.3446841904821767 0.686714486854836 3942.048957693465 0.00014244480379750296 0.6681062363143265
1.3087498932309067 0.5584307485882398 4890.7540352208325 0.0005376621984994555 0.7867737353763429
1.3087498932309067 0.5584307485882398 4890.7540352208325 0.0005376621984994555 0.7867737353763429
0.9363613976199274 0.5848142942295254 4310.208944090424 0.0003585320535863712 0.27001171550181186
0.9363613976199274 0.5848142942295254 4310.208944090424 0.0003585320535863712 0.27001171550181186
1.4105982088806392 0.6521629268052336 4462.086886172315 0.00021457906579554358 0.9133024682609919
1.4105982088806392 0.6521629268052336 4462.086886172315 0.00021457906579554358 0.9133024682609919
1.344186471728182 0.5903036179894612 4520.442186281754 -0.00045394579921870763 0.8053719309820133
1.0034002983255026 0.5695984183957155 4039.0332228495704 -1.1546657422859176e-05 0.28101063328237097
0.9980716198439912 0.5882528182218105 4395.395503259979 -9.01049465455438e-05 0.2952298581669412
1.527125012334047 0.6245028888964761 4590.9715201608815 0.00023055546282472458 0.734669654928027
1.4253192456850041 0.5775032657436099 4221.059532263886 0.000517517569385835 0.7955208806503019
1.5340984522561567 0.5795407382926339 4239.895831011115 0.0009011809465279829 0.7081777522327439
1.2276941697766641 0.6969240657856017 4924.316932696466 0.0007617764862025944 0.7387121429904764
1.0662815587139023 0.6353293631305292 4718.123607093691 0.00024995506702610716 0.2949756178700721
1.3915804874167044 0.6127535417215966 4212.213549962804 0.00048122984584547315 0.8049346807176858
1.3915804874167044 0.6127535417215966 4212.213549962804 0.00048122984584547315 0.8049346807176858
1.4452534037131202 0.6310344074984665 3946.48171046285 0.0003803200617574747 0.8095733755712539
1.4452534037131202 0.6310344074984665 3946.48171046285 0.0003803200617574747 0.8095733755712539
1.3706291296935351 0.6336850332195471 4714.800506187418 0.00020698425900839138 0.7952631208377063
1.402832762651269 0.6138359430226481 4963.692703837506 2.218704618781793e-06 0.7057403243267342
1.0014698558344612 0.550482843460889 4889.27091377672 0.0001462480832781858 0.3050062057845217
1.3388581468215217 0.589056090551455 4712.147422951972 -2.0753177953068814e-05 0.8300252823941896
1.5318113862947578 0.6032351883008042 4427.583911410337 -0.0005585515054620547 0.9296861644552551
1.5318113862947578 0.6032351883008042 4427.583911410337 -0.0005585515054620547 0.9296861644552551
1.5247580846861593 0.603582656148378 4726.7679617512695 -0.0001424872064361063 0.7964562274607625
1.2456854933712491 0.5669363239781819 4743.167284257581 0.0006165572617528288 0.5233111811631875
1.1677426597460836 0.6583156502864337 4935.306688951313 -1.1576981809967603e-07 0.3887982187821145
1.357469701766968 0.6986858397722244 4960.373397052288 0.0004453872230167593 0.9722186923027039
1.1839458174144317 0.549589306113375 4777.3967132510525 0.00017148602804758126 0.3888447161978591
1.204687687723296 0.6492266718805524 4826.944598895681 -0.0006033418661335783 0.29519821209911234
1.1870320909033694 0.5705939758861494 4812.551910481705 -0.00016311501030683592 0.6060940999999294
1.1870320909033694 0.5705939758861494 4812.551910481705 -0.00016311501030683592 0.6060940999999294
1.3961629351810942 0.6216893787023912 4286.188853249648 0.0004593630756696344 0.7856580588436488
1.3961629351810942 0.6216893787023912 4286.188853249648 0.0004593630756696344 0.7856580588436488
1.1175792403083737 0.6883428640057945 4914.694801131873 2.8010381967520023e-05 0.3276358223892143
1.247088358026134 0.545107915962805 4484.298584440668 0.0004521022163314771 0.6832730964454903
1.1169290546710566 0.6044085233362216 4727.69909170473 0.0006097089077051964 0.33148338868442045
1.1208467242330271 0.6666912214606248 4419.558781284522 -0.00011226312928351084 0.3020247421345846
1.0887233196882844 0.6427182246366934 4717.168989024135 0.00046288383142809573 0.28604728441368177
1.0887233196882844 0.6427182246366934 4717.168989024135 0.00046288383142809573 0.28604728441368177
1.2018205557305934 0.6243353130705105 4298.782554399964 0.0007015055340722908 0.480564679524631
1.2816588733326868 0.5832349395192433 4989.114903523535 0.00020349204111169792 0.8274399515090247
1.1486663342759473 0.5963102131863516 4820.022977686774 -0.00046448565422761923 0.45921257682819405
1.1486663342759473 0.5963102131863516 4820.022977686774 -0.00046448565422761923 0.45921257682819405
1.0339779877520041 0.6539699768019559 4547.079167014068 0.0003680638677766308 0.2966583165306493
1.5677230348901317 0.5964986281690169 4510.750607935136 -0.00017177080728206023 0.8046606613275935
1.5677230348901317 0.5964986281690169 4510.750607935136 -0.00017177080728206023 0.8046606613275935
1.3966469518519626 0.5386382665129998 4491.267021918639 -0.000243479217060656 0.633730450500277
1.3141122438112074 0.6660339847522835 4252.038637485801 0.00013595774629609065 0.8743961490768959
1.4728525035492859 0.5633610849776634 4092.0441341158053 0.000707352950575314 0.8392799750877309
1.4728525035492859 0.5633610849776634 4092.0441341158053 0.000707352950575314 0.8392799750877309
1.0698760948106267 0.613438354445714 4266.421288438425 0.00035691559592695456 0.2847158102033506
1.350650007717249 0.5890867173367998 3955.8297821665738 -8.936132247810635e-07 0.7024231957410518
1.4334057973709833 0.5943215532550759 4523.088096946321 0.000465314408505892 0.7562961221750195
1.4334057973709833 0.5943215532550759 4523.088096946321 0.000465314408505892 0.7562961221750195
0.9633355498097671 0.6461637181579668 4981.48764095266 -0.00022923591873741885 0.29003575862838477
1.4103758921159342 0.6155517250500169 4037.749287692197 -4.22961277590367e-05 0.8277817399237201
1.309837864814781 0.7324263625157157 4140.01489320472 0.0005653317108492904 0.48186019986220263
1.309837864814781 0.7324263625157157 4140.01489320472 0.0005653317108492904 0.48186019986220263
1.064656461000565 0.6531903857755303 4258.729385249606 8.182984744659778e-05 0.2832925055300575
1.4096501506718933 0.6552229277871127 4614.528070568715 0.0004991049121102029 0.9477239953274799
1.0267213281869456 0.5886975261825351 4643.232310881719 -0.0005865320510872179 0.24961356627904127
1.0267213281869456 0.5886975261825351 4643.232310881719 -0.0005865320510872179 0.24961356627904127
1.3157759260336395 0.6703456618157222 4481.660720047958 -0.00016545367947215172 0.8369882704913216
1.0880520347315612 0.6515286966399386 4760.716196914901 0.00032821985589179004 0.3394359782095514
1.300601633940659 0.6280211667948862 4396.642914252214 -5.702280938336986e-05 0.6984506191957581
1.300601633940659 0.6280211667948862 4396.642914252214 -5.702280938336986e-05 0.6984506191957581
1.335651652261761 0.6035123068210371 4870.210606596747 -0.00029655388852145847 0.7333417753117132
1.273248916407681 0.6832033528351961 4917.076335076895 0.00019002142738462746 0.9940829542729619
1.273248916407681 0.6832033528351961 4917.076335076895 0.00019002142738462746 0.9940829542729619
1.2101334289560421 0.7081454244706924 4900.966825995023 0.00044141806909033936 0.5195114354460316
1.341299011640528 0.5741571809879 4552.982519940679 -0.0003142838531876395 0.7428121229152383
1.1791976744687842 0.7181563635299874 4497.8318442853315 0.00031836570438857934 0.39726011204802125
1.4859077102109657 0.5881591957948039 4750.736999175496 0.00015484386429059227 0.8589221396206902
1.4859077102109657 0.5881591957948039 4750.736999175496 0.00015484386429059227 0.8589221396206902
1.3957044270084458 0.6165290268802476 4717.108741149653 0.0005874298974689022 0.7149218463275144
1.3006320292424 0.4925712388140627 4857.013236739596 -0.0004507583193696379 0.721530461637975
1.4284789073634836 0.5563850978959519 4584.266168005054 0.00022126889045496903 0.6831193895059606
1.2433632616369503 0.7205701627738822 4995.3639528971435 -0.00037885163760915876 0.8828553768869792
1.0341410941662128 0.5751047012802368 4581.934860927539 -0.00011074413635235281 0.3066063964376169
1.3034727137032989 0.6458059139774084 4093.9212330033783 -0.0008451291523202833 0.5537951482129384
1.3884506327905255 0.5828531004189288 4150.434333030836 -1.4570096263653188e-05 0.7732245579101934
1.2036632051204559 0.5804852003276357 4257.999181896155 0.0002905063015760804 0.31344955528569385
1.5671119679212686 0.5987154482828545 4304.868629753567 0.0001625225064121775 0.7457505939051479
1.3608276687898293 0.6019252878440062 4090.503534566638 -0.0005006424071780252 0.47909300030878055
1.3608276687898293 0.6019252878440062 4090.503534566638 -0.0005006424071780252 0.47909300030878055
1.314654751671425 0.6763777748824238 4852.931326012942 -0.00048991629130056 0.8854843830401609
1.314654751671425 0.6763777748824238 4852.931326012942 -0.00048991629130056 0.8854843830401609
1.2452421107276446 0.5260418614760383 4556.8851919188155 0.0001045881783671158 0.7140782733613411
1.3546381006424446 0.5303174787022006 4817.425861375909 -0.0002428613131160765 0.6461756382310767
1.4497206774338727 0.5706152676150855 4073.360073399507 0.00039228458882711664 0.7946731326191753
1.3149638239705423 0.5631540394264588 4992.048482329703 -0.0010161347636086294 0.8409815883632326
1.2375535442442245 0.7507591045467198 4536.1068352371585 -7.683299103684056e-05 0.35673598389990374
1.2375535442442245 0.7507591045467198 4536.1068352371585 -7.683299103684056e-05 0.35673598389990374
1.2044079098905474 0.7184712148747485 4136.084433625634 0.0001742954996736087 0.4243201848905927
1.2044079098905474 0.7184712148747485 4136.084433625634 0.0001742954996736087 0.4243201848905927
1.1989926457807694 0.589449856126288 4806.773448861228 0.00022450282652834806 0.28735519627301176
1.1989926457807694 0.589449856126288 4806.773448861228 0.00022450282652834806 0.28735519627301176
1.1543448839334962 0.606081947978619 4740.22817186736 -0.0002210811191088447 0.3440430928113737
1.0222393769119367 0.6205747652433109 4195.996441260079 1.5643648622273302e-05 0.2684944810069245
1.0222393769119367 0.6205747652433109 4195.996441260079 1.5643648622273302e-05 0.2684944810069245
1.2585532240792492 0.6309480201579346 4504.67360198819 4.0165038835803076e-05 0.6960720371554043
1.4364234811768473 0.5653035227832016 4052.9811118532148 -0.000580929656668533 0.7295314492860181
1.3592750210474838 0.6588835227535985 4384.72561459618 0.00028629007979684575 0.6783132020678903
1.3813708058300014 0.5554331810218782 4390.145372840609 -0.00036636861644631625 0.7748687216789821
1.3813708058300014 0.5554331810218782 4390.145372840609 -0.00036636861644631625 0.7748687216789821
1.2276503835268004 0.7106699294397092 4544.795345979355 -0.0004232212396710963 0.7269838353975564
1.3907356016527683 0.5917813666683356 4832.816538944178 0.00013913786101606198 0.9258013053174003
1.278244268404884 0.7159602143157235 4709.7562190171175 -0.00045401209756184473 0.4652581052655609
1.4357239617455035 0.5524055623776248 4819.140411738527 0.00018612557300977373 0.6937649082394628
1.100344130776361 0.6983606941768328 4484.46461442269 -6.830455315886717e-05 0.29860468393283884
1.276946611309826 0.6193145085867304 4251.110688419594 0.0005861015170920683 0.6137605868931882
1.276946611309826 0.6193145085867304 4251.110688419594 0.0005861015170920683 0.6137605868931882
1.1746568387350353 0.7462822443531502 4898.400911031128 0.0006900768674708105 0.44762634389420974
1.2917028840135192 0.5712682006679977 4473.450892939693 -0.0002317383281797721 0.7641333721287873
1.2471712078527337 0.7271497507220055 4053.58768139995 0.0002419817746216709 0.4081865315978689
1.0911939061009057 0.674284737622818 4947.506918288384 -0.00017450995232127202 0.27035641279698935
1.0911939061009057 0.674284737622818 4947.506918288384 -0.00017450995232127202 0.27035641279698935
1.1914929953816717 0.6123707046807414 4185.048874886797 -0.0006203455792427172 0.4127576772052491
1.2706743426036877 0.6940095217643748 4573.609446269613 0.0005537570463510403 0.8385892633936288
1.3156042477881642 0.6281492577611478 4622.676322200813 6.927292504491396e-05 0.8096635661907813
1.200905203819275 0.647317424416542 4591.93527084589 -0.00010789381763301814 0.48347318172454834
1.4808814013969696 0.6588779730822579 4096.322197463811 -0.0007682998409790899 0.9885543183935682
1.2589804430370053 0.5652883481893909 4839.95103348105 -0.0005041516044166365 0.6311080102199425
1.0254086889010707 0.6144286015903118 4497.259907733269 -2.3817989070845867e-05 0.26543703040115046
1.3522573809366834 0.5937170548204074 4382.220243668464 -0.00016244050465920426 0.7102474314842406
1.3522573809366834 0.5937170548204074 4382.220243668464 -0.00016244050465920426 0.7102474314842406
1.4170710222684662 0.6339475325623453 4308.097505172436 -8.339492349640701e-05 0.7753226920553696
1.281603729021815 0.5156282306407338 4138.111639167344 0.00017779256288518673 0.7533305332557699
1.4437362717720181 0.6458380739517215 4643.599989891124 0.000641609872524667 0.9928826075511527
1.4437362717720181 0.6458380739517215 4643.599989891124 0.000641609872524667 0.9928826075511527
1.3040225360677042 0.588145367211459 4203.9418656220505 -0.0003675128574465928 0.6635331315683035
1.2141023022563462 0.5999796228008405 4195.018119157016 -0.0002064612933259822 0.38428727314556604
1.4400105299663235 0.6113978704329894 4593.890528137369 0.000372460725759875 0.7066398619153169
1.2607860259899986 0.6487148420994262 4799.320236486785 8.950058959462171e-05 0.4769001537955988
1.5078784659803524 0.5468409038626618 4803.760149588503 -5.366314545168022e-05 0.8760667440635548
1.5078784659803524 0.5468409038626618 4803.760149588503 -5.366314545168022e-05 0.8760667440635548
1.3380934097924588 0.6642779845304704 4888.360784981616 0.0002282133697630016 0.9697251764294623
1.3380934097924588 0.6642779845304704 4888.360784981616 0.0002282133697630016 0.9697251764294623
1.4755561525690755 0.5788017749577522 4229.955748859163 -0.00022250982208493118 0.8565829779561707
1.155672922273054 0.5453942930789861 4912.202292300274 -0.00030943433417645244 0.5611283579670315
1.1659919500066787 0.5625707483277698 4601.062827311954 -2.2631160649205172e-05 0.44762732422899865
1.1689611762811356 0.690574277442611 4852.037865121304 0.00020064195450104975 0.29738313020062757
1.1689611762811356 0.690574277442611 4852.037865121304 0.00020064195450104975 0.29738313020062757
1.3760510485200559 0.6051382009681131 4252.686649105328 -0.0005633235521912111 0.8661011178871314
1.0715142380013294 0.5897133734848033 4615.291686400429 -0.0008817678051426295 0.304335957942081
1.0715142380013294 0.5897133734848033 4615.291686400429 -0.0008817678051426295 0.304335957942081
1.528099669042701 0.674041748770992 4580.043278875452 0.0004209876825571747 0.9497327479232107
1.528099669042701 0.674041748770992 4580.043278875452 0.0004209876825571747 0.9497327479232107
1.300352717098685 0.5917234105103162 4236.335972948847 -0.00019570600476842868 0.5321583232983875
1.300352717098685 0.5917234105103162 4236.335972948847 -0.00019570600476842868 0.5321583232983875
0.9215468042433476 0.5793164406101101 4539.879837920359 0.00040114432456339106 0.256288306378621
1.3147491700328904 0.6291189052153626 4591.786888490091 0.0002019333223101955 0.8618831391758673
1.3147491700328904 0.6291189052153626 4591.786888490091 0.0002019333223101955 0.8618831391758673
1.232331243537283 0.6220776461686874 4965.201238507465 0.00021884092667749246 0.5983518011115361
1.232331243537283 0.6220776461686874 4965.201238507465 0.00021884092667749246 0.5983518011115361
1.1197112047612792 0.6875047869392025 4940.9470300788635 -9.922259792917742e-05 0.2868985608981193
1.3053312675789868 0.682053241733904 4302.982388464787 -0.0006100203924445763 0.8518933584060815
1.261493983786743 0.5586091348885084 4662.020421172601 -0.0004576787213563467 0.7078157952319586
1.1582175368105048 0.6740442611282531 4900.46630479899 -0.00023665508315781617 0.3323878484067938
1.4129150367026615 0.5915728631052539 4858.783763358653 0.0008463754982167043 0.8432522349565628
1.4129150367026615 0.5915728631052539 4858.783763358653 0.0008463754982167043 0.8432522349565628
1.3600724692425552 0.6378625266909547 4178.0118553885295 0.00011869198331369834 0.8167377138585438
1.3600724692425552 0.6378625266909547 4178.0118553885295 0.00011869198331369834 0.8167377138585438
1.4469279542716573 0.6426314475579653 4043.5160755934853 8.66818102302397e-05 0.8102481716828459
1.0913786933374747 0.6404269082568814 3934.087381432075 -0.00029536726593705167 0.30561921174721857
0.9706303630111243 0.6415662226352546 4574.899440989044 0.0004612665691981942 0.285932448455192
1.352615432218128 0.6513527223128859 4896.656733066962 -0.0004959277664804383 0.9637698820622338
1.3274200954530673 0.6207441609681884 4271.570654993347 7.106707077143e-05 0.5331388456783859
1.3274200954530673 0.6207441609681884 4271.570654993347 7.106707077143e-05 0.5331388456783859
1.3337193953047801 0.6489256503188464 4871.253926833514 0.000498395564079591 0.6839794249383362
1.2520283583436438 0.7185157083701155 4884.744538994748 0.00021653132145857206 0.6572283925293377
1.025174117088283 0.6260791490118556 4500.590829369124 -7.348392789141624e-05 0.28029591372153245
1.025174117088283 0.6260791490118556 4500.590829369124 -7.348392789141624e-05 0.28029591372153245
1.364009734074009 0.6632351207026805 4398.575400686175 0.00012629757639255363 0.8707083940840851
1.2795997892117077 0.5471428011701833 4925.085805575216 0.0004947305805902073 0.6608581047734453
1.2795997892117077 0.5471428011701833 4925.085805575216 0.0004947305805902073 0.6608581047734453
1.2783684408755747 0.5537762711468464 4934.99917977188 -1.3640127937739153e-05 0.646352184425479
1.3964000329129234 0.6625544104791391 4850.958264014255 -0.00022966469158015737 0.7572867521755416
1.3964000329129234 0.6625544104791391 4850.958264014255 -0.00022966469158015737 0.7572867521755416
1.3070534600685701 0.5911257665131964 4588.135172453313 0.0006216391522199508 0.6896533470600212
1.4650087120460862 0.6510259957481498 4195.574599250793 -0.0004503599537270436 0.840463097457505
1.4650087120460862 0.6510259957481498 4195.574599250793 -0.0004503599537270436 0.840463097457505
1.1799199937000568 0.7237331025109823 4818.322434950571 0.0007678643376241896 0.3394974367021687
1.4314452018009491 0.6835670846510429 4415.310027876017 0.0003757574182202106 0.9471616534065054
1.4314452018009491 0.6835670846510429 4415.310027876017 0.0003757574182202106 0.9471616534065054
1.3152109781540293 0.5094678557991261 4702.350313533611 0.0008806799837735265 0.6454366467568697
1.1775790148258412 0.6717675865467625 4197.095205431245 0.00033260236960792357 0.41603841045444667
1.2774427184250152 0.690416740787757 4880.83820492939 0.0004836656243609949 0.9433899458247718
1.1203869542504088 0.5547277500063136 4830.277867688544 -0.00020121531874101712 0.4296886077783485
1.0647781888584547 0.6144902780244554 4501.71303056231 -0.0003352872539182196 0.26881354166340365
1.0647781888584547 0.6144902780244554 4501.71303056231 -0.0003352872539182196 0.26881354166340365
1.477559382219646 0.5741239698718701 4671.06064443717 -0.00013404232141029046 0.66634432444148
1.1029135275036996 0.7077282441683275 4949.2615581237105 -0.0008312378054000387 0.293725329003944
1.3573995879282723 0.549632577099868 4873.633925914728 0.0002039331312596274 0.809262845770926
1.3014368332247104 0.6648519050297137 4334.906732664546 0.00017582001376785533 0.650787588697389
1.2470785718078201 0.571650407045389 4617.880138031201 -0.0006263506944603384 0.6098258578771565
1.2507557697612994 0.6005086288231328 4102.650169950743 0.00033890959212152616 0.6995278073454638
1.2507557697612994 0.6005086288231328 4102.650169950743 0.00033890959212152616 0.6995278073454638
1.320940454547714 0.5292904962616958 4732.535742544413 0.0005295380397390494 0.772415160650295
1.0712675949578725 0.697343866725227 4814.75507365382 -0.0005883072181347241 0.28890418030379217
1.2299098883351602 0.7037847913284532 4787.760836195806 -0.0002978920333732299 0.8537498414368487
1.2865890439912193 0.7130170585796385 4211.385660789393 0.0001261025541182231 0.7706119033018772
1.3119924927896025 0.5312820671969798 4457.138784712523 0.00020896422612262937 0.6626513310052685
1.3119924927896025 0.5312820671969798 4457.138784712523 0.00020896422612262937 0.6626513310052685
1.4553357201147918 0.5824728010013533 4726.396554369579 -0.00019644892088538853 0.758991088219749
1.4553357201147918 0.5824728010013533 4726.396554369579 -0.00019644892088538853 0.758991088219749
1.3602225758405955 0.6364323869025734 4013.4535231464474 0.0006098349907957846 0.7583827549428358
1.3602225758405955 0.6364323869025734 4013.4535231464474 0.0006098349907957846 0.7583827549428358
1.236785977114126 0.5792203701833105 4556.756268434218 0.00037916716542939113 0.8332246995921117
1.2822433716587887 0.6292669012215459 4830.766958461394 -9.667939631572999e-05 0.8750900575492593
1.0300615731296305 0.5646939581765394 4882.926098271959 -0.00037004249051641146 0.2798493501100987
1.2061480289781785 0.6025799768744392 4703.009378984508 0.0005795568194067302 0.41300703321141224
1.395471286776611 0.6352968664811303 4977.916692506195 -0.0002865927873612206 0.8656660711807768
1.4218413918224215 0.6560442615902258 4512.479596839588 0.0001793885323359771 0.8100997485514158
1.149231243133545 0.6792433261871338 3992.1926198601723 -0.0002967514502371266 0.29876941442489624
1.149231243133545 0.6792433261871338 3992.1926198601723 -0.0002967514502371266 0.29876941442489624
1.3959553677391083 0.534129256104403 4905.107637036929 -0.0007944348812125485 0.6537090450112576
1.3959553677391083 0.534129256104403 4905.107637036929 -0.0007944348812125485 0.6537090450112576
1.3191293324913325 0.5901099594387926 4168.083977260142 -0.00022064070584290152 0.5874183094640001
1.4018226623535157 0.6389561370015144 4672.873701274395 -0.0002949124240954606 0.8080108761787415
1.4018226623535157 0.6389561370015144 4672.873701274395 -0.0002949124240954606 0.8080108761787415
1.2847458088735044 0.7107923390721447 4402.526527903347 0.0002886760671861662 0.7456736694902374
1.2847458088735044 0.7107923390721447 4402.526527903347 0.0002886760671861662 0.7456736694902374
1.1206038200149033 0.6082629179507529 4698.189349444992 0.0007222499101931798 0.26854128096355284
1.1206038200149033 0.6082629179507529 4698.189349444992 0.0007222499101931798 0.26854128096355284
1.5623990721708996 0.548918861472494 4238.384283442247 0.000725442134229176 0.668310292383995
1.4089924905297522 0.5531469686832517 4368.695390232018 0.00019484548010657312 0.7968543878821708
1.4089924905297522 0.5531469686832517 4368.695390232018 0.00019484548010657312 0.7968543878821708
1.1327385788559814 0.7077400940699038 4922.486716122726 0.00021444348543589938 0.2955271078248215
1.3277371686899162 0.5906869832039416 4811.733476682356 -0.0004358159347405629 0.6752969089767017
1.3277371686899162 0.5906869832039416 4811.733476682356 -0.0004358159347405629 0.6752969089767017
1.4721693848907114 0.5872127910426784 4221.704343746168 -0.00029811345213712616 0.8545738592357854
1.1785602793834093 0.6005710269023521 4235.601302601167 -0.00020475294989548407 0.5325391655872903
1.1785602793834093 0.6005710269023521 4235.601302601167 -0.00020475294989548407 0.5325391655872903
1.2627371989519678 0.560979358568034 4173.619984365762 -0.0003352580576014452 0.7201369933021925
1.2627371989519678 0.560979358568034 4173.619984365762 -0.0003352580576014452 0.7201369933021925
1.3631425106859727 0.5914215775690991 4901.963300799953 -0.0001894381165086338 0.6466096048838607
1.4301180062197385 0.5970175231997713 4774.265902439235 0.0002115424196075788 0.8567536262844632
1.4331749029805096 0.6120107142866613 4807.023214816579 -0.0010092684687161633 0.7353008891165699
1.3330752209720722 0.5495591597561919 4899.423789912703 -0.0003457721706131757 0.7631472336378506
1.3330752209720722 0.5495591597561919 4899.423789912703 -0.0003457721706131757 0.7631472336378506
0.9694040051494923 0.6597175894850896 4788.226151470801 3.6159186835842893e-06 0.27211829642125823
1.31098668928257 0.5732760998198958 4185.135412645417 9.917987178360626e-06 0.7494315304485561
1.391419825665626 0.587699332682912 4857.659612660733 -0.00043650334400933987 0.701358285940104
1.391419825665626 0.587699332682912 4857.659612660733 -0.00043650334400933987 0.701358285940104
1.1853249625695113 0.6006969349662619 4251.909076262848 0.00017937026000151856 0.37427690973246347
1.1625069202616605 0.6124842871140593 4250.289491441778 6.833521615842595e-05 0.40897939347861
1.4274499877294848 0.6390892909628395 4366.771080957092 1.7707325894352498e-05 0.9790990037354551
1.273248858278671 0.6520794201051803 4305.467562103318 -0.0008569964261208226 0.3479633666555279
1.273248858278671 0.6520794201051803 4305.467562103318 -0.0008569964261208226 0.3479633666555279
1.2141841121689227 0.6712301794043974 4723.070391084333 0.0001665312071966585 0.4596661494467947
1.0240486731580927 0.6424927443429825 4269.095339470668 -0.0007338924331269082 0.2916840420095864
1.0240486731580927 0.6424927443429825 4269.095339470668 -0.0007338924331269082 0.2916840420095864
1.5227881409089328 0.621387255264629 4476.305041021715 8.01976179243009e-05 0.7328630867772903
1.5227881409089328 0.621387255264629 4476.305041021715 8.01976179243009e-05 0.7328630867772903
1.3234074124830393 0.6949673164514316 4295.258348851252 0.0005829962982634773 0.9536849431023541
1.31567806319595 0.6366545427053891 4020.52814015546 -0.0006665865520410494 0.6534893165919196
1.31567806319595 0.6366545427053891 4020.52814015546 -0.0006665865520410494 0.6534893165919196
1.2618920248637209 0.5673164283460015 4363.120018309324 -0.0003532013435230818 0.6100999541460554
1.4256341469809977 0.6237924701966867 4189.097204882763 -0.0004076904384169206 0.7481907570997662
1.5071477479564548 0.572962537410881 4142.373224424138 0.0003612063758556836 0.7801898543249189
1.5071477479564548 0.572962537410881 4142.373224424138 0.0003612063758556836 0.7801898543249189
1.3334806261907244 0.6240442610940128 4240.730278165582 0.0005843228624729143 0.83815343835085
1.266667711192388 0.6536246096780506 4914.614178232657 0.0003791040073141835 0.45851325294804124
1.4096697069017523 0.6302822405372399 4606.450848464379 -0.0007872007232287394 0.7958332445894775
1.4096697069017523 0.6302822405372399 4606.450848464379 -0.0007872007232287394 0.7958332445894775
1.2895053668912233 0.6476408869600994 4218.541079992025 0.00046758796071520687 0.6004413861679928
1.3493299448017697 0.6571632892414261 4992.335868011145 0.0013542559359377853 0.7885498534198324
1.3604413998929377 0.601958751809833 4642.697553739375 0.0003242533196040458 0.8642413035928697
1.253985028582309 0.6604424682769972 4968.295387877169 0.0004554723519415646 0.8104763883807702
1.4210786727031923 0.6585928279363595 4434.450045624353 -5.6317832342634415e-05 0.9297779705485238
0.9312926338026851 0.6040340941884212 4884.405572530325 -0.0005515350942684885 0.255905808640404
1.344129412399158 0.5981311564154023 4449.508355098905 -0.00017368094420018205 0.8612314767830345
1.3577278305295584 0.5542903396416604 4732.958189755116 -0.0005601754848440581 0.8269761123730737
1.3577278305295584 0.5542903396416604 4732.958189755116 -0.0005601754848440581 0.8269761123730737
1.1414247532502273 0.6477584163058909 4961.288009875612 -0.00026888528951668055 0.290109141890059
1.3273404876008383 0.5595155134947415 4992.843022148942 0.00034819481093720104 0.85316428159285
1.3273404876008383 0.5595155134947415 4992.843022148942 0.00034819481093720104 0.85316428159285
1.3025608690655242 0.6985218211314173 4552.34070107819 3.6689179998819768e-06 0.5859813834266447
1.1387100412902211 0.5899703831760268 4560.425159303463 -0.0005111763417177604 0.3060874893337714
1.3379308518505149 0.5636695790178378 4714.46580514194 -0.00046613931716860986 0.7827467682031455
1.3379308518505149 0.5636695790178378 4714.46580514194 -0.00046613931716860986 0.7827467682031455
0.9728427446052992 0.5663726369342733 4923.412982172201 -0.00025231611179075557 0.2935997191210544
1.2732279207753947 0.618022194737506 4576.640973063699 -8.869261290976169e-05 0.7985294912997194
1.2214607558293145 0.581127287172015 4500.173625279382 0.0006977381587333362 0.5082142066374082
1.2214607558293145 0.581127287172015 4500.173625279382 0.0006977381587333362 0.5082142066374082
1.2558638375041562 0.6427495458364507 4541.254189759766 0.0007121591526398536 0.7107239643277222
1.3850368780838105 0.6173711382897246 4217.524336893931 -0.0006810254505596783 0.7130550938769153
1.0712599971514385 0.6236054650825145 4120.700560635536 0.0003148642085023664 0.265403380271216
1.3948630722634818 0.566880951405367 4645.539453860754 0.00013137610063207263 0.8411283725682341
1.3948630722634818 0.566880951405367 4645.539453860754 0.00013137610063207263 0.8411283725682341
1.208895423881384 0.6982350687217298 4485.733747318512 0.0005999687531118313 0.5395947966282421
1.208895423881384 0.6982350687217298 4485.733747318512 0.0005999687531118313 0.5395947966282421
1.4411134189751684 0.5864742851338697 4462.536390528749 -0.0003720577549589384 0.7788493948053853
1.333543952153974 0.5588886570028603 4497.031445021189 -0.00013444300383284684 0.6923896409618968
1.2212048425366713 0.5522305914119954 4670.184755048977 -4.206861759198678e-05 0.7293353781505719
1.2212048425366713 0.5522305914119954 4670.184755048977 -4.206861759198678e-05 0.7293353781505719
1.3708465639763165 0.6044025653282614 4669.179366173576 0.0008775385728058487 0.8885467474808648
1.3708465639763165 0.6044025653282614 4669.179366173576 0.0008775385728058487 0.8885467474808648
1.3309989390349608 0.563753078178762 4242.390825108075 5.0024194586968196e-05 0.7563354894202393
1.5864239251064725 0.5691205223986002 4328.074311707089 -0.0004171395081188659 0.7287931078132563
1.1562712704240041 0.6692107946388319 4488.563593785699 0.00046257747890527816 0.31834728171669613
1.349654497356337 0.6714285308494193 4460.377301827674 0.00021241301890002627 0.981725287001856
1.5839002828291973 0.5390227797070881 4169.7358074937265 -7.725596539831732e-05 0.7771611585070257
1.5839002828291973 0.5390227797070881 4169.7358074937265 -7.725596539831732e-05 0.7771611585070257
1.3563940897829068 0.6578649182656979 4576.457200627946 3.59015517017227e-05 0.9932662494011084
1.287876461017398 0.673297419723872 4646.864098394669 0.000471106837791684 0.8365089127916236
1.3069641513777015 0.6812351950254742 4719.226404108797 -0.000476205452567802 0.5068793539819738
1.3069641513777015 0.6812351950254742 4719.226404108797 -0.000476205452567802 0.5068793539819738
1.2822708483702987 0.6178271874524177 4544.947409748324 -0.0006866662713332073 0.8478778893280038
1.2822708483702987 0.6178271874524177 4544.947409748324 -0.0006866662713332073 0.8478778893280038
1.2340483992891926 0.6172852178110793 4929.215842666424 0.0004367367449580483 0.6544179657715051
1.2340483992891926 0.6172852178110793 4929.215842666424 0.0004367367449580483 0.6544179657715051
1.003047013282776 0.6363095790147781 4668.294850945473 0.00034626580546159283 0.2944145202636719
1.1861954573160676 0.6565390067671503 4024.419789389599 -5.0610762178548856e-05 0.32336753008953323
1.005770892672842 0.6362723429357666 4395.039151531554 -0.0005102244612656348 0.27801843632881384
1.245035354012156 0.597311424169459 4721.271136473677 -0.00014065160371856886 0.8317720625825633
1.245035354012156 0.597311424169459 4721.271136473677 -0.00014065160371856886 0.8317720625825633
1.2479728081861494 0.7555752122540078 4797.363122933281 0.00022820951150383128 0.873112954162612
1.2479728081861494 0.7555752122540078 4797.363122933281 0.00022820951150383128 0.873112954162612
0.9793647795981404 0.5842769011151475 4816.91947288561 -0.00024979751080627966 0.3046341918126174
0.9793647795981404 0.5842769011151475 4816.91947288561 -0.00024979751080627966 0.3046341918126174
1.2585793433619226 0.6535317761387891 4595.009809933288 -0.0002351457126544023 0.6877041651220681
1.4545109635973656 0.6366970490985197 3956.3367360359557 0.00017624080643953403 0.7981685088417306
1.4545109635973656 0.6366970490985197 3956.3367360359557 0.00017624080643953403 0.7981685088417306
1.1922121343860144 0.6544182173057402 4860.363272595538 -0.0005308877240506245 0.5239006218649702
1.1560270272743436 0.5809406911590639 4392.86994340621 0.0003315479700933894 0.37244491535521407
1.1560270272743436 0.5809406911590639 4392.86994340621 0.0003315479700933894 0.37244491535521407
1.2402523440711133 0.6499983320569583 4976.4895531258235 -7.919638454627642e-05 0.6641126178805579
1.2402523440711133 0.6499983320569583 4976.4895531258235 -7.919638454627642e-05 0.6641126178805579
1.4792075937962892 0.5954464807626277 4914.707405976452 0.00013308886718667518 0.6693647585568683
1.3919258780164567 0.5701950250896404 4835.435594488813 -2.7706828090149778e-05 0.8653504962687587
1.1808253810504314 0.5850289597388614 4186.362161560847 2.3295537700051056e-05 0.5102398827291853
1.2528020645269393 0.5938928756817834 4848.280422363481 -6.46636474083533e-05 0.6483403451641179
1.5305348662657594 0.5954406407486877 4210.683300654593 -0.00011454797875732874 0.7598571591215526
1.364760457365272 0.6008412173911033 4806.765980263438 0.0002615991007974581 0.7674960624200138
1.2453993158032406 0.5759752865120087 4128.472506137521 -5.2514255843819416e-05 0.48280767773511046
1.1597471561046815 0.5876213528257147 4673.8514556150785 0.000442460404026486 0.43948193694409665
1.1597471561046815 0.5876213528257147 4673.8514556150785 0.000442460404026486 0.43948193694409665
1.4213289906624311 0.6467621285813191 4450.176309365669 -0.00022828507918484222 0.8344340427059143
1.4213289906624311 0.6467621285813191 4450.176309365669 -0.00022828507918484222 0.8344340427059143
0.9816348179138241 0.5893767577417672 4953.549079879425 0.0003609428145386702 0.26899798556284427
0.9816348179138241 0.5893767577417672 4953.549079879425 0.0003609428145386702 0.26899798556284427
1.1075916533060295 0.6420267921069333 4567.840517221606 -6.553394195905799e-05 0.3436477003432534
1.1075916533060295 0.6420267921069333 4567.840517221606 -6.553394195905799e-05 0.3436477003432534
1.3223905846153294 0.6719685593805389 4637.293081721952 -0.00011203607883593832 0.5582855394009667
1.3785806048621347 0.6165258528052895 4053.323003272665 -5.790009648218787e-05 0.6406833129959155
1.6420531800777218 0.6021443233940735 4142.877709694634 -0.0002200615542013505 0.7742711957304815
1.5025988572846805 0.634637299094935 4852.758598928817 -0.0001778278303997235 0.7598834308295072
1.3369884117726492 0.5410583089279639 4497.920355558224 0.00019800917704695904 0.7813691754649918
1.3369884117726492 0.5410583089279639 4497.920355558224 0.00019800917704695904 0.7813691754649918
1.4625584306598403 0.6460318790277111 4901.721202372269 -0.00047770493273587537 0.8804972494858957
1.2826860070228578 0.6001961752772331 4978.876292467117 0.0008541426508332572 0.6423155665397644
1.2938364077846107 0.6520869029875204 3986.7829556420834 -0.00010074468025670815 0.6296223014204427
1.353635178327242 0.7306556369864493 4065.0017886243113 -0.0005782028877416486 0.8836599406725162
1.1263697775236567 0.6475565629615129 4932.463688842168 -0.00021188737896858607 0.3538184008764884
1.1263697775236567 0.6475565629615129 4932.463688842168 -0.00021188737896858607 0.3538184008764884
1.3344330882446749 0.5352131650042941 4836.66106012971 -1.6305798633812698e-05 0.7285838056428836
1.3040990877028567 0.6552128456252686 4316.157421043636 -0.00013679779380619132 0.6383661022354992
1.0460109607681065 0.5887508307820236 4512.91067439895 -0.0007025291692553545 0.2675171809890528
1.0460109607681065 0.5887508307820236 4512.91067439895 -0.0007025291692553545 0.2675171809890528
1.0931625879276452 0.5820474050803419 4811.729005483343 0.00031606863065520966 0.2762090099487443
1.0931625879276452 0.5820474050803419 4811.729005483343 0.00031606863065520966 0.2762090099487443
1.2272923795325203 0.6477130763891924 4402.200260645926 0.000253057886647851 0.40943166069564463
1.2466031979657939 0.7231119645725608 4491.290829723243 -0.0004677975029668111 0.5263174462024338
1.2466031979657939 0.7231119645725608 4491.290829723243 -0.0004677975029668111 0.5263174462024338
1.2586967330281162 0.7207617867491366 4947.357031019746 0.000633201471782441 0.7660255139581654
1.3090608835220339 0.6902425661683083 4717.1914638876915 -0.00021733518280105698 0.466510534286499
1.3090608835220339 0.6902425661683083 4717.1914638876915 -0.00021733518280105698 0.466510534286499
1.4112490098196053 0.5926037922320693 4600.3618460597 0.00030820557351961687 0.6799564510941142
1.2292936176677278 0.6264293843991342 4138.604267038193 0.0003438346671359771 0.6999701496187873
1.2292936176677278 0.6264293843991342 4138.604267038193 0.0003438346671359771 0.6999701496187873
1.1835506621694298 0.5737343119129288 4662.22366854868 -0.0004599908523156083 0.4052212038446912
1.3538218557915986 0.5800498539124599 4569.39351321304 0.0003842978396118262 0.801938297680031
1.318718153026067 0.5782337324073337 4053.7935949702774 -0.0003383289655309695 0.5326793504102854
1.3576443079831093 0.6465822531424789 4804.174530530347 -0.00034623999400403455 0.7416706592313631
1.3576443079831093 0.6465822531424789 4804.174530530347 -0.00034623999400403455 0.7416706592313631
1.3027012219526668 0.6730257239215139 4549.5007106849625 -0.0007760388265298623 0.7863944601921717
1.3027012219526668 0.6730257239215139 4549.5007106849625 -0.0007760388265298623 0.7863944601921717
1.2565821480507124 0.5875492770395063 4495.8461673718975 0.0003921621558872644 0.7584102819067824
1.293605511498252 0.5329566993441472 4952.005209009166 -0.0002973018491945946 0.7198023168324152
1.5469903275955064 0.6185557599924412 4524.486963592321 -0.000163292841504578 0.7325924982192891
1.2246202302841263 0.6707131146375481 4671.647314422312 -0.0008201447711587305 0.40540320188176193
1.356140422968041 0.6296480446602545 4492.388613538933 0.0005027418965681373 0.5318889478554198
1.1427720846589742 0.6947228407153246 4615.56476446916 0.00020445582300930736 0.33109622482469936
1.2226294583111332 0.7276072451602567 4306.3396525187445 -0.0005092686382778491 0.3361032269380177
1.2226294583111332 0.7276072451602567 4306.3396525187445 -0.0005092686382778491 0.3361032269380177
1.5003975544198935 0.636424658776079 4053.213993021429 0.00024479155129821504 0.7636953929591015
1.5003975544198935 0.636424658776079 4053.213993021429 0.00024479155129821504 0.7636953929591015
1.413769564631078 0.5575258123293612 4638.747820613403 -2.0537540021241676e-05 0.7063935297104181
1.413769564631078 0.5575258123293612 4638.747820613403 -2.0537540021241676e-05 0.7063935297104181
1.4535705426778822 0.5778621045516815 4645.027679960137 0.0007577252975872323 0.6319671654938892
1.4535705426778822 0.5778621045516815 4645.027679960137 0.0007577252975872323 0.6319671654938892
1.1434576849809415 0.5722776926669408 4801.361130226154 0.00034858485664225576 0.4156067955105939
1.5258060256941897 0.5829557330870394 4940.832532712852 1.6159288459239448e-05 0.6772836409708987
1.5258060256941897 0.5829557330870394 4940.832532712852 1.6159288459239448e-05 0.6772836409708987
1.4118298549184343 0.6057958001670234 4952.654565811711 -6.0267296975521456e-05 0.7917921113218838
1.5813861663130409 0.6067221247307004 4304.836791613178 -0.00022714664423045217 0.8402941406954845
1.293492226242654 0.5767346863318205 4195.657150042639 0.0008746779249957159 0.583627695202365
1.293492226242654 0.5767346863318205 4195.657150042639 0.0008746779249957159 0.583627695202365
1.1535413653697617 0.6766093064285854 4200.012790703532 0.00016892866911611467 0.3295318432228664
1.3376225318683006 0.6290544610950187 4992.0327660779585 0.0006916315104942808 0.6993562776478747
1.3376225318683006 0.6290544610950187 4992.0327660779585 0.0006916315104942808 0.6993562776478747
1.2621322468504772 0.6385154085178064 4073.9149241479913 2.2697447311175106e-05 0.49906447837290624
1.481272841291202 0.5794787694252069 4969.2776531974305 0.00044016801479150245 0.8809667000934338
1.21084943609315 0.704596675500007 4741.988583906766 0.0004599704444054015 0.32335341293440284
1.308492805003727 0.6746133161047733 4251.777306737744 -3.2578438531416935e-05 0.8585233951775592
1.308492805003727 0.6746133161047733 4251.777306737744 -3.2578438531416935e-05 0.8585233951775592
1.2556205862459815 0.7254157459226853 4992.098214532693 0.00024670531201828323 0.748817098582045
1.2556205862459815 0.7254157459226853 4992.098214532693 0.00024670531201828323 0.748817098582045
0.9371170920636253 0.6328889379533676 4929.685646945674 -0.00014244567010033432 0.2858892377161224
0.9371170920636253 0.6328889379533676 4929.685646945674 -0.00014244567010033432 0.2858892377161224
1.4252006542946982 0.620451758770913 4013.092632752737 0.00022094738055619106 0.7817433857512903
1.4252006542946982 0.620451758770913 4013.092632752737 0.00022094738055619106 0.7817433857512903
1.2611716928897247 0.6010669312428969 4269.832996249852 0.00030104663019467484 0.5040913859090028
1.2611716928897247 0.6010669312428969 4269.832996249852 0.00030104663019467484 0.5040913859090028
1.3521206458803041 0.5827325111190546 4636.644987197563 -0.000544384795986043 0.7497631962120479
1.3223273429770246 0.6097491216577902 4421.371775560217 -0.0002242739642963392 0.6506521475780197
1.3223273429770246 0.6097491216577902 4421.371775560217 -0.0002242739642963392 0.6506521475780197
1.0598359750686293 0.7017701491522846 4867.88049438745 0.0004614571110619453 0.314077437518779
1.3182720193297386 0.5253681389682863 4489.555562903624 -0.00027840285593009386 0.6749571267927438
1.3113413400309857 0.6556507429507114 4762.739749451212 0.0002677714524570621 0.8739567528874146
1.3850039284409434 0.6224579252309513 4649.065353651019 -4.72646922590148e-05 0.8686371579310683
1.277518927101513 0.6374737744179184 4900.262380753565 -0.0007012699315048231 0.809463569427277
1.277518927101513 0.6374737744179184 4900.262380753565 -0.0007012699315048231 0.809463569427277
1.4361929089534093 0.598000944861574 4550.3163178452105 -0.00014965918672276085 0.8719056866429372
1.1549766936685382 0.5901492028271844 4616.164363108964 0.00018840876578033377 0.5890952908568945
1.3078775046440765 0.6548127230596054 4244.659898161433 8.102379303008137e-06 0.8451107581879991
1.386258547637366 0.544249644759026 4807.318284225449 -0.00016556026888405305 0.7669670854224632
1.386258547637366 0.544249644759026 4807.318284225449 -0.00016556026888405305 0.7669670854224632
1.4111361370518019 0.5764716133529233 4875.703183945331 0.0006523949631470262 0.7705177855141003
1.4111361370518019 0.5764716133529233 4875.703183945331 0.0006523949631470262 0.7705177855141003
1.387855282926433 0.5538606879487521 4344.7905307075325 4.110772657548968e-05 0.7965293135510733
1.3491022681947604 0.5845281158182962 4600.483624049928 -0.0009553239659973445 0.7995548899778819
1.3491022681947604 0.5845281158182962 4600.483624049928 -0.0009553239659973445 0.7995548899778819
1.2599272920823834 0.5452358010192244 4925.202438293126 0.00032516246321971285 0.6714758086923731
1.2599272920823834 0.5452358010192244 4925.202438293126 0.00032516246321971285 0.6714758086923731
1.394226385679917 0.6777224006226275 4255.162422550599 0.00018524964929182543 0.927809736945843
1.3728206977175381 0.5549281119765556 4978.172639903686 0.00048630706877229364 0.7121273516452864
1.1607194377926027 0.6700126441952848 4881.331474962225 0.00013820443939693724 0.3323443824262762
1.2691953002333143 0.6981334856165489 4068.62102783827 0.0003490790651994362 0.637735788284173
1.0096310095917467 0.6479589391532574 4880.030298799899 -0.00017549805776944375 0.28456440347648776
1.3804079440144783 0.5569441577096083 4870.924231754126 0.0002997943211811867 0.7320540174037964
1.3853095463160137 0.5826286363099793 4776.818242362499 -9.021903323442392e-05 0.6867534414070329
1.0537080042477738 0.586803277974043 4524.883668409502 -0.0003433994992562892 0.30061651503354364
1.2668433283658744 0.5765625880435767 4147.368419140622 -0.00028397442460851164 0.6990695836893955
1.564215778654931 0.608700529342047 4427.831511092231 -3.325717145740567e-05 0.90050792267417
1.564215778654931 0.608700529342047 4427.831511092231 -3.325717145740567e-05 0.90050792267417
1.0115709489023244 0.6520110754156196 4721.866919274415 -0.000938493664803028 0.2861138995042912
1.3655732938795537 0.64981807407518 4848.402170163107 7.888659427167972e-05 0.7807719979024688
1.3655732938795537 0.64981807407518 4848.402170163107 7.888659427167972e-05 0.7807719979024688
1.3299724591071649 0.585576449937488 4488.504534110801 3.3480139744097605e-05 0.7328981505526296
1.3965719250421604 0.6537620370603753 4255.366460646323 -0.0006637733392371913 0.9008110181043456
1.3965719250421604 0.6537620370603753 4255.366460646323 -0.0006637733392371913 0.9008110181043456
1.2138438179774957 0.5812820237376142 4650.505058680253 4.158378950184215e-05 0.4034138595571702
1.4744825896110165 0.5884107587146239 4118.707029202523 -0.000140092730670534 0.765710244759287
1.362980315369902 0.6847168459530331 4909.511495610731 -0.0007452249627439143 0.9755407163219949
1.362980315369902 0.6847168459530331 4909.511495610731 -0.0007452249627439143 0.9755407163219949
1.2444620147117122 0.5641197077075248 4788.539557369364 -0.0002174424403719812 0.6424282327162743
1.146737411365613 0.7108055169845247 4794.460177635231 0.00048537699559946445 0.3611358468258128
1.308886557709058 0.6066389790107283 4635.180325086031 0.000259350149048725 0.41593357657270963
1.308886557709058 0.6066389790107283 4635.180325086031 0.000259350149048725 0.41593357657270963
1.0698532135343022 0.5637445105915062 4975.066703768897 -0.00012979902710277258 0.2908451135857939
1.143786470709047 0.6608077542420148 4991.288730027106 -0.0002060749343244335 0.3482813169733182
1.143786470709047 0.6608077542420148 4991.288730027106 -0.0002060749343244335 0.3482813169733182
1.4989494406102115 0.6029020217723475 4196.045787022138 -3.4818306672407064e-05 0.7824398832405849
1.3119278508327663 0.531606912675183 4489.095518614626 -0.0002956031484936345 0.8166622418879291
1.3119278508327663 0.531606912675183 4489.095518614626 -0.0002956031484936345 0.8166622418879291
1.3419941057034857 0.5826403147169817 4934.204461110678 0.00017801572497921702 0.6553438095843124
1.3419941057034857 0.5826403147169817 4934.204461110678 0.00017801572497921702 0.6553438095843124
1.3816823927395434 0.7310008411513725 4056.483964988222 -0.00048569191866899755 0.9206852453557415
1.4383242827137368 0.5570756495579177 4590.216499863324 0.0005849674434979488 0.853613409271876
1.3533398182760867 0.6608344752312162 4682.213235499693 0.0004949754679343698 0.8649708519468884
1.3533398182760867 0.6608344752312162 4682.213235499693 0.0004949754679343698 0.8649708519468884
1.357446963377892 0.5996935085640063 4363.9548269215775 -0.00017999141161993335 0.7781471519347295
1.371216699652052 0.6593325793539735 4259.770217752856 -0.00018543503883123674 0.808567547084291
1.371216699652052 0.6593325793539735 4259.770217752856 -0.00018543503883123674 0.808567547084291
1.2487444510732462 0.6486026792047295 4694.905668308216 -0.0007988833272563432 0.6687598161643182
1.5334420575005383 0.6258928250333281 3926.5353587105283 -0.0007644219149735987 0.8059998185942558
1.5334420575005383 0.6258928250333281 3926.5353587105283 -0.0007644219149735987 0.8059998185942558
1.0773193223354767 0.6677012233011669 4971.000962923207 0.0003814967311433444 0.2991818594971506
1.0773193223354767 0.6677012233011669 4971.000962923207 0.0003814967311433444 0.2991818594971506
1.47245917216725 0.5444988406822551 4773.818049384285 -0.0009971606460541442 0.7336137980425746
1.47245917216725 0.5444988406822551 4773.818049384285 -0.0009971606460541442 0.7336137980425746
1.2815159835082244 0.5988608606586163 4498.661680046187 0.0002888439190818286 0.868184808606911
1.2815159835082244 0.5988608606586163 4498.661680046187 0.0002888439190818286 0.868184808606911
1.3924993032167408 0.6258145669280738 4966.535565692721 -0.000228028209501405 0.8824015791010209
1.3924993032167408 0.6258145669280738 4966.535565692721 -0.000228028209501405 0.8824015791010209
1.2560136489401295 0.543860671706985 4977.592309959641 0.00020980754322123729 0.6547583842771719
1.2560136489401295 0.543860671706985 4977.592309959641 0.00020980754322123729 0.6547583842771719
1.307106132680591 0.6626732136796706 4659.400314413088 -0.0003539471040738819 0.48032246769235354
1.307106132680591 0.6626732136796706 4659.400314413088 -0.0003539471040738819 0.48032246769235354
1.271628408147411 0.5778107593007382 4077.0389232782254 -2.466667125179473e-05 0.6213857659199404
1.286140905318192 0.6043828914794236 4568.929097597424 0.0008001810172016061 0.3982844288973182
1.051130281370694 0.563719016880389 4805.29171161914 -4.708196944879444e-05 0.30877794133777925
1.294758539974882 0.616030867054611 4199.630733328449 0.00017593858858699194 0.4092776200111371
1.3854541466128194 0.6191905794912558 4483.6308843710685 -9.903547942010289e-05 0.7212556815714336
1.3854541466128194 0.6191905794912558 4483.6308843710685 -9.903547942010289e-05 0.7212556815714336
1.1301997634855705 0.5973244764605119 4352.942561238616 3.387065865656857e-05 0.27656741572162297
1.176209770204652 0.5470912234069724 4574.050020715967 0.000834464997916466 0.42561948412421285
1.452941199933167 0.6036958448683923 4611.853230968705 -0.0001602126734404408 0.7993272970515007
1.3064720818259485 0.6413044911419945 4572.127912037586 -0.000381761046285361 0.5841176159382491
1.1903016972162015 0.6040436956330503 4354.680760335372 -0.0004549999701468013 0.6533793448526832
1.1903016972162015 0.6040436956330503 4354.680760335372 -0.0004549999701468013 0.6533793448526832
1.1775398168421565 0.6362858019256165 4720.216043211127 -2.1407868763836014e-05 0.31577861568780197
1.388689893823127 0.5776476219574651 4833.514985758499 0.0003658620636524255 0.6709445646771683
1.388689893823127 0.5776476219574651 4833.514985758499 0.0003658620636524255 0.6709445646771683
1.3139944892478788 0.5488013654037722 4833.0689957795685 -0.00020014061336881574 0.7638868618792354
1.2895455547950403 0.591396303909211 4227.386181959741 -3.870334193836047e-05 0.7605178735999538
1.2895455547950403 0.591396303909211 4227.386181959741 -3.870334193836047e-05 0.7605178735999538
1.3734352467412858 0.6861572262085424 4510.668674658172 -0.0006518810154543719 0.9199361567797022
1.2958013709951572 0.5221393990418857 4817.10850271198 0.0002290463234260552 0.6977190774826652
1.3095439939927436 0.5446715170758784 4453.50213328984 0.00036007630328688375 0.7186822765187149
1.0118846923985036 0.707375279108285 4929.054261398876 0.0005527985135908558 0.29887661759707673
1.3538602581304588 0.613997844584711 4149.591086708958 -0.0002819598859307793 0.7439335558375935
1.3538602581304588 0.613997844584711 4149.591086708958 -0.0002819598859307793 0.7439335558375935
1.539513069962338 0.6313036857527625 4719.847213667876 -0.0008594086948754637 0.7531018308599359
1.539513069962338 0.6313036857527625 4719.847213667876 -0.0008594086948754637 0.7531018308599359
1.3923774745245563 0.5396602769362511 4068.4704390983034 0.0005610867932679812 0.7601430917792277
1.1478621997869605 0.6884471389772125 4553.422997627646 6.760720525413933e-05 0.3475155090803555
1.0990317629218518 0.6711432331964358 4593.924172119771 0.0002625888633632337 0.28781074177180566
0.9996754088210369 0.5876060846439866 4105.313006157309 -0.000759423348844299 0.2862868462558775
1.2917900142361805 0.5884910272018843 4827.834941511975 0.0001702234223037917 0.6612496137918781
1.312592660365064 0.6784716445421589 4433.257916498507 7.1970579654831145e-06 0.7063673676213418
1.2572812030447191 0.6287455671227034 4917.854890925716 -0.0007271440012346427 0.8110487710892307
1.2534016792206224 0.7058331902216777 4219.641660195997 -0.00011979077554691105 0.3964086979221184
1.2715541039117113 0.555135773458882 4506.141397005175 -0.00022322550883415766 0.6867192824386542
1.3278372028304537 0.6121510833223027 4253.142981509112 -0.0003460483214410418 0.761823962199885
1.3461081409267295 0.6378167432420082 4570.142966230828 -0.0001264236565763593 0.9331293133380726
1.255464448011801 0.659140355781595 4130.76180079064 -0.00020226180730516404 0.3435921800119249
1.324605759889483 0.577245662490261 4956.0396298262895 -0.0004157059168758525 0.7055921569391166
1.324605759889483 0.577245662490261 4956.0396298262895 -0.0004157059168758525 0.7055921569391166
1.2990092911435205 0.561954877156137 4450.747283502641 0.0005410598153780279 0.7144186039098591
1.3154461596338018 0.5622585937888385 4983.520321628045 -0.0005142303502309709 0.7424555281456113
1.3154461596338018 0.5622585937888385 4983.520321628045 -0.0005142303502309709 0.7424555281456113
1.3088074877368172 0.6121046240070976 4239.585802551229 -5.5439053703171945e-06 0.6112723683571175
1.2236587562207726 0.6423336088792385 4571.353638137586 -0.00036040356862973306 0.45272592335239115
1.2236587562207726 0.6423336088792385 4571.353638137586 -0.00036040356862973306 0.45272592335239115
1.381399408904127 0.605297083232601 4143.078461308033 -0.00031836386894908803 0.854515188572438
1.255395915996623 0.5967797696681912 4565.407978986207 -0.000314543177221784 0.623728571419427
1.2941120549207028 0.5853064256496571 4259.288837281586 1.8103469545344188e-05 0.7245529169407342
1.3002012315583988 0.5773901356092268 4909.6162825136325 -0.00013446139187657172 0.6758495134038824
1.3364572445757492 0.5579068576114968 4894.311273795014 0.0002138160496283737 0.7486110830420207
1.3364572445757492 0.5579068576114968 4894.311273795014 0.0002138160496283737 0.7486110830420207
1.44567929884161 0.6308082561223565 4023.905386178436 0.00030972498643345233 0.7531699119605455
1.44567929884161 0.6308082561223565 4023.905386178436 0.00030972498643345233 0.7531699119605455
1.146511209011078 0.5788035169243813 4745.757933676243 -0.000284269327989366 0.36300748586654663
1.146511209011078 0.5788035169243813 4745.757933676243 -0.000284269327989366 0.36300748586654663
0.9876008299643918 0.6087436149409194 4779.081459271829 0.0005926201378442855 0.2680357867395873
0.9876008299643918 0.6087436149409194 4779.081459271829 0.0005926201378442855 0.2680357867395873
1.1597330442162361 0.6684721614678443 4673.075694942338 -0.0002979444305248285 0.36439464174291963
1.1597330442162361 0.6684721614678443 4673.075694942338 -0.0002979444305248285 0.36439464174291963
1.213873310089161 0.5585113696177327 4553.974390317832 -0.0008757752196858809 0.487012533448393
1.198748225044032 0.6342346668279799 4833.771697854309 2.377925480839673e-05 0.3866715620679705
1.198748225044032 0.6342346668279799 4833.771697854309 2.377925480839673e-05 0.3866715620679705
1.3577462194165273 0.6395452831427938 4639.338208803269 0.00010315295657469088 0.8946666172898752
1.1986789020220638 0.5981676180767951 4133.088476850713 0.0005233262756655589 0.43286053363156013
1.2017323628211956 0.7095006612241519 4979.28642169105 -0.0003749625719219345 0.48494787195046163
1.2017323628211956 0.7095006612241519 4979.28642169105 -0.0003749625719219345 0.48494787195046163
1.2840499178369364 0.6808967401717548 4706.652314900036 0.0009228979091438325 0.7594727263488132
1.4098375602862303 0.7177454511898314 4113.6225505864695 0.0010541049516709963 0.9208823513426343
1.3247634839451283 0.5537357863884594 4730.060653984975 0.00031818013300360124 0.8281929588260158
1.3334107239803163 0.614527954993006 4949.312399434927 -8.497240940563164e-05 0.8568272610897096
1.3334107239803163 0.614527954993006 4949.312399434927 -8.497240940563164e-05 0.8568272610897096
1.1418445388825376 0.596432124072906 4442.162540111985 -0.0005484011958418404 0.28170619267477515
1.5558966549141109 0.606571665381372 4219.563644073292 0.0001242201261996374 0.8059239089820365
1.4424158750422789 0.5874910108609763 4260.3591633834585 0.00031703303254574793 0.785382871683456
1.2986733520729234 0.6042220901952706 4203.973561597508 0.000155164241750945 0.6331384957757324
1.1796659536519027 0.6454242231493993 4428.824858085968 -0.00017469429319884726 0.35040887061166415
1.2900338888168337 0.6759998649358749 4116.930744946003 -0.00010828215301153121 0.7336172461509705
1.3277218670225015 0.6536618799445764 4070.893065635791 -0.0004577242609216156 0.671358424532672
1.3277218670225015 0.6536618799445764 4070.893065635791 -0.0004577242609216156 0.671358424532672
1.3480183175507143 0.6271983869166478 4776.945037457615 -0.0004065838145599379 0.7355689658139644
1.3480183175507143 0.6271983869166478 4776.945037457615 -0.0004065838145599379 0.7355689658139644
1.3195849814229565 0.6126855669759799 4618.512396362778 0.0002518180461735039 0.5860603015150536
1.0185943810497957 0.6093422402136703 4799.6864500745 0.0001879814799829761 0.29760245276226216
1.3925016083573505 0.6125972118860241 4332.007030005103 0.0003733630892284712 0.8362434317029744
1.0943436684388177 0.6390250624490426 4698.7072441240125 3.816504275814052e-05 0.2636026438623343
1.2652566490058568 0.7103101700674543 4675.628523595243 0.00038081613528176005 0.7827745427220173
1.2652566490058568 0.7103101700674543 4675.628523595243 0.00038081613528176005 0.7827745427220173
1.312466242595287 0.6396685725403606 4348.41581904739 0.00031926165207554356 0.7655729066727432
1.3206629653323525 0.6955696064601432 4157.354981473801 -0.00022894763838063868 0.6384881871258471
1.3120636989287031 0.5737289309304121 4904.059970266131 0.00033045158988592575 0.8437319611873206
1.2557770027581363 0.6458006669614775 4070.69097157019 -0.00043555666784150424 0.40702465514067765
1.2557770027581363 0.6458006669614775 4070.69097157019 -0.00043555666784150424 0.40702465514067765
1.483180494825794 0.6179282437083377 4511.179016878169 -8.539033838792575e-05 0.9354422767038657
1.20324795590016 0.6632794947090844 4221.955072274036 -8.362772255360347e-05 0.29440119571018813
1.3797060992648562 0.6432508772368246 4987.653159364826 0.00015011477697819505 0.561422618532573
1.3797060992648562 0.6432508772368246 4987.653159364826 0.00015011477697819505 0.561422618532573
1.283123039871017 0.5563808603892999 4641.547014478854 0.0007774725760387638 0.6759433813429845
1.360482340774192 0.6828709176886607 4208.6305704260585 0.0002444101623873002 0.6206252437005935
1.360482340774192 0.6828709176886607 4208.6305704260585 0.0002444101623873002 0.6206252437005935
1.3539682004146174 0.6352347033621693 4604.113508948968 -0.0002046372006725534 0.8757100525212652
1.290988296908333 0.6484158279433972 4459.22685796889 -1.7619181644927146e-05 0.8052419413983745
1.5495381176540803 0.5646967863346881 4726.636076196187 0.0007342100776856444 0.748853072038398
1.4280585901529568 0.6620604561347218 4980.856568662729 -0.00018070243967003953 0.8747280928898261
1.4280585901529568 0.6620604561347218 4980.856568662729 -0.00018070243967003953 0.8747280928898261
1.2981627585619273 0.555358809053238 4961.607516155068 5.902919139406486e-06 0.8260370801219205
1.2981627585619273 0.555358809053238 4961.607516155068 5.902919139406486e-06 0.8260370801219205
1.6293231645666366 0.6535127281415567 4615.128183820566 0.0004362875674229355 0.8973743072763747
1.6293231645666366 0.6535127281415567 4615.128183820566 0.0004362875674229355 0.8973743072763747
1.4784339066850638 0.5524156683754404 4164.659388264689 -0.000432282098391328 0.7996967244676432
1.4784339066850638 0.5524156683754404 4164.659388264689 -0.000432282098391328 0.7996967244676432
1.335528073566943 0.5566594304165129 4392.691223069355 0.00031992331889377923 0.8159629570022566
1.335528073566943 0.5566594304165129 4392.691223069355 0.00031992331889377923 0.8159629570022566
1.3643829666273652 0.6410340297643767 4483.391295700314 0.0006487375075835964 0.7841214140529147
1.4048731373684025 0.5663542215518425 4471.843478675298 0.0008476009274927334 0.697233104562275
1.531561757388797 0.5931696330978596 3990.044131665756 -2.3544713579264478e-05 0.7928528111755551
1.3380565572676217 0.6262098868749062 4930.839852653421 -0.00019980563835422343 0.5797776525649876
1.3129688033112639 0.5653461289367343 4617.547855579878 -0.0002696766722251169 0.6736485063253319
1.3549693069375972 0.6557249291247716 4644.705430817729 -0.000583574509322389 0.847259803771181
1.1173125926836942 0.7103703405291921 4990.195354102578 0.0001828308864128342 0.3102593214066428
1.2039016394279554 0.6409651752990528 4624.277085797436 9.944849873634656e-06 0.32099679378149043
1.2286572212524272 0.6404134945899687 4176.379670519888 0.0002716394498195484 0.5349640220152152
1.2286572212524272 0.6404134945899687 4176.379670519888 0.0002716394498195484 0.5349640220152152
1.2350933951067504 0.6263236591532417 3942.0095392400117 -7.45574514570714e-05 0.3429591342251648
1.2350933951067504 0.6263236591532417 3942.0095392400117 -7.45574514570714e-05 0.3429591342251648
1.3731484604929851 0.6038247970503938 4116.4547230534745 0.0006161244819535887 0.8593008924132333
1.3731484604929851 0.6038247970503938 4116.4547230534745 0.0006161244819535887 0.8593008924132333
1.2041889224699578 0.7072977693763343 4613.683242551208 0.00040756974141775574 0.6200078881714678
1.2041889224699578 0.7072977693763343 4613.683242551208 0.00040756974141775574 0.6200078881714678
1.3209114927744174 0.6430635241685823 4926.856400825447 -0.0007904737203223157 0.4889325336122878
1.3209114927744174 0.6430635241685823 4926.856400825447 -0.0007904737203223157 0.4889325336122878
1.2111445840321 0.5713164261114589 4767.122302205666 0.00029846711243446697 0.39404392451995973
1.2111445840321 0.5713164261114589 4767.122302205666 0.00029846711243446697 0.39404392451995973
1.2618784771194558 0.6741826588918203 4670.970756007832 0.00010091173304718344 0.8905210271538374
1.2618784771194558 0.6741826588918203 4670.970756007832 0.00010091173304718344 0.8905210271538374
1.3942845625091311 0.5542580180541828 4789.120754300528 -0.00034154275087126677 0.6888762077206643
1.3942845625091311 0.5542580180541828 4789.120754300528 -0.00034154275087126677 0.6888762077206643
1.3174016635147847 0.6594601993604133 4985.300100192811 5.0172632264639455e-05 0.5946679093866787
1.5148043469145713 0.6254054802802719 4814.171785977446 1.2885050617290855e-05 0.7323886941399028
1.222063336784819 0.6400164085461018 4266.365610708264 -0.0007599011215253383 0.28962036511247746
1.3672320507628561 0.614772616302034 3981.231614352473 1.5828358528050278e-05 0.7701462749119848
1.3672320507628561 0.614772616302034 3981.231614352473 1.5828358528050278e-05 0.7701462749119848
1.4409638551304582 0.6648134083358703 4849.630866849985 7.63292968389281e-05 0.8346746329293782
1.3142904992978228 0.6551950490104301 4466.570194227782 0.0001641667890488587 0.8661456520423231
1.3142904992978228 0.6551950490104301 4466.570194227782 0.0001641667890488587 0.8661456520423231
1.3856900069563758 0.6522230374050753 4853.8524234213655 -0.0004902605185466244 0.9622463820526174
1.2708702170082138 0.6294900239290862 4508.5511720780505 -0.0005670643852145744 0.4788564443244485
1.3002181213645254 0.7380074429082668 4821.283273479838 0.000173914701818604 0.6810774635921276
1.2443959915207872 0.6790782332725713 4440.058253679715 -0.00032072753242568387 0.36538870575616156
1.2407765475785868 0.7189981856470749 4602.583998978946 0.00022676173857020127 0.6808950860785168
1.4509077956968417 0.6311248350083406 4774.5747748056 -6.86003343867212e-05 0.9755389338111463
1.2129151999973506 0.7196026331511346 4847.817793559575 0.0001364797602159419 0.8203289698887747
1.2577563055896095 0.6653287927071656 4434.53867684937 3.411066872647827e-05 0.40142828461313795
1.536593775525263 0.5786547642341049 4165.903494672248 -0.0002300379299053145 0.7383319728451694
1.536593775525263 0.5786547642341049 4165.903494672248 -0.0002300379299053145 0.7383319728451694
1.2219814000026166 0.7234971552554404 4909.510187077568 0.0007064764262847767 0.44249903203989227
1.2219814000026166 0.7234971552554404 4909.510187077568 0.0007064764262847767 0.44249903203989227
1.248384698213831 0.6684944593565727 4722.935046021948 0.00042473700511938886 0.9430009483669828
1.248384698213831 0.6684944593565727 4722.935046021948 0.00042473700511938886 0.9430009483669828
1.2190356214528584 0.5921800160051469 4778.446697137315 0.000287945746752539 0.6599815414710516
1.2084613909206885 0.5447533692516993 4868.1647242958325 -0.00024668341906819945 0.5978267791009506
1.2084613909206885 0.5447533692516993 4868.1647242958325 -0.00024668341906819945 0.5978267791009506
1.021759778394974 0.624770319794177 4233.689522094692 0.0004155308888804221 0.2928248560048609
1.0841255865360224 0.6572857191433928 4691.046461126269 -0.00025542304610483963 0.3135081735650343
1.0841255865360224 0.6572857191433928 4691.046461126269 -0.00025542304610483963 0.3135081735650343
0.9872912442394306 0.6750628235158614 4784.252111932132 -9.374638614732905e-06 0.27790872737708894
1.3048234809964288 0.6197272224172861 4993.108070979762 0.00015247168060676325 0.8627646293655444
1.4756468929697748 0.5449429560651151 4802.2447832854305 0.001074343681924838 0.7166995895960955
1.5399563030179042 0.6118960738731103 4323.277813144993 -4.7296067974522206e-05 0.755791822082855
1.2869609869188179 0.5811402543672356 4659.140892629092 -0.0002524618613299859 0.39110687749292966
1.2869609869188179 0.5811402543672356 4659.140892629092 -0.0002524618613299859 0.39110687749292966
1.2989614787736246 0.6064836516911474 4218.389133402743 -0.00011208386374590803 0.6315252720666883
1.2989614787736246 0.6064836516911474 4218.389133402743 -0.00011208386374590803 0.6315252720666883
1.2394540123647946 0.6567850752564606 4300.428044608837 -1.3163434969613761e-05 0.2749631868753615
1.2640895564147048 0.5690772874078694 4903.458264350546 -1.554574969539456e-05 0.6060847485017568
1.2702641628303506 0.6098242480251558 4253.251825166845 0.0004761086914829572 0.5384993530733473
1.3727905529396685 0.6089401445335374 4636.43895108107 5.4233723909914036e-05 0.8290546620452177
1.4816504690423815 0.6167585796140481 4415.30217831119 0.00016883640944472358 0.7848915746054382
0.9945128079812932 0.6326465377541902 4235.514708685434 -0.0007033935809649498 0.2773271426495735
1.41551490922889 0.5835604831328431 4641.082922399788 0.0005012539304805331 0.65597197925694
1.2474053567819225 0.5770223372414263 4581.664721842586 -0.0005848182107078891 0.38229413570337134
1.4454708871178241 0.6632870310175479 4402.010778461274 5.991628963458278e-05 0.9287917999455538
1.2869301825349524 0.6789347720290458 4267.147418570221 -8.300268670358366e-05 0.7095300623611949
1.2869301825349524 0.6789347720290458 4267.147418570221 -8.300268670358366e-05 0.7095300623611949
1.2636974306215283 0.5894213114726468 4405.708179997945 3.2547013022826787e-05 0.3197567831089371
1.2636974306215283 0.5894213114726468 4405.708179997945 3.2547013022826787e-05 0.3197567831089371
1.100189226646593 0.617807829242867 4572.762242736344 -0.00041535530381282175 0.3154899239696234
1.100189226646593 0.617807829242867 4572.762242736344 -0.00041535530381282175 0.3154899239696234
1.4364060339346858 0.5212321938823516 4901.809915767105 -0.0004413755939007339 0.8143040946939584
1.143106709450391 0.6011103540934499 4621.232552967106 0.00018012894499295563 0.2894139239931385
1.0642064907174675 0.6212772223324187 4971.462377944585 0.0005833405844591832 0.3029500637464018
1.1140993245968325 0.6264551867846994 4272.582268408954 -0.00015872830314146317 0.31841570671497754
1.1140993245968325 0.6264551867846994 4272.582268408954 -0.00015872830314146317 0.31841570671497754
1.3262580565154884 0.5729511703929567 4890.496939251741 -7.17526810801785e-05 0.6906409726134826
1.3262580565154884 0.5729511703929567 4890.496939251741 -7.17526810801785e-05 0.6906409726134826
1.236682282100495 0.7159286213172196 4604.786235770047 -3.283276070084554e-05 0.4690936618323923
1.2939257342780803 0.6147942955701245 4420.539023060658 6.613273617108279e-05 0.6836228841422018
1.2939257342780803 0.6147942955701245 4420.539023060658 6.613273617108279e-05 0.6836228841422018
1.5562278630507818 0.6383417685984756 4113.3530233214215 2.5505636090334685e-05 0.8583151991570367
1.3933721790544955 0.5964950039716054 4801.658615551578 -0.00025163530973566794 0.65812582614669
1.3058523094079881 0.5537685694690632 4701.54640319725 0.0005336771293587727 0.7347014694900553
1.4453348367171457 0.5666546831330358 4524.520686018915 0.00010159464060626953 0.8578027967279597
1.4453348367171457 0.5666546831330358 4524.520686018915 0.00010159464060626953 0.8578027967279597
1.1950500815326235 0.7078021339898468 4448.6345501206115 0.0005729723456791658 0.4743035673339095
1.1950500815326235 0.7078021339898468 4448.6345501206115 0.0005729723456791658 0.4743035673339095
1.418868541079467 0.5636812724379502 4511.806430935436 9.345766524807677e-05 0.8142465144670445
1.2840863706670624 0.6097475579070033 4847.00524872363 -8.68800148107279e-05 0.8877819444289694
1.2840863706670624 0.6097475579070033 4847.00524872363 -8.68800148107279e-05 0.8877819444289694
1.4391601443557906 0.6103503133691414 4509.030559554478 -0.0002530509613260229 0.9287675284609476
1.3019101433144866 0.7056952997590874 4732.379145112933 -0.0003939531335088667 0.9705364628106179
1.2799585596827256 0.7450063761143253 4153.218513406455 0.00019078703085011423 0.38550756063547476
1.2799585596827256 0.7450063761143253 4153.218513406455 0.00019078703085011423 0.38550756063547476
1.3217283542902107 0.6203722177776576 4065.2270868443225 -0.00012901203381974197 0.5875930126724488
1.3491516238628054 0.6165417611128885 4275.588094036525 -0.00012862102645090317 0.7742865890228836
1.3491516238628054 0.6165417611128885 4275.588094036525 -0.00012862102645090317 0.7742865890228836
0.9965498061438902 0.5743232846229088 4911.3334484142 -5.951957798959147e-05 0.29648540859749234
1.0985887149830846 0.6571866649598217 4536.592480296593 -0.0005300750410777665 0.26067300902521756
1.5597467265313787 0.6444017665198989 4023.1488125276715 -1.9459082466021595e-05 0.9522179324925333
1.422542033320092 0.6695781875304625 4970.958885345085 -0.00018158687235639995 0.935437990358344
1.1769622107684217 0.581705913903003 4300.757037615961 -0.0006840642516635832 0.2776385783002069
1.1769622107684217 0.581705913903003 4300.757037615961 -0.0006840642516635832 0.2776385783002069
1.399657756423719 0.6080224591177601 4052.049681201366 0.000259123431867213 0.8442841194395774
1.2892579598623402 0.6098720769593116 4878.141049800236 -0.00011948298661602308 0.6422745244608055
1.2892579598623402 0.6098720769593116 4878.141049800236 -0.00011948298661602308 0.6422745244608055
1.0221477335437281 0.6380545202819007 4758.757939504445 0.00038597373461742707 0.2670127189484177
1.1665080022868055 0.5766458789086352 4337.860632578351 -0.0008324019147288253 0.5329669803520833
1.1425309750753003 0.6089864374662753 4322.021339234995 0.0002884165406548058 0.36486218207035376
1.1425309750753003 0.6089864374662753 4322.021339234995 0.0002884165406548058 0.36486218207035376
1.333497405683231 0.688106671927053 4130.9908866988035 0.00019567970471762183 0.4189418637793298
1.333497405683231 0.688106671927053 4130.9908866988035 0.00019567970471762183 0.4189418637793298
1.3587060620720852 0.648243866292088 4781.398301848548 2.4582520742056947e-05 0.9116091276978753
1.0084359757072 0.6180725485766048 4904.813102355776 -0.0001376701846266457 0.3136784561625938
1.3663070152366092 0.6165067138901394 4928.121256124028 -0.0007275209792122152 0.7947736842169085
1.207907079043652 0.7456717813634963 4836.461175523847 0.0002951161898317951 0.3825831851413789
1.4396569749867871 0.6405628444468967 4383.378724540748 -4.880026989453287e-05 0.8609736892295938
1.3982119900072019 0.5669538702074409 4510.327100033449 9.417201903872472e-05 0.7349607885565204
1.3982119900072019 0.5669538702074409 4510.327100033449 9.417201903872472e-05 0.7349607885565204
1.3458982763855654 0.527177857347735 4663.367900272817 0.0006415309300452418 0.8266290530881636
1.3458982763855654 0.527177857347735 4663.367900272817 0.0006415309300452418 0.8266290530881636
1.2149567572261144 0.5785644203595838 4857.7011929894 -0.0002704487246835137 0.6435047749155227
1.395798428955712 0.6064014571482756 4200.134257206022 -0.00025103204949696267 0.7703013964700139
1.430728811648243 0.6300548087769544 4260.510813904374 0.00012343857910433108 0.7669411753721412
1.4638909800198205 0.5524090542072191 4677.957252448789 0.00035264319952178167 0.7472919150545159
1.467829064179361 0.5816792596357152 4685.283863907701 -0.0004754961671309371 0.7401956765959559
1.467829064179361 0.5816792596357152 4685.283863907701 -0.0004754961671309371 0.7401956765959559
1.387836102265029 0.6642709030570988 4492.607954525923 0.00022787864777759956 0.8321661590669581
1.387836102265029 0.6642709030570988 4492.607954525923 0.00022787864777759956 0.8321661590669581
1.470022964477539 0.6411439999938011 3936.1634809970856 0.0009364686162814382 0.9335268139839172
1.302418203038298 0.6164936762019193 4233.836991437264 0.00048107714029274693 0.8511721958757903
1.3286345500816168 0.6041124323393641 4929.289775934055 0.0005880284583665534 0.8315085280825106
1.3286345500816168 0.6041124323393641 4929.289775934055 0.0005880284583665534 0.8315085280825106
1.3262388746926808 0.6192772043093584 4114.464477693651 -0.00013170190573145123 0.6711668202754133
1.2765940711583224 0.6102174073310367 4514.844883689319 -0.0006852212867089884 0.7783400670636184
1.4137276240764067 0.654935765547485 4525.5270194135755 -0.0007323077744976749 0.9673938658667516
1.329177329553703 0.6485074428795301 4143.178787365995 -4.568965761208975e-05 0.8293689565634645
1.513655889650642 0.5496603093865263 4682.616538906943 -0.00017035925090245105 0.6566286810055261
1.513655889650642 0.5496603093865263 4682.616538906943 -0.00017035925090245105 0.6566286810055261
1.08273048397308 0.6107537097837115 4966.934361867362 -6.921333111736268e-05 0.3260101912060933
1.1858478843945353 0.6481794906110732 4565.909022822714 -0.0001489666856747689 0.3787763597420016
1.1858478843945353 0.6481794906110732 4565.909022822714 -0.0001489666856747689 0.3787763597420016
1.4471390061378475 0.6246011968356531 4647.418572561529 0.00034371718395601 0.8111258800469174
1.5246668747933736 0.6161551258262675 4864.342103959903 0.0005223311374578581 0.931826528735201
1.5246668747933736 0.6161551258262675 4864.342103959903 0.0005223311374578581 0.931826528735201
1.4364704668542814 0.6086618462028827 4239.836070417095 0.0004232607032458392 0.8314987723650278
1.4364704668542814 0.6086618462028827 4239.836070417095 0.0004232607032458392 0.8314987723650278
1.4158494319794293 0.7072813796703237 4690.515091914487 0.00021730084177041503 0.9834513286806924
1.3921502495879678 0.6430395116658376 4778.67706261995 -0.0009272151229677306 0.8849566783631867
1.3921502495879678 0.6430395116658376 4778.67706261995 -0.0009272151229677306 0.8849566783631867
1.3493898228589534 0.612938261640088 4017.217008106643 -0.0007238470913813022 0.7669318704309668
1.052668696033613 0.675688659710369 4581.222831829515 0.0007609152450997567 0.2775458343360306
1.373367993207766 0.5666463474469506 4810.92747788303 -0.00027887487835500784 0.8301440562388612
1.373367993207766 0.5666463474469506 4810.92747788303 -0.00027887487835500784 0.8301440562388612
1.2386602917803544 0.5748694443816587 4999.920053572626 0.00020474767207134166 0.7315969816200387
1.3943244274326567 0.5996259796636837 4080.6569287720954 -3.3455960888682642e-06 0.7939930980305027
1.3943244274326567 0.5996259796636837 4080.6569287720954 -3.3455960888682642e-06 0.7939930980305027
1.3443468789500463 0.6069750727281252 4573.867509277677 -0.0001602557180565326 0.9279267218093036
1.3443468789500463 0.6069750727281252 4573.867509277677 -0.0001602557180565326 0.9279267218093036
1.1752430107317833 0.6125470272517602 4826.748393844436 -0.0006609448840176358 0.34186567025207204
1.1774341979864626 0.576689650882469 4728.574085533907 -0.0004315481117296296 0.43302359276093333
1.3010193088967177 0.604559751161298 4935.380869537827 0.0002965406105257268 0.7846158303536653
1.3010193088967177 0.604559751161298 4935.380869537827 0.0002965406105257268 0.7846158303536653
1.0432028817830001 0.6056861977762555 4909.461001226969 0.00029484665882276964 0.28680119076877664
1.0432028817830001 0.6056861977762555 4909.461001226969 0.00029484665882276964 0.28680119076877664
1.2854711701055241 0.5785072305062819 4702.48493488292 -0.0005730570412432289 0.6706898824406091
1.2347414625838926 0.5823570681997561 4876.628569162347 -0.0004327320423963913 0.6589103984316641
1.2347414625838926 0.5823570681997561 4876.628569162347 -0.0004327320423963913 0.6589103984316641
1.2848113487401618 0.6111467470360334 4918.328386395094 -6.840083294619219e-05 0.9061958006041362
1.3210510286516814 0.7301960796247339 4511.371367615888 -0.0005001046317451369 0.7754691088300065
1.2146161451220399 0.5830610250561163 4471.789709697228 -0.0001642033017961013 0.6308226661280623
1.2146161451220399 0.5830610250561163 4471.789709697228 -0.0001642033017961013 0.6308226661280623
1.354134123641198 0.6333119664668744 4135.7894631388945 -0.0004630860859499409 0.6611099123507231
1.2760036187271235 0.5596868595271771 4797.166188582845 -5.831358910542488e-06 0.6998070043685423
1.3418308391747726 0.6744995675693108 4848.208240164 0.0001773206516227476 0.8515271658631128
1.1590288134075 0.6012409223913208 4684.494960115996 0.0006100384785903439 0.374712591596417
1.1590288134075 0.6012409223913208 4684.494960115996 0.0006100384785903439 0.374712591596417
1.4481088945435423 0.5877774938687043 4068.282670135951 0.0001177385202243451 0.7946706355477565
1.4481088945435423 0.5877774938687043 4068.282670135951 0.0001177385202243451 0.7946706355477565
1.2648849193225806 0.6465175550681915 4999.769021722637 -0.000444257024425995 0.6769798442651951
1.2919564573601598 0.5243217521163164 4541.086577721398 -0.00027629421033899124 0.7033929683703458
1.0554422596693698 0.5853636551988244 4484.92937799446 0.00033858613060587766 0.3116710693902684
1.0554422596693698 0.5853636551988244 4484.92937799446 0.00033858613060587766 0.3116710693902684
1.242176372485227 0.6825688103199761 4512.670017046602 0.0004192647341575873 0.3503897291441083
1.141499028395757 0.595779620722067 4546.967438988504 0.0004127030290042606 0.29012166690015256
1.413227117791469 0.5985978604063837 4755.809579018984 0.0003956661726202529 0.8030859015773846
1.3283275255438203 0.6537986847989556 4354.652367388231 -0.0004600375199610227 0.9321749985623573
1.4329558610916138 0.6694621443748474 3926.2268899083138 -0.00030657413668061035 0.9668211936950684
1.4329558610916138 0.6694621443748474 3926.2268899083138 -0.00030657413668061035 0.9668211936950684
1.3552630305319497 0.6607198000720922 4438.131847600844 -3.1936243637609545e-05 0.9120968210530818
1.3552630305319497 0.6607198000720922 4438.131847600844 -3.1936243637609545e-05 0.9120968210530818
1.410938410038586 0.5672267901505788 4960.815447010692 0.00012521737953380332 0.8511821507370404
1.410938410038586 0.5672267901505788 4960.815447010692 0.00012521737953380332 0.8511821507370404
1.302957881819732 0.6747520186696253 4729.19298227278 -0.0002348683623496712 0.9039719041039173
1.364524047595657 0.5829767823986369 4248.53350529523 0.0006161749551653704 0.8234659227634995
1.4416072671496782 0.544283660731363 4818.716112596496 -0.00035989932684639983 0.7670130736505485
1.2614999757415168 0.6487171567614618 4673.761523569011 6.228785545322243e-05 0.7141776357105813
1.3356317032332892 0.7177415051942433 4323.620949656717 -0.0004220401206423941 0.6738775278878085
1.3875019016201993 0.6554276928252183 3992.3442672522615 0.00011167995898482222 0.8225022777986872
1.386236024355356 0.659680618168298 4452.295040961521 0.0007722294703590533 0.8669804767090268
1.5418965596624998 0.6500386713217843 4023.93809699402 -0.00016037105431327003 0.8877109444475885
1.5418965596624998 0.6500386713217843 4023.93809699402 -0.00016037105431327003 0.8877109444475885
1.0668114509092832 0.6033113955227775 4806.028035054277 -0.0003218900681870276 0.2591648611187102
1.3006560784388208 0.604497033789673 4371.105994039973 0.0010128122908682723 0.5570522796347284
1.0002321720123293 0.6463813632726669 4668.606645584106 -2.4286807562383295e-05 0.2863374352455139
1.0002321720123293 0.6463813632726669 4668.606645584106 -2.4286807562383295e-05 0.2863374352455139
1.2564520373272077 0.7225308093194365 4728.797323977922 -0.00017126749526249075 0.7670829298855599
1.2779873647375288 0.5699704103735062 4515.890505114404 0.00013859687845197216 0.6974821827973077
1.2496124422549113 0.6874450373956081 4797.631067239026 0.000809103336259886 0.7588696528292384
1.2738033345232707 0.5835257669086653 4993.34713775696 -7.14845695027366e-05 0.6582972037807945
1.3732180735190243 0.6441979512370855 4766.740010764842 -0.0007508164418390979 0.8056438919571541
1.3732180735190243 0.6441979512370855 4766.740010764842 -0.0007508164418390979 0.8056438919571541
1.147131790764305 0.6538699902439798 4402.468371134314 -0.0003096856122493584 0.3081898251748232
1.147131790764305 0.6538699902439798 4402.468371134314 -0.0003096856122493584 0.3081898251748232
1.2612685689238408 0.6974499212518482 4663.853853799654 -0.00034487137989582645 0.7684812492867185
1.4646635459735426 0.6076578385841459 4671.938813594156 -0.00013302800678014813 0.7075851172544548
1.4646635459735426 0.6076578385841459 4671.938813594156 -0.00013302800678014813 0.7075851172544548
1.3354348252488262 0.5668995462241543 4794.5980444704055 0.0007847336108363389 0.8017912520540156
1.3354348252488262 0.5668995462241543 4794.5980444704055 0.0007847336108363389 0.8017912520540156
1.304029211436179 0.6512412969692846 4596.181551336194 -0.0003609576585448718 0.8403597203623459
1.0859489224426027 0.6720875851162222 4621.435234113721 -0.0006215212064097722 0.28363295873261823
1.0859489224426027 0.6720875851162222 4621.435234113721 -0.0006215212064097722 0.28363295873261823
1.3059008016039853 0.5948421509735662 4789.506525088638 -0.0012956863646939243 0.6979649241445252
1.3059008016039853 0.5948421509735662 4789.506525088638 -0.0012956863646939243 0.6979649241445252
1.3917790832519867 0.6212273281089349 4865.003438037955 0.00024510867377911276 0.7028042290385568
1.4630019230726605 0.6573318829809718 4023.0972354215214 0.0003184048847377394 0.9426977588874679
1.4630019230726605 0.6573318829809718 4023.0972354215214 0.0003184048847377394 0.9426977588874679
1.3900383735505328 0.6004762636975338 4635.406005643238 -0.00010326698341159877 0.7661742075589597
1.2853391980040332 0.7692979637999491 4987.660354081842 -7.764896693500694e-05 0.4426239148480041
1.1645333215025022 0.7042915514797989 4857.71462026625 -0.00022753846659730425 0.4197649600590446
1.1645333215025022 0.7042915514797989 4857.71462026625 -0.00022753846659730425 0.4197649600590446
1.477931586243568 0.5955229502203758 4252.395971754737 -3.554307939866306e-05 0.7640639156025095
1.477931586243568 0.5955229502203758 4252.395971754737 -3.554307939866306e-05 0.7640639156025095
1.0513032390013302 0.6385389341562538 4634.620475664259 0.0005974680816404063 0.2771236470208081
1.0513032390013302 0.6385389341562538 4634.620475664259 0.0005974680816404063 0.2771236470208081
1.2441904269225654 0.5640708836298549 4186.167738079559 3.1262493468565096e-05 0.7022545001603644
1.2441904269225654 0.5640708836298549 4186.167738079559 3.1262493468565096e-05 0.7022545001603644
0.9751918391506802 0.6401757834462075 4709.976923272949 -9.279341071000926e-05 0.26040682667284887
1.145018508028686 0.6388757411965929 4547.846326626736 0.0004409190927209802 0.38216331987381186
1.2911829421443661 0.6045089499284984 3941.4091277653997 -9.034132331658558e-05 0.5586766502879509
1.2911829421443661 0.6045089499284984 3941.4091277653997 -9.034132331658558e-05 0.5586766502879509
1.2295905879852476 0.6586379822641001 4675.534694183365 -0.00011999066205775822 0.4825355511140256
1.2665325747317389 0.6465706345615662 4185.4619195450705 0.00023104995408359483 0.7145725162422729
1.2665325747317389 0.6465706345615662 4185.4619195450705 0.00023104995408359483 0.7145725162422729
1.378364706089986 0.6329099806432747 4949.782123175596 0.00012004737424127393 0.9090538306845701
1.2674502176884905 0.6870610502761556 4829.2437841609735 0.0003918847318801615 0.7917218213933115
1.2674502176884905 0.6870610502761556 4829.2437841609735 0.0003918847318801615 0.7917218213933115
1.3650428867212692 0.6726775305937542 3990.366287081978 0.00013792151650444107 0.6658670691569708
1.2368720240160531 0.5747872637656262 4686.753288305363 -8.2242287161833e-05 0.6979106350125931
1.2705024234995284 0.6064063295682743 4779.258843960257 -0.00043882878432696215 0.6105580833311313
1.091531959027876 0.6544649012023966 4549.36428675807 4.79262938767255e-06 0.31212222626892183
1.3178530971182667 0.6873426825027458 4951.233529842149 -0.0004882366518234305 0.7664969730102154
1.306299150871697 0.6824262493778598 4966.135260016603 -0.00013302866696673652 0.8062611425516696
1.306299150871697 0.6824262493778598 4966.135260016603 -0.00013302866696673652 0.8062611425516696
1.1862451870822075 0.5851667570632977 4806.2588054899215 0.00026227504755780515 0.29941790954473735
1.2820745356343526 0.5695825129233993 4310.765203095499 -0.0008838596303493254 0.8137818733619562
1.2026751497991373 0.5815653678573789 4848.819132320574 -0.000600207720317891 0.4534860342718454
1.138069771135099 0.6433892134296887 4695.509603437513 -0.0003354975168698901 0.33207190514885915
1.138069771135099 0.6433892134296887 4695.509603437513 -0.0003354975168698901 0.33207190514885915
1.3374029463031145 0.705456465063624 4671.510724230386 -7.531475659019775e-05 0.8600125016245624
1.3240213967862715 0.6032578731412732 4120.223716180789 -0.0006632359691689537 0.5086077967899246
1.2615769967087045 0.7304612668533185 4805.315399005091 -0.00013896466935769193 0.6019982283342042
1.3688251886011042 0.5990193066509045 4068.7121650122585 -0.00011166723041527287 0.8556213590393086
1.3688251886011042 0.5990193066509045 4068.7121650122585 -0.00011166723041527287 0.8556213590393086
1.4550562596592087 0.6412828260951189 4756.14809589806 0.000215371599248165 0.9364492912395713
1.4550562596592087 0.6412828260951189 4756.14809589806 0.000215371599248165 0.9364492912395713
1.2367449068689917 0.5669873116111477 4911.670910582637 -0.0007800936729782398 0.5012003142762795
1.048057176414983 0.579748127028298 4732.299628137465 0.0003637544137857305 0.29537768230026346
1.2439959214532224 0.6599416632549875 3986.7723276619463 0.0002380301310484094 0.4276405490389896
1.243274116479387 0.675388640119499 4212.138787352074 8.724160623024192e-05 0.3501612145560422
1.2964693477943543 0.5782291081524373 4600.066520728928 -3.4105009932277304e-05 0.6812181787905914
1.3198546051979065 0.5940410047769547 4511.446945488453 0.0003372827024009471 0.693016529083252
1.1349854658446248 0.6102155746175362 4625.58101858624 3.2324731340640524e-05 0.3649356246138759
1.1349854658446248 0.6102155746175362 4625.58101858624 3.2324731340640524e-05 0.3649356246138759
1.2431652890088685 0.5762664505398063 4629.388167121229 1.955724092451458e-06 0.7339201702810471
1.2431652890088685 0.5762664505398063 4629.388167121229 1.955724092451458e-06 0.7339201702810471
1.3882495477087893 0.5915087994856095 4564.308434123281 0.0003987826831038947 0.752355148555185
1.5578386164282034 0.586786768586118 4750.824630451163 0.0008996958269080553 0.821814287418055
1.1046376245921514 0.5897398752782956 4607.181550130461 2.403764068745681e-05 0.2870012553247588
1.2727406006863164 0.7236285176082349 4362.964191915825 -0.0003934742059460765 0.8116180233045436
1.339811736250974 0.6298869404631005 4438.043395080267 0.0006262880992093981 0.7311144157849104
1.339811736250974 0.6298869404631005 4438.043395080267 0.0006262880992093981 0.7311144157849104
1.3223197121936088 0.6830794816465521 4450.204450058686 0.0001894266470197237 0.9721891783843802
1.3223197121936088 0.6830794816465521 4450.204450058686 0.0001894266470197237 0.9721891783843802
1.1729083676283045 0.6544747933533744 4648.199859016405 0.000307851882503431 0.4107435950485012
1.2271922725623172 0.6625543133191525 4251.974611567206 -0.0005607646250696811 0.4751897115215054
1.3662466622282166 0.6551481040847147 4737.992423621533 0.00039980869364362846 0.9757400302214625
1.0899965924288868 0.6514519921583979 4260.805508286286 -0.0006085556706988371 0.280439360517113
1.0899965924288868 0.6514519921583979 4260.805508286286 -0.0006085556706988371 0.280439360517113
1.1701436627440251 0.6513595427207587 4855.983941844605 0.00021899488229339933 0.36068143826749643
1.1933920959826947 0.661899557223022 4270.490885742009 -4.601577561306893e-05 0.3586999292756635
1.1933920959826947 0.661899557223022 4270.490885742009 -4.601577561306893e-05 0.3586999292756635
1.3509750972525492 0.6714900625989922 3941.0178342635186 -5.0598920887528755e-05 0.8000690549934988
1.3509750972525492 0.6714900625989922 3941.0178342635186 -5.0598920887528755e-05 0.8000690549934988
1.341177092570535 0.5995855668664143 4021.1720298573546 -0.0004898364153237552 0.7771319363522202
1.248958280263897 0.6165526467425047 4739.968542215325 0.0006839938649993578 0.4014514267247419
1.196432767823586 0.68861969084943 4525.474550719796 -0.00026218691086317945 0.367860087630831
1.3280081098412104 0.6243716685859936 4475.352451007792 0.000321865584546744 0.8056838590347298
1.39685467798618 0.6057868380031495 4286.938350828783 -0.000383986360930429 0.7122387526765618
1.39685467798618 0.6057868380031495 4286.938350828783 -0.000383986360930429 0.7122387526765618
1.2376469883679593 0.603538210101999 4405.300843066008 -2.3159397840364435e-05 0.3474979799077022
1.2376469883679593 0.603538210101999 4405.300843066008 -2.3159397840364435e-05 0.3474979799077022
1.5423124131351116 0.5602581572012073 4157.462980351628 -0.0005382983666344417 0.7495125320505143
1.275834177626489 0.5616484510902535 4613.022668705998 0.00013703797379022544 0.6389653706686802
1.0609310165607813 0.6713707407177176 4501.766951843696 0.00018537399926361788 0.2829016355240067
1.0609310165607813 0.6713707407177176 4501.766951843696 0.00018537399926361788 0.2829016355240067
1.1811055557002663 0.6400304472302967 4599.297118802655 0.00015162838244189787 0.34708335395093837
1.1811055557002663 0.6400304472302967 4599.297118802655 0.00015162838244189787 0.34708335395093837
1.2952744112996817 0.6924583686887331 4218.485140459036 0.00023889536343117067 0.753717846188303
1.4017511103524267 0.5997199112589007 4200.643829709538 4.5820909601324056e-05 0.7545791155018274
1.3310260805365766 0.5978345574531445 4594.472507144901 -0.00018977347529078667 0.8138427402372062
1.3310260805365766 0.5978345574531445 4594.472507144901 -0.00018977347529078667 0.8138427402372062
1.3206348763344065 0.5642668088711034 4500.517022628477 5.645996863950911e-05 0.7672125401080288
1.2194908685112982 0.6357227061307638 4945.45251838683 7.958631105386827e-05 0.365458031961868
1.2194908685112982 0.6357227061307638 4945.45251838683 7.958631105386827e-05 0.365458031961868
1.312848682690503 0.62323608098179 4348.142769212368 -0.00034539700757301703 0.7490068404181922
1.312848682690503 0.62323608098179 4348.142769212368 -0.00034539700757301703 0.7490068404181922
1.4392816813728078 0.6124491817187137 4371.738792584661 0.0003720426122024136 0.8685850439382719
1.4392816813728078 0.6124491817187137 4371.738792584661 0.0003720426122024136 0.8685850439382719
1.2363306421109592 0.6074809963698524 4848.784025375643 0.00012016537384030375 0.5675341750836003
1.2363306421109592 0.6074809963698524 4848.784025375643 0.00012016537384030375 0.5675341750836003
1.3933816000384451 0.6994635477840289 4633.811218566264 0.0005231768236109995 0.7228254687104041
1.3933816000384451 0.6994635477840289 4633.811218566264 0.0005231768236109995 0.7228254687104041
1.2448789293102285 0.6375336058907756 4146.180629198246 0.0002382490516821315 0.7531628981015386
1.2448789293102285 0.6375336058907756 4146.180629198246 0.0002382490516821315 0.7531628981015386
1.1820673159472632 0.5990780638004922 4827.800207002245 0.0004260137819592588 0.34429207700884046
1.1820673159472632 0.5990780638004922 4827.800207002245 0.0004260137819592588 0.34429207700884046
1.424614320722302 0.5210406107205695 4677.942543820744 0.0009537700034507568 0.7953359461127751
1.413134207824237 0.5446235285862677 4308.2322026112815 0.0005735376808005079 0.6736909396311973
1.413134207824237 0.5446235285862677 4308.2322026112815 0.0005735376808005079 0.6736909396311973
1.080044463986038 0.6022772094390989 4943.57737695369 0.00048479770432200537 0.30988512866325185
1.080044463986038 0.6022772094390989 4943.57737695369 0.00048479770432200537 0.30988512866325185
0.984966242126657 0.5899563380910128 4484.399570660261 -0.0006164588302690786 0.29312938171227965
1.4899137733074506 0.5773651191940958 4905.7804345144 -0.0003222219654622027 0.686447983356108
1.3355529038603708 0.673799156800994 4133.7704126293165 0.00020588559289449218 0.9349875273637869
1.062945902204138 0.7082770144234665 4797.438626797402 0.00041163794156010047 0.32969756939450906
1.4660569302359647 0.5489848339214718 4672.571111684696 -3.152388028179383e-05 0.691979000206472
1.306647832899078 0.6081931550738287 4562.97073444049 0.00011159712361161778 0.8760882357783885
1.306647832899078 0.6081931550738287 4562.97073444049 0.00011159712361161778 0.8760882357783885
1.3876948172317025 0.6477766415714719 4192.356517999514 0.0003868816494651838 0.8207207329707402
1.436790304031823 0.6841758994579363 4320.171717144783 -5.647393502305823e-05 0.9521603168578401
1.436790304031823 0.6841758994579363 4320.171717144783 -5.647393502305823e-05 0.9521603168578401
1.3770826330531638 0.5968051084299346 4471.146078848969 -0.00037162873603710153 0.7457523047958621
1.3770826330531638 0.5968051084299346 4471.146078848969 -0.00037162873603710153 0.7457523047958621
1.4802889687453145 0.5909438869002628 3942.1854720901515 -0.0003130169706689729 0.8046797227690372
1.4802889687453145 0.5909438869002628 3942.1854720901515 -0.0003130169706689729 0.8046797227690372
1.2890074503678908 0.5564516651397883 4676.248010686958 -0.00016465291412597015 0.6569139309159403
1.2890074503678908 0.5564516651397883 4676.248010686958 -0.00016465291412597015 0.6569139309159403
1.3656617340690664 0.7026898547303032 3956.8352373405824 -0.0005150460612279641 0.6994748042997252
1.3656617340690664 0.7026898547303032 3956.8352373405824 -0.0005150460612279641 0.6994748042997252
1.297106145678603 0.6082104754822961 4706.685682580459 0.00018579478840535384 0.7216632458818066
1.297106145678603 0.6082104754822961 4706.685682580459 0.00018579478840535384 0.7216632458818066
1.4394175506905695 0.6541988810351896 4264.392238773963 0.0003614224983015651 0.8587896232130775
1.2823818858151936 0.6139653447768354 4755.025125676063 -0.00010167071098862872 0.5473340256609578
1.2823818858151936 0.6139653447768354 4755.025125676063 -0.00010167071098862872 0.5473340256609578
1.324998506427737 0.6346227196671278 4506.604190556084 0.0008028580854055932 0.8889724510862014
1.324998506427737 0.6346227196671278 4506.604190556084 0.0008028580854055932 0.8889724510862014
1.4497766497644573 0.5766451261996919 4709.7164232475325 -0.00021744850892680009 0.7089063411561883
1.3646387819034738 0.6735341846021806 4206.953355158734 -0.000284314445396802 0.8637334923355349
1.2692120390644057 0.5505921421649541 4777.266220513215 -0.0007444357513914152 0.7456763405025956
1.3864846557863642 0.6047827260021756 4776.967648107833 -0.0003778550000155761 0.8208175538062035
1.3864846557863642 0.6047827260021756 4776.967648107833 -0.0003778550000155761 0.8208175538062035
1.3618304899883904 0.5572729466699737 4302.3815048977485 -0.000197195411420366 0.8176424985026498
1.407371310635483 0.5842940964650756 4672.63790156637 0.00045721054615228756 0.8055041780176951
1.407371310635483 0.5842940964650756 4672.63790156637 0.00045721054615228756 0.8055041780176951
1.1683156318568904 0.6656789438841524 4258.936643629103 -0.0003983508378094166 0.3529911670213203
1.2621319001662332 0.7168422762027444 4654.823363539333 -0.00018082385696078254 0.34840384288591153
1.2621319001662332 0.7168422762027444 4654.823363539333 -0.00018082385696078254 0.34840384288591153
1.3597218975452043 0.6875158342375695 4548.799911431883 0.0010535874045656266 0.9867582199091881
1.3597218975452043 0.6875158342375695 4548.799911431883 0.0010535874045656266 0.9867582199091881
1.2483097154942948 0.573095287624624 4961.59127219834 -8.481426961222154e-05 0.5932432436558316
1.4920072639955992 0.6396118480631943 3992.508030893008 -0.0001778396058881364 0.9198624441212099
1.2575578965055663 0.6265645495499674 4178.998569507008 -0.00017883210981255553 0.6936218110907941
1.4545587048871256 0.6368311699910177 4086.9536119901218 -0.00016363097242226291 0.8232374062512369
1.3906700274514092 0.6676735203402167 3982.919319356859 0.000714224817259308 0.9708369443587762
1.3906700274514092 0.6676735203402167 3982.919319356859 0.000714224817259308 0.9708369443587762
1.379287088370571 0.5752878252342493 4695.101628349689 -0.0004836432213255976 0.8083210318465271
1.379287088370571 0.5752878252342493 4695.101628349689 -0.0004836432213255976 0.8083210318465271
1.307374501259539 0.5467375294309412 4816.99254929193 3.985508769269828e-05 0.6547507613493007
1.3145707122423385 0.5549494335852557 4644.911347431969 -0.0004974737050257011 0.7936130276344822
1.2749932238998265 0.6218214303811308 4038.973747530304 -0.00010555671574894097 0.6626044663570136
1.2749932238998265 0.6218214303811308 4038.973747530304 -0.00010555671574894097 0.6626044663570136
1.3541924018615485 0.6597360361664887 4500.4479691682745 0.0001788062087994346 0.8665452524645144
1.3541924018615485 0.6597360361664887 4500.4479691682745 0.0001788062087994346 0.8665452524645144
1.394504525330154 0.6103298707581554 4539.062115327188 -2.7278651535505765e-05 0.6789171295443048
1.326219869389894 0.6270833076259892 4383.119485222264 -0.00023254688797177728 0.6552325681452633
1.2453655225263938 0.6173326766335485 4565.641804749244 -0.00041582808369425506 0.556811640215791
1.1041584180522428 0.6272118326395196 4908.283647254216 -0.0007021545293181666 0.34954884643570644
1.4438143421658953 0.6153787236558868 4685.365465775781 -0.0001761072881362486 0.8039074578181304
1.2758761237362715 0.5905196060332447 4883.5327216461665 -0.00021666519467053056 0.8272314369008235
1.3881682969142426 0.5321396569868257 4957.66309572611 -0.00013835657399348102 0.6740751204282156
1.251294890924191 0.6438939244917602 4419.458230981595 0.00012391011404340945 0.6492284882423103
1.3487738601184636 0.5059077808610319 4858.871563322365 -0.00037227627445680727 0.7371367306077021
1.3487738601184636 0.5059077808610319 4858.871563322365 -0.00037227627445680727 0.7371367306077021
1.2242808501249705 0.7155483748220168 4644.23879942055 0.0005440235076325136 0.6138851071245275
1.3256018019184963 0.6325742678726815 4600.377762336648 -0.0005202599339619845 0.777351068251488
1.4426569927398147 0.5315058872133283 4344.073400655831 0.000395968654839988 0.7793094472628521
1.4426569927398147 0.5315058872133283 4344.073400655831 0.000395968654839988 0.7793094472628521
1.4127900606559145 0.584424685412743 4114.73296996683 6.518867426838142e-05 0.6943215512354339
1.3076238501396413 0.6058424263612607 4556.170663948312 4.545392947378431e-05 0.8795396732692292
1.3076238501396413 0.6058424263612607 4556.170663948312 4.545392947378431e-05 0.8795396732692292
1.2642530322074892 0.5843952149152756 4302.381188213825 0.00013835216865521984 0.6376586556434631
1.3175741305638402 0.5873863955172726 4430.255073748936 -8.617564743591175e-05 0.7736813640754439
1.3175741305638402 0.5873863955172726 4430.255073748936 -8.617564743591175e-05 0.7736813640754439
1.3212504905764964 0.6476366269048505 4678.9902639800275 -0.00025390755069113255 0.8130449030563239
1.342135656948943 0.5839147610454192 4606.002147272402 -0.0003316024015942047 0.6908788662112312
1.342135656948943 0.5839147610454192 4606.002147272402 -0.0003316024015942047 0.6908788662112312
1.3900461711000804 0.5622447881401613 4636.416512416653 0.0003077759537653914 0.6499598409309925
1.3900461711000804 0.5622447881401613 4636.416512416653 0.0003077759537653914 0.6499598409309925
1.290041432748653 0.6506173473714336 4181.757947695378 -8.304106091947348e-06 0.5777504053516203
1.290041432748653 0.6506173473714336 4181.757947695378 -8.304106091947348e-06 0.5777504053516203
1.4424606299576657 0.6567270109055815 4112.986756385819 5.563346423897109e-05 0.8462029399076672
1.2253194823783 0.6875524054703371 4619.76978812972 -0.00020288180644048752 0.8105924579349042
1.3448524852888708 0.5995756454776423 4597.982298174728 0.000530319541397315 0.5869353088545429
1.3448524852888708 0.5995756454776423 4597.982298174728 0.000530319541397315 0.5869353088545429
1.3238105880416011 0.5715596243333799 4259.818658171089 0.0006347738500519124 0.7425415101332133
1.3087204720655015 0.5697229939707216 4146.253080363659 7.489474452814478e-05 0.7337858201547001
1.3087204720655015 0.5697229939707216 4146.253080363659 7.489474452814478e-05 0.7337858201547001
1.3122327914157417 0.7019387250084975 4826.604070238483 -6.995606146838297e-05 0.6346156461012111
1.3122327914157417 0.7019387250084975 4826.604070238483 -6.995606146838297e-05 0.6346156461012111
1.0728879888916816 0.6689271481945948 4833.269215498318 0.000637107034671021 0.30494170999358966
1.434471683568121 0.5931941353491201 4024.0366888260355 -0.0005956598487950642 0.7310206517395419
1.456978743056063 0.5811706695611816 3942.5486183930825 -0.00015287085796389217 0.7536186497586412
1.2214422238898988 0.7101474886021617 4913.543779564381 -0.00016236531974938 0.5459002027500426
1.2645506044126786 0.5563407596180778 4731.3297875274675 -0.0004022772642886885 0.6969322776697056
1.2645506044126786 0.5563407596180778 4731.3297875274675 -0.0004022772642886885 0.6969322776697056
1.4839392977517267 0.5984211994913086 4030.75921733257 -0.00022003489639098995 0.8192009396449913
1.3691897699520847 0.5757084181249446 4646.387633359888 5.5493580579614914e-05 0.7429665649820778
1.3317207700265739 0.5848139588855498 4533.43917527425 -0.0001193095929749744 0.838502793319203
1.3666701964415093 0.6632957787887213 4449.43115602041 -0.00027432864266542886 0.9686526055151569
1.3975702339690765 0.6648576794960037 4642.302023660738 0.00033926378570446993 0.9203442320761434
1.3975702339690765 0.6648576794960037 4642.302023660738 0.00033926378570446993 0.9203442320761434
1.3009841444674954 0.6057886138940414 4587.220016023143 -7.158393111761619e-05 0.6785342358529083
1.3637600922425817 0.6527939649607096 4196.574111154464 0.0005094451984412727 0.5738957166158347
1.3637600922425817 0.6527939649607096 4196.574111154464 0.0005094451984412727 0.5738957166158347
1.444144087201823 0.6577847347155759 4493.020693142955 0.0008146583664632564 0.901145814110654
1.444144087201823 0.6577847347155759 4493.020693142955 0.0008146583664632564 0.901145814110654
1.3576157640727442 0.587798422359051 4947.16641847766 -0.00019927638848792038 0.8997301305875878
1.3576157640727442 0.587798422359051 4947.16641847766 -0.00019927638848792038 0.8997301305875878
1.164297899091944 0.5852823349789822 4972.560918213872 2.543103683911507e-05 0.3736061388990344
1.3335199787259446 0.6287037946648599 4197.28085035284 0.0003291269758698017 0.7644206224796342
1.3335199787259446 0.6287037946648599 4197.28085035284 0.0003291269758698017 0.7644206224796342
1.2904455816646911 0.5609869947119286 4471.694926803018 0.0002732349826064544 0.7279070025580937
1.1351017385694728 0.5989638991078331 4522.0189128662705 0.0006478462661396013 0.3235527603024727
1.1863807049758752 0.5642983908962944 4734.570812986773 -0.0006569061364830135 0.42520125301400796
1.4875540821330873 0.6095674943196282 4665.442552488014 -0.00039162177963053356 0.737598883933118
1.4875540821330873 0.6095674943196282 4665.442552488014 -0.00039162177963053356 0.737598883933118
1.3414731407697145 0.6125962396710671 4816.160593787352 0.00021046875302978797 0.8628318692025743
1.2894386279669858 0.5766305684329481 4788.2190437655645 0.0005011388647708271 0.6713415616934334
1.43356263346605 0.6333992103355099 4776.115673843632 0.0002666254610958525 0.7655810403569088
1.1869392156697327 0.6064391460423044 4602.570115022736 0.0002938806569189561 0.47049450878048504
1.1869392156697327 0.6064391460423044 4602.570115022736 0.0002938806569189561 0.47049450878048504
1.2616883013419182 0.670407779843718 4595.716485523126 -0.00024333251479104315 0.6587808673709588
1.5076791191147354 0.5991758943908405 4324.05347644223 -0.00012790737204663866 0.8806394490674732
1.5076791191147354 0.5991758943908405 4324.05347644223 -0.00012790737204663866 0.8806394490674732
1.2396715982250106 0.6455532603510235 4946.689553416356 -0.0003450152073647698 0.6433918233617164
1.3560562147277495 0.6067793962729512 4990.556606936309 -0.00034195326717593587 0.9009293411782168
1.2103822182913007 0.6572685416757971 4838.348377358934 -0.00075123275762045 0.3369396629789235
1.2103822182913007 0.6572685416757971 4838.348377358934 -0.00075123275762045 0.3369396629789235
1.0524868100062306 0.5739893104791486 4801.367626741058 -0.0008901824608122674 0.31107457762357976
1.3411850818105955 0.6086948692864179 3965.0185581880064 0.00024858407323115626 0.7509705744258787
1.3411850818105955 0.6086948692864179 3965.0185581880064 0.00024858407323115626 0.7509705744258787
1.3884370095589817 0.623575100442877 3931.0779910555425 0.0005242285908345404 0.7018838359694252
1.4854357165031946 0.6057447736172153 4709.0008373061155 -0.0005206813417770016 0.9603852527931747
1.4854357165031946 0.6057447736172153 4709.0008373061155 -0.0005206813417770016 0.9603852527931747
1.0190868797142867 0.6111599898430706 4691.43249820046 -0.00036146093101712345 0.2751697075336582
1.0190868797142867 0.6111599898430706 4691.43249820046 -0.00036146093101712345 0.2751697075336582
1.2638259032287713 0.7002803789431056 4712.981127542978 0.00035865634757929196 0.8406428490253335
1.5636986070535825 0.5876823567774099 4615.918293713645 0.00033771095390415073 0.8863820578606776
1.2920983554152687 0.6152344913409227 4098.083083200296 -0.0004513463646089984 0.6583004059136092
1.2920983554152687 0.6152344913409227 4098.083083200296 -0.0004513463646089984 0.6583004059136092
1.3668961672421012 0.6507694543597865 4595.7287103622275 0.000797908284541031 0.9242966078476959
1.4001553619748468 0.5466220250014633 4351.46524978563 -0.0007926592128608275 0.7654502339359548
1.2970718378474193 0.5443017758385224 4868.665745494471 -0.00010731405267909032 0.8185466962993008
1.2970718378474193 0.5443017758385224 4868.665745494471 -0.00010731405267909032 0.8185466962993008
1.5269562834540693 0.6708827299097908 4926.632970607333 -0.00020392198462449682 0.9091069917646294
1.466865929077093 0.6432467005225213 4733.930331711938 0.00033071869402210934 0.894454136859079
1.3597317655445735 0.5532067452442306 4618.711533676056 -0.00040271338006858415 0.7506944968860153
1.4123213925269944 0.5157274677360385 4308.61706659937 -0.0006470314046286606 0.739991428227409
1.4123213925269944 0.5157274677360385 4308.61706659937 -0.0006470314046286606 0.739991428227409
1.3438418810310089 0.6576976209747214 4795.7358743389095 -0.0003365073505339157 0.9904305621857847
1.2835746290429146 0.6670750130304681 4662.358726748139 -0.0001242620937600044 0.7220462360150014
1.2835746290429146 0.6670750130304681 4662.358726748139 -0.0001242620937600044 0.7220462360150014
1.3326724350189083 0.5756609579273517 4195.892390962001 0.00021844990314473997 0.7314742139486794
1.349151081242051 0.6747270738724254 4255.114519127246 -0.0001283810244857871 0.777476163653303
1.11297334046188 0.6488613517957962 4064.615072054709 0.0005356084235619526 0.2925957027493031
1.3402821696620513 0.6461336824402304 4911.214305715365 0.00026788109515571065 0.9005365340052349
1.3402821696620513 0.6461336824402304 4911.214305715365 0.00026788109515571065 0.9005365340052349
1.3396657225013247 0.6435743588210077 4873.439523252398 0.0003612776178160897 0.9162762237102489
1.4304661005792645 0.6130411676038545 4611.067658473577 0.0002448851855799158 0.8342135892575473
1.4099136280967386 0.5810060909958571 4378.6610565323335 0.0003446200207963358 0.7102552748972822
1.4099136280967386 0.5810060909958571 4378.6610565323335 0.0003446200207963358 0.7102552748972822
1.3136094603327702 0.6407807649684397 4516.7488224588615 0.0005127013043215543 0.7968799974466215
1.4683905168228184 0.5968112790235237 4474.095637204374 0.0005275134021431396 0.733194781408209
1.4683905168228184 0.5968112790235237 4474.095637204374 0.0005275134021431396 0.733194781408209
1.4024613364460217 0.5764088148502646 4382.3246412324115 -0.00019292291821452096 0.7309634048852262
1.335130418734248 0.6102424994624773 4617.711586498355 0.0001637900433589389 0.838052440198032
1.335130418734248 0.6102424994624773 4617.711586498355 0.0001637900433589389 0.838052440198032
1.3100771846479367 0.6213718091201856 4634.487427956588 0.0002819521345598216 0.6732628939584161
1.3117443504340858 0.5816820371263021 4824.783441993353 -0.0004480053475200326 0.8206186616233349
1.2580182985209107 0.614690419939987 4488.169264885103 0.0009063777762682902 0.4830718361273192
1.2580182985209107 0.614690419939987 4488.169264885103 0.0009063777762682902 0.4830718361273192
1.2953609191244682 0.6723428166413228 4524.643454850886 0.0002296204693058121 0.7078868001527928
1.2953609191244682 0.6723428166413228 4524.643454850886 0.0002296204693058121 0.7078868001527928
1.2751371393368027 0.6466152278124364 4030.4583217528116 0.00023203286331162116 0.4506360467438914
1.2751371393368027 0.6466152278124364 4030.4583217528116 0.00023203286331162116 0.4506360467438914
1.2956884511381843 0.6687267012512406 4197.318953094512 -0.00020678934301439976 0.8473027346575474
1.6000266846298654 0.658472350676963 3985.6765811884047 0.0003439382573695919 0.933381824345278
1.6000266846298654 0.658472350676963 3985.6765811884047 0.0003439382573695919 0.933381824345278
1.0349889980281208 0.6568349266599306 4876.886386854025 -0.00029653095700417093 0.28650687740594155
1.3571776197241117 0.5560198388571155 4651.053406495602 -0.00044918699061396615 0.6978909254025196
1.3571776197241117 0.5560198388571155 4651.053406495602 -0.00044918699061396615 0.6978909254025196
1.390927358287731 0.6447017656938199 4114.525176537033 0.00022247710545280396 0.8203681436238679
1.3443485445551744 0.6016637960424454 4358.40284610377 0.00014019063458795269 0.7386893840571189
1.0251944159656805 0.6389064406860336 4303.60585556492 0.0003515302262119135 0.27390375356139784
1.0251944159656805 0.6389064406860336 4303.60585556492 0.0003515302262119135 0.27390375356139784
1.3859479826223682 0.6146866152044659 4104.022962716943 -1.8669832586367993e-05 0.7600664432482229
1.3859479826223682 0.6146866152044659 4104.022962716943 -1.8669832586367993e-05 0.7600664432482229
1.2145223854751797 0.6933835165014316 4678.961099508375 4.3568659924900066e-05 0.7113074538065033
1.0897118245318347 0.6529527029661704 4549.823217418504 -0.0006449547196109655 0.26968259238757114
1.4421956744128273 0.5536005432045633 4203.684830457377 -0.00010579232699279827 0.7163974264717213
1.5644774309387428 0.6435050966993475 4165.515024195205 -0.00012753285987839497 0.8639557158635163
1.4916970829069178 0.5847647345150757 4580.858059949559 -0.00019942849468059014 0.8451567913032265
1.2561965922525953 0.5583379305063931 4737.126308477303 -0.00011517968742014616 0.6457470296989632
1.4301819630832022 0.605840943384097 3946.9324554563127 -0.0001853324916146799 0.7705591719694339
1.251851615023989 0.6157441161051235 3941.8790997233145 -0.00039056878591574074 0.4366577317499687
1.251851615023989 0.6157441161051235 3941.8790997233145 -0.00039056878591574074 0.4366577317499687
1.3694638654241456 0.5465243778785984 4725.6568331031385 -0.0006256287186965981 0.7669093031306476
1.6470348124036724 0.6028322687499197 3985.704511650142 0.00012552776730461552 0.7751891807876248
1.6470348124036724 0.6028322687499197 3985.704511650142 0.00012552776730461552 0.7751891807876248
1.1874991521094902 0.6017185275437964 4857.730396100296 -0.00015529384647872807 0.5242418508642717
1.1874991521094902 0.6017185275437964 4857.730396100296 -0.00015529384647872807 0.5242418508642717
1.2555109238442896 0.712527173012744 4920.124901128901 0.0001469585713562133 0.7270935698838029
1.415756571853439 0.6239937629784045 4592.063959896072 0.00019743200523682366 0.7481160010413994
1.415756571853439 0.6239937629784045 4592.063959896072 0.00019743200523682366 0.7481160010413994
1.0719046807467787 0.6055389498311682 4577.879106577856 0.0010046527737435293 0.2964627911187043
1.0719046807467787 0.6055389498311682 4577.879106577856 0.0010046527737435293 0.2964627911187043
0.9970139513908732 0.6567508759474137 4848.947753226611 0.00025950177316764295 0.2841756862792549
1.264221851875448 0.6715290257849573 4900.795821626595 -0.0004436252184275336 0.8016330039283893
1.3791141231839488 0.6192782210033093 4645.362393018765 -0.0005763504108833315 0.8654560914156276
1.3791141231839488 0.6192782210033093 4645.362393018765 -0.0005763504108833315 0.8654560914156276
1.5631964392222661 0.6546591292643177 3990.521316419258 3.80863420738116e-05 0.9244517405003969
0.9871060964485987 0.6028434280256074 4822.870344379247 -0.0007372732349996204 0.2628395953399779
0.9871060964485987 0.6028434280256074 4822.870344379247 -0.0007372732349996204 0.2628395953399779
1.266670627546189 0.6855306331721032 4323.997207070993 -0.0004108885036347198 0.39535761114076184
1.266670627546189 0.6855306331721032 4323.997207070993 -0.0004108885036347198 0.39535761114076184
1.3955998220228474 0.5613965675444569 4593.744889280692 -0.0006820819774098671 0.6368947890673671
1.5343628549020294 0.5905792349208645 4379.7742061976605 0.001022120326411585 0.8865612306641074
1.2249768620216743 0.6345944265750645 4868.238682362047 -2.0160353423579885e-05 0.7309157105395832
1.2249768620216743 0.6345944265750645 4868.238682362047 -2.0160353423579885e-05 0.7309157105395832
1.4155274965789606 0.6752044108311249 4657.108224477325 -0.0001282889798469652 0.7272910096545229
1.4155274965789606 0.6752044108311249 4657.108224477325 -0.0001282889798469652 0.7272910096545229
1.315967927385128 0.6589711557441399 4972.90786539961 0.00042545427284888294 0.9310254164402928
1.2946777159373144 0.6009719072429465 4408.260429152725 0.00029306496283784916 0.5469396030708473
1.2946777159373144 0.6009719072429465 4408.260429152725 0.00029306496283784916 0.5469396030708473
1.137834076645781 0.5943853707113301 4946.419608036184 7.165180171662685e-05 0.38428843138451524
1.206812223381148 0.6360020300957139 4438.549412212407 0.00020230518231140253 0.4405423833619675
1.206812223381148 0.6360020300957139 4438.549412212407 0.00020230518231140253 0.4405423833619675
1.3599744536943081 0.6224920371689738 4738.360528683181 0.0004105451019249218 0.8125965125155755
1.4113825933867314 0.6026934455387993 4440.393447387992 -0.00043553282553847713 0.7278436892575643
1.3309764185623396 0.5581379268734985 4616.34412307342 0.0005443174000825809 0.6905461300178832
1.1639245775239548 0.619598079745632 4631.3650371382 0.00024676720842787853 0.4003386068699166
1.3745544008758386 0.5977385836342222 4767.255999098955 0.00032959117905574344 0.7083508624396007
1.1489213622920613 0.7147591120396135 4850.255238413464 0.0002832109924362056 0.30678823787997084
1.3586559466627606 0.5855468934186916 4899.689860325263 0.00014637013990133913 0.8537365020744376
1.5362813091520808 0.6078886264597367 4304.572750682266 -0.00028478501954556847 0.7873130363200478
1.4144198337507592 0.6183866132499258 4709.4718048267505 -3.566423465952139e-05 0.6968319787773313
1.4144198337507592 0.6183866132499258 4709.4718048267505 -3.566423465952139e-05 0.6968319787773313
1.2488535716697484 0.6829703970343839 4729.916481954648 -0.0004860508130576178 0.7077790788216596
1.2488535716697484 0.6829703970343839 4729.916481954648 -0.0004860508130576178 0.7077790788216596
1.0363761938597007 0.6128809170363901 4351.877620117979 0.00026853149232213615 0.2903333103084066
1.1823211758971093 0.600288253091667 4084.7563518350626 0.0007886240412919033 0.41202076192151676
1.1823211758971093 0.600288253091667 4084.7563518350626 0.0007886240412919033 0.41202076192151676
1.2097607917007154 0.6649265628067592 4632.044423508628 0.0007692213507851548 0.27757382115147594
1.2941073252538087 0.5990491956052477 4546.709180201621 -0.0005689123066336379 0.7634299015903354
1.4352763652613223 0.6451881530812508 4266.0898541495335 -0.0005124933426579572 0.7571524336773445
1.1814172832566947 0.6689982243708037 4821.0872683916405 0.0001352123792765172 0.343332572816819
1.0374260007089322 0.561686606646316 4636.479375794861 5.586655099966739e-05 0.29604561255332373
1.203490129987769 0.6562166121777906 4406.719088035083 -0.0006032029663869712 0.6953140741529966
1.203490129987769 0.6562166121777906 4406.719088035083 -0.0006032029663869712 0.6953140741529966
1.01532495972684 0.572895953189464 4829.243372299737 0.0001581018638821755 0.29687495502071953
1.01532495972684 0.572895953189464 4829.243372299737 0.0001581018638821755 0.29687495502071953
1.3040964452285424 0.5524626646070254 4879.370332649688 0.0006669201761077773 0.6758370799247818
1.296072660678645 0.6020092096475005 4580.580500398788 0.0002823665085309031 0.40013693804780515
1.2216378365359222 0.6254820679566887 4525.532459945268 0.00014985795595096778 0.4527778826374571
1.2216378365359222 0.6254820679566887 4525.532459945268 0.00014985795595096778 0.4527778826374571
1.460776414146058 0.5533122253535692 4802.956571831077 0.00010669774258235838 0.7236124122317094
1.460776414146058 0.5533122253535692 4802.956571831077 0.00010669774258235838 0.7236124122317094
1.2657452377239964 0.5671023458506167 4340.1763406531045 0.0003353067476468339 0.7624137651688208
1.2657452377239964 0.5671023458506167 4340.1763406531045 0.0003353067476468339 0.7624137651688208
1.3091060761915716 0.6745831489077917 4873.601519009815 -0.00014877769910891632 0.7941938560278932
1.3687192132541175 0.6038900101085815 4848.167989500362 -0.00015608437977849228 0.877239479095345
1.3025784440705093 0.5633381415949599 4858.438307398822 -0.000746863203310384 0.7956546243600375
1.0709323810202407 0.6153313239262856 4182.316157164923 -0.0005565960152264576 0.2940874052817611
0.9697746986553935 0.6119914744252322 4816.8786126587165 0.0004927145855727426 0.2641332372921993
1.348611054132196 0.6288808925148144 4037.6825063219 -0.00017035691947974352 0.6598259134275881
1.2746943666245887 0.6322251248952926 4157.802638492965 0.00046160589873862467 0.43280320230233327
1.2746943666245887 0.6322251248952926 4157.802638492965 0.00046160589873862467 0.43280320230233327
1.2374909522584252 0.7180977405175529 4989.198558415756 0.0006528211578840382 0.7175101527514565
1.2374909522584252 0.7180977405175529 4989.198558415756 0.0006528211578840382 0.7175101527514565
1.3913853842134662 0.5619241250695362 4915.42758205245 -0.0004138674220852365 0.6513407941406216
1.4296337095530773 0.6727154667847244 4324.0604592334685 0.00017915126892988935 0.8615881474690297
1.4175463344194044 0.6166226094549079 4204.084266960131 0.00035254817543958473 0.7640286813792679
1.32663102604009 0.5617544247108559 4294.458019242761 6.634972756535299e-05 0.6859075511455702
1.5151360110583711 0.6194420122774684 4208.483394130185 -8.01014779642316e-05 0.8068560928209111
1.5151360110583711 0.6194420122774684 4208.483394130185 -8.01014779642316e-05 0.8068560928209111
1.4101758747502189 0.5338071779716353 4327.459524876023 8.973012327487037e-05 0.6877931958306519
1.332836398277525 0.6399347327811766 4956.45269413474 -0.00021425611801655512 0.7475011658084846
1.5067628459172737 0.6392283800667768 4424.410254373948 -0.0005770888766330604 0.9122939158184351
1.2186703989755916 0.5461823083108582 4817.558519692043 0.00012500452704751263 0.6327907412589298
1.358386520486881 0.6665370981782209 4365.932195629992 -0.0001597120951484617 0.9751676025372078
1.358386520486881 0.6665370981782209 4365.932195629992 -0.0001597120951484617 0.9751676025372078
1.278455088966465 0.5584430579889113 4836.043818428243 -0.0003805308131197567 0.6744149639938681
1.278455088966465 0.5584430579889113 4836.043818428243 -0.0003805308131197567 0.6744149639938681
1.317812843878245 0.6145485787989591 4938.130680780974 0.00019954639338823523 0.8530658323839245
1.3539105653762817 0.6720074713230133 4990.171247005463 0.0007697763197851917 0.890524685382843
1.2384335506052584 0.5710445332014682 4392.881109646303 -5.8575943649458853e-05 0.5887519780070216
1.2991703900373446 0.5817973284518694 4943.472309072306 8.795997042497093e-05 0.6471049597965166
1.2163880988279105 0.6807884125444825 4322.441806563911 0.0001781551800178102 0.4784200512045498
1.2884423418959405 0.6841805401400474 4713.965813390656 9.62311665715166e-05 0.7150599865316525
1.2082995552364064 0.6073124377554054 4457.286506639804 -0.0002447277645044851 0.7079789490489198
1.4174787755571416 0.7015008651599484 4657.700516407703 4.6086697926245136e-05 0.8826032466397831
1.4174787755571416 0.7015008651599484 4657.700516407703 4.6086697926245136e-05 0.8826032466397831
1.473610296506445 0.5900873975484309 4210.30871102974 0.0002853633132050634 0.8256774621333284
1.177907789493885 0.6293374851205997 4662.384481839846 0.00018400228420138547 0.341154341229761
1.177907789493885 0.6293374851205997 4662.384481839846 0.00018400228420138547 0.341154341229761
1.2497943107598326 0.5558934948380857 4925.395526439866 0.00029814809054041266 0.7308592279436152
1.2497943107598326 0.5558934948380857 4925.395526439866 0.00029814809054041266 0.7308592279436152
1.4287322905550859 0.6612786681006917 4871.467964373542 0.0006294420556250893 0.8686071907657756
1.4287322905550859 0.6612786681006917 4871.467964373542 0.0006294420556250893 0.8686071907657756
1.1526689775682142 0.6213575448752627 4080.7586125658186 4.8520089598326035e-05 0.3126687925785919
1.286508782877588 0.604473622706629 4699.144563065235 0.00042944735487902136 0.804988017756886
1.2620795772148805 0.678668333509662 4981.491362149597 6.270244054525785e-05 0.7671640802943754
1.291387418190771 0.7040869101276281 3931.8557011495554 -0.00026364814850192203 0.36988503155072344
1.291387418190771 0.7040869101276281 3931.8557011495554 -0.00026364814850192203 0.36988503155072344
1.272900093613663 0.6208277867659355 3946.1479294731835 -2.3652921749684158e-05 0.5676881694013507
1.4181162882486111 0.6239011423875415 4931.6134621474 0.0003959975391235275 0.8673273268887413
1.4181162882486111 0.6239011423875415 4931.6134621474 0.0003959975391235275 0.8673273268887413
1.2772567466202673 0.5407729994623112 4817.132102436903 0.000526831514137338 0.80620306541598
1.2772567466202673 0.5407729994623112 4817.132102436903 0.000526831514137338 0.80620306541598
1.0536821603775026 0.6430124714970589 4235.5212097764015 -0.00035003513626703304 0.28474247455596924
1.250003599430151 0.6063158084899225 4813.876509923799 -0.00047607676351457066 0.3591342968689509
1.3036100866757585 0.596457300366201 4259.767309518467 1.310721579598903e-05 0.6261653854000383
1.5479913631685909 0.602230869403843 4569.6554390959545 0.0001005825557601002 0.7790945640938511
1.5479913631685909 0.602230869403843 4569.6554390959545 0.0001005825557601002 0.7790945640938511
1.2914720682032428 0.6716048884391396 4114.084272692241 0.00011613208402742741 0.6649515463697918
1.2914720682032428 0.6716048884391396 4114.084272692241 0.00011613208402742741 0.6649515463697918
1.2159408528308675 0.5786732832619774 4859.578507017182 -0.00045243819289781046 0.434185793743683
1.2159408528308675 0.5786732832619774 4859.578507017182 -0.00045243819289781046 0.434185793743683
1.3618075583117555 0.5814373878510474 4526.321623883247 4.930526040043107e-05 0.6065037689956252
1.2405776391067773 0.591064749694745 4506.894578697129 0.00020704840282051307 0.5416873497748009
1.3567594316877936 0.6949716073441966 4120.374153278359 -0.0004828348708927517 0.7591531675673846
1.4344239599600035 0.5965524695312576 4295.06360770581 -7.30942164706577e-05 0.7726158628708182
1.4344239599600035 0.5965524695312576 4295.06360770581 -7.30942164706577e-05 0.7726158628708182
1.3815471257067273 0.6466129630039444 4856.175884892204 -0.00012821759135648247 0.8135315540926408
1.3771256033469121 0.5444840191257145 4955.1486235479415 -0.00011488340211675858 0.7047540514215738
1.4194334034960665 0.5952410254378753 4095.29631791647 0.00036801603783513556 0.7634481074141525
1.4194334034960665 0.5952410254378753 4095.29631791647 0.00036801603783513556 0.7634481074141525
1.3391749203438081 0.5708358104912047 4358.659021155491 -0.000183154057202143 0.6401647307314376
1.3556551653165463 0.6548308685853743 4826.551485438234 -0.0003971818822937251 0.8941982665973685
1.3556551653165463 0.6548308685853743 4826.551485438234 -0.0003971818822937251 0.8941982665973685
1.2667486418529683 0.6828967917929535 4521.333826014034 -0.00029848342347506035 0.7365520986160736
1.3808243190099323 0.6072146953270668 4811.971108108912 0.000426346913384923 0.9626556676295066
1.3539046543890567 0.6386640941488237 4269.498574074131 -0.00011345764191495422 0.7556134976520538
1.3286615103091148 0.5342127281415745 4258.680683252368 -3.631558479536384e-05 0.7047922080148319
1.4166307850424156 0.6885544702869754 4113.635620451627 -0.0010237402274148755 0.7932979321049785
1.2465195137539136 0.6526353816327835 4212.990485170654 -0.0005450938786446441 0.3140664390052128
1.2465195137539136 0.6526353816327835 4212.990485170654 -0.0005450938786446441 0.3140664390052128
1.5262840550283174 0.6065625134885917 4813.315836724365 6.0837773060571545e-05 0.7526811706372305
1.259709318701322 0.6020059119017158 4852.05661161179 0.00015816593642992334 0.4761179347571586
1.2886303016940166 0.6695567525996138 4693.803921389099 -0.00018811026574189817 0.8610122111912748
1.2886303016940166 0.6695567525996138 4693.803921389099 -0.00018811026574189817 0.8610122111912748
1.3426031055002006 0.6592568097709283 4425.838727773692 -0.0005525002103001831 0.9154890073387214
1.3428705345559957 0.6445694604765717 4142.74336033365 0.0002975337360313445 0.5759560586910237
1.3428705345559957 0.6445694604765717 4142.74336033365 0.0002975337360313445 0.5759560586910237
1.3641956490797187 0.6643356624435723 4211.185592239688 -7.80938079260087e-05 0.8374846477237888
1.2931117545501083 0.6817658155466011 4522.067192630294 0.0005110307806219119 0.8081808437816631
1.2931117545501083 0.6817658155466011 4522.067192630294 0.0005110307806219119 0.8081808437816631
1.3866417656628922 0.5976020825771576 4039.305763347694 -0.00019403455712705192 0.7521184807987085
1.3018781008904297 0.6004898283544138 4693.038127752782 -4.842608848436756e-06 0.8121412771998312
1.1829323191555972 0.6104056870926 4986.068209545688 0.00024531567922671206 0.46397436424455446
1.2198499173687527 0.6898088670626926 4834.463324651626 -0.00017967395253866165 0.7518535100882192
1.2198499173687527 0.6898088670626926 4834.463324651626 -0.00017967395253866165 0.7518535100882192
1.371550805807672 0.6073137334070368 4775.437085329456 -0.0008306526687359833 0.8470682225576813
1.371550805807672 0.6073137334070368 4775.437085329456 -0.0008306526687359833 0.8470682225576813
1.3516245368885098 0.5560711911721484 4815.48021009796 0.0006651022099651203 0.7982824422534175
1.3486111399149379 0.6556886081617318 4502.147746313499 0.0002433536407855151 0.8817179639128583
1.0598933806627318 0.6636398564190154 4576.480591026085 -0.0004597889513243441 0.2914132738065794
1.0598933806627318 0.6636398564190154 4576.480591026085 -0.0004597889513243441 0.2914132738065794
1.4686651878594006 0.535360799189071 4899.33645873138 -0.0004862990219238685 0.7302533701158723
1.2933274032310398 0.7274901071465685 4589.942187269971 5.8155913930437224e-05 0.38647645095329575
1.3625811782738464 0.686605662554903 4095.6202244324427 -7.394720437878927e-05 0.7880500000496176
1.3625811782738464 0.686605662554903 4095.6202244324427 -7.394720437878927e-05 0.7880500000496176
1.5219815659637548 0.5942738533639593 4615.357944402806 -0.00043201928780405957 0.8982029404872434
1.5219815659637548 0.5942738533639593 4615.357944402806 -0.00043201928780405957 0.8982029404872434
1.2781948793198292 0.6758163141591664 4630.741090903944 -6.289566041735023e-05 0.667772000864559
1.3155540982405816 0.5622059681230891 4507.413174658642 -0.00010768817891071039 0.7441394516586988
1.3972177946988813 0.5755261316121687 4471.922614785383 0.0002978593932595081 0.6895009503350839
1.3972177946988813 0.5755261316121687 4471.922614785383 0.0002978593932595081 0.6895009503350839
1.2886801198115596 0.7151108871510004 4193.64403796835 -0.000414082808684287 0.4950309998727777
1.0387501629652698 0.642753813727058 4952.908038164985 -0.00047219955209149565 0.30538410839292246
1.0387501629652698 0.642753813727058 4952.908038164985 -0.00047219955209149565 0.30538410839292246
1.3446174787282716 0.6360268498011634 4686.74653558615 -0.00036979075705666713 0.8638039102083164
1.2062889932833825 0.6328552875271423 4227.382612047187 0.0003330990574842733 0.4624999092969826
1.2397449416301938 0.5687476171918857 4677.006690655534 0.00031792518690550457 0.4259874135775853
1.2069182535348164 0.6519765662792346 4383.798516499933 -9.329537959287232e-05 0.33757813619318844
1.3513131202059112 0.6566559019436429 4532.918654437441 0.0006511144398152885 0.6853279706925093
1.3513131202059112 0.6566559019436429 4532.918654437441 0.0006511144398152885 0.6853279706925093
1.3615580919343555 0.6842144210023482 4204.422840962589 -0.00042484188095037983 0.8688912468880439
1.3615580919343555 0.6842144210023482 4204.422840962589 -0.00042484188095037983 0.8688912468880439
1.0763875989946867 0.6190214022729587 4053.449774476705 -0.0002508997408790244 0.2683345308787943
1.1069227388568144 0.698296872380747 4746.451442598798 -0.00014795496228388804 0.3152694368943614
1.1069227388568144 0.698296872380747 4746.451442598798 -0.00014795496228388804 0.3152694368943614
1.515774646492098 0.660194616796101 4324.787053123772 -0.00019748918853579453 0.9721685678083589
1.317352894557982 0.6322180916207303 4611.491374679264 -0.00027741943750902347 0.5371921995633515
1.2543695959295253 0.5562684641760083 4967.031801756325 1.7314074936471942e-05 0.6784357295528853
1.3881307978581185 0.6199851160712955 4557.581789661658 0.00013390010951946823 0.8031073547058811
1.3881307978581185 0.6199851160712955 4557.581789661658 0.00013390010951946823 0.8031073547058811
1.3270789259734022 0.6216347405329309 4427.503475853964 7.483863601452458e-05 0.6857877282026431
1.1297355159643538 0.6513604700842875 4887.81433090888 0.0004551976266829 0.33789862995303954
1.1297355159643538 0.6513604700842875 4887.81433090888 0.0004551976266829 0.33789862995303954
1.3834518555771638 0.5841082161708553 4038.904493851182 0.0006808330568674699 0.7452165980929767
1.3834518555771638 0.5841082161708553 4038.904493851182 0.0006808330568674699 0.7452165980929767
1.355080918267889 0.5989050511854339 4468.0014103457825 2.1887601789333e-05 0.510839535097702
1.355080918267889 0.5989050511854339 4468.0014103457825 2.1887601789333e-05 0.510839535097702
1.379662599237348 0.5933708374835873 4459.035966035448 -0.00021777590844272707 0.6719811892898104
1.1826423016761978 0.7018970667576897 4843.469046013842 0.00025494977411316395 0.33738308054661914
1.062256418880044 0.5817562676741658 4823.451610387424 3.982396818972312e-05 0.32715084449179
1.062256418880044 0.5817562676741658 4823.451610387424 3.982396818972312e-05 0.32715084449179
1.462266105038407 0.592616461861385 4685.707278177 -0.0002143133932834089 0.7507408127218624
1.4773581234701223 0.6563625438617038 4493.4273077966145 0.0002036394838405106 0.9429081784449063
1.4773581234701223 0.6563625438617038 4493.4273077966145 0.0002036394838405106 0.9429081784449063
1.39202987082319 0.5998894776585215 4790.882400818014 0.00030705185302119564 0.8884811460313191
1.1972974105815606 0.6657151450024796 4201.722523768021 4.238457971363651e-06 0.318748109150421
1.1972974105815606 0.6657151450024796 4201.722523768021 4.238457971363651e-06 0.318748109150421
1.4246109189375633 0.654631134592141 4403.590757142509 0.00013802735341817107 0.8799964550090781
1.4246109189375633 0.654631134592141 4403.590757142509 0.00013802735341817107 0.8799964550090781
1.4268835264319346 0.623614116096837 4127.431352934271 -0.00042760911885162447 0.8038779356709822
1.455752235626711 0.5821302390074172 4169.729961494293 -0.0003340981463681508 0.8418819080588111
1.1484913348855212 0.6093255456339428 4368.175612860971 -0.0007289831345882064 0.29109500115578624
1.2140828753614576 0.6091502549326276 4615.586489157985 0.0001506067846329795 0.33791578528727906
1.386533453450562 0.5746148424137879 4916.12110209283 0.0003980507167504582 0.7930875038172125
1.3734931435982098 0.6369472678580501 4451.9204162001315 0.0005095480754836962 0.8370056081419026
1.2744355833063032 0.5166769924772807 4823.899872321803 4.0577900181925746e-05 0.7664088774125981
1.2744355833063032 0.5166769924772807 4823.899872321803 4.0577900181925746e-05 0.7664088774125981
1.4323952999992686 0.6043808486585213 4566.433964516419 -0.0005476908269700445 0.689858356314637
1.4323952999992686 0.6043808486585213 4566.433964516419 -0.0005476908269700445 0.689858356314637
1.4079290937954743 0.6367317670996255 4903.312794634142 0.00010909784005219832 0.8374081126835128
1.274285516699622 0.6834503907399513 4311.689050089787 0.0001378221138474943 0.8354149675240468
1.3043849650180106 0.6190910823579754 4845.305868099438 0.00015480566640659792 0.8568703858529776
1.3043849650180106 0.6190910823579754 4845.305868099438 0.00015480566640659792 0.8568703858529776
1.232016383111957 0.5968864132012115 4563.254343115754 0.00037158605872611157 0.7183046589869023
1.2420566243858144 0.6465345465056308 4942.12612931349 0.0007956823907682924 0.6691094455700283
1.4085415513485304 0.5009244848169279 4453.994607905716 6.44140491303598e-05 0.7505302420402609
1.1800669829348038 0.6904973806498216 4992.35784706433 4.188930329962446e-05 0.32537761963819817
1.381911413102772 0.5786353160231547 4547.1238318384785 -0.0002328281693943728 0.7615455626010781
1.381911413102772 0.5786353160231547 4547.1238318384785 -0.0002328281693943728 0.7615455626010781
1.138784397868244 0.7011345613803627 4871.633253094913 -7.92300722597788e-05 0.30253930455181477
1.2680384618698093 0.5831962324488809 4886.576275475012 -0.00012473077269777792 0.8340651304085025
1.4336137045687352 0.6091662618294391 4181.751595669042 -0.0002901722516409398 0.7541568852559557
1.4000249357785077 0.5771313601949837 4719.692106155808 -9.560905779530283e-05 0.7337914627881928
1.4000249357785077 0.5771313601949837 4719.692106155808 -9.560905779530283e-05 0.7337914627881928
1.3124365191378233 0.7137942494005171 4472.306285802279 -0.00023274565901662566 0.6026281015341941
1.3124365191378233 0.7137942494005171 4472.306285802279 -0.00023274565901662566 0.6026281015341941
1.4896212542740654 0.6254304446936567 4039.7792934856975 0.00023770963877364873 0.9688715537269739
1.4896212542740654 0.6254304446936567 4039.7792934856975 0.00023770963877364873 0.9688715537269739
1.155304916563823 0.6610498250788492 4804.316621619418 0.0003167517255343255 0.2844961773236073
1.254792904853821 0.6967063322663307 4998.652299642563 -0.001173552740773964 0.5394521355628967
1.3906237917341018 0.6615048924744868 4839.084660884624 -0.0004185466342719271 0.9807470742386899
1.3906237917341018 0.6615048924744868 4839.084660884624 -0.0004185466342719271 0.9807470742386899
1.331503104819865 0.5712777529524395 4392.429600596738 0.0006203592176028286 0.820582073997538
1.3524007880684854 0.5872296621971398 4659.423088054981 9.852547147762194e-05 0.6571686775357258
1.3524007880684854 0.5872296621971398 4659.423088054981 9.852547147762194e-05 0.6571686775357258
1.2907731725879965 0.5855396572178719 4730.89140821862 0.00012508010647532589 0.7968511124872407
1.0456451620586724 0.62873265128999 4953.691275579325 8.741447101549523e-05 0.2670064773355845
1.237792939186262 0.6647144919001421 4927.815327753496 0.0003145772979782507 0.7266929430697978
1.2022998771259361 0.6301414879752592 4429.987138064795 -0.00012742504777391516 0.5991327975274034
1.1747651357088305 0.6862519198175601 4536.6311278324865 -0.000676888128549136 0.33998052921674915
1.2148660281463555 0.5621583458405148 4574.995411322464 -0.0006924155785794535 0.4830527089831772
1.2279796592562786 0.606966172356891 4656.148641642396 0.00011462627264104505 0.4548474924069421
1.4298456165036018 0.5998542288933747 4462.413151091377 0.0005579941392617029 0.7556186058114547
1.4298456165036018 0.5998542288933747 4462.413151091377 0.0005579941392617029 0.7556186058114547
1.3403432946990947 0.6068821569571565 4809.156097506432 -0.0002197436920385575 0.6869573608203026
1.3095650288191096 0.5854564887608749 4553.240597966497 0.0009193433530783804 0.6640930301100072
1.3095650288191096 0.5854564887608749 4553.240597966497 0.0009193433530783804 0.6640930301100072
1.4325007686029172 0.661028605718629 4703.7866073023115 0.000737078164413009 0.8907016272999027
1.204070253209406 0.6421288019412563 4812.275176063472 0.00012807689046555557 0.685615812197808
1.4042831605372357 0.5508667885696668 4114.013989816904 8.208297648237433e-05 0.711005814352621
1.3074965640697744 0.6509315429479878 4262.617820789694 -0.0004128379120867394 0.838181574970419
1.5107310926628008 0.5791559652189202 4877.799204827078 -9.520072348624225e-05 0.6704842515428788
1.5039564237622487 0.6525546207538209 4747.336991248018 0.00034727577753358355 0.8503432625498932
1.2840456784248886 0.6066983786213257 4868.951617258245 -0.0009692330994421703 0.6628762753484039
1.2840456784248886 0.6066983786213257 4868.951617258245 -0.0009692330994421703 0.6628762753484039
1.4010334107676636 0.6694563727871411 4492.198597080351 0.0001045437693498734 0.7346689698541672
1.3128673889508828 0.617214197310571 4760.156134992621 0.0004204341888578412 0.68606518881028
1.3128673889508828 0.617214197310571 4760.156134992621 0.0004204341888578412 0.68606518881028
1.4331754544605453 0.5420973413963384 4815.303625626615 0.00014487302074587416 0.8279012253812773
1.1894064760606633 0.6932636074632799 4902.680237975917 -0.0002450986559910582 0.49796718515163435
1.1894064760606633 0.6932636074632799 4902.680237975917 -0.0002450986559910582 0.49796718515163435
1.4920710278371545 0.6381379569012257 3979.1302836083955 -0.00026680480329538284 0.8234174123317847
1.4920710278371545 0.6381379569012257 3979.1302836083955 -0.00026680480329538284 0.8234174123317847
1.394635982529006 0.5868378663129514 4399.9954576490145 2.86346228862035e-05 0.7799225728255682
1.204848739288672 0.5584895226360158 4574.390955798115 9.499933917415132e-05 0.4813025580727203
1.3712354146607766 0.7440517938609248 4674.308490963377 0.0003700833683289373 0.9183758274488598
0.9897394590449738 0.5866372077534199 4887.422474580411 0.00033613973153203585 0.289039373501249
0.9897394590449738 0.5866372077534199 4887.422474580411 0.00033613973153203585 0.289039373501249
1.3257909719833312 0.5933458459000187 4997.967553157927 -0.0008873489207102673 0.8274711409891848
1.3257909719833312 0.5933458459000187 4997.967553157927 -0.0008873489207102673 0.8274711409891848
1.3285106027740703 0.6983678338211499 4803.98959869554 -0.00010266614723786065 0.5751116134462656
1.3285106027740703 0.6983678338211499 4803.98959869554 -0.00010266614723786065 0.5751116134462656
1.0301965428651125 0.6574050680833172 4962.858622791443 -0.0004448390174935745 0.2797819821300722
1.2996674450579264 0.5611829511582276 4459.25132168556 -0.00034736709436202103 0.6539368193893302
1.2996674450579264 0.5611829511582276 4459.25132168556 -0.00034736709436202103 0.6539368193893302
1.411106520684939 0.5473152025887941 4821.05463073433 0.00014442370454511859 0.6998482576033099
1.3457784125704306 0.6211610045629177 4857.085579390716 -0.0007495221802377353 0.8108314975310769
1.3822212960248712 0.6610482950760873 4220.681054448655 -0.00021482579740737614 0.9451733571121246
1.3252128182416831 0.5875693140974709 4985.923480196399 -3.087882474062551e-05 0.6429336184838377
1.3252128182416831 0.5875693140974709 4985.923480196399 -3.087882474062551e-05 0.6429336184838377
1.3184693410156094 0.5069956983854498 4666.79437304885 0.00037040985574875504 0.7406291267662992
1.421444931740837 0.6118179180793621 4080.404818207193 0.000292515418476329 0.8477661115153194
1.2383294354129006 0.6360400109921178 4595.1227235979295 -0.0003878139826948332 0.5401132159403613
1.2383294354129006 0.6360400109921178 4595.1227235979295 -0.0003878139826948332 0.5401132159403613
1.2880451876521706 0.6611382982476663 4377.851362893773 0.0002965497534262439 0.8750439651070825
1.2880451876521706 0.6611382982476663 4377.851362893773 0.0002965497534262439 0.8750439651070825
1.4033643672253624 0.6244099437707058 4601.23245496142 0.0004984667983905474 0.7365055754134904
1.2873718298212669 0.5549203332311996 4902.769760381378 -0.00033892933231500746 0.8123539776018992
1.3000402031399472 0.5245038558362263 4735.596715492128 -0.0001474895402196039 0.7341152522318927
1.2976291657529777 0.6092198187209585 4324.014823066791 -0.00013338381084633291 0.4243534921583003
1.2976291657529777 0.6092198187209585 4324.014823066791 -0.00013338381084633291 0.4243534921583003
1.5284206285695312 0.5968891957321731 4305.842861130994 0.0005205866490174255 0.7810064190291204
1.340570501636079 0.6086898889269615 4916.943102469714 -0.00015092245552799985 0.8297782420391364
1.321060570080238 0.5603420130726171 4994.069176903635 -0.00030111920253928913 0.8180761081973086
1.254420010651812 0.5791126562048655 4845.275394391058 0.0012297037016766846 0.7786856999731449
1.2933148366282143 0.5667963245517879 4876.725508380355 0.00030060640169463467 0.7680339218370849
1.2933148366282143 0.5667963245517879 4876.725508380355 0.00030060640169463467 0.7680339218370849
1.5343779754889968 0.5998786372101728 4208.3616103785125 7.430739740760561e-05 0.8087867514962505
1.5343779754889968 0.5998786372101728 4208.3616103785125 7.430739740760561e-05 0.8087867514962505
1.4252112943540747 0.5804497038234765 4561.7331720592 -0.00039090805967045513 0.7380675346336876
1.4252112943540747 0.5804497038234765 4561.7331720592 -0.00039090805967045513 0.7380675346336876
1.2961792821264064 0.6335237353643267 4634.896120421235 -0.0003146572645485353 0.5035810555449288
1.2895993990362198 0.6295905726454696 4086.4663866285296 0.00021761278197251867 0.6266919680696927
1.2895993990362198 0.6295905726454696 4086.4663866285296 0.00021761278197251867 0.6266919680696927
1.3705167026733034 0.5354010165383523 4862.007890919295 -2.2809543271287377e-05 0.74964647845732
1.3221343547128246 0.6833158265332183 4501.409246901509 -4.541023852022471e-05 0.9757460515805114
1.3131179424489552 0.7054601182854355 4540.613517247343 0.00012779335317063324 0.5896108750231095
1.350408521573772 0.5929143851514602 4879.445966190618 0.00011423823110142393 0.7705019182722935
1.1097176802514537 0.6251265881139499 4804.4368516153145 0.0007472659194182602 0.3304685973747927
1.1317715172933593 0.6525810129318225 4788.083761766955 0.0003962008723910429 0.3236340797784872
1.1742687600217732 0.6173726573264731 4999.676430914969 -0.0005509324574884456 0.45935617643083304
1.4179922433438192 0.5655391975262136 4064.7168379813843 3.1755149982145996e-05 0.7485746681685457
1.2372673359629816 0.5584881228420393 4980.163036387091 0.00019347639848966072 0.6205454522156928
1.2372673359629816 0.5584881228420393 4980.163036387091 0.00019347639848966072 0.6205454522156928
1.3430712126390347 0.6324792604063374 4507.305602521333 0.00021700384189491447 0.8502412768470984
1.2394129642104055 0.5521045897146302 4663.427476482965 -0.00019298326741241278 0.5812689654074981
1.5115702787236418 0.681034652803409 4633.669269372099 -1.4098171570153402e-05 0.9853097566930402
1.5115702787236418 0.681034652803409 4633.669269372099 -1.4098171570153402e-05 0.9853097566930402
1.4595778054689308 0.5782322518565697 4161.55637907454 -0.0003569447310701171 0.7000583439357847
1.3269137422823638 0.5892344718575708 4533.081517045229 0.0006046101917476373 0.838836064762445
1.2245779985146612 0.6011380206059109 4139.2730992061615 0.0004794916636392724 0.5906928558230679
1.2245779985146612 0.6011380206059109 4139.2730992061615 0.0004794916636392724 0.5906928558230679
1.098928398894568 0.6387446250737779 4597.903426663559 -0.00012988151224247233 0.30243990786398744
1.254704785346985 0.5421715453267097 4556.633023381233 0.0005594668874513186 0.7952854037284851
1.383109206428803 0.6186581544707601 4814.919070313178 8.061804760327559e-05 0.6857046141618177
1.5997383940735856 0.643682233744989 4750.498852204332 0.00015824377191191245 0.9138675567690946
1.3759449927057763 0.6431161454450296 4501.269715564344 -0.0010713089027812104 0.8106598131575941
1.290370159017887 0.6227472999473087 4116.913691078379 1.7366956871731765e-05 0.6561991482550766
1.290370159017887 0.6227472999473087 4116.913691078379 1.7366956871731765e-05 0.6561991482550766
1.30052458409269 0.5388565191490842 4235.935574125064 -0.00015005916727754587 0.7816255968510579
1.30052458409269 0.5388565191490842 4235.935574125064 -0.00015005916727754587 0.7816255968510579
1.0747840283176084 0.5984952987247465 4936.126224737592 -0.00012370451223709555 0.3233607072432691
1.0059032038568991 0.6543376837017357 4853.191132229477 -0.0001090796869319843 0.28353467898640916
1.4039746209035162 0.5555502312781605 4810.839629941546 -0.00031199406311824073 0.8086502942474836
1.358558459316253 0.6193285667918025 4141.22876530085 0.0003843353307858443 0.7232750243060024
1.4150203610830037 0.6777358111604008 4841.25714185178 -0.0006024092907405814 0.9881785363768445
1.4150203610830037 0.6777358111604008 4841.25714185178 -0.0006024092907405814 0.9881785363768445
1.1455547001433195 0.6539311811954716 4812.774174117541 0.0004883624826838764 0.43017073049780485
1.1455547001433195 0.6539311811954716 4812.774174117541 0.0004883624826838764 0.43017073049780485
1.3167257976834454 0.5563718141372421 4984.681477819161 0.0006942393478810843 0.7896940439668447
1.396862406008362 0.628454477677288 4089.9834019512214 -0.0004494891913207285 0.7394924604117609
1.396862406008362 0.628454477677288 4089.9834019512214 -0.0004494891913207285 0.7394924604117609
1.4932080726730899 0.6514655969820152 4877.888107569004 -0.000250343095385613 0.8451028138134828
1.3939909598559348 0.5752782056132626 4826.897359700451 -0.00045090479677065506 0.8165250816815299
1.1463576649957563 0.642616599053258 4765.262581494243 -0.00028591544399786536 0.323427639615288
1.4398937653552601 0.6079258782627148 4270.273284315776 0.0006084116013311913 0.685947039918306
1.295210562275623 0.6055886779867405 4670.746793898452 -0.0003902384259071722 0.696263432298103
1.295210562275623 0.6055886779867405 4670.746793898452 -0.0003902384259071722 0.696263432298103
1.3640116044101211 0.511688673790208 4782.104748953627 -0.0002579248131326711 0.7664695268163753
1.5793221301395937 0.5955073418604884 4304.827415834113 0.0005060650333836047 0.7853910164488694
1.5793221301395937 0.5955073418604884 4304.827415834113 0.0005060650333836047 0.7853910164488694
1.4863578176352048 0.5516576724747508 4390.566907343389 -0.0002227258852478722 0.6970023214452332
1.4863578176352048 0.5516576724747508 4390.566907343389 -0.0002227258852478722 0.6970023214452332
1.4556090252669425 0.615075140653312 4497.810759139468 0.0004238862869797033 0.8209064503048779
1.3608477456740375 0.5687023299023344 4983.088576409455 0.0005777584843554873 0.8017733860655465
1.1916156581230792 0.5534419391458807 4816.49467400313 0.0002879374582323415 0.5732475479540144
1.2839186352328098 0.6507445301015287 4934.0133729732615 1.1653367049594523e-05 0.8448237178664635
1.295273885973699 0.559769890083009 4819.618992428957 -0.00010772398934100236 0.6918880902538688
1.295273885973699 0.559769890083009 4819.618992428957 -0.00010772398934100236 0.6918880902538688
1.1408013103979324 0.6653872116022904 4520.633532783586 -0.00048772925257411733 0.35669264364147224
1.387267997960285 0.5146624231258046 4483.771345106844 -0.0002919939326987429 0.7402930855410472
1.387267997960285 0.5146624231258046 4483.771345106844 -0.0002919939326987429 0.7402930855410472
1.1801351645990998 0.6837520788133793 4561.428410833164 0.0005165652790787001 0.3555024674600465
1.4216060262620647 0.6322040399508888 4509.844014658258 -0.0004080634646544199 0.7672796130813306
1.4216060262620647 0.6322040399508888 4509.844014658258 -0.0004080634646544199 0.7672796130813306
1.3079672952740777 0.667025927267437 4548.217712460437 0.0001714927907602828 0.9030151095442088
1.3393734151265986 0.6534619028359463 4687.793882251165 -0.0006163952726626615 0.8763694898766086
1.3393734151265986 0.6534619028359463 4687.793882251165 -0.0006163952726626615 0.8763694898766086
1.359274092563297 0.6445036984474152 4947.733216659954 -0.00026534267829065873 0.9804096621977166
1.359274092563297 0.6445036984474152 4947.733216659954 -0.00026534267829065873 0.9804096621977166
1.4789206508315313 0.619556724011082 4046.475445278588 0.00023924317957876797 0.7469933764868498
1.4789206508315313 0.619556724011082 4046.475445278588 0.00023924317957876797 0.7469933764868498
1.3073488946401257 0.6249741489324934 4482.121298630031 -0.0005573443008507267 0.8056781195934519
1.3766050263143388 0.5747436780675246 4835.487363866415 -9.955752325163569e-05 0.7269389043815004
1.2331718233268552 0.6111776962591404 4294.488543905286 -0.00038485822461147516 0.6799718504034571
1.301797460475996 0.6756184425620335 4716.852792444542 -0.0006053362975820262 0.45805534050725316
1.4644083699385362 0.6285737297788999 4030.545984404107 -0.00018049849263880935 0.8586472391601959
1.4644083699385362 0.6285737297788999 4030.545984404107 -0.00018049849263880935 0.8586472391601959
1.2476142936976056 0.6755031402990328 4351.639960766538 6.785669060060402e-05 0.41923301380295674
1.3534728761937798 0.6121435842960654 4176.899455742075 0.0003579910304169224 0.7333595039299323
1.4169683851665988 0.6322433115131711 4474.1147870388995 0.0003912139732285594 0.8007100618052454
1.4169683851665988 0.6322433115131711 4474.1147870388995 0.0003912139732285594 0.8007100618052454
1.4922640790313326 0.668779801372115 4926.548395440015 -0.0007378430298109683 0.8988964704125919
1.180906826533384 0.5645100981449083 4989.958119506513 0.0009311952113234943 0.44965973461743847
1.180906826533384 0.5645100981449083 4989.958119506513 0.0009311952113234943 0.44965973461743847
1.1152923800526813 0.6040738450172669 4826.992307991392 -5.599752403253416e-05 0.30492013342779534
1.079522774917113 0.5842567333285719 4772.336139608313 -0.0006654171137143629 0.3119120161154371
1.079522774917113 0.5842567333285719 4772.336139608313 -0.0006654171137143629 0.3119120161154371
1.3866264422905052 0.5982663861731929 4500.240535991711 -0.00045449542432102197 0.7036271377480645
1.3866264422905052 0.5982663861731929 4500.240535991711 -0.00045449542432102197 0.7036271377480645
1.2573981465512427 0.5680348250052265 4740.383915069354 0.0005935434770326675 0.6435901881870807
1.2573981465512427 0.5680348250052265 4740.383915069354 0.0005935434770326675 0.6435901881870807
1.1750411084801244 0.635937510088864 4507.961656860761 0.0005612519299869424 0.41595650176544885
1.3934914632988624 0.5703331190861216 4934.349931234311 -0.00027842311763788964 0.7775715681086537
1.3934914632988624 0.5703331190861216 4934.349931234311 -0.00027842311763788964 0.7775715681086537
1.2649298853793636 0.6108007487948917 4664.952755818019 -9.066709422884945e-05 0.45277844558974667
1.2649298853793636 0.6108007487948917 4664.952755818019 -9.066709422884945e-05 0.45277844558974667
1.5221365341443458 0.6260790066918863 4852.794221506388 0.0013912096417734053 0.7356249214659868
1.1683628194208526 0.6603875008318608 4415.323225207022 -0.00017033762025441516 0.29079574187847196
1.0377957504839581 0.5825665458876492 4731.329712082171 -0.0006217372448507894 0.2749480857652593
1.0377957504839581 0.5825665458876492 4731.329712082171 -0.0006217372448507894 0.2749480857652593
1.108623815979033 0.6004912546802058 4616.728394384455 3.0833096832686734e-05 0.39102527183056196
1.3644139534507844 0.5404665910813442 4533.14600566849 -0.0008687820334537718 0.729665019697316
1.3644139534507844 0.5404665910813442 4533.14600566849 -0.0008687820334537718 0.729665019697316
1.520932803316986 0.613252635052675 4090.078121166545 0.0006050904269026173 0.8722277879942442
1.556272447699265 0.6205713651380643 4234.125627497154 2.4407145023616165e-05 0.8249751917701943
1.556272447699265 0.6205713651380643 4234.125627497154 2.4407145023616165e-05 0.8249751917701943
1.3757692825556993 0.5752881492218003 4483.961665199333 8.276078692418615e-05 0.7859244333457635
1.3176096220325832 0.5715115099683572 4932.212708841522 -0.0003282917026992281 0.6603359303126339
1.3176096220325832 0.5715115099683572 4932.212708841522 -0.0003282917026992281 0.6603359303126339
1.3839348210603655 0.6604961587692288 4914.330776423994 -0.0007863173167175231 0.8255905359267806
1.3839348210603655 0.6604961587692288 4914.330776423994 -0.0007863173167175231 0.8255905359267806
1.1886089545091458 0.725722803156827 4822.4096649609155 -0.0004903540073812829 0.33965226133171256
1.1886089545091458 0.725722803156827 4822.4096649609155 -0.0004903540073812829 0.33965226133171256
1.0688475755502929 0.6682826926125726 4453.326152237136 0.00014741651541983356 0.2790214713030893
1.3800528372500769 0.6157793084035401 4918.850479951536 -0.0002516739599252834 0.8101305114680986
1.3353201763705957 0.6853099706325353 4390.467897420611 0.0005233718541345426 0.8250209848640015
1.272238519737351 0.5718428820975692 4781.226627333476 -0.0005798474613969186 0.6875391810256711
1.272238519737351 0.5718428820975692 4781.226627333476 -0.0005798474613969186 0.6875391810256711
1.3854928817246202 0.6098025651206509 4191.943860633069 0.0004419847148380339 0.8343665559646484
1.3764224015605189 0.5838820863505347 4684.432288727166 0.000389638667497994 0.8012847313954989
1.366756449608269 0.5834144969391745 4503.637553923929 -0.00034782854734553863 0.8207395417183572
1.2329525185657322 0.6080175432363939 4971.629159682579 0.00014444126455777852 0.48060984845400817
1.2485661945465918 0.6616019801600543 4318.792971688503 0.0006658104386502459 0.817547018437507
1.367748633537659 0.7249817143062367 4445.298311556629 -0.0003387238783040726 0.9411975394059928
1.2084933138706262 0.5515100427978576 4889.74918202245 0.0002549808870358003 0.4979633788985914
1.3076167559934866 0.63938499476494 4267.039356172242 -2.6398915969524486e-05 0.8048899820272367
1.3076167559934866 0.63938499476494 4267.039356172242 -2.6398915969524486e-05 0.8048899820272367
1.3416968392320228 0.6502576461737601 4675.604503430593 -0.00041427992591014563 0.8976222584180862
1.4263520059258852 0.622590781994752 4474.138068871128 0.0006088692475665536 0.7866752901049177
1.475285999471457 0.6190843298861851 4112.47361880271 0.00020166431248210578 0.8413932708091045
1.388239185766247 0.6780446952209049 4369.3858929813805 -0.00034226893673742977 0.9424188893969102
1.388239185766247 0.6780446952209049 4369.3858929813805 -0.00034226893673742977 0.9424188893969102
1.2956345446939612 0.6315727717238624 4482.727299233681 -0.0004716507668194489 0.8013310250642738
1.3885461564280654 0.6063411834671343 4095.3753703752764 -0.00037086086322508135 0.7265235179387874
1.418027037847875 0.5442510144146983 4306.807760540995 0.00011580222868526327 0.8075193380197692
1.386877417138865 0.5854321098896602 4449.868205303394 0.0003479526693111889 0.858010532948109
1.1942372160993813 0.6431962150535364 4266.215729381564 0.0007412244203424123 0.3142080822597929
1.1693950420671138 0.6268911617808715 4621.57810182655 -0.00025701195982509085 0.3304351817653406
1.1693950420671138 0.6268911617808715 4621.57810182655 -0.00025701195982509085 0.3304351817653406
1.23641577127206 0.6202289150702864 4250.690741783286 7.40555072325653e-05 0.6724292204583056
1.150452863103943 0.6293217086092645 4908.537946173871 0.0006541898405919735 0.43890396169395335
1.150452863103943 0.6293217086092645 4908.537946173871 0.0006541898405919735 0.43890396169395335
1.5268254812660116 0.6268069315625975 4304.47309231691 -0.00012593448441796098 0.8778246799490788
0.9699248647075632 0.6265404210403478 4801.931668208218 0.0002474947275858032 0.27513442989282993
1.0441571403019048 0.6606700020211067 4929.884841255259 -6.749100273490044e-05 0.2753850506289926
1.2972514447358212 0.5563584444512168 4832.571996773847 0.0006966590337697584 0.7364234873983001
1.4528295559048536 0.6426403733759318 4907.090313919385 9.306454395264301e-05 0.8745497953864463
1.3981689811986784 0.5820314132273746 4777.72094893293 -1.4843441717688022e-05 0.8653318479910121
1.3981689811986784 0.5820314132273746 4777.72094893293 -1.4843441717688022e-05 0.8653318479910121
1.440958985354221 0.62752287232914 4926.403106327796 -8.426467225675151e-07 0.9912058960180118
1.440958985354221 0.62752287232914 4926.403106327796 -8.426467225675151e-07 0.9912058960180118
1.0634668350219727 0.6608225628733635 4923.375952541828 -0.00013876940510386702 0.3073427081108093
1.4378144198596274 0.6526587721250585 4271.264818613943 0.00019957226872655473 0.9212995632541752
1.4378144198596274 0.6526587721250585 4271.264818613943 0.00019957226872655473 0.9212995632541752
1.26576557113292 0.6004991790554187 4815.00027980522 -0.0004108430459829138 0.5213008281523211
1.4033097488306345 0.6215413015186091 4624.241645480179 6.43754943745316e-05 0.8387705713138662
1.4033097488306345 0.6215413015186091 4624.241645480179 6.43754943745316e-05 0.8387705713138662
1.3929197845980639 0.6067007734670391 4126.62105983572 -0.0003270670790646041 0.7026501533477411
1.3224024779799066 0.6540622592757034 4236.179338784229 -0.0003330000346963929 0.5924878858898261
1.2653225074213819 0.6279268837172365 4565.1016093850385 -0.00018628811601715888 0.650818475573379
1.3550890530436637 0.5833836914438905 4259.688652883602 0.00017704974613405266 0.8450371828852137
1.3089968461642592 0.5614935620678603 4761.832175155265 0.0006241389258420863 0.7143135066269859
1.452877117186426 0.6379418610035591 4053.2135642247067 -0.00013630984393270997 0.9285926853121903
1.452877117186426 0.6379418610035591 4053.2135642247067 -0.00013630984393270997 0.9285926853121903
1.0953063364589202 0.6524592286850779 4656.440792876218 0.00015207187798159765 0.2847437863736443
1.0953063364589202 0.6524592286850779 4656.440792876218 0.00015207187798159765 0.2847437863736443
1.364148585795395 0.5983354676717214 4784.796663362854 0.0003548813047882857 0.6926773557514575
1.1346087555014432 0.7123103987193766 4925.265277186714 -0.00013171415577867363 0.35375626707774477
1.0762338738349095 0.5820741984054252 4991.506670741243 0.0001835852460501559 0.2983009954108619
1.3698184239172604 0.6515989779314786 4961.253868187952 0.0007455759397801108 0.8092886048412329
1.5004382570686112 0.6251695361206386 3979.706213965858 -8.954012675151941e-06 0.8775563490868831
1.28447040682644 0.6944940691144441 4421.140718940951 -0.00019844708029874563 0.6303218399372202
1.28447040682644 0.6944940691144441 4421.140718940951 -0.00019844708029874563 0.6303218399372202
1.3902738940520014 0.6413779032148756 4221.546744383553 0.00014452242529378522 0.8380761609721876
1.108488843849964 0.6439177702531323 4484.525809827797 5.421199074765899e-06 0.33543411738377793
1.108488843849964 0.6439177702531323 4484.525809827797 5.421199074765899e-06 0.33543411738377793
1.0038974292928389 0.65550554852228 4974.060640494008 0.00040810259571113117 0.28486250400714314
1.3942373311473952 0.5254477955595547 4921.158450825884 0.00042938910468945173 0.7347248642786187
1.1960534115554025 0.6461080031315881 4369.8567785813775 0.000144904546385797 0.3339068682472879
1.301203439156104 0.6936129963386238 4824.761020146068 -0.00034551644832234727 0.8156784457287486
1.1622255631041658 0.63114783643573 4825.755499483184 -9.518515035806308e-06 0.345490337218632
1.1622255631041658 0.63114783643573 4825.755499483184 -9.518515035806308e-06 0.345490337218632
1.272374097094152 0.7107886892295137 4991.8375226787675 5.3510737399149125e-06 0.6883143810448903
1.272374097094152 0.7107886892295137 4991.8375226787675 5.3510737399149125e-06 0.6883143810448903
1.405629528618487 0.5635638508428682 4874.423513100355 -0.00046200510264046945 0.8208574493075262
1.2651761114595197 0.6739346895713606 4865.960846670865 1.2231646912105819e-05 0.39855670821311234
1.3034563132656996 0.6951968529450434 4710.62511032974 0.0001372370707162751 0.9262725757952459
1.209850203966679 0.607062753225219 4668.459882240851 -0.00018762930103271623 0.3985663674878086
1.3667686095979399 0.5387866122344893 4693.628379512503 -0.0005808470995758327 0.7185641001654838
1.3667686095979399 0.5387866122344893 4693.628379512503 -0.0005808470995758327 0.7185641001654838
1.2129003169470343 0.692746450651162 4541.13306526327 0.000537804530586796 0.6828308678241406
1.2129003169470343 0.692746450651162 4541.13306526327 0.000537804530586796 0.6828308678241406
1.3635274329645148 0.6157183968365219 4176.334263996137 -0.00015755549578611312 0.8032475140859021
1.3635274329645148 0.6157183968365219 4176.334263996137 -0.00015755549578611312 0.8032475140859021
1.1972074435233813 0.6081552663505265 4084.521311553957 0.0002124156608545413 0.4315803599695797
1.1972074435233813 0.6081552663505265 4084.521311553957 0.0002124156608545413 0.4315803599695797
1.2016350674817946 0.5512886921069315 4809.339743388456 0.00034738271022054554 0.6880150839140824
1.4054137613204893 0.6081217283937369 4255.847798549595 -0.0001116038848960622 0.7242913405412309
1.3645059977568326 0.650776489568609 4695.956932207433 -0.000319909892990384 0.8276808568297658
1.3645059977568326 0.650776489568609 4695.956932207433 -0.000319909892990384 0.8276808568297658
1.3204234573047602 0.6371659008355369 4774.418362440681 6.924273449063869e-05 0.4855090699264217
1.3204234573047602 0.6371659008355369 4774.418362440681 6.924273449063869e-05 0.4855090699264217
1.2229762793679921 0.6559255298946349 4687.0704171361685 -0.00036216653236580403 0.5275522262296313
1.49794180937502 0.6547916285463142 4657.894520982756 -0.00012316022335848812 0.9043522028519533
1.2696656543769014 0.5718197213462738 4884.111893218572 -0.00015515001205138236 0.749509852392006
1.2696656543769014 0.5718197213462738 4884.111893218572 -0.00015515001205138236 0.749509852392006
1.1271712030983883 0.6702870000264454 4834.815563990291 0.0007724304862389644 0.3412592122030278
1.4987718714348877 0.6297656309296789 4089.6971433419185 1.5125887869047877e-05 0.8399797190631766
1.2199958458272884 0.6655690904755658 4492.024747746766 0.00010850029822010468 0.3409210179067728
1.2199958458272884 0.6655690904755658 4492.024747746766 0.00010850029822010468 0.3409210179067728
1.3344219897118412 0.5929458922700563 4782.9419199239055 0.00022105735958362281 0.8385793525430669
1.3709907224854985 0.6266750850352145 4489.249174503001 -9.76451466500754e-05 0.7533765772698812
1.3709907224854985 0.6266750850352145 4489.249174503001 -9.76451466500754e-05 0.7533765772698812
1.2106637994570644 0.6076871231294974 4883.964590061276 0.0005788369482365569 0.6636979017399307
1.2106637994570644 0.6076871231294974 4883.964590061276 0.0005788369482365569 0.6636979017399307
1.4675131486874724 0.6728117555697632 4709.938959459384 -0.00038464441914771904 0.8943133037252717
1.4675131486874724 0.6728117555697632 4709.938959459384 -0.00038464441914771904 0.8943133037252717
1.3704748232838637 0.6288560897151525 4606.335709629189 -0.0003590356959647774 0.801629549724242
1.3337787350146142 0.5850414282050911 4046.485490951833 0.0003481737026842994 0.7394741716393098
1.2833421841681056 0.7001214757830445 4859.480786581571 -0.00040058317509579955 0.86715248179339
1.2833421841681056 0.7001214757830445 4859.480786581571 -0.00040058317509579955 0.86715248179339
1.3993794968151958 0.6418979414274557 3934.6389816586498 -8.096633502660021e-05 0.8296003925462629
1.453435653047468 0.5484830710287042 4731.152787981822 0.00013067594835648483 0.7547070207855274
1.453435653047468 0.5484830710287042 4731.152787981822 0.00013067594835648483 0.7547070207855274
1.2617777608697456 0.5888972495993723 4890.048389128395 5.419169747766305e-05 0.6848175082524095
1.401963421643242 0.5889128401270536 4792.2529620441865 -0.0001856103776579107 0.6688766326198022
1.2547905962502068 0.557653301070336 4995.475431796724 -0.00019386157814487738 0.7346486322715144
1.3349999135065613 0.5991878779478383 4366.163774337889 1.8005717869475518e-05 0.5924663955031174
1.3359955671245554 0.5673649376826347 4386.313628499139 0.00016754360481146012 0.7311636968227453
1.412966325717345 0.5795026398221641 4451.411394935364 0.0003990428363128512 0.7740091000048084
1.3899385677228326 0.6146935243459903 4056.176373282251 0.000138646753528467 0.7998057007107842
1.2154541569085229 0.639554771544256 4090.3408075140724 -0.00018029382379590683 0.315254463893883
1.197237824657071 0.5559037672520942 4456.414202259561 -0.00028811390170511015 0.622890216713719
1.068844967666398 0.7018783542819957 4832.61476579661 -0.00034121441040963624 0.28773844581113445
1.068844967666398 0.7018783542819957 4832.61476579661 -0.00034121441040963624 0.28773844581113445
1.0222710344341048 0.6420889518925412 4809.580180992242 -0.0002615966673063648 0.2704354510430864
1.0801946396263822 0.5930943733676983 4908.149058291398 0.00032075793781409967 0.29692333117723063
1.0801946396263822 0.5930943733676983 4908.149058291398 0.00032075793781409967 0.29692333117723063
1.363314812094355 0.626320533108341 4519.58029824171 -0.00038653349607241225 0.862855021902601
1.363314812094355 0.626320533108341 4519.58029824171 -0.00038653349607241225 0.862855021902601
1.4840815628344424 0.5811767423705175 4540.65063882746 0.00025811480456788567 0.804397333192634
1.3434118417530239 0.6191877434339548 4218.145349251054 -0.0005085584444637018 0.8065666469509942
1.3434118417530239 0.6191877434339548 4218.145349251054 -0.0005085584444637018 0.8065666469509942
1.249378295914662 0.5869355463530701 4796.695555986078 0.0004106561627004693 0.5466744520434726
1.249378295914662 0.5869355463530701 4796.695555986078 0.0004106561627004693 0.5466744520434726
1.3162590036278212 0.6113134423098007 4886.220952875201 0.00025454778513780583 0.9004575158915387
1.3162590036278212 0.6113134423098007 4886.220952875201 0.00025454778513780583 0.9004575158915387
1.0169207248193732 0.59970966455947 4650.275471077286 -4.689280644211681e-05 0.29163153017235277
1.0169207248193732 0.59970966455947 4650.275471077286 -4.689280644211681e-05 0.29163153017235277
1.1417691931468634 0.6381315912039196 4572.5801950476 -0.0001703887720094239 0.2784627328923554
1.3939177864991377 0.6069713573756108 4581.936202398866 -0.000246187300036946 0.8495011445712825
1.3939177864991377 0.6069713573756108 4581.936202398866 -0.000246187300036946 0.8495011445712825
1.1978081703186036 0.6088918745517731 4560.481570780277 -0.0001871762710294052 0.34160906076431274
1.1978081703186036 0.6088918745517731 4560.481570780277 -0.0001871762710294052 0.34160906076431274
1.3195516822547275 0.5332500741882926 4896.145652452882 0.00020713217431137825 0.771863811487182
1.3195516822547275 0.5332500741882926 4896.145652452882 0.00020713217431137825 0.771863811487182
1.2189234051345808 0.6469360672035629 4625.07610796379 3.796025119903886e-05 0.6598485505999099
1.3296488551076262 0.5933066322221185 4489.545765777459 0.00013067699421026021 0.6751860931633726
1.3175352344066686 0.6432655990113934 4362.950248756296 -0.0006805449673236486 0.7089586079397453
1.2579602577180033 0.6025267152873764 4450.284496257319 -0.0004015562465348931 0.5415568105861718
1.2579602577180033 0.6025267152873764 4450.284496257319 -0.0004015562465348931 0.5415568105861718
1.1784064918585397 0.644303798562753 4385.209351612089 -0.0005817186927501123 0.27862522970211967
1.1784064918585397 0.644303798562753 4385.209351612089 -0.0005817186927501123 0.27862522970211967
1.3809976014936582 0.618620377696703 4709.428462785174 0.0004797989478457077 0.8556959705081921
1.0435797590532203 0.61823562689509 4669.7763855010835 -9.080099863414307e-05 0.2882334581790114
1.1084686673326787 0.7015833222670029 4981.028243396208 0.00041059360862628094 0.3500950975021608
1.1084686673326787 0.7015833222670029 4981.028243396208 0.00041059360862628094 0.3500950975021608
1.2583571053590532 0.5724326988415875 4428.1212984033455 0.0004741899944465072 0.502754691249049
1.349959296024037 0.6569943561304399 4080.4211593711334 -5.906827106017385e-05 0.6345146034042978
1.1277021134108804 0.6031774131508328 4659.230231309944 0.00016312762530502456 0.31626638960782105
1.262838222901569 0.6073953552609735 4670.571886626128 -0.0001355852495025211 0.7949159871902369
1.3049333634340958 0.6593691033774162 4489.244669597418 -9.190748824735284e-06 0.9088036776256649
1.373886610027676 0.5999374805037287 4038.295011122522 0.0003417940832202925 0.8145181657342246
1.373886610027676 0.5999374805037287 4038.295011122522 0.0003417940832202925 0.8145181657342246
1.1391269729623001 0.6117113738599279 4772.492872541398 -0.00037058901680634 0.3375602949607732
1.2777177336511634 0.6345162227568287 4731.458959185981 0.0002472193744754023 0.7393746291540418
1.375081327934264 0.5301393215298091 4182.643894509598 -8.751694167820977e-05 0.7329726196566961
1.3174274719915182 0.5599602638123677 4337.7580557282345 0.0004540754565237057 0.6804597934366334
1.391255453638797 0.5771226861398444 4765.970240281806 -0.0004906028973182476 0.7384011679959557
1.391255453638797 0.5771226861398444 4765.970240281806 -0.0004906028973182476 0.7384011679959557
1.3008557042288271 0.5484480833497306 4925.050052556507 -1.6233669833560484e-05 0.6745244457642086
1.3008557042288271 0.5484480833497306 4925.050052556507 -1.6233669833560484e-05 0.6745244457642086
1.4797594497379793 0.6229600075275061 4201.684897807236 0.0004838040378082908 0.7949541786732435
1.348668176806047 0.6096999357618806 4512.708752057505 -0.0001874674251570982 0.802636390765824
1.3846810581206164 0.5468114193919589 4162.486846035521 -0.0004976012735331585 0.7725847543642272
1.3084747652249837 0.6019814076490968 4838.691772385317 -0.0003419629705231232 0.7162937099974294
1.3084747652249837 0.6019814076490968 4838.691772385317 -0.0003419629705231232 0.7162937099974294
1.3491986216436709 0.5923646162848688 4987.941946044695 0.0008378256268239694 0.5939926544895526
1.3491986216436709 0.5923646162848688 4987.941946044695 0.0008378256268239694 0.5939926544895526
1.2848397134165352 0.5791535954029585 4443.877671232785 -0.0006440882029285579 0.8140694671017644
1.4243566374465373 0.6300091303057314 4208.713109573062 -0.0001391618352248124 0.8148430175172099
1.3965507632409737 0.6527672707474813 4685.237937911747 -0.00026079480275118715 0.8795583321617029
1.4161508269444205 0.6466428837794903 3956.7253074837813 0.0006923797182227136 0.8762396740107452
1.3771741572613325 0.5905096070440935 4080.199451076125 0.0005235799805659464 0.6826142064724326
1.3624257392426207 0.6693910063794257 4264.860008113183 -0.0001892106530275068 0.7058817773816972
1.4449988833322873 0.6114645617504836 4300.848839724436 0.0005694333216674209 0.7097324297179448
1.360164002822141 0.6343772572830738 4585.817145759762 0.0004267091836108585 0.5383910254667699
1.360164002822141 0.6343772572830738 4585.817145759762 0.0004267091836108585 0.5383910254667699
1.2690762010305865 0.5995941273646208 4420.922928173905 -0.00023284361591723656 0.6548931404234243
1.4296492789385522 0.5848232691344943 4637.185263843362 0.000246548461545909 0.7950360673128862
1.4296492789385522 0.5848232691344943 4637.185263843362 0.000246548461545909 0.7950360673128862
1.2642164119333064 0.6882198059325583 4727.480865704557 0.0008649525137802293 0.5974429854937923
1.2008558033472942 0.7096081329847032 4691.856833982577 2.1358449728451675e-05 0.41303651783099216
1.2008558033472942 0.7096081329847032 4691.856833982577 2.1358449728451675e-05 0.41303651783099216
1.2698313918423234 0.592905735077764 4924.683203357785 2.2745219011796447e-05 0.7811384282553764
1.2698313918423234 0.592905735077764 4924.683203357785 2.2745219011796447e-05 0.7811384282553764
1.3205560960191904 0.6069706276554429 4673.234211980809 2.4135778755482892e-05 0.8135494282250918
1.2949660610128457 0.6653002053188264 4622.075800746642 0.00018516422527485729 0.7506699970089757
1.2949660610128457 0.6653002053188264 4622.075800746642 0.00018516422527485729 0.7506699970089757
1.185442137768006 0.6796097051109673 4808.048911057329 0.0005528997771989835 0.5577900378795693
1.185442137768006 0.6796097051109673 4808.048911057329 0.0005528997771989835 0.5577900378795693
1.4320500422115092 0.6659717998860488 4655.8059475533155 0.0003746224656595435 0.9530365251705407
1.4179177836675785 0.6316114510485702 4302.021094001604 0.0002000580896455933 0.8390553944521503
1.3179981534004095 0.6709254925234354 4053.923324874905 -0.00033454965445075326 0.5644215122875063
1.3179981534004095 0.6709254925234354 4053.923324874905 -0.00033454965445075326 0.5644215122875063
1.4263641553654653 0.6426259368233098 4959.467753221034 -4.5965060534893495e-05 0.9280080292416253
1.310211420059204 0.6245158761739731 4250.951467394829 -0.000273820315997982 0.7946673631668091
1.310211420059204 0.6245158761739731 4250.951467394829 -0.000273820315997982 0.7946673631668091
1.3303370028876174 0.6001327590190997 4521.52647158738 -5.058466884367826e-05 0.8228078024135497
1.1107036260297387 0.6210950252045416 4938.0210553668585 0.0009411138512058455 0.2713225973405007
1.1107036260297387 0.6210950252045416 4938.0210553668585 0.0009411138512058455 0.2713225973405007
1.2900037222955498 0.6623860567083423 4258.34035153654 1.4149103201571559e-05 0.7693920585168504
1.2900037222955498 0.6623860567083423 4258.34035153654 1.4149103201571559e-05 0.7693920585168504
1.2637993789319255 0.7419726742759526 4303.870360923822 2.601026422114402e-05 0.8445342300064163
1.2637993789319255 0.7419726742759526 4303.870360923822 2.601026422114402e-05 0.8445342300064163
1.2590362263206674 0.7106721284169022 4977.710723333664 0.00021977333108152104 0.6787455642884936
1.2548033771121936 0.6183274084992566 4714.629857126352 -0.0007976320858104791 0.6453114044169689
1.3560633221285716 0.6454398944231943 4693.5454134979445 0.00012043821347027846 0.8257709304708515
1.3560633221285716 0.6454398944231943 4693.5454134979445 0.00012043821347027846 0.8257709304708515
1.4214331488957463 0.6023171471685601 4901.668201836993 -0.00043823822289778457 0.8684129923489299
1.3229471148842689 0.566885686864941 4918.802813190218 -0.0001380825322021028 0.8475993052836164
1.2956895328846862 0.6837950955707526 4897.127911939506 -0.0004158592040840749 0.8965960391137482
1.4456552073354618 0.6718804005698784 4671.839914649862 -7.950649498996412e-05 0.9843128708448043
1.5453211076829825 0.6396299064434345 4468.033395124599 9.803465460592052e-06 0.7784286160373413
1.5453211076829825 0.6396299064434345 4468.033395124599 9.803465460592052e-06 0.7784286160373413
1.3823352574672643 0.6783212032368418 4181.806097041912 0.000798383055442329 0.9538548434887548
1.231687926689053 0.5910743282033575 4573.911961607778 0.0004516620771347017 0.6552527972590181
1.231687926689053 0.5910743282033575 4573.911961607778 0.0004516620771347017 0.6552527972590181
1.4598013194894615 0.5697722851469667 4719.921263296307 0.00015856135871051153 0.7728266634129453
1.4598013194894615 0.5697722851469667 4719.921263296307 0.00015856135871051153 0.7728266634129453
1.346433874059992 0.5557607486304847 4977.347529386078 -0.0003351033892413365 0.7945479383761765
1.346433874059992 0.5557607486304847 4977.347529386078 -0.0003351033892413365 0.7945479383761765
1.3000029202097774 0.6488067978493232 4979.699768819953 0.0008095676689167796 0.8829595885665814
1.3000029202097774 0.6488067978493232 4979.699768819953 0.0008095676689167796 0.8829595885665814
1.372940914748713 0.6566697722044819 4181.769546768382 -0.00036236067603984394 0.8184123613981881
1.3786524411587533 0.6190481541637125 4395.506154844015 0.0008439652073746017 0.8770909058307329
1.406477343538121 0.5882961947278454 4665.352218532017 0.00017954986437062725 0.769540789675325
1.406477343538121 0.5882961947278454 4665.352218532017 0.00017954986437062725 0.769540789675325
1.281221758075342 0.690773739301878 4801.148333325986 -0.0004526623661360301 0.9544439520974037
1.1726360453210976 0.6967506840210083 4959.046272030632 0.00041353564164870696 0.33771381555126007
1.1726360453210976 0.6967506840210083 4959.046272030632 0.00041353564164870696 0.33771381555126007
1.3678073220603704 0.6867899928170556 4510.966130703192 -0.00013522162574844412 0.7547577467882025
1.3678073220603704 0.6867899928170556 4510.966130703192 -0.00013522162574844412 0.7547577467882025
1.2257484611992489 0.6413825875714034 4439.303758920154 0.0001062195737003897 0.7183805706435717
1.2257484611992489 0.6413825875714034 4439.303758920154 0.0001062195737003897 0.7183805706435717
1.4604984803061867 0.6101171231117941 3942.9073543309605 -0.00015784173052375912 0.7969807132525646
1.4604984803061867 0.6101171231117941 3942.9073543309605 -0.00015784173052375912 0.7969807132525646
1.2679201950761567 0.5973365435478747 4800.472709405737 -0.00030357924250114303 0.7740743154704235
1.368777962662424 0.6563783512583439 4802.85323002264 -0.00041409102045273825 0.8091109926880267
1.368777962662424 0.6563783512583439 4802.85323002264 -0.00041409102045273825 0.8091109926880267
1.2533888130528403 0.6511099726621021 4262.964927043961 0.00044792731508096906 0.8157499853536612
1.2533888130528403 0.6511099726621021 4262.964927043961 0.00044792731508096906 0.8157499853536612
1.407166487419731 0.6497606251239009 4157.018288365876 -0.0001767807076367218 0.8940658901836256
1.11850323677063 0.6818467527627945 4576.522898197174 -0.00013615252833302786 0.3200882077217102
1.3350888499214402 0.7013279595155264 4476.656571294763 -4.497107832261904e-05 0.7857280903215935
1.3350888499214402 0.7013279595155264 4476.656571294763 -4.497107832261904e-05 0.7857280903215935
1.277143929693012 0.6268821805960743 4311.346111853581 4.2844080665057585e-05 0.6906418341359394
1.277143929693012 0.6268821805960743 4311.346111853581 4.2844080665057585e-05 0.6906418341359394
1.3883150728606912 0.6023586201522648 4874.301536561794 -8.835053238947221e-06 0.6886496670285204
1.226239114641233 0.6697458518604144 4340.473781425657 0.0007230175007966497 0.8798569171150045
1.3806919166953366 0.6449257966787153 4141.830806642299 0.0005684499336298286 0.8053190658868832
1.3440137941358055 0.5631948459735175 4876.613543591379 -0.00018652074996499361 0.8102517497300274
1.2138982014039303 0.588962211091411 4991.855286528952 0.00021161523718589984 0.41658619929486224
1.0801070689504162 0.6861478819412885 4847.7040876902265 -2.3556425405522145e-05 0.3207980508655784
1.461372928815093 0.634022231687893 4366.802103745198 0.0006109392620484085 0.7949369858229233
1.2985288932498362 0.6112987766674711 4735.221472586973 -0.0003779027297810759 0.794501596615333
1.3920845272729152 0.620080353018206 4332.661064161606 0.0001759450565367486 0.8107554550511663
1.3920845272729152 0.620080353018206 4332.661064161606 0.0001759450565367486 0.8107554550511663
1.3123548230419626 0.6766601278628367 4805.442288262515 0.0003951247259828823 0.9696825328644578
1.307859811081371 0.7335579596466593 4056.193186689193 0.000254438119708519 0.5247863453016772
1.3152091837528572 0.5800690478637713 4923.7644683477565 0.0008589333600819463 0.6762562851064067
1.2901673844760166 0.6771440199361161 4402.571965115645 0.00027296629689424153 0.7497858460479897
1.3906162459860412 0.6458962836453648 4537.145780897838 0.00032621321836807753 0.7731900284119064
1.3906162459860412 0.6458962836453648 4537.145780897838 0.00032621321836807753 0.7731900284119064
1.227178189488827 0.6605800398157157 4363.378224203006 -0.00019374941671183976 0.43131032821256565
1.0599158598352776 0.6065312926649472 4566.420790040071 -0.00035728080796807517 0.2686732721720753
1.3039696447800009 0.6048490900346981 4038.004322697602 -0.0006802838827439651 0.7575548000778686
1.3387020587920158 0.6518228939900874 4943.7522790765215 0.0001881492853473286 0.8328587197723365
1.343667815475515 0.5525195405007663 4741.737216685822 0.00012649994065402515 0.7345920459026856
1.343667815475515 0.5525195405007663 4741.737216685822 0.00012649994065402515 0.7345920459026856
1.1832372548900638 0.6339384676182017 4925.208991047858 -0.00020044103250144285 0.38125773823873155
1.2956545306944274 0.6198344798743585 4816.024153760641 0.00040969451032164773 0.8717258789990668
1.0749064446743297 0.5867842832679704 4824.019687490724 -0.00013655385241262026 0.28379295325020726
1.0749064446743297 0.5867842832679704 4824.019687490724 -0.00013655385241262026 0.28379295325020726
1.3162379892017022 0.6624073106093117 4441.239479139382 -3.137552013949628e-05 0.885776601036983
1.3162379892017022 0.6624073106093117 4441.239479139382 -3.137552013949628e-05 0.885776601036983
1.4716188045502563 0.667708067451008 4773.284161055145 -0.0005657493718468799 0.968085173477979
1.368126018251369 0.651937614990243 4682.937201752876 0.0005808737443472197 0.7971677566067839
1.4504070039437704 0.61514185583096 4856.057798553855 -8.686563466385889e-05 0.8107461638819007
1.3323278122040616 0.5982119987373316 4233.6168842831 0.00014741532078011305 0.8119480162022022
1.3323278122040616 0.5982119987373316 4233.6168842831 0.00014741532078011305 0.8119480162022022
1.1040390908788003 0.6477900868054118 4961.480718437614 0.0010898935593077778 0.2797940988442901
1.1040390908788003 0.6477900868054118 4961.480718437614 0.0010898935593077778 0.2797940988442901
1.29904768851022 0.5831679317476719 4522.667575640876 0.00021327343494827804 0.7659511977977717
1.29904768851022 0.5831679317476719 4522.667575640876 0.00021327343494827804 0.7659511977977717
1.393116484490716 0.6074706861648788 4462.005846754554 -0.00013634682622596237 0.7793736951500554
1.393116484490716 0.6074706861648788 4462.005846754554 -0.00013634682622596237 0.7793736951500554
1.2552299227330765 0.6077095856251087 4705.669942926737 -0.0002607920835710852 0.7780328690929215
1.2552299227330765 0.6077095856251087 4705.669942926737 -0.0002607920835710852 0.7780328690929215
1.3221542652239064 0.5932706076697032 4725.756049601084 0.0005194673312713396 0.6370539914210012
1.3098054887531212 0.5696734276123452 4805.0642135968565 -0.0003760865509930696 0.7770609570452994
1.3492028223840253 0.6892221592527907 4593.076708166313 0.0006598671354996501 0.8520674163694522
1.3492028223840253 0.6892221592527907 4593.076708166313 0.0006598671354996501 0.8520674163694522
1.4206741822196318 0.5907183540302784 4777.190998419842 0.0006863509863592941 0.6560655567405849
1.1186938002140132 0.6358516024041846 4890.2926386258805 0.00016317853037511922 0.31189986517369295
1.2169980713492954 0.6958521973278071 4924.027511373935 0.00045595325219880057 0.6187144219160859
1.2169980713492954 0.6958521973278071 4924.027511373935 0.00045595325219880057 0.6187144219160859
1.2154185490666163 0.6341735741385992 4629.026142525505 6.072469481991575e-05 0.4803375389645268
1.1656983522464668 0.6408349387025951 4953.761900951253 -0.0006743532770227985 0.3505808445745377
1.1656983522464668 0.6408349387025951 4953.761900951253 -0.0006743532770227985 0.3505808445745377
1.2405069300655973 0.5701393479372854 4937.342385334384 0.000511836101384393 0.6096522851057737
1.2685383981373866 0.6912295166025695 4695.369328919957 0.0005900011236455811 0.6797220591267201
1.2685383981373866 0.6912295166025695 4695.369328919957 0.0005900011236455811 0.6797220591267201
1.4143143396405038 0.6019310657114503 4122.286453641344 -0.00025268727241861135 0.7390632146861968
1.2920326479770075 0.574108982804193 4988.614016906068 -9.482774166187209e-05 0.7064537897477672
1.2804644559519023 0.5459718149987738 4722.512365102176 0.0002958280366941304 0.7528378546531935
1.2804644559519023 0.5459718149987738 4722.512365102176 0.0002958280366941304 0.7528378546531935
1.3342550282338126 0.6082094826005716 4779.855298491449 0.00010377205934404268 0.662923328949999
1.2612934012420887 0.6680883926050767 4758.866075219956 -0.00014112712139205437 0.8558154060161292
1.2489977385296855 0.674459488954733 4732.499178828904 -0.0006883402356515798 0.49033103816925155
1.2489977385296855 0.674459488954733 4732.499178828904 -0.0006883402356515798 0.49033103816925155
1.209672372441351 0.6310668879765974 4421.722263473699 -2.9269561384720957e-05 0.3731405841466988
1.372597609185496 0.6794346792733297 4379.926436586397 -0.0006752829536314926 0.6931787736980192
1.372597609185496 0.6794346792733297 4379.926436586397 -0.0006752829536314926 0.6931787736980192
1.3590105526025689 0.6878304587781202 4703.056812457562 -3.6445489255664324e-05 0.9594176079770023
1.3055622613002003 0.6647017702234969 4571.013991231991 0.0006018493407875288 0.7545042397988873
1.1366746050714007 0.6625697979328021 4286.853539415455 3.426592275842827e-05 0.3253021809384555
1.1366746050714007 0.6625697979328021 4286.853539415455 3.426592275842827e-05 0.3253021809384555
1.3817623405996713 0.5815535194438828 4833.789459324097 -0.00043221772902082335 0.8007062366505939
1.239423734561031 0.6250773275671705 4483.551018634041 0.00020793048358876405 0.6502538242626519
1.368315632379037 0.6387633735124196 4328.411849309023 0.0006437132200746522 0.7443232439077544
1.368315632379037 0.6387633735124196 4328.411849309023 0.0006437132200746522 0.7443232439077544
1.2768440310269775 0.6484049041838502 4234.753269151622 0.00010352081117952848 0.3496110131513287
1.2768440310269775 0.6484049041838502 4234.753269151622 0.00010352081117952848 0.3496110131513287
1.1812462180092829 0.7276913133146987 4896.40904160175 0.0003386389523252569 0.42500431503612474
1.1812462180092829 0.7276913133146987 4896.40904160175 0.0003386389523252569 0.42500431503612474
1.381646344442303 0.6702178179250896 4655.763307950652 0.0008101947726078763 0.9029900388770966
1.3106313539978576 0.5567120781508824 4828.019130870081 4.8985971616468176e-05 0.7385386361808554
1.3106313539978576 0.5567120781508824 4828.019130870081 4.8985971616468176e-05 0.7385386361808554
1.3764925048432946 0.5891060223230575 4804.494086553613 -0.00043190946161265746 0.8711013131968445
1.3764925048432946 0.5891060223230575 4804.494086553613 -0.00043190946161265746 0.8711013131968445
1.2741665887295812 0.6544499612356492 4718.7473543416845 -0.00026118986056602664 0.6546209956675021
1.3473089774989844 0.5880198384328463 4510.311016578533 0.00027258581790257655 0.7080572007726069
1.39150380077496 0.6274781134645749 4024.907129589293 -0.00013991645102764123 0.6974759448821939
1.4766694517659185 0.6024798684952222 4366.7428838930455 0.00018668268656358807 0.7549371426860623
1.2058686715132874 0.6838332503228978 4556.017469889042 -0.0004643976507006977 0.6423620805278082
1.3107430825480666 0.5694815585328127 4891.249127698396 -0.0003421682590741587 0.6622926216547094
1.3107430825480666 0.5694815585328127 4891.249127698396 -0.0003421682590741587 0.6622926216547094
1.118051000034397 0.69387166890577 4459.085285009363 0.0005027415480353461 0.3297440896748095
1.118051000034397 0.69387166890577 4459.085285009363 0.0005027415480353461 0.3297440896748095
1.3728885587618218 0.6637439517195011 4141.954935791141 -0.00018911829329576726 0.8514811112559074
1.3728885587618218 0.6637439517195011 4141.954935791141 -0.00018911829329576726 0.8514811112559074
1.4161256583938933 0.646128434881625 4199.690032620011 -0.0008484567225954541 0.6868799231450986
1.46277862692745 0.600325760691826 4776.39114317199 -0.0009081086063153516 0.7239856645050078
1.46277862692745 0.600325760691826 4776.39114317199 -0.0009081086063153516 0.7239856645050078
1.4020815006282157 0.5781313998308328 4118.551212888708 -0.00012811445397544667 0.802106081065159
1.199357766416823 0.6026835307028647 4765.864203553958 0.0004681118385843449 0.3897629242439762
1.1566042412751651 0.6732177997732731 4824.463517844268 -0.00027966353987973216 0.34780301581450207
1.0104297416168593 0.6362419640798603 4270.646174424262 -2.491616670733592e-05 0.2618970303311369
1.0104297416168593 0.6362419640798603 4270.646174424262 -2.491616670733592e-05 0.2618970303311369
1.3534365669045978 0.6193551517506342 4239.984135274926 9.53195763436688e-05 0.7791066162882287
1.3534365669045978 0.6193551517506342 4239.984135274926 9.53195763436688e-05 0.7791066162882287
1.027207910287487 0.6037347236843018 4443.427753303123 -0.0004973054576606616 0.30125807806469584
1.027207910287487 0.6037347236843018 4443.427753303123 -0.0004973054576606616 0.30125807806469584
1.4447431518712386 0.672080085531111 4142.664561769009 0.0006119655581695468 0.9271551887792857
1.1825050864493116 0.5717581051677014 4787.332587912981 0.00011256256737280612 0.576546164021553
1.4223313718505948 0.6424142796625276 4238.496557195978 0.0008107679423613027 0.8236758767704092
1.3696387679459485 0.5710347584179905 4168.961056787841 -0.0001268632869184774 0.7507386393111541
1.0399316208240281 0.6417259668560936 4687.315338876174 0.0001435405548576877 0.3028452326183737
1.0399316208240281 0.6417259668560936 4687.315338876174 0.0001435405548576877 0.3028452326183737
1.3613567676687013 0.6222362126162516 4266.824099246177 0.00021973406911045387 0.5562147043814991
1.3613567676687013 0.6222362126162516 4266.824099246177 0.00021973406911045387 0.5562147043814991
1.2599977190937082 0.6860056586725157 4447.337581074101 -8.833871202398322e-05 0.9141774701834968
1.306394831341957 0.6672169818687 4953.544045620931 -0.0002937816492049691 0.8183473205728908
1.2445279742432909 0.5744836387114955 4966.468716559363 -0.0004984425251585078 0.6410978280176869
1.4516241901490576 0.6020603030666765 4427.590084766407 0.00016784404445287674 0.9168330045965263
1.4516241901490576 0.6020603030666765 4427.590084766407 0.00016784404445287674 0.9168330045965263
1.4581290092140367 0.5950601547570726 4604.461881939565 -0.0001475544171058777 0.7041077810337146
1.384820166351104 0.5907187215688908 4548.351753610144 -0.0001723329058221438 0.7670389766669078
1.5289919258049345 0.5710144801786348 4257.105474045406 0.00021550304039971664 0.807539955832591
1.5289919258049345 0.5710144801786348 4257.105474045406 0.00021550304039971664 0.807539955832591
1.4157939321015744 0.6147644786335918 4371.263488524337 -4.6374435078771825e-05 0.8462774733091734
1.4405338481316434 0.6247912266879532 4707.124196183249 -7.165605461693686e-05 0.7521139757475122
1.2408710083497487 0.618077691947585 4915.363371946049 0.0001930421212028682 0.5640600917722742
1.273459803890196 0.6969406472389895 4681.446110309718 0.0004422597437090343 0.9082893924163644
1.273459803890196 0.6969406472389895 4681.446110309718 0.0004422597437090343 0.9082893924163644
1.2315083208753623 0.7363112336118861 4811.545535910492 -0.00023181744908125213 0.5799250618614092
1.392258754017332 0.5697045831036386 4862.111488187519 0.0006988911633256281 0.6846719803071405
1.1821599177665782 0.6641277833294559 4567.982605269691 -0.00016730287511308533 0.4874000951507731
1.1821599177665782 0.6641277833294559 4567.982605269691 -0.00016730287511308533 0.4874000951507731
1.5040678130187106 0.5879568456820211 4633.708713813627 -0.0007493432918309366 0.7853768274777123
1.2749707114660567 0.5849634187878392 4758.781846815319 -0.00035661303084783745 0.8015173151603388
1.2749707114660567 0.5849634187878392 4758.781846815319 -0.00035661303084783745 0.8015173151603388
1.1242050786882247 0.5580993275067684 4929.319814894888 5.499356993223338e-05 0.4427452460707623
1.1242050786882247 0.5580993275067684 4929.319814894888 5.499356993223338e-05 0.4427452460707623
1.4084593404446868 0.6465882749518004 4490.0796231831555 -0.000214721448684073 0.992718016250209
1.554136243622497 0.56672355629879 4212.9531584636925 6.503824370779804e-05 0.7261625915489969
1.1067522699454775 0.6100720258618192 4892.803026117994 0.00028541758170984804 0.27641392033778944
1.1067522699454775 0.6100720258618192 4892.803026117994 0.00028541758170984804 0.27641392033778944
1.3071763103520186 0.6785603622744885 4981.801904423595 -0.00028453114654893697 0.9840062279120348
1.3071763103520186 0.6785603622744885 4981.801904423595 -0.00028453114654893697 0.9840062279120348
1.3087468447922337 0.6508224863304324 4989.200174984454 0.00037029754389365967 0.7446749744043571
1.3087468447922337 0.6508224863304324 4989.200174984454 0.00037029754389365967 0.7446749744043571
1.420518660135924 0.5835394914318381 4497.098559330349 0.0001721266134999233 0.6853898368010523
1.4190110978078672 0.5807352964752379 4168.415028099935 0.0008960941029309884 0.8205892176085101
1.3339861829536108 0.652699184220125 4384.376645078395 0.00039283956530555337 0.48395749280882533
1.3339861829536108 0.652699184220125 4384.376645078395 0.00039283956530555337 0.48395749280882533
1.3108268994741274 0.5319806507387406 4913.973123118648 -0.00043129194905588134 0.7433736038316736
1.254675881664506 0.5758197277386257 4883.227746780945 -0.0003653300427642161 0.6678863445497568
1.254675881664506 0.5758197277386257 4883.227746780945 -0.0003653300427642161 0.6678863445497568
1.3664222078071782 0.5784559255835015 4168.311661078298 0.000595644111295643 0.7307794512427837
1.2592059445956225 0.66127525612755 4503.5509573210375 -0.0004850137223162525 0.6833360321324915
1.2592059445956225 0.66127525612755 4503.5509573210375 -0.0004850137223162525 0.6833360321324915
1.3818616571196898 0.6287958294673122 4685.102928711534 -0.0005054569179230112 0.8500639081841128
1.3818616571196898 0.6287958294673122 4685.102928711534 -0.0005054569179230112 0.8500639081841128
1.2741669648741398 0.6109699352563617 4551.368629034229 0.00013698863958003262 0.519078509926308
1.2741669648741398 0.6109699352563617 4551.368629034229 0.00013698863958003262 0.519078509926308
1.4004510606656542 0.6336671320436628 4379.894822284824 0.0011206937586565372 0.8805401747359661
1.4004510606656542 0.6336671320436628 4379.894822284824 0.0011206937586565372 0.8805401747359661
1.2779023217591257 0.571528279129905 4322.369107165435 -0.0008671103603176917 0.6477378205388845
1.111552889360816 0.6185467937977092 4642.418438495372 0.0003175975540902569 0.3156609566005356
1.111552889360816 0.6185467937977092 4642.418438495372 0.0003175975540902569 0.3156609566005356
1.2921472530605416 0.6701935208146557 4441.631911786 0.0002807007142009016 0.8288853810126006
1.379947733195957 0.6465552200962449 4905.097794997721 0.0008183166072377445 0.9305506813251594
1.3782707858149985 0.619455020362407 4677.015511757769 8.738918561842013e-05 0.8669958658895386
1.3782707858149985 0.619455020362407 4677.015511757769 8.738918561842013e-05 0.8669958658895386
1.3819450603985477 0.6467373619772763 4238.694956224688 0.00017346790186544085 0.7299032044534046
1.3819450603985477 0.6467373619772763 4238.694956224688 0.00017346790186544085 0.7299032044534046
1.3122821280094628 0.6421732994737906 4907.776384648586 -0.0002738721939158877 0.8482376185694491
1.4738297036687718 0.5621373050940068 4122.588973374344 0.0002597782023397281 0.7590108779037394
1.1342702217550897 0.7105931165875715 4779.403767191267 0.0004756603010358152 0.32329313759869205
1.1342702217550897 0.7105931165875715 4779.403767191267 0.0004756603010358152 0.32329313759869205
1.359772169596951 0.6742228521731695 4383.652266777476 -0.0004623241147138017 0.8808940592431734
1.3526915509131185 0.7336281145714503 4597.748617704898 0.0004520865644460625 0.6687775711760109
1.3526915509131185 0.7336281145714503 4597.748617704898 0.0004520865644460625 0.6687775711760109
1.3172583749186333 0.6055420367495132 4918.340232062889 -0.0009174355852153108 0.8687508954760601
1.3172583749186333 0.6055420367495132 4918.340232062889 -0.0009174355852153108 0.8687508954760601
1.40660637326735 0.6558184789443487 4704.914738836844 0.00028245898024541834 0.9472151557730624
1.40660637326735 0.6558184789443487 4704.914738836844 0.00028245898024541834 0.9472151557730624
1.4891076141244368 0.6644003651081056 4784.201169287384 -0.0001851427481246438 0.9452923923682182
1.3632252843889714 0.6453270597438379 4647.192852796986 -0.0002533287859573898 0.8516828731588109
1.2962411985777442 0.6850071558881465 4512.302726593942 -0.00038938169822481044 0.5218832767060422
1.213737204063356 0.6051940598517682 4671.810356112925 -0.00015859475902881527 0.33997734903085236
1.331938189218972 0.5997022875335671 4731.38312387649 0.0004188664854611667 0.8584401680202431
1.331938189218972 0.5997022875335671 4731.38312387649 0.0004188664854611667 0.8584401680202431
1.2773776277039304 0.6496413948301479 4128.060395652718 0.0002407448722926464 0.4825162810381207
1.2664533601523653 0.5978777514308633 4294.487426264307 0.000610630769858969 0.6968127571704397
1.2589239690702474 0.6401139280265472 4814.901048245807 0.0004870258720906062 0.4336289317888312
1.3894225469675012 0.5921882605869834 4956.996978856658 0.00013871389409186714 0.8007534660506019
1.4453388383783112 0.605968206411482 4874.85164162241 -0.0010870786810306377 0.7334644959700785
1.4413976164067197 0.6294991622661208 4253.1525546799385 -0.0006205228247867337 0.7911068379752457
1.4413976164067197 0.6294991622661208 4253.1525546799385 -0.0006205228247867337 0.7911068379752457
1.0270703263271779 0.6358893277930612 4601.800977395558 0.0004018082153654684 0.2821362178563904
1.4491526711066802 0.685838652682311 4090.74961212882 0.00034758680003083654 0.9297763067794389
1.4502944458816553 0.6453469899314048 4826.616166352506 7.831380028020976e-05 0.8236262865837699
1.3310342815550564 0.6889956215812753 4321.83233331372 -0.00039439110512244743 0.5772924501356227
1.3310342815550564 0.6889956215812753 4321.83233331372 -0.00039439110512244743 0.5772924501356227
1.3532214974780858 0.6215015186863384 4728.094886005091 0.000469022955553381 0.9152462015473698
1.3591434866916294 0.6600153880154085 4157.084261798326 -0.00030418307410240723 0.7888596351895708
1.154755812036462 0.7083168274921295 4491.959316922228 0.0005406756637563002 0.31413118815692515
1.154755812036462 0.7083168274921295 4491.959316922228 0.0005406756637563002 0.31413118815692515
1.0869896784584374 0.6008670212353668 4340.9803875477655 0.0002921061718703706 0.32976914372649874
1.3121772363286737 0.5173628396077226 4443.0302508235545 -0.0003499925841983766 0.7440283685295548
1.3121772363286737 0.5173628396077226 4443.0302508235545 -0.0003499925841983766 0.7440283685295548
1.124960820391807 0.6180888395783579 4520.875155477426 -0.0006539730096179611 0.346834105618249
1.1222071585243236 0.6500306795628816 4919.357677961823 -0.0005231914096582472 0.31283077076123167
1.30940702608541 0.5929048095258272 4757.082641764365 0.0005376530815739748 0.811651760089284
1.4066558099648159 0.573030933865429 4251.191024886492 -0.00034624107126692434 0.7211241501826555
1.4207284548466013 0.6271588743440555 4300.866540058292 0.00016470198459455384 0.8925730697325187
1.4151266234270197 0.6087110806926763 4566.14358180889 0.00046795249294595716 0.7685988573614573
1.5049167156219485 0.5884046107530594 4164.3423092365265 -0.0003337051672183269 0.7144927382469177
1.3590963608133315 0.6240524542726966 4395.272733515401 3.526382126222663e-05 0.832528699921531
1.3590963608133315 0.6240524542726966 4395.272733515401 3.526382126222663e-05 0.832528699921531
1.2555904908013442 0.6453792622757942 4210.510511690331 -5.126542185451655e-05 0.410359839733163
1.1352375346945118 0.631113147980919 4868.202875719797 -0.00018397035968183403 0.38709642169763403
1.287893823378611 0.5414915016885903 4994.833883655143 0.00026181910990707763 0.7432242074824227
1.3845423042166431 0.616493802725627 4547.221606481872 0.0008525780283382384 0.8002803101999938
1.4446730837138801 0.6711951813770141 4165.2371057704795 0.00012878777760174645 0.9542220412142248
1.4446730837138801 0.6711951813770141 4165.2371057704795 0.00012878777760174645 0.9542220412142248
1.3431451225708217 0.511391799075182 4925.8954182442785 0.00014192814417650698 0.6956292415796008
1.3431451225708217 0.511391799075182 4925.8954182442785 0.00014192814417650698 0.6956292415796008
1.349776172807411 0.662535026343642 4984.973881240449 -0.00019356370356904022 0.8012394261583975
1.5171157741698726 0.627004414812497 4249.8452618772 5.734494303846902e-05 0.9404884345522104
1.280743342991522 0.6990487350291286 4922.211547227075 0.0010496748680783798 0.7055413793935691
1.280743342991522 0.6990487350291286 4922.211547227075 0.0010496748680783798 0.7055413793935691
1.2230355808737334 0.6582113419022003 4983.3010400202875 -6.814156038500691e-05 0.4401163512164863
1.0316123316136367 0.5944443536652263 4574.256070523461 -0.00040206290125193746 0.26446111888922486
1.2898007271773253 0.5624075161476506 4501.692060703828 -0.0009573929985502455 0.7306117678037408
1.3512899344887386 0.6514621888249669 4896.554002341675 0.0005382772754477673 0.954971390017487
1.3512899344887386 0.6514621888249669 4896.554002341675 0.0005382772754477673 0.954971390017487
1.0032026361269373 0.6788701518545497 4752.658383781639 2.773210781225043e-05 0.2860375129160018
1.2746099780503442 0.6477803655696828 4567.46316103951 0.00027099724667834456 0.7939793401780653
1.2746099780503442 0.6477803655696828 4567.46316103951 0.00027099724667834456 0.7939793401780653
1.322229294866006 0.6084120483173678 4594.608660333119 -0.0005971440904793225 0.7669139169778212
1.5333983302116394 0.6134363189339638 4580.277847588062 2.583797465823013e-06 0.7885695099830627
1.5333983302116394 0.6134363189339638 4580.277847588062 2.583797465823013e-06 0.7885695099830627
1.2667801007517951 0.6760372515071738 4672.624537039989 0.00035389958999001937 0.7812870803244212
1.259988581868076 0.568154972986424 4858.041499156611 0.00026229994553287884 0.6776580979350766
1.2853690602959174 0.560099472345363 4888.244986831282 -0.00036122030479345435 0.6683506555346856
1.235823254580811 0.638901329025543 4845.473012933491 0.00025578712620059505 0.7467740320566298
1.3309917998037442 0.6409068258468285 4740.299381251908 2.2033082044646654e-05 0.8535293463569458
1.3569126523414377 0.554298540079177 4605.650098182846 -0.00011561190648124647 0.6874577218620446
1.080896467460802 0.610582064449724 4894.286458652173 0.00024672832682935404 0.2994333301597446
1.080896467460802 0.610582064449724 4894.286458652173 0.00024672832682935404 0.2994333301597446
1.1962007981070686 0.6486206664408903 4691.8068766287015 -0.0005841900457801752 0.4153298294102745
1.1962007981070686 0.6486206664408903 4691.8068766287015 -0.0005841900457801752 0.4153298294102745
1.3424012104211736 0.5649031670700904 4386.348147699248 0.0003143997878924833 0.7870456967766157
1.1871448412583954 0.6269036006063605 4142.0607422243465 -0.0006403377693990672 0.3060598053659693
1.4458211098045721 0.6517600811903697 4840.134689065222 -0.000848634035233323 0.8406187312913322
0.9924547019833493 0.6582869148895116 4519.058732520277 -0.00023106229964279078 0.29101363385790835
1.3611455688046434 0.6240008685400997 4441.009042558115 -0.0001984705440683102 0.7953716652665448
1.3611455688046434 0.6240008685400997 4441.009042558115 -0.0001984705440683102 0.7953716652665448
1.3042934189242337 0.6059175611285654 4295.34339153924 0.0002254772739230084 0.7772815761181326
1.4075708387577612 0.5557947827123766 4550.8639514224615 0.00063261820570903 0.7616820598248606
1.3324195669490995 0.6772500124977063 4202.929826760414 -0.0013686086247368446 0.7417510636012951
1.3377757212983319 0.5845120469416643 4618.538261348812 0.0001912355892278138 0.6775511396930354
1.3377757212983319 0.5845120469416643 4618.538261348812 0.0001912355892278138 0.6775511396930354
1.3225175273364456 0.5601913419339992 4858.584125442671 3.2224706302155415e-05 0.7194020136853418
1.3225175273364456 0.5601913419339992 4858.584125442671 3.2224706302155415e-05 0.7194020136853418
1.3427444727645974 0.6889575274781745 4365.156316576387 0.00035955424686131524 0.8040723036337463
1.3427444727645974 0.6889575274781745 4365.156316576387 0.00035955424686131524 0.8040723036337463
1.4764088137812945 0.6401168436549932 4933.136994429497 -0.00031401394951771915 0.9704583450580805
1.4764088137812945 0.6401168436549932 4933.136994429497 -0.00031401394951771915 0.9704583450580805
1.3153827062519816 0.5975621871772785 4427.686530122399 6.879712154491465e-05 0.568170270891194
1.45835040807724 0.652360774576664 4208.2895548939705 -0.00020111381743408212 0.8776690363883972
1.3744765520302211 0.6178390756551334 4440.435642460818 -0.00013153396757938676 0.7586125605243401
1.1469891329792357 0.7188047142006568 4539.803918780989 0.00014929197720011753 0.37628086885516787
1.1469891329792357 0.7188047142006568 4539.803918780989 0.00014929197720011753 0.37628086885516787
1.426101214588845 0.5892706133301246 4768.045955002548 -0.00040332612164713607 0.6858209719796329
1.426101214588845 0.5892706133301246 4768.045955002548 -0.00040332612164713607 0.6858209719796329
1.0929898064171844 0.6621473973420435 4954.362198815042 -0.0003664527762069326 0.28339281575366077
1.3434630052885115 0.5882763607236435 4671.440619945716 0.00015478530318955398 0.7936561499048445
1.3434630052885115 0.5882763607236435 4671.440619945716 0.00015478530318955398 0.7936561499048445
1.4124452764164714 0.593868183527992 4467.194335630939 -4.363454855937052e-05 0.8188705066644244
1.2297871044281556 0.5372918808074137 4340.959519236187 0.0002605155532730242 0.6879192900682496
1.2295491650501287 0.5967045404350799 4859.52759605343 -0.0005943524251356769 0.5561307322177936
1.3189585374940958 0.5778039420755491 4567.451220314575 0.0001559757056114878 0.718592742818369
1.3318419789018952 0.6398367871934043 4561.95948004591 -0.00044940077771205884 0.7703657737004104
1.3318419789018952 0.6398367871934043 4561.95948004591 -0.00044940077771205884 0.7703657737004104
1.2674574320515917 0.5993307091107288 4053.809113002154 0.0001302606801965209 0.4088193954130788
1.3235734807569335 0.6239848199033339 4555.771113936799 0.00023552967853399516 0.7442286663489877
1.1846452182726646 0.5872768177586707 4420.077961785381 0.00023607498037940192 0.451191138171658
1.400325722806861 0.5683625278183628 4512.253559636804 0.0005614926976847439 0.7155001515707534
1.400325722806861 0.5683625278183628 4512.253559636804 0.0005614926976847439 0.7155001515707534
1.2651251985478558 0.7311538922986056 4512.281304045321 0.00044911201876843894 0.4806189229504583
1.1284898022482748 0.6156822373019564 4899.632759586144 -0.0001860492383215483 0.332154896847212
1.3563704585680307 0.6071419419635022 4982.431606523417 -0.000532870837905863 0.8562984428676312
1.3563704585680307 0.6071419419635022 4982.431606523417 -0.000532870837905863 0.8562984428676312
1.2469320362442526 0.5863363262699702 4702.898910049973 0.0006215190396680982 0.7132482083971332
1.2469320362442526 0.5863363262699702 4702.898910049973 0.0006215190396680982 0.7132482083971332
1.3573514742473871 0.6362007888779564 4974.120383110844 0.00019206431540721771 0.7606254467571902
1.315611729656497 0.5624879981515363 4617.736792196722 -0.00034710958007756976 0.7707462640521066
1.405681806858016 0.601781211389683 4875.836416763544 0.00014364326976542568 0.7546789302155469
1.405681806858016 0.601781211389683 4875.836416763544 0.00014364326976542568 0.7546789302155469
1.277580744407525 0.5895777097871797 4482.14876261255 -0.00021403646704476551 0.7840068457550708
1.2514791888556112 0.5493609234292895 4760.62860271352 -0.0007257032715680473 0.6766413273171992
1.300853224371978 0.6429574506664439 4853.696413314725 -8.79715909116737e-05 0.6165128079478586
1.304401133087484 0.6146654625787917 4567.2354088127895 0.0003204702231284603 0.746157130367697
1.4336069137348706 0.6215700182241255 4933.425877007767 -0.00013310933384994038 0.9393573210032615
1.2464159660548242 0.6141338928138419 4789.131036222623 0.0003395465986435886 0.6799730179559225
1.1463417887687684 0.5720154568552971 4891.986042201519 -0.0002077681742393148 0.32690393924713135
1.4189417686959676 0.6103789745186344 4118.21836326439 0.0003503805848360706 0.753826508456996
1.3064083966411948 0.532704798877302 4702.450520290976 -0.00020712205064362372 0.7245268922748601
1.4217235587111707 0.5860110622987516 4781.702202641083 -4.0246430452621464e-05 0.7444848885666977
1.3471856162478828 0.5656362743022987 4636.108624512545 2.873516234293116e-05 0.6356029697714453
1.1766797766034793 0.7099836925086414 4788.540317120035 0.00014650430088134164 0.5029862523052007
1.3090478575489524 0.6226966738965275 4999.906644064895 0.0005923479313289725 0.724825010332423
1.3286594691927 0.5431921784822074 4881.555170126734 0.00012075484468845508 0.6720729844842651
1.2484274842171847 0.5914706455661463 4294.4753270127885 -0.00013890617115075343 0.7007431541647136
1.231381767162802 0.5909628051808131 4812.109760723495 1.1518980711314164e-05 0.7093586367127563
1.1873055954470864 0.6495480604575196 4771.329598152085 -0.00022390172975283957 0.4293862093318379
1.2944466999823359 0.6849323182833343 4811.579444036393 3.423379318708831e-05 0.9824789331988157
1.2944466999823359 0.6849323182833343 4811.579444036393 3.423379318708831e-05 0.9824789331988157
1.4167270275351076 0.6182154775340005 4907.447747484369 0.0005579409106959829 0.8823264213328563
1.3504960729107478 0.6529960595115475 4954.973885916857 0.00016890534375344027 0.9754214095459469
1.4053752496357004 0.633155863156096 4428.007972577261 -0.0003302487820559999 0.8741825355480771
1.4053752496357004 0.633155863156096 4428.007972577261 -0.0003302487820559999 0.8741825355480771
1.4195172292812224 0.619566151575847 4369.883188752426 0.0009954907453548953 0.7854718256880885
1.2368894006780367 0.6074144656898055 4484.969395212832 0.0003433393885952054 0.5977161975690719
1.4840128524578704 0.5895106733729676 4384.294445404722 -0.0003029906543442717 0.7473707506753211
1.4840128524578704 0.5895106733729676 4384.294445404722 -0.0003029906543442717 0.7473707506753211
1.2551656986855009 0.7159679939270387 4793.308697863225 0.00035763717006929155 0.7083067378597069
1.2196278665025724 0.6490133219411475 4197.128011485468 0.0008905849595147111 0.5521981760607728
1.2196278665025724 0.6490133219411475 4197.128011485468 0.0008905849595147111 0.5521981760607728
1.2746585468042326 0.5971393422436262 4497.5340790642085 0.00010922585500480831 0.69953866407007
1.2096147222960896 0.6807839126866986 4990.073638840156 -0.00037325459049884606 0.3957239398728994
1.2096147222960896 0.6807839126866986 4990.073638840156 -0.00037325459049884606 0.3957239398728994
1.3102211258294463 0.6391799872344872 4904.359392721584 -0.00014358256988488032 0.8826779213338043
1.3102211258294463 0.6391799872344872 4904.359392721584 -0.00014358256988488032 0.8826779213338043
1.1044098495496764 0.5772784365405863 4957.780705662441 0.00036343880738343306 0.2964242398983815
1.4827914844522234 0.6725608802808702 4140.114339787581 0.0001594377368968905 0.9303989898391639
1.4232382233143397 0.62305107487939 4777.976833249648 -0.0007029693362082161 0.869516732554619
1.2486457623279539 0.5983094089349243 4797.404417500048 0.0003792721504993473 0.6989186467510446
1.2486457623279539 0.5983094089349243 4797.404417500048 0.0003792721504993473 0.6989186467510446
1.241223381002611 0.6425959495672702 4665.351731733492 -0.0007676706752810435 0.4346846770324444
1.241223381002611 0.6425959495672702 4665.351731733492 -0.0007676706752810435 0.4346846770324444
1.181535207305689 0.6343178532884428 4405.2794247641 2.4293118252181423e-05 0.3285493500227925
1.57491907479132 0.5606933167711539 4536.588152905554 8.797258264815529e-05 0.6506219011900364
1.57491907479132 0.5606933167711539 4536.588152905554 8.797258264815529e-05 0.6506219011900364
1.4203574348546484 0.6260970273464731 4863.88308587258 0.0008858116548894815 0.7893287228559269
1.4203574348546484 0.6260970273464731 4863.88308587258 0.0008858116548894815 0.7893287228559269
1.1852217469875268 0.6819777016262687 4561.378748497993 0.00018307979624150359 0.38328421660596484
1.1852217469875268 0.6819777016262687 4561.378748497993 0.00018307979624150359 0.38328421660596484
1.3530878943812021 0.6983795360454276 4395.6121190419135 0.0005903903316283156 0.964939136078875
1.4179917972521507 0.672018799354005 4614.371037583634 -0.0003847763926152782 0.9076389968291444
1.2476214587129495 0.6179683044244051 4702.36838622496 0.0004454892710809345 0.7678897422578024
1.2476214587129495 0.6179683044244051 4702.36838622496 0.0004454892710809345 0.7678897422578024
1.4191016920009276 0.656654018161113 4089.401453954527 0.00023680185334084487 0.8739379990621929
1.4650945844065844 0.6176451952504355 4557.685776927519 0.0007013649718616422 0.746160960026987
1.3640295178071717 0.6247046524843038 4711.6081915867335 0.0006535848484281718 0.818814916488255
1.2917531334094243 0.6639135327198238 4974.736502194002 -0.0002881568447332089 0.8708744488016211
1.3620840777010361 0.7192827295146098 3931.002387550836 0.0001536536375064624 0.6998093668835909
1.2768364831488683 0.6577600979186692 4819.152181769589 -0.0007098761751968139 0.8247142707799131
1.3115316532917016 0.7209627382619244 4560.556699509967 0.00047427006368045945 0.8295073951682497
1.489651388482347 0.5958934247143604 4659.0974197977075 -0.0007680822235234787 0.8857922555626054
1.3450680460812054 0.569379999810372 4489.435649049127 -0.0001573437619424595 0.8096173733556669
1.3450680460812054 0.569379999810372 4489.435649049127 -0.0001573437619424595 0.8096173733556669
1.3372016549488508 0.6133471991084626 4861.122872703693 -0.00010390798869065104 0.7201616491761713
1.4210501552863979 0.6201572925334586 4931.134473878233 -3.678023071360694e-05 0.7335447667185393
1.3388968581426064 0.5656055602475858 4623.522117015166 -1.772418618190444e-05 0.8019868468474529
1.3388968581426064 0.5656055602475858 4623.522117015166 -1.772418618190444e-05 0.8019868468474529
1.3103390513617708 0.6546093535550035 4404.20028006961 0.0001113068646694043 0.7028980316270127
1.3103390513617708 0.6546093535550035 4404.20028006961 0.0001113068646694043 0.7028980316270127
1.4578592702470525 0.6512291167367944 4776.189255046123 0.0007791195662713371 0.9008874839703123
1.1609782578240524 0.6534183169167161 4629.69660569749 0.00019931445152713106 0.40206724623668366
1.2787688933379942 0.5895982512608728 4143.435598923413 -0.00012323804157103957 0.60710759066093
1.2787688933379942 0.5895982512608728 4143.435598923413 -0.00012323804157103957 0.60710759066093
1.2972358407000295 0.6126397683832994 4204.257230563084 -0.00030800625871473273 0.6146910161957322
1.4222429627125197 0.5179255426690638 4392.878688250134 -9.562648120034905e-05 0.7421029078479592
1.4222429627125197 0.5179255426690638 4392.878688250134 -9.562648120034905e-05 0.7421029078479592
1.3746620937845027 0.6564893570290562 4691.652424796525 -0.0005111695807847215 0.8571987599402107
1.3746620937845027 0.6564893570290562 4691.652424796525 -0.0005111695807847215 0.8571987599402107
1.4710283916828395 0.631945661774506 4307.452714438203 -0.00029805396376242783 0.8323006615929691
1.3658788750501625 0.6974273593583048 4814.8589284902655 0.00015490660811163595 0.9672223061084939
1.3219338703851498 0.6153924196850309 4507.870054291745 0.0007468404673083134 0.7779043818561397
1.2476654779816247 0.6453896598225536 4376.263338940358 0.00011894209083127563 0.7271375915836136
1.2964800338833073 0.7413727567638305 4872.265498931405 0.0001027988168052488 0.8032357546885421
1.2964800338833073 0.7413727567638305 4872.265498931405 0.0001027988168052488 0.8032357546885421
1.3944114224058515 0.6086913502611753 4773.20175349357 0.00034993567774392815 0.8238908438598216
1.1725246996091307 0.7079097854009919 4884.8930535974605 -0.00032959097724763014 0.39474106168536827
1.1725246996091307 0.7079097854009919 4884.8930535974605 -0.00032959097724763014 0.39474106168536827
1.470185732077439 0.5926920458690839 4095.4318641427712 0.000297397312567099 0.7875451713315087
1.470185732077439 0.5926920458690839 4095.4318641427712 0.000297397312567099 0.7875451713315087
1.2677906245703197 0.6715696537293413 4847.76262595828 -0.0001285972169928809 0.9641961936073082
1.335194424417526 0.7035646393355615 4709.259150831229 -0.00020538010138195092 0.5482329244778855
1.335194424417526 0.7035646393355615 4709.259150831229 -0.00020538010138195092 0.5482329244778855
1.2119607528691942 0.5963680270873548 4439.2354470634655 0.00022191148117556652 0.7409902158390718
1.280474431556853 0.7066880944824281 4848.752817968787 -0.0002625961722003088 0.7822815364924599
1.280474431556853 0.7066880944824281 4848.752817968787 -0.0002625961722003088 0.7822815364924599
1.381887193199689 0.5806423732154518 4316.732469132962 -0.0004555745907842044 0.7790706846367517
1.3212504880299991 0.6660619487534211 4269.60728515712 0.00016241491947714443 0.8652189740537791
1.3367237079791114 0.6127284561447423 4728.585623420048 0.00032429327683935707 0.7090342382130119
1.284036486358976 0.6261833344635463 4637.805513167181 0.0001248709731577622 0.45963579849239256
1.284036486358976 0.6261833344635463 4637.805513167181 0.0001248709731577622 0.45963579849239256
1.4815936277428299 0.6037229342659048 4142.858095768359 0.0005925370518898738 0.8698588852596085
1.3374713747076599 0.67552900439557 4211.2154934319615 0.0003040000249681113 0.9292365648936995
1.3374713747076599 0.67552900439557 4211.2154934319615 0.0003040000249681113 0.9292365648936995
1.4274392297920124 0.5560457120946115 4506.942173669074 0.00037251037348700917 0.7191359919303384
1.2641304464289564 0.6284012669851422 4615.754296295471 0.00028132478116955055 0.33576818979529377
1.4268964524839407 0.6409573232112978 4304.9162551971585 -0.00029154632464595547 0.7665365145562064
1.2334909288608105 0.5677405517468022 4670.91690434437 -0.0006876137777090236 0.6769643318646262
1.4762896885419878 0.6749597938317131 4165.473912406149 0.00046195024984542726 0.9845611167583062
1.3686267306557425 0.6143573889727901 4577.405149769517 0.0005814840873592614 0.7918140972053546
1.3258074522317456 0.6191548163213737 4440.859447986993 -0.0001336043249544606 0.6760041586540497
1.3258074522317456 0.6191548163213737 4440.859447986993 -0.0001336043249544606 0.6760041586540497
1.323946479063156 0.6266991050090713 4973.679839086062 0.00019669892341647955 0.8366050327721131
1.323946479063156 0.6266991050090713 4973.679839086062 0.00019669892341647955 0.8366050327721131
1.4766172473749746 0.6124114066566755 4650.538184469627 9.333427739170676e-05 0.8898857712189681
1.4766172473749746 0.6124114066566755 4650.538184469627 9.333427739170676e-05 0.8898857712189681
1.2716563679575117 0.5977498542683712 4512.5464443248675 -3.496488521560179e-05 0.4465266110407693
1.3240700633536826 0.6187529303945458 4914.337383401828 -2.7275415943295814e-06 0.7868716393262238
1.2906008016900319 0.6219859702083594 4316.67223840019 0.0001547986241289248 0.6021193938033704
1.2542318932148806 0.6530484851912925 4262.559873904496 0.0004381519693282216 0.7661558792368885
1.319716779420418 0.6136888124644894 4707.8626937837835 0.0004462321048467321 0.6878445320303137
1.292507686649512 0.6359741462673107 4863.933962997813 -0.00045102226055170107 0.755576769324408
1.292507686649512 0.6359741462673107 4863.933962997813 -0.00045102226055170107 0.755576769324408
1.347992760429716 0.6118824974283641 4445.261671670533 -0.0003245818950687299 0.6784717638544496
1.347992760429716 0.6118824974283641 4445.261671670533 -0.0003245818950687299 0.6784717638544496
1.3926257058764278 0.6453799022338624 4986.325750460723 -0.0001373035944352226 0.8952870577876775
1.2573106807261036 0.6174933182880938 4630.071586009371 -0.00034794900673161566 0.5172809479747315
1.178873712444767 0.7208467156498723 4982.102461098063 0.0006461255733870506 0.33025774627313775
1.4000342800412522 0.5906324252779165 4991.483176047693 -0.00064668383885676 0.6941174789929965
1.4000342800412522 0.5906324252779165 4991.483176047693 -0.00064668383885676 0.6941174789929965
1.3052329670450526 0.5933573020994636 4182.1445426847495 0.00011233809029672442 0.6746806987406173
1.3909308062452173 0.6549485252732102 4663.663950580636 0.00010448110361079555 0.9725940399406401
1.327101304075207 0.6149229093162858 4617.321844948872 -0.0008330111008589793 0.7259547696656514
1.327101304075207 0.6149229093162858 4617.321844948872 -0.0008330111008589793 0.7259547696656514
1.218523910124475 0.62816112835962 4229.8986080266495 0.00020588172014272759 0.29916410189717035
1.218523910124475 0.62816112835962 4229.8986080266495 0.00020588172014272759 0.29916410189717035
1.1692779153101462 0.6709180015135533 4761.818348044945 -5.2491208472227026e-05 0.4470265192418269
1.018293062222179 0.610009617613233 4929.209688913708 0.00034207031148168906 0.27157632798144865
1.3155987608250461 0.6455330642994828 4248.556394523324 0.0004377741305029271 0.7130612144960291
1.2300072492411578 0.6105271651558168 4211.652928856534 0.00016018774875772043 0.4300415322980854
1.2300072492411578 0.6105271651558168 4211.652928856534 0.00016018774875772043 0.4300415322980854
1.4209831704141294 0.6955920642955495 4709.419761834856 -0.00046197305166827677 0.940196140942709
1.5043401687360807 0.658618717545422 4589.96450324134 -0.0007538075601353594 0.9173904327772363
1.347796887595162 0.6599463854198608 4695.8417234581875 -0.0002053657913240887 0.8780005036979749
1.5105080009769525 0.6023214489427577 4142.525110657139 9.81816417620881e-05 0.7730677692513972
1.3453852965512403 0.5575605792356617 4848.733360778222 0.0007194498390843665 0.7992691721942724
1.405854119123106 0.601624433079433 4710.78374281399 -0.0004905069016087199 0.7259096120329223
1.405854119123106 0.601624433079433 4710.78374281399 -0.0004905069016087199 0.7259096120329223
1.2325143375584384 0.5854727617616089 4483.474639971758 0.0002715593300903141 0.5996835134437317
1.1150656571943138 0.6235705705879676 4699.125072328378 2.9610868358278332e-05 0.31827252786999194
1.2379778360094738 0.6179351148960328 4876.218835230024 0.0006099420111640518 0.5671574829090735
1.302348681435814 0.5581306212030992 4677.517900283085 -0.0003391722971033296 0.677567307856723
1.3880774098353799 0.6071159584529655 4826.88093122763 -0.0003523268406043394 0.734370134577554
1.2661120291231962 0.6776748881466962 4734.914041974958 -0.00072907694510333 0.6638999396530456
1.3058292792667237 0.6415189323332936 4684.64441016558 -0.0002942714261533451 0.8388406376293646
1.2557097767984968 0.73475607868349 4884.989882288182 -1.4120562769213128e-05 0.8195509333602022
1.2557097767984968 0.73475607868349 4884.989882288182 -1.4120562769213128e-05 0.8195509333602022
1.087152170001861 0.652551714025578 4746.960624953729 -0.0004952745723803005 0.3063893097133097
1.1757067877404008 0.6183376931393663 4365.351227967051 -6.450671046648981e-06 0.3272211271628481
1.428759900433378 0.5979377744063208 4766.803121983007 0.00019138463840340044 0.7123614513066436
1.3846810327090173 0.5749649525588442 4386.388486690096 -0.00013985849756145143 0.6945680441029194
1.3095063338180768 0.6275640262947001 4447.35520988711 0.0001335500864717776 0.7503940191324572
1.3790024597510149 0.5569073263866532 4128.443212775403 0.0006755070560446403 0.7161707215319246
1.3790024597510149 0.5569073263866532 4128.443212775403 0.0006755070560446403 0.7161707215319246
1.2857105255126955 0.6977015361189842 4700.629385769367 0.0007813323018095033 0.6727153658866882
1.1147978305820545 0.6582239722084546 4438.832729757086 5.199666988528563e-05 0.288814205668485
1.1147978305820545 0.6582239722084546 4438.832729757086 5.199666988528563e-05 0.288814205668485
1.3306297902895565 0.6152445369504876 4788.775841921686 -0.00041502544365527866 0.8384055428720604
1.3462874110434724 0.690549726604888 4933.5500002549015 0.0001497430964623844 0.8217223071974628
1.3462874110434724 0.690549726604888 4933.5500002549015 0.0001497430964623844 0.8217223071974628
1.2837794692920212 0.6603021048559883 4404.914660296079 0.00044352317179435704 0.5545938972272477
1.4328274603652615 0.5626170874607588 4162.568838467885 0.0001450340165129454 0.666865599874173
1.4328274603652615 0.5626170874607588 4162.568838467885 0.0001450340165129454 0.666865599874173
1.359782692575907 0.6015307077124821 4782.511005824724 -0.00017331433150240673 0.8334195605400936
1.079963325065711 0.5899036703369991 4491.918283793544 -0.0004019935046320292 0.288359468267101
1.079963325065711 0.5899036703369991 4491.918283793544 -0.0004019935046320292 0.288359468267101
1.2199770669569017 0.6602487515846316 4813.992936950829 7.00290223630951e-05 0.3371865165463575
1.2199770669569017 0.6602487515846316 4813.992936950829 7.00290223630951e-05 0.3371865165463575
1.4495319087621574 0.6799162863788164 4379.918783065629 -0.0001504320122501828 0.9480437281216061
1.2654441921113657 0.6060161347054386 4959.163683129028 7.881559589626477e-06 0.6081674819601883
1.2654441921113657 0.6060161347054386 4959.163683129028 7.881559589626477e-06 0.6081674819601883
1.307808811477957 0.5781668841290102 4678.456522474074 -0.000579470557882493 0.695812052737489
1.430814824161854 0.6794049831460548 4717.171410505022 0.0004126743391637905 0.93863983501155
1.2734585996086851 0.6499979173228452 4503.767506874544 -0.0008944721203101736 0.7250666280936928
1.2734585996086851 0.6499979173228452 4503.767506874544 -0.0008944721203101736 0.7250666280936928
1.296516929379897 0.5839663638823495 4797.6385720203325 -0.00015526976115351598 0.6904798912434196
1.477629958165346 0.6652365433404691 4659.298476839487 -0.0004345792031643288 0.8687960775204334
1.4343312593305968 0.5571804397109926 4890.196097887849 -0.0007058525701635396 0.6989941412497767
1.3610040505627947 0.607908158368517 4941.370418293182 0.00034497107760053593 0.6880990380041516
1.3610040505627947 0.607908158368517 4941.370418293182 0.00034497107760053593 0.6880990380041516
1.3311460092151508 0.6612317333186957 4467.527814303244 0.0003724783181877638 0.9215800917043702
1.3311460092151508 0.6612317333186957 4467.527814303244 0.0003724783181877638 0.9215800917043702
1.3073892884300577 0.6158564475961753 4664.918373931775 0.00015199353796380613 0.6055355481317295
1.2375677282981128 0.6524485282793399 4376.023135361919 7.928959271896852e-05 0.6583662974070341
1.2375677282981128 0.6524485282793399 4376.023135361919 7.928959271896852e-05 0.6583662974070341
1.3142270999367633 0.6780786038240403 4760.045444965068 -0.0008025309295931935 0.8739119951347802
1.3348527892871194 0.5663166063477711 4454.176388064369 0.0005993015324651533 0.7387822665439645
1.3348527892871194 0.5663166063477711 4454.176388064369 0.0005993015324651533 0.7387822665439645
1.4064804511424742 0.6021992504913245 4316.67425547207 5.613709731948682e-05 0.7785595023168895
1.5258994829810686 0.6320953239076692 4165.318499782505 0.00042709593716261347 0.8450951379180665
1.5258994829810686 0.6320953239076692 4165.318499782505 0.00042709593716261347 0.8450951379180665
1.3863721934902513 0.6554280514443305 4634.400049542631 -0.00030508292385506117 0.8058881256830386
1.3863721934902513 0.6554280514443305 4634.400049542631 -0.00030508292385506117 0.8058881256830386
1.2989864952892187 0.5503220341297219 4663.067130672939 0.00022565570117710407 0.7812410791077964
1.2989864952892187 0.5503220341297219 4663.067130672939 0.00022565570117710407 0.7812410791077964
1.3421160158495573 0.6373254222336502 4165.897948398116 -0.0001126950540954042 0.5291831570632045
1.2485895082631016 0.6056228799756043 4655.575898807378 -4.721946848275785e-05 0.4918359039988004
1.4696948856249503 0.6506417768143012 4569.006651026557 0.0001417662378578372 0.851491729450268
1.2333491363318476 0.5939716445114005 4322.554433790723 -4.716583595874756e-05 0.5444945998150426
1.2333491363318476 0.5939716445114005 4322.554433790723 -4.716583595874756e-05 0.5444945998150426
1.3156335859549406 0.5388112218287227 4735.045917348402 -0.0004734059293111686 0.6771765724209322
1.3156335859549406 0.5388112218287227 4735.045917348402 -0.0004734059293111686 0.6771765724209322
1.2646945379759287 0.6619700798623065 4576.254148870156 -0.00035307760105249487 0.7506526756098477
1.398528485360326 0.5972969389319578 4826.748245124624 0.00030274462446518743 0.8637190806821302
1.3265324188739585 0.6058052889323389 4502.352657978806 0.0004265476161835695 0.7041829208142207
1.353994652036676 0.621411499235355 4077.0551104548754 -0.0006122077128245851 0.7422523584979875
1.353994652036676 0.621411499235355 4077.0551104548754 -0.0006122077128245851 0.7422523584979875
1.2916991115999659 0.6139264146215313 4471.24848373986 0.00012253851514698006 0.7925527559195183
1.0901906851124685 0.6491385941223208 4454.533949557651 -0.0005121337520356192 0.282260629050214
1.0901906851124685 0.6491385941223208 4454.533949557651 -0.0005121337520356192 0.282260629050214
1.2188354905062064 0.6019056048096041 4368.005804066239 -0.000598549991122217 0.3855811496362646
1.2188354905062064 0.6019056048096041 4368.005804066239 -0.000598549991122217 0.3855811496362646
1.533652002588217 0.6346199075525751 4510.299482683732 -0.000520600980708643 0.7973668274348205
1.2591303040471538 0.6412603722382829 4651.828646956729 0.00031703982056333405 0.5683503579610334
1.2591303040471538 0.6412603722382829 4651.828646956729 0.00031703982056333405 0.5683503579610334
1.3892398531828296 0.5993068009563709 4781.162190171794 -0.00010880504206114154 0.7007918178041175
1.239879142816696 0.6273043283230424 4498.181602914817 -7.455066232609396e-05 0.6722833587419795
1.1606073209407828 0.6216448756230457 4845.857637332792 0.0002751456844756224 0.4412554410530694
1.1606073209407828 0.6216448756230457 4845.857637332792 0.0002751456844756224 0.4412554410530694
1.2088154749863582 0.5675001582455383 4923.56094177644 7.867539666237656e-05 0.554030610143971
1.278486402987761 0.6415683221825549 4210.413707788264 -9.219217047882049e-05 0.4049759236054543
1.278486402987761 0.6415683221825549 4210.413707788264 -9.219217047882049e-05 0.4049759236054543
1.2955985688921616 0.5865321248694976 4602.909240586909 -0.0003884764758499138 0.8064860576793889
1.2955985688921616 0.5865321248694976 4602.909240586909 -0.0003884764758499138 0.8064860576793889
1.426968844346138 0.6330407526529447 4869.952461215391 0.00047420533490940566 0.7482759213425937
1.426968844346138 0.6330407526529447 4869.952461215391 0.00047420533490940566 0.7482759213425937
1.1505779865241583 0.653422459900066 4561.666547083205 -0.0004088933759800998 0.32490786010682815
1.320009655578469 0.6580329494132512 4963.7130735658375 9.053542311732023e-05 0.8712575464183241
1.320009655578469 0.6580329494132512 4963.7130735658375 9.053542311732023e-05 0.8712575464183241
1.4292237556588536 0.6196719543492417 4219.3334572046415 -6.180268670623939e-05 0.8470850923473306
1.3827491582862164 0.6570997898839299 4089.690210069457 0.00045396295805496525 0.7572736798675934
1.267937662090743 0.6384494289013297 4846.522612863392 -0.0003002959017433529 0.6257880637256824
1.267937662090743 0.6384494289013297 4846.522612863392 -0.0003002959017433529 0.6257880637256824
1.1851457153762825 0.5524271535995948 4556.127180522631 -5.546397339657944e-05 0.6187920291243525
1.3445289878752182 0.5931260455295361 4560.927419501033 -0.00017234664445709886 0.7599924780303662
1.3445289878752182 0.5931260455295361 4560.927419501033 -0.00017234664445709886 0.7599924780303662
1.4069979853872128 0.6662740661113389 4023.929253831299 -0.0004096420581195781 0.6897990864071126
1.4069979853872128 0.6662740661113389 4023.929253831299 -0.0004096420581195781 0.6897990864071126
1.3096000489403448 0.661713764096053 4991.597066574244 -5.9650011205439706e-05 0.734881851457405
1.2877311755145937 0.5603943579667077 4760.988135471118 -0.0004352370624053041 0.8000213503623848
1.1296647546119032 0.6929438503038081 4866.912820224264 1.1224438937566585e-06 0.40446350775434725
1.3224581426990651 0.5802719712778812 4894.06093138505 9.04643187729066e-06 0.7561697172766454
1.3224581426990651 0.5802719712778812 4894.06093138505 9.04643187729066e-06 0.7561697172766454
1.03428488895958 0.5992450563528594 4866.806432538897 -0.00011495307267210554 0.29779989606458707
1.5357329241069895 0.6197351576582844 4589.887707550094 0.0001611935543504329 0.8666282864747494
1.265456704150894 0.6900130107194776 4792.401391964374 -9.067173023292354e-05 0.8130629627903789
1.3354998606375288 0.6522073264813935 4585.225518517521 0.00015374385074125698 0.4539550184619475
1.2958295299450338 0.6822548306146062 4927.069053116508 -0.0003987139904362516 0.8527354676601437
1.510753740773493 0.6270030067489191 4540.185764684244 8.518668004887406e-05 0.8213194297018491
1.127786032311094 0.6132507255335 4905.254196409056 0.0003485256322716002 0.3353306490028488
1.2999127144067257 0.5687880186373713 4980.615677790144 -0.0003943046427996225 0.7953320705552269
1.2149349365287374 0.6060062627051854 4294.1773028638245 -7.966632022340041e-05 0.5858092605800657
1.303425853226371 0.5817369722751724 4547.208374138919 0.0003628711283355308 0.7307285473426834
1.303425853226371 0.5817369722751724 4547.208374138919 0.0003628711283355308 0.7307285473426834
1.4648055843813568 0.6149990959207401 4921.018799362634 0.0001698815761990045 0.7323935595440986
1.4519736304828808 0.6422666048629139 3985.006133813895 0.0001011095802249159 0.7698223359389655
1.2626980458547792 0.6518716332827975 4406.91124474619 0.0005254408692422655 0.8807643732081969
1.2626980458547792 0.6518716332827975 4406.91124474619 0.0005254408692422655 0.8807643732081969
1.2524446545559653 0.6159072840506554 4202.923786103366 0.0002530149007269759 0.4350984571997216
1.2694360827597906 0.7066544709536322 4728.147503181182 -0.0005984941654902508 0.8374092244929778
1.3390238857602392 0.5753725751668503 4522.429811706371 0.0005061612770060225 0.7882652771820446
1.367766479990018 0.5958705702211433 4065.906049348624 0.0008001018043024569 0.64142733239408
1.2117874445566688 0.6335440456564108 4879.278549715098 -0.00015073804764196763 0.74873589104959
1.3468185880033934 0.5769465685390521 4823.436787861715 -0.00029608061275293655 0.662250338030416
1.286664498602804 0.5504491361580623 4687.942293745464 -1.644936081719316e-05 0.7855062869075219
1.3185504340403655 0.7267752855657907 4741.305268444789 -0.0002210387851609812 0.8174836954038915
1.3920941585398017 0.5831773971009417 3998.1003025847604 -0.00042057825976719095 0.7865386716630609
1.3920941585398017 0.5831773971009417 3998.1003025847604 -0.00042057825976719095 0.7865386716630609
1.2005617661096113 0.598785208922701 4340.4198855374725 -0.0007957037532643413 0.6331139371016863
1.2796982547873872 0.7352415438674764 4805.773277883253 8.922116429164536e-05 0.902805740661514
1.241160650139482 0.7001133786638748 4778.458545410663 -0.0006521410507447585 0.7730079523360112
1.2086785250258352 0.6103570131554077 4623.1195521181235 0.00033609625871481 0.5381941401575001
1.3999681032299978 0.6153469703693779 4730.0848988873795 1.3250280662211584e-05 0.8375868497776986
1.2468139439228245 0.6859088528498181 4839.752500101571 0.0005612317017898354 0.5621171982387798
1.2468139439228245 0.6859088528498181 4839.752500101571 0.0005612317017898354 0.5621171982387798
1.2738002753980207 0.6379854596928453 4988.770085531865 -0.00016038938751984335 0.5777190458528557
1.2817741173516797 0.6894312522856106 4602.5879054987745 -0.000676543332428814 0.8369909625832969
1.2817741173516797 0.6894312522856106 4602.5879054987745 -0.000676543332428814 0.8369909625832969
1.4898592679176894 0.6325947837215071 4964.659527045631 -0.0007376875959397282 0.7735576894543523
1.4898592679176894 0.6325947837215071 4964.659527045631 -0.0007376875959397282 0.7735576894543523
1.3053653152020823 0.6068563166919052 4386.1665956287625 0.000720495497030123 0.7424061860880808
1.288886869792403 0.7044092007857283 4351.742795888256 0.00044225521515700106 0.6860729177283568
1.3492968499676992 0.6458909787825734 4602.543766535049 0.000680341730765048 0.7887136029127056
1.3492968499676992 0.6458909787825734 4602.543766535049 0.000680341730765048 0.7887136029127056
1.1744753812675572 0.608960911125894 4879.236406725879 -0.0004477093590746498 0.6070849569807273
1.1744753812675572 0.608960911125894 4879.236406725879 -0.0004477093590746498 0.6070849569807273
1.1612847649512434 0.6518229672367905 4202.626393793651 -0.0001741754280868363 0.2887802626284258
1.1612847649512434 0.6518229672367905 4202.626393793651 -0.0001741754280868363 0.2887802626284258
1.3743517905794438 0.5736545135369197 4846.362813791806 1.8280973555983434e-05 0.7746824698271864
1.3743517905794438 0.5736545135369197 4846.362813791806 1.8280973555983434e-05 0.7746824698271864
1.2879270243902172 0.5901649548638567 4437.910919684704 -0.00013456251453671666 0.6923391845194343
1.3911920666694642 0.6002361252903938 4224.773237228394 0.0004520830403737037 0.7993267178535461
1.3911920666694642 0.6002361252903938 4224.773237228394 0.0004520830403737037 0.7993267178535461
1.4734578338273863 0.5766647213980021 4252.849743778906 6.034512569026243e-05 0.7288260122211548
1.4544911468674386 0.5939804832418466 4784.675708407739 -2.115884070371556e-05 0.692851908891227
1.2730929212467492 0.6805266830004816 4985.081600478918 -0.00012260400130932158 0.44436626927725054
1.2211066054889135 0.6496496584036893 4311.590098204776 0.000746697874627997 0.5295151164889558
1.2838698828513508 0.6466290282450895 4466.37688484048 5.640784159877305e-05 0.7967893580376032
1.2838698828513508 0.6466290282450895 4466.37688484048 5.640784159877305e-05 0.7967893580376032
1.3043630032137319 0.6970126290065063 4257.5427827270105 0.000255861422642536 0.41806907556578465
1.3532614969533903 0.6698374975546295 4122.273725113309 7.899277982636904e-05 0.7431416786803093
1.4163646202013194 0.6552788430738167 4914.888811053582 0.0001314922787312673 0.8587479918498563
1.2771245959743325 0.6037287474395511 4530.066158168103 -0.00045172715335180995 0.69952108511223
1.3909784349132686 0.5778930109645976 4645.611509478861 0.000753110658990952 0.6822962003053299
1.329162225468755 0.5914943321575219 4904.752895856212 -2.4280678755898073e-05 0.6694148392356494
1.278446913842794 0.6558764228838396 4673.1869254631765 0.00016069116171355278 0.8336348339480619
1.278446913842794 0.6558764228838396 4673.1869254631765 0.00016069116171355278 0.8336348339480619
1.3372053658305054 0.5374189714176831 4737.18600215904 -0.00047235960898296887 0.7781995124367813
1.1892035223818573 0.6355599853021282 4337.784306117998 0.0006875692105375256 0.6098973315353402
1.1951308824484694 0.6285725581085492 4520.1408417346765 -0.0003349803350526257 0.5169058360504947
1.1951308824484694 0.6285725581085492 4520.1408417346765 -0.0003349803350526257 0.5169058360504947
1.4737390029147779 0.602444843123513 4576.328890526342 0.00041589460253953274 0.7725881416176065
1.3316146883610886 0.5699466561446342 4377.022369920769 -0.0003501141173876023 0.7836766557800816
1.1807522179816694 0.6821467155665308 4845.411103809495 -0.0004780089869057093 0.4805598740689787
1.3128510449431898 0.5907972089676176 4862.189114757523 0.00017252475563274893 0.7257764940146381
1.2984593344233808 0.5827841582634754 4784.114366535087 -0.00013873898063743883 0.6086280331903351
1.3557947279306655 0.6543677686293224 4469.405760256805 -0.00016069308874322674 0.6437061913197855
1.3557947279306655 0.6543677686293224 4469.405760256805 -0.00016069308874322674 0.6437061913197855
1.3364862193637972 0.591457376069434 4742.510704538892 0.0001799576758371633 0.7450925441392949
1.3364862193637972 0.591457376069434 4742.510704538892 0.0001799576758371633 0.7450925441392949
1.296806309935056 0.61178326379614 4593.623506960843 0.0002488060581692529 0.5419039160844522
1.3440272358552496 0.6510901774897406 4877.836307492004 -0.00035426243052875245 0.6615148795385064
1.3440272358552496 0.6510901774897406 4877.836307492004 -0.00035426243052875245 0.6615148795385064
1.312910367366277 0.6728694341560512 4829.224084226298 -3.546376783827143e-05 0.9132258645748627
0.9849360968332848 0.6451860901317586 4904.831532321903 0.0003390212060052358 0.282460422930955
0.9849360968332848 0.6451860901317586 4904.831532321903 0.0003390212060052358 0.282460422930955
1.220665836928217 0.6091792300137925 4788.709085359775 -1.2994009057622431e-05 0.5937344261975568
1.220665836928217 0.6091792300137925 4788.709085359775 -1.2994009057622431e-05 0.5937344261975568
1.3988658855823772 0.5491996906962487 4704.146989111309 -0.000273603216262011 0.7069896171187011
1.4810182500673008 0.6670878771512729 3985.7308144378403 0.0001935456201289437 0.8977910703463509
1.35633655596433 0.6405774299449907 4864.463235858275 0.00020287358376087634 0.7360332450411115
1.35633655596433 0.6405774299449907 4864.463235858275 0.00020287358376087634 0.7360332450411115
1.3525609698909247 0.5532082425604083 4741.053439035183 -0.00032643590943544755 0.773511370163499
1.1563111441373828 0.6272301212971914 4721.292113984687 9.347487464076131e-05 0.4447201222736962
1.261430731026638 0.6262438850607985 4604.385740219569 -0.0008360386366138054 0.555168038707206
1.261430731026638 0.6262438850607985 4604.385740219569 -0.0008360386366138054 0.555168038707206
1.2753453187053307 0.6368218223355915 4857.490973199885 2.3458360244875297e-05 0.8091835825979615
1.4169782745154984 0.6247260802070651 4502.1799339657555 -5.368635186204811e-05 0.7830881178681561
1.299916890245091 0.7115885377741589 3955.8469168237607 0.00010993152886020659 0.6766793551495486
1.5301160317752354 0.6772237805779517 4249.005109544968 0.0005093001292927054 0.9810343576017949
1.4715044754692084 0.5799644837509681 4914.586751465611 -0.0002338520030895168 0.6898062668511584
1.4715044754692084 0.5799644837509681 4914.586751465611 -0.0002338520030895168 0.6898062668511584
1.3956122713730728 0.6513450797273256 4529.324678708601 -0.00025974900301668015 0.897753371860922
1.3549520260893888 0.6555331192053226 4383.810176509895 -0.00011396680649155034 0.8196716874974218
1.2086995323077527 0.6346309803390852 4447.609300645077 0.0007081278407283855 0.6216208995972035
1.1890528181568694 0.6781773604604985 4710.957383327366 -6.97531425552861e-05 0.36086151902952124
1.3444816694602166 0.6303206696473304 4354.793191502783 0.00012632335964282013 0.768153078611364
1.3444816694602166 0.6303206696473304 4354.793191502783 0.00012632335964282013 0.768153078611364
1.3458544697611852 0.6474595426449073 4561.8955127652325 -6.842376850579869e-05 0.8507039582327869
1.4955053987192541 0.6349083083975757 4165.220339582678 -0.0005332149377206778 0.8441238943470029
1.314820685891916 0.6661656478677765 4641.7482135585105 0.00038255017372379083 0.7672253415110534
1.314820685891916 0.6661656478677765 4641.7482135585105 0.00038255017372379083 0.7672253415110534
1.2817917948774586 0.6299737882703318 4742.409959225765 0.0001843691807822817 0.7487601239084707
1.3729623165509146 0.5932562897793279 4554.9774832022 4.828094673907017e-05 0.714355712131945
1.3729623165509146 0.5932562897793279 4554.9774832022 4.828094673907017e-05 0.714355712131945
1.3691756610933488 0.6278207680633225 4323.860739492305 0.000301433348615679 0.6680760935435561
1.15509905033612 0.6103378518563534 4953.621539513553 -0.0001322382952232653 0.34046450115597765
1.3172270617554518 0.6009407346871198 4286.976821569232 0.0003443250601619442 0.8079817039068932
1.3172270617554518 0.6009407346871198 4286.976821569232 0.0003443250601619442 0.8079817039068932
1.2689703855655805 0.6614285479292794 4818.584572997803 -1.4877343360901064e-05 0.5123424801173757
1.2689703855655805 0.6614285479292794 4818.584572997803 -1.4877343360901064e-05 0.5123424801173757
1.4010172649457726 0.6499628359561229 4408.340717963492 -0.0001716441831757331 0.8384698670489923
1.4010172649457726 0.6499628359561229 4408.340717963492 -0.0001716441831757331 0.8384698670489923
1.2943122473047237 0.7106698557399665 4546.619644237095 -0.0002630615319458514 0.8599226581290593
1.2943122473047237 0.7106698557399665 4546.619644237095 -0.0002630615319458514 0.8599226581290593
1.4099572619437237 0.5953445878947599 4425.645452412683 -0.0001188070648341419 0.7332708395823054
1.4099572619437237 0.5953445878947599 4425.645452412683 -0.0001188070648341419 0.7332708395823054
1.2569899081607616 0.5778690231330288 4678.002065852503 -0.0004506964786005286 0.7082603311532288
1.2569899081607616 0.5778690231330288 4678.002065852503 -0.0004506964786005286 0.7082603311532288
1.3598916465781425 0.5628786020443133 4832.57251832613 -0.000570110348082336 0.8445937245225484
1.3784692555739506 0.5553509432435552 4622.3618442306115 -0.0001461103397169345 0.7083204316385509
1.306535017509383 0.6307876561709709 4133.572914655433 -5.295006163880313e-06 0.764783717196702
1.237836304546673 0.550631243699635 4816.356918351902 0.000260512898580974 0.697409812154583
1.3730105440545146 0.6998915595529271 4395.174157857605 -0.00025579753724203226 0.9949941313835006
1.3730105440545146 0.6998915595529271 4395.174157857605 -0.00025579753724203226 0.9949941313835006
1.4814814165346952 0.6330274557428783 3993.0042803025435 -0.0006713750836427205 0.8055396039605537
1.4883451808841799 0.6514492927777698 4472.774891048851 0.0007167424522633789 0.9278167500210784
1.3197431274483251 0.657557905165896 4182.043684222977 5.7927999023711944e-05 0.8186651854125442
1.3197431274483251 0.657557905165896 4182.043684222977 5.7927999023711944e-05 0.8186651854125442
1.3696351954542187 0.6446262748152387 4945.978551411181 0.0005694975275047946 0.9252732898026894
1.3696351954542187 0.6446262748152387 4945.978551411181 0.0005694975275047946 0.9252732898026894
1.284389652706236 0.6595303755269902 4944.005269068564 -0.0005920033441074675 0.6009199740369933
1.284389652706236 0.6595303755269902 4944.005269068564 -0.0005920033441074675 0.6009199740369933
1.354800992460873 0.5737423171026814 4186.328798322742 -2.9307834077959734e-05 0.7503449164626311
1.354800992460873 0.5737423171026814 4186.328798322742 -2.9307834077959734e-05 0.7503449164626311
1.1911538265594754 0.6265851715028808 4893.888137001029 6.576437499494977e-05 0.4606009425274368
1.1911538265594754 0.6265851715028808 4893.888137001029 6.576437499494977e-05 0.4606009425274368
1.3101408329692417 0.6027648069652731 4622.851924765891 -0.0002323741976812517 0.6889378661237582
1.3690486610443364 0.5998649142052048 4892.74754853674 -0.00011521738656484274 0.8005537984331449
1.3011863467398093 0.5420489823947706 4764.909506718065 0.0005903829444295504 0.7905998821736169
1.3011863467398093 0.5420489823947706 4764.909506718065 0.0005903829444295504 0.7905998821736169
1.2843409497579168 0.6824060289092192 4833.854274233251 0.0002528888029748379 0.8434029836171077
1.1162844475395253 0.7060728324550977 4891.06286713772 -0.00020468207741558908 0.3199481491217384
1.4178180954398378 0.6258619635646578 4991.7104111282415 0.00045139950134839347 0.7507990594381627
1.3326821049579105 0.7209530962400458 4095.3964129697274 1.7647119191441096e-05 0.76646695307281
1.3326821049579105 0.7209530962400458 4095.3964129697274 1.7647119191441096e-05 0.76646695307281
1.5672915803373977 0.6032971620704413 4635.918971605389 -0.0003176777693297925 0.8319042665873708
1.3763703016421363 0.6938966411320153 4065.687116869705 -0.0005162431614332353 0.8076229858737193
1.3321084165594512 0.620109149868812 4395.473361188168 -0.00018355420224695735 0.6215514435212635
1.3662893886342078 0.6189798675553297 4838.933803571265 3.978024976332191e-05 0.8604591143451894
1.3662893886342078 0.6189798675553297 4838.933803571265 3.978024976332191e-05 0.8604591143451894
1.06452598687 0.6383823615424599 4932.257868099041 -0.0005423132032839533 0.27962215778170113
1.4007165190149333 0.5855555147044987 4405.452800429315 0.0006587545021784207 0.6880701096518229
1.269168650274896 0.6599373178617959 4681.46978821679 0.0003184546819073904 0.7346826799297272
1.4890577518602077 0.5789922422324356 4087.303734596284 -0.00032925686459401996 0.7731457690478853
1.4034387241459472 0.6742767900968677 4822.162318379923 0.0007381604714112459 0.9329935155398928
1.0850530410807542 0.6239749794821399 4792.081212496109 -0.0004751831575306545 0.282316030290201
1.0850530410807542 0.6239749794821399 4792.081212496109 -0.0004751831575306545 0.282316030290201
1.4298558530948329 0.6038220770821712 4321.143528293998 0.0002963812432425801 0.8430263450226546
1.1533501947810396 0.6551732946459974 4392.6767303495 0.00018807845015441363 0.31422174041110496
1.235447710699836 0.5781452863851664 4975.124727347581 4.3081568946294e-05 0.5113182738133604
1.2350211139927254 0.6454652049946663 4684.398995595555 -0.00042156041792193834 0.6442699113060155
1.348483484373739 0.5736577473730466 4727.633590556986 0.0006304371722906965 0.7866259814729739
1.2266732315709947 0.6755466979788989 4946.932045285959 0.0003489559566369082 0.6655057923820926
1.2641426013652373 0.6121696339115623 4448.140830357368 -3.5941818607119896e-05 0.6562393900241217
1.248868127577677 0.6274544485233245 4441.111439187525 -0.0006538088197714498 0.6555179004160356
1.3437208601408368 0.6422919732810705 4974.246160853129 -3.1036458446153306e-05 0.8968777343483743
1.3002328400988536 0.7160168486132575 4703.776650041573 -0.00013873489051697147 0.8610995805144873
1.2414508343987918 0.6467395449386448 4878.411804444835 -0.00027464806776452745 0.46946417403007423
1.283197021484375 0.6812482327222824 4905.445972323418 4.488868748503876e-06 0.7272360324859619
1.4103834922569234 0.58615114759045 4371.49324255115 0.00015439704483881841 0.7547703953003833
1.229707168572201 0.6398375120930135 4092.528491693152 -0.0004722027311683711 0.34573251687005324
1.3795653411890123 0.5316227780997397 4677.762032789492 0.00021202944893336355 0.7177930008104583
1.1989045877694764 0.6172230403175585 4686.929640690605 -0.000395172436680342 0.5631415426284162
1.321333321487021 0.5789316663585587 4454.580257063025 0.000738930772571967 0.7403523973906895
1.3711913393924386 0.5782609366673934 4871.825156715547 -2.1400713152208923e-05 0.7903319520352436
1.3713224806190922 0.6225040840478979 4919.731475607927 -9.237389887758252e-05 0.7443252477408966
1.2340473926451265 0.6373249619908772 4687.7471155520525 0.00016243202878314962 0.6874263192326782
1.4188227521253327 0.56038864389851 4308.257333420411 2.7986804992629046e-05 0.7607144060714254
1.357092707167531 0.6612376850350297 4964.014596774379 -0.00038039054828362627 0.7646234194024606
1.2956940921185047 0.622128448939869 4946.979457355941 0.00030973665413348763 0.8023664806171587
1.2956940921185047 0.622128448939869 4946.979457355941 0.00030973665413348763 0.8023664806171587
1.3324043466290063 0.6022476773060659 4916.557743677214 -0.0001937101352485836 0.7960088625172193
1.3319620151526048 0.5984794055613928 4812.458130918542 -0.00025966248642895367 0.7484065297736315
1.38500447679843 0.6179897637580819 4753.622589765022 -0.0006121114735636745 0.847657599140224
1.365488237217243 0.6959853670173861 4671.7143735193695 -0.0002882689983813725 0.9768146093502419
1.3298698442466432 0.6393902162065475 4641.634013762604 0.00016003634079045582 0.8175225693057353
1.3298698442466432 0.6393902162065475 4641.634013762604 0.00016003634079045582 0.8175225693057353
1.358173895316971 0.6059300851528475 4889.0559734027665 7.308596284283161e-05 0.8644377562872056
1.13874463806572 0.6365261988313377 4668.452934729862 0.000322910766945895 0.27567588346912664
1.2636533738511542 0.6156909674418576 4687.122557896525 9.955853537149765e-05 0.6385754719547053
1.2636533738511542 0.6156909674418576 4687.122557896525 9.955853537149765e-05 0.6385754719547053
1.2487131261247564 0.5703881263769892 4979.319246329815 -0.00036868318367594996 0.618099016192226
1.2487131261247564 0.5703881263769892 4979.319246329815 -0.00036868318367594996 0.618099016192226
1.4277415195182845 0.6370643545938296 4832.1291063873405 -0.0003356395973191891 0.928735702871021
1.4277415195182845 0.6370643545938296 4832.1291063873405 -0.0003356395973191891 0.928735702871021
1.4192190666163638 0.6000566064874546 4642.610736258615 2.4858929771504808e-05 0.7747214004724381
1.4192190666163638 0.6000566064874546 4642.610736258615 2.4858929771504808e-05 0.7747214004724381
1.2954974061083866 0.5717816659934096 4728.476969537233 -0.0005868839302779472 0.6840895093472833
1.2857507824897767 0.6117310374975204 4671.850681006908 0.00022020316616429045 0.520286500453949
1.337768004262636 0.589275689267185 4861.742330452366 -8.002927541252074e-05 0.750538045763628
1.3699055057893175 0.5979750201207443 4581.812282082531 0.00024128685002894213 0.6479684424677614
1.3699055057893175 0.5979750201207443 4581.812282082531 0.00024128685002894213 0.6479684424677614
1.3236172151442145 0.6829202430453092 4492.817968023323 -0.0003233710227041038 0.5002414167109304
1.3236172151442145 0.6829202430453092 4492.817968023323 -0.0003233710227041038 0.5002414167109304
1.2302493653738702 0.6916786039130054 4126.481125863142 -8.632194221959293e-05 0.3329377449206111
1.3350199748955591 0.5442283003626014 4951.232440163695 0.00016558939849969074 0.7612928734513906
1.362801902577719 0.5771328633186179 4449.412907480385 -0.0006211558045194504 0.7138228467327992
1.362801902577719 0.5771328633186179 4449.412907480385 -0.0006211558045194504 0.7138228467327992
1.241549181222356 0.6864888666675234 4915.00031726203 2.7968065426675067e-06 0.7268173087375911
1.241549181222356 0.6864888666675234 4915.00031726203 2.7968065426675067e-06 0.7268173087375911
1.3050391755133333 0.6301799661285563 4128.704379987474 -0.00012789078086413862 0.5822372939666133
1.3050391755133333 0.6301799661285563 4128.704379987474 -0.00012789078086413862 0.5822372939666133
1.3255516654126678 0.6123341666402325 4164.380410663563 7.892041884760337e-05 0.46178552870635226
1.3255516654126678 0.6123341666402325 4164.380410663563 7.892041884760337e-05 0.46178552870635226
1.5424163499803414 0.6294218156267836 4442.671209018211 0.00028429830358939055 0.9646093423479951
1.5424163499803414 0.6294218156267836 4442.671209018211 0.00028429830358939055 0.9646093423479951
1.3138788284985763 0.649070283451169 4954.996407947239 -0.00021128203581091714 0.9279727277816263
1.3138788284985763 0.649070283451169 4954.996407947239 -0.00021128203581091714 0.9279727277816263
1.3397815280065704 0.6003745745727554 4427.6831148611045 0.0005742481760742854 0.6973443509662534
1.2608403259078726 0.6727974918185804 4454.174708234114 -0.00043447780734411485 0.4641367029593815
1.4455549797356744 0.613525608484952 4467.780503292336 0.0002479734363650805 0.7453585541324407
1.293991788539599 0.6569996499177526 4421.58189232002 -0.001113492348579267 0.6325458048936861
1.2356738389921225 0.603372699075819 4948.057409514728 0.0001878958944393591 0.6963565917986182
1.546119482002531 0.644562794975519 4643.209706108561 -0.00012957637515842842 0.8216630715324976
1.546119482002531 0.644562794975519 4643.209706108561 -0.00012957637515842842 0.8216630715324976
1.2363808614177885 0.6341585477640401 4918.062791171809 -2.2718546881171266e-06 0.8344925969577992
1.2363808614177885 0.6341585477640401 4918.062791171809 -2.2718546881171266e-06 0.8344925969577992
1.319010991204571 0.6877476423865976 4087.012290728523 0.00022706651710930494 0.6573785654047805
1.383612951552005 0.6690225048630463 4750.770915083051 -0.0004388960106643529 0.7400648169921666
1.28550059254112 0.574473221973538 4629.211932415846 -0.00013115555624004067 0.7104024974065578
1.2562964664867395 0.6880469312487958 4728.943063073655 -0.0001031717326398922 0.6436025262055376
1.4315790963301842 0.6011651560015396 4677.990897453068 -0.0002011649336815408 0.8153765256546228
1.4315790963301842 0.6011651560015396 4677.990897453068 -0.0002011649336815408 0.8153765256546228
1.4781034625030829 0.6608329141323253 4799.748384159979 -0.00014391005668640448 0.9194855787097111
1.3305871843569028 0.5890871559350489 4553.870386694762 0.001045519880852062 0.692872312552619
1.3519681918073145 0.6531981288642025 4402.941821587453 -9.921621902883799e-05 0.9036209837821854
1.317614537016996 0.6656834575701096 4873.303435181198 0.0004237616973094867 0.809829561093914
1.2417712676303445 0.6245362460216568 4908.212924147382 -0.0005931261806655606 0.7828920323603537
1.2417712676303445 0.6245362460216568 4908.212924147382 -0.0005931261806655606 0.7828920323603537
1.3106768839212557 0.6155152748559488 4421.806128877582 -0.00016729115131059103 0.6857497111490214
1.286344834793174 0.6463356348890593 4827.470009363558 -0.0006172372618062978 0.7890203189621664
1.3232093227470763 0.6405742043464185 4797.730472698805 -0.00011474401343323831 0.9686552388069789
1.424634857228388 0.5893692020363901 4329.589919916127 -0.000502507559733112 0.7595934322220315
1.1070279485718961 0.6024411681442297 4912.056697427173 0.0003162400581721858 0.3263255660940175
1.1070279485718961 0.6024411681442297 4912.056697427173 0.0003162400581721858 0.3263255660940175
1.0979350023400942 0.6907605107256707 4941.778617793277 3.061425525176017e-05 0.2847915999393166
1.0979350023400942 0.6907605107256707 4941.778617793277 3.061425525176017e-05 0.2847915999393166
1.3484908148689407 0.5757273956234029 4618.93357825273 -0.00030448545569208775 0.7511674753664084
1.3484908148689407 0.5757273956234029 4618.93357825273 -0.00030448545569208775 0.7511674753664084
1.1441875184481582 0.6845503370274355 4977.213440987471 0.00031814437240201506 0.33260905320751566
1.1441875184481582 0.6845503370274355 4977.213440987471 0.00031814437240201506 0.33260905320751566
1.2935554613673719 0.5979853827162382 4452.316999547661 -0.0006154345381363999 0.7058231434401687
1.2935554613673719 0.5979853827162382 4452.316999547661 -0.0006154345381363999 0.7058231434401687
1.3735100515479342 0.5909986999512293 4606.267161624713 2.123712031200319e-05 0.7452387127964171
1.1540432117801402 0.6612326572794027 4510.352824454881 -0.00042197289541074333 0.31172455028625806
1.1540432117801402 0.6612326572794027 4510.352824454881 -0.00042197289541074333 0.31172455028625806
1.2514047566509143 0.6307484568664546 4852.603958331504 -0.00014548637583697586 0.5415047639538946
1.309894089294517 0.6879567530347916 4257.325144190568 0.00030131075341361356 0.4265167900124995
1.309894089294517 0.6879567530347916 4257.325144190568 0.00030131075341361356 0.4265167900124995
1.147813170668104 0.5818779966717955 4709.135375486019 0.000266648068186269 0.2981830301824819
1.487268865199991 0.6221700397078707 4092.6403176818258 -0.00026672521500113445 0.7749578606138553
1.3214751559913926 0.72199919711858 4943.717708099982 0.00015603685418030957 0.8635301161968674
1.2413794137088316 0.6163796426725725 4562.213995235744 -0.00047288449485030946 0.6109659776639474
1.2413794137088316 0.6163796426725725 4562.213995235744 -0.00047288449485030946 0.6109659776639474
1.415262909367617 0.6168355347339288 4676.92638161918 0.00024152057469647157 0.844233585738356
1.1142838121033272 0.6242464835024039 4655.958302412745 0.00029702048643409163 0.29088138979574135
1.3331037098759282 0.646345114016294 4915.665516861777 0.0004347265619739079 0.928044855956356
1.1607738273714319 0.714606388253335 4743.218969988973 0.00016931762085069382 0.34225320378136537
1.1607738273714319 0.714606388253335 4743.218969988973 0.00016931762085069382 0.34225320378136537
1.3251942513097452 0.5928680093763143 4567.125430627925 4.951430473859519e-05 0.811282670359821
1.3251942513097452 0.5928680093763143 4567.125430627925 4.951430473859519e-05 0.811282670359821
1.2084855518723163 0.6547425318565842 4845.290615690986 -0.00040943134024813726 0.6098093137897008
1.2084855518723163 0.6547425318565842 4845.290615690986 -0.00040943134024813726 0.6098093137897008
1.1745912898264754 0.6541451072138796 4642.436610382103 -0.0004253820509954404 0.3112671292901409
1.1745912898264754 0.6541451072138796 4642.436610382103 -0.0004253820509954404 0.3112671292901409
1.340712005176956 0.6792712125766748 4873.215382511561 0.00015860478865948786 0.944584361865671
1.340712005176956 0.6792712125766748 4873.215382511561 0.00015860478865948786 0.944584361865671
1.314714219412326 0.5543796445140368 4772.445822605118 0.000408063314139857 0.6753266129668625
1.2995056484305882 0.6000948212663688 4622.133076793381 0.0003121117020278302 0.717649605516151
1.4447156828105356 0.628251646079239 4476.549726655082 0.00044130532303490266 0.7843692041891095
1.3178198366126481 0.627939054322739 4242.728041337226 0.00017558057557897234 0.7634927271207445
1.5074162326108569 0.6047332339038651 4655.232712080384 0.00027391210399168095 0.7156582462214212
1.5074162326108569 0.6047332339038651 4655.232712080384 0.00027391210399168095 0.7156582462214212
1.3882988904561062 0.5912727558458181 4647.3874838610045 1.919789602649054e-06 0.7882500790040731
1.3852221354173073 0.6247304003824525 4252.3573515172975 -0.0003304139451819295 0.7788093437855875
1.2103818715755827 0.626061987677294 4143.408536876071 -0.00047185825970396425 0.3835688398504761
1.1226560970234771 0.6741193581264768 4490.808661241011 -0.00043903645607429857 0.2930369552633504
1.2956426588132899 0.6581020111067875 4743.117615825362 0.0004593665005210738 0.8032475861012903
1.295456371758972 0.5869536450574859 4891.751795925322 -0.0004638189966524328 0.5805613403191523
1.339562947239274 0.6631337892625624 4573.988592875759 -0.0007072389361000017 0.8846560653380917
1.327592478432984 0.573363116533234 4876.937573938324 -1.2808443216851412e-05 0.7541586269244902
1.327592478432984 0.573363116533234 4876.937573938324 -1.2808443216851412e-05 0.7541586269244902
1.2698444322310987 0.7257065265454171 4615.661444724945 0.0004990805512690548 0.38038266708523333
1.2698444322310987 0.7257065265454171 4615.661444724945 0.0004990805512690548 0.38038266708523333
1.3679846504379547 0.6025833595491032 4136.761139960492 -0.00030997138079320906 0.804010294583875
1.3441807203648728 0.6422015892224922 4874.481892265819 0.00023207008118118988 0.9065378972033427
1.329242206611138 0.5486595616735865 4761.35611054769 -0.00026507966420686495 0.7470866657061677
1.505032269379576 0.6272932900320014 4080.5405769956683 -0.0002352036151647372 0.7877299803604637
1.459103954216125 0.6081776821822904 4940.6720233447595 0.00013808559722397302 0.7904368244533748
1.459103954216125 0.6081776821822904 4940.6720233447595 0.00013808559722397302 0.7904368244533748
1.2037870072117427 0.6707848718541689 4999.469748577997 4.745708377047512e-06 0.5486300156459955
1.2498377378262318 0.6988023727186164 4573.651602544129 -0.000683104157128008 0.830265202309233
1.4483251069325276 0.6141079606106794 4550.251409255842 0.0005001489284295157 0.7353110612413086
1.4483251069325276 0.6141079606106794 4550.251409255842 0.0005001489284295157 0.7353110612413086
1.3267175455071691 0.6273494442920908 4909.157598845699 -0.00026783278286262815 0.7203280759744326
1.3186450066519388 0.5622253758307892 4903.185544154015 -5.072998317194496e-05 0.6619331831210649
1.2486736791726538 0.6395812754809255 4136.695105445179 0.00035262880266599694 0.5296091536502958
1.0793860288966792 0.5841383372203186 4832.949187860564 0.00042507478879799454 0.2889171545274041
1.1752161778029666 0.6372750334398012 4875.6661294016 7.577033585622728e-05 0.3521689486640581
1.1695550942307527 0.7049862851274741 4140.833149707743 0.00017591257369114352 0.30531756133332094
1.1695550942307527 0.7049862851274741 4140.833149707743 0.00017591257369114352 0.30531756133332094
1.4068734955070346 0.6070376877085051 4465.240941068344 5.872430962405793e-05 0.7887806478507278
1.3090765178846984 0.651945497557441 4787.173590019722 -1.970824606051886e-05 0.906039484533702
1.4427119661564323 0.6007239404266616 4838.15422688054 -0.00033805896704202086 0.8240091678352075
1.4427119661564323 0.6007239404266616 4838.15422688054 -0.00033805896704202086 0.8240091678352075
1.4408718359198232 0.6498971937241993 4272.9776630924225 -0.0006487356578315738 0.879771923663437
1.316490161876028 0.5932815264766775 4814.8326518074755 0.0001135308488643414 0.5636326725482477
0.9973770004400339 0.620286303770031 4728.497482182616 -0.0001361125918304619 0.2777229272484227
0.9973770004400339 0.620286303770031 4728.497482182616 -0.0001361125918304619 0.2777229272484227
1.4397633544294208 0.5946748815501651 4092.623251605932 -0.00044996828354446614 0.834580260714708
1.5664272496741845 0.5678041060374934 4169.443363792207 0.0003326372261036923 0.7081465316376778
1.2764564954373245 0.5867073508819117 4722.777497003735 0.0002970254407284456 0.7965739340722129
1.2089544003711419 0.6056158729565504 4447.619234265555 0.00038719183308554716 0.6189174671971394
1.2587738893521556 0.6857979858584504 4728.777076323372 0.00022569955594384543 0.7594817424619691
1.2587738893521556 0.6857979858584504 4728.777076323372 0.00022569955594384543 0.7594817424619691
1.1882512442725017 0.620430912459544 4817.3037572352205 -0.0003918896244127513 0.3684212362594345
1.3355574604347362 0.5890509673454616 4705.982347763248 0.00010766243775411029 0.8051793103742779
1.3355574604347362 0.5890509673454616 4705.982347763248 0.00010766243775411029 0.8051793103742779
1.3935985314239552 0.547964694029212 4454.534214076368 -0.0001728128020259618 0.7350001780200608
1.3124125638942674 0.649710823539335 4377.319570533723 1.1485764637734107e-06 0.8572149688978666
1.3124125638942674 0.649710823539335 4377.319570533723 1.1485764637734107e-06 0.8572149688978666
1.482373821403859 0.6334584287725141 4540.514818468641 -0.00015829840078737157 0.8496676306547474
1.3455153646166926 0.6844239714278363 4776.1082860263095 9.791687825409313e-06 0.7164123902964972
1.3455153646166926 0.6844239714278363 4776.1082860263095 9.791687825409313e-06 0.7164123902964972
1.2429538093099233 0.6012003860227669 4686.5534025314 0.0003503890454963979 0.7083677055137227
1.2429538093099233 0.6012003860227669 4686.5534025314 0.0003503890454963979 0.7083677055137227
1.280002301200387 0.6513853544321266 4212.996746862275 -0.0006520124504820864 0.37449269209675845
1.4006870793769473 0.6815376306316127 4821.016565930934 0.0007241183076660609 0.9221147181447468
1.4052282097488655 0.6066935741609841 4552.892768877846 3.221216057087799e-05 0.834170530018574
1.2518837917916295 0.5738471756441667 4898.892501110597 -2.014754239958341e-05 0.6117112018613191
1.2518837917916295 0.5738471756441667 4898.892501110597 -2.014754239958341e-05 0.6117112018613191
1.2968832046463707 0.5829156516066714 4837.128067755828 -0.0004032466449019026 0.8144380251038823
1.4304916273885953 0.5902486936984764 4972.5344878687865 0.00020222363258201728 0.7236551269660755
1.3778942092274395 0.5847702719513181 4818.743835392408 0.0006743688916090176 0.7894125802873271
1.5289594942686613 0.6819384135357783 4709.987835183409 0.0002427138151789994 0.9813773448364504
1.3636854551140138 0.6361928111014155 4908.295341404365 -0.00036110556235869484 0.8280965449519921
1.305722830257787 0.6470862435760945 4700.571188827265 -0.0005259857151653546 0.7176666247323973
1.5302856490817134 0.5843483799397882 4603.374951284053 0.0005408510109789073 0.7758280934890489
1.1033452389455594 0.5917651240031062 4866.488621526654 -9.387456261687757e-05 0.3675164595487802
1.3940699775186673 0.6504291647107485 4947.417453982878 -0.00016917129581099107 0.8183046061533913
1.3940699775186673 0.6504291647107485 4947.417453982878 -0.00016917129581099107 0.8183046061533913
1.361417184921307 0.5539042405306172 4741.035744509176 9.66141166688979e-05 0.7802019143410531
1.0954703604330767 0.6677062229129095 4982.465735297371 0.00010003972110770679 0.30193855183147755
1.326050272634825 0.5835628241090414 4905.756602501535 0.00032229675369175085 0.826935203608399
1.2726451402361403 0.6643026001242099 4721.878040256048 0.0003151927610131652 0.9231646061032863
1.114844500453055 0.6907543965640417 4852.65121963774 0.00011563335378672245 0.29110090541408423
1.114844500453055 0.6907543965640417 4852.65121963774 0.00011563335378672245 0.29110090541408423
1.21570831154192 0.6056192926190225 4855.600523449974 -0.0004947931330923598 0.4532137585848076
1.21570831154192 0.6056192926190225 4855.600523449974 -0.0004947931330923598 0.4532137585848076
1.4183062604427366 0.6057914229330517 4229.407295308188 -0.0007750099938246412 0.7316976242687221
1.3783477912336057 0.5764448192868472 4821.988235111355 -0.00011809617639331029 0.8013597474848982
1.3411607975112436 0.6795467536076437 4204.793450403981 0.00011676667442569251 0.8704568742417861
1.329993107572523 0.5688956096177301 4859.43317201257 -0.00011609154776153353 0.8138999324410723
1.2495380378314846 0.5683266649571049 4235.66400813013 4.44681005150237e-05 0.765202608243447
1.2495380378314846 0.5683266649571049 4235.66400813013 4.44681005150237e-05 0.765202608243447
1.3432845475234245 0.6560513359348472 4540.792269951862 -0.00010587511549922706 0.688229675550615
1.3432845475234245 0.6560513359348472 4540.792269951862 -0.00010587511549922706 0.688229675550615
1.3223718544913279 0.5572658905578862 4845.7954872761675 0.0005345766858006748 0.7005157288185517
1.1179741107395453 0.6316335609734514 4202.223602043844 0.0002099544929765259 0.287032900749086
1.176728243420159 0.5730148833326064 4902.379637163422 -4.968468213299425e-05 0.45812447451682853
1.2547378949426344 0.6872539700704458 4553.895040591124 -0.00036130884203727873 0.633182539191409
1.2547378949426344 0.6872539700704458 4553.895040591124 -0.00036130884203727873 0.633182539191409
1.386272232644548 0.6375108239128119 4571.046784618256 -7.071255858649243e-05 0.8700476331999762
1.386272232644548 0.6375108239128119 4571.046784618256 -7.071255858649243e-05 0.8700476331999762
1.1485506223289197 0.6157126532285346 4541.659326049053 0.0006271237446732398 0.3936568741460026
1.4098666597828464 0.5908595059417983 4308.392880803115 0.00016746795871952738 0.7205569051800338
1.0937419516629532 0.6150253607944534 4303.811666028689 -0.00015858714795102086 0.2957304927211831
1.371514477310818 0.6621874145737077 4873.897584130445 3.54463425035922e-05 0.9432260729657851
1.371514477310818 0.6621874145737077 4873.897584130445 3.54463425035922e-05 0.9432260729657851
1.2659097351918258 0.615019979589275 4956.621238623338 -5.679835794005212e-05 0.5900181973612654
1.3138329722157995 0.5808650411036644 4567.131806088036 0.0004849330825684332 0.7409017396656437
1.0787715908960835 0.6285325335156657 4847.581604255992 0.00018794632336541846 0.29284817761084314
1.204564982219751 0.6248554923358345 4945.061443987517 0.00017911281457868498 0.3573650788327349
1.3278647974282007 0.6829740688151448 4512.162758685768 0.0002104235845660529 0.6785755578789693
1.3278647974282007 0.6829740688151448 4512.162758685768 0.0002104235845660529 0.6785755578789693
1.576147589433381 0.6349763705110218 4615.047295744626 0.00012970829436716543 0.8070236180881044
1.576147589433381 0.6349763705110218 4615.047295744626 0.00012970829436716543 0.8070236180881044
1.354498043932984 0.6445169031135175 4463.548532516249 1.4789680021760685e-05 0.826702102007852
1.354498043932984 0.6445169031135175 4463.548532516249 1.4789680021760685e-05 0.826702102007852
1.3822806217875192 0.6713808190795854 4201.7584019810565 0.0002233579194727875 0.6202871188358683
1.3461958644938155 0.6439352208548935 4525.333497352647 -4.1736403794453415e-05 0.8499327260470351
1.3255927199330466 0.6607011911904102 4609.990597705549 0.00021524073303905427 0.8790204095815424
1.3255927199330466 0.6607011911904102 4609.990597705549 0.00021524073303905427 0.8790204095815424
1.4255305721946103 0.6024347728313273 4939.25685047337 -7.484057505691648e-05 0.6988173103605659
1.4255305721946103 0.6024347728313273 4939.25685047337 -7.484057505691648e-05 0.6988173103605659
1.4150002266956527 0.6236804932657198 4469.1606007474065 0.00024499156070809466 0.8021566129184315
1.4150002266956527 0.6236804932657198 4469.1606007474065 0.00024499156070809466 0.8021566129184315
0.9716851650473821 0.5844658440044046 4539.464264050663 -0.0003293209883637679 0.2748549251136631
1.473908452394189 0.6251390256734369 4991.924126097621 5.659134735947351e-06 0.8152296769543081
1.373934392716038 0.7196397166761548 4557.625667227944 0.00040061196109167217 0.8756422852765566
1.2403359138977148 0.6614388413369577 4924.8682724343935 -0.00029441787168628885 0.6673891577520077
1.2403359138977148 0.6614388413369577 4924.8682724343935 -0.00029441787168628885 0.6673891577520077
1.226770624531728 0.6740763285436997 4830.818992522796 0.0005773812023047154 0.8820785139435618
1.0996557586368394 0.6335502184771091 4886.37757800607 -0.000950238945212308 0.2867297356209435
1.3937512689460325 0.6414968588900374 4799.166296442972 -0.0002644605245962524 0.8131201950929168
1.217751231332381 0.5944280639092399 4861.037103528959 -0.0004402883857689359 0.6386867167782412
1.3390553335323079 0.5871886855619584 4876.37851433273 0.0005046932504251983 0.8355810235639043
1.3390553335323079 0.5871886855619584 4876.37851433273 0.0005046932504251983 0.8355810235639043
1.3285687206500265 0.6041663128063549 4985.7149807885025 9.156395379869655e-05 0.6450855955239059
1.3888839411570926 0.6399261610272928 4828.147555228676 0.00022917781462900746 0.8033423033117748
1.4774880502186076 0.6358342636124259 4813.90785011609 1.345077456406364e-05 0.8530804049764298
1.4774880502186076 0.6358342636124259 4813.90785011609 1.345077456406364e-05 0.8530804049764298
1.2695290119639986 0.6302786811208173 4465.828353979096 0.000530227663271278 0.6264288660602356
1.3050757670592934 0.6445836214424109 4600.606649687024 -2.133145113201387e-05 0.6918904827858272
1.3050757670592934 0.6445836214424109 4600.606649687024 -2.133145113201387e-05 0.6918904827858272
1.3078085627823293 0.6167649829873139 4947.6980305161205 0.000784778493519446 0.6788414598780754
1.0720820411818681 0.6473144724960485 4760.506143220507 -0.0001735190829221659 0.2712266445245556
1.4443326912531966 0.582801317170563 4713.630463088882 0.0004868589256209222 0.7411569485234722
1.4443326912531966 0.582801317170563 4713.630463088882 0.0004868589256209222 0.7411569485234722
1.2564691374812897 0.7058280262586571 4999.04564237834 -0.0003082369513548037 0.8741491181519565
1.3528156474847757 0.6007246561024245 4095.6445889755873 -0.0008176572597527366 0.7242690581332047
1.3528156474847757 0.6007246561024245 4095.6445889755873 -0.0008176572597527366 0.7242690581332047
1.4261545876301933 0.6279436817604882 4931.290054173636 -5.634038232289855e-05 0.8241947188171692
1.2884629472380347 0.5998887113803664 4650.6793158155815 -0.0003058030086083419 0.5575222546946889
1.0264900799012713 0.6501117268982719 4809.9404633168615 -0.00042512018222320096 0.2873670647251008
1.0264900799012713 0.6501117268982719 4809.9404633168615 -0.00042512018222320096 0.2873670647251008
1.305460416773038 0.6280506781429935 4751.799033258513 0.00011823764141404108 0.5616194481320933
1.3229285460242628 0.7048430290413331 4674.7564317247015 -0.00025506239578766845 0.5434206364130038
1.3229285460242628 0.7048430290413331 4674.7564317247015 -0.00025506239578766845 0.5434206364130038
1.285031829630183 0.6913289927831875 4679.815021627404 -0.00011961999685182173 0.7367286431929774
1.285031829630183 0.6913289927831875 4679.815021627404 -0.00011961999685182173 0.7367286431929774
1.2453336492346871 0.6273062193096987 4861.043095574261 0.0001431966183713821 0.6487976247768067
1.4432443561200685 0.6015155887084669 4773.711470695229 0.0002621762950387396 0.7300011580980234
1.3215744063142862 0.6383137199346272 4084.367131539078 0.0002546940193811348 0.8112509675664639
1.3215744063142862 0.6383137199346272 4084.367131539078 0.0002546940193811348 0.8112509675664639
1.18748446235399 0.6080374997949345 4644.610039023829 0.0002925085863693157 0.41789117190871616
1.18748446235399 0.6080374997949345 4644.610039023829 0.0002925085863693157 0.41789117190871616
1.0570552416453265 0.6009230029358906 4829.873631989217 -0.00042700700900806326 0.2757113451516552
1.0570552416453265 0.6009230029358906 4829.873631989217 -0.00042700700900806326 0.2757113451516552
1.3723301254235096 0.6881972115048244 4193.863446829688 0.00031026218215807926 0.891406051680742
1.3723301254235096 0.6881972115048244 4193.863446829688 0.00031026218215807926 0.891406051680742
1.324430526891132 0.6263017260758763 4964.785554824398 0.00018626176549035755 0.7613790184602323
1.314837690352841 0.5605816705038255 4979.771465429591 -6.307207753232673e-07 0.6987047573213517
1.5738563447954812 0.5527408201228192 4257.260737819859 0.00011626010889263737 0.6732973044820743
1.344718218602828 0.5891475603089629 4933.054305961718 -0.00027269043261493755 0.6746543621284216
1.344718218602828 0.5891475603089629 4933.054305961718 -0.00027269043261493755 0.6746543621284216
1.5162272795817788 0.5348505831743919 4046.4163310690606 -0.00013897890636868973 0.7054873692234347
1.2398884125059513 0.5625788638238343 4809.775414640203 0.00047700367587410553 0.7763768521090723
1.3128590593071072 0.649335350865143 4904.85342071358 2.477624145692023e-05 0.8327168305591499
1.2612621484589497 0.5348910978478151 4948.347523031919 0.0005453395952520587 0.6363738699926593
1.3385567694098792 0.6823159454352251 4921.408503247922 0.00015783934901688983 0.7794062343335303
1.3385567694098792 0.6823159454352251 4921.408503247922 0.00015783934901688983 0.7794062343335303
1.2786193944764026 0.6548946551878188 4421.715550278822 -0.0003431838363245124 0.568507665082563
1.449579506816584 0.5328872176946953 4766.291475749791 -0.0006145741687734418 0.6778369718802384
1.449579506816584 0.5328872176946953 4766.291475749791 -0.0006145741687734418 0.6778369718802384
1.386231189190448 0.5449120998509188 4858.210944652355 0.00029935553819039715 0.785763832516617
1.386231189190448 0.5449120998509188 4858.210944652355 0.00029935553819039715 0.785763832516617
1.4859982423304399 0.5510761003080065 4536.944988493729 0.000689233217569788 0.8185687176600052
1.3044730699654927 0.7145456954076854 4650.073764238439 -0.0003106162444666303 0.7341325576214853
1.2125110492769715 0.6121787543404031 4957.308418342133 3.3196442529003945e-05 0.3969037899442208
1.3443937687259435 0.7259943528228203 4468.3672251548915 -0.00021265219970477816 0.4779715471396773
1.158787442945537 0.6528890255272887 4551.553196197388 0.00032798847676258257 0.3025627034163303
1.3917976060111457 0.5888832905660513 4316.362123988706 5.79574477823949e-06 0.77285557471601
1.4710120756858687 0.614381833503938 4536.969133645518 0.000316021789751392 0.9397934521462645
1.241696895994917 0.6102838426010546 4873.284798964398 2.4821428066467955e-05 0.5141319167322989
1.3582812178881523 0.5660562078121898 4927.896616102966 -0.0006462854882282352 0.8623366970735764
1.3648901686746508 0.5993415418564642 4502.935523393243 -0.000538577601584596 0.7830143126817141
1.236697264140202 0.6099298968283964 4730.457387316664 0.00027671936874671554 0.5912366748578453
1.4026793360710146 0.5912317261099815 4599.522671163082 8.253936497177964e-05 0.7041137218475342
1.167027246563825 0.6056034686342787 4825.392739803227 0.0003131904261060208 0.38458523879000994
1.167027246563825 0.6056034686342787 4825.392739803227 0.0003131904261060208 0.38458523879000994
1.4795245102302865 0.5447366410728145 4351.327834975379 -0.000335209923470093 0.7325190503446419
1.4795245102302865 0.5447366410728145 4351.327834975379 -0.000335209923470093 0.7325190503446419
1.41592247025055 0.5831234325861201 4210.007373791833 -0.00017276933370313115 0.7161170115908293
1.0642212428288416 0.6270689758827139 4982.557418498798 -1.0925002483590832e-05 0.2818907658792973
1.0642212428288416 0.6270689758827139 4982.557418498798 -1.0925002483590832e-05 0.2818907658792973
1.1934967743690026 0.6049870081115447 4671.480419003372 -0.000290787835014934 0.3328674060962054
1.1934967743690026 0.6049870081115447 4671.480419003372 -0.000290787835014934 0.3328674060962054
1.3673299339377993 0.5990376467951359 4712.443963062415 -0.0004554135512168122 0.7573350030536343
1.3101417487983666 0.6647100298083903 4765.4642926315 0.0005746644692009589 0.7951550416603015
1.2695524619251277 0.6184064731004528 4634.379180511978 -0.00022592472216698356 0.43962413473570483
1.2695524619251277 0.6184064731004528 4634.379180511978 -0.00022592472216698356 0.43962413473570483
1.4118444737511124 0.5715654153825918 4779.491001118551 -0.0004048289115508047 0.6820223399576272
1.4134216013876504 0.6359481617639626 4384.494655106603 -0.00013024118175487817 0.8116668879036072
1.1955443563972346 0.6049295140774202 4526.189798932488 -0.00048017448315238636 0.2900514994194354
1.2462399585328074 0.6481939964081816 4489.214294528492 -0.00017530531860021867 0.7901052478530146
1.2462399585328074 0.6481939964081816 4489.214294528492 -0.00017530531860021867 0.7901052478530146
1.448122594308844 0.6493055703349229 4537.417608204274 3.726734635736092e-06 0.849537259828157
1.40171675036264 0.536091983963652 4453.562998285323 -1.3733716863292748e-05 0.7786061878453588
1.40171675036264 0.536091983963652 4453.562998285323 -1.3733716863292748e-05 0.7786061878453588
1.2611293691761225 0.6004369562914267 4964.450935104417 0.00013180471390719626 0.4589639436084151
1.2916157103936023 0.6057821409081983 4617.616244219465 -0.00033731084380562483 0.7859803412368407
1.1359858732748795 0.6208449102723276 4666.646001976977 0.0002982108874197765 0.40025056640421497
1.1359858732748795 0.6208449102723276 4666.646001976977 0.0002982108874197765 0.40025056640421497
1.3599526174507073 0.5482443485652566 4466.455592930847 -0.0007049192135505907 0.6449712803126899
1.209386504049015 0.6548989664674396 4498.877274222938 -0.0004453919008126249 0.670597375390575
1.2338750818557607 0.641793838249535 4788.561367709594 0.0003071476101182162 0.6544129416781276
1.2105166898036572 0.6608672644229323 4046.13057447464 -2.9919979188229143e-06 0.3437145930349066
1.2105166898036572 0.6608672644229323 4046.13057447464 -2.9919979188229143e-06 0.3437145930349066
1.4239595980842519 0.5801836339817612 4821.757414727435 0.00022883419132229484 0.8325697991218047
1.362157145775475 0.6274107109827237 4766.924621780687 -0.000553546966433235 0.7798337660891193
1.362157145775475 0.6274107109827237 4766.924621780687 -0.000553546966433235 0.7798337660891193
1.3301680506981723 0.6120582541677577 4818.180394314186 -0.00025594711887959933 0.7964507595926362
1.3301680506981723 0.6120582541677577 4818.180394314186 -0.00025594711887959933 0.7964507595926362
1.260600357772772 0.6462404343114123 4263.314698640823 3.2445964136088544e-05 0.7838047706638465
1.281128870607343 0.6378368839992933 4442.784986527475 -0.0004415003812320019 0.39490642196262693
1.07935813218782 0.6714466780548226 4922.7362916511665 -0.00026436038969349925 0.29175903417145876
1.3875296505136463 0.634679985817986 4685.324732716224 0.0006445163061092261 0.7905224657226237
1.2405511623297194 0.6015722599944723 4599.590560813807 0.00030009208105353504 0.5722058291512766
1.3269949732006379 0.6600502998188023 4512.796382703335 -0.00011553343381599293 0.6304612628752639
1.3269949732006379 0.6600502998188023 4512.796382703335 -0.00011553343381599293 0.6304612628752639
1.4213309085495576 0.6201634963973859 4369.317332758106 -0.0002970576891264821 0.7944958961576505
1.2289314779081502 0.6239679600299427 4847.469822490097 1.2342280203001082e-05 0.7609287503961947
1.2289314779081502 0.6239679600299427 4847.469822490097 1.2342280203001082e-05 0.7609287503961947
1.2819688495978367 0.6958106806057965 4884.28501846286 9.435263910033378e-05 0.9273728301025943
1.2810660974035513 0.6766693743841559 4976.371692583913 -0.00013809087115973766 0.8814786816731408
1.2810660974035513 0.6766693743841559 4976.371692583913 -0.00013809087115973766 0.8814786816731408
1.3658419551086833 0.5880297197001499 4687.238136271425 0.00032800430616288114 0.7728599341896745
1.3618885305948183 0.6221841522590859 4781.98212884508 -0.0004373554094691593 0.7563163521628944
1.342419113914876 0.5350784840443223 4888.396549719069 -0.0002560209277246658 0.6608380021877401
1.3722205183917282 0.661280516903662 4700.784536093358 -0.00041247521537015485 0.8361313960381284
1.1389688853755615 0.642424397357848 4577.643294150311 0.0002690024459445221 0.3821653850792946
1.1389688853755615 0.642424397357848 4577.643294150311 0.0002690024459445221 0.3821653850792946
1.3520508386429357 0.6191912596967595 4684.621357391664 -8.058986570660137e-05 0.7774206789156769
1.2755214245404318 0.6935484041935653 4570.6765148853265 -0.0002949435346905051 0.7924306845645306
1.5314144276517392 0.6353160577904469 4635.816166931983 -0.0007034066552328706 0.8841008166255767
1.5283016228062398 0.5869246943947606 4092.7457451386053 -6.584148540713885e-05 0.8020880665906973
1.3672729162338233 0.5958153223641081 4964.343797617189 -0.0009070468732189083 0.8321512031924777
1.3672729162338233 0.5958153223641081 4964.343797617189 -0.0009070468732189083 0.8321512031924777
1.5010111243092814 0.6320116778936002 4257.05084744267 0.00024385182656510033 0.7833862431357378
1.5010111243092814 0.6320116778936002 4257.05084744267 0.00024385182656510033 0.7833862431357378
1.4613257762151501 0.7119905307483617 4105.09169349839 0.0001537982241477947 0.9324513422096732
1.4028084599249655 0.6284010191420064 4445.505607506376 -0.0006507903146604565 0.7693150581812436
1.4028084599249655 0.6284010191420064 4445.505607506376 -0.0006507903146604565 0.7693150581812436
1.302259077292123 0.551533981718155 4235.924166936964 0.00031520854792069057 0.7655966895746343
1.435079740566078 0.6649382326312032 4096.448051987987 -0.0005373962625808511 0.850656914297012
1.5213046789604312 0.569763145289607 4236.044852265776 -0.0006397387728710575 0.7268772960417149
1.5213046789604312 0.569763145289607 4236.044852265776 -0.0006397387728710575 0.7268772960417149
1.4307543864892946 0.632402085512562 4039.354300132405 -0.0008656132664229161 0.8895169550826073
1.4475191024489513 0.6268042831921548 4776.3854334823745 -0.00024750289621239366 0.7931556145781817
1.4475191024489513 0.6268042831921548 4776.3854334823745 -0.00024750289621239366 0.7931556145781817
1.3725590758032835 0.6681341596684607 4512.443510050494 0.00023748761834269772 0.8091120723580184
1.2776818195717017 0.6599389758583769 4757.15672351921 -4.155927577068927e-05 0.8584380420606531
1.1336138859206037 0.6190849602748951 4539.838156611334 -0.00018019324471736054 0.2959839095837982
1.1336138859206037 0.6190849602748951 4539.838156611334 -0.00018019324471736054 0.2959839095837982
1.4457010966345591 0.6482708618524664 4275.043662750011 0.00015925512709748878 0.8341002905187314
1.1462752888034689 0.6345256251515393 4964.628606073952 -2.6022108169394783e-05 0.28306519204323144
1.256608008663335 0.6418804385355127 4797.532946501338 -0.000252755536648209 0.7352987392754385
1.256608008663335 0.6418804385355127 4797.532946501338 -0.000252755536648209 0.7352987392754385
1.4538454457033554 0.6020697568484517 4568.2528945092945 2.5959942788177934e-05 0.8438221794732931
1.395938346625375 0.5735340014006005 4846.824014111831 -0.0003668830959990485 0.7304814776045605
1.2934247479435197 0.6492491542567951 4286.2309933584675 0.0005783776436595436 0.8304897560499166
1.51227413680119 0.6492838220597257 4249.805460575666 -0.00015584382281419825 0.9690657046314387
1.51227413680119 0.6492838220597257 4249.805460575666 -0.00015584382281419825 0.9690657046314387
1.30550620736315 0.6062030118781343 4195.319905899641 -0.0003688681277669174 0.6375613628505744
1.2508176836424671 0.6166027579752873 4822.173253308144 -0.00025572960104206486 0.49290573251587516
1.524454962394147 0.6475972215690102 4840.201724332293 -0.0004110287666821284 0.9539730068665266
1.524454962394147 0.6475972215690102 4840.201724332293 -0.0004110287666821284 0.9539730068665266
1.334226530532589 0.6554321824622811 4832.523862077575 -2.5003539059567747e-06 0.7319245733885997
1.0998964890761789 0.5857780140020039 4937.5639543700345 0.0003199280834668473 0.300061145207545
1.2486079784283497 0.597528888598588 4645.480055944976 0.0004453963890657874 0.6789201844650292
1.3922644366682295 0.5743198497335866 4672.371411998525 -0.00029217272204289313 0.783055581895768
1.3428517770588089 0.665493020914339 4856.486268257658 -0.00021615373805859388 0.8881775396095987
1.3428517770588089 0.665493020914339 4856.486268257658 -0.00021615373805859388 0.8881775396095987
1.3773958517116447 0.5473646506706635 4182.95542932656 -0.00022600568905182215 0.7248979935589922
1.108902054375892 0.6438198687597189 4894.77878665834 -0.0003462873192695532 0.3293568625822001
1.2343057552900567 0.5595585647650663 4752.718666852997 -0.00016270358375067518 0.7839929805127571
1.3767964961250325 0.5902053120004922 4404.48743088445 0.0006455216529978574 0.7521114226297497
1.294294162083632 0.7002135158990173 4269.174074513739 -0.00010255991451342479 0.7411412123184304
1.4787682711220826 0.61528100889001 4221.25552567074 -0.0002617187554356834 0.8489042145076418
1.4129667442006033 0.6067722360713614 4615.747512538744 -0.00025760397564325376 0.7598977279067838
1.4129667442006033 0.6067722360713614 4615.747512538744 -0.00025760397564325376 0.7598977279067838
1.245780455034395 0.6499130878592574 4502.90134694059 0.00011555224934657885 0.4097737877936185
1.3513884116032293 0.598625453153428 4801.811891451801 -0.00025785974808047873 0.819543570024007
1.3513884116032293 0.598625453153428 4801.811891451801 -0.00025785974808047873 0.819543570024007
1.4075628387481398 0.621778296688686 4593.263625801128 0.0005977473501451581 0.7702334293420485
1.4395392436937153 0.5606610371745899 4671.941394979143 1.4842184161414543e-05 0.7952769501594897
1.4395392436937153 0.5606610371745899 4671.941394979143 1.4842184161414543e-05 0.7952769501594897
1.3422839705053298 0.6440071123282439 4882.132112616082 9.640974703046099e-05 0.915506866599022
1.5324473364517162 0.5849828443195308 4379.706283342653 -0.0007312825408426235 0.748860141494265
1.5324473364517162 0.5849828443195308 4379.706283342653 -0.0007312825408426235 0.748860141494265
1.5049969783963282 0.627674188137754 4775.801312771419 3.1362116874344874e-05 0.8587428689727266
1.28535038605711 0.5363651761235038 4613.279791903547 8.429269589238815e-05 0.6631807491284376
1.4830664125647885 0.6129284338656544 4585.450130891213 -1.1176864597082116e-05 0.9016873222492837
1.3293264446092175 0.635263262992215 4448.658280581306 -0.00016064671406299316 0.8412244162476151
1.3293264446092175 0.635263262992215 4448.658280581306 -0.00016064671406299316 0.8412244162476151
1.2900912124678412 0.6312072723696495 4601.960351318658 -0.0003905053933259359 0.7280649723923414
1.3229306098239944 0.6172425326615212 4521.127548072663 0.00017067951345535226 0.814699657665797
1.127057498753115 0.6410456508645097 4572.68927977856 -0.0007562353494426941 0.3027814640221077
1.127057498753115 0.6410456508645097 4572.68927977856 -0.0007562353494426941 0.3027814640221077
1.1048398879048953 0.5946574409541224 4794.089219229969 1.3223692152852704e-05 0.2897586802446417
1.3660423730814768 0.5855505036135371 4621.1002513318 0.0003783385203032203 0.730063394210776
1.3653734399599728 0.5588216853207961 4771.125123551859 0.0005448168462181434 0.7719731050052938
1.1237639620822324 0.6238938827941221 4674.233879984465 0.0002810089818417418 0.31674970197114927
1.1237639620822324 0.6238938827941221 4674.233879984465 0.0002810089818417418 0.31674970197114927
1.3337252081439057 0.612356146477599 4242.852196862886 0.000461247064329005 0.7740776972104435
1.3511994921966437 0.6252861239417717 4161.768746119669 0.00032840489075886627 0.7728355489820466
1.3511994921966437 0.6252861239417717 4161.768746119669 0.00032840489075886627 0.7728355489820466
1.3052345798874407 0.648295998377587 4295.349007585166 -0.0006184898571612205 0.7368468483187636
1.3134885622518506 0.6030758556754802 4921.145556453637 -0.0006910312198346522 0.5972203654830144
1.3993008553637172 0.6398238846118719 4668.536739420806 -0.00022042008077553224 0.8093014281293559
1.217331281961694 0.6632711973246638 4456.574255852477 -0.00029766245289153837 0.6546721273497735
1.062442207553217 0.673689217467949 4884.2991339375085 0.00017184422612331253 0.2829469630364091
1.1788582676736048 0.6319251871071202 4077.6342408178066 0.0003009697274177767 0.3597400120045714
1.257423502567706 0.6661639537924274 4849.03818651987 0.0004113971412713917 0.32483858882301764
1.257423502567706 0.6661639537924274 4849.03818651987 0.0004113971412713917 0.32483858882301764
1.2025761763226264 0.6444221453033367 4945.951172539601 -0.0004085779399397101 0.3780854681103246
1.3099947872231703 0.6406430496123321 4509.381307065616 0.00017521660566650573 0.7663725509089526
1.5070890521065723 0.6609001685329914 4747.652279513584 -3.334398289625239e-05 0.9085118234073832
1.5070890521065723 0.6609001685329914 4747.652279513584 -3.334398289625239e-05 0.9085118234073832
1.3417166242471312 0.6698928960572919 4650.408972144558 0.00011475470716664448 0.901690811977921
1.3417166242471312 0.6698928960572919 4650.408972144558 0.00011475470716664448 0.901690811977921
1.504200803375451 0.6033209950110736 4442.470454911146 -0.00045325490431222373 0.7845196892315445
1.504200803375451 0.6033209950110736 4442.470454911146 -0.00045325490431222373 0.7845196892315445
1.3661010725783753 0.5761454276114517 4235.2370887752595 -0.0003663648846371809 0.7260870009418807
1.3566072823595436 0.5227917537186691 4760.238056142629 -0.0007011656529961361 0.7638004974680767
1.3162699585822453 0.6168815354654281 4585.350009641459 -4.9575641209571475e-05 0.4748130909203608
1.2587492429657532 0.625957696447474 4569.092018854771 2.737112842724259e-05 0.4010113196693952
1.3060916424179436 0.7441951381757217 4751.042839902351 0.00032507332974089534 0.6067079625317381
1.3060916424179436 0.7441951381757217 4751.042839902351 0.00032507332974089534 0.6067079625317381
1.4185003735714015 0.5714147080391827 4561.709050065338 6.36347043904487e-05 0.6913929564778565
1.3166203564761112 0.6403179505839786 4972.965942123355 -0.0001508782300666673 0.8445140270039284
1.3166203564761112 0.6403179505839786 4972.965942123355 -0.0001508782300666673 0.8445140270039284
1.3258537140402105 0.5830042463183698 4857.8296021485785 0.0002293370120796377 0.7827993328522379
1.3258537140402105 0.5830042463183698 4857.8296021485785 0.0002293370120796377 0.7827993328522379
1.3483672537594595 0.6525020452188538 4838.864402710868 -0.0007040991891203812 0.8021314118601964
1.3175867803324381 0.6317482762982928 4225.558188404645 -1.3270962776940554e-05 0.6790256301181018
1.3175867803324381 0.6317482762982928 4225.558188404645 -1.3270962776940554e-05 0.6790256301181018
1.2824214025574696 0.5401060143035118 4946.308614315229 0.00012003677081343547 0.700067263264007
1.0965615491574334 0.6500633049834263 4938.815805153178 4.763548067948865e-06 0.2722288459122609
1.279082569690233 0.6301321833274738 4652.519111131019 0.0008009151317542278 0.8570209965538652
1.3386830052422463 0.625899233011407 4874.7055164038275 0.0005582413153605635 0.8798055443482685
1.0814047270065008 0.6211933602021678 4828.16745102231 -0.00014761934928733282 0.29035628767192834
1.0814047270065008 0.6211933602021678 4828.16745102231 -0.00014761934928733282 0.29035628767192834
1.289105842949939 0.6824236111302053 4874.343132898341 0.000891581094112188 0.8240813621327269
1.289105842949939 0.6824236111302053 4874.343132898341 0.000891581094112188 0.8240813621327269
1.2822504700891146 0.7018730108755606 4224.766378796362 -6.266523489040577e-05 0.6240101737241575
1.417582434148838 0.5984187381791215 4566.5542703591955 -0.0004518128305006421 0.7160508877873328
1.2590725247977244 0.6202804830096071 4502.027855699553 -0.0011662603731793413 0.469289691694825
1.343980173123823 0.5749602034404031 4978.7491173194185 -0.0006816290768435835 0.7539754615474793
1.2305938324718357 0.6338533160709865 4793.218922724626 6.330500043705632e-05 0.5672654570742277
1.5484853243860939 0.6237256207015927 4597.6351218969985 0.0007218419459827565 0.7789168066341547
1.389950121245298 0.5958707897382776 4524.783822425259 0.00024064610969315336 0.8596678522061839
1.389950121245298 0.5958707897382776 4524.783822425259 0.00024064610969315336 0.8596678522061839
1.3956222107714553 0.5791420811337538 4252.8685918189085 0.00032553656636695287 0.7665900695034157
1.3956222107714553 0.5791420811337538 4252.8685918189085 0.00032553656636695287 0.7665900695034157
1.3318852388592122 0.6113445315005949 4776.534520997784 -7.230562823624763e-05 0.6213437715611156
1.2679582079211835 0.6570609249914962 4861.098223821795 3.177309478581017e-05 0.80657314635208
1.4388227312645803 0.6010576008155792 4979.261500631935 0.0006869868012585275 0.6994677627354877
1.3391417269413883 0.5964501297724891 4259.164233657282 -0.000818036797337868 0.7104030203303181
1.3926663111765447 0.6736764548345612 4211.10533353563 0.00017299013361131083 0.9676916151849357
1.2927989564203817 0.6573710796354905 4509.615743424269 0.00011504104642992708 0.6906269160998459
1.2927989564203817 0.6573710796354905 4509.615743424269 0.00011504104642992708 0.6906269160998459
1.251663105969251 0.5656619654258578 4975.386416730886 -0.00017493806220272428 0.5550398627425417
1.0535032303880154 0.6283275364404636 4438.518301096927 -0.0004710442681764456 0.2954738009425904
1.3324909687042237 0.5666173547506332 4834.775899171829 -5.8545395791684335e-05 0.7092562317848206
1.3102204151665333 0.7001453237838189 4415.810606969784 0.00022263162518496054 0.501884061908454
1.3706280560738222 0.6285661658815693 4858.301237753772 -0.00016610849639934268 0.7538312844466888
1.3306204502798955 0.5851775982423854 4752.713724753592 -2.40940512498909e-05 0.6701610639742269
1.1549569671233733 0.6396914014958707 4403.007991752536 1.02726465455304e-05 0.33855012150509695
1.1549569671233733 0.6396914014958707 4403.007991752536 1.02726465455304e-05 0.33855012150509695
1.4107087254631552 0.6064407203731645 4249.282726879286 -6.803804201202896e-05 0.8342181521150474
1.2709583734968237 0.6379269554325724 4788.971784009407 -0.00013013238836093855 0.8484938572400088
1.2709583734968237 0.6379269554325724 4788.971784009407 -0.00013013238836093855 0.8484938572400088
0.9937548926116802 0.5920225145284027 4805.150476451206 -0.0004265830621538966 0.2909346040567871
0.9937548926116802 0.5920225145284027 4805.150476451206 -0.0004265830621538966 0.2909346040567871
1.2690431765134864 0.5978307005059178 4441.261265593553 0.00017991971194138853 0.6856095539293099
1.2559222291858505 0.6038697169231425 4567.631474356544 -3.8384690882987976e-05 0.7747421414828565
1.2058802317975599 0.6360361311970567 4308.92062818615 -9.756145645166094e-05 0.4192145281181371
1.177192393913836 0.6500799750604797 4747.304627383298 0.0001998747194346869 0.3047990686552391
1.2149376617518048 0.63211636688036 4859.606280309729 -0.000571193304478393 0.4754774167829703
1.3149988735510831 0.542760550333107 4608.041363860517 0.00028934959752118715 0.6957370808433412
1.3633747809901973 0.6147544590922235 4682.476211967079 -0.00024994915711510615 0.7561749430810636
1.5056843899443408 0.570136531092797 4901.995307150098 0.0002253454334830285 0.710630334703016
1.10075363770217 0.6262548505732125 4961.368478706682 0.0002621609579883 0.2814555579217002
1.4667928944098225 0.6109162060852824 4105.923611751449 0.00010531942533914323 0.7700277403256421
1.353677546977997 0.6042423918843269 4500.899880766869 -0.0003198580333300263 0.7473121285438538
1.2985484087734767 0.5983121014152544 4677.030896191569 0.0006198034278369609 0.672602812874527
1.404410621996712 0.5987326880662289 4128.834416640536 -0.00015526898527855687 0.7925891977860069
1.404410621996712 0.5987326880662289 4128.834416640536 -0.00015526898527855687 0.7925891977860069
1.2877381925048068 0.6347245138884341 4680.742467010676 -0.0001950432932436908 0.7569025675478236
1.2563801292075714 0.7072876637131741 4821.862154025215 -0.0003305093901215403 0.43852318336503193
1.0819331611111265 0.6528035585743708 4405.726755478087 0.0002205217385878323 0.2916885337753317
1.2214062834893014 0.6785289015846923 4229.097896769861 0.000836834259019879 0.3048983571186229
1.044987292192085 0.5828566258148253 4984.318613267064 -0.0004460659271051359 0.2897339210915244
1.044987292192085 0.5828566258148253 4984.318613267064 -0.0004460659271051359 0.2897339210915244
1.5348778440997815 0.6254507202184699 4969.504559549116 -0.0002558300259963459 0.7874185264582276
1.1674641915733726 0.6491789535638998 4128.557130091849 -9.401352778396746e-06 0.3180183640417962
1.1674641915733726 0.6491789535638998 4128.557130091849 -9.401352778396746e-06 0.3180183640417962
1.1039584040641786 0.665131688117981 4512.968956410885 0.0004874831292030074 0.29652154445648193
1.3277388862144628 0.6148105597221372 4953.464125620817 0.00020021180645616427 0.6826123972088463
1.1826128595957721 0.6063539758651546 4681.410130267743 -0.000818321366503022 0.4780509736193238
1.4375876988850915 0.5784141474953621 4974.046682909978 -0.0007680124197902007 0.7297409884675657
1.179533467520246 0.6035067352669361 4829.574752431015 0.0003460938350731146 0.3993264391720288
1.2500933700527024 0.6625451018660014 4873.662311358943 -0.00033412644914576677 0.5789599317743267
1.3123835342805181 0.6665818434953219 4790.98783190471 -0.00047135105445439543 0.9113878440521583
1.3417657316704252 0.682139684720939 4512.077341411299 0.0005176392808348249 0.8492352550783627
1.4007204324266205 0.6005223617298627 4386.472753891256 0.0005810570670336471 0.7288466925832077
1.373691917345996 0.6116988078779133 4822.722155924004 -0.00032094735540914333 0.7564171769485956
1.373691917345996 0.6116988078779133 4822.722155924004 -0.00032094735540914333 0.7564171769485956
1.3152301025994304 0.6830042517944676 4919.588898734711 -0.00015690630522006554 0.9233953840846474
1.3511877715884912 0.5967043169894385 4590.573475984348 -0.0004347501520161283 0.764297838277308
1.3511877715884912 0.5967043169894385 4590.573475984348 -0.0004347501520161283 0.764297838277308
1.0653023595954592 0.6585683919071991 4981.913522342582 -2.627725784570012e-05 0.28081476319764664
1.394533700570498 0.6164585180420548 4654.399449130855 3.3368082917202384e-05 0.7346640712993977
1.2828658146323515 0.6186339641028147 4615.339226094143 0.0004519868552009615 0.3984343475413389
1.3909657463538543 0.6151711697142972 4848.463308153552 -0.00012955118201227599 0.8504296499604385
1.426784063748228 0.5983273308007003 4379.804266639733 -0.000614056087799079 0.7827970101855242
1.426784063748228 0.5983273308007003 4379.804266639733 -0.000614056087799079 0.7827970101855242
1.3703153627432647 0.5887585307841587 4911.466415912549 -9.75601959219089e-05 0.8344788429859037
1.2150375487104232 0.684256857635601 4788.415903839917 3.657226818388613e-05 0.7105332887785257
1.3944439721075137 0.5703278090765563 4068.2046067698707 -5.0032181271684056e-05 0.7544011795724674
1.3872505740660364 0.6464742060180345 4874.453816266168 0.00063797134044422 0.8856469892211795
1.3872505740660364 0.6464742060180345 4874.453816266168 0.00063797134044422 0.8856469892211795
1.393481943755364 0.6249692683572012 4828.054695568937 0.0004995946845245873 0.7576706875504426
1.393481943755364 0.6249692683572012 4828.054695568937 0.0004995946845245873 0.7576706875504426
1.3400858868590024 0.6017653731312704 4675.0064595681015 0.00043640380017909104 0.7569101356250674
1.4885691871455915 0.6067619605222158 4634.610882046806 -7.765281181128685e-05 0.7533759789274367
1.279136008505053 0.634692779581066 4857.481841570381 4.897827330002898e-05 0.74093363960579
1.239429906533746 0.6023208967875363 4868.862561815749 -0.00037060542487572497 0.7568933402152231
1.1138408867314127 0.6961281105470464 4709.473977689185 8.189012194918356e-05 0.28487735132032554
1.231055594873443 0.5831125779104642 4643.870477711937 -0.00017421532601705683 0.32375196326753114
1.1979850136366894 0.6287987308822544 4120.5822410561495 -0.00039588208149667965 0.30043266946850194
1.1979850136366894 0.6287987308822544 4120.5822410561495 -0.00039588208149667965 0.30043266946850194
1.2896240662120773 0.6442515977168182 4456.850959265126 -0.0003605744367351608 0.7987739101287948
1.2896240662120773 0.6442515977168182 4456.850959265126 -0.0003605744367351608 0.7987739101287948
1.3044684325969451 0.5710188179013327 4778.251827916925 0.0006512389706078664 0.7623208328183708
1.395871692485626 0.5906091965790705 4425.516729517298 0.00034777623441715886 0.7439031003407431
1.2067122865578916 0.6588467322657565 4592.832788517725 0.0001344012936330836 0.34575762453210024
1.4196878279510925 0.6282574423486265 4938.681301973416 0.000691802134656548 0.814050594064453
1.4565534646523608 0.5766815751592893 4300.390574944599 -0.00029032592052992103 0.7791384436231994
1.4565534646523608 0.5766815751592893 4300.390574944599 -0.00029032592052992103 0.7791384436231994
1.4726773164172078 0.6312066731741585 4632.203020835838 0.0003447726335718105 0.9406168662365905
1.2943158013377305 0.7292083537525677 4983.388817297567 0.0006315340038873264 0.9010492058428351
1.3617187848665373 0.6104910117314033 4084.3410224829604 0.00024209410072261118 0.7763162507760997
1.4207747304705278 0.5987897587300403 4420.263755568346 2.4725922324570117e-05 0.7276172721730774
1.4207747304705278 0.5987897587300403 4420.263755568346 2.4725922324570117e-05 0.7276172721730774
1.3002062014199596 0.5438776438690223 4861.251742347659 1.8854243353300692e-05 0.7367731666086192
1.3785453781679453 0.6076372227590484 4855.051185326738 -8.13671217729108e-05 0.7303673765150963
1.3871919398304056 0.6056250856101784 4669.99621352413 -0.00013024573977111632 0.7295610854084702
1.3871919398304056 0.6056250856101784 4669.99621352413 -0.00013024573977111632 0.7295610854084702
1.285090148448944 0.5841523334383965 4980.008411049843 6.614706300896717e-05 0.6611785292625427
1.285090148448944 0.5841523334383965 4980.008411049843 6.614706300896717e-05 0.6611785292625427
1.4616411123998299 0.5421574971981035 4512.768036247742 0.00015580883364016513 0.7682953279804189
1.4616411123998299 0.5421574971981035 4512.768036247742 0.00015580883364016513 0.7682953279804189
1.22554155051026 0.6604503183111873 4711.45894433246 -0.0001416558631932306 0.5950845359793545
1.22554155051026 0.6604503183111873 4711.45894433246 -0.0001416558631932306 0.5950845359793545
1.2993383646011354 0.6456480771303177 4593.650141358376 -0.0006551238549957942 0.5401751399040222
1.307210131435364 0.6183394107506738 4871.623214579826 0.00024121963225753792 0.7123460140149365
1.3604338377550698 0.5892849453068567 4522.463477931058 9.867805267461426e-05 0.7201019317677146
1.434539037314769 0.5241072873505684 4731.577815656586 -0.0005104909704274211 0.7519226852840044
1.385414932160717 0.5716218063377594 4693.433378786719 0.00019497161555314418 0.7644209372819164
1.385414932160717 0.5716218063377594 4693.433378786719 0.00019497161555314418 0.7644209372819164
1.2786850682722484 0.6236734832365489 4530.48108726042 -4.801875467397347e-05 0.7347751511407847
1.0824336176771023 0.6540058527941068 4979.0803493365 -0.0003789436032104796 0.2893129881286717
1.3774421603306468 0.6161288290378344 4453.6703339981905 0.00010381175659352336 0.8317421039600666
1.1122674055339086 0.6306647398799763 4501.638998486671 -9.748606524561255e-05 0.3128774157379325
1.1122674055339086 0.6306647398799763 4501.638998486671 -9.748606524561255e-05 0.3128774157379325
1.5033628082357144 0.6204086879133368 4096.205573017061 -0.00010817064038627362 0.8453548303810595
1.3261609152959317 0.7141412050780346 4869.600916940326 -0.00024065316840044844 0.8480992934034518
1.3261609152959317 0.7141412050780346 4869.600916940326 -0.00024065316840044844 0.8480992934034518
1.2972868165609526 0.6622260563073641 4771.879841733535 -0.000552157572000747 0.7967355673344133
1.1627790868230103 0.6974279724867891 4920.136032902382 0.00018695514405340138 0.33928505727019354
1.3814833020812178 0.6540388040240402 4909.239900308357 0.0006950477011386673 0.8607781032302654
1.3814833020812178 0.6540388040240402 4909.239900308357 0.0006950477011386673 0.8607781032302654
1.3782198509554173 0.6199138083746529 4956.274522114732 -0.0003383418684319184 0.8533460462306695
1.1701581670053396 0.6091241660328055 4642.115326895406 -1.6735993738024026e-05 0.32270092186439525
1.296072397983413 0.6305810464588247 4867.41948572161 -0.0002611878997122474 0.7345194800595196
1.2949470366636564 0.6852108739196148 4385.033262641476 -0.0006309645347007272 0.4933355157707907
1.321599273590509 0.5895453234432932 4300.00112500374 -0.0003458419258080505 0.4812515758935979
1.2911069434718785 0.656786003940111 4790.843971544748 -0.0006631622084777435 0.8154075927149025
1.3889541579046902 0.6227453341229375 4568.289834234574 0.00010646777711764886 0.6987302285172672
1.4830361636424205 0.6272538723323466 4249.174140504307 8.972418513009982e-05 0.7754384801765688
1.5113918458128097 0.5792224754274093 4512.2316737690435 -0.00036046239104306065 0.7341794015949477
1.3016616460993196 0.6344285154688294 4490.2106331801715 0.0006601194774122803 0.6771471106669947
1.3016616460993196 0.6344285154688294 4490.2106331801715 0.0006601194774122803 0.6771471106669947
1.3951318946245883 0.650010691628576 4510.284091556267 0.0008975789649426459 0.7620015015910135
1.3951318946245883 0.650010691628576 4510.284091556267 0.0008975789649426459 0.7620015015910135
1.131018690801042 0.6345936710902448 4972.036508659999 -0.0006916626687022732 0.31848502014362584
1.416785353838654 0.5388801617038452 4936.172442509569 -0.0008018592215504984 0.745994482908557
1.3545610791844576 0.602653512801364 4650.3464241290685 8.380449200398085e-05 0.8342474952519421
1.4416814114071448 0.6063741482726064 4302.636022701095 0.0004895979026719597 0.7455112950983659
1.3886086052613655 0.5906477349927558 4641.771288219641 -0.00019158313228566517 0.7029414370984256
1.1577245840161012 0.6860006528756077 4302.9210292366915 -0.0003747173773601134 0.31495674160602416
1.3010276930586526 0.5843248669301258 4377.414051765008 8.868223608332573e-05 0.7562822295241847
1.3314889517697428 0.6390480822007657 4077.021030219757 7.475263874345096e-05 0.818997627472671
1.3314889517697428 0.6390480822007657 4077.021030219757 7.475263874345096e-05 0.818997627472671
1.4855263148585105 0.5925754999415954 4502.260193550869 0.0003533064195886998 0.8033135098935991
1.3202476808937638 0.6008047059738685 4691.027363074502 -3.7359396540313876e-05 0.8211134531100077
1.3638835507303055 0.5989184703830723 4855.329560906354 -0.0004339329771816185 0.7180605103510238
1.3042220439611034 0.6329309485647222 4408.5024071809985 0.0002231553251943946 0.5915607604616528
1.3808982432975005 0.6234249705807351 4501.559948724443 -0.0005205741431292254 0.8141983438601956
1.3808982432975005 0.6234249705807351 4501.559948724443 -0.0005205741431292254 0.8141983438601956
1.289059832937557 0.5739558045143992 4772.960728973442 0.0004681120601364783 0.7951694618577565
1.3088808779482908 0.5843277176519193 4976.138382821797 -8.628954073018064e-05 0.7112219508014339
1.2621808073181509 0.5850338030974076 4882.1207854886125 0.0008586221153566938 0.6103340248311884
1.3888968035748777 0.5966866838469322 4687.556709177448 3.637700380945835e-05 0.7014604800536672
1.3813675980907416 0.6721715942846835 4224.794248518209 0.00018838402030943674 0.9696764483210096
1.3813675980907416 0.6721715942846835 4224.794248518209 0.00018838402030943674 0.9696764483210096
1.220512923335441 0.5701692407788643 4992.483083980171 -0.00044717996714945907 0.4814515128342028
1.3626608686775072 0.6700769263900169 4479.71253132867 -0.00027712241357781585 0.999666920086496
1.082304278555788 0.6791888800500581 4966.420627084574 -0.0003340577774791812 0.302693341509042
1.4275016723867995 0.5894680119176073 4859.679812408117 2.2432728371757827e-05 0.7903717188651854
1.2850743381442693 0.6977888050541801 4862.371789616951 -0.0002355768427789969 0.6253366400748759
1.288256738445044 0.6311464079299048 4967.588093422139 -0.00023030608753968977 0.7680756172293011
1.3112260436413894 0.6366505610004698 4923.916603085837 -0.0002256156775248159 0.7410341393337376
1.3185910174136544 0.5797926138590159 4691.673027182657 -0.000384544470941494 0.7783464995954558
1.403543054441065 0.5685703616987563 4958.1071368123785 -0.0003406344121102632 0.6393240445388726
1.403543054441065 0.5685703616987563 4958.1071368123785 -0.0003406344121102632 0.6393240445388726
1.4003173537534168 0.613300014873075 4634.716366481153 0.00020822793878033088 0.8459690414638084
1.2463770352485375 0.6856531251018525 4463.188944567624 -0.0005644948300693581 0.7807660839789199
1.1806251222701034 0.6651258091350156 4903.460393777405 -0.00012963693808298017 0.42992945087606776
1.3333747483253906 0.6370555551335585 4463.249356679702 -0.00028019199766027606 0.7674864914595333
1.1722300975623554 0.6202313973605043 4840.899867267349 0.00028717068819871715 0.3173166616018809
1.369639679075645 0.6369609493863043 4307.68598505824 -0.00011784639772956079 0.8314007475217372
1.331847527266937 0.6636256372790139 4945.706783123297 0.0008756653763532132 0.8931871584461715
1.3509868701112777 0.621558809127689 4974.173898106433 0.00033899586669222686 0.8569214641858757
1.2509535899609192 0.5640241647788421 4602.359204153226 0.0003676020464605741 0.6667953022408096
1.2509535899609192 0.5640241647788421 4602.359204153226 0.0003676020464605741 0.6667953022408096
1.3611830600578916 0.6639995455840311 4663.619717893707 0.00011460223641980921 0.999773862811582
1.3611830600578916 0.6639995455840311 4663.619717893707 0.00011460223641980921 0.999773862811582
1.288832192099584 0.5508635614352719 4574.141771338439 -7.43476854486712e-05 0.6557071161899322
1.2865786082808612 0.5694574428510673 4757.6028013339255 -0.0006054916219416486 0.764669441637245
1.2865786082808612 0.5694574428510673 4757.6028013339255 -0.0006054916219416486 0.764669441637245
1.2362162099663143 0.5821202089576821 4874.213398947707 -7.733531217701653e-05 0.5668775397610006
1.2476583820302936 0.6517074416748337 4561.539196170449 0.00040441057520799854 0.6021289770011972
1.258514351231435 0.5982175021005215 4377.475815094618 -0.0008580516679595645 0.7022446958229506
1.258514351231435 0.5982175021005215 4377.475815094618 -0.0008580516679595645 0.7022446958229506
1.359932884199006 0.6878567219496412 4774.116168876016 0.0004869856683479153 0.6493601662750659
1.2044814006530014 0.667113837441115 4758.222199929988 -8.170355117333934e-05 0.6533586037216577
1.2780910536480072 0.6376916247926281 4652.201113154624 0.00032177008248534546 0.7330663518678464
1.4266987222946708 0.6145782482781268 4654.323825075061 0.0002354879398337707 0.7956036130591304
1.4266987222946708 0.6145782482781268 4654.323825075061 0.0002354879398337707 0.7956036130591304
1.3931648442511018 0.5690703580541153 4453.173143006921 0.00037586655715053527 0.6786499062468309
1.3319490065264836 0.549453437758604 4681.941576589717 0.0002240259931852312 0.6720143673640971
1.2835129516225385 0.5947024287726793 4942.342113552167 -0.00031383759201382677 0.7034978680276782
1.2835129516225385 0.5947024287726793 4942.342113552167 -0.00031383759201382677 0.7034978680276782
1.4199126432083566 0.6664759728233067 4272.666587389205 0.0005899554188294791 0.9512741264977228
1.4199126432083566 0.6664759728233067 4272.666587389205 0.0005899554188294791 0.9512741264977228
1.351841111738045 0.5533274798815762 4857.294628750081 0.0002505665037024218 0.674999879745575
1.2604270207375476 0.6363695617229006 4270.150341651775 0.00011128795258267121 0.4648950898778372
1.3402650691210085 0.649678942606706 4551.998360306053 -0.001001245545690071 0.7141932054297253
1.3641738348398869 0.5002457849595336 4903.53306499637 0.0004575989108875833 0.7458971475386365
1.1982421402617032 0.6370364580391786 4092.1523549259155 -0.00030032261201581775 0.29936481249065966
1.3781089123580421 0.5373950769201017 4949.923538878855 0.000707446702871183 0.6892740677141547
1.1431725641596342 0.6354214222315044 4366.700205981216 -0.0003597491671297404 0.2846679948446793
1.1431725641596342 0.6354214222315044 4366.700205981216 -0.0003597491671297404 0.2846679948446793
1.0439108930139014 0.6267784575991657 4602.2821268272 -0.0005034952170630217 0.2892277503695501
1.5103964675622685 0.6708326089674044 4895.298888165441 0.00044648687876942415 0.942908598274291
1.37615078981756 0.6513245154285849 4269.699308048385 0.0008613998272628572 0.9558217137248557
1.3642651558792833 0.5569384424286203 4438.584995083996 -0.00013973918352677895 0.7778174746037039
1.3130055275639967 0.676700098188401 4469.18586000349 0.0006347259172949407 0.5132532685749406
1.3130055275639967 0.676700098188401 4469.18586000349 0.0006347259172949407 0.5132532685749406
1.4046146478244301 0.6521896405329031 4454.740160737512 0.0005551509168447666 0.9174052549718634
1.4629542309669223 0.6744089104496449 4053.1903363549054 -0.0002755130171562008 0.9707183320454812
1.31240558221423 0.5879355744776953 4779.742428858076 -6.243193215112338e-05 0.645212102854323
1.3726369746669662 0.5779376135019503 4767.181735226384 7.157730328657821e-05 0.7760375041070313
1.3726369746669662 0.5779376135019503 4767.181735226384 7.157730328657821e-05 0.7760375041070313
1.52784214756423 0.6505817314469217 4840.248289994529 0.00015096195998743145 0.8607639610643256
1.2152927310514166 0.6651974885990215 4793.61370934265 0.00046562987405738713 0.4320674089404266
1.2468744115926564 0.5965237914578603 4830.909201632767 0.0009628118442012577 0.810415704467689
1.2470268596156462 0.585457513342215 4740.274704378961 -0.00014708074398244215 0.7404196164037234
1.4159502921622178 0.6233669241512548 4966.6393871599275 -0.00030547248632967384 0.7417739390561247
1.3233550879844929 0.6582698317250838 4776.165229852785 -0.0005709449447195298 0.5814566978538389
1.3233550879844929 0.6582698317250838 4776.165229852785 -0.0005709449447195298 0.5814566978538389
1.416684305002643 0.6298764795245604 4989.036825182879 -2.7018955655417988e-05 0.7747122484672738
1.3510743440134987 0.666222815948286 4986.557426303185 0.0006089777172584541 0.9009684549762409
1.347182204839857 0.6997020891798397 4440.408834880279 0.0003315813668797752 0.9269058180265187
1.4088234383195375 0.6297842417821224 4669.123276907054 -0.00023908677066530217 0.7734935555289724
1.4264721247495897 0.6680587646116719 4865.818078478241 0.0004020994111181379 0.9060037528420395
1.1584347352499442 0.6908081021729711 4914.116301219122 0.0007073658039973862 0.3274124667876764
1.6159608224903415 0.6107574955405202 4249.095473373764 6.139906676855131e-05 0.7708419371622255
1.23799564873317 0.6957196410353141 4990.22781762504 -0.00017504175556820253 0.5263136223543696
1.23799564873317 0.6957196410353141 4990.22781762504 -0.00017504175556820253 0.5263136223543696
1.1800516271215848 0.6134015157797129 4678.583846932278 -1.5601353070554176e-05 0.5007380368681369
1.2459016854502774 0.5956841378653912 4903.772182865701 -0.00019152741848034406 0.7125240001418394
1.2459016854502774 0.5956841378653912 4903.772182865701 -0.00019152741848034406 0.7125240001418394
1.2061301128599955 0.6650749404517109 4948.5632921575825 0.0012454803847806177 0.5564721535386539
1.344204784355855 0.6289530559239211 4767.443065596727 6.47987126123359e-05 0.7036745067465766
1.4162825944261426 0.5355120192509684 4936.067601291351 3.2168105228386715e-05 0.6272314020143227
1.3074426939002814 0.5824843806414208 4735.629143671807 9.120323338336929e-06 0.7079062670556147
1.0852340566676761 0.6005038358015169 4887.375918543008 -0.0003503855828558418 0.28658100084099797
1.4818766865331576 0.5323415861601504 4497.942659339785 0.0002837769700736736 0.7122665813067728
1.342593416025958 0.6646309616597096 4415.030616828168 3.773034550866364e-05 0.611050256871924
1.1498636077763882 0.7150958120498034 4767.46041315514 0.00046541396341864903 0.32057101832840695
1.05799149869769 0.5976062851165225 4981.751604637585 0.00024115875328069192 0.300247427242543
1.330103778274246 0.6690660150991674 4773.442842346939 -0.0005267531500581545 0.5834475978525903
1.3140278876275546 0.6028813470058411 4500.999016103276 0.00044225708021747155 0.7290075931086197
1.3140278876275546 0.6028813470058411 4500.999016103276 0.00044225708021747155 0.7290075931086197
1.3955804973794448 0.6605523159697153 4104.258763612564 0.00022297332054072567 0.8523699778578739
1.29240272455167 0.6144701072774732 4766.91404285953 -0.0001380396863374382 0.6965381458328765
1.3874100455864657 0.6822331191722484 4947.192259643287 -3.4703887156316545e-05 0.975767341034853
1.367077240837984 0.7362771065043087 4709.008315099158 0.0004451905681063562 0.8839033884870113
1.2320860622874017 0.6399054255067238 4656.247384855881 0.00041370630431682067 0.518472590043461
1.2320860622874017 0.6399054255067238 4656.247384855881 0.00041370630431682067 0.518472590043461
1.2950098760986242 0.6315579170363396 4136.670794014434 0.0003613868983988621 0.7116462998745263
1.232570929629122 0.632644526666628 4913.115907790184 -1.9896076874514262e-05 0.49999567153550867
1.2057580147762252 0.6380204032778601 4068.267425546716 0.001134460069549742 0.4051923171146246
1.4208241884977848 0.6204814825312085 4193.77219608824 -9.271891468667111e-05 0.8485682541029829
1.4440409395240161 0.6326951210309075 4572.041873642093 0.0002496643105130215 0.8020755702181834
1.4917605644673344 0.5918431342724841 4169.474382856479 0.000416076854557848 0.7544493530021125
1.4917605644673344 0.5918431342724841 4169.474382856479 0.000416076854557848 0.7544493530021125
1.2433996884954452 0.6755309461840195 4970.2968455021755 3.903342146879077e-05 0.5099086484628867
1.4401833248712694 0.6191059009306172 4369.534280127734 -0.0003251516755108834 0.832464732487857
1.3153764040983509 0.6967277414618518 4202.565903985064 0.0006545291139407483 0.6862633691880208
1.3389920302395601 0.6396870444194431 4867.678512688565 0.00040462525033478603 0.8160456587339244
1.387509234539264 0.5728758778474039 4792.181862493998 0.00015645825362284777 0.722650026151028
1.1674800061643569 0.6893637869490198 4442.815461511691 -0.0001487755742832357 0.3056322993951493
1.4396481320284926 0.5669990261430229 4550.3894007329 6.710203571421114e-05 0.8023104899463553
1.3378702342898976 0.6487519796860488 4699.928283497496 0.0008193373100337775 0.9005712070566121
1.3378702342898976 0.6487519796860488 4699.928283497496 0.0008193373100337775 0.9005712070566121
1.347079842026462 0.5674237829465769 4605.909363457203 0.00034374907810376544 0.7091918982628956
1.4593396688292615 0.6182556591132546 4366.752942651755 -0.00037648356112341005 0.9170274960381586
1.3372856400211353 0.6038325286532438 4136.466875737417 -1.5894975585173624e-05 0.7534711873755665
1.1374180853938392 0.621456693522114 4888.835099816832 0.00033417190175080084 0.3518546272431284
1.233387699111151 0.6748925024493728 4746.65541705455 0.0002988577890771149 0.6507693126278855
1.233387699111151 0.6748925024493728 4746.65541705455 0.0002988577890771149 0.6507693126278855
1.32233580678048 0.5562593698945448 4824.75252822287 0.0004795911699547455 0.7520859823362016
1.2863923261297818 0.6553396919521132 4617.005369580175 0.0002718488367464475 0.8016595134756541
1.3093588503397164 0.5773920860750443 4836.694899723124 -0.00017106907154591455 0.6388296473453335
1.2175790583397001 0.7092698936003652 4915.586309337956 0.00032444938012302153 0.5787844594876819
1.3052567795892789 0.6975709299075671 4395.055825900461 0.0004301891880139052 0.5934969556634215
1.3052567795892789 0.6975709299075671 4395.055825900461 0.0004301891880139052 0.5934969556634215
1.3214077988049266 0.6618910128292667 4751.781670344391 8.478345767055051e-05 0.625404890077186
1.2880649693120205 0.5976300703523765 4311.698960501299 0.00033372419216023497 0.7345624563090966
0.9795934255373114 0.6135053758392516 4777.169273980954 4.24064616600445e-05 0.2664368511231493
1.3788977026225169 0.6566897423504358 4992.781543973619 0.0005231358316110326 0.9746846240991529
1.356735206527743 0.5850082723277967 4678.3453532014755 0.00045182725318314765 0.7295045305051318
1.356735206527743 0.5850082723277967 4678.3453532014755 0.00045182725318314765 0.7295045305051318
1.0715093765651842 0.6302124473821874 4978.643258982434 0.0005590727682049863 0.2772156323613434
1.0715093765651842 0.6302124473821874 4978.643258982434 0.0005590727682049863 0.2772156323613434
1.2369267600521197 0.5727172005423178 4904.495893770777 -0.00012577747577204683 0.79439631227283
1.488142410481081 0.6574657251155287 4597.886298394078 -0.00019281005232855 0.9439045006370974
1.3036091530289022 0.5745054100974891 4953.718616855497 -0.00025504072043766666 0.6954494751867749
1.4445564126003223 0.632917126628855 4095.33021039464 -0.00034101619886208357 0.8104496708719156
1.4445564126003223 0.632917126628855 4095.33021039464 -0.00034101619886208357 0.8104496708719156
1.2335356469254406 0.6328910595386046 4850.987020005226 -0.00031956439555186133 0.331180377938721
1.2216272724916417 0.5815755535940067 4536.968281431519 -8.277982034486853e-05 0.3397122408935973
1.3570165636826577 0.6108647748236634 4824.302573626926 -0.00022414311600268695 0.7111110118244681
1.340783306442141 0.5925227603781063 4652.077675334082 0.00018889784920960267 0.6885539686035793
1.4222408820991406 0.5424592963065354 4572.011245563435 9.010797855505801e-05 0.7505643562345943
1.1027743567660273 0.6096006604182025 4872.429485782809 0.00024215187949099454 0.28473906080614936
1.1027743567660273 0.6096006604182025 4872.429485782809 0.00024215187949099454 0.28473906080614936
1.3527062563247423 0.5520330255463155 4270.066817415407 -0.00021047027667369847 0.748815009234485
1.5488906946801033 0.611548898261415 4249.728696272192 -0.00027708986823786843 0.8729314016539746
1.50247714966758 0.5888215122762763 4510.074145767807 -0.00025804070996093733 0.7158151537985649
1.4162251236230823 0.5814543809334121 4621.092448302039 -0.0006204667140704983 0.7964587304617881
1.1259888014029515 0.647507391037154 4937.141333449211 0.0006675985202752437 0.3549202034381095
1.4113405038304732 0.6470909010552851 4127.243042918101 -0.0004627385175987772 0.9330544020583695
1.4113405038304732 0.6470909010552851 4127.243042918101 -0.0004627385175987772 0.9330544020583695
1.3714797268949552 0.6463864231001847 4557.384861258903 0.00018513524959958038 0.7476796167484498
1.2522524484502067 0.6651724966527149 4861.839658960888 0.0007709068457230583 0.7843902602727599
1.2579763743098225 0.5860721292792133 4973.454745449415 0.0008117215720809006 0.6580811593456253
1.2579763743098225 0.5860721292792133 4973.454745449415 0.0008117215720809006 0.6580811593456253
1.3295189267238463 0.5931442948750644 4533.094590431219 0.000383265288024872 0.7197201586092181
1.3923610121336303 0.6054767883489924 4794.851348054108 -0.00023845576598663327 0.9247813206680969
1.3405046902543885 0.6903261240553454 4939.072587275664 0.00010778953507159237 0.9447976574109266
1.384466267077158 0.6083465401285425 4092.2362841801964 0.00046368346546635383 0.739213941312944
1.4766885314475355 0.6649219767600552 4650.102266969759 0.00025224365523604736 0.9609523378221089
1.100191078286428 0.6538394014737702 4958.378725609307 -8.124351387840906e-05 0.30168413685132767
1.424412640127391 0.6071579577952371 4776.562653110046 -2.991575084357664e-05 0.7593663683394003
1.2742578533514433 0.6300409367216355 4450.201320335307 6.862719991824909e-05 0.6658627394866821
1.3587458729278012 0.71450859774164 4751.56598220549 -0.00014191847461988204 0.8507592837045308
1.3765051490645035 0.628955271345351 4450.197462759368 0.00010863150338353258 0.8323984325516537
1.325627133696508 0.6020083557301705 4567.1642560976925 -3.6296666742099047e-06 0.8043035187548222
1.3746207230241074 0.6837021240588141 4803.375092112866 0.0005145418710563352 0.7791346644846653
1.234839560288255 0.6598597598414451 4908.611389900176 0.0002598528892847987 0.7849455293702559
1.2728357051305683 0.6293924665169801 4476.580927591379 6.259045288929973e-05 0.49409606438636544
1.3236877316201119 0.5518493531128648 4322.976914328223 0.0002942373166303189 0.7472933546003853
1.3644118873067197 0.6312105975045221 4908.524189585078 -0.0002530021180727936 0.8201601832730129
1.4348689409682422 0.6733877849731591 4597.53979578179 0.0005736977710598992 0.8568900854906705
1.3231545660614374 0.5943977404514246 4897.453702663047 -0.00018932727357177283 0.7780587371131904
1.3231545660614374 0.5943977404514246 4897.453702663047 -0.00018932727357177283 0.7780587371131904
1.5043715808592855 0.6320500536427099 4053.8062368653773 0.000293892811117987 0.7869252029182329
1.2568193233395695 0.5759981948324726 4915.228059240342 -0.00016536289654721652 0.7252602409327524
1.475192000244165 0.5850874468073258 4683.316650776356 0.00031959114106877324 0.6707756068958364
1.2274063913117121 0.6135887643475744 4830.428584489789 -0.00045636860770292896 0.7745380171513461
1.2381880279015844 0.5923274017369944 4730.401560108651 0.0006026353611333395 0.5268894511060149
1.5633411317671893 0.6353570169357858 4405.002342742474 -0.00011878115636107283 0.9143716512325486
1.5633411317671893 0.6353570169357858 4405.002342742474 -0.00011878115636107283 0.9143716512325486
1.1715968187746748 0.634622934672794 4670.940269812742 0.00017303846652203596 0.4933254416164509
1.503516369675471 0.581626642245 4568.848567857617 -0.0010980618263464663 0.7762462964533923
1.487403039519065 0.6500163739249066 4095.245849935982 0.00024890763760520657 0.8674650651205198
1.3064726280957102 0.6024085472044808 4392.645493963576 -0.0003869840012644371 0.6961406272113033
1.328623172249085 0.5939622031753261 4554.716017884135 0.00021098487705744224 0.737685113990876
1.4568928454769805 0.6528515437787099 4799.9855674557075 -0.000832042435595174 0.936013376555109
1.1889499656661824 0.6530570297023608 4923.410527843708 0.00018400307836361014 0.3891035238584406
1.3531340328692625 0.5748426941186557 4235.219712526106 -2.9864382141049298e-05 0.6809507996578532
1.3528872212601317 0.5445353710012457 4910.033443251392 0.00022069490976386332 0.694405111448351
1.3872277914955298 0.6538776058347695 4366.996685084215 0.00010363893049658508 0.706632123026623
1.3872277914955298 0.6538776058347695 4366.996685084215 0.00010363893049658508 0.706632123026623
1.434852626080186 0.6322362440901783 4065.280741556431 0.0007802138401557026 0.7838650930515073
1.3649879602651633 0.5740633440742281 4978.140502357333 -0.00019381553683915775 0.77981511389725
1.3449956831761234 0.5781254614240338 4329.256888213825 0.00021640127932177552 0.8215425213254981
1.37761240499441 0.6751747514741953 4810.626521941779 0.0008572775081692824 0.964567843247995
1.4051475096824015 0.637367062813296 4369.560952026523 0.00031589339152921506 0.8400184985800785
1.4380132685503435 0.6150977350342435 4779.343366597353 -0.0002347127307602282 0.8025473833703813
1.4750941384226057 0.5983077562041197 4818.815867359096 -2.4072138453414118e-05 0.8059746248326134
1.1680107368475612 0.6399588071574066 4881.450665537661 0.0003979591259163173 0.3685382230693371
1.2765478954059013 0.5409339622798222 4912.730422859658 0.0003355824250736309 0.724234958719014
1.384573640441054 0.5905231811613374 4420.569342849863 -0.00020124659938841873 0.7925593470728192
1.345514925018266 0.7303391280203197 4344.70341432591 0.0007840713860606052 0.7328810095653746
1.345514925018266 0.7303391280203197 4344.70341432591 0.0007840713860606052 0.7328810095653746
1.4337010255950688 0.6477846953107058 4802.1570552226585 -0.0011089794995460432 0.9355103199682075
1.458536934978213 0.6280746785563337 4236.622147661335 7.073828194703309e-05 0.8200001017595009
1.458536934978213 0.6280746785563337 4236.622147661335 7.073828194703309e-05 0.8200001017595009
1.405635755225204 0.6283241514992591 4878.252359291871 -0.00042740342802959346 0.8605338284585393
1.405635755225204 0.6283241514992591 4878.252359291871 -0.00042740342802959346 0.8605338284585393
1.3254957335194333 0.6048435188369693 4939.7902096088865 -0.0006931135059015933 0.6681552085872073
1.2471664791443133 0.6625721261619644 4456.928609650168 -0.00040840873896143455 0.7888947533803035
1.2471664791443133 0.6625721261619644 4456.928609650168 -0.00040840873896143455 0.7888947533803035
1.4830720387742882 0.6168701076580192 4849.403818239375 0.0008054228508744578 0.7655377310975244
1.4038870976941182 0.6871472143129005 4784.42739197196 0.0001945735320273683 0.9889010812837467
1.3903647542475428 0.5592186378064381 4162.318536518361 0.0009973185864427235 0.7322049440208707
1.430773991426574 0.6161272483638364 4664.833748844415 -4.182518229314928e-05 0.8005154624020541
1.316162288684405 0.70297855001251 4751.293635450944 0.00039935718130182645 0.5504691312265519
1.3554979020106592 0.5854807810684269 4260.680869455698 0.0002799508566467842 0.7408366611460281
1.4609576632847847 0.5595079785675767 4068.6885588294226 0.0003903415103708395 0.7134830683690421
1.3086520744263301 0.6033177232821931 4913.221749307824 0.00035150127138014925 0.7886437197135373
1.4095362286832178 0.5030421343451497 4403.19794736117 0.00022101098497351497 0.7141217675244997
1.3520597084065447 0.6409420307996783 4685.59834372544 -0.0005372141413093482 0.7888922237357004
1.4407867283256306 0.6232940056333145 4674.723205923711 -0.000651245247528958 0.8975152013202912
1.4407867283256306 0.6232940056333145 4674.723205923711 -0.000651245247528958 0.8975152013202912
1.2972656906869702 0.6559889967084621 4856.671499260671 0.00016866298941365583 0.7389999451276115
1.4698857633074773 0.6501537292732436 4537.79964164221 0.0003198994838364612 0.9830688401312692
1.3507825310558887 0.6313271214343744 4664.298838534981 0.0009598494012824548 0.8554762679865289
1.2887911128590073 0.6098161774132914 4941.9325240796725 0.0002344566580589052 0.767463616586604
1.3277427496599394 0.6951728809209675 4891.514376750984 0.0004059098030606359 0.9660511094926445
1.2461788820736697 0.6533611749013621 4795.957630744564 0.00037202308485529664 0.7011079364426656
1.4971041062215937 0.6084399273727572 4767.585010939154 0.00031091310360013613 0.7229429579858424
1.5391268409376784 0.6104997231218482 4324.275019048641 -0.00046882997732789324 0.7959008278505928
1.0508626371802496 0.6749224003325087 4803.071312570344 0.00024008122778492185 0.28459151382355535
1.279388944670195 0.6929517148685564 4452.772535991875 0.00030057056302935193 0.9176816243252138
1.279388944670195 0.6929517148685564 4452.772535991875 0.00030057056302935193 0.9176816243252138
1.309748089189641 0.5513644128602808 4941.3701487832905 0.0010720346481412504 0.742968861328954
1.205706821294183 0.658709357136944 4580.335043424081 0.00030846061808790343 0.2979813701941226
1.2266537001602584 0.6104109228384695 4944.186518666628 -2.4198836506447655e-05 0.41104627634872326
1.4261084247135019 0.6606339827627845 4199.923581484431 -3.054695521025505e-05 0.8746448294558677
1.3158469795490455 0.6165904326487961 4643.633492165392 0.00023816316612525093 0.4327644186117639
1.3158469795490455 0.6165904326487961 4643.633492165392 0.00023816316612525093 0.4327644186117639
1.246216909921031 0.5617630822030617 4937.946887606348 -0.00034569376925501494 0.7022086678551906
1.246216909921031 0.5617630822030617 4937.946887606348 -0.00034569376925501494 0.7022086678551906
1.2544488100943247 0.617696979574391 4932.708949624966 0.00031766909476357874 0.6378003370475902
1.2544488100943247 0.617696979574391 4932.708949624966 0.00031766909476357874 0.6378003370475902
1.4544118661746892 0.5951732867644146 4454.40938139327 0.00021199803686224896 0.701680334205752
1.3297613631010297 0.5951699652981282 4767.654071643673 0.00018230599072230653 0.7748287847224935
1.2542445303084975 0.6808241466026893 4712.415146579826 -1.9570613780456043e-05 0.7759951364704112
1.3635873822734785 0.595317703263228 4522.432105607315 -2.1210641435838843e-05 0.7310800548438782
1.1446070676526254 0.6839084743891667 4581.852035251416 0.0006966318999749539 0.31327962357453953
1.1938506546481122 0.6132825728453213 4449.776274872033 -0.00037199727193230604 0.36496385741670123
1.3031893387113713 0.6373363039360015 4502.311017985162 5.9424835842909465e-05 0.6634697124937338
1.4856849673495676 0.5996495736890335 4512.5747482542 -0.0005005786711220955 0.7062878411838882
1.2877541741414227 0.6159907963898386 4675.022867844525 0.000526874171609148 0.7318675179158329
1.316538403215509 0.6418000216684181 4993.430686158843 -0.0003024176141717332 0.7977307836298391
1.3003530545622488 0.7381706929843095 4872.958518364756 -0.0001200880141305823 0.8745678424936847
1.338829414571535 0.5945130234331686 4351.418235078766 -7.38215885094737e-05 0.726142316556051
1.338829414571535 0.5945130234331686 4351.418235078766 -7.38215885094737e-05 0.726142316556051
1.5419775879572906 0.601607358121888 4229.790048623122 0.00046950367418171606 0.85806051365274
1.1330475727777682 0.6816336265713625 4310.522183951645 9.393922077316088e-05 0.3413660041207331
1.4273991838060014 0.6475805150879823 4813.596656434266 -0.0005851847833149985 0.8498530147151655
1.4273991838060014 0.6475805150879823 4813.596656434266 -0.0005851847833149985 0.8498530147151655
1.1078623826248584 0.6079246332535593 4925.690292479272 0.0005013361811765291 0.30024149287665514
1.3602629660291403 0.6441163834238103 4651.480501155318 -0.00038307966782197896 0.8517528291881765
1.3964790045081026 0.6336460396315249 4492.883282600542 -0.0009157435506172173 0.7827126330400608
1.4048415966436334 0.6074519137284717 4168.325210100307 0.00030607902120984183 0.8215180566525018
1.4983682266943055 0.6202487677197199 4635.649068033467 0.00011322495664465824 0.893213963312177
1.2721674144782282 0.6593213731076804 4818.78775829 -0.00014224277987452016 0.5769764417468706
1.137780746338382 0.6432107488718732 4511.556331592498 0.0002474535964896189 0.31176088294441523
1.4971110768489841 0.5626919280569709 4395.993741810119 -0.0005596437284041131 0.6989783698834626
1.387986811432599 0.5829898788691776 4923.845662248954 -0.0006161734127516277 0.7751436821861363
1.260300721016155 0.5867945106870363 4894.931672084109 -0.00024753444472342095 0.6920496342581579
1.359849463812718 0.5440488559471396 4941.591784792601 -0.00011316788039654119 0.7082248762790688
1.359849463812718 0.5440488559471396 4941.591784792601 -0.00011316788039654119 0.7082248762790688
1.3780622928993163 0.6468987918412833 4574.227614296217 0.0011106136456860284 0.8165644435460916
1.2526706540588264 0.652028558359677 4674.5078624293255 -0.00026894263584308537 0.3069494942395577
1.2526706540588264 0.652028558359677 4674.5078624293255 -0.00026894263584308537 0.3069494942395577
1.2838443025513926 0.6568193332395309 4908.837008069719 -0.00024525848778830805 0.8197775209775584
1.2838443025513926 0.6568193332395309 4908.837008069719 -0.00024525848778830805 0.8197775209775584
1.3300611664267175 0.6656181010018511 4998.738117894553 0.00042842228926251495 0.9123857313961821
1.4139772143489222 0.608458559956357 4092.1895317958315 5.9270261990554475e-05 0.8203198532490416
1.3555795304567597 0.5908096798975395 4618.7066665458515 -0.0004233915861395228 0.6990200497533321
1.1612782600495446 0.5849237542884753 4902.512012523976 0.00045904461919916566 0.4066559444580027
1.4241743125551563 0.6363140030852904 4384.744079535518 2.564204047213912e-05 0.8035616764181678
1.3882500881302229 0.6038732599074736 4046.0460356301364 0.0005568022955274499 0.753908948556102
1.2568290314247357 0.6659088815290309 4801.586761380589 0.00046772416999459054 0.7338767329482088
1.2804392116061212 0.592010927373031 4506.77871231689 1.0489208306154636e-05 0.6794318959771073
1.2499303990138477 0.5930173825401532 4908.153790782799 0.00010338544737595914 0.7818581543493477
1.3536865330274654 0.6169720652841049 4522.61163180056 -6.862823243909261e-05 0.7872344584784916
1.3536865330274654 0.6169720652841049 4522.61163180056 -6.862823243909261e-05 0.7872344584784916
1.4586515999978316 0.6522282113758299 4865.549983700684 0.00033115530103221 0.8707473223274059
1.4586515999978316 0.6522282113758299 4865.549983700684 0.00033115530103221 0.8707473223274059
1.2134731497018592 0.6217938932552408 4965.92394730731 0.0003768216247365778 0.5814637625518434
1.44130935812545 0.6689722865866304 4877.679276500462 -0.0001081227370399047 0.9743067511372506
1.3773215006751227 0.5761519690173856 4923.883545682169 -0.000280218003747839 0.667150669545797
1.5213930245598126 0.6682085182492977 4643.815456299227 -0.00010119225518212703 0.9007629979748412
1.3319868203719407 0.6120028596234262 4068.2764226151075 -5.155048901251652e-05 0.8063863898286476
1.1541997818865473 0.7027173358721761 4760.73097803415 -0.0005952395007294162 0.34238539596241646
1.5230082770123676 0.56160570563484 4814.094398919218 -4.680827570271919e-05 0.6688288518757626
1.28150287755524 0.5674394552041392 4915.082526788553 -0.0005160349060637304 0.762731740756001
1.2032643994345866 0.7227142859825526 4941.663270265623 -0.00024228904816763302 0.4254263656242694
1.102909887901936 0.6088832830662514 4456.883743819197 0.0007530444943743298 0.3378668991967304
1.3767491676290178 0.6473025377611554 4995.88131462004 -0.0006782921780711737 0.8668244050132873
1.2709916783619444 0.6422150867799361 4758.738618939008 -0.0005278122257064012 0.799069043478776
1.0821126067445643 0.6184053128930469 4509.267162538739 0.00015445419735914562 0.29232397203342214
1.0821126067445643 0.6184053128930469 4509.267162538739 0.00015445419735914562 0.29232397203342214
1.3924379987311806 0.5486674112893155 4957.187666724357 0.0005808503758814389 0.8017495953631053
1.1958220091267044 0.6279747658759433 4549.6111260584585 0.0008242930227427304 0.3328874012238303
1.1958220091267044 0.6279747658759433 4549.6111260584585 0.0008242930227427304 0.3328874012238303
1.3949136687545773 0.7139168345936235 4442.515839043869 -0.00014195262731337097 0.8539532177670466
1.1484250331008976 0.6845279580611235 4497.25896131774 0.0006375244221447585 0.3233587414605887
1.1484250331008976 0.6845279580611235 4497.25896131774 0.0006375244221447585 0.3233587414605887
1.19551888969577 0.57347162977 4903.549314523635 0.0003873750763666425 0.5118988792301243
1.102572316760284 0.6179719171536376 4974.685211225467 -0.00012459175221541025 0.3167543891521661
1.4223284619308976 0.6111821131760751 4143.7990312921565 -0.0002653298740026301 0.7825639160983435
1.4223284619308976 0.6111821131760751 4143.7990312921565 -0.0002653298740026301 0.7825639160983435
1.290671963740484 0.7310977289306898 4527.536804896223 7.6403597379804e-05 0.4602310670235673
1.290671963740484 0.7310977289306898 4527.536804896223 7.6403597379804e-05 0.4602310670235673
1.3569157681272097 0.6713245746181886 4813.607285081315 -0.00021633485476577223 0.6985245656215592
1.2853580932532758 0.5601157040220471 4619.235670066393 0.000606969607788857 0.7551441504018279
1.4420163081011728 0.5782390301864665 4739.336993882416 0.0003455769312568603 0.8400178280214687
1.2505538395200846 0.5966880234935774 4645.086292326663 -0.0004459723832904965 0.5951634518013464
1.249234181015829 0.6737621092858443 4443.958051817273 -7.854726111042441e-05 0.8014917769095156
1.3914890594310707 0.5879010523246717 4162.819953479725 0.00024741873719009386 0.7211386464681755
1.3717579183342592 0.5860788893440703 4943.408930685317 0.00018535005280873843 0.7922899155370182
1.3717579183342592 0.5860788893440703 4943.408930685317 0.00018535005280873843 0.7922899155370182
1.2847747944743575 0.6832426453745315 4908.316681722648 0.0005114046996065606 0.9871553878438759
1.2847747944743575 0.6832426453745315 4908.316681722648 0.0005114046996065606 0.9871553878438759
1.098453205448937 0.6895858235937162 4929.148866794955 2.4461621865650983e-05 0.35581751420422253
1.2762681521283599 0.5641881163125321 4666.255193892131 0.0003975876097206121 0.7383996066469538
1.4076321782785812 0.6307269312854275 4878.268894424604 0.00022261466566262023 0.8897600326865885
1.4737283380281436 0.6232544178169418 4210.7729291156575 0.00029801577835287033 0.7883914586135998
1.3287950935920394 0.624753378827796 4502.026235191423 -0.0007731724994037798 0.7473182938798408
1.4594503718977427 0.6533358230483035 4969.563831029446 -0.0004477490977224818 0.8248108882248268
1.3248457657817454 0.5707067892238363 4768.841957877348 -7.988283015836927e-05 0.7713835018428546
1.3248457657817454 0.5707067892238363 4768.841957877348 -7.988283015836927e-05 0.7713835018428546
1.204059473323744 0.664120354661238 4679.383543968921 0.0004849868086044552 0.3876922878065099
1.333679126486202 0.5593244187689472 4966.218406085192 -0.00030392550224311345 0.7985837621234149
1.26321186394023 0.660826105930875 4880.736967013184 0.00021363528529314514 0.8237265935277764
1.26321186394023 0.660826105930875 4880.736967013184 0.00021363528529314514 0.8237265935277764
1.370429363696649 0.5823040011767076 4600.99177266045 -5.759407321270606e-05 0.7527702254316326
1.370429363696649 0.5823040011767076 4600.99177266045 -5.759407321270606e-05 0.7527702254316326
1.3052107865036051 0.6261762320479058 4781.344460790767 0.0005330334888278889 0.8398774699337772
1.2235490247249199 0.5861030101957259 4888.270686439018 2.0772860704142883e-05 0.6017008186297053
1.286252439505128 0.6361064811616952 4760.572721198839 -0.00011509242200097299 0.8445841172093594
1.5432103704354172 0.5680865102950944 4405.835099658126 0.0006947775470787818 0.7857715874824648
1.377682212539383 0.5512682208176716 4739.804266924513 0.00015994917343549198 0.7572641412497707
1.377682212539383 0.5512682208176716 4739.804266924513 0.00015994917343549198 0.7572641412497707
1.3825218093043268 0.6174622405073775 4533.491474877555 -0.00012917121575162777 0.8059686610794861
1.0706626954867164 0.6560088608179442 4948.405264243645 -0.0007719919430353616 0.27279213374078487
1.2299584336870422 0.6657626980804674 4365.460076777734 -0.00025178971585270376 0.3857795614684024
1.1957307489741646 0.6204774457583484 4641.730223594116 -0.0004457551740314928 0.3704640596061727
1.4693020413905002 0.6170580454050685 4272.437897785857 -0.00048472225086148603 0.7999290326686447
1.3715721700115093 0.615022947685409 4695.857046740131 -0.0003500334548649073 0.7544184377827508
1.3105429524002827 0.564855782206382 4677.018353395725 0.00019707301284467875 0.6820031718782584
1.3429804013331292 0.5837984434681937 4790.524693018297 0.0007963170885120789 0.71799613641561
1.3784643450363698 0.580511409473881 4425.169888964985 0.0001387903987792575 0.7543316995036249
1.3891278063285726 0.663288178376609 4727.623095246107 -0.00011836154055746146 0.9306019389347058
1.2039896255475235 0.6476651455424197 4905.2235230233155 0.0008714789955112919 0.3838650740278632
1.3908258708963044 0.6465100743616049 4193.546604114604 0.0007120848877807309 0.8973646411901142
1.2443928199532748 0.6161932001048096 4857.287529667455 0.00038866202719500364 0.6557281772940886
1.3246102054875635 0.6370481922915842 4386.088178666239 -9.749084191283908e-05 0.8266390353386022
1.3331206688488169 0.6567208837547656 4939.462370107395 -0.00014900125366265282 0.8702494916456053
1.3529072523104406 0.6228056710942639 4533.333901895779 0.0005010028728860156 0.7601975410838862
1.4275833051496392 0.5585098539968947 4590.815506347406 -4.9010674147667886e-05 0.8011759671777529
1.1718067148651394 0.623197437322593 4831.717439727933 -0.0006485366890272765 0.3101602970527055
1.4006658519403352 0.5988505683007369 4581.74814329972 -0.0009681249445535173 0.8217752613820725
1.3477111884192463 0.5718293358493028 4561.1608165113 -0.0007923026616191844 0.7622820915012662
1.2415816729392068 0.6405245874901676 4787.7834078814785 -0.0003825128492196971 0.7875787786218573
0.9570745577840296 0.5940899756635349 4955.1184725888 0.0008471371805308683 0.28068489612490255
1.211635828901105 0.6286537059406274 4260.300373773119 -0.00041256349614593186 0.4141341822285665
1.46558871413247 0.6568610862194095 4960.765944140094 -6.066973157031052e-06 0.8610033199126619
1.4323109500018667 0.6470107237377605 4509.307314201673 -0.00023506837779716988 0.8291620780512523
1.3970233309135411 0.5666672186451007 4974.704336381443 -3.595604064432946e-05 0.7897879828781348
1.2747355397283437 0.674398325733975 4767.914929907588 0.0002843982893143886 0.5777131394303381
1.2747355397283437 0.674398325733975 4767.914929907588 0.0002843982893143886 0.5777131394303381
1.2870717394941023 0.593680932347968 4967.051556656023 2.383835721257182e-05 0.7035690963683587
1.2870717394941023 0.593680932347968 4967.051556656023 2.383835721257182e-05 0.7035690963683587
1.1694960851251088 0.6281691625319865 4879.499024709306 0.0003899690991095179 0.5681777023466725
1.1694960851251088 0.6281691625319865 4879.499024709306 0.0003899690991095179 0.5681777023466725
1.2457881310135654 0.622869297147403 4727.310231072893 0.00038321493144016604 0.44388121231668665
1.2457881310135654 0.622869297147403 4727.310231072893 0.00038321493144016604 0.44388121231668665
1.278584421225219 0.6474434661725241 4631.813530583187 0.00026230395226543076 0.8174077889401713
1.278584421225219 0.6474434661725241 4631.813530583187 0.00026230395226543076 0.8174077889401713
1.317601433449214 0.5365814944921208 4981.246108264595 -0.00016485238420817705 0.7592271846156362
1.1631850950825953 0.6294719658736189 4645.489659379151 0.00045141867046961015 0.3352891096317162
1.4068043226811473 0.5989526192487309 4275.4965045849885 -0.00046905087971627063 0.7612616819127099
1.351464311082158 0.5855721701346217 4890.590412411835 -0.00039485130540749426 0.7590110048789567
1.351464311082158 0.5855721701346217 4890.590412411835 -0.00039485130540749426 0.7590110048789567
1.4255168681650359 0.6075050609360342 4982.799572794108 1.1264903712734775e-05 0.7552214061065435
1.2916778024831361 0.6871534281688074 4782.270474364242 -0.00036013811463832246 0.7958695455049083
1.5526806032270395 0.6094887805748183 4199.015466828015 0.0007933888286824076 0.8032848532523098
1.5526806032270395 0.6094887805748183 4199.015466828015 0.0007933888286824076 0.8032848532523098
1.1721956513799283 0.691271775171816 4914.188159986464 7.037735566226098e-06 0.32458703959977414
1.3852222246732047 0.6764798577245295 4105.212158074395 0.0003086573149401507 0.5564283587019934
1.4569061819534528 0.5782858382238428 4737.972203629261 0.0003840157979924422 0.730781120811711
1.216993271234223 0.6044763692634829 4711.014183456936 0.00014105274679759503 0.5616081182033249
1.2142921671327442 0.6673681165036845 4774.005716726706 -0.0005460541593340606 0.3258037964778795
1.4448790310780981 0.579869199864232 4459.584492913317 0.0006968577188624578 0.6755550273119955
1.3620011478105087 0.5575918182880919 4992.842156140718 0.0006574205299253377 0.8149174703395827
1.3893612728179179 0.5570109668270883 4605.191444109682 -0.00032040408378307953 0.7961863205251218
1.3060705751384374 0.640961717240615 4645.062020843736 0.0003338377696712823 0.7470322572789108
1.1395577347919452 0.613256799824416 4883.620497425397 0.0004673993522867712 0.3765922415566886
1.3898544080962396 0.5999950783760091 4802.362830944745 -3.4161279472599556e-05 0.8090126429587454
1.367888604057419 0.6568855903929876 4550.351476569793 -0.00023272038926487994 0.8417325923311572
1.3239391383648038 0.6601438757136445 4710.47857329591 0.0001063674453679644 0.853669659384251
1.3095370724749271 0.6343791855833892 4512.343279208482 -0.0009212533608229999 0.5496597274697159
1.3095370724749271 0.6343791855833892 4512.343279208482 -0.0009212533608229999 0.5496597274697159
1.2283685954240764 0.7153330612595166 4366.347251930724 0.00020966031741763462 0.35039205500999776
1.1331506679988654 0.6155788134883062 4938.390500080603 -2.8124306247164394e-05 0.32946994220615444
1.420367728409334 0.6277860750052627 4938.7737083102065 0.00048201736806670006 0.7636761495145663
1.420367728409334 0.6277860750052627 4938.7737083102065 0.00048201736806670006 0.7636761495145663
1.16878740771179 0.7007486865682634 4991.896589426506 -0.0005025015066347103 0.3360477581848158
1.4041655818179446 0.7155881786302932 4747.1570610878 0.0007510390971812118 0.8971368023645542
1.5134945976100875 0.5673276435724947 4877.438136505872 -1.8357491796395444e-05 0.6851604177606161
1.2442429722991242 0.6361175789148932 4830.126060080374 0.0002157210212370127 0.8224161777486104
1.2442429722991242 0.6361175789148932 4830.126060080374 0.0002157210212370127 0.8224161777486104
1.4615484408497423 0.6487384127511397 4964.3415834762 -4.9311881472265e-05 0.9506083703013521
1.2923623174914545 0.6113003291032755 4447.470760867307 0.000835354971918919 0.7389210730003409
1.2522164688107917 0.6651426352996613 4781.33493639879 7.531531589382807e-05 0.7350028318230235
1.3641265724537561 0.629976326171398 4497.29144873263 -0.0003224585303320023 0.8548974830220144
1.239100731202771 0.5646403621415905 4903.621096685203 -0.0002936499885571403 0.5972811705338447
1.2847302656615032 0.5679549555729769 4809.362464221384 0.000614328813129897 0.8107223907502896
1.399749202943915 0.6529338561370145 4909.362911897278 0.0010995516755401883 0.8886374099945695
1.399749202943915 0.6529338561370145 4909.362911897278 0.0010995516755401883 0.8886374099945695
1.3144864534145273 0.6380862464929382 4792.844124791818 -0.0005737690632962028 0.8354266259695933
1.3144864534145273 0.6380862464929382 4792.844124791818 -0.0005737690632962028 0.8354266259695933
1.4377492454423215 0.6311368730722966 4794.350309028634 7.312920348555081e-05 0.7762328011979144
1.3692228686047059 0.624123320009013 4634.217187554715 -0.0001503198957109003 0.8164528208307343
1.1913153039867628 0.6100995750965259 4904.072066314633 -0.00016080180572863886 0.6950169299585676
1.411447388942858 0.6169277740847252 4990.348495810036 0.00031309861747929495 0.8859473491433638
1.189281904948669 0.6665866922088347 4903.561856839936 0.0002608295089487166 0.3787267688032828
1.4040698984180726 0.5794368020222386 4817.381332057088 -0.0004408637297813754 0.8086509832290312
1.2352486152302142 0.6406654650523887 4919.566261273712 -5.5969598841160896e-05 0.46183166252976515
1.4470975056237037 0.5774362394198538 4709.328643604924 4.048695994753257e-05 0.7599320360326363
1.4727624597529474 0.5739431101416025 4618.672153364372 0.00017191633347867793 0.6968132953447002
1.2003695797823126 0.6218059073570346 4779.318635597159 0.00015517766002390282 0.37121263714339736
1.3515576132050904 0.6783173474399681 4950.563457178037 -8.403765546787083e-06 0.9081319576845724
1.3935852332890546 0.5823515017684868 4634.874245639225 -0.0004002523246449023 0.7582736852326197
1.4900308913244062 0.6010952954504081 4468.234194154909 -0.00020092773557451804 0.7281080995654798
1.4900308913244062 0.6010952954504081 4468.234194154909 -0.00020092773557451804 0.7281080995654798
1.1694078798921153 0.6057381408159598 4954.9204582698085 0.0002169238195928725 0.38622631132389107
1.3784464162943648 0.6713207741493686 4679.396679012456 7.136562461686316e-05 0.9308208969890782
1.4926275265165567 0.622621972119831 4636.821066113898 0.0002102443427641406 0.7760251009931428
1.3890568409570725 0.6455404912444257 4236.081117542675 -0.0005150177470289092 0.7797695181413827
1.3723367456696343 0.5995795008828635 4992.973495803239 -0.00022561432769805024 0.691855706837357
1.3723367456696343 0.5995795008828635 4992.973495803239 -0.00022561432769805024 0.691855706837357
1.3413083012068974 0.6004887424926049 4771.144602352776 -0.0004536722224008089 0.8013314308204966
1.4044220406658985 0.5510356009763888 4483.849040152173 0.00031718790013277574 0.7196535255849579
1.2663727093026118 0.6977949117410546 4919.516606374925 0.0005659006613167962 0.6875957546162408
1.3990885761673364 0.6201790425940785 4869.499973449752 -0.0009199585705831617 0.7140308604842547
1.2987423121011066 0.6138473712407011 4303.474948148859 -0.00039125856909895813 0.7417415482082175
1.0689636155927653 0.6185670257345992 4310.565645245645 -0.0006188162160879797 0.29707652237228394
1.0689636155927653 0.6185670257345992 4310.565645245645 -0.0006188162160879797 0.29707652237228394
1.4562626697551417 0.6273185472510052 4850.8255659190745 -0.0001422028151059733 0.750814043959102
1.1383024117332379 0.5962265092323344 4985.147312231372 -0.00010358242479579464 0.31160839209180546
1.4146951843169098 0.5678064238258923 4448.158926950529 0.0004708459986790549 0.7644656535195127
1.344399373151112 0.6367557981931721 4691.297009938807 -0.00021554023333633638 0.7773329590326787
1.5041012455880132 0.5997382008474621 4849.774016804506 0.0002703182588884712 0.747346930601134
1.5041012455880132 0.5997382008474621 4849.774016804506 0.0002703182588884712 0.747346930601134
1.226579256278678 0.6450994985883378 4837.991865662943 -0.0001890903961669099 0.5640389103288055
1.4909559980217537 0.6449495374268267 4899.550901522487 -0.0002946465937421708 0.9495279324476306
1.3643356953186396 0.643102861124928 4777.419737485351 0.0009396765651220742 0.7766180230866528
1.3144113824325552 0.5846632712767715 4963.440980788468 -0.0005508568826707522 0.7391854545593576
1.438331941826362 0.6192125808013194 4540.390782046941 -6.124494549096732e-05 0.8364837961651416
1.2866307722101569 0.5670758183433033 4757.537425603939 0.0001943372308293233 0.7151733258541604
1.2808927536577588 0.5877776500628036 4896.336558547641 0.00044556472952625507 0.6930443464528906
1.2808927536577588 0.5877776500628036 4896.336558547641 0.00044556472952625507 0.6930443464528906
1.363599940002169 0.633504590699115 4898.037525503467 0.00016486847181057887 0.7610871908936865
1.3560213944908415 0.6436065463797518 4329.462724681128 -0.000307173809919089 0.8429604866763545
1.175080193535604 0.7064491587342642 4752.745174848031 0.0003592122001161077 0.5984532564295189
1.051052321882273 0.6117365442661193 4602.282446890253 0.00044345759277280845 0.2975316557305261
1.2329216035082857 0.597734848941013 4761.285959485336 0.0007247860105103665 0.6529489678472369
1.2691629321826838 0.6047003732592467 4858.5239963579525 -3.5257235202396606e-05 0.7224545204391462
1.3081502277985457 0.6778779660153201 4707.778917498712 -0.00044217376996527364 0.7763068572061068
1.3041076102288585 0.5934637206148382 4932.398622777034 0.00031027645805025003 0.6912134245997759
1.3392450867985208 0.5914452742066024 4837.234141848527 -0.00017669642813370872 0.8448692732714309
1.3690670392884212 0.6130420367547469 4599.663087585597 -0.000522695153297237 0.7561873712263668
1.2856892661217962 0.6138777897486598 4837.154686064088 0.0001766707085419945 0.8038523006420303
1.2127471972123853 0.6130512015378965 4498.90169931321 -9.496936082357637e-05 0.6855566126607902
1.36739231227829 0.6610833460182001 4828.8802915199385 0.000545686448730807 0.9381895991741929
1.1089772294490614 0.6243725894070294 4895.583048776733 -6.59648361993442e-05 0.3104552381281013
1.3900620603691762 0.5517947081575986 4741.133509935275 2.4826378488744912e-05 0.78838572349936
1.4841357994552382 0.6150436254876555 4249.582552900757 0.00017446641923327732 0.763752858538561
1.3025755161278991 0.5677069926458811 4913.24496862051 0.0008357381001188607 0.7042302451523774
1.3025755161278991 0.5677069926458811 4913.24496862051 0.0008357381001188607 0.7042302451523774
1.3072412749023057 0.666704729582256 4873.502646273132 0.0006039270780199309 0.8465854211013135
1.291885976084494 0.7114641129769839 4930.560383502657 0.00011137280320304814 0.4699059474493032
1.4125359150410322 0.5812202623545647 4467.490356505883 -0.0006247002488106291 0.7224479967378661
1.4125359150410322 0.5812202623545647 4467.490356505883 -0.0006247002488106291 0.7224479967378661
1.2237236085964804 0.6648148857276445 4919.114858673308 -3.269946571648534e-05 0.4289692150580553
1.481954792908256 0.6463532225078534 4773.037206269142 4.233381050779169e-05 0.8914473023199336
1.3012442594745735 0.627402776870401 4784.9869510005 -0.0003537611437083997 0.7299305768634243
1.2676526555719327 0.6400096529996515 4879.892758366657 0.0003893172910594053 0.8198685452706931
1.033044019407486 0.6386126724449777 4903.266956825599 0.0005667269193909605 0.3073338318794625
1.550064400572335 0.6075967860957302 4719.289844786161 4.533985802223728e-05 0.731691614796336
1.36177639574947 0.5957127266271027 4656.1717848461785 0.0009438133939221096 0.7220757271710085
1.36177639574947 0.5957127266271027 4656.1717848461785 0.0009438133939221096 0.7220757271710085
1.3493753044124803 0.6647111825468504 4562.476719793696 0.00016298395743235156 0.9520936199842687
1.0854718455369536 0.6302389491774355 4362.754738104689 -0.0005077459345024159 0.2802493040036911
1.0529195717851283 0.6024783543619837 4539.1053804080875 -0.0005336196892621382 0.2723257231707699
1.1785048263341231 0.6107354363553165 4858.588192537993 0.000343422042860753 0.36200002688750715
1.399511899395771 0.6479879077509215 4997.513655253926 0.0004840534722068754 0.8213937106223221
1.2406941198218995 0.6944155478343403 4961.387573364341 0.0008902598257820868 0.7113481830194611
1.3146259135187448 0.6246645299998819 4182.700363949701 0.0004722340881373599 0.7590453992530215
1.2424574233568975 0.5970212083213149 4740.4109552810405 -0.00019109502809126598 0.629544271357653
1.3889466425748385 0.6291480404460323 4982.5186559059075 -0.00018046073356996694 0.9348231229018283
1.332703750128601 0.6348335790827824 4980.193440791157 -0.00045217814350063685 0.9028570555760098
1.332703750128601 0.6348335790827824 4980.193440791157 -0.00045217814350063685 0.9028570555760098
1.5259957896491203 0.5980339153145231 4569.6448022719105 -2.2709448027378515e-05 0.7298647074923253
1.0986195122265576 0.6334336498858434 4975.587507736111 0.00021311923797949684 0.27574426179778705
1.4529472869733917 0.6404451252046961 4774.567782293524 -0.00012690628356587318 0.8119456815069815
1.5036273405576912 0.667893857749731 4468.1622847039935 -0.00017830060103437851 0.8573092421826183
1.4243594484143776 0.5973066105246653 4526.2356976737965 -0.00016368047410846994 0.7296758839704663
1.4243594484143776 0.5973066105246653 4526.2356976737965 -0.00016368047410846994 0.7296758839704663
1.376317633254573 0.6209654373286175 4087.9299396292895 -0.000447642650906362 0.7434618009209919
1.1926260645679863 0.589266207341385 4456.595681885064 0.0004640847390858544 0.6009791028454057
1.2833005232302752 0.5703732734241785 4310.461216300928 0.0007927862750946204 0.7385492639442417
1.2833005232302752 0.5703732734241785 4310.461216300928 0.0007927862750946204 0.7385492639442417
1.3414569828731437 0.5877085530640984 4751.275613983706 0.00015193086057990082 0.6743444590958164
1.308737325678334 0.7077052872274984 4095.1649670714646 -0.0003136194410146419 0.603875932580381
1.3713306431583911 0.6132839141264661 4512.291591008674 -0.00011452373584446352 0.7044121901448599
1.3757255706577658 0.6092903626770213 4962.384346998898 -0.00018012646803656788 0.8118374847528695
1.3345013395864456 0.5553249970613169 4544.884759848353 -6.60324765251842e-05 0.6954704586573701
1.2787974821709966 0.7016800906140972 4989.358539170669 0.00031754925012015113 0.9134405857500592
1.337040415591658 0.6348230172888071 4618.665791936519 -0.0009248059731086047 0.7650791464104644
1.3664652717263115 0.6600311746221671 4810.942481116038 -0.0005471436063334733 0.8996207793447171
1.3664652717263115 0.6600311746221671 4810.942481116038 -0.0005471436063334733 0.8996207793447171
1.2187469863404754 0.6531919652942177 4524.3917202576085 -9.904131571000183e-05 0.3500684021285
1.3357941046837896 0.5835791948675717 4162.565653438674 -0.00031029921203668307 0.7291651356676321
1.3357941046837896 0.5835791948675717 4162.565653438674 -0.00031029921203668307 0.7291651356676321
1.5033496847940546 0.587835935058068 4815.961351196995 -0.0003374634569864396 0.6709767496849417
1.5033496847940546 0.587835935058068 4815.961351196995 -0.0003374634569864396 0.6709767496849417
1.5144499324942489 0.5900993778018284 4427.257242886248 0.0002966939082972977 0.767128257507669
1.5144499324942489 0.5900993778018284 4427.257242886248 0.0002966939082972977 0.767128257507669
1.2399793394769307 0.6768788979050078 4805.468848009256 0.00024782069676029973 0.5336510103140351
1.3137051984674686 0.5786725960858387 4781.172475959019 -0.00016197954055167753 0.736313930357396
1.2579447635920564 0.6288854360266634 4615.637352828711 0.0004482376168677968 0.35328467385678575
1.3167991761581053 0.6347775119676625 4677.493340259044 -0.00016420173028378255 0.6046113041768297
1.3167991761581053 0.6347775119676625 4677.493340259044 -0.00016420173028378255 0.6046113041768297
1.1740995915091048 0.5981838240946866 4888.3085071968735 0.00023742819172624643 0.406066005001433
1.4108543862658052 0.586183532969462 4143.261207500864 0.00022604793822888177 0.7910258748674273
1.2872765087650044 0.6540614033535506 4512.869314121292 -8.777717028907331e-05 0.5439403031462062
1.2298419840452968 0.6570877075516381 4757.5768916696525 -0.0001258897927931536 0.6661154236699132
1.4540955805336702 0.6170133670683517 4083.8368150713854 0.0002102005950952077 0.745530888846473
1.293556936771314 0.6154258558828887 4829.251809013089 -3.607721046408253e-05 0.694234852385074
1.4876457206849703 0.6246674394913181 4632.007814321797 -1.471751154200147e-05 0.8020541134977761
1.4354219910246662 0.5817197143052881 4773.625411663944 -0.000549630711185001 0.7821394307530817
1.3079823995991964 0.6308100776123226 4865.733128367511 0.00036519908277962986 0.6447823603776414
1.2835669666215668 0.6079266202921404 4663.725386815205 0.0005692958305539748 0.7895809764248214
1.3998115275158716 0.5937941132014188 4915.410545103431 0.00019538475070201788 0.6912289169321091
1.2843564541942747 0.6106209031183885 4427.9621725416655 3.1954871923808293e-05 0.4669826779952773
1.3459846383882597 0.6014467298288176 4483.279314020262 -0.00021052794674718657 0.7438061340234061
1.5087137958570351 0.6759322225089784 4585.539050067895 0.0004965464658112085 0.9963116481354585
1.2417686508084902 0.6096471769205746 4286.755938488218 -0.0001417137819786461 0.6482310169135939
1.2417686508084902 0.6096471769205746 4286.755938488218 -0.0001417137819786461 0.6482310169135939
1.3990306662321612 0.7063540487472962 4585.957342447223 -0.0004749007784293054 0.8692007791958083
1.3486445162263838 0.6942457798284116 4865.917331523185 -0.0001878372460271149 0.8395851609853484
1.4213257770487724 0.6768744015347328 4958.6598264515 0.0003415590798894975 0.9787603586437893
1.1388345861380766 0.6168987393698377 4512.981797799684 5.26317838363777e-05 0.298875091023238
1.3091569986788751 0.6547766061270417 4998.693024909899 -0.0008192243674634215 0.8009257740509316
1.2452497874955668 0.6739787616963784 4420.185627362294 2.5482899326209993e-05 0.6796146780403685
1.2452497874955668 0.6739787616963784 4420.185627362294 2.5482899326209993e-05 0.6796146780403685
1.2804755210509762 0.6032247358734079 4985.382278161317 4.246749820283467e-06 0.5711466323645145
1.524021426519338 0.6294332991458975 4580.662118398889 0.00020975106532445965 0.8449315714682331
1.3340314266975586 0.6591939170355459 4634.655100835738 -0.0005075377700254693 0.6911510719065994
1.3340314266975586 0.6591939170355459 4634.655100835738 -0.0005075377700254693 0.6911510719065994
1.293407056233319 0.6035895624751451 4983.885948324519 0.00042725972825149045 0.6844494869637203
1.1328173290088897 0.6364066683966113 4862.377365454029 -0.00019446904684165155 0.29753256103270687
1.3824277396145535 0.5988412028870691 4467.256985613575 -0.000964135671821768 0.8054801751282703
1.0757023221203836 0.5979258224262161 4816.277644365687 0.0002069333219665981 0.3035887956248766
1.2806427877854354 0.5636182478504819 4892.305979668296 0.0001162413467761881 0.6770264836974185
1.3461213295376704 0.6110033598871032 4710.234744671616 0.00010887511498524777 0.8324215276960358
1.187863668794678 0.5864005517457402 4866.691393265901 -9.992405460690842e-06 0.6281405462723089
1.492710475498332 0.6209222561417649 4142.917188249051 -0.0002412734256036895 0.8667782719435554
1.3126944479291627 0.6428595387233627 4169.557880997029 0.00013078225937819895 0.5173790867714925
1.2555350554792508 0.7088981619455623 4837.890070140281 -0.0002741288023165297 0.7303591017972807
1.5923381430929506 0.5853939755902497 4597.483955923582 0.00034687354026901034 0.7542899869875043
1.4522275531675621 0.6581707886432646 4199.707439988588 -0.0009113313203914249 0.8242874819977398
1.3763917130295842 0.6236967973763963 4046.6223023192492 -2.0526371131017838e-05 0.7694379092185761
1.6051357550894962 0.5910775056766688 4199.281744643494 0.0006103134987487773 0.8215480170412204
1.4791499317400185 0.6408020813370547 4199.426511571102 -7.817360856476921e-05 0.826244810440883
1.4916611472661778 0.6312084044290717 4352.77955554832 -0.00019066805580330185 0.9529862241339335
1.2925263553909057 0.68433948432976 4793.716183478993 -0.00016524847214176392 0.900037640304296
1.2840246843905292 0.6704032096063681 4699.776722323205 -6.299348932263231e-05 0.818312399073988
1.4202124999294712 0.6405688197952886 4275.530995920607 0.0001368922480833265 0.9173016546058443
1.345600411313427 0.5804284471773553 4577.3838722740675 -0.00020840768419627445 0.6973478390826591
1.6262180193531566 0.6238850662345773 4468.423220913827 -0.0002285767382394837 0.9008200644766868
1.5394213146594482 0.6180858740502264 4615.769471720442 0.00016910303924144032 0.904456365627633
1.2914434403223731 0.6278141532249211 4377.895826220447 -0.0002577456172163979 0.7734138439192217
1.2780117223847163 0.6347295205095707 4761.783340599118 -0.0002464642007399561 0.7446219544408952
1.3622242127931288 0.6723636715107264 4728.7036717988185 -0.0004187334212078663 0.9534547442942602
1.3622242127931288 0.6723636715107264 4728.7036717988185 -0.0004187334212078663 0.9534547442942602
1.530405419253643 0.6353977598488765 4321.521120888009 0.0005230164424839773 0.834978195604817
1.3200091161427567 0.6238849171911731 4774.237743384114 0.00034554973800440456 0.44147540960756404
1.2355933482569383 0.6977824873093028 4801.55156589416 0.0003996285107502963 0.7445869162146962
1.129380187426516 0.6686545645663278 4751.440471304667 -7.326195119484627e-05 0.29249571780163874
1.129380187426516 0.6686545645663278 4751.440471304667 -7.326195119484627e-05 0.29249571780163874
1.3147195596701082 0.5491879262526354 4952.690450703054 -0.0003064028913858743 0.741330261722998
1.3147195596701082 0.5491879262526354 4952.690450703054 -0.0003064028913858743 0.741330261722998
1.2747390523694764 0.6743383642560636 4792.716576204538 0.0003664212413784381 0.8365064903101248
1.5923020753777655 0.6355194151142475 4300.021935261751 1.3573143161992586e-05 0.7873712491612566
1.2596076683746618 0.6772226832808117 4840.065637864171 -0.0002566659932609087 0.38234185758822503
1.3949196825974188 0.6985326855248134 4379.553716912706 0.00028476632028208535 0.8993778028338354
1.5523896064763023 0.5999360430480342 4379.453017997882 0.00020536300569175479 0.8443262691846927
1.2711568235734976 0.713875154899726 4592.744852294086 0.00018756886793216306 0.4477026213651072
1.2711568235734976 0.713875154899726 4592.744852294086 0.00018756886793216306 0.4477026213651072
1.1551468055205223 0.6457685438259644 4598.38626714306 -0.0001222617927786703 0.31258943684530444
1.4754688730170094 0.6624642605404233 4153.04238006336 0.0005555885637279345 0.8345823247084143
1.0015518565552521 0.6068112278816438 4941.575067754587 -0.00018042369820891335 0.28945109367467486
1.6105820959123438 0.6128718805792577 4153.57836351856 0.0003514769965058754 0.8755002505274854
1.2448023255347271 0.6167182887745879 4768.711705544435 -0.00032297856654019537 0.6309752671661113
1.3482583294558985 0.6058386823760593 4249.200716405586 -0.00045647741232760137 0.567085103833166
1.3655045652919648 0.6453668435838242 4832.932539029224 4.217485700949372e-06 0.9425064420575335
1.432690440873667 0.6440377646209771 4560.956390182376 0.0005897874528277363 0.8606616271313168
1.432690440873667 0.6440377646209771 4560.956390182376 0.0005897874528277363 0.8606616271313168
1.34183356934802 0.6478955091370658 4865.768090015298 -1.4725908568346647e-05 0.7804459917859261
1.2866633707390374 0.5904916468850094 4678.237709274436 0.00048738478630422767 0.7389189845438896
1.2459072165018723 0.6309526261474392 4615.994019268971 0.00034371322145105416 0.33636508359626105
1.2459072165018723 0.6309526261474392 4615.994019268971 0.00034371322145105416 0.33636508359626105
1.3513041601816573 0.6212501263400086 4204.0173692627 0.0001141673422440406 0.7698211699585218
1.3513041601816573 0.6212501263400086 4204.0173692627 0.0001141673422440406 0.7698211699585218
1.3798073979803405 0.6962581393228562 4275.893893612336 8.697880291795292e-05 0.9844559077978441
1.4071749005714718 0.6280326931622713 4385.631277921646 -0.0002549260544703187 0.8005284023650827
1.3631064167927904 0.6619981735459655 4083.757389486389 -0.00018610267282782574 0.5531255394356602
1.3631064167927904 0.6619981735459655 4083.757389486389 -0.00018610267282782574 0.5531255394356602
1.121319539751968 0.624446373322534 4984.531139890646 0.00024113050222903835 0.2777712575839781
1.3200860394640102 0.720130220123726 4352.71865229469 0.00012517910347614223 0.5206146305899051
1.3680811615392223 0.6451989853892687 4838.960664289733 0.00025481450023610234 0.8526690982312304
1.373599251589426 0.6981280908185357 4257.030805871856 0.00022723065782933132 0.7917740556308686
1.3616427224654943 0.6603017112064364 4818.4809759338295 9.380122078032878e-05 0.8574097991517191
1.4262974569862692 0.6347052132652853 4643.390414532277 0.0006882664914839687 0.6706809977389493
1.2995848031010175 0.7133608639957142 4164.324534750937 0.0005494342946606585 0.4115664621326025
1.5306696359040897 0.5831169612781424 4169.984509256143 0.0003356869121439686 0.7614934483009765
1.4853732922755074 0.6153476372610805 4774.780186647813 -0.00016429111080288732 0.8910578274809258
1.3066322372392305 0.633593031549211 4757.771388902512 6.407494552808432e-05 0.7865408460616669
1.3825805503330084 0.6241846710088708 4930.518762808972 0.000527712154600722 0.738883391533109
1.3727382685141767 0.6386152766438812 4797.322476862704 -0.00031676819234866086 0.7905105758849232
1.3625806630170285 0.6612110082415477 4755.749134710233 0.0004967312744947379 0.9306384007272464
1.4027141345886294 0.6067450739895486 4674.13085293149 0.00036905086633096747 0.6823658217151933
1.4251015653862755 0.6311894113731021 4727.722696976714 -0.0008305032574950005 0.7850033085178061
1.3148246373029928 0.5673064696690064 4757.45361961595 0.00038534730953781966 0.7633031283624874
1.4593808372717783 0.6300645950409756 4755.199766270504 5.957781414341232e-05 0.9044426572123601
1.2892038560081909 0.6680937670833623 4822.677017503594 6.381607149614925e-05 0.5541053167471981
1.3365184178059328 0.6435784054332041 4966.561797012195 0.0002040668570992975 0.8945202743443734
1.3365184178059328 0.6435784054332041 4966.561797012195 0.0002040668570992975 0.8945202743443734
1.3880230386633534 0.6397654550567419 4750.812854000615 5.902013222087923e-05 0.6976303922987663
1.29732024195197 0.5875306537555054 4880.641083733826 -0.0005927886271464803 0.7640264197177563
1.29732024195197 0.5875306537555054 4880.641083733826 -0.0005927886271464803 0.7640264197177563
1.2445867977594214 0.6846039170396263 4674.801784006091 0.00022132174235515374 0.3602384591081521
1.3800821294521186 0.5493029853085147 4605.874388816287 -0.00016563695785142856 0.711202125964556
1.2692062381707114 0.7003625729165702 4927.534831618615 0.00040688731466525065 0.8406165962714576
1.44950037238817 0.6407489566051978 4773.304533819064 4.96011653871334e-06 0.8884992092101207
1.44950037238817 0.6407489566051978 4773.304533819064 4.96011653871334e-06 0.8884992092101207
1.3257539749146559 0.6208332480031872 4053.2903433972374 -0.0002872147818925407 0.5838053635654921
1.0796432062601575 0.6633273639704366 4886.034867452636 6.135288418072806e-05 0.30931238959543006
1.3212730284087568 0.6761849728738756 4650.435423390593 -0.0002719738730799433 0.8021773368573131
1.4916009501126535 0.6305529724274244 4716.419260959468 0.0003366158856425781 0.9419265251112103
1.4916009501126535 0.6305529724274244 4716.419260959468 0.0003366158856425781 0.9419265251112103
1.2387964190524332 0.6580225000763316 4644.04648990878 0.0007736835484438944 0.6114393207393178
1.4291266039599029 0.5954744675866795 4814.784075898775 -7.97316108015405e-06 0.727468165804083
1.3764726364673816 0.616116814449919 4685.758093022822 3.722961473620811e-05 0.7640899859322392
1.3100131761557101 0.6679538718671212 4204.520830436005 0.0003597076045882553 0.6473933667934838
1.4693590985907417 0.5694377142073896 4424.451487529649 -0.0002172199528466243 0.7282338708425595
1.3325376687208643 0.605022378234563 4533.859907794824 0.0005608055752542967 0.7359768700458558
1.275089770235558 0.6024968745110618 4874.887535553809 -0.000184494420966852 0.6463856165664689
1.3973192577545566 0.6428155377604834 4841.918688856867 0.00010401944435560791 0.7814291643476489
1.3973192577545566 0.6428155377604834 4841.918688856867 0.00010401944435560791 0.7814291643476489
1.3029336539764247 0.6865072492699746 4569.915080515951 0.0006496303608036057 0.6231027190748331
1.4058719488362552 0.6374267227777721 4065.5827233613063 -0.0003842811748165503 0.7836353768159336
1.207150289236094 0.6301850423708714 4395.3517969105915 0.0009623759093131261 0.3442198261223017
1.2803708178915356 0.6981556941530263 4954.8737637172035 0.0003672587746908515 0.9145857114380722
1.4545299811135628 0.6145253442466645 4502.12382925338 0.0006398033820130928 0.8312530071495857
1.3193442184938098 0.6272556165735907 4645.326985045642 0.00010426960119068305 0.7402299461141862
1.1390807442608106 0.6316842210340635 4933.601011567715 0.0004218170425702983 0.2878599004926598
1.4667745098087064 0.6032558150463794 4810.600839316824 -5.0178369358574175e-05 0.741813962051956
1.4667745098087064 0.6032558150463794 4810.600839316824 -5.0178369358574175e-05 0.741813962051956
1.3373598062117418 0.6394229680416414 4556.11771681416 5.526085808727129e-05 0.7890230117102607
1.219993420704235 0.6484937593082923 4818.681123875164 -0.0003264928540604805 0.3904623300038491
1.1860097982824693 0.6679881056312328 4912.136180871726 -7.830297583508431e-06 0.6148794845992372
1.32715611953889 0.6179871730639717 4511.971690586361 -0.000918577502535445 0.6930582482175625
1.32715611953889 0.6179871730639717 4511.971690586361 -0.000918577502535445 0.6930582482175625
1.4303110378208126 0.6467844493398496 4511.777089916242 -0.0001734423032769987 0.8390908011673253
1.4303110378208126 0.6467844493398496 4511.777089916242 -0.0001734423032769987 0.8390908011673253
1.4438233335456885 0.6014697704321053 4195.118355249677 -1.4928324063292853e-05 0.8065032981066445
1.3025852017303452 0.5876465351420921 4745.528415204038 -7.850359021578654e-05 0.7261337058343733
1.4857651579634106 0.5580826028475654 4210.903750146235 1.1242954571827306e-05 0.7408867299956388
1.3599447362999966 0.5633056331027056 4501.231792382171 -0.00035188743808928566 0.7667422354920508
1.3406468305564645 0.6188037678809948 4908.21821442487 0.000864731108302993 0.8437435510466134
1.4051716958296439 0.6312361138191048 4915.056779361829 -0.00036702780971362684 0.7998017956619543
1.149172538915928 0.6069555108187275 4306.392527651846 -5.1948461400910986e-05 0.28607651773942944
1.3346205315070387 0.6873672044065815 4743.073408993872 6.334224079235865e-05 0.9803338470354935
1.36472418632734 0.7637712215609275 4300.866760486007 0.0005041885414265232 0.8180522436171883
1.3542747665223347 0.6111016276963368 4260.2605425625125 0.00012616177499690044 0.7592377242531784
1.3045309058285959 0.5707645156780874 4941.757727639033 -0.00017279988543223603 0.6653006072231553
1.415869769544769 0.6373126298417934 4548.5323910575735 -3.304896989302908e-05 0.83723681325202
1.3194842328662864 0.6286757544726522 4566.356666447126 -7.550721114036721e-05 0.36521046423153614
1.4196515007235981 0.6192048536030244 4568.387098758134 0.00010281045607565802 0.7705960760880213
1.5165775239121342 0.6489529861085819 4643.541347920657 -4.4875415029020414e-05 0.8364639743529758
1.2849567591496778 0.623078170495148 4825.303762882013 -0.0005479356441717438 0.7873337964472079
1.3082371855790096 0.6769242243865641 4420.353070684951 0.0007846069432346092 0.9818453744263498
1.397095023445032 0.5746538655872234 4939.350511287171 -0.00015011682642739578 0.6955271374392471
1.2697786037891858 0.7106933211081854 4864.776011456901 -0.0002076629768567485 0.39484216127139615
1.2426296044709266 0.7126374699578483 4850.615891097514 0.00046139288214688714 0.34222663209520854
1.2426296044709266 0.7126374699578483 4850.615891097514 0.00046139288214688714 0.34222663209520854
1.3411301767375474 0.6559743963065895 4453.578522139618 0.00018762019996651226 0.8660088356720906
1.3761829955632159 0.6008827661942491 4395.191926180618 -0.0008863837813863474 0.8074913258678356
1.4162222889300606 0.5782023279449212 4934.2976571459885 -0.0006073549077581218 0.6762135414556972
1.3602632856234875 0.7114057983883764 4056.313209294774 -0.0005270199175027416 0.72808210007945
1.3963735047744512 0.5991837893746366 4933.466753604235 0.0007279953294248707 0.8287726006295771
1.1164502259080673 0.6840734948364973 4739.38372448863 0.0006431194805025625 0.31954788867131334
1.3312115676344694 0.6154802877109805 4992.846601077392 0.0001995357446366633 0.6994480485670911
1.3872599332779232 0.6010184638593753 4168.56293821894 -0.00018517873086282779 0.798934107350477
1.3872599332779232 0.6010184638593753 4168.56293821894 -0.00018517873086282779 0.798934107350477
1.3235410059692336 0.6064808862825277 4960.8177338807145 1.7696403776426026e-05 0.5686353304994121
1.2149015703984973 0.5986906170726769 4999.214290639943 0.00020434050049509574 0.6027742976305774
1.224571006773411 0.6293212011382103 4840.671260131646 -0.0005636373796336485 0.3321975912158488
1.4309157656395168 0.6405995283791103 4572.668583264637 0.0005803970911004805 0.8375745987326944
1.06124256942447 0.6303159644528878 4987.639757828203 -0.0002951697955981871 0.2886474680146439
1.06124256942447 0.6303159644528878 4987.639757828203 -0.0002951697955981871 0.2886474680146439
1.3050786273941655 0.642193863241749 4631.455195546757 -0.000442324869480332 0.8277238495997441
1.3151306324515075 0.6316132936704258 4846.484561571119 0.0006856790711660593 0.7996164937681843
1.3492877235799692 0.6204770661555277 4873.909456209303 -0.00032309423313866013 0.7652916357683582
1.2638536836073877 0.6804600011040397 4816.68238154108 -0.0003954741143417268 0.8353582272912959
1.3444595792523728 0.5960859021664355 4825.321498186553 -0.0007164212071309 0.7144050391586994
1.3872804096388798 0.6212080759825414 4236.651825356388 0.0008188094538959295 0.7740113242613911
1.2128872382189015 0.6075558674751997 4931.0878801954395 -0.00018318767070935724 0.4459062656228422
1.2523981311851107 0.5892569328631766 4883.987079171988 0.00039280446068127374 0.7453282797078926
1.3590236199797152 0.6274882072704324 4365.6654539016245 0.0006004222282404959 0.8284944605803553
1.4154531169057964 0.609750598433199 4236.626349624116 -0.0005281389628405598 0.7966395987485415
1.3854695018224512 0.6405225929094684 4891.271496269836 0.0001247173749667889 0.9935906902996409
1.1593372996104085 0.7055131303215686 4980.658847608915 -0.00012315545119361506 0.3465060513670426
1.1275240880171287 0.6104342428291474 4837.039779825482 0.0003813131337162488 0.29329762241035395
1.3475165450950513 0.6388652306584583 4937.436864324497 8.071115934748862e-05 0.7754880893424232
1.4184110095409328 0.62919641094255 4978.7098841970765 -0.00036766280581390474 0.9487586204152006
1.3386337523274547 0.6138885540753809 4438.835819751034 -2.1927367502627466e-05 0.8182081196674528
1.4459929560942149 0.6596005845753551 4597.24200904638 0.0004476658782648528 0.8418252406197965
1.438690632506956 0.6131944562675089 4428.1982791317105 0.0003510488801383959 0.7188965975447097
1.438690632506956 0.6131944562675089 4428.1982791317105 0.0003510488801383959 0.7188965975447097
1.2049322267898543 0.6099106722115005 4835.446862805498 -0.0007012377322993824 0.33947985664949837
1.4275235769590975 0.6320251928139059 4813.156271514965 -0.0002628794618625531 0.8128896884176104
1.3739957545541097 0.6383119551709246 4421.250611086523 0.00031403881930232926 0.8374786634473466
1.350209294037599 0.6558667358181549 4931.806749014999 3.414711690328208e-05 0.9363560045769234
1.1202248208762735 0.6569228879049783 4827.250482693934 -0.00012915207280724377 0.29659432439894845
1.1202248208762735 0.6569228879049783 4827.250482693934 -0.00012915207280724377 0.29659432439894845
1.2510658651304094 0.6612749610375771 4603.555472995122 -0.00018409564316138958 0.34281824742359435
1.2436814139131447 0.5950858176527763 4681.845503501111 -0.00020329603341768922 0.7084997227209902
1.3914015004305456 0.5706211176214371 4832.436531316968 -0.00019636056771783964 0.8518137136130391
1.452448138157417 0.6054865418728208 4092.2127609454947 7.291685419115271e-05 0.7890643266030162
1.3468816830323371 0.5467040758225497 4771.7761952284245 7.783855338096093e-06 0.7002459594820702
1.3295236274888196 0.6057774496397881 4439.1050273276305 -0.00023623032724541797 0.7764624938906406
1.1989821360259953 0.6320475913681385 4896.514718205604 -0.00042614669919079583 0.4685775300991655
1.3445383381496843 0.6585943578932157 4799.617132151046 9.24949539784037e-05 0.9231932835270247
1.3924412391335423 0.6066386733000013 4955.18820732004 0.0004593544247602119 0.9087115695550636
1.2738640736989175 0.653128453840306 4712.6834263055025 0.00036043358490320986 0.7484509186871652
1.2597471593337022 0.6318332588087326 4873.483151216919 -0.00016984087178549805 0.5790876412491374
1.3096563929139258 0.6350134140075265 4656.71670846777 0.00019400982144234674 0.742146390367165
1.4149673169759127 0.6129412868663533 4442.467479640345 -0.00012703566159522157 0.7728224497488494
1.3496733078572247 0.6715656005217937 4959.536088757597 3.7863597583766406e-05 0.988973053056228
1.3747118881936866 0.6835449808992228 4922.358955481782 -9.867732166276537e-05 0.9865682233346067
1.3686853361945595 0.6382796130638289 4795.8923724771375 0.000957274835897384 0.8033162382653908
1.501185063474801 0.5786048954992105 4796.330570324987 8.054990186093607e-05 0.6932905951028285
1.2567464055442314 0.6539323858938322 4489.577490137472 -0.00011173998684256812 0.817496931210283
1.3992875384238748 0.6046387057012241 4674.247331028635 -0.0007948558826307512 0.8005054119492676
1.3992875384238748 0.6046387057012241 4674.247331028635 -0.0007948558826307512 0.8005054119492676
1.2008704924284004 0.6860828452438632 4549.808456845368 -6.526170056793291e-05 0.35301490524269474
1.4490298416346272 0.6431419988297532 4997.336339816829 0.00011864986072764296 0.8233904161125913
1.3138784925059523 0.5801824266849711 4939.866467587236 -0.0005515653396077273 0.7500851979758405
1.3561442064296862 0.6695405525923912 4794.133742287636 0.0003027069395019241 0.9998284774380495
1.1590723812776451 0.6092885692569072 4739.7227934915345 0.00013123513601372407 0.33553110709553324
1.3866147649445677 0.5751679781389384 4821.912390401061 0.0004929669766005145 0.7803207015838305
1.367661886138683 0.6003868697352452 4933.452363005402 7.402986466741101e-05 0.7252520954125122
1.5612495445666386 0.5979466530967545 4747.805035227439 7.354947736614085e-05 0.8148511778246583
1.0979370041286298 0.6807563317312714 4941.515024109043 0.00011793560865031601 0.3146034698462613
1.5328795175920393 0.6097578845349023 4511.955067782664 0.0007855279354904346 0.8429530168015761
1.445705400927582 0.6582945305896843 4053.684910830276 0.0003800177606615653 0.9488170225724877
1.2883419085466479 0.5410379025838228 4867.740675894059 -0.00020013828880636133 0.7010369194614301
1.32359106578735 0.5885023914197863 4483.097261402397 0.0006893150558609368 0.7826450380593912
1.2458325236704415 0.641669086316395 4443.242713770558 0.000660861262198161 0.7512051027934754
1.2170674995458814 0.575999051065764 4758.8870435406325 -0.00014570759025957198 0.6611150585901029
1.4414783497068522 0.7032160092235447 4566.466710716637 0.0003649967968604663 0.9056157856338157
1.3529109949936575 0.5424663161510819 4740.364890463166 -0.00024207878944200199 0.7469686653238385
1.3397815544737801 0.6389910215918414 4892.653986116978 -0.0005783392808292094 0.7665713967894772
1.3388977487929323 0.6157285736072489 4827.694097985507 0.0004149282524080176 0.7600101145459398
1.3336470210761382 0.6446190233545771 4839.163804449863 -5.766693864637297e-05 0.8530088453067286
1.2463015434943017 0.6064388977808739 4758.197479533727 0.00045197210812838355 0.6927945165833441
1.2463015434943017 0.6064388977808739 4758.197479533727 0.00045197210812838355 0.6927945165833441
1.2175533599499453 0.6558630850304525 4668.135506273136 -5.3830074131177304e-06 0.3979304108963755
1.1679815537293474 0.6635589185593909 4970.551869479585 0.0007405741944656659 0.3160466165595904
1.4428129504412848 0.6138683105747451 4826.989147825744 -0.00040834264566033576 0.7761844212164654
1.4351304533666926 0.734236150192201 4105.576847766023 3.827824777857122e-05 0.90444187809526
1.4611376048254576 0.5560002810255125 4449.089815510984 -0.0003600039337570598 0.7147367619202158
1.3343069227171431 0.6323764932430805 4993.0961720857895 0.0002289114961041923 0.8140202285643873
1.3343069227171431 0.6323764932430805 4993.0961720857895 0.0002289114961041923 0.8140202285643873
1.1063039080190682 0.6411917719201942 4981.746334857305 0.0001306284060083793 0.32860598858179346
1.4769363592765055 0.5859047451605774 4725.837469162463 0.0002385514834856071 0.7013934569172435
1.377435205447008 0.5534824653471371 4740.193987314689 0.0007824317354413798 0.7184166979562748
1.2435226876570955 0.6514533996496485 4211.377184154305 7.161415562434225e-05 0.4440678271063635
1.2125448239523617 0.5968288683498573 4608.820406720205 -0.00033432700704216317 0.6157540299064088
1.2125448239523617 0.5968288683498573 4608.820406720205 -0.00033432700704216317 0.6157540299064088
1.315694489359183 0.601906204939234 4806.056919851223 0.00010677580716893532 0.5126528800797806
1.2157212125383743 0.7022047078634146 4814.947996093424 0.00018263829800767848 0.3265676420536816
1.3063194584704554 0.6167210743013383 4617.1727877737185 0.00012112928766840139 0.7869952817345827
1.1991285262865086 0.7010183591953743 4730.000907931615 9.812561424808649e-05 0.4281137709867435
1.4805820456195373 0.6392073222589403 4590.027896560631 -3.2265427824734525e-05 0.8424224097564059
1.2110243189294096 0.6290590456636556 4420.55020423802 8.690418821814083e-05 0.5011745697635452
1.202859413539959 0.6174060630914364 4919.675990548619 0.00032385095787647517 0.40201786572709736
1.3656627545709985 0.6022710252150804 4569.81570350824 0.0010651825857982346 0.7789363851240854
1.139033973080739 0.5979657704436603 4777.239352938006 -0.00014523801108085767 0.3432727132490986
1.2743671734935285 0.6309390186667115 4162.90373656065 -0.000322467963305728 0.630755434793828
1.3240930125392771 0.7011567123416831 4970.425940645555 0.00028520475475441647 0.9762773670962063
1.3559711055932668 0.7018378154317481 4618.5916191035685 0.00101182174410342 0.9776607225633407
1.3630039500355107 0.6880954641744907 4671.073596438101 -4.70928768648405e-05 0.951857806712356
1.3951256637811171 0.6097780273231785 4843.499538216192 -0.0002666694888886538 0.8035032913738934
1.2292551889228 0.6859633893566709 4452.520144945034 -0.0001570133153560633 0.5725587506078538
1.2497565874112335 0.613511551751281 4962.279459089932 0.00043714136585976164 0.6201945110000397
1.3626484265260832 0.5886462451864494 4740.836324291261 -0.00020607502549511612 0.7433992715763114
1.2369558068334103 0.5802056255077985 4918.637315855851 -0.0001240742523594731 0.7899139526586111
1.4611785219848152 0.662824744993831 4664.423069570906 0.0003033579370121838 0.9325777846783062
1.2656405759062703 0.6899483143525896 4986.451396000147 0.000359216498933272 0.8547782802184546
1.2656405759062703 0.6899483143525896 4986.451396000147 0.000359216498933272 0.8547782802184546
1.2642456164819482 0.5715654290282479 4975.734474425517 -0.0006726065581654036 0.5769488890491388
1.263659326019476 0.6477195129040362 4778.153178660471 0.0006114469210975386 0.8110842102645166
1.0892491613061694 0.605107136614448 4936.779430502771 0.00031074109966423396 0.31160718413669125
1.2220904756953836 0.6279636716962896 4903.280894995624 -0.0006159409447497511 0.5882868279984085
1.3143221608777607 0.5731170719703934 4837.960171160628 0.0006943102087806201 0.6878123349945804
1.3894761328321663 0.6675621970076139 4569.212674763822 0.0006538125397250935 0.875789397533753
1.321978922668582 0.6857267686840862 4703.31448014371 0.0010145141212403355 0.9116019591432282
1.367034830076931 0.646353272110126 4859.191930318734 0.00025888045905268103 0.920606634589682
1.5541759178580135 0.6426074688169522 4585.046312656305 0.0003071204012673558 0.8446777529172242
1.2625672175802234 0.6822764096281974 4959.152142110243 -5.2513862252288494e-05 0.6312273784735768
1.3097748973158536 0.5752249624117882 4834.322386592136 4.753747136900461e-05 0.7205855721728871
1.3097748973158536 0.5752249624117882 4834.322386592136 4.753747136900461e-05 0.7205855721728871
1.3659171281780385 0.5701021689063489 4506.7479721478485 0.0005671404285131843 0.7257128866979328
1.366919415247417 0.6382688888533616 4933.744239518592 3.160758010026098e-05 0.8275699595279028
1.466823052067709 0.6324015339923316 4379.189336211013 -0.0006071539441119099 0.8130744265013417
1.0904339186881182 0.6306007280006982 4979.033380962642 0.00012889963303017624 0.2994752863712928
1.0904339186881182 0.6306007280006982 4979.033380962642 0.00012889963303017624 0.2994752863712928
1.2157975482106704 0.6309290497759306 4656.9284827432875 5.0031335561980684e-05 0.4499037423455705
1.516640418062818 0.6151542629684355 4379.648328380287 -0.0004301958289439239 0.8764875862207233
1.3215909649000679 0.5631755472222866 4992.707721955306 -0.00016231870811197636 0.6954249630119037
1.373545458139021 0.629022388398842 4872.250438547036 0.0003209247911231152 0.7646801277265498
1.2641697206439082 0.7146626786472008 4836.912901256776 -0.0004342402241626678 0.5886816117571381
1.1357938550075475 0.6761513783107915 4629.80148892381 -0.0004089406496149649 0.3420861383259648
1.3694704779277251 0.6776949851180345 4853.387807610249 0.00044658920590308446 0.8080502323750295
1.3694704779277251 0.6776949851180345 4853.387807610249 0.00044658920590308446 0.8080502323750295
1.4376300737367456 0.6004931666531226 4743.222450590262 0.0004806936955868326 0.7758159118138919
1.324790526918091 0.595336198311465 4467.209159270815 -0.0004329761148386264 0.7619417686667723
1.407335197191991 0.6637306562377068 4275.998501604588 0.0007830843815488055 0.8675368806895237
1.2946622119791003 0.5512308189369605 4830.7668591167385 -2.6749166771626654e-05 0.7551629690182584
1.383780155706082 0.6346606669388535 4998.230585341058 0.0006101862299043077 0.811012283418509
1.2711676919695383 0.7086329533832221 4968.9261554893465 0.0005068472139917946 0.9888420858694071
1.369592361783806 0.6214282482316944 4862.608287488904 -0.00013851159236824 0.7344394423893286
1.21957992975057 0.5724620581151983 4989.71423766993 -3.176955948672656e-05 0.5564471534307098
1.4377149313956354 0.5461469582957834 4832.841918229055 6.162786463800765e-05 0.6787547683890074
1.3232330098055658 0.665864230044445 4790.628800110598 0.0003053011506722078 0.9334309819034893
1.2914739642833672 0.5814833486798081 4735.594418391351 0.00041633924076161366 0.754796084451125
1.4105345604429447 0.6253622772535095 4497.191798432637 -0.00046383034920463947 0.7705325917845326
1.3255430244737108 0.5845414518932481 4546.646022623283 -8.49484270284106e-05 0.7733558605180814
1.3483307758263678 0.657969540896788 4211.346578255358 -0.0002802807241519652 0.8507191985649223
1.3483307758263678 0.657969540896788 4211.346578255358 -0.0002802807241519652 0.8507191985649223
1.417205395472187 0.5817902306435464 4467.875149696045 -0.000264310474452622 0.7785512017396817
1.4025233988722912 0.6539133195145399 4884.458040454524 -0.00014428625125917358 0.9668752045702282
1.5032269867660277 0.6175936093696061 4643.075836892968 -9.719212498578851e-05 0.9662551392354821
1.5032269867660277 0.6175936093696061 4643.075836892968 -9.719212498578851e-05 0.9662551392354821
1.3889793972174893 0.6076448422978873 4551.9635851914445 -0.00047314637053060693 0.7969111860702489
1.4192514750844758 0.5886372347215614 4727.603424546709 0.0005159793451122151 0.723709505479917
1.3108527779579164 0.5991804748773575 4792.5062636733055 -0.00021560245929448413 0.7958825826644897
1.3458769906127486 0.5688489981854838 4781.076609941203 0.0004353531024421351 0.7500946074544665
1.4638635515825977 0.6570114135690062 4835.463897580813 -0.0003406600455064528 0.9379803454492486
1.2590734816468352 0.6140046803755053 4533.059992675045 -0.00018918903844443094 0.6745057056902336
1.2425550737805093 0.5900091484656635 4739.284419740205 0.00044630461867168513 0.47335415387296254
1.3905196074036472 0.5953713825125833 4863.710057451477 0.0007085279978087147 0.7621971800811503
1.2370632050216406 0.6523548855304442 4760.271869793954 0.0002697998683061416 0.6573321857840054
1.285197959542995 0.5990946257899563 4761.96922624633 -0.0005151499220591633 0.7172431727801695
1.3581023670608716 0.5801554848946778 4428.141471865254 7.525474041976292e-05 0.781556551249793
1.416349835744315 0.6753992982537828 4229.2196055551285 6.873124501470441e-05 0.8751922276908848
1.2573123574832044 0.5770107169736756 4438.903070988879 1.4132889768914082e-05 0.7041808553352444
1.3269025411328204 0.6103896150361122 4068.7355836513893 0.00038958674705483665 0.7795874308364347
1.2755003006502528 0.6014164267577942 4743.211638726507 1.7287595778957113e-05 0.6841296994580506
1.1692171628314718 0.6314422025146165 4840.7228324989155 0.0004203124691993307 0.30747115120915425
1.4061040484092753 0.578409086058135 4438.451865771739 -0.00011259383577214273 0.6942007861593187
1.393343573242952 0.6457914843804878 4560.463331372277 -0.0007024903917092544 0.85613864596192
1.0963322349432527 0.6100316929854253 4866.341592565218 -0.0006431135520085462 0.3393661261514149
1.4012955151931135 0.6560080379021302 4605.07604089956 -0.00024842454075272376 0.933956498409642
1.4524223703634365 0.6257110631856524 4840.550067511123 0.00044664970432945844 0.9411279488778098
1.4612716326987825 0.5817229377118922 4939.177158267838 0.0004234441169819479 0.6786274668993473
1.1060408087267006 0.6155111748073234 4459.488580097494 0.00015255524216128407 0.3014913979022164
1.2801422707486427 0.6803321130923236 4674.921967191917 2.5258413704452576e-06 0.34580161416873434
1.4051806490594392 0.575304970628228 4669.206260779706 -5.666652312305623e-05 0.7678858283156939
1.1270383960309895 0.6168495345349944 4732.607460938788 0.0007561891024574738 0.30866671352287434
1.191142091803628 0.6383860978822428 4826.897731336445 0.00046220491498341946 0.33331767218331676
1.3188745531587198 0.6439167258058073 4710.92727968708 0.00040251253737587584 0.7959850284324821
1.282165883727558 0.6750339666863089 4995.10783518966 -0.00036067471087742405 0.9266195653497877
1.1635124797888707 0.6439198366378646 4608.290158026545 -0.0005860106202664654 0.4591576908477214
1.260787249127855 0.6167520158235997 4732.278190358175 0.0001990479797148994 0.6259198924046293
1.4707587360054948 0.7082316885086243 4105.14100384003 1.869979251323582e-05 0.9795547904772712
1.4950879846343545 0.6078873968861312 4835.965312668373 0.0001322603643288533 0.8345389640262157
1.0280127195010837 0.6232902299314562 4902.665636067378 3.381965358788537e-05 0.2948474962586637
1.3948908873666805 0.640288414453814 4991.2442035155955 -0.0005304829173866794 0.7952852084759282
1.420707562829564 0.6567227098463612 4476.704767451564 -0.00014589969916404513 0.9084913327560402
1.4764625160739608 0.6240316936239231 4126.534927265275 0.0003726902224647927 0.8428239293891555
1.3669355805602927 0.5752320346510091 4833.782414795824 9.202719685608659e-05 0.7518212254150949
1.5104649222120607 0.6519844057815064 4659.74622502268 2.0310487822644388e-05 0.8507768160609877
1.3122752544674032 0.670781082581237 4703.0784344664935 0.000262241427012013 0.7632914673504088
1.3924031016108416 0.7168341713517503 4249.121321825462 0.0003280050816174907 0.9233870107167622
1.1956131280731819 0.6295198548891541 4721.48558626308 -0.0003522643036569429 0.6319608141892041
1.3925182665891747 0.6187736344088695 4126.525800299797 -6.889629164510353e-05 0.7666742794842278
1.549228770080203 0.6173645277735098 4352.912786031089 -1.2145707512333386e-06 0.757511642053692
1.3483806928632767 0.6280300484336312 4644.398692881558 0.00045661095349114675 0.7990110019351654
1.2799073028936963 0.6836236991924795 4732.847240858535 -0.00011844460762733665 0.7402011843940315
1.4147437278327026 0.6787491840506351 4580.1848261060495 0.00042689244144305594 0.8193554456984447
1.2839493469895613 0.6604461799183171 4771.786725601245 5.9095737475224954e-05 0.8095296424663314
1.3114814468966243 0.5616103608430975 4994.618120719012 -0.00044364942065042916 0.774103763858556
1.382263503839706 0.6357486882979946 4615.277736266683 -0.0004466431325294128 0.6825913340254048
1.1845885312987032 0.7114173558590318 4674.35875036919 0.000417076592311527 0.3114515179940242
1.26863349781828 0.6165039797719005 4963.028736985498 0.0004663366828888672 0.681662816794252
1.204085592998399 0.6405932202126021 4990.282037080908 0.00010937694026201346 0.39335979751053424
1.3349231049205337 0.572099031202435 4845.4437908218315 -0.00037991072525273803 0.7068328929200625
1.4117923161960506 0.6488188302440133 4569.866023724431 6.287720566738726e-05 0.8358292621077124
1.4117923161960506 0.6488188302440133 4569.866023724431 6.287720566738726e-05 0.8358292621077124
1.3260221243365131 0.582759540107635 4861.668891326691 -0.00015696049443475964 0.7117867321747313
1.3725747186406387 0.6440239024101839 4727.206860722892 -0.0010968245432581023 0.8601181425907478
1.2560022146247516 0.6166209456196188 4602.76073459862 0.0002420211190829266 0.6069445200897191
1.1687167227109412 0.6546478201009824 4987.314509732127 -0.0005817316163783119 0.2771653312748082
1.4583390836907957 0.6076853479412894 4700.6150985021 0.0005450691291068599 0.774291919760256
1.477669370848525 0.6129630040070309 4865.498678055988 -0.0004373093163759316 0.7432524644626495
1.3209192945980126 0.6567283177338283 4892.085800880044 -0.00038807844815040164 0.8927199003470172
1.4757902231174274 0.6457987377227973 4379.918333667813 -0.0006143673436019638 0.8537836154885386
1.3607721093856078 0.6364593864524273 4776.270469158063 0.0006114944583284718 0.7288587997969446
1.2717317203840133 0.7033954514071481 4840.158472133386 -8.199780354175108e-05 0.43701235979385394
1.2086384938241763 0.6512528326832306 4802.817348121479 -0.0005797864847026452 0.29148301667762394
1.469010950162442 0.642966738820195 4633.65247543535 -0.00044861217565328275 0.804105073630534
1.4242600222282262 0.5576914284945639 4852.440024414762 -0.00037945861617659076 0.7394559829568099
1.39258010791399 0.6406668173977591 4095.1453796476376 0.00040692117887877705 0.9044124231425239
1.3188689794483857 0.6372847697106964 4827.269287560867 -7.431483666981097e-05 0.7496279720790067
1.3725447898620784 0.645082978795486 4546.373485477661 -4.7700283317976604e-05 0.8978705803905179
1.315096202259432 0.6464636314491075 4804.823132647399 6.232183730027546e-05 0.6789437601348145
1.3013727065294787 0.6253402881257693 4449.796907802557 -0.00044794040115594865 0.7219546314410746
1.25298071760859 0.6220602087210451 4721.750462374004 8.966056581570334e-05 0.7572390670127973
1.4192212600709513 0.5788549237349481 4922.121137103126 -0.0006510045002078498 0.7925643807619356
1.264317147141482 0.58009326187214 4792.493496318386 5.8677409267710834e-05 0.6865979491371417
1.4831407221007489 0.6404431937186782 4674.901598734444 0.0002827711958978999 0.9347337106797511
1.0990182843233542 0.633815712472584 4687.373508059306 0.00014253826273904487 0.3194392844076558
1.0990182843233542 0.633815712472584 4687.373508059306 0.00014253826273904487 0.3194392844076558
1.3413731928358148 0.5692169286804605 4302.354505710989 0.0003304345775176388 0.7306584412261794
1.3608148702081317 0.6216041806495477 4413.864428698673 -7.681166275112155e-05 0.7192744673614783
1.2534813645465481 0.6168203318688424 4796.640615250446 -0.000450715716907385 0.4897310072091813
1.596271954030661 0.5481629032299525 4468.364713109165 -0.0007273718455492695 0.7653254192010717
1.3565833968790906 0.60743622883599 4544.253140888144 -0.00013489928452913505 0.7810617132020793
1.156121847356081 0.6815265492212501 4884.206338182637 -0.0007769275902908141 0.3484593130092131
1.3765978334294129 0.6124981340297617 4403.53406881059 -9.260718917588502e-05 0.7169757110721684
1.4859390233583545 0.5521812877108886 4202.131306644904 -2.9194365710988892e-05 0.7348040274940842
1.2229069488969864 0.6908322873930254 4039.5640870352213 0.0006860820274415287 0.3040499581738405
1.3070829810293279 0.6725150205408346 4560.999593802765 0.0008078458056051085 0.7003736727366898
1.2286995003497434 0.690419896611282 4777.839962308053 -0.00019970959252961054 0.5263737247825738
1.462845604659487 0.5573085738347642 4202.789498625414 0.00012311833943352856 0.7367992967206055
1.360371596597217 0.6691317567666243 4907.291294521785 -0.00038419181385111913 0.9424615767385516
1.3657615160729615 0.5998940653277534 4143.389264068346 2.9667842113497308e-05 0.7351004847502977
1.3705153041097446 0.6466024384131054 4581.492760916304 -0.0003186332172383472 0.7893216497319799
1.0271102771758627 0.6285997919621722 4709.3963547157955 -0.0001296416305799427 0.28147231001195344
1.3288563020045276 0.583214528823113 4953.74809322413 -0.0002487081553226292 0.7748054037096934
1.3288563020045276 0.583214528823113 4953.74809322413 -0.0002487081553226292 0.7748054037096934
1.13569642967172 0.620342115451827 4964.824937289058 -0.00021923040112447142 0.2962940089860793
1.3134542898661556 0.6741035533427234 4936.679678779808 -0.00023409151600450233 0.911559075253101
1.247587802993356 0.6627074743576231 4876.790165806419 -3.768035793082757e-07 0.6700345782121981
1.261170389650636 0.6956052789736308 4962.98657624296 -9.750940148739902e-05 0.6670608093027129
1.1863759916899064 0.6593144134557054 4974.164368773725 0.00031717897023648256 0.374766612152414
1.356011404667909 0.5912315582410781 4572.76076153638 0.00045389652663088156 0.7864271429728928
1.1899754598941814 0.6766259931810272 4954.832297383526 -7.300805805233234e-05 0.4104193078315208
1.279389981142163 0.677676849575029 4858.065530150349 -0.000567634917590401 0.774672373197491
1.3153958317903993 0.5711433595920199 4980.731670204296 -0.0004562869382824991 0.7333956119473628
1.340397626589823 0.5339796422934232 4792.720282396942 -0.0007420093205761505 0.7041316514256244
1.349793621427723 0.7091334954046694 4815.04685713315 0.0003863092507097559 0.9807888255294238
1.3244642802504887 0.6381656980540253 4865.971306468216 -0.00015022195416769502 0.7044329368272506
1.2709705413521488 0.6935963628693318 4676.848765772304 -5.866003149669279e-05 0.66038895593523
1.3646633128028312 0.607536901694995 4740.656897817336 0.0003715994212523788 0.7326257488053216
1.454894310622279 0.5634244435287706 4344.0758528836195 0.00017667645276046173 0.8149145963655743
1.3365893037947796 0.641931341253563 4966.304331370879 0.0008596981830134519 0.8969585044666368
1.1063218704588769 0.619576859187617 4832.951733169339 -0.0005129885510714543 0.32001917343704617
1.3596321782366987 0.6066323994745667 4719.35102910963 0.0003541129640972813 0.6732279566672684
1.3596321782366987 0.6066323994745667 4719.35102910963 0.0003541129640972813 0.6732279566672684
1.2015874222326284 0.6876544671544097 4463.009289943454 -0.0005620374846260303 0.556745606004252
1.5404351992597534 0.6656912498388103 4366.58859172049 -0.00014091348498012696 0.9627954679835657
1.114462741140622 0.6567367826041434 4927.042698235839 -0.00011961274548998849 0.28793373897395635
1.2003692670896298 0.6040297925234268 4861.642610256337 0.0002095842415689809 0.5461114401213705
1.3907664782073887 0.6526449083711491 4224.151575661862 8.812496109537127e-05 0.8445514246039629
1.1385438927621636 0.6035862546403022 4824.567243747858 -0.0003906452122660051 0.30722228349149633
1.3416985810812934 0.6429636220751294 4570.126475495928 -0.0005602155497838885 0.803024056188867
1.3991885594160482 0.6035547441345455 4974.922160341688 -0.0002273014762671666 0.7844637659384324
1.291679294739395 0.617204377807198 4849.176002140285 -0.0004206867976698204 0.49575071639717455
1.3806622232840142 0.6386360075867357 4454.193077778007 -0.00016720943196987752 0.7872555573158473
1.513714463369958 0.6195148363750819 4164.0088410509625 -0.0006212657449916331 0.8042963272883386
1.310932979405622 0.6078979629430187 4439.118889287631 -0.00014178283439976103 0.7899818914933207
1.310932979405622 0.6078979629430187 4439.118889287631 -0.00014178283439976103 0.7899818914933207
1.3359199124172543 0.585411607804015 4652.032982326133 0.0006236103799253293 0.8126974865316816
1.3608263724532155 0.5966830782901232 4727.43972748376 0.00032333818589937646 0.8208471179304724
1.2592527281894328 0.6022044282301172 4823.56209954384 0.00021323831027876832 0.8020828270116231
1.388075711878398 0.5586999416463689 4792.929745070275 0.00010575488318632536 0.676961681916497
1.471644437861222 0.6629525390034312 4445.903531153292 0.00026564092914192376 0.9636089732200102
1.3028668350276622 0.6384422954722856 4303.563721826257 0.00013900851101295337 0.852299693217186
1.2414285388060726 0.6300198931184039 4666.9953254641 -0.000599862510862239 0.737211050031997
1.2827468627209462 0.5999517728594097 4536.525846225898 5.3722956937085675e-05 0.44554695758285945
1.3147588217534114 0.5726164922620629 4908.719060836343 0.0005674999671039293 0.7107921233143457
1.4845481528672044 0.5997710518244015 4864.98911000569 0.0010718859465653114 0.8501810763931079
1.4156221931625657 0.594600334055045 4979.232018208921 -0.00043505521843305604 0.694762626903118
1.4193693911576468 0.646893799460592 4802.018732732709 -0.0008159934590287739 0.9114921694580638
1.0375663489281766 0.6107584029890938 4806.323310769247 -0.00014263369236764626 0.28536515156830466
1.5009013565540528 0.6400061647551263 4840.365092355634 -2.4838966040680855e-05 0.9421824387964519
1.409165764041654 0.619269109299089 4920.6382529596585 -0.00015397987167565816 0.7564606516927819
1.337715793091713 0.5331858098617743 4889.564358917839 9.704519635540579e-05 0.7277622179834733
1.357214369747898 0.7107210088487355 4366.9417034030175 -0.0007410278023730348 0.6933718524581287
1.3312605454386397 0.5847536971365739 4922.041468175205 0.00014821303681292316 0.7700755870057711
1.301434077043004 0.6704532438996389 4943.236726214371 -0.00032084244205348486 0.5750763961620537
1.4836633781964585 0.589806616053689 4865.414566335181 -0.0002456453259767076 0.6984820125258449
1.2890192548089807 0.659969055291304 4803.068607137153 -0.0006844612365601991 0.48616562126346285
1.243713624062009 0.6255826681893233 4808.525588805255 0.00013861101133536563 0.7413893841784234
1.2622737263282269 0.6832161641336174 4801.929901181628 0.0002376294730707306 0.8370229441972061
1.5027949397272211 0.6056951852282533 4806.443866776246 -8.924158440657467e-05 0.7553182711617616
1.256894704596605 0.64151069246319 4819.02267155764 -0.00019251654514891407 0.7057165131587171
1.2885609218066465 0.6025441000350251 4077.6180156515243 -0.00038691285896145464 0.7127046713311049
1.341507021101167 0.635493241064608 4467.751978177974 0.0003943324124478345 0.825227653136556
1.1940067196171291 0.6336601472199599 4533.425192542129 -2.9638300174159133e-05 0.40543205568209695
1.1429786401224225 0.6469809442390945 4618.513306354188 -0.00030475611037268543 0.3011039790599469
1.2268168384840694 0.5880065983935912 4728.839978198008 -0.0002258119928338045 0.5469018123731234
1.3556795827915558 0.5825873362854013 4787.5507929303385 0.00020881608607481033 0.6906500121159492
1.2879426841240782 0.6385681199927093 4685.880745900683 -8.632909247171347e-05 0.6612004239655922
1.3836206503353665 0.6463501145054945 4560.949039036859 0.00041861706095849496 0.898918214145374
1.2968774965501426 0.6407901668126754 4491.249374286684 2.1554313458717134e-05 0.6095693772900983
1.303135266338277 0.6794883321972999 4603.605120045473 0.00037553524058829454 0.4373702842084997
1.3171514954886054 0.6535575237052729 4903.160314492495 -0.0004042624722200244 0.7812920678732236
1.295542157299395 0.6076843045037252 4711.267367891134 -0.00037043751492781625 0.7660520707248812
1.3222605589558505 0.6545737860834819 4671.431940352241 -0.00037940861848132065 0.7472599545922527
1.2981339279807087 0.6803316170214649 4902.555263792164 -0.00015469780619439092 0.8973250625356286
1.3645466325187878 0.6580786553321576 4634.388563968071 0.0002274067315569583 0.8122418707280177
1.295712264976041 0.5650760478099536 4687.176407003469 0.0006781397879059691 0.6778549449182372
1.2717288841859848 0.690696406431622 4952.355210459817 0.0009157706745998557 0.9401785093420338
1.4204975772848574 0.5717830559199291 4905.097099810615 -0.0005699318545026614 0.7755385887522239
1.0324657925372993 0.6479635784488593 4519.775031621402 -0.00037642650120468275 0.28123609348515055
1.344823659137361 0.5633360045764787 4902.553473145702 0.0005596408717033105 0.8174003720053651
1.3282928023464722 0.6842434821750998 4796.532138504194 -7.262640974131609e-05 0.8852952674367656
1.3092260120495967 0.6034343237987385 4497.929361048443 -0.00015016332800064103 0.6925846841283068
1.1864508540777137 0.6205227925147888 4845.156384644263 -0.0006451265477010003 0.5008951906961547
1.1864508540777137 0.6205227925147888 4845.156384644263 -0.0006451265477010003 0.5008951906961547
1.356600743967249 0.6867412506286975 4275.867178967448 -1.3986979034876301e-05 0.7793500856733284
1.3898350942228443 0.6330411089174666 4850.99753218292 -0.0003081552815619209 0.5818057001295609
1.5573513693893202 0.6273112637012414 4442.808211077672 -0.00016009293685492233 0.9186932511466075
1.2974568528412016 0.6673613452267114 4511.283223816851 2.212179547242196e-06 0.571556865075888
1.351645565575025 0.5965947532833515 4845.326072189697 0.0003121283296510754 0.7591071159656261
1.2746826258051234 0.5898115657036087 4908.221310153742 -0.00026176476229275767 0.7051295116374323
1.266657205040118 0.684642111974624 4569.8620091877565 0.0002557838202578641 0.4479007518637115
1.309391890518592 0.6731231065817171 4952.336751449464 0.0003824557348859709 0.9700687679584716
1.4098945653864208 0.6657223203213452 4841.707716188342 -0.00018498177856661908 0.9537507460443736
1.4064637466007108 0.5428604314403975 4652.235917668615 -0.00018511319473118413 0.6642826587018589
1.4064637466007108 0.5428604314403975 4652.235917668615 -0.00018511319473118413 0.6642826587018589
1.4938643748801559 0.5841817803586062 4933.17448896962 -0.00027442609436775003 0.8345640566192066
1.3162114838540226 0.5953137048230999 4861.350903574714 0.000338900881795253 0.750546989189516
1.35986346248937 0.6534627950783343 4931.6850486775065 0.0009101365307484914 0.9429523312269844
1.4811449429100576 0.657312743309083 4415.043648741333 0.00042225703367205505 0.9647716583841488
1.5081072957740846 0.5488213730635869 4449.980450321981 0.00016896822814104777 0.687232410098043
1.1954483326694412 0.6105622476671975 4994.993295597627 -0.00039681598541343473 0.4259520769480186
1.3333555197835862 0.5550776714848338 4463.971706816747 0.0003137970813805577 0.7903401216020766
1.194922102380814 0.6339739823128024 4788.661492409344 0.00010812564280993866 0.579293509463406
1.3036371216109242 0.6468713023866279 4907.635549611968 0.0003690499335063434 0.8012671280392376
1.3171819772875883 0.5770384757009138 4932.347673177536 -0.0005732302401456214 0.6891841372480689
1.3637638854803282 0.6170135047121055 4519.869611182109 -0.0007218536587858229 0.8200285021230885
1.3124124554643983 0.6597118389767741 4853.546916530811 -0.0004303744231418583 0.5409589372478182
1.3349955065338814 0.5912445024979146 4793.066320512137 0.0009752024150500332 0.8226828548990641
1.3191310928593016 0.657098057157114 4858.27439767206 -0.00010541393958658443 0.8816094259077114
1.323152267932892 0.7001302465796471 4815.929016172886 -0.00023835095914729403 0.7136187553405762
1.2082163019187009 0.6051076965273143 4808.24771570917 0.00011953716744408676 0.6141291905842674
1.2227179641646362 0.6614422635316342 4354.4997833699 0.00014691051795943656 0.7470894607075043
1.3036053293402605 0.5768530478371172 4795.942770574983 7.819800324484687e-05 0.751884418062327
1.348482987472198 0.5367047763140685 4666.056108105957 -0.00037773539377588655 0.6731990837807551
1.3326884123149 0.5835737810787693 4757.8785281857745 -4.048699169795177e-05 0.725229302095221
1.2619906059500723 0.5993985762053623 4739.290211220156 0.00043853355662990814 0.4792722397418965
1.3393433334301883 0.5878565588983758 4687.080233409302 -0.0005716310999947654 0.6727006302340297
1.4122237497578098 0.6570238148603327 4700.627539182589 5.17515458909283e-05 0.9225073714523421
1.398450713222391 0.6299690728025884 4865.52504837464 0.00017083199593853342 0.8681627260391616
1.122780059850352 0.710826250095355 4836.669024422123 0.0005106920580821178 0.33764702522768186
1.4236501560754635 0.6261163764134277 4926.833682947923 0.0005670009842901383 0.9462988560400958
1.1793408185494623 0.6502649248631381 4887.576297511525 6.130415435807182e-05 0.3220076457142926
1.3952786463924185 0.6768328853857621 4551.706786557932 -0.0005099109842429119 0.9771814404280598
1.348456399676581 0.5899228390574923 4920.155652588231 -0.00035163106980050835 0.8228160704743889
1.1766187387323066 0.6839030908161887 4910.979347341605 0.00039066100051269296 0.36750191814236927
1.3562239842074848 0.6193111508298648 4934.162363791042 -2.714492415269512e-05 0.7372420721347613
1.282002802348382 0.6233625362238239 4961.776070237443 0.0006666090725703473 0.6834749823047934
1.1759853406160703 0.6440134510444312 4454.532893459926 -0.00032671437925416933 0.32553787948245316
1.242053915320928 0.6702092844389429 4858.624847413046 3.774458932903116e-05 0.5974256357433847
1.226649202969172 0.5925106465805361 4981.119395859907 -0.0005588622283746787 0.5845060119498591
1.1620529392910903 0.6813634207663153 4790.742743626096 -0.0003963065514402382 0.34224269551293923
1.3443113709453964 0.6347157050659604 4128.566590350488 -0.00023057260463883795 0.7645355631724227
1.4544135152986422 0.6384773949152835 4568.083816714202 0.0001578327546015638 0.8895619479504182
1.31746516189264 0.5987893414653684 4617.167488024457 0.00024043491190929892 0.7735785950322225
1.3968559983192375 0.5969065952426718 4773.154993662343 -0.00018163572877592817 0.7564034833285986
1.2755081372939445 0.6026330357661361 4456.390840950525 0.0005276553947831278 0.7099668149524372
1.3467020892952812 0.5676572482993727 4901.905183004054 6.740926389722973e-05 0.710906965262244
1.3278744551080084 0.6341828250963513 4862.941162841614 -0.000131044812494527 0.6875415817930941
1.308291454374543 0.715875844729847 4140.308945597163 -0.00043032764916881337 0.5041817130848871
1.1006043603546962 0.5937850722923836 4984.144300724449 -0.0002998262894233115 0.30479477583725123
1.2593556794860825 0.6034649310200639 4970.40683383768 -0.00020487700967757375 0.5455306064089089
1.3645192862631996 0.6484049125684367 4810.4215781888 -0.0005117796203885914 0.8621969479342122
1.347587378544041 0.561418378941589 4677.486099839835 9.29737029511061e-05 0.7495120308311002
1.3854657210003793 0.5598872220531763 4905.164956705179 -0.0002346125629625334 0.7912474948016738
1.348655155410385 0.5907882475754216 4873.453897218022 6.588995305137304e-05 0.7606441234360677
1.176703584628148 0.5819163123521696 4889.811084897942 0.0003878831451272619 0.3929390777908591
1.5130667408291538 0.5844226711316634 4802.555165235701 -0.00028304859965155307 0.7053569727862226
1.3233615972793973 0.6395367385513848 4956.940064857135 -8.003859135530202e-05 0.7794811265072572
1.163382068255114 0.6327418998250924 4605.446705716015 -0.0005838879511058171 0.29230716671910373
1.3067382110665642 0.5835432237977584 4980.088198796658 -0.00021043255862831739 0.7007495136671765
1.3068359622442711 0.623824574852998 4576.12117891405 -0.00028175005357105687 0.8247793318565247
1.1545464106386132 0.6162713335498473 4805.08455858453 -0.00034640201663662843 0.2988497789426782
1.3764006717467483 0.6284088911017668 4862.844352193431 0.00026781637329073647 0.8343099853168316
1.2744695608298777 0.6158296755748139 4926.982216010547 0.00022770874702692507 0.45030451648064534
1.2452831946814462 0.7034436562837256 4850.836419974438 -0.00021305024214592636 0.3302085955336868
1.3844735663003358 0.5783730794311308 4961.9032934766865 -0.0010038410838289216 0.6815028269661121
1.4042446904128545 0.5930169767718951 4269.391283861672 -0.00045659322026797035 0.7859893083624516
1.2957674033052307 0.6585933630587936 4925.167064967451 0.0008718133075164561 0.80610275551997
1.3864130375753887 0.6353532251448568 4813.215009197534 -8.071066455289883e-05 0.7710709481625273
1.2327327874517997 0.5843690212268096 4915.708435129677 -0.0002635931388617037 0.6081334786904571
1.3621084397591443 0.5844664583913791 4695.980653160084 0.0005110622639550368 0.7454367557777086
1.2793973945943842 0.6328386281668982 4546.296793878026 -0.0008473267305915638 0.6719375608481261
1.4772284882334026 0.571734437091604 4210.1282596488145 0.00020144302412536006 0.7554056657895188
1.1601712791084537 0.6109048302354175 4999.453199679058 0.0009558372180336202 0.3762754791197737
1.3144932479133618 0.6379961635265239 4986.020314751519 4.475504310236591e-06 0.7753479951899616
1.5446560672225358 0.6102909802383637 4427.112680047962 0.00017956939747704656 0.7651686939144768
1.3848023181540126 0.5727901958008903 4951.448434873294 -1.58183742403461e-05 0.8281743183871622
1.3409271837006935 0.6651145096467044 4490.758453900816 0.0009544853001206363 0.7706341514169085
1.38796504995506 0.6670156378302989 4569.984236870427 -0.0002790184932207232 0.8876119602803498
1.3036226899641385 0.5616568217337025 4801.932915724385 0.00010965952523625435 0.7815700080471536
1.3107627906191575 0.6481626141340313 4442.440872529827 -0.0001270322392273928 0.4507426924620685
1.2910583999426821 0.6334939191791962 4497.423152439499 0.0004043706649224497 0.663891075737872
1.3060977307119654 0.6201602779758564 4501.818943290486 -0.0002201281111007391 0.7459266325744209
1.3685603688878798 0.6350040807704573 4654.382533661127 0.0003824264397918939 0.6598919271277506
1.2463632991463056 0.6195777771366484 4894.385298015522 0.0003861940318453877 0.7252976443188537
1.114549305572685 0.6255145748814768 4802.550973181091 -0.00016634818941650513 0.306575780562869
1.283700075126166 0.5979759012466211 4772.269466858595 -0.00015105604857982655 0.7929772951768289
1.4649100695615562 0.582155040062623 4905.934580871055 -0.0002339284574072409 0.6942352874664044
1.3152844944038078 0.6129050570056642 4901.117653406178 -0.00010603306897883852 0.5966199183259315
1.4032873397174828 0.643524358479466 4884.065267174109 0.0004988901119496846 0.8058881424855471
1.2890264419482655 0.6560064948929991 4727.498913380489 -1.1616460946545412e-05 0.6650430800223144
1.1239171957844967 0.6853443952532781 4978.968096621344 0.0007795201804171188 0.3168556031747676
1.2793455482411786 0.6706848415115887 4795.4377023258585 -0.0005473222550615016 0.9239120839820594
1.2938786040790993 0.6488182057611651 4574.434424440292 -0.00092237053404632 0.7195240309115616
1.3144985812606285 0.5805408657919049 4790.263828399324 8.280104788424065e-05 0.7409387918808552
1.4428070471666752 0.6005713481134699 4083.6774670233417 0.00040971732621895304 0.8096968754552991
1.421200781572325 0.6435781147220652 4655.8242131069055 0.00025543285387247575 0.8440997152766819
1.1536065928075994 0.6735777778061044 4581.41880867043 -6.504678403819347e-05 0.3040119169872966
1.2632525184069234 0.6088209851370445 4691.051717056907 0.0007377546556483782 0.6498534794228391
1.46443414160351 0.6088130642743338 4352.9809110429605 -0.00021252277530811934 0.8746117754526981
1.4295369245937413 0.6759574387040207 4957.631058620693 0.00024720525710674574 0.9777271192255943
1.2904535861234963 0.6373244834214954 4949.988813274737 -0.0006095857307136895 0.6874902287800811
1.38048283792223 0.6411193041914818 4445.163251083635 9.214455593434246e-05 0.8201744579549308
1.1871506740245918 0.6195952219364207 4235.475364960384 0.000587448439147428 0.6120294766404948
1.3246425543672915 0.680249316675868 4428.464723713459 8.669715403734766e-05 0.7682738532996711
1.3267058697193166 0.6144254263338136 4741.756773184884 -0.0006106588140648258 0.6265038498471587
1.2805482656374376 0.589571365361833 4536.7296566702125 0.0002666641525323067 0.4137758725805085
1.120975137364506 0.6899563451143225 4968.632144648299 -3.146850927560383e-05 0.32654875117572835
1.3676278405350264 0.5534577496988302 4927.106268655313 -0.0003020011264977161 0.8230330886499185
1.3207422933652517 0.6202135462857272 4743.2089705291 -0.00021552095428186457 0.6990847112863618
1.3190593780808944 0.6558405759106383 4633.608069126468 0.00018276458590937982 0.39691070793319694
1.2870470754641132 0.6025900122220553 4302.188425139541 0.000770688003885684 0.619148930772394
1.1828525425969267 0.6095585363134913 4841.225236999937 -0.00044951887858984095 0.33781547005703455
1.3784449198712545 0.6530286775333739 4994.874568477517 0.0001618467004956669 0.901595029961898
1.233178532789056 0.6104502935875961 4758.538424353625 3.70643251952617e-05 0.7441785374755663
1.2583988368951524 0.5919538697496062 4896.074683368186 -0.00018298374065305018 0.6766151919058876
1.4354390068528962 0.6207614194477137 4492.001988172952 0.0003582663512680273 0.8168397209332035
1.3134971675620393 0.6139800890035119 4497.716167334888 -0.00019287461355256476 0.7898774203357188
1.405855709558136 0.5678601071353868 4110.87903826334 -0.0002808843266517256 0.712422860288689
1.3655904855634136 0.7031182814109487 4580.205627878236 -0.00029900544165539794 0.6312021749756828
1.3005338999369216 0.5866891029322914 4976.611731772525 3.4750689056888206e-05 0.7389106927862705
1.3827958719856626 0.5927609770262562 4993.348160655067 -1.1410771403481508e-05 0.7489602558414067
1.2699284521891467 0.574147904032999 4829.133540847334 0.0004359684995020376 0.7616059539064454
1.3728341894088811 0.6071549839868258 4709.080974509943 -0.00020809734819655972 0.6417549015759834
1.1600574516872317 0.7241299975301334 4794.59594946517 3.3146350925152365e-05 0.343747027011935
1.2329609939558754 0.63245644080997 4644.97299562515 -2.309527066671166e-05 0.5812306110087305
1.391832692531926 0.6234933865211485 4824.594914538796 0.00013274494496936566 0.7492762386555095
1.5745230212510921 0.6195226070625659 4864.906200620035 0.0002660869730415406 0.8076966984937024
1.1114971171770873 0.6505836284628221 4899.309402283679 0.0004314574562913885 0.27491584151839166
1.4495028160341952 0.5911854196934769 4719.769046189723 -4.7995220340054054e-05 0.7909196314904168
1.4273545758417074 0.5890308569011853 4964.7039370411785 0.0004149211805785184 0.7739920021369652
1.2964502632418957 0.6137969412695006 4351.639629739175 -0.00029978342439530235 0.6484480201597596
1.3295125630437152 0.5932296044170005 4302.497599446269 0.0004286118652450066 0.7794192302750613
1.5063393883366665 0.6336870941234201 4344.632739083632 -0.0004569933811549499 0.9316413581577013
1.262450586033696 0.6491130946563777 4303.7552987551435 -0.00029098586646409145 0.6800897066984208
1.3737469915705198 0.5938794480859153 4450.469880893133 -0.0002898216255695033 0.7551872510392019
1.1760116691630609 0.587316555246818 4837.187269245828 0.00020710934730689418 0.3876969754945038
1.2641619247126754 0.6720342479788193 4655.975153151832 -0.0005781472600171725 0.5755153163303316
1.4054376459186575 0.6736417238477637 4056.9358039038593 0.0002520976499653283 0.8383470890889245
1.2613095856082372 0.6966968304399543 4927.758133385729 -0.00022517318785726165 0.7872916959340786
1.3906496984804244 0.6495899594704364 4664.080607635786 0.00039381075469942126 0.8526699023797846
1.5018609595291346 0.5893678839999595 4796.2328189310765 -0.00039831530536972316 0.7109740522819067
1.2518100157545844 0.6078549628636717 4947.923194351803 0.000258742428050027 0.5301315197208065
1.2518100157545844 0.6078549628636717 4947.923194351803 0.000258742428050027 0.5301315197208065
1.4117328598697167 0.5684468312620061 4727.291203160715 -0.0004541554086310937 0.7797826745085878
1.3805452121253816 0.5495591288065761 4944.629662230366 -0.00046027889379379305 0.7380373621446369
1.2046938261711078 0.7101093601530886 4949.82080762865 0.00039435450144517214 0.3870072357832834
1.4638162063757065 0.5866051974127701 4815.9781125256395 0.0003508691625560889 0.8032285066541811
1.4661892472094133 0.5802938350067731 4269.912550964685 0.00011104057327325364 0.7311891725384727
1.4095140842743903 0.6175300097754604 4796.067387881937 -0.0005734476086159907 0.8557508272609757
1.2726993854169069 0.6977411584721989 4728.20160236416 0.0004298755954550227 0.8505576816166409
1.3272929073975068 0.5791091558144399 4676.138582511505 0.0004962105487842728 0.7044709387238663
1.3296280406855183 0.5783396434083151 4845.605410544913 -0.00038078006122540603 0.716885548993365
1.38082841340333 0.582718175121255 4836.193705890264 -0.0004116140484247347 0.7022493509820426
1.3579088355765843 0.6689779152494566 4997.710608932079 -0.0004374385468044236 0.9673962557304961
1.4863505422167516 0.5925326581382511 4405.721337482683 -0.0004893253603464719 0.766280237988306
1.068967323522166 0.608586541981019 4663.520386046708 0.000221950262991824 0.3127983858077392
1.4131471979194599 0.641920119392191 4427.005739016494 0.0005670270265028968 0.8067570707244884
1.1596604829655646 0.59246967823412 4832.052877539822 0.00011410739997863383 0.31609074893567674
1.2491468042343876 0.6400443790119809 4931.973433829542 -0.0003359184123981775 0.6083926935933011
1.3101031918738428 0.5337515650563245 4687.7672212124635 -0.0005619073573495869 0.7472158302294762
1.1523336946304699 0.6422526719117211 4796.830415741452 -0.0006612193390764307 0.3073018572994644
1.476774090815299 0.602827406304157 4592.610646027523 -0.0004897436150491745 0.8511898403498117
1.4073365161379128 0.6142919663830321 4087.9042461661747 0.0005447717462559215 0.7817528788465273
1.4055105431768244 0.6107940605417341 4794.541778458129 -0.00021773603387978602 0.9308858760952405
1.4724295999462176 0.6682250463764472 4537.967650166978 -0.00012365168689684082 0.9994366750999224
1.3825258458193161 0.5635869759799186 4888.199048036987 -0.00022099462602654315 0.679517595864953
1.43102392359854 0.6314296543879796 4636.3891833965945 -3.963137842278322e-05 0.9287293742592004
1.24000702729131 0.6241742035071042 4830.752325223144 -0.00027692107735320735 0.7305837034804739
1.4266784834100128 0.5751354979287538 4914.500853352793 -0.00034843744771998435 0.6880935444237627
1.3025544524966541 0.6308071409373062 4974.627820968656 0.0001605750738524679 0.7231742172000561
1.4396798085662612 0.6195228497566121 4990.554182182858 0.000367677192798075 0.8560235415015498
1.2345515872595234 0.6404659556889456 4463.123715580116 -0.00028478874689055815 0.6285729766770882
1.29480603805706 0.7079571720818642 4991.264573526893 0.0002296603827152703 0.8792885466291
1.4192877255408933 0.6321180756203197 4975.511284430454 -0.00022778090916082038 0.8022290501699381
1.2572701352059237 0.5776276495196767 4903.829926686877 -0.00011480703150524614 0.7330624250835502
1.4351244365995188 0.6627179083758868 4650.87898365435 0.00025864232501009334 0.9901654756296817
1.3553966770806645 0.6033734775685724 4819.677994237086 -0.00029204768470014476 0.7534799412067664
1.3446316689439006 0.6823620813683284 4747.999927991483 -1.1155743426360853e-05 0.5044052689881438
1.2953687755277092 0.6760759111849882 4953.324075048065 0.00012275212007121692 0.7499435376853574
1.478956881428551 0.6033263542047418 4841.503010770379 0.0008475794223916103 0.7116964718059251
1.2968595464355384 0.6669066129155102 4302.00729239543 0.0001356718263351386 0.732867845384809
1.3364500991121275 0.5630229134015808 4730.800537217145 -0.0006361913945975016 0.7111240086542836
1.3749807150689284 0.6447841934822036 4968.340922646759 -1.0242345155733707e-05 0.8143850163970716
1.3855849185425035 0.662851479213118 4427.307862219842 -9.146028164369802e-05 0.9181154356299229
1.346505709681098 0.5728768894446135 4676.041406191617 0.0002090335040472606 0.7992722909411927
1.4502896799013731 0.6740655144703349 4526.111132366342 -0.0005512740225535655 0.8815641036389776
1.3746160274968422 0.508824557760971 4519.216317278665 0.0007008398940458425 0.7501867165804923
1.4399109526825007 0.622190386304757 4953.333279886677 -0.0002965050177487694 0.7558964416287013
1.5768282634825797 0.5935869993874435 4229.640890784897 0.00040839155422791267 0.7821757815604271
1.4122450539752132 0.5849969069342846 4982.876927928603 -0.00025622759371885065 0.7163328157105905
1.5473183231508165 0.6683316240862578 4774.09251686187 -0.00016493914615144366 0.971967510848971
1.3598394339952293 0.6485853498077087 4560.01128136885 -0.00034848629269786834 0.8253227334707387
1.3520951138836912 0.5985431840159863 4730.810729024035 -0.00021860091705892294 0.8289297399950905
1.3097962043978488 0.6512905258217737 4871.053186634862 -0.00034687866899485193 0.6462755364544142
1.3863020753921274 0.6530263598837177 4210.8148882039195 0.00058130033396784 0.8117580480913656
1.3927706446576718 0.5582985674448169 4730.442828258374 -0.00022415521645302214 0.7787166678444646
1.445635395598488 0.5645352834463746 4739.399493185366 1.6547705537085975e-05 0.6640154312357508
1.1858295439017865 0.6313532363357801 4512.581686359868 -0.00014981757476296046 0.3057953274583578
1.3692058303344408 0.560451105545477 4740.073483946633 -0.0001344136010794585 0.6639372967073818
1.3293429453986807 0.605373523289126 4898.245885555386 -8.93591808971327e-05 0.8289920194931255
1.505554369439785 0.6092019068473151 4510.555089568541 -0.00020541713381256113 0.7529568211054474
1.2839569525396959 0.5497807680822256 4823.500335456019 0.0003404170846743239 0.7064411856131247
1.3406328800352671 0.6889848574835304 4958.153685542622 -0.0005354707875670031 0.7475464686898582
1.2254179105984329 0.6491348016935259 4918.17270327829 -0.00018567022658611785 0.6614580587482173
1.3194436507393155 0.6098619552767739 4819.415606046281 -6.987797035977035e-05 0.7464171966521822
1.3551609588234437 0.6147218332463653 4806.549127315428 -0.00027175856407793186 0.5762165977523468
1.3728863386483332 0.6109945454643884 4972.037454453488 0.0007452752402311257 0.7904349588021407
1.2594945103620225 0.5733236199812082 4923.908376184619 -0.0005431643074419662 0.6881532636905854
1.3421326844130212 0.6565785843195187 4736.858297793391 0.0005900671791119669 0.950600690772327
1.3129510017051857 0.5995272039014367 4570.2362976921995 0.00015024134017364526 0.8057929034439981
1.452965789464892 0.6522027046452588 4259.891397597773 2.2654203284917467e-05 0.9720900003627714
1.446568296221662 0.6027988800140814 4990.745239647664 -7.881960511362198e-05 0.7545568487136536
1.3167868348315124 0.5784632942228669 4974.7044725908545 -0.00013597017570190985 0.7896434784475483
1.2298556162000105 0.6684848125080889 4923.133723734282 0.0005940576528288134 0.5552276700131661
1.3179376308028283 0.6235663912432279 4792.05528990402 -0.00024691105755728397 0.8034725272634394
1.3185294888613965 0.6388170467203137 4936.6598188817325 -0.0006740288791040332 0.8552403863271835
1.3075803959332823 0.6226495659037065 4450.403102257625 0.0008625509645732745 0.7519791662611366
1.1146668862788198 0.6410132853206594 4949.271991835286 1.3341350767755927e-05 0.308953143508175
1.4602193882944239 0.6692845705146641 4056.280424024098 8.408997465827507e-05 0.9534304438368313
1.1134497153533938 0.6072719792036344 4602.924665738729 0.0003608878430468275 0.30770842826771955
1.1660226668888285 0.7002761634035685 4827.0128745739785 0.0008025527464407972 0.3450169995985659
1.341566285296818 0.5667414841036509 4608.652349595291 -0.00021679805978886524 0.6834786686547977
1.3779506056054633 0.6687470581085314 4053.5408023897735 0.00017589885443627888 0.823025973340841
1.329412161107816 0.618182745195146 4544.355091198251 0.0005051278966461574 0.7534800832779092
1.4828913794097054 0.5987879837571867 4550.780356185808 0.0004937804633811994 0.7591854259527826
1.3056656718393325 0.6836937145919983 4793.2185502033535 -0.00038916438886820234 0.9108029330788256
1.227229822153758 0.5919434880957191 4898.157835286751 0.0007196947080932289 0.5497397877087251
1.4502081036441623 0.5621781687033018 4512.6080724730045 0.00048007631691512204 0.7630655246257005
1.5016485292312824 0.6525792602361538 4427.0731455973055 -0.0001962208507225392 0.9624191267837279
1.2242915487478316 0.6530258927846236 4602.15174657443 9.184480210722334e-05 0.5016529286454717
1.3259499561685546 0.706745197038941 4739.763256992179 3.78808701034593e-05 0.953882945368019
1.5310499779981845 0.6276174074125306 4056.034683271289 5.774476598366515e-05 0.8372690958622351
1.4771759015978025 0.6371322779162291 4120.717574533162 0.00025922367743470577 0.9626725104836478
1.1643346130057484 0.6557346253186339 4903.555471640711 -0.00025610963634625604 0.38599270145450176
1.2147468205397516 0.6828040805850353 4654.32353331384 -0.00014669446360685885 0.3220256137590864
1.5200336465584132 0.6439623397088898 4379.793579084451 0.0005338594834382313 0.9122629974050432
1.2842963183480607 0.6043616524595232 4891.002600696747 0.0010254421035404738 0.547710402284858
1.2201235026267454 0.678172631009956 4991.228934148486 0.0005740052257033568 0.4119277228645147
1.2758752518459442 0.6915616038897655 4585.628283501282 0.0005101300320588142 0.3506094738243569
1.457339981697523 0.61249776116763 4835.0203115255035 0.00033933198439990497 0.8743215832335645
1.4861021223359816 0.6088916184134784 4826.659615772433 0.0005588840026429186 0.7747301011747371
1.1945416480815956 0.6831387127610689 4732.524594669306 -0.00019204081381837192 0.35781717421747644
1.3799258926814786 0.6233867090639459 4576.123072444935 -0.0005088105059664806 0.8336532411259302
1.4316910536118244 0.6506516161168723 4442.222877261168 0.0003188264816845398 0.9308856329257102
1.2825902921275265 0.5981065992944579 4743.593931491417 -0.00040812860395238534 0.6195681841606403
1.2389205567028614 0.5926081086361563 4623.214385701484 0.00020802609124562075 0.6973568321384624
1.3088615724137203 0.6247944704004408 4846.138528379673 0.00010566346939582987 0.7221825733309535
1.347766286974436 0.5618854089820795 4544.942412946112 7.457506424767528e-05 0.7658150651392264
1.2256709633619032 0.683904821749699 4896.088850037321 -0.00017810755272337512 0.5639038449841001
1.3079493182805035 0.6744104713199018 4968.113027395275 0.0003706233626662688 0.9982884206447626
1.341805210006429 0.6516267085816235 4560.071247073708 -0.0003244385578598867 0.7942122342013151
1.2809691391379987 0.6272835581802738 4867.755517359172 -0.0005559400799728514 0.7896942941334093
1.3694872605057427 0.652579764657148 4955.949503382687 -0.0003391522449983227 0.7250597295176552
1.3137141536716037 0.679383796056972 4865.858271822067 -2.6333421889860266e-05 0.613248072512999
1.2907272967705767 0.6839419690966666 4902.431041418984 -0.0006951073646055298 0.9086343604516778
1.2184276454228256 0.6982136920739119 4536.462978400439 -1.5235152350121162e-05 0.35232281246462055
1.4316901299268072 0.6225484836101891 4169.627707458381 -4.011619005320195e-05 0.8389900753863766
1.36894713302075 0.5595529257534422 4728.36389549578 -0.0003464378763311899 0.739207683906077
1.257189600684634 0.595947957851817 4995.168176127967 -0.000494519942594917 0.7522329201030755
1.27539831992694 0.6342947508237486 4867.622762698047 0.00016983433958975709 0.7341925091240956
1.3866362641442 0.6356287434519814 4822.917997261566 -0.0007437823579808729 0.8033893418503217
1.1776500559288396 0.7157751833292773 4926.425324735517 0.0003648944754437056 0.3203889815178706
1.4287712156443448 0.5672582959242971 4576.276418569156 -0.0007865151656209097 0.7610080305065512
1.3923046354475273 0.6442060062517005 4454.770051423367 0.0003827142468982075 0.8669998572239598
1.269761269346654 0.6435349239636293 4794.559567811886 -0.00022958652389691917 0.5582689630053301
1.2339982003524785 0.6218589774794265 4484.557528006884 5.8271031042378884e-05 0.6115485824088408
1.2140821326832079 0.6248439555326577 4921.297875206305 -0.0005944598381925235 0.35878350489448385
1.3604332725338408 0.6323594614242078 4734.246929950277 7.774946341043038e-05 0.8216166420275313
1.3786985436200472 0.6989393172000691 4802.490405560708 -0.00021820020747187583 0.9195005143557007
1.375799753204443 0.6682612028767116 4911.88370679509 -0.00043421873251610327 0.8794315837012378
1.2743212910385788 0.6576183564318193 4787.11096974193 0.000493529622247469 0.8742929534780035
1.4681062966334841 0.6549980688821561 4257.55013720458 0.0007229873102329479 0.8923558557051942
1.2832580800950664 0.7149022649146509 4777.550268721395 0.00028449399132053594 0.8256127984363668
1.3324833677903816 0.6953270352702705 4650.930441086252 0.0004533707415606729 0.8427232641453538
1.224483789244703 0.6489993844464967 4896.213520672973 0.0003370013339278418 0.5076440959444037
1.3676040715340738 0.6401375068074202 4572.807189634514 0.00014325949380806873 0.8440245174346421
1.4370632319028238 0.6099378988906456 4859.848092091005 0.000912771644227596 0.7193067756585276
1.4583472285804846 0.5955545575619696 4275.7391352689065 0.0006917697406140157 0.7963054472614535
1.4460147693084386 0.5787088020124349 4815.08958051887 -0.00048751544848747437 0.8086652938641968
1.1881033421975562 0.6230810477716855 4994.986115927065 0.0004618488081578049 0.4059416096584579
1.316352116478062 0.6569435536725471 4549.693520917686 7.242286295568891e-05 0.7196960217864458
1.4570984188132272 0.623762676175835 4747.779784554466 -0.0004053345410993004 0.817642791424836
1.0639206216681387 0.6212671180019851 4895.854990556499 0.0006040717533376031 0.2850356855901493
1.3212069724447573 0.6311008753366012 4652.076262006686 -0.00011627112399132025 0.8409130755504944
1.209943653175226 0.6478227316564653 4907.874484927739 -0.0001544992549206398 0.4129374924885286
1.3031677065507332 0.681538489455207 4983.788301663372 0.00017510865322088989 0.800428459635063
1.3541790060256527 0.6256190869639972 4479.16496050547 9.03126734525469e-05 0.8427460111679965
1.2175180332714828 0.6606326280859434 4918.802559736976 -0.00010096314392565772 0.7604959921670271
1.3248986887308882 0.5840904274292047 4991.985853574121 -4.864719975634192e-05 0.7876601064034846
1.2783466853065153 0.6573563800546469 4556.879721784776 0.0002765212701194449 0.8237505768837993
1.2491529857550494 0.624310882332924 4202.469994861766 -0.00045277397993842783 0.3951787219000604
1.0806487191990302 0.6315339533883821 4730.223439562468 -2.7117412397932062e-05 0.2979397837371922
1.2891694380499032 0.67847459738638 4941.975867707726 -0.0008074013685756971 0.795397878632708
1.3916240381711515 0.6633850746146416 4703.519717747436 -0.0007910091361658568 0.9462988539126342
1.4301771706882276 0.5536026260071156 4572.691067784419 -0.00013639804201327568 0.6900545302411705
1.290682083172261 0.5980121065761369 4797.73764360635 0.000409077813443746 0.700837759398836
1.3675961251874083 0.6880645066001354 4300.957123944854 7.468026818142278e-05 0.6765631730074346
1.4422534612923887 0.5815161977876321 4725.90949193867 0.00045644547881642616 0.8205969737066116
1.2866419002879386 0.5888303985227072 4491.227558668206 -0.00010088969913398114 0.6378637530934972
1.4138359627235464 0.6907299585410799 4774.991249794919 0.0003762090006149889 0.8356073507132346
1.3021096202480562 0.6507494505582166 4882.37512076986 0.0010766029640011713 0.8821676680534997
1.5026633910528133 0.5856876080707709 4512.913718515177 -0.00021056686222428565 0.7136819560935767
1.4726640202780945 0.5714790443340704 4887.5068776879025 -0.00017262819051184488 0.6683487053348661
1.1249774701876185 0.6495764450664822 4899.410004192621 0.0002947419779298763 0.32046520661018274
1.3662082229838883 0.5825579493206928 4954.416692520325 -0.0006022336337029607 0.7181387675280082
1.1377847258811604 0.6698542363510105 4911.1106558008105 -0.0007016102719134279 0.2956335260048386
1.3650107742463542 0.6652263804644541 4871.6138322813895 -0.0003567383955209858 0.9197003334844983
1.316347891213974 0.7500115493549551 4709.804844904393 3.839140615606358e-05 0.5938086783508293
1.32428051657923 0.6348630085836078 4621.825273416577 5.6640839354641705e-05 0.6634373341206938
1.2750319844629372 0.6777463438257666 4981.469308598162 -6.480317771214067e-05 0.8630030484989653
1.2456911237621888 0.5908407330375476 4788.655695824447 -2.4454421114032842e-05 0.6792565915249392
1.2868884319120182 0.6109590420086042 4824.648756122511 -0.00014580054621332258 0.7401171640227181
1.4270449630578241 0.6474789443671574 4568.420602250615 0.0004952968856732384 0.882230741046455
1.3508605340118467 0.5407880483879249 4910.193665442315 -0.000247740622680103 0.7325849693115773
1.4311919724526447 0.6450642265094354 4849.590647690766 0.00013312072634188144 0.7940947064150652
1.3162659879909677 0.6560349616827721 4549.695256010606 0.0003085088099903839 0.7185039658278687
1.4117540717165524 0.6071460207967624 4476.367753238822 -7.38993459386512e-05 0.7845633915949257
1.3295757192444286 0.6065502090598908 4876.290195246464 0.0002873931055923176 0.8346925412690577
1.2899503336157125 0.5987463107098833 4944.088823302219 0.000583751943635782 0.6661961876315458
1.4849473860707463 0.6268653938114913 4725.820364356393 0.0006692037288304393 0.8143838181788462
1.4474801945088998 0.5995784227503534 4351.590847248164 0.0001574395416939411 0.7950140144387321
1.310801718654663 0.6560239480090472 4548.821016330435 0.00023764360568652015 0.8449518865033632
1.1189491874300503 0.5871816875635736 4777.970402297182 0.00028500802752890776 0.3150835570637646
1.2380207541487498 0.6555797373721076 4990.462793795204 6.47938481814074e-05 0.5069872905404615
1.3989810231317286 0.6226746907368085 4839.493813878407 -0.0003190566743910934 0.8055735960049857
1.3368115137300098 0.608117359074119 4980.821490970639 -5.2368322074420726e-05 0.7235692532886663
1.501443936366633 0.5809430257803925 4773.568685012991 -0.000532314870180418 0.7406101428395764
1.4456839026726431 0.6079879052125686 4817.3235540152755 0.0010049765318621633 0.6981418811993942
1.2933971875441754 0.547208770306219 4823.663424276909 0.0005281687518824746 0.7493441857611142
1.4335373751242426 0.6046407288345479 4210.288429472614 0.00015225335881993823 0.8081242715704025
1.2873006487593512 0.6953105092043593 4985.723593614576 -0.0006312368669272645 0.5243999360739057
1.1648102678249626 0.6381376839280064 4740.296618469333 -0.00011267514756185571 0.4042368506711714
1.3794471420996226 0.6406764092266126 4848.266792566435 -2.981264438988703e-05 0.8738485379686671
1.3081451718166786 0.6570367304928265 4998.199913270236 -0.00017669666003973926 0.7597275057631228
1.281480304982494 0.6103818632752501 4829.371586362789 -0.000900078682741273 0.6775992823013157
1.464757251648014 0.6168484038873592 4275.5994502508065 -7.862171343943826e-05 0.7924670767373985
1.5401498918637317 0.6439687400486465 4806.0462719913885 3.8244078929474585e-05 0.9810065976629038
1.4756241142974416 0.5662001562511427 4497.762693842823 -1.3541154797419125e-05 0.7056121825861555
1.0712140856792398 0.6306717139792227 4801.733359162244 8.506129489675769e-05 0.29550371477824633
1.2889653173162587 0.5950122394707409 4736.924130130006 -0.00047292114644642916 0.7351378079653453
1.3594393944262722 0.6595357862629327 4927.176563096857 0.0004173042850366271 0.993728823086818
1.3145484958052673 0.5957114388967033 4932.859560453977 -0.0009765912471236785 0.7016275100762476
1.3744039631128349 0.6134226584579243 4087.1978010230964 -0.00035403286378513603 0.7619150142575013
1.5667140996938405 0.6113479592008201 4427.73262788837 -4.3805665562175575e-05 0.8399230196352993
1.3487385584314797 0.6875301284601119 4225.434609370841 6.259023831424209e-05 0.973274355634439
1.2422629937184948 0.5831477918849735 4923.182417242991 3.7536799998426046e-05 0.6328233737295682
1.4664786585425076 0.5533888209865907 4836.789650870564 0.0002740483392479822 0.6991568883302013
1.3154252634612322 0.6485986686537286 4778.243867590572 -0.0001310689187578357 0.8273168865171792
1.350351849304725 0.6456587001968407 4983.546218764382 0.0005732776565757635 0.9336689529557519
1.318903914092276 0.6122473441647622 4669.3435150078685 -4.8964196293769644e-05 0.6830420393697486
1.459613388637273 0.624611547237097 4927.257259779476 -0.00017666025648239568 0.779172369649934
1.2643504298629034 0.6697155910598872 4902.330097810013 -0.00012658660634123404 0.8388907879461516
1.4092264527355471 0.597287123464402 4960.491389696263 -0.00046166610608256483 0.752796101883607
1.3893709360787478 0.6237376601385302 4814.5499226188695 3.7928716614036876e-05 0.8572852443471806
1.3090177707584716 0.6177555100755578 4999.944295276052 -8.074589058795366e-05 0.7370370668768427
1.3455222344645488 0.5921073337170504 4727.914005302372 0.0002524319418588806 0.747211463949565
1.3720815436017175 0.6683782556050644 4569.051240443029 2.3950378925213946e-05 0.8724782988499888
1.5110695411498818 0.5976614361209909 4164.810996132742 0.00021444664021597585 0.8066693008409402
1.15417652607793 0.6315396713500845 4602.084890201409 9.195420424687345e-05 0.32613449329522226
1.191552557459347 0.5848904743527396 4904.950770869584 0.00021974405801497278 0.679098503441719
1.3195807736739642 0.5988589744376356 4830.999013017553 0.00036575023061659665 0.7215596704200795
1.3210069682399648 0.6737570723061866 4224.199342525948 0.0005654548218757995 0.7772157521914832
1.3287990519556407 0.6471678483760186 4877.595307711126 -0.0007573593447035364 0.6204982105647916
1.3396245402866098 0.6057304999539134 4410.722043746241 0.0002988280418447927 0.8083585141224203
1.2264488111621255 0.7211329632842631 4988.7330560624605 -0.00035146343388313346 0.4875927341852005
1.361806961667451 0.5873565176340391 4743.1458689548435 -0.00016104236948297055 0.706905750597375
1.4101817394887273 0.6259901124553219 4707.497046997833 -0.0006172679894885777 0.8040337231785581
1.2698741135209417 0.6313500003956923 4830.800720650248 0.0006163302929416826 0.7786173731417261
1.2960760528380368 0.6302008280090671 4618.039433649948 -0.0005214739347110587 0.5994040772658206
1.5088365333853049 0.5992228517290983 4379.798353019503 -0.00038447196704031463 0.8104688151241198
1.13696382086853 0.6353714876993714 4933.614519006833 0.0008538889496403991 0.30103279699869223
1.3093639385300504 0.6478265973536681 4095.073835193585 -0.0004439910821393612 0.5831821992585733
1.2709415482958084 0.629499197737934 4501.471652585056 -9.623259878193527e-05 0.7320317593592908
1.2557253457475555 0.6898811318171872 4663.667716024394 0.00016274708812660292 0.6018508574803183
1.3177019779173846 0.6719803532901938 4899.5573287982925 -0.0003705032744205097 0.5865085439855029
1.3711291897145144 0.5850195748799938 4993.124223467948 -0.00022596875453548761 0.7581086114913775
1.356373078059989 0.557955659787176 4903.740298257952 -7.175692306182016e-05 0.8195927309791688
1.2295766210388994 0.6830463764603854 4964.741529755075 -0.0004308071373849393 0.3596947720449798
1.3435125564607102 0.6455016835702025 4984.362126802744 -0.00013922090683248138 0.9218138971315468
1.301679432918697 0.5949394942550351 4577.876342650287 0.0009909230877222649 0.7477178223635663
1.2230309050445962 0.678542429703438 4615.667715431761 0.0008513002505617758 0.33150846058757494
1.3351311612397558 0.6145370724564132 4892.274095975016 -0.0005895160007294822 0.8085493655083446
1.3932338575072925 0.6487766475610349 4943.837868325722 -0.0004145485481760439 0.8997066859262538
1.3809904028624977 0.5797990801278468 4362.192527176688 0.000244214400866784 0.6820623247542815
1.360762119418699 0.6509015112686886 4592.181221067242 -0.0005256834375591551 0.7316112403084923
1.3474075105225545 0.692849467774803 4229.690199396356 3.7212384831018e-05 0.5182511762070631
1.230818747670977 0.6720836191794008 4914.860704569068 0.0002148887794897331 0.3879585636826821
1.2533762815800764 0.6172527408993012 4609.141843511614 -0.0002220942574204592 0.7533874259308841
1.278195943572435 0.6075476836766718 4787.598361162753 0.0009304280270526175 0.8243692885901822
1.3977612067254608 0.6270955430201182 4926.044497757354 -0.0004479725165642699 0.7398658573265643
1.423499549521403 0.624799434962941 4850.004043060869 -0.0003392410548369466 0.6979727867224643
1.4370433799009268 0.6041575518677562 4975.268110657766 0.0001508022370540912 0.7064504526648653
1.2063579458941136 0.6465744057422897 4830.166016111805 0.00030547396651357594 0.6999195702103908
1.310173153363614 0.5666416546286894 4712.073433738064 -0.0005162091848258983 0.7454048512147329
1.4771941676424984 0.5968783796598541 4659.230385312027 0.0005567324294642328 0.7520758327611576
1.3440500900570513 0.6556634887463664 4572.766126659463 0.00044694202353174446 0.8272546508844624
1.060580550780731 0.6174203587558206 4989.68609293047 -0.00022284555864039094 0.2784100083122151
1.3660033741751216 0.7294062108064833 4581.337098741413 -6.680469023071469e-06 0.8970926743354557
1.411288091031961 0.6480383039003219 4747.520810533861 0.00032915183570046225 0.7393083612502254
1.479450200815759 0.6797146997161815 4969.594138573614 -0.0003322672106704908 0.9765600923845782
1.3374634138892008 0.630054940731891 4930.225288661482 0.00031818656777290755 0.6336800625845925
1.0917034486901518 0.6188725023704277 4609.2433194710775 0.00041445464276086653 0.31007320325711607
1.000130847597438 0.6059103340837181 4777.216675588667 -0.0009039097196597579 0.2732709984281706
1.2570317058721614 0.6966778862963178 4997.417903295994 0.00023528679980262704 0.5665604849219738
1.313551081993614 0.7147817690614227 4983.778784757307 0.00039222407955470776 0.976518003923242
1.2086474853145242 0.6433343757090091 4712.065265408198 0.00019243373124032574 0.5052310090966796
1.3790655486406256 0.640264118773943 4704.831218878011 0.00031945503066682846 0.88150907845082
1.218324381634758 0.6527985919557973 4828.537749031405 -0.0007537541860126505 0.5372058688807134
1.2819058305358073 0.6559896494691203 4886.702292183496 5.4200209534011604e-05 0.8015073853424428
1.1202032320201691 0.6407197086549588 4767.323755301539 0.0003300900315708872 0.312613083584613
1.4234997995649405 0.6467558414699329 4983.8852922432525 -0.00038061243130033703 0.8439945862038839
1.473148109283097 0.5916685316859314 4704.035979491677 0.00040022696795662447 0.7536704666094578
1.3139500770283035 0.6856463088168293 4949.473938851244 3.7664553039282654e-05 0.851192514881422
1.376216092485423 0.5743965432039322 4958.693122464167 0.000497067204878554 0.7549984763745264
1.3086120225756148 0.6783737206286116 4920.26986235882 0.0005182712261803954 0.8771387013501826
1.1599672404449772 0.613912686718787 4581.089062980016 -0.0010332563092643797 0.30108385619680017
1.4034398904663012 0.6324011166164908 4872.796819401863 0.0003933619610697259 0.9586691133991397
1.4073534983664375 0.6185635586710174 4839.5513404397325 -0.00014132237194561945 0.8079678233460379
1.2442286597737315 0.6206225747399142 4847.246146654759 0.00027020560377160626 0.706155693213068
1.2895241051879782 0.619441634378533 4805.70719127361 -0.0004162042575480784 0.7443325235272146
1.1602660052537401 0.676329795148358 4999.753841052936 -0.0005684871073566234 0.366987075266216
1.340918738677858 0.6148344501455392 4818.2164446798915 0.00012973235466200376 0.785607970178718
1.340139105143149 0.5960062206187363 4855.133924669186 0.00014309971521816547 0.7513750961976478
1.4579673158711322 0.6096961682440498 4164.129598629887 -0.0004158718720172602 0.7818997980329284
1.5061209749250843 0.6642621273308433 4802.870510740123 0.000303840463277352 0.9508570324595117
1.062721898669639 0.6246293209233851 4806.902686793021 0.0005890945883526461 0.27910326373702193
1.276834403422867 0.6075562680166058 4761.175596139744 0.00044366672650397406 0.812238934119424
1.2721132846487373 0.669235696436767 4981.741079949012 0.00020711653965190818 0.8052919544705757
1.474789010204633 0.6430136105921043 4275.025982849854 0.0005549962550527135 0.8783751112260112
1.3095012217457485 0.6109734311447405 4911.885370064459 -0.00021710408787492088 0.738989688574426
1.1939059401888819 0.6289477406132247 4910.072373574073 0.00045997258615055264 0.3431848783775775
1.244706021027467 0.6529309154942599 4773.3144307577695 -0.00020674649028481023 0.33064173025324106
1.186018467191767 0.669584070368294 4797.613912627845 0.00017440543055527758 0.36068995264535975
1.3303230342883405 0.6393407744712105 4908.7437962332215 0.00019777503206741757 0.8589003695549688
1.302606451525842 0.6363376089158844 4896.2726753403995 0.0006418728275722347 0.7528466545220451
1.1242264633168184 0.6518495322844593 4668.9175277167515 -0.0002872617661078967 0.3118284214026211
1.1468100320407626 0.6553790115585965 4782.322965299965 -0.000135758209371422 0.3192559503051452
1.4640948955729027 0.6647386923315335 4140.593712272437 0.0007611052462804079 0.9112318361821414
1.4385082216950316 0.6395795225917932 4379.420278683 -0.0003579033912502633 0.8222264264163663
1.2680339048794973 0.5844315162930405 4792.101763477698 -0.00026712944097095903 0.7122950859874999
1.390938130678197 0.618999862596223 4919.166970578445 0.00010610490283811936 0.8222102389691222
1.224244618770422 0.6746784073248251 4788.254949304174 0.0002761737209422332 0.7148140824559694
1.2791071407775756 0.5791748920630938 4731.219932641771 2.3141672013017157e-05 0.6478072679133556
1.2526435588598264 0.587215718192208 4908.792179162686 -0.00039531739775973835 0.7563459674955133
1.4285103757709616 0.6251475836478197 4775.736155596272 0.00038018676846906754 0.8690510232954577
1.4316455906480594 0.64601913544301 4581.318799413577 0.00021325445335179452 0.9482358036129696
1.2616460837278405 0.6087511562545015 4739.926481453184 -0.000315074392354957 0.5423742818948449
1.4139836158349466 0.613944532382912 4911.121080261065 -0.0001391326740662723 0.7255000438232236
1.2284679649863532 0.641613873931034 4671.391638310596 -0.0006594914681989408 0.36173360877708216
1.410277111299124 0.6152041758025328 4510.80343216043 0.00043480977037465397 0.7499012153660669
1.47012130741189 0.679987367515068 4060.7603701400653 0.0005801931721486907 0.8743022689057129
1.3487967612233822 0.6409373500508523 4568.344726996513 -6.526652370983077e-05 0.6168327992739442
1.2925712826386462 0.6269193759058064 4908.673792873407 0.00024129346209346425 0.7593329454392285
1.4175111904976032 0.6558183824855834 4671.259367383426 -0.0005080780080347732 0.903287183734426
1.4608413186873417 0.5609863029881736 4270.581365036522 -0.00025497956960134934 0.7832119121703223
1.351433051080495 0.6550439781600439 4892.015332355887 0.00017723962674539524 0.8856485779812142
1.3311119674563372 0.5988933908702223 4443.997059777375 -0.0006412424293959525 0.7077612810273792
1.2455086339935237 0.6737213233687489 4420.769511905485 0.00047156357156238324 0.7247955308184902
1.463047907579564 0.603857043678692 4826.15827861713 -0.0007341731203073607 0.772898945765536
1.4270568638435124 0.6192042528282024 4907.419090326865 0.0003002097938355615 0.7789072155727932
1.2421070357688828 0.6391080304704129 4954.6474848958605 5.109375039654306e-05 0.6690690161167929
1.400962633475868 0.6205570083505701 4939.657192625443 0.0001261926927818148 0.7474777617108932
1.1496560137569989 0.6503150055927752 4650.471663370016 0.0002830749825319691 0.31251019224561766
1.3342838773894137 0.5908468855697842 4656.768824044208 0.0006652836690383391 0.7542476683818428
1.5049666120241398 0.6103095445666704 4524.885872491078 0.0002952139473068073 0.7645844806910816
1.3601591425328055 0.5446571940388247 4910.686955254975 0.00033728545055129424 0.7235213628078159
1.415738515707963 0.5341269229354038 4403.671780132993 4.4177863151901164e-05 0.745580831031303
1.4012392995058556 0.6283593615657046 4655.738475549291 -0.00030699245747380766 0.7974281511348359
1.397022374375943 0.6428554483260658 4126.812971831626 0.0003591759313230422 0.8108005728977076
1.344356562992873 0.559915822399096 4934.195109823752 0.00030281547670676424 0.7019745603749385
1.164931041833573 0.6133187709243042 4484.726648965563 0.00016729427245401805 0.4118229324843552
1.3698205582435454 0.6578283323019849 4569.447613914864 -0.0006550375413360898 0.8300839512666232
1.4284576764063626 0.6600399074653673 4997.983102535776 0.00021868139835303635 0.9310506593923153
1.2546929819394959 0.673292509222335 4731.705970985183 -0.00027787566416751603 0.5424651289891864
1.393901412142135 0.6229966953622614 4691.0581831774925 -0.00017002530838066624 0.814098716424234
1.3002385033185027 0.5395882788987014 4948.822333191713 -0.0002908942328542914 0.7280768561857962
1.3450620272456577 0.5815389350383345 4672.350218015404 -0.0001768496020633964 0.729608887198425
1.2394303119876473 0.6508775831508217 4454.849767784061 -0.0005242965260903032 0.4290283555149562
1.3975215619010821 0.629670952156006 4943.775652969927 -0.00010046364562883658 0.7807066028180452
1.2998755187443878 0.5866859908936783 4270.7400486171955 -0.00035747608521967975 0.6094771550757154
1.1697368560167964 0.6503328800606403 4645.340392376917 4.7323976417704485e-06 0.3696812867720657
1.381974087760396 0.6524906063247149 4907.428099281554 1.794997336657012e-05 0.8715465178705565
1.406834982776638 0.6387517345319557 4821.677349488041 -0.0007535374146163833 0.7809118006952551
1.2951841105239903 0.6336177702757189 4310.4340728608495 0.0004890710446392247 0.7557190346568753
1.3616500915985292 0.6268989562831324 4698.809162674716 -0.00020137324745037703 0.8335700052817495
1.2771833560997057 0.7013234914338301 4784.820302791672 0.0003282928978173508 0.5554558576208921
1.2764404248197816 0.6359761879486215 4994.513261029649 -0.00011974456127953852 0.7264673690284653
1.310349148003804 0.6234903833426282 4848.658366243427 -0.00014827310616615023 0.7940476456647421
1.2988943315492512 0.6225042269896595 4550.615124139089 0.00021413360398390228 0.7179094817217202
1.3667947337728834 0.6058843600516561 4779.517772748743 -0.00024377841247268025 0.8107427069668347
1.3836424364808824 0.655801993180692 4901.006784777398 -8.86818101123978e-05 0.9221172029709279
1.2829490635171767 0.7431547328003133 4805.99657328833 0.000837883652248876 0.8624689618109196
1.3378880865087825 0.5791130658931073 4666.623941847707 0.00029679215661464523 0.7228078988644611
1.3663683678459921 0.6829418409474178 4804.004818288672 0.000885401202191727 0.9604781011880892
1.5066025809371988 0.6338913026593103 4249.653666205738 0.0006240995345716299 0.9284608166409447
1.3116200660292723 0.6068713624449655 4975.086585372657 0.0002169545594049345 0.7652108362679513
1.421395090097362 0.6025847189085977 4669.006316198103 -0.001038642732823922 0.7545346499787192
1.3165959592207215 0.6053888133177789 4994.987228290511 0.0003927228565165345 0.6798084873122822
1.5170341341494158 0.5481263667902156 4306.142753143218 -0.00021586150718202213 0.7851508454511529
1.2182736496445958 0.5923802397186106 4938.881128267949 -0.0003553808596568311 0.42946430496611027
1.339890179942985 0.6541429442251943 4476.226244668739 -0.00016751739770285638 0.7438893318641117
1.3197779104239962 0.5662607494741655 4941.845053915192 -0.00039802623073814663 0.7051681830888449
1.415232125596809 0.639366292489139 4633.954166953382 -0.0006107581139631689 0.7067783678204016
1.2830126750887976 0.7181768671488387 4982.335301083418 0.00017654896350824092 0.6124795463555534
1.362666405900434 0.664227174544101 4275.639440324777 8.497672218127345e-06 0.7570799563131685
1.332730040149874 0.607799143079675 4876.547216233824 0.00032581585877643703 0.8356279608265149
1.323093395231234 0.6594521188288734 4864.659233216178 -0.0007953630192433765 0.5533164883650693
1.4164967264160369 0.5700653698698008 4554.047634933637 7.5797054270751165e-06 0.740741516102636
1.2862026822174815 0.6876107239129001 4095.098310582119 0.0006868474534792249 0.4803481620809537
1.4469899706676954 0.6461822641492159 4632.017173008564 -0.000571509655080611 0.761139859257141
1.37005464974366 0.6423933618275206 4876.3180677317505 0.000998461773400743 0.8543054416149305
1.3348016214332015 0.6483285772951579 4556.277760200779 0.0009579377581230104 0.837886578019868
1.3740042156290166 0.6126418509538814 4821.137673078251 -0.00015619359054538386 0.8151546221835585
1.379964562740522 0.6351319292320019 4805.412013561915 -0.00018402766466787997 0.9807721133347549
1.372652902391979 0.6472508141668522 4736.754646496828 0.0006525540087947695 0.8812439101835606
1.2800377286925084 0.6794409331468524 4539.314900441279 -2.2527951987389604e-06 0.8165847452772124
1.3844769188649044 0.5670274761589795 4790.548606709815 -0.00030245856965045454 0.7356580839703593
1.2470578803600625 0.5821045078848794 4801.650528399335 1.4904087609890124e-05 0.6748128758423408
1.4422067427066283 0.6062557017267841 4597.654767784646 -0.0007695365979620368 0.781004490507027
1.1744258590981953 0.6330104871456138 4920.169778789191 0.00013331493065019234 0.3992070096252296
1.2712445289186924 0.60625440332529 4934.066871938218 -0.00025241648474893597 0.651169997303733
1.4378699039352933 0.64431496128679 4964.95106576735 -0.0004594454660556018 0.8331606332436414
1.2788913446938275 0.6521174557035234 4810.601905473426 0.00013918995983319398 0.6167938095915662
1.3907194153798765 0.6784124629730492 4366.071163080502 -0.00024727183860198427 0.8740818370942843
1.2000216530620162 0.642933539093184 4847.427083388507 -0.0004947731143523406 0.5712843558306522
1.2265133352845625 0.6021928933259734 4905.176111880286 0.0002485221449727522 0.49311634662341397
1.303061261175377 0.7070720520602499 4509.314560552413 6.732416138224927e-05 0.770724282597018
1.3635263939397066 0.5661110632255131 4874.4026789480085 -0.0001395955494751625 0.8003821174136261
1.3303053195689274 0.6134918836867069 4463.610680887689 0.0008805192326643524 0.830824950572775
1.093865445319842 0.6481736323197872 4927.258200704575 -0.00021146472124673976 0.32062005771415814
1.248726374728466 0.6561347182475621 4984.943216917321 0.0004475002382929118 0.5572532873083501
1.3429391914070452 0.5655920658098887 4734.698675691069 0.00022208038917405102 0.7552916406863106
1.327707415150357 0.5712646098420812 4908.666392742704 -0.0006191508665416462 0.7036811805806524
1.4907900298032426 0.5979659933424849 4933.979946206715 -0.00019454375222555082 0.8612307593461995
1.311759197732036 0.6138559026493031 4779.543823317747 9.555172490751858e-05 0.6500438616090507
1.2831573121305253 0.619223554546936 4921.528033969841 -6.063965343068261e-05 0.5565199154017437
1.1981977186463655 0.6456478757076044 4787.0813377654085 -6.895236741125938e-05 0.6028130965391065
1.4325226626478518 0.59532766504678 4053.9230045075437 0.00029329730249217354 0.7546832392520244
1.433791928051666 0.617755094279755 4039.48188924312 0.00026898428677968767 0.8529530706873522
1.318190526000734 0.6689549463021969 4858.633201603892 0.0003715961050508083 0.8986677162426797
1.2511315562732757 0.6279156885901163 4501.44867726315 0.000499927162074975 0.6681272448698299
1.4163947322680381 0.6099011060350865 4634.343559084613 0.00030586191902323684 0.818448606495868
1.183331318545295 0.6429606949712108 4746.429128874796 -6.503131103278825e-05 0.44922872966410277
1.4840533018740452 0.644556183770212 4615.53192699544 -0.0002938601846418413 0.943271843193742
1.420375267953562 0.6061407776167611 4427.850633581659 0.0005743171615219247 0.8284559501925479
1.170675198200827 0.6070661002716579 4403.93219939473 2.757137504509768e-05 0.33338389384024963
1.4087782672340554 0.5955868342956271 4420.9083345167 0.0002925175666050052 0.7348466397035582
1.3447701162352015 0.6368646810146702 4551.9011293733465 7.787028230905203e-05 0.7571376153695453
1.2486467654473432 0.6111660630729555 4845.7973048354925 -0.00035709464467396847 0.7299357879001531
1.4710813700100474 0.6340591698038557 4590.053765178525 3.5385512440179904e-05 0.8445898361114258
1.2514245993970643 0.6720038857491738 4829.039177030786 -0.0006369139150185982 0.7414371021406614
1.4673495620806558 0.6627056205829546 4930.3426459793955 5.080318247079289e-06 0.9178832334531638
1.475967217872328 0.6241322783561609 4926.111623984867 0.0005467825670833237 0.9502590191546461
1.4768933336378103 0.6385423184048155 4747.267892054508 -0.0004939627969956732 0.8554428689089428
1.2782603547413862 0.6608278619412866 4774.909057902511 -8.078193085823245e-05 0.3744069442631921
1.4016382954897109 0.6274052309125824 4560.131420855856 7.366720376435546e-05 0.8417756534724116
1.4497452890835647 0.6209101254397303 4605.374782009768 0.00010790560191241423 0.7807456992448436
1.2793202579393301 0.6301043455658816 4453.670855949819 -0.0005680707588535392 0.6850363991740978
1.393641822262301 0.6076626648631311 4300.732772222323 0.00031860236070349325 0.7446888307569896
1.33934790254354 0.6720909730909862 4095.6765180998405 -0.0005276297959615425 0.6888900435254208
1.2917774048156174 0.6917749662254267 4794.470427373173 9.647366812372825e-05 0.6833795769602045
1.4455433607638541 0.5885746816077888 4987.419399012506 -0.0003152875199255475 0.7182804154068646
1.201783191545363 0.6925634250467293 4989.281555183802 -0.00041867698268299556 0.4302974866052236
1.4574022464957364 0.5674456401060642 4796.483111785978 0.0002607002773381793 0.7697527738726055
1.392632380399136 0.5629161510075116 4953.160096187424 0.0001177817752979917 0.7216128682670924
1.3323419512975425 0.6712558242968969 4848.017196976797 0.0004390402178048781 0.8721788561637036
1.4443662993059685 0.6249010112926772 4650.098613130837 5.2393359185272384e-05 0.889323177177311
1.447834684115362 0.6041756924540107 4964.375607006882 7.392458680421966e-05 0.8694526607711246
1.3313542390460826 0.6276188868743291 4794.779519632681 -0.0005507223507365023 0.823018210537442
1.3426542323988282 0.6856034028799975 4983.9663491246465 -0.00040626719988798163 0.8993628073247705
1.4993187893497533 0.5869597964262725 4719.6255273759125 -2.4498822039168633e-05 0.7675930223097291
1.308390258982164 0.6577269169715853 4746.103911473892 -0.00010544917815404967 0.9156987484975839
1.2477138122382856 0.6258122208570734 4922.089975743914 0.0008849951823611442 0.44526448281161435
1.3074398262662366 0.6310361076117175 4873.031008726447 0.0003058128307143099 0.7788402142033862
1.2734975811310059 0.5570418102036823 4823.593456573672 8.785189557381796e-05 0.7210650684071773
1.1316552384663408 0.6343325203649915 4925.771565579892 0.0008449019141895005 0.3179799426658412
1.2915581913173648 0.5746770527492937 4910.6929554627895 -7.703697893021898e-05 0.6647395477541751
1.2933381153191892 0.6908144394402943 4927.117274327695 -0.0001813212534978467 0.9221033029453231
1.3183611984590724 0.6019550323228144 4921.686236536857 -0.0002725329768461497 0.6686306979513159
1.2873299170665358 0.6800284745329828 4779.333263225116 0.00029907862569978754 0.6336873167254697
1.3682673203814462 0.5872334491094968 4601.044204074745 0.0002456050305488033 0.7236929349984257
1.3255955124161032 0.598350389318537 4778.365242375986 7.256083339331842e-05 0.8303883365334983
1.3014986878581254 0.7238718081543637 4891.173626717395 0.00031113616329162127 0.7337505938952964
1.4714373466766455 0.6556123346680971 4105.085305921888 0.0006302922614663164 0.7964134797263229
1.3858740290589604 0.6060468114914179 4539.144489068632 -7.064295246112221e-05 0.7978605427670036
1.392599767270813 0.5933871172252014 4987.449863923821 -7.028757359472795e-06 0.7046960406184433
1.1820031795067885 0.6555813982939429 4929.825395888213 -4.268674774731504e-05 0.6314993266568405
1.4864406752433088 0.6399789126692972 4581.283758889741 0.00023997489079564493 0.809985087659105
1.308950665642071 0.6341771503884439 4306.486371674023 -0.00031632051271635134 0.5040975419272127
1.2875742951526723 0.6250982968131785 4918.015069703842 0.00024850202926822733 0.8831230628253444
1.3351356428826795 0.6918937795692279 4490.620658334037 0.00018806471726667644 0.8296303475649743
1.1738225434245755 0.6254881997071904 4914.376459482512 -5.370127560731643e-06 0.32470431805956684
1.4492590476945457 0.6345810462009358 4815.665017170646 0.0002757850692950948 0.8713845629660816
1.2086197806082952 0.6590551091714226 4778.723699734943 0.0003707639155822114 0.5293275995012029
1.2452929931542958 0.6349998724733356 4452.780929378137 0.00038397651628498363 0.6441101911667839
1.3470008681472077 0.5993313082877526 4484.599526689773 0.00023327031403714852 0.7209130394185115
1.3788973802261617 0.6296641328085254 4927.253434781644 -0.0005727500425176308 0.892911951163048
1.3278894063291062 0.6047547403128198 4997.570606429493 -0.00023030195139677617 0.7986413474753912
1.451157400120434 0.5746263689038895 4910.218738096788 0.00034507142309316653 0.6615289547320589
1.2714820479177327 0.6976620140523713 4805.2773151883985 6.948502978574945e-05 0.7089427312712876
1.3619669130829557 0.5951440909410424 4272.383842485923 -6.98038485293858e-05 0.7337590994825396
1.44279099582607 0.6002117402421929 4039.5571397228086 -0.0004049739942737886 0.816731535369152
1.1556572515281396 0.6618236893708112 4958.383212505405 -0.0001755973367736093 0.2878825031207167
1.1948493947539984 0.6441452933444748 4573.123981907867 6.831566038463182e-05 0.4791400501225094
1.3140040713561565 0.6380558621938778 4828.327692759986 -0.0002505431081697979 0.7973145921115397
1.2599441591900535 0.5682784297708111 4809.446043938772 6.271000582017902e-05 0.7609863885805432
1.218507910882927 0.675278446930566 4951.943179005805 -0.0005123943229568341 0.4113802539668655
1.3027007945890747 0.6421022402461912 4771.898972376457 -0.00010415776927536922 0.7794794261240152
1.3759569070436584 0.6551998942238264 4953.780600028602 0.0007442171206745963 0.9377692780097138
1.2892695189986878 0.6492167835760746 4862.93680037047 -0.0004501672472535666 0.6034770067057462
1.450248814515724 0.610357322647783 4671.683153133816 0.0004649904939180888 0.8456986933251011
1.355864737534913 0.5988329030590241 4937.408250359473 -0.0001170345678503785 0.8810870151511899
1.2823218232951212 0.5876634225005655 4884.5021536007025 0.000827323552159711 0.7474577978384688
1.4015758390895487 0.6502296721757161 4799.4927525295 0.0003229494750469989 0.8787736498891631
1.3842428551685555 0.5665507593711416 4739.984071137922 0.0003414641055044503 0.8036609792220207
1.2663389694851788 0.6427128938683383 4919.980145471347 0.000826174478191115 0.6455458780854919
1.522903084388168 0.6286683879643553 4850.801851268095 0.0004240238992858004 0.8214193770784569
1.4159835671206702 0.655305287517593 4943.35575897018 0.00020696450068022188 0.870809958969674
1.3234039955814776 0.7202702454208071 4955.496033973053 0.0002949005042411915 0.8390430648317839
1.0458409198088257 0.6329459287095254 4889.204706424679 -0.00034965329874600337 0.28884465067168724
1.3982675167318586 0.7194355359080096 4352.448690810948 -4.122410113528971e-05 0.9753245254190168
1.2298883486116765 0.6056784017324857 4758.604925428893 -0.00011353903457622163 0.7284323164235897
1.4497996750848858 0.5911463460136042 4905.171905598583 -0.0001972540406409373 0.7226794185028093
1.3381093769736294 0.6624889545458151 4803.400791824087 0.0006529756313231581 0.711078484252152
1.394742829589745 0.6620232379355315 4815.844468061621 0.00012780923920718246 0.9466843849401675
1.3673611492534015 0.5800473103836711 4740.69768074945 -0.0003063537431166334 0.7126977367013729
1.466698744933667 0.6397816000622835 4140.929164532377 -0.00030151616446255695 0.9436711607022165
1.4254744340271817 0.6521992429575527 4997.353216010346 0.0005632153668691911 0.8617564387262756
1.4840525905380395 0.6659520924977109 4199.98142384955 0.0004759723848983555 0.9472022840480441
1.442212706845456 0.6678138983609618 4306.963283252058 0.00011168730995412669 0.9905962574480093
1.2724574619047617 0.6083126319709147 4980.7524379116285 0.00035362469360713855 0.7385434244602026
1.3948158777698927 0.6192196443285267 4818.167086934848 0.001033751796327354 0.8055245149217116
1.2380184699420442 0.6902200786851285 4955.3754882075755 -0.00027061284881004806 0.33859404276020444
1.1798479600068892 0.6248737218738804 4681.352718616656 0.0001506748115193682 0.4492022179460884
1.1999524265121895 0.6759334069642138 4802.558443694713 -1.0253406355651627e-05 0.29910537729656467
1.237119457149726 0.6540307695889451 4519.580228404047 0.00031029508313242725 0.6864266635298818
1.3857938324730923 0.6281901438195877 4997.72398216521 0.0003635263459441889 0.7764894083577701
1.336429109150361 0.5772200627476394 4778.448698225537 -0.00017707930305989054 0.7832470876205082
1.2524849838226206 0.6719932791163237 4736.878894498508 -0.00022064057355600315 0.7059679664446827
1.344460594798179 0.680615072075241 4865.337694284432 -0.0002525828739153678 0.7735797430127371
1.258748173218973 0.6509776744311417 4790.44945640114 0.0005922997839944854 0.5960497920409789
1.3464712779156487 0.5774060294474443 4891.631032662594 0.0004254251196780141 0.7744681845001784
1.4154455974915208 0.6536145060177 4806.232527901014 0.00044570647481687145 0.7780571600512285
1.246676662163801 0.687128714175281 4039.6478341109864 7.673181193070524e-05 0.31508443782136364
1.284279679609987 0.6601362987155565 4734.820898194313 0.00032916993147205913 0.7635314274537541
1.237671969920835 0.6502086195392317 4700.480114892611 -0.00014918667777653815 0.4063721547319833
1.2961667625165056 0.6607951754452401 4907.410332344319 -0.00016743585318192383 0.7348961941040992
1.4352934690290824 0.5996413172643147 4468.061487135172 -0.0005006812827977572 0.6812817285552342
1.2288421410783177 0.6091706031195679 4761.7556487034435 0.0005028448032780059 0.6465112660745949
1.3681630953985295 0.5997192466417676 4964.190039062342 -6.52809232568933e-05 0.7655685331383346
1.4217708173454313 0.6238560939229465 4980.833837230366 0.000260429472275993 0.8394541671118262
1.446406233081015 0.6854518395625535 4774.89770318983 -0.0008331840671685925 0.9436873420740775
1.2880457378879702 0.6179389846936121 4644.339862272034 0.00026160734265429916 0.7528969864381593
1.3899323312266088 0.6067478749116972 4846.864278731862 5.518788903237735e-05 0.816528540835633
1.3141100110212194 0.7253240827083375 4982.822905551536 0.0014036690102133063 0.8947007515842326
1.3291753634868193 0.6194325617768539 4796.949219113214 0.00014169051006244942 0.8096988141983915
1.196632936186774 0.677561555783485 4427.9821229141 7.802652009571326e-05 0.3186270478447115
1.2288406340846183 0.6065058206761672 4601.391424308357 -0.0002745341332943952 0.6215124553590587
1.384522233980281 0.5940104855723273 4892.0948979956365 5.2308752660914186e-05 0.7039720924803767
1.2446506375250777 0.6686651876812518 4681.200688668087 -0.00020457028440635697 0.7048896605716389
1.313618995763162 0.5696313135642278 4544.335328005333 -7.535975908008162e-05 0.7408066427862285
1.2906958537745408 0.6191344859785542 4829.422180966932 0.0010460719663122238 0.8254361563061757
1.2739771379731766 0.6877178000044162 4259.239922240678 4.891855793457487e-05 0.5556973608850106
1.3353620723164488 0.6281789399982778 4703.305800550551 -6.397476176758415e-05 0.801031840379086
1.3443397094884757 0.571017011286072 4778.701484342371 -0.0005545239406715072 0.7575887984792832
1.0739656823673636 0.6654221830184444 4784.878200449526 2.459949600675037e-05 0.2862408927462594
1.3690446656499975 0.634487237138081 4551.362534086408 0.0006112582620541157 0.8352483514616218
1.4557037628290748 0.620980339049096 4569.254536117282 -0.00015015733653914802 0.8156543692745413
1.2288799106372825 0.5978851074276159 4887.113470536851 -2.955184015237616e-05 0.4903877842273642
1.454195676595703 0.6523925571412605 4445.51341176115 0.0002166983677799494 0.9258471093868548
1.4024858292256583 0.6178632758488032 4669.250847367476 0.00023043773168874272 0.8352500223872334
1.3240020765928588 0.6054645394937903 4905.693928969287 -0.00019334491764514962 0.8139792778351278
1.3631915069785534 0.5894952143325203 4782.728059840991 0.0004634445176551537 0.7034815048907959
1.4731605585454859 0.5749844828424004 4802.734180179083 -0.0010155285805389252 0.7366015937581967
1.3099874266496634 0.675055711758558 4743.912170392767 0.00025609984329639856 0.8604351731451455
1.2925767852216055 0.7131851566454915 4632.824010617349 0.00033777495538891565 0.35021831701024325
1.478507125136593 0.6281802299549082 4698.953189928711 -0.00038443234975965845 0.7784630846003043
1.3820535011586332 0.6159368765200004 4876.071284058696 -3.478158893649278e-05 0.7851796977420067
1.1891039187288528 0.6399584005875021 4671.748169986256 -0.000381471963777401 0.33242778157989195
1.4200057234972066 0.6076459863348223 4902.175055851126 -0.0006791591633055791 0.7917982889777724
1.4348476462332909 0.5819120866371551 4202.280090978392 -0.0006238953981949977 0.7374130054221368
1.3179914883303177 0.6257421859839704 4888.484947338905 0.00034982717077155053 0.810818750873411
1.4592942785595056 0.6251017817962957 4739.552723676289 0.0005396400552689694 0.8654801807194847
1.3351832324899233 0.6207450157111278 4195.303248268185 -0.00010803858728599413 0.6947944060135064
1.4541000347761015 0.5934773197769019 4852.494917817044 0.000242897937312573 0.8367466640320288
1.480599884671558 0.5715619428612138 4704.118706106275 0.00045592204425846266 0.6856440965708636
1.5418380422791467 0.6123271720934124 4566.135223070689 0.00046554342173947154 0.8956519007778259
1.5185022104514405 0.6464323591917919 4229.892682280436 0.0011875119702207957 0.9063745091527418
1.39976330458303 0.5882300234182769 4497.403699548827 0.00048494797640327345 0.8097212455890241
1.2532908651850259 0.6442926955678375 4850.11123469601 -0.00021276843071138383 0.33401652522679975
1.3263149945231918 0.5687487482647763 4772.552126403037 0.0003975067851878013 0.7048027887237561
1.3481705639480372 0.6036182643685626 4771.745836660399 -0.0005568788564069006 0.7744911123261478
1.2440457359484798 0.661247805997357 4420.351593668589 -0.0003403197066081965 0.68470464831651
1.3544670124543026 0.6337744310836553 4550.329109667839 -0.00046070334167553533 0.7843728569872638
1.3076961708378168 0.6429408156210166 4953.866648566138 -0.00019143773034817625 0.765113344943003
1.2653751653667407 0.6138380093254333 4771.998215029842 -9.849152193078127e-05 0.7141760380254025
1.365324666483354 0.6047540962809931 4659.425858273316 -0.0004404305689593696 0.6134801198200532
1.2519295467840403 0.6437058339731037 4691.577544935219 4.037064427768674e-06 0.5988182861814203
1.4130661895118533 0.6087300093976262 4249.649905050984 -0.00030774348229551393 0.7361957528031574
1.1950243260450275 0.6643259308490589 4867.94962270233 0.0006007554732803111 0.5013921550505869
1.2317631334536918 0.6946518438153858 4980.128532458311 -0.00015584595129936824 0.5270674128144588
1.0204281453470365 0.6180001079562585 4937.367598153336 -6.801520096019471e-05 0.2777667159910436
1.2826208413942655 0.7303334760830209 4803.310973151975 8.32661092564359e-05 0.4642820490647272
1.502497161719894 0.6455456707164504 4056.4455906546755 -0.00039007039062535727 0.9087887174907289
1.3536768196512945 0.5816325790398502 4549.5381031219795 0.0004356047719413691 0.7477796358941379
1.3502994571640694 0.6723180249771391 4490.500535145858 -0.0006376216522614559 0.8271414707473828
1.3608074834471835 0.6923328466211475 4365.24694168095 -0.00010687775733561592 0.948089566845338
1.3564140780509488 0.688969502911029 4826.57195157218 9.304603965200099e-05 0.9150097828220837
1.389276910980882 0.6338704430754218 4664.059381125348 0.0004977812085440596 0.8366797178041421
1.4519613136859926 0.6664993516575974 4607.469067472639 -0.0007977515259760333 0.9264047998435168
1.20558956022903 0.6576209888204021 4974.073736767355 -0.001131283923609785 0.4387007824612776
1.302904398733196 0.5772331969554176 4712.728708864589 7.254850503551655e-05 0.7288531731976309
1.111982572287968 0.6159938754794965 4895.3804894011855 8.231615991039317e-05 0.2932909830218263
1.209375738796342 0.6419650751447068 4544.517135221987 -1.3394966867722708e-05 0.554760488936025
1.1786569862094491 0.5998737941848752 4923.780400657212 -8.812932160871196e-05 0.41259405890729484
1.2965654821399442 0.6543606110185028 4550.02166853875 4.7816963858943374e-05 0.6810322596110856
1.2860134536277652 0.6191638748291592 4652.590879357595 0.00015614657852406157 0.8180975235059441
1.331032153221149 0.5961327566472508 4797.15601315413 -0.00010277471407104797 0.7361476647150828
1.3540271873839873 0.6482529684506488 4892.040693645038 0.0002805654627995352 0.8708862774179246
1.4140545365917596 0.6505778649853359 4524.028692380151 -0.00015297383184060005 0.8652891328620769
1.4654086714775372 0.6182121168758228 4275.972498764536 0.0003490633931288885 0.8046002177071183
1.4486799018968473 0.642332950947202 4943.215858575012 0.00018011517499194154 0.8801258696004497
1.4760475869936962 0.63052437591468 4815.785897553968 0.0004764351632489534 0.8203530873734834
1.4134954866384506 0.6624245830030763 4841.9041524368595 -8.134410389020091e-05 0.9035794431550409
1.403966636913938 0.6097760888739965 4576.563199536066 2.404196396320531e-05 0.7892985248557692
1.3099950165184455 0.6394453757105933 4905.213173446117 -0.0001783612760977214 0.7346791703013749
1.2947952659863864 0.6225061339138722 4913.7128170452115 -0.0003879758779920267 0.7404771371472951
1.55230584486345 0.603646340402844 4615.96006246028 -0.0004606564362780703 0.8057333173971595
1.4334409821496246 0.6313428926411901 4492.128188356466 6.478509771351662e-05 0.8337862913414401
1.475783262236861 0.592566470769302 4524.451054818951 -0.0001225962754814733 0.7423773023385356
1.2927820969371866 0.6310938106486736 4777.311851061943 9.46272524003022e-05 0.8025528650682405
1.414898543681967 0.6377690866521917 4775.483418620778 -0.0002661485649062832 0.895287953176615
1.2016975993910501 0.6290384491834066 4896.793926796828 0.0005364754674347783 0.4753755413557942
1.2723795717471384 0.6102909733217214 4988.52157965963 6.206432542564495e-05 0.6098325218466055
1.219935197525393 0.6429817854857756 4636.146553385792 -0.000329482264441261 0.29378915831022656
1.4069046426714191 0.6268848995170869 4862.905661880351 0.0006676504218116417 0.7900076983397124
1.4252819303858806 0.5579045206525584 4489.867757684931 0.0004985763050155133 0.6611388932146355
1.0116545082347703 0.6112081508360552 4927.9322146775985 0.00025326882070078583 0.2891692877730822
1.4055099331476664 0.6201750180916987 4551.80665992779 3.20243648492704e-05 0.8313584403547765
1.3295449910475239 0.5903153950277605 4506.821232330776 -0.00029627531166736073 0.7506010813111126
1.3479742000677812 0.6069457249168111 4986.416250906761 -0.0006442829447141366 0.8219871583676477
1.4904568403277147 0.6600171405081305 4933.065090642716 0.00016819077078220838 0.9733930906827514
1.2829868678919376 0.6647915005799672 4779.990694609649 0.0006202027755609046 0.5774427607418052
1.412401646820213 0.6438128469502733 4852.580076815158 -0.0004850627020601577 0.8128245180797155
1.4357308241164768 0.6270740323845246 4164.966942487005 0.00039570273542456955 0.779549679063176
1.2993750604054808 0.5470321807591967 4752.317972571527 0.00026707678234184006 0.7774205749331035
1.2629326744484815 0.6568781796604272 4546.692583097459 -0.00042263205819262426 0.5523011136118716
1.4613698939488748 0.5692438766017858 4655.932314803024 6.660684126373469e-05 0.750297043533066
1.1881652829966554 0.6787454076952395 4997.453586389399 0.0001362406904591705 0.3393293305305905
1.4148681354995591 0.6045105615236608 4907.168287244925 0.0002445855829694998 0.7604417335707531
1.368775480452466 0.6490558783173346 4679.376435765052 -0.0004921192769500595 0.8526368089508567
1.2136558516172236 0.6233242905709332 4809.128025884099 -0.00017731864649908266 0.6532291082510675
1.3990560106649192 0.6959084887295095 4716.276312537912 6.498976046787958e-06 0.8946143526889
1.344108810001042 0.6209206028521381 4847.6219756311975 -0.00022277862848161376 0.8054665643142254
1.5156488972379365 0.6196611121857636 4899.312959329139 0.0003013096308681587 0.7448151225029098
1.4518547404768756 0.6095869226011099 4806.013288850192 0.0002189924534845855 0.7730950401081119
1.3346826838910852 0.6309508997931138 4945.4229450961775 0.0002727156846064106 0.7741944221721204
1.4197245007479928 0.6245287411586975 4526.198670398708 -0.0006604394926088266 0.7176293579701362
1.3249616755926876 0.6335071554410456 4490.002040762702 0.0006566144677032263 0.7491995430461801
1.2465877838016541 0.6784074677876089 4736.083376404087 -3.801607622849933e-06 0.6588417449305852
1.3702416094245926 0.6141002242231919 4814.289457930505 -0.0003228140173834104 0.7980227851557169
1.3305511112607267 0.6712477146186128 4799.268885213849 -1.4028066100339232e-05 0.8491049095029404
1.37790566808461 0.5928536881906333 4663.419790044818 0.0002408159175429884 0.8607355369540048
1.4232423801004217 0.6625695497540147 4598.794102782023 -0.0003142349856591594 0.8455787518665733
1.3276411109265402 0.6061253417476472 4994.042552242892 0.0004822228872088389 0.6924891206720505
1.136150964641704 0.6430901839586922 4605.000526365964 -0.00046126528885885663 0.3086429476032767
1.2981185255248588 0.6598100745357478 4959.536987023165 4.1899156093057804e-05 0.7982573049297275
1.402673618408984 0.6623975380503523 4943.422335782093 -1.8391591885151697e-05 0.8899909612880974
1.3757282517616933 0.6279337054880896 4270.579126751732 7.451397584260049e-05 0.7066394138973705
1.2720164935288791 0.6599016383415196 4788.653536267929 0.00035760051027030015 0.8573848316422794
1.3866657120618018 0.6529406963337785 4603.37706889242 -0.00010631420986316021 0.7637927258675441
1.334983610775378 0.6850337879458291 4951.618791603397 -0.00010806140694306108 0.9609235007988559
1.3320081248253364 0.5626544500926216 4816.753260667549 -0.0003491506433710341 0.7817744508301679
1.360275285502587 0.62660752871605 4815.90876630785 -0.0001432529897289998 0.8253191298986688
1.2993214288722434 0.6819154920041441 4815.033769118685 -0.0004092318883252293 0.6178160056746966
1.2764908360105025 0.6129868712833086 4929.970350878519 3.0336495192362625e-05 0.8164912607702706
1.301475611333795 0.5677968455738243 4609.733775277417 -2.000589357064251e-05 0.7092414572137318
1.3015517787556994 0.5575451694197036 4994.729147312737 -5.388143276735796e-05 0.7024730934364104
1.338853846110162 0.6310175963633493 4650.762671734605 0.0006838138709171651 0.7191199270676255
1.3114400087601092 0.6602781719834163 4549.21732447493 -8.469758678887916e-05 0.7178351379028923
1.4721140953804563 0.6604070900905191 4585.681046988321 0.0003602783801088448 0.9600593444021115
1.2853969858209522 0.615745197151444 4827.028045954834 0.00021248526658592388 0.7198600054494556
1.3537686916532403 0.5890610159084264 4954.9170417794285 -0.00031266613694684884 0.8237961013714088
1.1998486978855338 0.6915752541177339 4918.38779610548 -8.001517153552943e-06 0.6965678115618685
1.3167345948645215 0.6367027680072548 4549.980282027325 -0.00028230139497108974 0.6956352198887273
1.4304466125291206 0.6427798056763354 4821.728300816238 2.3419495480179284e-06 0.8170214197081522
1.260159687607203 0.690197517988037 4751.22961025858 0.0005908958595777369 0.37054968151419576
1.4726015432900401 0.6830522340373422 4526.722673722822 0.0004153391254037135 0.9752739106402566
1.3458110297287005 0.6248027396958384 4782.749917912838 -0.00022135957519423493 0.7424586828752611
1.1239207848601886 0.633238725359406 4872.645858565073 0.0003165726762452663 0.3145751719482308
1.436343969325907 0.6529254409100131 4053.225463536917 0.00043084706576925646 0.9112647055356582
1.2683161871083817 0.6003922448091485 4784.248733571073 0.00016946581021220044 0.5216793566577496
1.3194688416521583 0.65209637166958 4629.117922175475 -0.0006730783480648924 0.8198255528606148
1.4560246314011929 0.658433798213325 4199.171918839167 0.0003382638213054977 0.8682300240652773
1.08814039914369 0.6066078229157201 4574.003587154255 0.0005559383701170274 0.3011444402496687
1.3688727942952172 0.592248914782443 4886.798286403399 -9.208288035854346e-05 0.7023239755899285
1.4202915994062817 0.6055127964044045 4984.645604990561 1.0872103468025475e-05 0.7190168283744521
1.3978188116572703 0.6672549791897957 4512.37537640759 0.00035497086705624177 0.9102451313292969
1.3742949593039824 0.6127333945741318 4202.035627148329 -0.0004474149471313352 0.7834422072550982
1.2852037284706175 0.6008859675180811 4623.690453307754 0.0006300618462694932 0.7951810785287671
1.5542562254322467 0.6387593185331164 4249.956401277552 0.00011348684112405192 0.8738337784481148
1.3659729556589744 0.6043095361765347 4683.883186115472 -0.0005196094051050103 0.8375108866484954
1.3945523998078102 0.5986241730101284 4943.172756739275 0.0003996219791974646 0.8184161757844591
1.406306491616596 0.6389959578730782 4775.707809854158 0.000252244888369916 0.8946789819880769
1.101961016015758 0.6021347641683902 4904.032401746452 -0.00016995088292086813 0.3557437786304286
1.4057743971148176 0.6288624237511055 4926.9831359638965 -0.00023862841853774925 0.7586462966526217
1.2728718390694926 0.70132333165852 4659.683605026831 0.0002922116271570459 0.35301216204674796
1.3583800782608506 0.5936023977093288 4872.7492879407 0.00045723056230880443 0.7951951962943011
1.444506374365527 0.5598900053037495 4905.912983121383 -0.00020828959451578758 0.6752698094687829
1.490675481899824 0.5912697808652159 4790.971844717844 0.001069614850220573 0.7080375305949287
1.3736145046416268 0.6464577422528722 4551.834922193053 0.0007040498379774277 0.8421765503745723
1.364232713055324 0.5972745666518001 4892.170608739358 2.3328909093840284e-05 0.7721348994707229
1.409273883932007 0.6894933845178294 4580.043418866602 -1.0624777340071159e-05 0.8990378841132136
1.413886823118507 0.6293494067487677 4655.559639856855 0.00031756287906473964 0.8484280555731353
1.119922243603883 0.6628866860616237 4739.60938086964 8.557931927155708e-05 0.30932370648788354
1.2479629436432647 0.5941972020187414 4941.669329702378 0.00010481231146649193 0.5098559650547728
1.3346373160101974 0.5927616776876239 4663.5663051729025 -0.0002777750471638109 0.6912574006099936
1.490293763579049 0.5612223653914217 4352.965522487863 -0.0005741724988544743 0.7180412459328813
1.3486277935080153 0.6704274416487533 4566.62514536954 0.00026972937789217433 0.4252622935263196
1.2848035041615682 0.6332936680752397 4645.335734561321 0.00027120241651213827 0.7842500878146944
1.1974060253096979 0.6217749773671977 4837.815654749671 -0.0005449714449131973 0.4533211838162082
1.2553946369803004 0.6363690011922698 4787.056597936502 0.0002344637217498918 0.7581433478459937
1.1835386054604742 0.6203915332376522 4999.251537385844 0.00028487701521097436 0.42578773766931244
1.4252781046078042 0.5430625904589195 4939.173549402882 -0.0007355729407269554 0.7196552947506599
1.289830115401196 0.590776068055423 4832.57990795518 0.00048545068102931303 0.6988073786063584
1.3326369510967107 0.7116046883181949 4815.824421005363 0.0003602758282039724 0.8603472742389231
1.1463711479077512 0.6170314809748009 4915.658175784338 0.00022868136351891715 0.3341461527206713
1.2109191111465878 0.697634060948942 4581.571874513796 -0.00019245183878051353 0.3173241515774234
1.2745177147819657 0.5648917055540121 4463.159525659892 7.184346496001127e-05 0.7478200330843854
1.3659289833272585 0.6014573120131916 4934.0343849147075 0.000781350741011825 0.7981452104673201
1.29032210494099 0.5849005754403702 4955.297360609569 -0.0004255042541452318 0.5662165524105227
1.3814649972164723 0.611817276911987 4933.3446179005205 -0.000164822766795505 0.7383722294108632
1.4023038662861858 0.6078401077087537 4210.616105699274 0.00033036019331048473 0.7994242048266376
1.0300346310617736 0.6561062403436079 4817.281822885004 -3.701532027397218e-05 0.2927888931640679
1.3639852851798513 0.6542054356778905 4821.678794340173 -0.0007118311596468786 0.8149769869118674
1.235007973102559 0.5959808481893479 4952.178593847842 -9.15341230763522e-05 0.7040627420152397
1.4217295118681434 0.6004625228302928 4978.85896122321 -0.00039460832438839973 0.7396876877603682
1.3647649753125477 0.6653649624459341 4951.510597196979 8.855007279993376e-06 0.8538649637063576
1.2865912525011418 0.6356740494376624 4948.235794935099 0.0007224675478864523 0.8344957803362207
1.3682426517320563 0.598210383016954 4344.316197688987 -0.00023297772898876916 0.7081453200571599
1.4146252372812618 0.6308436648128615 4943.595069979517 8.461580564304059e-05 0.8004291466359399
1.2862024916318866 0.6253561594027021 4438.405032908102 0.0005680863158583363 0.7978007590881193
1.3834345354985202 0.5627715381068983 4848.298204699287 1.1053824648233469e-05 0.7673507823152534
1.4396074220562816 0.5980437169248791 4953.9834841612565 0.0004571731169819687 0.7795457907655301
1.3046069377755858 0.6259493056117225 4806.720946631168 0.00029622862292927435 0.4108451474960486
1.5166353796963157 0.6131125801930952 4379.444613976087 -0.0001534806119204385 0.8595548318479569
1.2981833889755836 0.5932467061028814 4828.567752492942 -0.0002777958615112301 0.7628542357886201
1.4563559415169682 0.626084543526659 4836.5609461147 0.00023505522143131251 0.9047296793595139
1.3639838576316834 0.6008936837315559 4270.463671267033 0.0006257211243075946 0.8084627389907837
1.4129901500392137 0.6608394356669358 4365.62587995853 -0.00011914571473993766 0.9350038182324204
1.4803014400124286 0.6126085186861148 4092.064054028632 -0.00024591816542275007 0.8318786099931741
1.325418824216682 0.5941098811138317 4992.533491945165 2.128732035326122e-05 0.819353074935709
1.2112642409989036 0.6331310115877781 4811.855674017094 -0.00021046218167363877 0.40938772807421525
1.2499449915309784 0.6197240682083309 4952.599029353491 0.0005361579095468357 0.771379583189438
1.3221449169331239 0.5869665687051748 4772.026153388836 -0.00023192138578781739 0.7642693686217932
1.382397516717472 0.5700569155527684 4953.845676684347 0.0002374739303770387 0.782825506740646
1.443055799473803 0.6729924941112648 4229.324050011402 0.00044630747894159315 0.9229248029470793
1.367823484703674 0.648296911312863 4840.120585742232 -0.00041045026893793505 0.7632240855334353
1.3086922655543702 0.6120407904620041 4822.646528972252 -0.000497681795063758 0.6802466497597301
1.3020778584453172 0.5860745278920438 4790.87954451188 -0.00043157354523842503 0.7393429656897859
1.3482860043965605 0.6005108819097156 4501.430112202145 -0.00017826706412477284 0.7878773706210196
1.3696906785583276 0.721662712850291 4526.9551980684455 2.3188251286285602e-05 0.8054416338855446
1.3411717706823676 0.6192991490045979 4960.513702825973 0.0005025369668735612 0.7162919948378572
1.359786733025648 0.6238865340842096 4497.485969318467 -1.777682348403883e-05 0.8300114043459312
1.2708483444289265 0.6812039663262062 4728.3654824764635 -0.0005512883462911332 0.7321581858670985
1.3799239457860941 0.609517366386469 4828.787288167375 -0.000479280751135752 0.7703770017851856
1.253235298702183 0.7242805585104983 4566.312725485772 0.0001961923781980726 0.35306756374158077
1.4401921472400345 0.6889692774412491 4153.786319597314 0.0003561079057866499 0.8044623759714734
1.2870772952154552 0.6308968247738045 4936.539962706817 0.0005497486079440965 0.8098493635373833
1.2571032311303543 0.5855486372019725 4866.295019155931 0.0005739169258166133 0.7413549259811473
1.3484946444911678 0.5751133393651362 4816.886776448193 2.857521178053728e-05 0.775125879588124
1.3795988215619022 0.67973507907394 4424.405384310203 -0.0003152191211774368 0.7325279239248865
1.3558767874624242 0.6717752190629218 4225.729791843908 -8.929560020282479e-06 0.942551538760109
1.144166321032486 0.6230918543468275 4937.66048797233 0.0001663589482096187 0.3160131154668772
1.3690238777277408 0.5672399929282946 4605.553954591478 0.00026590298983749565 0.7405872876641078
1.1821535162394354 0.6326838236987697 4792.216387639753 0.0005437127105291887 0.4196796401923907
1.3480499404248458 0.6597672723888734 4962.298063961909 0.0006377406476266067 0.9139431223785308
1.2543572744689042 0.587726900802099 4760.891198043375 0.0003859320201603859 0.712556061663707
1.0828384597876557 0.6470149662337199 4270.089558036422 4.6053179128694416e-05 0.2884253140073578
1.3395170030112222 0.5732091491857658 4761.9640050691705 -0.00024616992180326075 0.7781918495503528
1.3152596614707748 0.6435987844542528 4837.80495297355 0.00020919087879616818 0.8726647398329476
1.1565696516549333 0.6052008733804699 4811.139474824779 -0.00011220783753466604 0.362516556246509
1.292713169564102 0.6354969475280091 4736.259963179863 -0.00011107865936032271 0.8312316841868829
1.290289696931576 0.6255853583635024 4934.977174175775 -0.0007222987536110803 0.7758602162908256
1.3667059087098052 0.6051316750225367 4954.925145631631 -0.00027024534124623126 0.7448584795042592
1.22871225719815 0.5973412163931049 4788.11680178506 9.811866881588821e-05 0.6553607334540801
1.2113190375155676 0.6893294092992212 4632.338023755976 0.0005557557436085935 0.31192874608857796
1.3425514779681622 0.6472044275390149 4778.06890491157 5.184707643043478e-05 0.8626244599508635
1.1635915488816133 0.6008961274616439 4902.631831866024 -0.0001289046239069991 0.3835372630032379
1.2719872653070134 0.6654866514043851 4934.735193313822 5.5345505334909686e-05 0.7704802180753129
1.3595558261079095 0.6501639535864236 4679.57440821316 -6.97890557003644e-05 0.8520869785942857
1.24952771816254 0.5912209371583566 4898.369684931161 0.000727968606760433 0.6241849667212154
1.213388251550084 0.6696668929644976 4609.882216518784 0.00015038743331017272 0.5951386881204787
1.3123361659363542 0.6444351190219179 4395.766011464932 0.0001755190600495589 0.6337861004447054
1.2178457506269291 0.6674994587927535 4997.03370264013 0.00043316651834896273 0.3811121281684886
1.0791040109499044 0.6607751697659697 4784.57139765327 -0.00025674176016213734 0.2885779696438662
1.3781858082622058 0.6463503511739901 4961.51723963932 0.0003680565435927967 0.8393943543945279
1.3385084430575567 0.6281384523369375 4945.731251906668 -0.00012119469543995701 0.797608289771009
1.439710839517716 0.638014438229309 4598.098452019138 0.0005051189756876452 0.8070526189214773
1.2535178704138181 0.5967582222311744 4847.85073677675 -4.03922660392087e-05 0.7538932667888412
1.4225915987478146 0.6040275907677211 4395.022643947914 -0.00047184034178980556 0.831407910868637
1.3594937759744274 0.5895848132675245 4957.830729772255 -0.00047615284802039623 0.8136603503481645
1.408549253985319 0.6144895164388515 4926.045736785875 0.000286312455579865 0.7565196819354577
1.2298833687081312 0.6272702947087663 4995.4097520576925 5.046227704312848e-07 0.6696433525918664
1.1595060779729973 0.6941284529033885 4978.635729823892 -0.00023712610651509453 0.3129820752889516
1.3201468476624623 0.6614497225844792 4975.02578813356 5.654505767184563e-05 0.8227727771711717
1.2942688675186969 0.5745976612266027 4910.270044928733 0.0006030053702538453 0.6893483673347742
1.2942798639723838 0.6842609135069562 4607.859724649722 -0.00010347973647788458 0.47803294508008387
1.3824368272800718 0.6260298478333799 4497.345603981731 -0.0005250505454455017 0.8061848408545111
1.3771848418730053 0.6480068258014664 4703.909123497243 -0.0003415355082516437 0.9171734419525166
1.3324590099879803 0.646562766501552 4988.982502364539 9.457714334382765e-05 0.934401757892396
1.2938996954374549 0.6770186839484097 4966.498402712855 0.0003134474051341812 0.8596852763954899
1.352989686756049 0.6158264852593995 4573.910473733985 -4.649870149239201e-05 0.802815542380064
1.3937281080105477 0.6839150494887618 4580.017531935383 0.0005740809223351962 0.7577591741996907
1.4358788861205678 0.6286527938956208 4964.9540259523765 -0.00023443097192555343 0.8972527318145103
1.1267710814449114 0.691206198132138 4903.4946351735925 -0.0006134813349251092 0.33309806530346475
1.5062390351381472 0.5854877046416451 4352.365504480611 -0.0005679542830936795 0.808333715349103
1.2270534770706836 0.5975148275752493 4867.229358225692 0.00036337474126215243 0.6198760641314205
1.3048892769249134 0.6395659426461735 4778.74370955828 0.00023990126172601325 0.8041772398074994
1.3050546043827822 0.5802550107757671 4984.431453571982 -0.0001994721384456265 0.740713053182437
1.4554161983899387 0.6456193411422524 4229.755843650795 -0.0008304957016415039 0.8427419175924629
1.297121882367754 0.60840235647466 4883.916017020125 0.00012667806878193013 0.7577798947720358
1.1025602387731601 0.65533623461009 4889.50292242812 0.00017807230698908128 0.3099591185356933
1.4070565391078649 0.6207033205532948 4270.0493610710855 -5.5883095622546536e-05 0.7237631500504973
1.2598207115076208 0.5859444140328517 4602.190095037722 0.00029660291265471485 0.6889237028461987
1.3533065890496419 0.6459047431225301 4886.6346522848025 0.0005363396373145556 0.9028139068583482
1.529252213450659 0.5953974074215971 4643.590146168604 0.00024486433780664254 0.843714738680486
1.4351391676640235 0.643947539355446 4635.762213497944 -0.00027690073010035995 0.8417519859360918
1.394491472984396 0.5889145175698749 4907.85623592113 -0.00019670285783858246 0.7577302891621356
1.58305763478965 0.6083403548887346 4615.335320260533 -0.0003050238263540282 0.8011863418104124
1.0960363429419553 0.6552093866507834 4811.780713821911 -0.0011517735445843304 0.30771890766611404
1.3814219680311308 0.6031772695760154 4677.278906160443 0.0002058299889587929 0.7014992395691795
1.4767416941729707 0.6231070075290719 4877.386662718955 0.0005581784989982825 0.7932001750159504
1.466215138777439 0.6793536678604937 4105.459618455044 0.000518143046484329 0.9385531121781511
1.3864602080631783 0.6392300186018006 4882.861947925885 -0.0002983990836009755 0.8203247279553375
1.3954957906464183 0.6306813580629875 4933.417025915555 4.0906231272228566e-05 0.763005420618589
1.3675773782203184 0.7165003751529282 4039.405618880993 -0.00036919980559959264 0.6756562534255885
1.3391544775379476 0.630450818384445 4976.829746705268 -0.00024422176564695386 0.7733065941179817
1.4289258368870086 0.6506426764079625 4053.5165246460615 0.00033784066131753047 0.8361928908948701
1.4562155502965517 0.5967078165469211 4728.208511160734 7.614961046202862e-05 0.7033732430083617
1.405454888010333 0.5699051909956 4497.03690168541 -1.341476649273731e-05 0.7589569039582529
1.2858597389142719 0.7231933923300009 4822.4119650256325 -0.00017653316866316542 0.6623083090238486
1.462267114068419 0.5836947439325678 4428.193688180379 0.00010212583826073853 0.6897679071950691
1.152929703794506 0.5882067519131206 4663.68173742574 -0.0002964049135352789 0.33690435899698956
1.3023002120193072 0.6309324135274267 4977.3172319519845 0.0002684950799308676 0.7213127957959402
1.219282713249708 0.6156973193898314 4608.803743863699 -0.0002512054197782454 0.6932197966491696
1.4226622789217644 0.6533337297610661 4492.885518090951 -0.00023458547299886964 0.8750397738253829
1.2135122029174115 0.5863528785193614 4687.898855712744 -0.0001697847371221077 0.5478368376071221
1.3633699362296872 0.6756172950310022 4303.295171597976 0.00044566406750907376 0.9879383940034128
1.3291512279448066 0.6290507750384179 4943.086701486483 0.0003581199874761035 0.7398756318115491
1.380173983365256 0.6069037513212276 4679.425464766102 0.00048449128014345214 0.7798383622264005
1.3722198805313472 0.5940792435760769 4828.973014555281 -0.0003822841364465079 0.7350686349208739
1.294102462600063 0.6473456579822644 4905.699944092286 -0.00046395701391775153 0.7680963666019855
1.2150834820270677 0.612473527067301 4443.448819580694 0.0002947883829616042 0.6145009230521052
1.414932895142461 0.5747062601384865 4921.218084500476 -6.71348525624704e-05 0.7652892287944663
1.3119924500436952 0.6239239399676277 4672.523533519224 0.0003972077186007089 0.7881025036873482
1.175418206488849 0.6378699631030731 4899.219459157981 -0.00011879804057617126 0.287147753330497
1.42217905023564 0.6229807600373596 4092.240375058356 -0.0004191462347635195 0.7976907127725149
1.3271419911155853 0.612258789143491 4922.845806974098 0.00025118835239446073 0.6913649821662535
1.4333026718274549 0.6392139807562319 4969.389865534458 -0.00012880302495878263 0.7741860808674497
1.502260440505819 0.6374819997523615 4379.53859341562 0.00026942145505590956 0.8798226035946026
1.3322656575422989 0.5585060374636743 4989.212431384455 -0.000484328788912696 0.7014748098099257
1.381163841681297 0.6092521845930836 4945.713261111621 -7.806056940927308e-05 0.7976932800635523
1.2786783636132 0.583284721316133 4608.364940772545 -6.225935835707973e-05 0.7245926049303681
1.3786575276903348 0.5271520107807799 4910.465311041199 -0.0005349790500785194 0.7409010762177883
1.279144404702034 0.6156592622995736 4727.72878147327 -0.00020108794622200886 0.6126929787095827
1.3167183476305195 0.6046268777610759 4795.720369339371 0.00010396361616806788 0.7508105995319039
1.365225176224619 0.6005418362801657 4484.685373401984 0.00036753131057815525 0.7556167256066337
1.4177243667846735 0.6273666730286744 4852.088720528701 4.640169126600653e-05 0.7686558384743453
1.3109581026060235 0.6083295975325194 4804.376797580152 0.0003949078585685472 0.756887364223517
1.3964392361353335 0.5746173362585407 4454.852640023617 -0.0005685332366124839 0.7621474069017605
1.410934583651351 0.5925238124841696 4914.295640150994 -0.0006750057352116694 0.7199092955975063
1.3632478890979336 0.6092487874979229 4806.484843291627 -0.00037151536979295114 0.6927501359397572
1.363819018955216 0.6361876331038345 4853.160018801399 0.0005013295339518221 0.8464803687979409
1.3995414821808225 0.5936325575579751 4519.1461232060265 -0.0006278262287833237 0.7453380495876805
1.4011754604851652 0.5604118081508354 4652.34622104295 0.0004570927012164523 0.6936795393582251
1.4079625196889793 0.6180816940854631 4140.538723008423 0.00043967485300028014 0.774996591663452
1.3308253749923924 0.5811600851025106 4825.233066414799 0.0002865844573164355 0.7421933448140379
1.2895465844429177 0.647162354697753 4761.614216950036 0.0001636062774521453 0.825960539031105
1.3330519407978867 0.6205717452092225 4931.281113617239 0.0002121173651575943 0.8454708107317542
1.49004245102411 0.6353111923310374 4835.289440055108 0.000249428297108546 0.8435216825448879
1.4748193161654175 0.6277138722120691 4056.6585538067575 -0.000535539092800715 0.8568208460091
1.4215604519317453 0.6125932623590363 4806.971945252052 0.00033676455249038165 0.7562958586286685
1.2988838126686866 0.6314755913777005 4824.959325447866 1.1450983521851242e-05 0.7746894292361476
1.4003092104370798 0.6180802819536311 4454.62419849112 -0.00039323101229920524 0.7785419650022984
1.321404309897818 0.5762063480409716 4883.418877063261 0.00021555497925327243 0.7572514792458329
1.4271565196819227 0.6057703690910428 4869.147980947709 -0.00070253635286871 0.8680168056421809
1.3507123535651635 0.5819082145204216 4553.856733690353 -0.00022392307236649228 0.751548033488548
1.3949395913132763 0.5953085928718678 4927.859338222226 -0.0004994803998378893 0.8527593331728808
1.2898875704151658 0.6164122467902066 4811.472133485524 -1.4749639594937231e-05 0.8198167548592075
1.3555548571747633 0.6929915224505857 4490.255518732232 -0.00042497649457728226 0.9440247994001311
1.4229822275753627 0.6498837750994322 4877.448089418879 -0.00045333836439459606 0.8512901795888862
1.3372633011267645 0.6613430367211883 4943.641098542544 -1.3265516728229127e-05 0.7849834008671067
1.4758418168833645 0.5647982313209687 4725.2184063169625 -0.00011895881857826911 0.7109710364025305
1.3361055814422507 0.6135239287829976 4822.511259578681 1.4226117323196006e-05 0.7772287339360433
1.3147967599319534 0.6563239327064481 4731.151903769053 -0.0007300567178348244 0.8318399556900649
1.3706582221120116 0.6260970096851399 4476.635336659593 -2.5254559195980773e-06 0.8038131608935466
1.3238806387340225 0.6310669077098117 4806.487733021049 -0.0003947920268660845 0.5430563936768611
1.5605939773546242 0.589882894356722 4536.951434490181 -0.0003628748371986611 0.8247126492529484
1.364173888803955 0.6947535641762057 4592.983742231479 0.0004645008037382576 0.8970720810625414
1.2590955592602442 0.6053228205978802 4816.9744794890075 0.00024687512861088114 0.6732938591185706
1.2995203239007083 0.5705323372186042 4752.643554011592 0.00047529353999321784 0.812596203000898
1.3123557139804447 0.6032307552228364 4392.729620870679 -0.0005154741865716528 0.7355533979980005
1.4665279174634234 0.6520951015589789 4664.333470585809 0.00012277353181270754 0.980602317280706
1.2188200616543647 0.6127214629464325 4788.835938366813 0.00023599808706967386 0.6205904707533185
1.282862027876131 0.6455624251309643 4788.705629970572 -0.00040653085496420707 0.8169054043005037
1.3722963293698014 0.676198706495045 4991.54743595848 0.00026040058831581787 0.9712444291579677
1.2678542222606228 0.6693444470306331 4999.253775461375 -0.00035812961460166096 0.8310084105179607
1.34349109851464 0.627312396220213 4826.851835144508 0.00020814182128340387 0.7573143922115295
1.3301803924116182 0.6580733895898836 4918.451886100581 0.00014831644479566905 0.9198423247630073
1.4172746508957061 0.6536435509192964 4275.904999299408 0.00013081322271407352 0.9045711435467152
1.2377677062058496 0.6016103216651925 4847.547604665793 -0.00034996083734778694 0.7211006366485684
1.4143817177952545 0.6248061147283478 4352.226648797064 -5.391730809008939e-05 0.8233207630112261
1.3511186169369784 0.5846540422557092 4784.3493934242915 -0.00013777133481648977 0.7482645426550834
1.279178176717217 0.5934894668293724 4883.14404403729 8.630458469867837e-05 0.7514140390337638
1.4211095262269984 0.6512081707467886 4957.556425818194 0.0001348056652221098 0.937857296751821
1.2838038410504833 0.659656251288871 4817.935394429556 0.000330595213523199 0.7323648745720246
1.4876939143326398 0.6339947331011908 4814.548720462961 2.831966173633489e-05 0.8625361182791255
1.3481106143575767 0.5380681847142936 4898.11185794126 0.00011278734128139055 0.751470988314741
1.2904499355636874 0.6241201849769761 4921.92775602787 5.492509229450269e-05 0.5468160785668306
1.3732330070488081 0.6759419883251785 4926.058260452702 0.000246029687125289 0.9118887914690367
1.3929821333419004 0.6590286778010664 4677.533022890425 -0.00016026947512771 0.886552954831549
1.1571404360607582 0.6340767820801988 4908.207955505176 0.0007052004000147655 0.40769927789512805
1.3811068797525414 0.6279522205100744 4895.133543759686 0.00017927699005766633 0.8197201308739661
1.2794859338359554 0.6461006938215323 4809.562248658642 -0.00018296970282954148 0.8595691044042386
1.3117023082575079 0.6082064550012439 4725.214291384569 0.0005017307350516172 0.6653121813724825
1.3666751642392372 0.6641656160471785 4492.744719421104 -0.0005128616967198907 0.6303099910229895
1.0724178522222942 0.6439144727175723 4832.452331622286 -0.0005096142267541934 0.2987236988548236
1.2621566879183876 0.561232855262515 4904.41321194526 9.988160052009467e-05 0.7275451844314104
1.3236566716584774 0.6600832918019396 4549.530351823656 0.0002698353859297976 0.7738226225519476
1.4166361526542899 0.6332697353961085 4590.824965423873 -0.0006845357848027495 0.849950867843414
1.3192743364134154 0.6158531645733529 4672.049767012808 0.0006047224968756425 0.7980142003487978
1.204706039485143 0.6603513916468645 4827.1747685981745 -0.00012194965736780617 0.4128862083303192
1.3774609071373591 0.6122280915263321 4828.262341431652 0.0002969538522058565 0.7674380924296995
1.3399764596843458 0.6814934143980431 4957.970835855394 -8.302476116765985e-05 0.8997763065308046
1.3114073418493861 0.6762039300442264 4811.896411023041 -0.000477572518190141 0.9809719871515004
1.2599243363619719 0.676765362332955 4848.739842811223 -0.00016624047910146597 0.5987909234964309
1.2455868584280936 0.6597716577530806 4774.353622114729 0.00010177749382463995 0.339182865434149
1.4371795096903675 0.6447364475414437 4871.700285267158 0.00013964471375929117 0.8859540104687492
1.3024832534814856 0.6768485807745053 4920.099219032462 -0.00018707822216614228 0.9083822288915412
1.2680433950121932 0.6037374336520193 4920.614366114083 -0.0007342014514124872 0.6265134336955522
1.2469355676102518 0.5924131218254259 4992.147661375653 0.0004948999305677462 0.5470587858008045
1.3699970193412527 0.6457268299138633 4546.821240289622 5.828818547954105e-05 0.8277144174523449
1.343462660282047 0.6478862880536065 4225.998386195273 -3.195449167930061e-05 0.8467812042349546
1.229195621480831 0.7036607532282528 4659.638802213598 0.0007935282060494908 0.3392569019579361
1.3551733254169034 0.6165174373286347 4919.975150008497 -0.0002934020717407099 0.7732203105998943
1.3343115781602344 0.6550193234081226 4225.422704269454 -0.0006273816814324926 0.8185119560533203
1.3517783369519605 0.588137401676498 4602.740107451437 -2.5528677335811947e-05 0.7762467230652479
1.1231998703306678 0.6281208761216863 4652.719311471909 0.0006514123499112353 0.33076538346891154
1.2569727815216067 0.700680372634502 4980.120572223173 -0.00010047822636058606 0.7197579967653907
1.5031723889860222 0.6379569362334612 4895.022586874885 -0.00020751213689503475 0.8343896441461305
1.434237393269594 0.6368130487047899 4796.756350691558 0.00041529296844087984 0.838198581111326
1.3845171950044708 0.646441651943738 4877.009599749661 -4.98575720345479e-05 0.7946962878524568
1.3989913460769123 0.611827936403607 4468.556241869966 0.00010520368770678833 0.5516639273554473
1.4652319405061633 0.6345768843104749 4056.9800926720377 -0.0003364787483615371 0.9086455286893014
1.3238287454484003 0.6835254239402471 4837.198465459336 0.00024232465303384424 0.967292062528038
1.4099033683445228 0.674673163364915 4607.909710922333 -0.0001030926375087038 0.9979104462599393
1.338156638994151 0.6013127073799612 4687.738474807674 6.17975951374394e-05 0.7018769282541077
1.0996851731692927 0.6369711493236594 4784.681294416402 -0.0006306661521287054 0.3067753127797063
1.279960558313984 0.7247001110227891 4960.26822340861 -0.00024248317694608334 0.47438560424431797
1.284394544560628 0.652832668838664 4986.139311927723 -0.0007164695350458865 0.8011334982220566
1.3072605847545145 0.6480430805262913 4719.786598990496 -0.00038660750374781713 0.4211022317746791
1.3199851503972004 0.5810632552515376 4936.766600853183 0.0005412985350723952 0.8061579259771177
1.2255345455468207 0.6486887529433772 4683.513374199163 -1.612164130399841e-05 0.4187826454182939
1.0353540038685631 0.6100563532267231 4937.359125191194 0.0007461834231571387 0.2902361056956727
1.3350235732109867 0.6673355809531828 4871.52582233238 0.00045440087211876527 0.8329527632128237
1.4208408917316708 0.5730429516653271 4979.680530118373 -0.000421189221320535 0.6886315817703255
1.451601363307736 0.6540191598593345 4664.646010905969 0.00040128193360462093 0.9968138406471205
1.4281408043639303 0.5772000693158207 4691.025012304837 0.00017004111863274903 0.7311489447456547
1.3460788326923399 0.7201527816066691 4300.993241471792 0.00026421964954748915 0.5074794745918768
1.2435735005263997 0.6585480979843602 4999.728263680207 -0.0008724817796919557 0.7004809411395069
1.4544284032238615 0.612182267902952 4704.074894123861 0.0005424863924179795 0.7505319704993881
1.3433536279505258 0.6640502234598513 4992.636539163013 0.0003954196254956561 0.9555462907509513
1.3654872357049506 0.641127391840078 4923.840825258549 0.0003092416112289968 0.8519997629874609
1.2238773496972275 0.6258186758516079 4823.822713759361 3.2947266557324575e-05 0.7509660976183083
1.1911798659957489 0.6404673566712134 4902.117061793435 -0.0002679724358713498 0.42226502531672216
1.4400158106272098 0.6214499540372787 4585.859181016094 0.0004591900961019611 0.7936725796336779
1.2346668043901825 0.6565237927217565 4796.623289482393 3.3129549107036514e-05 0.442936328247135
1.1643492964194682 0.6494897741232722 4985.9366231604345 9.820958618415578e-05 0.29182746986658353
1.3681007210291223 0.640023775150471 4668.472740528137 0.0006065463056873421 0.7978755041885697
1.3734388188275015 0.6224502326668762 4224.197863206927 0.00015806774705737296 0.792818346366601
1.4100191866739358 0.6159597994232046 4546.9428180237555 0.00017283798353615086 0.7645048605765605
1.3222414576599597 0.6249618391515142 4933.856094464116 0.00017257875582893747 0.6184957911450226
1.395641810940003 0.6271743012595792 4840.582693058352 0.0005864794250881508 0.808877036834269
1.4269457090323319 0.529168341867122 4874.774670819776 0.00032213737016703023 0.7271873536063307
1.2668827114049332 0.5990736644680785 4362.789209323874 -0.0004193965306244874 0.598016244070695
1.455262555444313 0.6115064348500769 4140.815680318014 0.00010583230887553501 0.8108157736610883
1.2627223348850756 0.6631947712669714 4728.440335001498 -0.0002308374293513898 0.7114056807428819
1.3202720581545224 0.6657397252068985 4931.40865306032 3.476806776895577e-05 0.872065942899334
1.4418687183865835 0.6433904623765605 4492.892825473694 -0.0005238351130288605 0.8649977071661953
1.3445898244151904 0.630355932151976 4687.9073392741675 7.912382151778847e-05 0.8061521196807714
1.2817157310186933 0.6420429968132242 4687.771184180594 -1.4226773396319474e-05 0.7359905860576351
1.3594695150624576 0.6224721133625434 4479.343063860945 -9.6425991360131e-05 0.7933748250995946
1.3713402016021585 0.6858972958793633 4365.717933106976 -0.000241569182191878 0.9795756770239255
1.2438282677522816 0.6589107030505438 4929.540590810893 -0.00010211243632006741 0.8465107946082149
1.1810209909118157 0.6943794617906192 4668.303084980784 -0.00039609959462480156 0.31594043058913523
1.4173116468292122 0.6532587787243275 4933.097467857795 -0.0008504748201642471 0.9278131447842207
1.396076412571137 0.6278773956166988 4969.064066004633 -4.553138502892451e-05 0.7478094333396426
1.3941168437082165 0.6440099764755712 4966.448296001986 0.0006934602432463033 0.8535285577618372
1.3436865402664337 0.5648937846098069 4888.710187061987 0.000538458720212129 0.7082663307786908
1.5138716885839183 0.6198062433063152 4784.493071363383 -0.00020730078396172399 0.7867398095070163
1.348589878744489 0.5895277239539685 4904.913785193237 0.00032333425964682096 0.6881737133114485
1.3966011332039168 0.6226943531211822 4454.382745708548 0.00025620922485952854 0.7910281556892573
1.342058120833967 0.6494989229402216 4984.876538181029 0.0011506003774926416 0.7801553543113257
1.4313455977814682 0.636969557511985 4872.932947486903 0.00019565569488524915 0.9530749169523168
1.2624330419288696 0.5954010518042032 4908.239348251771 0.0005291161892319894 0.7260175776356197
1.278721068438999 0.6667676530693275 4986.913523663693 0.0005023439134987553 0.8283802312670193
1.253887817239348 0.6103013474650831 4629.955037263537 -0.00017197887453660805 0.7306438458541314
1.3495422829406305 0.578354293240938 4939.626996671435 -0.00021988365489256973 0.7372886445841389
1.2186077931988413 0.6842997817803309 4249.82358370244 -3.4547681872591586e-05 0.3146261579170032
1.2869319001555466 0.6530543463740791 4853.544833967986 -0.00024132859070926678 0.527675472888268
1.4325165392112291 0.6538026554716635 4510.227743647533 0.00020370760159655867 0.8604770055590649
1.3012086734647892 0.6419928202237354 4847.317016714592 -0.0003091848628018442 0.8414144564224788
1.4109320766874593 0.5866350092192428 4306.316591529811 0.00024619394359688966 0.72849381319814
1.4024012240095294 0.6190885921606658 4725.998417770645 0.0002871611562469603 0.7682586404885032
1.5024754203673214 0.6058903111931766 4835.891146343784 0.0006056553056941409 0.8122215647439402
1.4370766864467712 0.6014033403506529 4933.021309035827 0.0004427976565735172 0.8216847128697272
1.3770950470494019 0.6122280071361174 4420.292375115367 -0.00016298301102132646 0.7792206313628366
1.2725831281531141 0.6363422485266439 4760.523399141781 -6.85296531578029e-05 0.7855926359126769
1.4349697305158133 0.6579628483428547 4751.903672071722 -0.00021846714599493114 0.9037220088314736
1.5574879442306404 0.6202400403205982 4140.202183307688 3.493049542605347e-05 0.8022825551067407
1.243606345501111 0.6744600286177213 4760.092913861256 0.0011841095506046676 0.7004970200864474
1.5156905429483163 0.5708041822956587 4524.066165152686 0.00021292388919752248 0.740447176452298
1.3413942323258836 0.6399673493994263 4970.762350890614 0.00044683404327781277 0.7832573117644122
1.0712963008737317 0.613637056772305 4797.419421006768 -0.0001919875473764092 0.2944683057312333
1.3439966195218211 0.6246276280899713 4303.900286695971 5.434199572024228e-06 0.8512370656369876
1.2246603221525745 0.6930442719866017 4989.881761693015 -0.00013666072409547624 0.5549590797737041
1.3742847501728108 0.5826545045902489 4944.167733492736 -0.00018392226281055911 0.7353647471699005
1.2609397866664909 0.6930030570772902 4629.649660328551 6.245030046554172e-05 0.8513026795715734
1.2209193863582768 0.6071725566612625 4739.996331516011 -0.0002493755278391108 0.4059006711630172
1.2547370582399577 0.6013851610693064 4805.980132223386 -0.0013663003609999712 0.5676483588495682
1.4137073843391454 0.6096138224800035 4704.738787005371 5.874603765357057e-05 0.814976027097144
1.3356885955525328 0.7240283031196266 4536.427164154872 -6.203709832779178e-05 0.6278413738244426
1.3555421303594088 0.5853949420523213 4642.533749971 0.0004214888371070327 0.7667227607541522
1.271521064523547 0.6556838163153984 4829.468730590332 0.0002372971176169183 0.8094952883866648
1.4072138924772069 0.5933584570330086 4810.827192713006 0.0001605577672267612 0.7725221550262655
1.3145095034960672 0.6347231060321498 4939.956141984566 9.577970150854084e-05 0.6922215467147492
1.4041876418822374 0.635777537139571 4902.201890995799 0.0004207257347129625 0.8477634613255536
1.451297729887566 0.5812321384457082 4905.236778563183 0.0002086523954965331 0.7123025124167017
1.2585320138425284 0.703663928877823 4832.705582695148 -0.0001382343740825128 0.5761775639480886
1.3174442948203724 0.6321032826094759 4449.534853568418 -0.0004446569444218705 0.7210087924506217
1.5066706879719594 0.6130210643071973 4511.111972807846 -8.886708893892361e-05 0.8251532246023412
1.3467590590992 0.5538720753550919 4989.728550788433 -3.927922442186117e-05 0.7840013653767949
1.2677958935749134 0.6128260510437913 4544.383755565389 -0.00019056531521651328 0.7159438684224819
1.4747269503546128 0.5975514913758645 4814.948662949126 -4.079447307714775e-05 0.8389488627343533
1.3581418125945919 0.6090541827699811 4788.5192880176255 -5.733774732500145e-05 0.7506647979485822
1.2573992847224886 0.636343967102782 4867.509016160971 -0.00016044570062937402 0.7191281568263974
1.3558568466955905 0.6501519185141444 4736.942718922348 0.0008472802006607277 0.9049055935439625
1.2913814677580084 0.6792079765910499 4732.845494162882 0.0002495785288482802 0.7731441002654114
1.4937746864900128 0.6259996433969798 4969.283097844675 -0.00034036265627059893 0.8183393983716685
1.482758720187635 0.6763995341769549 4806.920490550153 0.00042812888215806297 0.9661432281313459
1.367407091271382 0.6050246680450961 4964.486247819591 0.00021531288579597542 0.7866705056594299
1.4742477359588149 0.6288822611457472 4095.8437747428793 -0.0005616289504762167 0.8908082125510354
1.3734862739771616 0.6845827940822293 4978.5063303001925 -3.840929977500661e-05 0.933066310225096
1.1309210870114177 0.6426785012395351 4966.84131480503 0.00024985553346345 0.29860924102887376
1.2777940931664231 0.6015829423720335 4837.668286834886 -0.00011378679609400642 0.6467688609814026
1.461635783923453 0.6544610190585541 4930.839173272583 0.0001652103782348068 0.9595424567626472
1.348151260848541 0.5967966577571759 4862.342656758665 4.9903031441906336e-05 0.7296078202325965
1.3316891172443892 0.7051520043140249 4978.969435370459 0.00034299264009907934 0.9532973533266614
1.365753502525097 0.7098479303811093 4719.873276438307 0.00015484190487284277 0.7621529919859285
1.4490981541479062 0.6212888895052937 4597.426202326362 0.0004243055365770201 0.8230559539786734
1.1974553798437662 0.7063454023597612 4957.05905206845 -9.076106612176513e-05 0.3440856093272918
1.3314161796018384 0.5933307354906356 4927.871827601138 0.000377649840205675 0.8676061493696727
1.3219747500701642 0.5831481304212156 4420.6515672945625 0.0003984555857784422 0.7720045975289539
1.3546310306756877 0.7259552563707619 4958.618848724067 0.0001444768354237828 0.9391610214511998
1.2953091981528637 0.6036766491386872 4931.288092943523 -0.0006315383257791498 0.7247639871372521
1.2342610510410066 0.5824814278303534 4912.557303282513 -0.00025127354144320054 0.6958285950550842
1.4124112786059317 0.6641215149655182 4987.328822709896 1.4124321509506275e-05 0.7356075229411927
1.459750347387447 0.5703490771652686 4882.647593753019 1.2219547196633734e-05 0.6846447898917205
1.3894355418261428 0.595138484545317 4655.568680150748 0.00020589749757632752 0.80250413074864
1.4471844474308408 0.5890962885119274 4841.884930643632 0.0005583821103874684 0.716975689665849
1.399462605430625 0.620181734710554 4727.346383708145 4.634421015530626e-05 0.7860703635484766
1.271470226060536 0.6481481311198688 4509.670111659419 -0.0003048390576817793 0.5595260260875857
1.3601026461308274 0.5810632249153338 4489.339943280618 0.000598105912302403 0.7660201208878512
1.2371046672101755 0.6141726399423069 4728.763474024267 0.0002536053052671764 0.6000418315322851
1.2813100534704231 0.6488234736962508 4609.124021198054 -0.0002776813881452791 0.7941904719810764
1.2792874276234585 0.6803266804062725 4923.985156439366 0.0003588109795467188 0.851403622453383
1.3070777866663976 0.6201473813730327 4671.645410166855 0.00027246704326905097 0.6602882693747087
1.2691616356060054 0.6939678952855944 4902.550963811447 0.00028765254331945556 0.9054621087016801
1.4571231403447664 0.6165633767308614 4395.5628776833655 0.00032660020540349697 0.8269316908495725
1.3188230792669844 0.6580477002834857 4573.869234202798 0.00036376356821236547 0.936609100833703
1.5030857596628067 0.655431141147363 4580.317790108158 -0.0007710810330253252 0.9497119627597033
1.3410975545495716 0.6018508183914782 4939.2339218806255 -5.180566517818817e-05 0.8040927766555084
1.3418698098995798 0.6330865984016907 4760.3351812715955 0.0005655760356563363 0.7654819969155804
1.3612233565734932 0.7138745648504895 4926.083532678808 0.00012428203924877797 0.9627920511345214
1.5335566149784556 0.6459625409822302 4850.027846309732 -0.0003798442291844897 0.9032633375676287
1.4888140102109082 0.6012625418782912 4773.262680393285 -0.00020109134445474446 0.7908450858813076
1.2624939745008008 0.6288022193425141 4681.395125336066 5.133743422391518e-05 0.6950203451950809
1.2882649386514675 0.6256878007828319 4491.4414993916835 0.00034892491432705647 0.5915288344621541
1.3751398555511556 0.5943427842401625 4859.375325811941 -0.0002459256522108262 0.7132452261548716
1.1258449727426916 0.6212208409571752 4306.028211347505 -1.8984438336570257e-05 0.3055020831162489
1.5032397726321787 0.615190780468841 4698.434729755667 0.0005243057140239765 0.7632252383005237
1.2774607332673522 0.5925747826080384 4961.30033220063 -8.80200322128525e-05 0.6837425936948128
1.3802632120451785 0.6056360362968244 4991.671055177061 0.0005222329376814341 0.7481302833689348
1.2696564258644798 0.6160786080216545 4927.939319124225 -0.0002611974283215362 0.6619800595537886
1.3580328549607166 0.6248774285991232 4795.009643582045 -0.0004061083242907059 0.8272421401254608
1.272225912619499 0.6424851842685418 4922.995943677854 -0.0005859007021812138 0.5246427066732671
1.3339230201624348 0.6276840911088207 4707.978338841518 7.238754111510017e-05 0.7719537901919986
1.4097476013649428 0.6954407472347998 4140.085267164656 -0.0002252411943061966 0.965606944077629
1.3588316535021912 0.5681276744279078 4544.754161438645 0.0006930853684202895 0.7503136326179778
1.5060933026650138 0.6521754790891394 4153.2279079580085 0.0003265410463540827 0.9328415277965152
1.4063644859736928 0.6899068960703465 4930.5774718976245 0.00023240387718791966 0.9933264478991894
1.2394098256207955 0.6296635663682658 4912.998706482107 -0.0007479927657237545 0.7496751119680821
1.3031607741944902 0.6391156002981009 4645.721950493954 0.0001952521576799091 0.7693429547801018
1.149719024436796 0.6675663479325213 4886.300797285907 0.00037425590640106395 0.3752392748312939
1.4191615886805047 0.5936276888415124 4803.6854274647885 4.087658375535028e-05 0.7330667820627351
1.5002193396408532 0.6510210942229124 4140.631715502816 -0.00011812598643321561 0.9478774335190226
1.2480516607019312 0.616517056024142 4929.227556333052 0.0006812647258985067 0.8152727773849489
1.2888715175092849 0.593592274869218 4362.75366542704 0.000477850805452033 0.6903868142709446
1.3857402432252028 0.6039454931630457 4901.50985946933 -0.0001565460030050585 0.8397836426547025
1.4386988771401352 0.665324743034102 4615.2478515219955 0.00029236466894139596 0.9578270928260986
1.4030589477220696 0.6326604996499108 4982.645323467712 -0.0004082689743996079 0.9266987072313786
1.455217799811259 0.5630358612167178 4899.641159990789 -0.00039122494206934595 0.7972317979504583
1.281604078721104 0.610736442444802 4991.583205044196 0.00031367999052372736 0.7060355653945821
1.468621438073216 0.5621161887086789 4939.817239409171 -0.0004117407293175214 0.696714430520092
1.5224674773807958 0.586268342726478 4802.968682610394 0.00030544911780010995 0.8091453254385674
1.3161233249194724 0.6010424272391275 4868.071473070443 7.126735839083328e-05 0.702965582882831
1.2569277274557669 0.6350414878641417 4941.321025377354 0.00015237606736258938 0.6161762611300187
1.4654597600117159 0.6296572677111741 4105.385872534851 -0.0009889398331238625 0.7830406446116548
1.3533182886811084 0.617526753584398 4848.521891186784 -0.0005127833096028282 0.746181471522851
1.3310279001197314 0.5920929701994061 4642.428393488117 -0.0005880031171533662 0.7278717264932404
1.1368961155799815 0.6207774135658843 4652.381088344572 0.0001832966866142896 0.35824124337638025
1.2517470752941147 0.5998585365350748 4709.807665714829 0.00023703519426837807 0.3638311806082485
1.499213323947643 0.6175146227708023 4969.553077376864 0.0001453569251488112 0.8219906713783842
1.386685039492995 0.6459730225686631 4953.480704285021 -0.0005886690626013135 0.8795825663547059
1.4573081654840827 0.6148392946436052 4257.160115377768 0.0004935727166494914 0.834163394168273
1.2725854539300026 0.6239214381908808 4787.30967672699 -0.0003100269525895125 0.7879801116163607
1.3791224793045498 0.6443529188246757 4366.577775833 -0.0005801213592217533 0.6930123224817222
1.3943917331092628 0.6197487055441645 4725.618337176288 0.00035803325511859824 0.7692305555900936
1.2745312528888049 0.6248276333398756 4981.189627239155 0.0006689367235736793 0.7151570214959004
1.2669645761548396 0.6283174736035897 4489.358158453248 -0.00022349369496880842 0.7296117259563691
1.3073017429454181 0.5778587047289078 4608.466995396144 0.0003025786807964785 0.7781041098715392
1.2889810441767504 0.6701730269868801 4920.528785061608 -0.00013155225595989047 0.7874984695178697
1.3801520904575009 0.6495902930908293 4728.057374775479 -0.0003690145415638881 0.8847581309340816
1.3163728840672189 0.6624016224552134 4922.46335559766 0.00010657934945875028 0.7226803731526859
1.3649832308034395 0.6466925219169612 4092.791375498722 1.2885401602433882e-05 0.6801712361513195
1.406917668039674 0.70236824107308 4774.847093566849 -0.0005725527551791617 0.8575249431823071
1.2550556601788494 0.6205520574401281 4986.86903145543 1.4166633827592448e-05 0.7074366595848084
1.3332579954460146 0.6749081778207253 4975.03824899411 0.0002377857976186388 0.8495660418626121
1.184554341679087 0.6723164923603399 4951.095196111038 -0.00016070438307295884 0.3213073531175954
1.3200177181418693 0.6394576058170232 4302.021469042797 -3.357092723588802e-05 0.7471835067646622
1.3526251015191006 0.5880629770584962 4779.164227283902 -0.00011853940909056948 0.74637588933129
1.3673143058706199 0.555174497562518 4979.836860583568 -0.00045551249592301347 0.7420215562138457
1.2705592926169609 0.6461769565005784 4904.238119480909 -7.79558667374072e-05 0.8186258493468013
1.2943767037608622 0.5839342840014811 4730.520280605496 -0.001102505122119327 0.7319095827546793
1.426030569369353 0.5990365555906623 4922.238668088641 -0.00043660650919998906 0.7234776214359073
1.3208212021850652 0.6062702192725923 4888.239451889447 -0.00014456645271727672 0.7433477345772855
1.0546558831370922 0.6440829904587644 4927.631314113114 0.00029192764494137134 0.28375945081762266
1.3404758082157744 0.6573202484770619 4988.291850565615 -0.00038509444644351795 0.95893209915628
1.3729697899304285 0.5946765739659421 4691.381615085654 0.0005221915696876434 0.7639528617139456
1.4464841723725597 0.670467300845422 4802.0425085882425 -0.00028532666286879905 0.9136228338256298
1.322284980955273 0.6596644161672918 4817.346490396257 -0.0004939382467240379 0.9275374095681367
1.2686750507100246 0.6651173124812773 4793.6272992522945 -3.124337570862963e-05 0.7041008515094698
1.455784837598129 0.6080886477367569 4511.022895606478 8.937340085832644e-05 0.8222711137518272
1.2178046301210264 0.6708998836154815 4590.760820139511 -0.0006432730251826631 0.32161801976444426
1.496900307710643 0.6524049825032775 4674.376518143135 0.00023579248848936392 0.860897158755453
1.4679554515248618 0.6445312222679694 4442.937712083964 -0.0004016373913385424 0.9482085078377397
1.321870313207301 0.5625604403780979 4829.660764615392 5.1562753919095744e-05 0.7766175793147408
1.281531230239284 0.5796719212391711 4966.119332730794 -7.330053765193135e-05 0.7013907987090244
1.406061792000467 0.5843534787967768 4636.118833904465 5.77271728599589e-05 0.6934575724428163
1.4349270422233076 0.5593921974361562 4683.055387636996 0.0006815735058606883 0.772384996627693
1.3847786619666036 0.6729544567929894 4922.535908017667 0.0010227326871980536 0.9612027817753594
1.1942394966621994 0.6918060975993119 4938.681032163054 6.735216652436219e-05 0.363439104549819
1.2179293057023468 0.5999192089702723 4830.091115216402 0.000161348576376908 0.7119013143914876
1.4136528230565757 0.6794749794842997 4598.860432096347 3.9755533392760605e-05 0.9244662550035021
1.2395589982862771 0.6808473085294799 4892.046463174325 0.00015495884833808957 0.6006862862635365
1.4052551767031616 0.6078490274872371 4858.738017004288 9.034986067783519e-05 0.768404843281507
1.3379006611019244 0.6348967599139526 4269.450901865849 0.00029676476157472015 0.798643715625293
1.2147893814025144 0.6464063694376687 4730.68242535873 -6.850385088442175e-05 0.4265743078385883
1.350412195773585 0.5985425371213948 4884.682461322489 0.00016580866981240686 0.7279557661020262
1.299938996257679 0.6465528874516999 4877.386678465296 7.416884536463928e-05 0.5249306608029441
1.4420382337669233 0.6717759437213955 4366.057786540487 -0.0004163449241711213 0.9343005037010268
1.3373414374972954 0.6289827824761904 4454.290112316912 0.0006462258498727532 0.7385959292807147
1.293731920669418 0.6277449895069832 4926.125134508915 0.0004222472040676844 0.44499494114962324
1.3812500290100367 0.6037052050191496 4655.414744716794 0.0003269793439981679 0.7802775896934542
1.389012311710884 0.6649675537518682 4083.5751376599515 8.790906136407665e-05 0.7068760015071383
1.4413867397765576 0.5802688499781593 4957.413794523266 0.00014900078887626029 0.6860111150803037
1.229803975978884 0.6942692683522462 4767.3023572448865 -0.00038710959593527407 0.38396725087994354
1.4346192020697153 0.631701936327298 4871.859499051899 -0.00040842904031347427 0.8458322499483895
1.399647936650637 0.618505073451757 4269.89790830019 0.0003132719398590876 0.8213793054580106
1.4301649097718756 0.6491012147151657 4083.2241921780487 -0.0001415964647524883 0.8220095271249617
1.3946879816907214 0.6317883486051945 4991.370966518432 0.0001505027972858602 0.8874118960577119
1.3810673426379716 0.6149811242553141 4459.301001047532 -0.0001013137131781271 0.7509227669293955
1.35889422925331 0.6495849859629794 4985.580141544667 0.0002830900011214961 0.7660921173612955
1.2225852115155549 0.622233968555425 4888.150620991259 -0.0007627840065264475 0.5516947009010342
1.377978502336082 0.5215195678203253 4817.112432045667 5.886261499655128e-05 0.7619082046064805
1.1124530275505495 0.6755375058064612 4941.7161670482155 -0.0004125018224729909 0.30387007534358246
1.4074475771364607 0.625234697728612 4659.330697797137 0.0004914821035497012 0.7140484608842206
1.3147348818797395 0.653869637813772 4736.899168844266 0.00010084933582168075 0.8913094310834602
1.3412925006922354 0.585691384343791 4999.514636458689 0.00044543227847544285 0.8177144499774337
1.411472395657734 0.6061788532996765 4395.493706923001 -0.00010967782407640397 0.8243540987048269
1.5288614595665568 0.6421568628025386 4427.74248481107 -9.093480865082749e-05 0.873506452156977
1.4098466269764396 0.5920939462373009 4984.462439981271 0.0007458648127757776 0.7173629822063265
1.3835848774142614 0.5714907020534559 4984.253777227489 -0.0005209019186863987 0.7151193971101486
1.4428426168779587 0.6440807455619045 4988.63523631994 0.00018613479862187693 0.9539374666785221
1.323286306436207 0.6305612824932373 4420.863011501008 -0.0003438621134280553 0.8179217308155181
1.447463615857931 0.630682498572209 4803.640204357008 0.0006634669463441697 0.9321518982038837
1.2680933701956225 0.6247219786879872 4968.770385556047 0.0004031530904490666 0.6810045747831175
1.3634415533257962 0.6069147428821606 4687.149082487606 2.4144133208906604e-05 0.7461147962201661
1.3978251651283689 0.5858006839452093 4605.8660901539615 0.0002760082124467616 0.7105001056171747
1.1862013077292015 0.620920299674824 4927.977003820228 0.00021089644322418996 0.3994803927576977
1.3398103606816574 0.6147976966687115 4732.277001467323 -0.0005982431493479893 0.8013072673636458
1.326682675714104 0.607762126889799 4732.763107882721 0.000442948270221504 0.7984560658288474
1.4322275030176375 0.6083203503351416 4975.869576786285 8.129807689777784e-05 0.7442123927350861
1.5169212907902838 0.6275696878573295 4424.113285110105 4.345233104234305e-05 0.8057326268395122
1.5239416603732514 0.6615392337183038 4987.100502382845 0.00018961658852469004 0.9056392543700185
1.2698625202543345 0.6182678921613143 4984.06301177222 5.796171226517523e-05 0.6494114336744757
1.3494581678919602 0.6674580878483849 4826.591297421021 -5.117637511548401e-05 0.818665583211896
1.3427192556919705 0.652869607405457 4923.269804523041 0.0004020484651449027 0.8858099298552728
1.4129596189839826 0.6705529201378861 4615.447940555961 -5.526181408438333e-05 0.8827821658927227
1.1685482135236889 0.6956321785987037 4955.968955303051 -0.00010211454205464099 0.3356322034109151
1.3831074005833843 0.6932113751653236 4955.295444197634 -0.00028298849287828514 0.9244990030083304
1.3708831141981972 0.6311311617064383 4655.652617904691 0.0001431611199063943 0.8505754039854584
1.409437790901873 0.6220919519123802 4751.474347557202 0.0003207400333675764 0.7478064487019663
1.31456394486164 0.6879610620301521 4922.847599737996 0.0005652580725087999 0.8278569130430606
1.4000477800107607 0.6194559137874196 4889.486695352973 -0.00013610994575907195 0.7357116111690901
1.3715613222641025 0.6063403874174645 4828.535727892807 0.00040815726186310333 0.7942155642173065
1.2469080377605812 0.6297737667742582 4259.925123233038 0.0008544829809423019 0.4675163860081851
1.3380042794473928 0.6601538893896273 4943.385524105576 -0.00019190803279818427 0.7461122717486067
1.344159503147116 0.6571527828586619 4585.153333843233 -2.677083194590083e-05 0.5541583108748886
1.4439618077667558 0.59810428660281 4510.132903357808 0.00015886808593753527 0.7823929797988511
1.4025370906179506 0.7118015780755428 4632.370199108731 0.0004554173425718229 0.7951489014408923
1.4115144738067542 0.6220953115388622 4826.696445525288 0.0005322600085904442 0.8761269422328093
1.3610248702917238 0.7216176208127093 4581.570603111454 2.6346112051879075e-05 0.8298770150414159
1.411646996503689 0.5975814278093124 4760.484210706018 -0.000208701289019715 0.79292779976082
1.4182554121323103 0.5642779654119834 4874.009560941643 7.777579462912985e-05 0.6859486004938572
1.2861124095528833 0.6740798666830528 4732.031463685654 -0.0002440382499325609 0.7024234843613198
1.3042062472224627 0.6307150444233803 4601.002889848791 0.0005464043646679573 0.7952180150819885
1.2737349252246086 0.6628701124003568 4903.920704942824 0.00018852516168080323 0.7142907003805128
1.2964083752440327 0.5872506823064945 4938.077780393703 0.0004472493497203169 0.7228573099787303
1.5223786421660899 0.6625572338783374 4987.6080704741735 -0.00040286128680010766 0.9439371216581111
1.3275374937922917 0.5897633798443183 4811.896383341763 8.262835533030005e-05 0.8433848839257547
1.4538460400290192 0.6159800762359381 4767.89098751812 -0.00042309463639439855 0.7694490650978492
1.4730862114637322 0.5949998581224141 4536.747736460417 -0.00012356112202275462 0.7323284139678182
1.4879137438293135 0.5720256909239655 4424.442830027679 -0.00016153269483175904 0.7621891508588803
1.2789836978662545 0.6139029712373845 4803.569006468836 0.0005001278520984903 0.4098086160468235
1.2761473907508096 0.5660499398796851 4574.442806346249 -0.00044736381657966374 0.6783911919544985
1.3323599681931735 0.6774739002582583 4841.155146058726 0.0007719820905644875 0.8308204641762876
1.2700752763848624 0.625090624693825 4886.711977573423 9.380121167432136e-05 0.8207423641282641
1.3614980928812537 0.681246906468053 4840.728839055121 0.00020276640298114905 0.8379899454037729
1.3312257417164794 0.571153423251841 4888.036376617146 0.0006349790093027953 0.7254565255489023
1.360951667755783 0.5844148007879695 4957.954511283508 -0.0006338053136125945 0.7998388334396639
1.3960801030066774 0.6006309034166359 4876.149329358468 0.0007778965876509997 0.786821089768497
1.3385034948558712 0.6620027436553004 4490.661579178631 -0.0006066482905939156 0.8240886218266534
1.4122858148879205 0.5705686523172746 4887.7134566679915 -0.00020978887555722094 0.7770068745613236
1.3393355688283972 0.5973686363058401 4944.215516060771 -0.00013676481102894132 0.7423544244259774
1.3227651051879898 0.5644470411620419 4752.040964305585 -0.00040617908412887086 0.6829887391011568
1.3690480185422902 0.7106535299164511 4636.487996624035 -0.0007623216161512734 0.7915660928932666
1.274845862683566 0.5765074924302758 4912.858422583561 0.00018363855966469552 0.7738568233552183
1.3928410217211467 0.5843476302070374 4934.79556287956 -0.00019750474323978424 0.704469542197375
1.3583787816012005 0.5222459696417452 4777.57713970137 0.0003682497804037147 0.733179128066579
1.3425573709876386 0.6138163691881515 4681.033702402286 -0.00014573666710821122 0.751930415460039
1.1869318680102756 0.6857827850282059 4872.020418340514 0.0003532694862850127 0.32576792082713935
1.3071557077254616 0.6562026722144321 4511.450103801596 1.827784524566515e-06 0.5776689641377664
1.395408891143961 0.5690250138986583 4914.805345274855 1.5228029860706971e-05 0.747569230362096
1.361972390533416 0.6157562487089561 4570.679078692248 -0.0003561696879890402 0.7804806308740182
1.4003391296371248 0.6037276658159728 4707.170037455513 0.00024554885012939326 0.8006822528418762
1.3103143227310627 0.5510394739599376 4867.426995757773 0.0002207945725736008 0.6999442182409624
1.2995565938684015 0.6535986287171525 4927.584363928899 0.0007548122636857106 0.9200852096643631
1.1573884945815627 0.6058543595677222 4984.422280285976 0.00011490206759043086 0.3303719660917373
1.3921987001942604 0.6192328595720513 4959.445543988927 -0.0001939153839477786 0.8265272542786184
1.3168029897060594 0.5836248167394978 4795.818209018302 -0.0003248459388444432 0.7570532114463824
1.3371446201147181 0.6290393055318689 4601.965807926826 0.0006843000166061934 0.8172532382364827
1.3675425494262425 0.6694536698815428 4664.623641058123 2.4086035224628735e-05 0.9429259475780266
1.3722974689281995 0.6191080889852028 4449.013424727568 -0.0004196480598522405 0.8108397749944211
1.2005145602037162 0.6265090870552998 4814.200181583997 -0.0009857487312955378 0.3198957888618219
1.4429104197180478 0.6314834152391116 4053.8813986726186 0.000513315806182902 0.8115881605239886
1.159832641798443 0.607810550345182 4643.97589895753 0.00028507473665898567 0.3067200592647705
1.1733489406709228 0.6627011407438171 4937.040162976288 -8.507601341387431e-05 0.36036702432166434
1.2110270973532618 0.6523444206654867 4969.485041264134 0.0004555490427200662 0.3068375662630486
1.2354570961829323 0.675253858598152 4683.352787702838 0.00012447575391669237 0.4117164253586811
1.3757166322751626 0.6083407988034769 4907.852910381224 6.486864962622903e-05 0.8336775674959686
1.345461332316466 0.6601985183352042 4725.573707286625 -0.00037482139132332965 0.7777707974331596
1.446778677445662 0.5932676343897294 4659.443618215276 -0.0005229897948343588 0.7912892887786376
1.5497036188984858 0.6126987275823201 4659.651697738242 -0.00040828683201965164 0.766005032815049
1.2769406001393226 0.6100780630089759 4968.241737002281 0.0003194790062617142 0.7882560636461982
1.2729968710829886 0.6326175964431149 4795.946469760722 -0.00010083243254485144 0.7671483542886115
1.422952686898923 0.6625740085153737 4815.264359312063 0.00013219816960667577 0.9049293591894045
1.413584060809833 0.5538471989885227 4905.477845457946 -0.000549853310629119 0.7031044406710466
1.3234291669089344 0.5803864853046978 4687.16597835265 -0.00014307804575759998 0.7757297627054012
1.2971616467774028 0.6805776445203429 4968.322783045155 0.00012992689254098715 0.8973775848191723
1.331422199657697 0.5697953677660035 4809.080327076551 -0.00027337801529574775 0.7593171975540252
1.379102262517979 0.5942224952950512 4901.074124364369 0.0006116165902573577 0.8304120709997023
1.4888190253936187 0.6423498813174753 4249.636598660777 -0.00012524311853084446 0.9230165967354009
1.4967341197204478 0.6028032201422475 4607.641206058598 0.000569929665731687 0.7614588419006112
1.3760206597375506 0.6067377613850591 4777.942575406105 -8.154470777685061e-05 0.7139884490046811
1.3583646224469077 0.648909600900598 4676.153919581451 -4.290771837216058e-06 0.822290640422103
1.2603290349335814 0.6619995789975027 4865.563121137763 -0.0001378493778178195 0.4197950331550991
1.2363931247931932 0.6510665408101254 4954.015064037551 0.0005240230388197144 0.5974721036489747
1.4738076747500117 0.610938073016339 4836.605178685454 -0.0005130401640631524 0.8544286280736333
1.4574018888283828 0.5804753166343236 4512.421769927322 -0.00015517703555797456 0.7347561001575628
1.3399305745842238 0.6180577867427823 4449.595651881257 -0.00022741727601548162 0.7533536636343839
1.4365930037596573 0.6302915210268443 4095.280483696162 0.00039339157693875094 0.8953791458298455
1.1835980744495274 0.6402446739957173 4709.902573912782 -0.00032808238765177596 0.32868106300308303
1.3913678720683624 0.5902185309406669 4829.954587350637 4.170076927157484e-05 0.6929404288785854
1.2233669019017754 0.6075121035599665 4787.083309901384 -0.000622749792163032 0.6777672099904588
1.3790108777019041 0.6404302452229693 4933.2913879060125 -0.0004463716990103521 0.7472420841920002
1.4105274072413845 0.59201099094357 4549.334937596233 0.00045215001736383694 0.7817450505090724
1.4011191289732392 0.6088192737512352 4707.330401677533 0.0005027926719861347 0.8024555916400338
1.2868662162258184 0.6390562545560271 4727.475942679055 -0.00019253306418564974 0.6153563970066175
1.3849371138495201 0.6983587044552297 4385.596940712538 -0.0007353895072144017 0.9205392953857514
1.2477758140477058 0.6137035728599296 4794.083064794508 0.00016043205714151598 0.4287480482169441
1.2354459458688738 0.6206365138719614 4986.109205407972 0.0004719804322585299 0.6238165912544531
1.3110310939781362 0.6434880633296941 4974.846219440359 -0.0003692555598877506 0.8045677895991182
1.4082297788733338 0.5678513887848208 4683.7555060536 -0.0005242655684051417 0.7784953036623838
1.486803340932155 0.602412215945826 4590.20210546687 6.609559260553608e-05 0.7306129773048443
1.2985038716909247 0.5744445196253873 4925.53246586294 -0.00056955577037729 0.7134015443226261
1.4801808915413759 0.6542985505075307 4607.917020411118 0.0001460241640878392 0.897563888607906
1.2488792215883826 0.6453910812977635 4652.854679901652 -0.0006583881169156973 0.7195155959797994
1.255092852241348 0.6298930740049443 4892.657043182488 -0.0008956670640817324 0.5928099863777158
1.4838418780275053 0.6570205241938122 4803.595431663301 -0.000755045412307703 0.8787851587513013
1.3558611672273488 0.580523093211871 4681.256537230755 0.0005075238414166388 0.7083135572521312
1.1142944829096155 0.6435521959912209 4853.482945011252 -3.4525281734351986e-05 0.28777957424185163
1.2000755967064156 0.6474924304229857 4980.565595707338 -0.0005324877201181851 0.4299538545896959
1.2727329561550904 0.5765742985461172 4903.408273228577 0.00046913809339350573 0.6646258928670337
1.271059817825924 0.6613388127405023 4687.490638770776 0.00015723261038497598 0.8107074176182668
1.465681439379067 0.6614197762391315 4982.269596172184 0.0003474013520096951 0.9389880055790347
1.2371164945560977 0.6951387609327401 4948.134481485536 0.00044790666457857054 0.6670583103143474
1.3621224423551321 0.6614487050114364 4671.124413972069 0.0005343671746105429 0.8471041912275784
1.2347150782052225 0.6891195564034938 4827.746345133739 0.0008004938654763223 0.5099835997958261
1.5716392873867875 0.6009805206621859 4536.001819753395 0.0008029409475746349 0.7143526105797263
1.3233020110198752 0.6374287580535026 4413.441100662659 -0.0006662186139682882 0.5537021406695226
1.3583179817107949 0.5870808713976934 4995.357455453231 1.58301968235548e-05 0.722223779634106
1.3130961890637618 0.6239536312731335 4822.798338089983 0.0005613975331950181 0.6950946843689139
1.1404046335694837 0.6262029198436284 4874.738772344087 0.0004499705852858358 0.33336819193824113
1.391016067311964 0.6163987393636133 4550.122171292155 -3.999318134615427e-06 0.7937273486214708
1.2379609890585226 0.6568701124713514 4995.614716639119 6.133799335833886e-05 0.6706849724096494
1.2655695933179976 0.6165689701860467 4938.188334340732 -2.419015208067602e-05 0.5545769508091358
1.2994385200216827 0.6671974795894241 4585.497022810208 0.00020066767336515673 0.4076171291413678
1.3292543272377304 0.6757070854002526 4922.035587901747 0.00026239222895170505 0.8578426156300076
1.354144582128313 0.6280575485621356 4921.9736366436655 -0.00038180501002343703 0.755820086233044
1.3710569411961373 0.5541137610791009 4981.951271001638 0.00010253281565733494 0.6773807627256285
1.3119893521017172 0.6416557272662416 4773.237219599555 0.00025066063875321605 0.4886770432578177
1.5021822515011498 0.5711612351228718 4424.781747658911 0.00010767930931364905 0.744822178458947
1.193203151083495 0.6209449707971837 4951.817534489003 -0.000858464073032549 0.3682906734767766
1.3258417638012645 0.6144595246967897 4908.784512381533 -0.00020756897764197732 0.7969106342089092
1.375982535751438 0.5805253516045947 4329.330531539792 -0.0004208101415005044 0.7649974873528216
1.2697798025675668 0.6896639926407766 4760.398309810405 0.0004713085895039164 0.8099314980108493
1.4268020091562987 0.6437631981268701 4984.177397565771 -0.0006391792780083898 0.812460916033992
1.3780434527741798 0.5813334612732792 4602.291758313263 7.974327530931213e-06 0.7011290465191325
1.3779265914130545 0.629910027601622 4743.271900650039 -0.0002612998284488369 0.8291314785646093
1.42699846858075 0.607205672545561 4794.4533874111685 -0.0005726694061584952 0.9099652594558945
1.4553253379987896 0.5616952433370207 4901.93353857788 -0.00010879337197141634 0.7781086986611352
1.4021270404448405 0.6332552160231426 4997.754730207699 0.00045414052479127094 0.8051400417392397
1.336310723097001 0.6389939211428401 4574.157669511024 -0.0007576748292295088 0.8228800240566598
1.3585247282127542 0.6066572265451913 4674.582808586511 -9.38705928937918e-05 0.6350076044369706
1.3357608552764257 0.6185232075072595 4957.051835610141 4.211913755904908e-05 0.7924870291853443
1.3651826705620775 0.6045151935392301 4420.271591596828 -0.00045847171013081625 0.7682523780383199
1.3010569673726822 0.6697682988411908 4362.012155647646 0.00013306728204261228 0.8093803304091431
1.3599243254349975 0.6601155004009946 4943.411586707565 7.095315992473119e-06 0.8405623825821068
1.3182263910855283 0.5632032586273281 4882.321511394928 0.0005829209680397457 0.7686983264479305
1.4444906951666292 0.620130956817458 4943.575722150424 2.260867849599938e-05 0.8044857149107223
1.3126717318074508 0.6365888247549508 4910.901099605451 0.00044895076630723516 0.8142405700458168
1.5148530718067512 0.6265791774430607 4366.470292655082 -0.00016151243333741429 0.8913491084443357
1.3583023878804368 0.5998063549182504 4709.796440449944 -0.000890368259268052 0.6367978766028954
1.366688742336083 0.6180238645026898 4960.890287698088 -0.00031355457543093046 0.7943513506953177
1.2168268838567382 0.6479795173738013 4905.445054713201 7.50789619434041e-05 0.44158842530769654
1.5368015266678277 0.5899541697392159 4803.997969495405 -0.00011469736390833501 0.8240139464136123
1.391780296161294 0.6248200999229641 4905.260105121996 0.00013472197944996384 0.802601343989776
1.272910947798339 0.5874610170555947 4952.835895632488 -0.00019704720536508423 0.7646452051612158
1.4479771440357614 0.5873192186862829 4802.198309589312 -3.993821058861667e-05 0.8006302801617602
1.5022999181633974 0.6461328770879774 4442.143429248037 0.000511316888381593 0.8993190069101329
1.375509966611454 0.5695537635687049 4652.690706371515 0.00022533847432659943 0.7381645370598846
1.3306443748731047 0.6337584115947574 4497.003362784513 0.00050029003433101 0.8006185785572594
1.2966391597848324 0.7502279172371106 4636.521592123802 0.0007705832802682521 0.5013495769719781
1.2881072620391996 0.608216402384855 4888.131165149911 -2.487182319940759e-05 0.7644422953716274
1.316544990677532 0.6151364584883525 4918.92158241085 0.0006753419260734823 0.8609894795321363
1.350199252062192 0.6565260717411276 4865.930784299047 -0.0008008997620846636 0.7478488701739803
1.1674781202356075 0.6836582049203525 4902.532559507029 -6.0817148141312e-05 0.3878172277924522
1.4753357165481416 0.5831011208934076 4853.791180856364 0.0004989608845195624 0.6877240015078165
1.2478986755979098 0.6169027449984449 4937.398759779597 -3.4451276082932115e-06 0.6076517850605626
1.4352874639571773 0.6411842761171112 4259.015965918771 -0.00017342968393373247 0.8423912893982337
1.284303623787822 0.5835220172321759 4920.265127124724 -0.0005552923815543246 0.671648407988616
1.4941501236550385 0.5741703974962857 4803.011544280264 0.00011804852846282564 0.823470114574885
1.3217205505350358 0.5960756163172914 4804.080166593881 0.0001137208215838558 0.7030052076341045
1.355577567512908 0.5886030259257756 4914.618859681235 6.861083676092231e-06 0.7565299640021027
1.4339703084006756 0.5622444169001729 4853.807498913184 -3.252246575685784e-05 0.7862333523222723
1.3075121071826985 0.59678275425628 4980.857106024047 0.0002705847030819984 0.7981279197650798
1.309683340485235 0.6252856470444154 4988.621803581431 0.0005680369793910317 0.7190694105395266
1.3843713822998378 0.6708965422160222 4650.625111274921 0.00033488203469319157 0.9240124643529397
1.4214254001703885 0.6598208468150668 4120.551877631336 8.581964778880603e-06 0.9414149360321967
1.6118288102811704 0.6472776436187172 4566.226484946015 -0.00014736482877532973 0.9850090140012819
1.2343215583279843 0.6280907179737344 4659.156081815036 -0.00018183397743653856 0.31635280301869645
1.3013023761641749 0.6196554704914499 4985.097239789814 -0.0008865794325044155 0.6423270167582928
1.381673260754246 0.6201616135165432 4901.377785285693 -0.0005704458441532681 0.838603267291333
1.5191598678144924 0.5780949582052642 4802.539095169693 0.0003773750160734599 0.7992526341137104
1.0881549815984302 0.6249770374790586 4739.217492135028 -0.00021644225964559182 0.29525357398214636
1.322487177141918 0.5945801225267419 4608.667015259362 0.0004102695347826054 0.7690646937401526
1.3590018252595442 0.6690003539265373 4958.378229349154 -5.099292525366147e-05 0.7039432133695123
1.3610036009142763 0.5954158290917362 4497.9640282387645 0.0008078165223294436 0.7855605402481682
1.3175679219168335 0.5993683864128675 4805.160127984404 -0.00037239842338920317 0.7518557466059773
1.2160235122343777 0.705008510920621 4643.584685659752 -4.0853863284830344e-05 0.33717987669217836
1.4353572432051278 0.5608076265343536 4939.9957471178695 9.237284677814083e-05 0.7666719451261712
1.3624758685056975 0.6616580039908835 4927.498129453044 -0.0008169342694913472 0.9350938914157675
1.3387410233373542 0.6036677255788492 4489.547986482349 -0.00037995474352554875 0.728516756817865
1.3431950808256998 0.5829810255577684 4743.472649708277 0.0006092059381189766 0.7566301922902567
1.329422953670861 0.6568289454693044 4790.091345769767 -0.00035180612034313094 0.8552576689357931
1.5171962906332042 0.5707650534892577 4899.394050830454 -0.0005600252640801485 0.8192975362079038
1.4202540490575017 0.668007571931225 4802.64001684958 0.00020623939878578251 0.9533674553583936
1.2193666062329642 0.6641559175551861 4760.158395773946 -1.674265670645197e-05 0.550899023418024
1.3938281085677773 0.6355286967134985 4366.575192235884 0.00024786942749523903 0.7946195537759118
1.4345873707817667 0.623474277777899 4664.7352631721715 -0.0005617955368183802 0.8639097950775262
1.38739412641732 0.6577912858737712 4607.738533911205 -4.9984839227568076e-05 0.8992898356629595
1.1394830004683607 0.6381503227902965 4886.058170551227 -0.0005946135993263521 0.3496902247524963
1.3778116598994035 0.6030885946364094 4605.344329887758 -0.0004168761420763681 0.7205872631372358
1.4018909735417404 0.6048468341619312 4731.04754570943 -0.0002801522834444444 0.7164741159681366
1.3326804945347308 0.6334215374917628 4790.946889172725 0.0010789970403679357 0.8667304847292163
1.4377845419111748 0.5559910580052247 4939.792951523315 -0.0004906369404260853 0.7576387640778797
1.4429864437197601 0.6508109798796091 4650.202034790235 0.0001889476011514831 0.8901929491352841
1.3117781635931305 0.6639387432079028 4832.804875552919 8.343537992218173e-05 0.6971164806611763
1.356961866849073 0.6530380252238205 4546.437187332369 0.0005490705125273944 0.8737986630959621
1.3866893830558753 0.6643127825608462 4937.794784654929 0.00036597182856556824 0.9104461651519515
1.3784856061665196 0.619635522279803 4907.893636027812 0.000154082993630179 0.8407127660105373
1.3278897012954398 0.6632268102623136 4865.8895478258355 -0.00018006205796534909 0.695734817822653
1.4370131607649537 0.572577545831793 4760.415778432641 -0.001085238016751538 0.7372390114895319
1.3433762342861417 0.6210972804713835 4698.285552276462 0.00026307072834165285 0.7698504563902429
1.5353650824388587 0.6095989087272045 4933.499316132803 -0.00032471747174258047 0.7804776479248998
1.5271920330304205 0.6075009386610681 4352.268180595274 0.0002618896180733818 0.8547672456229888
1.313954474232842 0.6390354197810599 4936.45347142662 -0.00038839195135637305 0.8324451578826401
1.323782045756806 0.645905844725496 4938.416200974138 0.0001903100774019524 0.8398084820197939
1.2810323671096713 0.6459751727668037 4954.284546811554 -8.256083307739256e-05 0.7609010915881131
1.3339012475933796 0.6218487366888058 4884.030835582122 0.0003646072047814114 0.8835060512480314
1.3603052233889974 0.6023406580080531 4727.735566951488 -0.00020818675460979833 0.7599857474447311
1.3602449679454773 0.6193678935419158 4827.9228225692805 0.00019845548207554666 0.8863277002720412
1.414671505380575 0.6399818183845354 4960.13747920275 0.0001751910503518795 0.9418785389291483
1.4337991529655745 0.6185505699194097 4592.46593826257 6.4619857420909e-05 0.8696027827413212
1.424584322602927 0.6550634372446456 4056.2805162012432 0.00035958138590942815 0.8848443243022335
1.3252985745961783 0.6785139065213752 4590.655646310247 -0.0003376838211438799 0.6534910772310135
1.3430546124192178 0.6496513466616224 4988.285677700501 -0.0003982321916243328 0.8108236053748964
1.3130280352884605 0.5918096644485078 4645.023282490507 -0.00025290574473247495 0.7663347272124696
1.2669730112950552 0.6045781872109992 4764.585638259487 0.000776246702100683 0.7261534754574589
1.3137479334087403 0.6412570387848157 4815.590960035391 0.001161516068704188 0.6823322592855734
1.3622512448961697 0.6488271294678438 4524.758717828902 0.0003738774043333593 0.8416127998888268
1.2906817580170387 0.5558500005713946 4904.100742763475 0.000310384355979597 0.7214591429703239
1.3667445569648187 0.6351430235507389 4954.454616597387 0.0007891873786217973 0.8769874603029709
1.2029008884351053 0.678294129888803 4605.187835068942 0.0007407376262949751 0.3559866357204262
1.3546853796241565 0.6369293500564062 4573.6714086410575 -0.0003142936643442311 0.8914066871430646
1.383482522217732 0.6344008059786601 4961.225531862587 -0.00012414854103104508 0.821140968472313
1.376295718250533 0.5881272136008628 4730.887469001493 -0.0007022684460697622 0.7107340815471352
1.4018737700158974 0.6011104752777072 4454.7013609214955 -0.00011985112421185411 0.7731427894263341
1.309786153031673 0.6551740466732264 4874.0831184335675 0.0005845417340151842 0.8585116733228273
1.367861141071569 0.6026505907586543 4782.744682192967 -0.00038915284950206876 0.7759903660130751
1.3212346200465794 0.6345076140966994 4687.559433718374 0.0001688210386095628 0.8251922350404842
1.324597675765029 0.6127360387937062 4958.583201779834 0.0007487577772289846 0.6189801008097744
1.3462932588906467 0.6140795180560022 4259.20994224062 0.0003751048190638319 0.8061622826082491
1.3692750334734374 0.6544960070765286 4590.741274831817 -1.8962732744496944e-05 0.8153794703947809
1.351887006283909 0.638170912867954 4957.529946442632 0.0003541798359027184 0.7254128490027332
1.3772828079412551 0.6916007818637002 4636.6144498317135 -0.0002649142660839693 0.7676622670902412
1.2958895893254012 0.6086499909983486 4609.729416475191 -0.0003873480547544524 0.7878237382953697
1.2838904646906244 0.5620734105315656 4903.430246555631 0.00044924023513590164 0.7434247582183618
1.2583657435539808 0.5981797957000788 4681.377826363722 0.00021868426589592005 0.6832933477934866
1.43208839294115 0.555551793299611 4683.0820212284 -0.0002242036597718062 0.7505000243523772
1.1576877372463215 0.7101812053107196 4849.107641926265 0.0005394544727482363 0.31071213981787055
1.503483012717377 0.5892739837957321 4536.214030330524 -0.0006477039737658151 0.7238076303332694
1.3860172422830395 0.6038953151002839 4907.11478647273 -0.0011395000725662736 0.7803651496169957
1.465466770828475 0.6450795357595918 4615.428910180721 0.0006243325237175333 0.8885250160523933
1.3228085469099815 0.6415262615551993 4964.352909818831 0.0003887483534226102 0.7303160065585572
1.2966892547714037 0.6248822799903335 4977.701169691943 0.00032405648745698155 0.7159689826419662
1.260180667394578 0.6650880173147695 4837.755554668705 0.00026086360953183176 0.6403586576928437
1.3387568937564422 0.623053494176694 4574.534031535173 -0.0007211191596167518 0.7995197969939103
1.3879364797000289 0.6624658285168635 4120.768424355949 -0.0003638143397156428 0.776152828723651
1.2186041941884707 0.6755322506497086 4911.472302625321 -3.0628805867047374e-05 0.3703357624289609
1.3045663253254458 0.6058548875214026 4764.560990900005 0.0008075675252665045 0.73295528913065
1.3768635362422166 0.669158066821517 4650.97233829046 0.0008110265748835661 0.9589656159080859
1.3614473904031916 0.6715861806567924 4683.030901748478 0.0003313526985827379 0.8982271276353879
1.41869058510547 0.6300942700407034 4366.774930086829 -0.000572973040470627 0.8462455098861158
1.4372415487105243 0.7160160133660264 4632.458492420275 -5.9323921105025825e-05 0.9855025571699486
1.2542584574831226 0.6389954665641122 4645.03108213954 7.821746593419913e-06 0.6561906482964677
1.3951711798682642 0.5915302135889118 4852.238682403909 -0.0005040388020370896 0.8345521776591482
1.4975809906220845 0.6087932719696243 4849.801476348309 -6.131333714826256e-05 0.7720913938511385
1.2147911778933742 0.6830472053968082 4767.69613120081 0.0002912179778333821 0.3578995810522133
1.2936387606725879 0.5974868581659538 4608.230001770164 -0.00031721080290982603 0.7466678307810215
1.384749884901165 0.5842069041445042 4645.965965341705 -0.0004361286386181086 0.776228976300483
1.3572546226479973 0.6663635694888645 4629.773244368594 3.489356937809053e-05 0.9490932863004516
1.1623077405882034 0.6177453678966829 4955.625252945738 8.936114144005441e-05 0.3294745903113646
1.458132431338867 0.6643574683342803 4427.999679135903 -0.0004928312427810866 0.9488257254156903
1.3586655207486895 0.6499275700861765 4362.50190515764 -3.5665682344266933e-06 0.837792706012955
1.5186185364491598 0.6418224943140579 4300.193150319631 -0.0007936296923345475 0.8227519418570051
1.3022579454610255 0.6516827412688065 4903.729151857063 0.000896454840071112 0.8862970940572782
1.4370631647797127 0.6031240767901598 4899.758279463036 0.00011006245749279543 0.7428298652150642
1.33628463825074 0.678489748299595 4992.902471219121 -0.00021391722113497293 0.9261536413243354
1.339112605045377 0.6450780155594749 4898.854107673301 -3.801743994881453e-05 0.824959401914777
1.278166423448469 0.5960294203723221 4730.250996336623 -0.0005323412426761858 0.6621316318667383
1.4088597921255264 0.6968278286454543 4659.084173219501 0.00027519284977754407 0.9334943002261569
1.4051164750975302 0.6586722666499489 4964.270312800574 -0.0007327130263819696 0.9220114126106014
1.3083546735039828 0.6297915842362096 4438.116768674776 -0.00010624632771249939 0.7743480207671426
1.2356268074672712 0.6025772678065787 4859.148529935921 -0.00023000816752517654 0.5194802959860872
1.640314933130099 0.6213481170847676 4468.195532104308 -0.0003712875620495451 0.8459019112674522
1.310966303088763 0.6199989292918875 4983.736459876028 -0.0003130793599972997 0.7061735255010528
1.3448653584495491 0.6562815415982175 4837.07480889006 -0.00016555164348777175 0.8510052504941947
1.2939050897410906 0.625820503731784 4788.9866033994085 0.0003374981851821643 0.781865053322432
1.2455096092882219 0.608797083653406 4453.541480980682 -3.0264471927952694e-05 0.6164784464007298
1.3464773091796274 0.5631483181779797 4932.71940084511 0.0005615783657491882 0.7417540703882727
1.2664565739664246 0.6723909303604976 4930.951445584142 -8.031179055581205e-05 0.3935993055062458
1.3333342985273418 0.6324446987597788 4618.919757701037 0.00015101273558860013 0.7368930507906784
1.4094734646339384 0.6847799209616815 4719.018856591056 -0.0005696151215940376 0.8922690488254342
1.3168951687212496 0.5938014952709199 4730.913832084906 0.0007546612750098458 0.7864167046792658
1.2489599451389104 0.5710290073419098 4752.572316937047 -0.0005941368939469845 0.7250102552940965
1.445866400383295 0.6735352520131872 4654.961832885668 0.00015545432498853182 0.9723983713994218
1.3104384191924487 0.6027286144236736 4734.073295201768 0.00010334629918494443 0.7330515898927418
1.4083276816371222 0.610341117261048 4803.065553457682 -0.00046750010528655403 0.8617975068327743
1.4107531288904513 0.6514780712236877 4664.651727087961 0.0002613960066911009 0.9694711874748423
1.3827731820288922 0.6670918984585061 4598.021416415816 -0.0002604092682336119 0.7640803436545147
1.3450666872953048 0.6095951228201841 4793.722137696727 -0.00010279248235689127 0.7683366857885732
1.3457273514715804 0.6340033068719352 4997.298057539339 -0.000150039297881837 0.7707292619308692
1.359760820058392 0.5656627627683872 4731.301044276272 -0.0005270936676732693 0.779176243535166
1.3131708267557811 0.677110250043828 4910.954591618633 -0.00018194883769087554 0.8663599292413995
1.3505315187189169 0.6674634501534941 4992.80008013557 0.00013241422106681055 0.957302153634112
1.3177963711046345 0.6244293788596839 4746.853965129718 -0.00032510057942361953 0.8154781297082607
1.3608578864192962 0.6448379418025645 4615.634423369551 0.0003052073578239083 0.6516612706225098
1.372217072253267 0.5603763086907928 4489.025965024053 -0.00027281051095405187 0.6869617794033389
1.2854569353595307 0.625573500658971 4681.933390229148 0.000447038379831863 0.7895549192246784
1.438540575606102 0.5802865885865045 4887.291783323561 -0.0008996374060013051 0.7138897316762625
1.5414867115957476 0.6209845834878192 4536.256778534836 -0.00046029072062726915 0.7536642789497198
1.3194818233714964 0.5951694837061356 4899.282952839335 0.0001891187219250903 0.665753607651595
1.2427945559508622 0.6505255906265359 4923.731213884093 0.00039707118657561393 0.6595375914110584
1.3758919776574627 0.6801637727222604 4957.909036506457 -0.000254637180673483 0.9255793379390719
1.2727346582546388 0.611937783168286 4961.141423456966 -0.0005985935479033759 0.669946447790851
1.2681841725163139 0.6694696730614337 4891.7792161772995 -0.0006182178933059633 0.5418360136451197
1.4533864702256407 0.6102893468267447 4598.645219408068 0.0002602277499199993 0.8384962301022436
1.2161228366004415 0.6839458620731254 4668.3763791442 0.00021276627354750672 0.3815153015559881
1.3466658792686899 0.5532213507057329 4837.928693515848 7.239567420826914e-05 0.7378586043518083
1.1761687002831072 0.6592022259817305 4605.290174522432 0.0005554706797988609 0.31941275271877895
1.2232688379621885 0.6677735584756381 4428.393504697938 0.000401253596052893 0.35461386274883977
1.3046423758420334 0.6118735530476123 4570.9153373740255 -0.0003920064986769073 0.7472566935841511
1.3553910680613857 0.6702760570263913 4927.792234655109 2.762655657762193e-05 0.9368766613884507
1.3364240423227276 0.6428450358670857 4859.9450120793135 0.00027767713323005025 0.7861840640810056
1.3977456711581424 0.6643601349582616 4509.7148790075 0.0004520262218418332 0.9233385999042909
1.3849689836628727 0.6222996929210542 4676.3591745913245 -0.00016722596087037782 0.7624332494763837
1.4637300690061834 0.6312248722238353 4930.295373043078 -0.00018060306078113828 0.841753093554174
1.3577445138599975 0.6764752968864174 4941.514316638219 -0.00046810903611981783 0.9478628521365902
1.396619543759253 0.6047015541850789 4922.3522413330875 0.00020398246249855943 0.8230740300450301
1.4302162368702822 0.558844530345928 4677.1089537391 -0.00024378077143547038 0.7530849204453569
1.3009577429968813 0.5855559621357692 4981.831744325978 0.0006991032680557532 0.7974969873384639
1.382688005341882 0.60520469207482 4999.548453345084 -0.0005590782368812029 0.7399736569766371
1.3811279410745207 0.6347284014709932 4871.087300495486 -0.0005332871800302869 0.855982715558692
1.3380095004840185 0.6469544728100405 4676.073991030075 0.0006432706645850794 0.7928957966724499
1.3692961502890693 0.7017530733339135 4803.452127070484 0.0002593736968306419 0.8555488749190581
1.3605403570432957 0.5942023408884167 4645.063537705639 0.00030276949026416806 0.8046376732621898
1.4048434884329146 0.6829854866276157 4969.276527646973 -0.00020509141262857537 0.8452311586949155
1.3904197927985846 0.5776804374305458 4790.440180382336 -0.00037728843012991485 0.7395519051356702
1.221729826440086 0.6487753999754279 4980.903980140267 -0.00011486772988017596 0.46127314457918206
1.102977399739327 0.6306175972932228 4741.367100939648 -0.00030927728089001784 0.2986334407210948
1.4837940995376753 0.6230091726735463 4585.939861117776 0.0003255691996118501 0.8712279114645356
1.3761155071877273 0.5637334929805342 4958.715144718852 -0.00036821675646108956 0.6853057628876056
1.3475527284663564 0.6808370153873862 4869.2220512323875 2.542455001744764e-05 0.7451750364344902
1.3746294845929414 0.6623888643717626 4840.346947153906 -0.00032924935421072433 0.8366853446935075
1.3322660334154497 0.6278783723945658 4817.659359612061 0.00040227088580421447 0.7391923553538767
1.4367039605160135 0.591070032895195 4741.271402048252 3.761270678805607e-05 0.7197653479897943
1.4106273293795808 0.6285547067644991 4850.376737624758 -0.0005572579923250777 0.6943383449027842
1.2953551168984425 0.670065287833771 4997.436607142372 -0.0007517302664430913 0.6991687913257522
1.2022893994619013 0.6683909900807238 4991.991722378421 0.0004417902496616203 0.3924761715587654
1.4085880745532946 0.6060150565192289 4767.478474596635 -0.0002890158756984776 0.7732818865437578
1.473975500045933 0.6653983378376009 4794.137068993391 -0.00011480147127392402 0.9214833718271198
1.3620166249606367 0.6140487832114095 4306.075246007257 0.0003998443270882434 0.7897309932770058
1.3337651942602395 0.6540034297509645 4920.916987808828 0.00020597748060876536 0.8931473517588491
1.4449863260383466 0.6098093504134835 4725.596728264729 6.378474941027915e-05 0.8186751091823522
1.4225889255609332 0.6239203947678679 4083.131941190909 0.00033869001820261834 0.7922710969584227
1.3945657160912805 0.6324989462316242 4751.732484330228 0.00024360671420065738 0.7540808336599363
1.4609193492304051 0.629121353424613 4826.140065043133 0.0007930550048302454 0.8587854940386428
1.2151258969678025 0.6341923927413904 4859.67361575828 2.8806522030540643e-05 0.4178560248536105
1.4288715696182086 0.6264279071255883 4352.919726971366 -0.00013855254906314498 0.838480399323148
1.4000168072215131 0.6066843383763921 4731.886356489408 -0.0002065371729693021 0.7917248519320861
1.3488073361940978 0.5951256544556471 4683.104414379233 -0.0002209192536612866 0.7371290889995683
1.3134153179803403 0.5548956076318456 4868.20994326155 -0.00022616825559664246 0.7604700042138861
1.2921987669034856 0.611281515689524 4824.03079193213 -0.0004934827310450425 0.7343134539969565
1.382754865970829 0.6244296426646593 4848.025248785666 -0.00031605580367772705 0.8060192870475034
1.383874838629282 0.6231157248233108 4872.5422477959655 0.000534347314903825 0.9083992611208846
1.2569101225871373 0.6316619594978476 4988.320020322062 -0.0004618831635812584 0.540841878625226
1.342115800763155 0.6350248264689932 4650.454109465436 0.0004755760822941631 0.8168801199940141
1.3387980597481823 0.583488544275334 4815.035050659006 -0.00014246944392512623 0.6964555981626823
1.4663142907452267 0.6544402640807159 4249.285119253144 -0.00048400197304734465 0.9311886416304878
1.302507114502659 0.6445690986817905 4865.622068154129 0.0004665104173853114 0.5952948335473087
1.2744999586265884 0.6374120064681771 4681.297832043326 0.0008512078450972249 0.7571454913385784
1.4280202584830504 0.5946907037800675 4841.012640170376 -0.0005802959077147058 0.7278404548762119
1.4429710318185065 0.5955227806633246 4926.362856822766 -0.0003461378524061904 0.8370390068909959
1.3305898702155003 0.619436575814998 4618.6333133383305 0.00021639862604063716 0.6927373848971239
1.383965827788356 0.5724920206612039 4874.470019798327 0.0002814139196383575 0.7133212642056668
1.2980504458634725 0.6496653648986264 4910.006292297053 0.0004820807283601312 0.7787277936570369
1.210837692482675 0.6936211534820349 4817.345618206659 -0.00024365087014263344 0.48227109637851795
1.2388905356262283 0.6767278131854731 4980.652750004169 0.0009727700985976587 0.5478815053764031
1.3493985649761857 0.5752026205362548 4443.107975509163 -0.0005537455440315761 0.7276711177198589
1.2119670648502487 0.6445668424189162 4868.758684306879 -0.00030010361096948103 0.6159929035643097
1.3591823396455587 0.5732600696351311 4443.716862548949 0.00025770304567773137 0.7220540348845863
1.2025803384013127 0.6578788387166756 4605.95280616965 -0.0005071864138773165 0.3455100563874757
1.3858156644554176 0.5867317751627754 4915.629437017607 0.000659523728663987 0.7203021593936547
1.2620434758054697 0.5741041631649111 4752.709623849996 0.00045171520912148813 0.7806667466336497
1.3822893316512919 0.5426281553378591 4910.212802285398 -8.363339130608177e-05 0.7541344826731616
1.4117140199753277 0.5787219161547417 4853.054060454865 7.058925752651349e-05 0.740041319400122
1.4053644511670815 0.5383980201395475 4882.878071663918 -5.779049270714766e-05 0.762525841851344
1.3699149183819443 0.6221965304461228 4990.570887165293 0.00043570683657563375 0.8297655850805521
1.4299158283023543 0.6257402109497723 4941.503842979326 -0.000512992833072857 0.7645835405959927
1.407902132011054 0.6179931061197357 4590.093933943109 0.0007614207852753415 0.7507061561282912
1.2837288446727326 0.6892169481843452 4882.7320538067015 0.0012584363849916474 0.8484759137728346
1.2971502265866488 0.6329741581489654 4814.052686360701 -0.00023101603967363134 0.5218335989373751
1.349696421899438 0.6721308465748423 4777.0199866122975 0.00010301899206207086 0.8887123619065247
1.5565208655141185 0.5965347793823372 4536.851272934735 -0.00041503568274592074 0.818049480536414
1.2921571863427301 0.6276228964928248 4922.293240346488 0.00025115195094963725 0.6691161833082531
1.4909225626303164 0.6254707268574417 4674.317777919521 -0.000189215351516761 0.7861226997052427
1.1482951617571155 0.6822741934362617 4937.836441659085 -0.00020605865959404088 0.33222721311990855
1.4175800000418317 0.6696718560655036 4526.667621060094 0.0004808457098617898 0.9345078750346364
1.3457423800067938 0.6164344424671322 4868.876199247314 0.0005929523504754406 0.7424897873603014
1.3744171306448152 0.5420069922504873 4989.659719986296 3.914322851009352e-06 0.758743391241165
1.3906415581904417 0.6951660241434506 4659.232575823225 5.013996047742998e-05 0.8127961959059097
1.2644842906000733 0.6566212710880546 4988.965743331613 -0.0002093215756993483 0.651905756214399
1.3420055879028905 0.63852071304019 4922.222422037549 -0.0004046281147848502 0.8167702204202989
1.433581109378609 0.6391032810103968 4835.393518585639 -0.0006624559305903302 0.8656622104972731
1.5021154615614591 0.6117987313927326 4249.577606592429 0.0004991934766805079 0.8717523280827683
1.3009323049835246 0.5957009951513506 4782.360553482811 -0.00013397948545802428 0.7367815149664562
1.2910256290185536 0.6570681180774829 4902.990658709652 0.00026465361095606775 0.8032979760516942
1.340590891042732 0.6713754596762495 4767.5654014515985 -2.5993313835905024e-05 0.7993690368861468
1.2684820885809436 0.6459949149229769 4884.472747445482 -0.00034906288854448037 0.6378974359099865
1.2899321389998026 0.6337390680559313 4934.513979849539 -0.00027186928589838444 0.7445436161959291
1.1957312418242267 0.662718706434073 4882.806495858849 -0.001004128578944665 0.4038354494171742
1.2125468964629336 0.6770762243323011 4832.073688901814 -0.00036433295753434064 0.36960633979744234
1.136278312705837 0.6600393383944576 4817.413758203314 -0.00046551836997471005 0.33251284122723096
1.191466502428287 0.6585079419365183 4805.33873794675 -0.0005657830338433879 0.3572570067979426
1.3090979397510294 0.6687990603312327 4899.4617217485265 -0.00034177193752508853 0.5907811291266514
1.2516142892427977 0.6768531087521124 4836.5494268633465 -0.00034648955309501565 0.45212446426375175
1.3203063813981182 0.676758960308697 4895.8330309192215 -0.0005852595880399619 0.5191620985038039
1.295870526134143 0.6833153356066324 4926.881526005816 -0.00044386951850182026 0.486736876365372
1.1378417869170367 0.638940233911077 4891.355216781635 -0.00048743465034804654 0.31432086565096423
1.1578260656420103 0.6282538188015291 4903.813669205116 -0.0009425134357814619 0.36498869108817655
1.2243868211509528 0.6336986854563594 4985.88831301769 -0.00040351160732851767 0.36207756390537693
1.2130019395734652 0.6585857684644304 4709.959045813613 -0.00032958431227218647 0.32471471356966114
1.2571200250916823 0.6654520749489773 4709.702462341728 -0.0004003951708920893 0.35131725089596855
1.1883003022876502 0.6430112506363559 4636.63712011553 -0.0011573967133626138 0.3070310253172768
1.1411907364746172 0.6390507275372019 4643.330293926863 -0.000677311119368905 0.29590101094338334
1.224992657635576 0.6566560461879563 4536.714289563928 -0.0003441746174870766 0.33392213062187825
1.197317591344011 0.6124956041637595 4994.820128985439 -0.0004301963196861814 0.3868258683860612
1.2710988015641858 0.6673342802546736 4955.400031850513 -0.0009677080491291559 0.4204306810171172
1.2710988015641858 0.6673342802546736 4955.400031850513 -0.0009677080491291559 0.4204306810171172
1.25293605512667 0.6620016747618532 4983.849360698693 -0.0008280436108447149 0.48991049091314764
1.2174652602154807 0.6470954274516536 4898.250744186209 -0.000792907940485605 0.5244906422123838
1.2572694353991922 0.6379545643649465 4784.113085561533 -0.0005892568851526783 0.4680889890109811
1.2410208055342218 0.6354279233967493 4892.426749423375 -0.000612443165394557 0.5770862470464262
1.2168095455586456 0.6065531021173188 4801.259375316119 -0.0006169700662620097 0.5948006810450376
1.2386205057577853 0.6251065119667963 4859.814770746725 -0.0008413346022271921 0.5094374419691157
1.2644009611415867 0.6338816567506316 4741.485071992445 -0.0004342302446164377 0.4851878117511437
1.2822705516637003 0.6431708443522313 4982.045132119363 -0.00023620009867458057 0.5502790018054805
1.2663586873023254 0.6338544469956066 4955.096859782866 -0.00031450498213854086 0.4149504787617262
1.2663586873023254 0.6338544469956066 4955.096859782866 -0.00031450498213854086 0.4149504787617262
1.250584475903505 0.6368255394926433 4832.133134158195 -0.00039713520300384264 0.49658802124263535
1.2972444540436099 0.6276243206230128 4958.065084675029 -0.0004298747167699769 0.47908273465992657
1.2897422245147099 0.6162913724715935 4899.820085164237 -0.00038134247548364243 0.5426825420877719
1.2578036099976377 0.6374408199089174 4832.428407153782 -0.00031680181857264057 0.4850208354552119
1.2530550665720157 0.6084653045729157 4938.2890410338105 -0.00033840900340970586 0.5401955068826589
1.2433694641272077 0.6478151989549557 4882.791529619352 -0.00030539794632975247 0.5645919162898896
1.2490615812536134 0.6266592493824663 4951.278603213877 -0.0002904959083206065 0.4930711705268752
1.371373171331161 0.6754116518827049 4643.7568707091805 -0.0009433869010265955 0.5216972927905393
1.28293442104793 0.6370822680606493 4636.655129937806 -0.0005573479659832274 0.4267885061465104
1.3155644122359376 0.6444836830259841 4659.214454244407 -0.0007576579105487266 0.4339168987463021
1.2945698113315014 0.6390322497887209 4677.265667317845 -0.000560525798636706 0.5563202098738256
1.323467424419877 0.6985727408831521 4803.042228349028 -0.0001041300203487406 0.6325768393882154
1.386117139518158 0.6908032008572749 4643.308193242197 -0.0003146017237725332 0.5837747141112276
1.3180997005450223 0.7037212734746982 4709.398747931907 -0.000376868661389528 0.5214334555922457
1.2829512772033413 0.6693372733847387 4836.2677508144 -0.0002200963324641418 0.6076178276986375
1.322872062925342 0.6766702378831819 4958.065554970359 -1.3252110661871522e-05 0.5644357690469513
1.265334589936431 0.6378537704681713 4590.047026605954 -0.0003818507868421295 0.42239728234630364
1.2851901507767147 0.6351815109653249 4536.049457722784 -0.00043629317486733874 0.42295428555166514
1.3417826170582976 0.6145870146302221 4536.41720978035 -0.00032066155536600744 0.5789443866153972
1.2760388766652488 0.6555345816100084 4385.5440642005515 -0.00028398999496408633 0.401454275183729
1.2766783726067163 0.6484818901933048 4428.657446800958 -0.0003490095530868193 0.4979519270344435
1.2399310214553365 0.6728508809647189 4817.293495159294 -0.00012809531428936612 0.6537011316656787
1.3436447924186126 0.6792602416553105 4674.755346295254 -0.0001027399930258441 0.5614340774457012
1.248756816163626 0.628042687293915 4817.940103982627 -0.0001754736520209004 0.6180091963678702
1.2650825775314127 0.6231627741829976 4663.956969633443 -0.0003354077930866262 0.6150343621905333
1.3240911507219155 0.601465561140259 4709.142062517276 -0.00019692986114628808 0.5477797332559615
1.3749524344851136 0.6707877840619596 4566.564587433226 -6.904602968692523e-05 0.5242025900338828
1.2785247288481096 0.6412003988273864 4853.67215412358 -0.00014340557826834202 0.4664469489189092
1.2158475129450403 0.6548976832324584 4927.982471155074 -4.756335377894791e-05 0.5360180195647255
1.2404273107663317 0.6173504868890323 4837.9719063940365 -1.5123192682155407e-05 0.5520243614264435
1.2353801805125697 0.6347726194579056 4817.1406994829695 -3.1930346135325115e-05 0.5396638927370639
1.2976002497027586 0.6286767806635035 4841.797394005105 -2.928614675186759e-05 0.5996571151352479
1.2299742106892286 0.6152155075282335 4994.212366781143 -0.00011106260959706627 0.4872911845880671
1.2183388442374579 0.6420498743432782 4937.520166752989 -3.585073583097322e-05 0.5264235844992321
1.2338333746928587 0.6066793850708019 4903.701458940248 -9.445962208773417e-05 0.5607612191245461
1.2849107198071876 0.632631272384676 4964.99689258453 -2.1748188292441784e-05 0.5431391769825796
1.2700224587688684 0.6515039920539951 4951.619965780094 -0.00016358030754037045 0.5754718323681333
1.2938344217832753 0.6496732664757988 4955.703592632305 1.726713348579911e-06 0.5677413856913691
1.2217626135288058 0.6353250163822619 4852.131620137882 -0.0001832367916697386 0.40325552451553504
1.2770124779263354 0.6201424593906266 4849.828972425715 -0.00010144071560335085 0.40739966095702584
1.1869199838850593 0.6223915694274593 4837.305130832286 -7.936055917145939e-05 0.4076042705355454
1.191044664344929 0.6344668662541048 4836.912104036785 -0.00010731038873256414 0.3540511600163037
1.161436903329694 0.6618317392478026 4836.897441822965 -0.0002777486755195289 0.32214408886305607
1.264113474167971 0.6273327112203921 4926.374745683543 -8.182771288502814e-05 0.39304073482227836
1.2157119011675248 0.6427741429093744 4988.6784664509305 -0.0001772779486944087 0.41040083912808567
1.200941571084418 0.6777072779366918 4899.835329755202 -0.000259315972107919 0.3293513641462494
1.224633231599058 0.6563977476535429 4957.755638191978 -0.00024269258755985944 0.38169183836460074
1.2657026177685944 0.6574931090593186 4926.880302789449 -0.00017817698942936282 0.3833606722702614
1.1924379286498172 0.6373590624542278 4882.812388605435 -0.00013521224630985912 0.390545450391398
1.305619371771023 0.621679661730028 4949.667471277894 -1.1761688026022182e-05 0.697175745031835
1.28481074178117 0.6076270890124361 4898.383830169477 -0.0001484727338594597 0.7201573559710934
1.2560707802993476 0.5979449798592702 4918.5505141873045 -1.5872075459316645e-05 0.711707852706247
1.2526338674951405 0.6170237604240706 4874.9760010514665 -8.187094158986211e-05 0.6322731679430622
1.2550532089440907 0.6044962605149642 4948.766243537364 -1.4014049720157494e-05 0.6525941328389702
1.2693400387638485 0.6170452508304671 4927.893496304091 -2.0547202689458623e-05 0.6979114394192106
1.266300441770429 0.6261193108775961 4874.233768026637 -0.00025365243861056035 0.7026028619279484
1.302836450133316 0.6321361944809023 4901.670649240587 -0.00010267451691346653 0.6305027101070411
1.2748570019164807 0.6275256323830763 4948.218387115849 -0.00016450888330405797 0.7095702235410586
1.2973971503238813 0.6290818633935386 4910.670995020341 -0.00012261574533896415 0.7284758083597518
1.2587099233709251 0.6140015498648256 4989.80389945979 -9.358228446345916e-05 0.6936526177771316
1.2398572249376891 0.6161636366146301 4968.451544509266 -5.427188407700907e-05 0.6128750889743625
1.2655311033593049 0.6356331301161968 4905.134976951625 -5.5816201416384306e-05 0.6274998918366212
1.2178193835991986 0.6385893597161252 4868.881614362279 -0.0001749366669702085 0.631913812752548
1.308537310841814 0.6419121525070213 4536.071410872192 -4.162408291292679e-05 0.4394971276556087
1.2487138916762577 0.5942357719732673 4574.717656683068 1.3052834584340837e-05 0.6113567270199686
1.255278677619435 0.6283110823699971 4709.977523925027 -0.00019807563726333032 0.32812057128624317
1.2729310772243936 0.6181540796198104 4709.929554107483 -0.00010564971800739364 0.3729061152963676
1.274795230603538 0.6462002707928801 4643.840226375842 -7.040848271301838e-05 0.36233551721554735
1.2515772775557903 0.6623861253227111 4306.261439088908 6.03343837167281e-06 0.37728980036232224
1.272966559279581 0.6925940207121164 4901.929062295069 -7.661141745365567e-06 0.5125268654027291
1.2576105116989615 0.6959493359344264 4891.375516080506 -0.0001780210719798313 0.4657579137928419
1.2578106912973834 0.6916391593724585 4891.292050587507 -5.0192238802573876e-05 0.46383345791898145
1.2809904926503886 0.6728686105128227 4814.253115075341 -0.00018469433311510845 0.43420956342431494
1.2027826792763028 0.6521298851075519 4698.4298845728035 -0.00024685246788103365 0.32391556119079856
1.1108932393023503 0.6267142090810449 4663.133834764783 -0.00021688301571300475 0.2969664883435782
1.162501409890119 0.6550422234885204 4663.639530410945 -6.523330913455745e-05 0.3212392020218332
1.178671574601315 0.6390397110246063 4739.158438382126 -6.268154746110675e-05 0.30901191682316304
1.1184102299410905 0.6248543734966737 4663.437564991124 -0.00010007306977523204 0.31177769177874703
1.1494631433385536 0.6441626082697689 4777.947955639767 -5.516291902751493e-05 0.33072512027570916
1.1248689999764396 0.6245806823945532 4752.209035296947 -9.292655092290438e-05 0.391652558498133
1.1329338445201946 0.6365927566986653 4752.998119180848 -8.826160911998487e-05 0.38851250748263805
1.1619079107327464 0.6166064322619446 4966.0961750807155 -5.07194521548524e-05 0.33976294516729233
1.184948556548903 0.625351626663989 4901.03484147806 -0.00012533181405305523 0.32431312060860595
1.1644473406955387 0.632087106622341 4988.699599841337 -0.0002173637976942899 0.32495498490317953
1.188724482357882 0.6448428007569328 4960.915833936206 7.3768642858734955e-06 0.3214765467865204
1.1854559646323253 0.6286631622825718 4836.409631593302 -4.749725499809273e-05 0.3310871065096752
1.1255294907882252 0.6415434142973836 4836.076987338681 -3.81980621841154e-05 0.30878484916077137
1.123635451941519 0.6255879586439258 4832.8818875072875 4.374280325907309e-05 0.308315547918473
1.1537370139289906 0.6156851964700469 4920.755286950491 -2.1797092581408456e-05 0.3349818212296781
1.1818363150654785 0.6158512258486946 4951.875343980017 -0.00037151519868877436 0.3364488816013613
1.189603210978324 0.6420267940113151 4948.567621951484 5.657285794552583e-06 0.44786437282120284
1.1775223835761601 0.6655403303955127 4884.028185127959 7.78758925408983e-06 0.35980192989543947
1.1796881497532268 0.6828339378689283 4891.926954496965 6.456045591258146e-06 0.3325161638710529
1.1951489284253212 0.6689530733673499 4832.562058277742 -2.7615434050526718e-05 0.36407064549525764
1.2393202783192707 0.6549154434086273 4955.688545418636 -4.437144763539119e-06 0.3684785871024944
1.1978694125527523 0.6771819522432337 4849.637168870288 -3.563039759965271e-05 0.3032938015301711
1.1919692173831349 0.6857201357474169 4889.191562438853 -1.5750340086209933e-05 0.3902318011495812
1.213156476523697 0.658286462484335 4803.594894690841 -1.9121177182150284e-07 0.328311603130094
1.1843316336858571 0.6613586170012401 4992.675248930163 -9.488870447304308e-05 0.3485996380403628
1.300638904885873 0.6030358841831974 4676.269984289598 -0.0008185774275455456 0.7235604764293924
1.376959411658846 0.6060838752723542 4815.614987948785 -0.0007016473228418068 0.7285279342459202
1.3956001362109622 0.6123570495432282 4728.896560621397 -0.0009630030932655154 0.7509682164371115
1.3043981686113926 0.636972014898234 4650.331744730256 -0.00043572687797817047 0.6272297704975935
1.3981281040256857 0.6479026130547051 4643.692393281946 -0.0005865387218394595 0.6259275326456317
1.3328225170221955 0.5880818630725565 4574.106479789045 -0.0006592634415899384 0.7091152710163564
1.2946925539892624 0.5971128476673174 4938.581786915483 -0.0005901085598694211 0.6823030484352701
1.257213131869628 0.6019802520170692 4936.151904019494 -0.0007927285789486085 0.6343378127522592
1.2546923724507195 0.6092680203420894 4884.125252287863 -0.0004963014015308709 0.6107620612087232
1.2717708505959777 0.6058245958663031 4829.644006049554 -0.0005697508512758468 0.709997909182579
1.2539766581262202 0.6163223398760428 4868.133807901187 -0.00062281530950433 0.695740716018253
1.3042187395538867 0.5991412608155329 4817.664813691028 -0.0006324182142676462 0.6929968436508605
1.2888206984873865 0.5806141520980695 4898.773801775095 -0.0008532557484631213 0.7078805948253696
1.261985894036932 0.6131745822873518 4980.764513273284 -0.0004951118580640994 0.6783559654789897
1.3115473493263354 0.615789049051427 4869.359876164965 -0.0006018099119306546 0.6345368709433243
1.2695708850890552 0.5878639018219367 4918.72403825657 -0.0005199516539329113 0.7350557962382922
1.3198720217027589 0.5902812049994216 4815.6550578544 -0.0007333894545841058 0.6403584984418687
1.2764336437701842 0.616465366886037 4777.035903128854 -0.0005505227926349117 0.6366283431546877
1.3421441415984103 0.6143256913476979 4814.568241022822 -0.0006171927117682664 0.6634582777191543
1.2468047172932042 0.6258586147464431 4927.704695693585 -0.0010716446481727768 0.6135563159863608
1.341327071095483 0.6059703865011703 4782.782997784352 -0.00025702315278984533 0.7786117933173287
1.381684955838316 0.603642870816141 4777.69569695502 -0.00036067486798392964 0.7793893907585712
1.381684955838316 0.603642870816141 4777.69569695502 -0.00036067486798392964 0.7793893907585712
1.310899593044223 0.5982850118781762 4829.443801353787 -0.0004319086292576481 0.7716016471973145
1.2872537030757085 0.5893022230145836 4816.4783201319815 -0.0005048685838266885 0.7657532742800803
1.3193752241198293 0.6016370682594373 4824.934301174451 -0.0007911556939537654 0.7457638343960622
1.286588340453838 0.6220929372940573 4793.82024508741 -0.0004244926380175299 0.7365472958481389
1.3748673088797334 0.6113707185204045 4731.825075708454 -0.00035156497064904775 0.766871963890021
1.3320431665556756 0.6076047267446638 4728.166218719447 -0.00040111413224422175 0.7899312808344267
1.291315125122154 0.6151419810540084 4777.148384444765 -0.0002807735858099113 0.7228762320330141
1.2755011505163532 0.6039943798089729 4687.036738816053 -0.0004895911669604087 0.7165946760244267
1.3086367243123571 0.607956231044344 4730.680734935498 -0.00045196609000491004 0.7580205836563795
1.3900358471428498 0.6105027626518809 4737.819201856141 -0.00037702949027980414 0.759199120396789
1.2861303761143303 0.5985545421618451 4629.457223367894 -0.00031272429210707655 0.7604933448687585
1.3094920961845706 0.5977550180835827 4777.787824847803 -0.0003132464658268708 0.8063949972215854
1.352547047767318 0.6088753350455132 4829.544544703712 -0.0003972895606001662 0.7446966939621935
1.3295420467559973 0.6112326169559543 4752.218083643101 -0.0004133279060760842 0.7699107131246714
1.3366931709542138 0.6274870320231344 4767.010022652697 -0.00046325109894645707 0.7400754885576984
1.2882691713520618 0.6057191651615235 4574.2565662827365 -0.0002807959732686678 0.7205114952706416
1.2635827868336684 0.610376981293169 4859.268845382019 -0.00028446894738955354 0.6134013740077702
1.2844006961221073 0.5978731748690402 4981.924160190791 -0.0003146466883192301 0.71466849504108
1.2678290618535184 0.5996637680120603 4892.160514879213 -0.00029209430559442874 0.6413320376845323
1.349231852230809 0.614555041840041 4802.815620929399 -0.0002594580242217454 0.6465756152179134
1.2548255917442124 0.62047593604151 4884.488049254315 -0.0005172227282402224 0.6546151097320928
1.30462436799031 0.6081314929162858 4904.62006510838 -0.00040682713857683893 0.7450597936477321
1.2885467854995192 0.6161167858765235 4884.470277688936 -0.00041949270437164645 0.7621272650062574
1.2665856149765606 0.6203237907629358 4811.357281673067 -0.0003393099339283157 0.6892606834703798
1.3550916337812502 0.62150175194341 4849.718475038193 -0.0005695530206197524 0.7165411933990223
1.3382730188879373 0.6351016542500502 4849.1095470611735 -0.0004489530913085929 0.6662088683592531
1.283861774505539 0.6291148926289645 4777.786248856617 -0.00036566946554117435 0.6789662994530432
1.3221156655989472 0.6386940868123259 4832.989659280185 -0.0006992753107025514 0.7080636111074747
1.290461197346302 0.6658230817091063 4832.003140028736 -0.000581807886921801 0.6508527024987343
1.2220290589123326 0.6399421999157668 4952.4417515089635 -0.0006287483328885397 0.6263887424185206
1.3166470815119324 0.6111272499059237 4937.324452627867 -0.0003406688987451727 0.8140931335228654
1.3166470815119324 0.6111272499059237 4937.324452627867 -0.0003406688987451727 0.8140931335228654
1.3659919188637135 0.6188922035405673 4859.2017499889125 -0.00034641419812398143 0.7956702940072844
1.3752644721548781 0.6055220388824523 4837.745759089321 -0.00033162915418979603 0.7935010372432308
1.369550571269662 0.6158723460065655 4891.299571980747 -0.0004086746637641778 0.8013028973155292
1.4351985484023497 0.6101385081223999 4852.640060227552 -0.0005053663587366786 0.7975186756173078
1.3734925948089916 0.606019042157051 4891.400595710101 -0.0004159092486590045 0.8186015438656319
1.3874361865491487 0.6053810444227329 4872.419940131108 -0.00038859345903109873 0.8227204294555167
1.363156468203977 0.609314783651572 4859.588407169542 -0.00027734493071973496 0.7670417667649614
1.4408315374501621 0.6095413436311578 4955.303260779138 -0.0003752805746125107 0.8065034311976782
1.4408315374501621 0.6095413436311578 4955.303260779138 -0.0003752805746125107 0.8065034311976782
1.419039323771354 0.592590453049493 4814.186867495058 -0.0009178644127722377 0.7864958634744554
1.3326409601622795 0.6165410648044373 4955.908110505707 -0.0006045388477679341 0.7139278652962127
1.3365233555897782 0.6059434924724446 4981.2740379700035 -0.0007305404825563571 0.7905091352785245
1.376404155782076 0.6156521651751304 4960.894064381264 -0.0004835827407420528 0.7362890836992906
1.3709754121452922 0.610838784567372 4938.253000705465 -0.0006319296869523736 0.7252037641781399
1.3553545766584825 0.5876398405969154 4886.076871319851 -0.0008527183063729787 0.7897509142639129
1.3234214077860245 0.5855372734498616 4937.959629076891 -0.0008126209039859856 0.7708418133530863
1.3169504817273845 0.5897959509844778 4999.543048818207 -0.0004946459105253408 0.7946913416954012
1.3531950931118248 0.5955725747422462 4994.83734967308 -0.0004956471990142984 0.7341238037581981
1.4020135693545481 0.6012848333488613 4911.979817772318 -0.0005432391702019363 0.7546296120198172
1.3571868065460275 0.6034177295392449 4968.515280211365 -0.00039183716900726177 0.7664986910587571
1.3559306172975547 0.6238180301103865 4836.7164136807705 -0.0004123761341836483 0.8332617569250389
1.3403484987325816 0.6301216767473277 4859.462810595607 -0.00043229750386794113 0.7955947827672551
1.3246444617623978 0.6214129173586687 4889.437358623499 -0.00034232292742073027 0.7586018897728252
1.4093852699825287 0.6220914952772612 4992.7987064091185 -0.0004634714384680704 0.7671157351533991
1.4365694788857124 0.6268268254472272 4964.256345987279 -0.0006250410816252086 0.8351113775833305
1.3891513081917521 0.6286911651749911 4869.013017227458 -0.00067042765271461 0.8364194273690092
1.3455895066421197 0.623114563412237 4884.911631217945 -0.0007169819533524184 0.8483336277782901
1.3844284038197516 0.6306076636296222 4901.741732001913 -0.0005732526764524653 0.7618867250036134
1.4170915626956244 0.623066645597414 4978.719394694661 -0.0008737448179041479 0.8125762130402068
1.3478947603289582 0.6086835436672007 4811.068216547529 -0.0008325885200714579 0.8774057186289396
1.3738206317642976 0.6240964935744012 4832.181329549725 -0.000992765308650614 0.7663664272741995
1.3893688309188532 0.6197829787658528 4832.283193505659 -0.0008247069722216587 0.7886616965005929
1.3893688309188532 0.6197829787658528 4832.283193505659 -0.0008247069722216587 0.7886616965005929
1.422408553260912 0.614151391535908 4877.1439752445685 -0.0007197492543638573 0.8097809294002706
1.3688214740592013 0.6125255614725478 4953.346781635907 -0.000707423980888098 0.7735409757307543
1.3444038868004633 0.6199194801137179 4922.294792428453 -0.0006933040454980961 0.7796249021726621
1.4430312666343106 0.6102516449577866 4984.492820391918 -0.000611898587313986 0.7693340316168256
1.3109723604213253 0.612521400221236 4927.919318060782 -0.0006405847646065786 0.8562319433288367
1.33749218156716 0.6149096294150833 4988.677520485375 -0.0008562532301733004 0.7830926756941057
1.3784544470679703 0.6228769294734472 4980.411434566358 -0.0006940949778837254 0.7981148693089908
1.3763228766597368 0.6338315399821185 4901.878640651237 -0.0004956730015360822 0.7884939214849871
1.3346144760991836 0.6450721629625678 4884.782921075449 -0.00053579204869999 0.8552195237704124
1.356046022667751 0.6366668403305608 4966.231981103737 -0.0005544525908200665 0.8392773752143494
1.362232678287334 0.6369932615306986 4951.850766238298 -0.000490866144287025 0.8159583981789116
1.4639420904583396 0.6372198697693903 4987.0900901764 -0.000712025041280528 0.8080922988186756
1.4318746828775337 0.6451520698748514 4985.462065304237 -0.0005962328511452902 0.8638166782729938
1.3501690380807916 0.6582899539226477 4988.80769864355 -0.0007896503045718094 0.8494822902523614
1.320369804967934 0.6639908876069692 4827.320030779527 -0.0006481568824834438 0.8446275880107044
1.3358130404749429 0.6347558875330532 4794.275011245405 -0.0007479466082213013 0.7991522695688461
1.3358130404749429 0.6347558875330532 4794.275011245405 -0.0007479466082213013 0.7991522695688461
1.348966863905898 0.6414371607639955 4985.950987444276 -0.0006158793673901035 0.8060783880292217
1.348966863905898 0.6414371607639955 4985.950987444276 -0.0006158793673901035 0.8060783880292217
1.3044601634117043 0.6538057140121534 4985.0311203298925 -0.0007875211617611775 0.6647880101296806
1.3174728844801202 0.6568172024501427 4985.2761368221045 -0.0009251207174804849 0.6977592832491551
1.3344144784076397 0.6117286370802714 4884.522610248524 -0.0004424978641394929 0.7616891481217594
1.3096628262637782 0.6287601120382071 4983.450427733215 -0.0005694978698406643 0.7172386703634341
1.2881890046269078 0.5972311401440296 4995.897579257542 -0.00046775004829563454 0.7763783977590077
1.5042869395175447 0.6394816657456593 4955.4504763863215 -0.0007528554701848147 0.8749622480015424
1.4042448639671326 0.5628394341279486 4941.2800130393025 -0.00040369878327047823 0.6766133033580384
1.342524961745627 0.5812762112302128 4811.858078603459 -0.00041531666462407533 0.8008860739729653
1.3240991988954312 0.5735294091301162 4817.685573646353 -0.0005433741485074487 0.814199095613755
1.4206913849865868 0.564326131189949 4874.580655231411 -0.0007153363643920184 0.7362376996452675
1.3376117665733018 0.581056943096574 4961.395157855314 -0.0007712076273830838 0.7547932916037043
1.3215207846388437 0.573211117964007 4936.812179468812 -0.00072235897965799 0.7496220761765207
1.3525758349450334 0.5832222714138697 4994.550926067938 -0.000687169745918765 0.7565105327517669
1.3626378138864674 0.5810475122962595 4975.477744391366 -0.000630213830378247 0.7146984100228024
1.361629634103724 0.5541035406545516 4898.05091158667 -0.000677387321282283 0.6924579442645178
1.3696118955578285 0.5780895517702639 4941.535251129254 -0.00048789530317648464 0.7917740363967943
1.3573481694284668 0.5548598849979238 4941.106627947096 -0.0005067583538448843 0.7509843724069221
1.366013832119768 0.5703152036315049 4903.128564394683 -0.0006724609206027505 0.7132997035157685
1.416875758900066 0.5603692065251276 4910.784359691188 -0.000802187249932811 0.7197439484968157
1.361046989249759 0.5791733431795758 4832.711755549874 -0.00042744111746280384 0.7955390924222752
1.3690243031966716 0.5821092781272288 4882.058755764013 -0.0005238451509833213 0.7111543161556255
1.309457474825297 0.5637988835002807 4903.4145252609405 -0.0007098091369989042 0.7310709210299579
1.3346581850847075 0.5622440981829082 4816.063505851113 -0.0006154185316208699 0.6956738592432601
1.369682536783632 0.5699245150143368 4829.207438066752 -0.0009171592793346727 0.7003631274259068
1.2925885011270666 0.5577266070517752 4752.184140287258 -0.0006679689869701738 0.7683677973427394
1.2801315400415763 0.5767659165896207 4912.399158861503 -0.000502713333479542 0.7355859874505968
1.2934852212283239 0.5773505289973271 4948.585613562294 -0.0004947733280266917 0.6682357550765057
1.4537253013970795 0.570592437206173 4836.919775879933 -0.00033481525344163993 0.8040540568095395
1.4333356599373506 0.6056080309706653 4852.067152600198 -0.00031763810910125393 0.7871163646997171
1.4496782729913438 0.604857542901211 4964.715474573782 -0.00033990119111751497 0.8273588272909065
1.4589562024118639 0.5927039444399514 4926.0821658424275 -0.0006543795448203046 0.8057488916960104
1.4782294813829706 0.5920795989378941 4899.269427921762 -0.0008221243433635448 0.7284590167321576
1.454190808278753 0.5936978664697192 4835.764693506401 -0.0005666980826233823 0.7849763179866742
1.4553274149299988 0.5862312932606784 4832.497606978394 -0.0005100756096369783 0.7106236819301248
1.4440725451591145 0.5575652239496206 4836.591697598136 -0.0004984443089626753 0.7951489944993271
1.4778431615134102 0.5712533708823682 4899.09935466457 -0.0005910215275631508 0.7795906120418006
1.4300798031831348 0.5886096248026513 4955.999643491715 -0.0006996689552679264 0.7835590010924517
1.4251893127904731 0.569807528560851 4927.661004290109 -0.0005270174297396199 0.731506543202016
1.4377580754032544 0.5967423264536955 4901.498692998413 -0.00038116551203155424 0.7471076322677038
1.4854743711718377 0.5775982350289606 4804.4733386199505 -0.0004870562909435453 0.7132191131413458
1.4624014197228115 0.5861825955931728 4836.419714977859 -0.0008297058262117736 0.7698307182833264
1.3278324460919082 0.5864600858629311 4910.834569311477 -0.00032675485988874664 0.7305223811918007
1.3909617821713312 0.5665407795910586 4676.256223236657 -0.00038411300579227063 0.7444952257118971
1.4306095095535398 0.5417460982829612 4731.312582853173 -0.0008127378368792922 0.6919314323129708
1.4402813779111532 0.559466477007532 4739.38796147272 -0.000891836812603623 0.6838359960959015
1.3929682607880585 0.5527826124068704 4760.422842197393 -0.0007490372448530735 0.7410246136767427
1.4484296646883266 0.5453558186158299 4676.41987848705 -0.0005295843066307316 0.6861798747214931
1.3392927499182194 0.5610306820615067 4994.417153566966 -0.00035585159000835507 0.7201147744647711
1.3079709587043036 0.5635882405780446 4918.737061311231 -0.0003034906528302846 0.7523444969099524
1.3609801232404761 0.570869980763313 4966.053955801462 -0.000260884304373794 0.7518595380444067
1.3728547901156336 0.5608607701903032 4941.560494140972 -0.00023130127199428454 0.769664073863617
1.3827706689543051 0.556449634470602 4817.19226480816 -0.00023358745658203062 0.8002371470153347
1.3450836514121964 0.5799973303867292 4952.794025700617 -0.00035657823993942583 0.7821501168358729
1.3083196517649016 0.577515659703188 4989.404917291614 -0.0003397528631610023 0.7113716095856044
1.3605244650942692 0.6014302648917553 4941.220194784719 -0.0002561240630050083 0.7260573261562695
1.2709241227638852 0.5707207505944342 4868.8854254901835 -0.00018722963511879712 0.7361962380996455
1.394958774846446 0.5854051202180066 4927.672812132773 -0.00023998113266747459 0.7114376523844566
1.3263130245256005 0.5826826214831252 4941.981637475086 -0.00026653279256951315 0.7102464822482774
1.3686779673914649 0.5867675938091509 4974.327171091901 -0.00030956315081614256 0.7323341762842313
1.279804778715196 0.595451108526619 4948.954833710725 -0.000258827640293988 0.6712377279321466
1.4487251103780472 0.5954206292998439 4852.100083819046 -0.00029107473137008613 0.7737893940410309
1.383219888047108 0.5823707978411276 4815.821059172021 -0.0001482668855398563 0.7504391502464955
1.4108857963902384 0.5815272784772417 4790.426164579468 -0.0001672520339613956 0.7659627321781224
1.4137332588085527 0.592243509682283 4958.256353367179 -0.00021809340534601645 0.6991998011564606
1.4261934783066406 0.5883931731221483 4760.555991336073 -0.00014368692866192548 0.6898337635488969
1.352675758967064 0.5902638313879549 4824.181073183216 -0.0002003753100227817 0.7750977608789547
1.3417891113144904 0.58424929254185 4788.749569260361 -0.00027355511156008434 0.740719198290942
1.3246463904795502 0.5888095479853317 4777.132170034328 -0.00037067010954159235 0.7374537952873987
1.3388719666754614 0.5747440410587213 4903.6986717739355 -0.0002766790045047858 0.7620567988469547
1.358994135832963 0.5662166745322816 4737.5989653232455 -0.0001890691103946156 0.713941207838794
1.3751093386812236 0.5735728699301439 4782.844715654696 -0.00030922549345945797 0.7158728272394699
1.3669621135789543 0.5732717935919973 4760.843582225068 -0.00016372615015058028 0.742819662106062
1.2527233007390046 0.5872374450925637 4882.7029381749535 -0.0003586033334300158 0.6570868570409101
1.3674453392941315 0.5993567029692204 4741.832933339232 -0.0003644948960739927 0.7189652536439815
1.2921023368389448 0.5884377113687105 4910.375596103014 -0.0002572649536455036 0.6918707672216025
1.3039056907062458 0.5392387031824594 4948.8074164215905 -3.764111553041999e-05 0.6705185050451337
1.4024263251899314 0.5615926541794066 4903.340694599395 -8.007159829160761e-05 0.6805456768067908
1.415490904211151 0.5314902576186142 4903.154864645059 -0.0002594421830219227 0.6732151785901881
1.375333987970959 0.5584635152757845 4777.725006182628 -0.0001339686821349704 0.6901304235799961
1.4207387050081843 0.5579870538816809 4677.325331764506 -0.00020733937407053593 0.6973277285452093
1.438458939806364 0.5491099076112218 4663.486958450273 -0.0002657961914034404 0.6904660208299422
1.3960947580083776 0.6502669607317648 4978.027424172983 -0.00011381781562614549 0.8834620311542685
1.3414637840104482 0.6379044079254467 4937.705606984271 -0.00012155702850131812 0.8917709877810088
1.368777039818299 0.6267724245387573 4968.952726161705 -0.0001355948547428945 0.8346938458737072
1.3408862208060786 0.643180462753114 4989.008737006746 -0.00015408727154475068 0.8457791575289985
1.3887420881022585 0.656545258247067 4960.114643903128 -0.00011559272817717095 0.7994976779058075
1.3529822708278152 0.6238475171763568 4889.5169350080005 -0.00019484768015665452 0.8177175141318989
1.3314727210384207 0.6242689929276354 4918.30727285621 -0.00017260067642721675 0.834974394961419
1.3295872741881896 0.6409823359357129 4953.353797688523 -0.00011607078713420357 0.8071375858916291
1.3775511367818467 0.6717568042370626 4960.072857577664 -5.7915350380607425e-05 0.8710491533865167
1.3612738159629536 0.6590975582903947 4976.426239153013 -2.2559678474954996e-05 0.8908453121504751
1.3464329732348201 0.6522645965773204 4891.808079530938 -8.356181797689682e-05 0.8500259879666416
1.2688859111480664 0.656220366465668 4903.771133010918 -0.00013862626514938087 0.714869064332869
1.291865759883526 0.6481687421794852 4927.25514672437 -0.00011705823662466946 0.8318612866593447
1.2736635352995211 0.6547828268099019 4966.527234437462 -0.0001424753253253159 0.6815134537077334
1.2768457021984438 0.6855422018566224 4984.363172778673 -0.00012808273754550385 0.685239015311733
1.2933928862380206 0.6392137441032882 4927.778519336229 -0.00018563698603957888 0.7880461341817082
1.3067354300192706 0.6382465060516475 4994.548020633224 -0.00019105246829622223 0.7284849579505627
1.2841997454221994 0.621358532767708 4999.975393203348 -0.0002291764126636722 0.7740241242700757
1.3131397141150636 0.6341102637737913 4994.196903540286 -0.00015471923820435858 0.7508169170495814
1.3771621979686022 0.6539773722566179 4978.147238511681 -0.0001911714761185455 0.8619125386958233
1.3641039956070673 0.6678242384161652 4899.636586402858 -8.947040662713264e-05 0.7890773724551194
1.329996362773381 0.6786774175499564 4872.124674109201 -2.3695246370575738e-05 0.8274831574025718
1.332041561260966 0.6748372251916842 4815.677767561047 -0.00012971909100859872 0.7044401932781252
1.3722290459005313 0.6680575769439437 4895.442112001207 -0.00018556253585887028 0.7790480597075461
1.3722290459005313 0.6680575769439437 4895.442112001207 -0.00018556253585887028 0.7790480597075461
1.3451577404719322 0.6803727347626738 4899.36261969565 -0.0002155308044045631 0.8351696012486007
1.373954670324597 0.6691526191911448 4926.434387398075 -0.00018207174240333413 0.8444795048328163
1.3662840729823205 0.6561844179735762 4911.369313735632 -0.0002492383946888902 0.8533441635357732
1.381119341337789 0.6511131294153272 4976.098429124258 -0.00017972042877383734 0.8818464299989063
1.3486019174885011 0.6453645121710219 4937.450115963168 -0.00024194890478861027 0.863243290085109
1.2898575366321885 0.6511589751108986 4937.376828020526 -0.00020602598332776056 0.813397757539192
1.2898575366321885 0.6511589751108986 4937.376828020526 -0.00020602598332776056 0.813397757539192
1.2647989289223276 0.668191238402105 4937.159684909643 -0.00024571015470304926 0.812579269625999
1.3618132665864275 0.6624935288571443 4895.166712975344 -0.00023482465224270723 0.7211849349431818
1.3167227344605092 0.6338874893015571 4836.076631402941 -5.4065428890510283e-05 0.6937853437839987
1.3167227344605092 0.6338874893015571 4836.076631402941 -5.4065428890510283e-05 0.6937853437839987
1.2753932137146164 0.6226862245487101 4918.3969424711995 -1.0742731384002816e-05 0.7800680692810114
1.2935358375459143 0.6220138692217978 4874.353433941464 -5.960022473739376e-05 0.7670987238833773
1.3161057564772314 0.6279073949272563 4872.105101985737 -3.208300301651485e-06 0.7349808645424278
1.3182025229100285 0.6239727627960089 4938.93578966579 5.3571725816176044e-06 0.7552279488661973
1.3235106108941854 0.639983502870768 4938.994975651776 -6.809051649810338e-05 0.8152583018305889
1.3730167536914966 0.6368350726394274 4955.387924735521 -3.9831445361517574e-05 0.7598150236537808
1.3730167536914966 0.6368350726394274 4955.387924735521 -3.9831445361517574e-05 0.7598150236537808
1.3391552859490663 0.645868873481777 4859.366319419164 -5.8345240356829266e-05 0.8174978411102043
1.3086209847250905 0.6561964538929089 4975.854247995875 -3.241825624502792e-05 0.7328207927061047
1.3221316963601613 0.6571851670374121 4964.420497029504 -5.848801658936936e-05 0.7100998181457975
1.2889792792245987 0.6552921038796252 4984.086076949809 -3.7542055395207634e-05 0.6765458993476299
1.3028682630382782 0.6439763294425755 4872.272281801915 -0.00012615625426838571 0.7100221168136909
1.4181310029601288 0.6486456164358512 4850.7904687828295 -6.894887421080946e-05 0.7461913292692486
1.3535220634397496 0.6662141675906615 4895.9487719041945 5.525730151028058e-06 0.7329736820182905
1.3030274936417112 0.6486260655049723 4882.749755168616 -3.557867315377787e-05 0.7883377100720357
1.3377012075670565 0.6393747065058313 4811.382164460343 -0.00012587590501169247 0.8748070665226209
1.355512701948093 0.6384061788778297 4805.905083333973 -0.00019519483760428464 0.8374894724300915
1.3376828860844179 0.6448770408726637 4797.520889045226 -0.0001168867087073479 0.8507611446501252
1.305532012458678 0.6638037150854214 4805.398540717526 -0.00010932603336904198 0.8483061474529947
1.37406628946256 0.6545141563092176 4803.996524502484 -8.993310656848027e-05 0.7820241721533265
1.3801650599516542 0.6759288108654167 4895.753449226527 -0.00020467313876212405 0.8744671340411367
1.3244453423358817 0.6573829581278194 4811.23925424802 -0.0002207586037818834 0.8945975874720702
1.4324542961017768 0.6495592728897983 4930.570233171599 -0.00021472417268081757 0.9146329541169393
1.4128840299710062 0.6642157089912891 4960.799514283649 -0.00022413627914433647 0.9253902726099317
1.42590602609739 0.6524344963554676 4988.200929482833 -0.00023054838127280788 0.9139211984844364
1.4204353516017443 0.6471961641200548 4978.226179065822 -0.0001939154392979506 0.89705914327044
1.40603189641554 0.6721457482152653 4869.608094304613 -0.0002612970853697931 0.9378660116152941
1.4040679951627153 0.6516179753796532 4827.001488063139 -8.117562952380745e-05 0.8983969644682452
1.4384690241900269 0.6555821453961529 4811.023888406484 -0.0002036018934000088 0.8726516647362315
1.4923286986182003 0.665422395340429 4926.036007187995 -0.00017027405677347038 0.9468969862770448
1.4874831711268643 0.6672231003427851 4806.53394607967 -0.0002245617836919543 0.9290466123571061
1.3973869383651794 0.6516429848692357 4811.475875510204 -0.0002510998127789304 0.9214379271872069
1.3776079481118688 0.6442712577247245 4794.443658605401 -0.00016681808413788286 0.8710264247338643
1.3776079481118688 0.6442712577247245 4794.443658605401 -0.00016681808413788286 0.8710264247338643
1.3678777070970747 0.6511415087811352 4794.157679574106 -7.29061571482298e-05 0.8369919868682361
1.3385957512411952 0.6464768926068754 4797.5599218231 -0.00017564074553601104 0.9145046403562282
1.3800220223155506 0.6469154007236828 4767.696484998977 -0.00012586558203169258 0.8989416810562286
1.3941624410588762 0.6474465045789943 4784.979568751317 -3.8721585807905606e-05 0.9339499950915949
1.3575638041082634 0.6576223403580218 4794.796197166305 -0.00014673841127315682 0.9408798908787057
1.4145400975175568 0.6604533317060941 4794.312443951704 -0.00011630715457736599 0.9872180092138383
1.378880792528012 0.6485991401698714 4822.726603006999 -4.725235356118542e-05 0.9450515701113997
1.370305348630461 0.6484628286960971 4777.181007666962 -0.00011564816610610705 0.8416915607133049
1.370305348630461 0.6484628286960971 4777.181007666962 -0.00011564816610610705 0.8416915607133049
1.4162203133384126 0.6496458920904448 4933.2367454483565 -8.529085056133839e-06 0.8795871923985581
1.3860113738815096 0.600178234992352 4941.113252958189 -0.00021816908646710777 0.7604866982322853
1.390008966964762 0.6067545447442662 4947.63208851455 -0.00024817225707717656 0.7767551072116282
1.3380351536806594 0.5969139487594572 4992.240830222932 -0.0002027496248396355 0.7873587896788985
1.4017090065213527 0.5985496362904503 4927.278490325488 -0.00021696489039641534 0.7866343989653793
1.3119483840960608 0.6019754263817956 4903.55853512665 -0.0002556397785891695 0.7454973653401549
1.3119483840960608 0.6019754263817956 4903.55853512665 -0.0002556397785891695 0.7454973653401549
1.3680904201661988 0.615134784455503 4889.0272595162305 -0.00020670995294430196 0.799662118308841
1.3992870407685263 0.6297113516710026 4960.677024027783 -9.756201475697907e-05 0.8497371865221063
1.3741199756879938 0.617811720235519 4927.8618359921675 -0.00020712270886886277 0.8185387214319277
1.438167803623613 0.6218494780767807 4901.31688610609 -6.566010126498548e-05 0.7651450400482813
1.4184430022844334 0.6139308890301851 4955.979324475891 -0.00022050360683478117 0.8047553988438351
1.4184430022844334 0.6139308890301851 4955.979324475891 -0.00022050360683478117 0.8047553988438351
1.3404237743869485 0.6211296957823618 4903.420099534323 -7.176708586226498e-05 0.8210757756308973
1.383601739703224 0.6229626205263145 4899.167589793622 -0.00020357559122051946 0.7738955780755642
1.3205385700693069 0.6208417139243739 4886.4967480307905 -0.00019856766463580022 0.813149812868757
1.4291688111468956 0.6168225669401672 4947.08562971439 -1.5238631183891464e-05 0.8270732467427763
1.3393728573857608 0.6057510320099445 4936.605700703387 -8.713490092564959e-05 0.7654373827493709
1.3493900719148586 0.6120655627621365 4966.921225192631 -0.00010511291274300339 0.7422442692206359
1.3986156343895906 0.6065945798714159 4903.064877604815 -0.00013893682724450685 0.7231739285733896
1.3680742617075268 0.6130346449546582 4923.043057734248 -0.00021276089594799165 0.7531274991171153
1.3733163710845673 0.5934825946092086 4902.746191036826 -0.00011093648077762994 0.8147341918021671
1.4199499180322337 0.600242798507258 4957.683023038653 -4.9841173995928315e-05 0.8174464788146454
1.4514570985780533 0.6060328797997461 4899.904315399126 -7.73767204694231e-05 0.7854306728677701
1.3822459975638695 0.617338348025745 4903.837837352536 -4.655335257670687e-05 0.7681546109891126
1.351218005452673 0.6144254572486398 4991.841671258076 -8.908782552032244e-05 0.7818648351887083
1.436940181163303 0.6252167119173504 4869.422222892528 -0.0001355270310687618 0.7899234785505646
1.3162849308646438 0.6029697498273412 4902.026594895835 -0.00019033866787074362 0.7861707302365587
1.3273942316818954 0.6150248332534742 4999.813096977982 -1.765226033954797e-05 0.7893443587687177
1.3711616016992707 0.6157080881377841 4938.657229160908 -0.0001039836924930822 0.749266570583551
1.3015141346590038 0.6090967358260098 4979.633523183521 -0.0002803381926776391 0.7576892685361949
1.366398398217086 0.6156676353052003 4994.556698873573 -0.00018870329735387305 0.7940508044689385
1.2314094119570644 0.629302034984168 4937.639336246358 -6.82079074239133e-05 0.6197691873743554
1.4077140356485813 0.6176604299238602 4849.1146107770855 -0.0002537718333064722 0.8158480275394604
1.3235104892209422 0.6130361607159014 4991.56281009191 -0.00023297672545369657 0.8025479751957278
1.312670644371872 0.6416970489605902 4841.704442588875 -0.0002808259036416163 0.6437896741051282
1.275653961359998 0.6163200717701244 4952.41033344416 -0.00025598230321033344 0.7787792560675814
1.3230109895826 0.6344767368289858 4869.152084671167 -0.0002950469920312431 0.6797647655368763
1.3880278065978098 0.6362424081788652 4927.376304285364 -0.00029440166318916137 0.8593158905673022
1.3318029032328074 0.6460976971886269 4910.156875137524 -0.00047541025919264044 0.8336692822792461
1.3342890940296686 0.620793126714773 4898.609173909066 -0.00031423493076981207 0.7942156086207643
1.3394642087379325 0.6240685142585845 4927.142111372186 -0.00034256246038387016 0.8832090924406569
1.34012853765189 0.6212835802423013 4994.779350261164 -0.0003862275860523214 0.7930893534497317
1.3568445974291268 0.6338182257163147 4852.24305297683 -0.00035750911423210386 0.8324173745545544
1.3199104354385298 0.6614355928015991 4937.357524318255 -0.0004274094057429606 0.8853570141010829
1.4070038730479857 0.6231335950562578 4988.347243956395 -0.00035858820775315454 0.8903051200737354
1.4273676649602682 0.6176548064746522 4964.700673507482 -0.00033205907435014936 0.8199195564399022
1.388837718847903 0.6245271146533258 4988.879960338421 -0.0003211601857625437 0.9092032372163983
1.382226592946986 0.6533070330933771 4960.8002339750665 -0.0004194065899371927 0.8022342080935716
1.4102955368962753 0.6319246828337695 4960.015266389744 -0.00029484151701946186 0.8900298081219644
1.379582907827431 0.645739712305552 4988.205340145142 -0.00041176726606441627 0.856890373791975
1.4183071924318023 0.6590953443561035 4987.849605501197 -0.0003782583247730503 0.8409745281969648
1.4144897641687537 0.6706166692867086 4987.730499457252 -0.0007185121994417768 0.8539886529487868
1.4114616266287192 0.6331370857032742 4978.770849466298 -0.0003804476045650881 0.8748972130023224
1.3079348831733553 0.6534829882287756 4836.114572239667 -0.0003721454912714533 0.741399749160824
1.295873599130049 0.6755463933033432 4927.400626118731 -0.000903202209519167 0.8820266676257514
1.2379147402858406 0.6585995604810029 4918.257266745121 -0.0005299089608145445 0.8016541088425307
1.3162335352787342 0.6499054862619454 4976.457892339566 -0.00042842992060406897 0.8011482396606524
1.332230603948068 0.6517273374965534 4941.403351558444 -0.00043202279280038134 0.8043528848998895
1.3011675432958065 0.6587770941824856 4884.300738107572 -0.00047086106052551 0.7919895153561641
1.3712340706691866 0.6625354416253341 4983.564926873736 -0.0006336140462979795 0.901048392899139
1.3139245986435557 0.6227066293509012 4920.082801825046 -0.0003175281355789007 0.7795753985100269
1.2950689778824063 0.6393771561555494 4777.893568568442 -0.0002695677636536483 0.7741377238853142
1.4095115252004016 0.6822080537083182 4969.919203918803 -0.00037795726597885277 0.8566107408540937
1.3076943680534687 0.6582996347896262 4976.458534744933 -0.000271911297969605 0.8321116533400366
1.3151544903267698 0.6722611651411774 4976.453899508139 -0.0003328726234474253 0.9239068296323132
1.304220103712649 0.6493119078666527 4978.781954602482 -0.00035464257933962435 0.6283319066999143
1.255496956179089 0.6546006426151628 4989.778920362392 -0.0003890144275584592 0.6451490828301996
1.3590808153266858 0.6575475962168127 4926.421993115755 -0.00046878649567734965 0.7092173158357844
1.2864538700359232 0.6433180392170325 4920.358831184082 -0.000447827016710918 0.7401027831531535
1.3030272912358858 0.6405788149004437 4989.663970045391 -0.0005292000639521441 0.8118422262614763
1.2807548702203286 0.6763684749354105 4910.832309379156 -0.0003919548386249234 0.7062616074153674
1.355789769548427 0.6490548960960348 4926.212426500008 -0.00040219842523760136 0.7498019440430459
1.370523261854185 0.643098720793804 4926.681368709825 -0.00044386215055307467 0.7388586734633869
1.319610442502129 0.6750178689676176 4852.250307268513 -0.00034392841822332616 0.8074778718914223
1.3101923003668703 0.6891910908538141 4794.834228139694 -0.00037790085504665124 0.7344786324438601
1.2802715186692633 0.6752171170940722 4927.411023129255 -0.0003260429750000309 0.8193553572410394
1.362846382455154 0.6653122719173014 4849.2207502816755 -0.00027697753535969855 0.7283975279553072
1.362846382455154 0.6653122719173014 4849.2207502816755 -0.00027697753535969855 0.7283975279553072
1.3002578804429676 0.6460613847136025 4968.02518632476 -0.0004217335236149423 0.8360429784620365
1.4017396483440694 0.6424683299698684 4836.021324735338 -0.00046997011136976736 0.809692498628231
1.3470157381955694 0.6638164257968217 4985.547986704288 -0.0003166138827864595 0.8066687402179771
1.352375858081495 0.6076990676721588 4815.762460723635 -5.151745174023862e-05 0.7124570885737797
1.2794306012330996 0.612164527726662 4837.592353719856 -0.00011326008308591327 0.6715435306032722
1.2351749986355909 0.614501038371666 4801.822266891943 -1.6283956704767186e-05 0.6477654704986917
1.2622605679084438 0.5946732783588866 4760.665124839125 -4.783375491390273e-05 0.6802152325436712
1.3249674519220564 0.6141167086716086 4737.968101310161 -0.00011978363975978347 0.7198978674900132
1.2891201926435845 0.6040903574604041 4730.9433357353855 -7.94385261763331e-05 0.7208568185983693
1.2854002735908323 0.5947017609100902 4609.57096397468 -9.527057340511374e-05 0.7341159673454567
1.3332104433573928 0.6010056817367758 4574.152668576363 -5.871832949098326e-05 0.7213045052028486
1.3884511764208423 0.6292731455137296 4815.3089753757395 -5.010433030323322e-05 0.7704114129870497
1.3223843237791622 0.6154361516992 4811.009129338528 -0.00016515247018252275 0.7987598064008724
1.3223843237791622 0.6154361516992 4811.009129338528 -0.00016515247018252275 0.7987598064008724
1.301977553566891 0.6288901974882343 4760.457260481117 -0.00018368964749985087 0.7688612708784126
1.325343342861653 0.6284302427371579 4824.8931912694225 -0.00021239811705572463 0.7646070742701538
1.3014904844679673 0.6296193602407971 4728.801344546382 -0.00021295674431832655 0.7583648991661148
1.3260478725888758 0.6259898250536854 4779.408283565259 -5.4132163424464265e-06 0.7284184954349759
1.2196317981216658 0.6302630144876565 4752.387949226947 -9.50483907951784e-05 0.7227175688316797
1.3507727177074251 0.6428797717512109 4794.864837350163 -7.90147205619122e-05 0.7869664185683594
1.420469704969491 0.5899121362687236 4927.785523175065 -0.0001520911026268388 0.7643233782591632
1.420469704969491 0.5899121362687236 4927.785523175065 -0.0001520911026268388 0.7643233782591632
1.3252198599047356 0.5725565957501766 4903.229065790603 -4.5255277727252376e-05 0.7139844049550741
1.3605492363016172 0.58014396733091 4936.158845770195 -7.679644341809314e-05 0.7199024894716779
1.3178244133286152 0.5814644435896825 4936.4977500655805 -7.845297126896991e-05 0.7413593631932294
1.3073666476454897 0.5993742201129934 4920.03431878408 -0.0001369599692399966 0.7220238314055711
1.3165042682698065 0.5903593262484905 4951.431562307766 -0.0001392574121674293 0.7046488344070686
1.322354448986703 0.5806256468454184 4910.264368361665 -7.71430122352857e-05 0.7699407391347861
1.387738151613025 0.6114212502902443 4815.512383197042 -5.860906484834213e-05 0.7201029189816144
1.3727812319838903 0.6051662816537793 4815.671322404026 -4.346542207551095e-05 0.7684324571613901
1.3786019301667212 0.5949853879915372 4922.315898421022 -8.077609320681981e-05 0.7541505427496873
1.3312924465634872 0.5931619229226803 4937.583612231654 -6.565287665346598e-05 0.821647071355733
1.3068987962938414 0.591503812394013 4886.744298605227 -1.6229071926222763e-05 0.7476777865899391
1.3291355837272785 0.5948095968592004 4892.058538533482 -0.00010213434065418874 0.7693326871884438
1.3772158628990918 0.6066068896828879 4741.084600868216 -3.701281201575414e-05 0.7525978661376338
1.4469946870798807 0.5929505846060417 4852.534710910877 -0.00010099197791407633 0.7354390384248074
1.4212553040053617 0.5866363421245577 4841.918762463104 -5.416031910287331e-05 0.79118734450816
1.4152010464795353 0.5866853181511673 4817.452747483455 -0.00012163730352998725 0.6796212514401225
1.3691387926065302 0.5590940352098533 4989.061411287048 -8.756708708003128e-05 0.7468068739508565
1.445078214406927 0.5608311506153554 4790.913040850188 -2.1907186321548792e-05 0.7200297007664925
1.4193445128425646 0.5799543755034076 4915.0776183461785 -6.50517583627022e-05 0.7379073424076222
1.3272170646732948 0.5846777348691341 4832.538244849912 -0.00014076670476099665 0.7627681324215335
1.357104143598344 0.5890086434705719 4790.415409143204 -0.00012527967897486467 0.7548643203907479
1.4040861627832246 0.5996496578824914 4739.550005356143 -0.0001852646833633596 0.757448098197931
1.31213867261217 0.6168752733561327 4947.380162075091 -0.00013309163677221577 0.7606842579496372
1.4022167797243494 0.5827330482933394 4975.56856881765 4.4846443739983686e-05 0.7698944821217317
1.3258792742043537 0.6432594001937966 4344.856169217679 -0.0002770214556313006 0.4906403677706943
1.3258792742043537 0.6432594001937966 4344.856169217679 -0.0002770214556313006 0.4906403677706943
1.3375402400939196 0.6421191580764728 4344.656941990634 -0.0004936951605169005 0.5223477852905977
1.347797824661019 0.6431905659724981 4270.167728963618 -0.0002527469349628303 0.7011390805774775
1.3364705155674397 0.6820512340039144 4413.671166912136 -0.00019939254865153686 0.5990467242223433
1.3972985473282198 0.6613953350825175 4468.593748042779 -0.00017542417579422443 0.6091112961576626
1.3780483405846269 0.6493055104895761 4442.937526477088 -0.0001451812900010299 0.6935994539392436
1.3336669105536632 0.6618779873274704 4428.4221068805 -0.00019561307070108038 0.7236365914987647
1.361750140266768 0.6753253698719144 4344.734184685491 -3.132309339875764e-05 0.6213562769539263
1.4074818370089073 0.614378869921217 4306.220363887783 -0.00044431022528537283 0.7860849051629385
1.3478298748669966 0.5929197556682563 4428.449983589504 -0.0008574612971510345 0.7122536039194269
1.3901587188098454 0.5968919285825082 4306.359190177335 -0.0002701043224218616 0.742809841333106
1.237353162796901 0.6055400032541309 4463.520752772473 -0.00021203307197393856 0.7088362157178127
1.4193036824721135 0.612677042411208 4468.259911065848 -0.00032813323157797564 0.6350825652776387
1.4128802220190826 0.6109114777994065 4468.9466852244 -0.00028375844302715874 0.6301801320084708
1.3267069718872602 0.616467436768326 4509.441984426237 -0.00046027042721853234 0.7313564727868882
1.3971242688692085 0.6389300448161264 4424.194401518563 -0.0002887915838538485 0.7411898775003357
1.359928101736935 0.6459932828170925 4581.3526189809245 -0.0007900643939499551 0.6598050333362302
1.3971291649758584 0.6723695274860164 4566.2493864540975 -0.00046318369489597853 0.6532416493978873
1.3720341051935074 0.6249301395796139 4581.736735848653 -0.0006267239148876714 0.726471933159307
1.4295214351446308 0.6237634881195643 4643.136871924333 -0.0004118498787194315 0.7288355509867988
1.3887861995853068 0.601846413519483 4636.082943496319 -0.00030143502822015756 0.6999737331250526
1.4285736725530775 0.6019018109278013 4424.482559720772 -0.0011035653562895657 0.8048199643990925
1.4454980935134794 0.6009032576098573 4424.079448077549 -0.0006597268917077847 0.7650010949764146
1.4108460713240525 0.5468258881609495 4519.26964245055 -0.0004658957470722903 0.6916775104906218
1.3698268700324558 0.5763013689916854 4463.730516188515 -0.0002918211618141784 0.7092449984676583
1.4380115910351865 0.5702160604894735 4428.58080426894 -0.00040165197611948504 0.730232344600548
1.409971926492902 0.6102625277864464 4403.542103773936 -0.0007763776139576384 0.7711323499737077
1.42515840206304 0.5937490869864569 4618.722421450658 -0.0003819534541836639 0.782882791547183
1.4624158447127815 0.5766024628614836 4270.909900470565 -7.047473663723682e-05 0.7243101909842156
1.5347805248954824 0.572989856741876 4536.376941927625 -0.00030193743343334635 0.7801386004365166
1.5045743383914414 0.5928166034061056 4306.655719882924 -0.0005471783165202039 0.7269670625195903
1.5735800203003367 0.5718518095434969 4536.7875084435755 -0.0005521956675753786 0.7736314541673983
1.345662160508184 0.6212773229096091 4403.619172796771 -6.103786975723013e-06 0.7638470499116702
1.3278086491753576 0.5973373146316623 4362.685023315814 -9.702904080097017e-05 0.7362038042085294
1.3147058546402342 0.6005757431250385 4403.5846452595215 -5.422765222402962e-05 0.7341040248126394
1.3193658004435784 0.611116149388064 4556.277663411147 -8.243524624566862e-05 0.7828314794064477
1.37861049112285 0.614374214169477 4519.262359403448 -2.0459707001813212e-05 0.7770809345515806
1.3241868608358378 0.5981552128158996 4539.066063068443 -0.00022560220395519026 0.7662963165092813
1.2762440852551045 0.6090338466335503 4556.809518051058 -0.00013998845179717868 0.7597763346028272
1.310764824609016 0.6066859274315641 4601.9969255873975 -9.632694051625294e-05 0.7842681254794927
1.2583631947293323 0.6017631425099433 4519.5879231425515 0.00015978854241658933 0.6984892354905641
1.288545250994702 0.5934056162843846 4574.160222257943 0.00018283692934843653 0.7034171348547769
1.3828250626457124 0.6044754424876675 4546.527220932194 1.157890312912112e-05 0.7624411466590475
1.342767861724883 0.5949442725231543 4574.5947120027795 3.0405004343851147e-05 0.7106320317867938
1.3264736326274367 0.5884404285338902 4438.909238889303 3.9843139322718426e-05 0.7719119492957264
1.4435635519346959 0.6029955573824026 4536.34546958088 3.5108347309757813e-05 0.751156389478978
1.3860971089482548 0.5786696081170403 4645.709346601291 -3.274269677856782e-05 0.7669921530319979
1.3403961395305384 0.5567436752487611 4556.026850536091 -3.2149684752943346e-05 0.718944819651536
1.3375482308252016 0.5738725080823167 4539.654007244788 -2.2907687780647063e-06 0.7423221647206302
1.3750868521954605 0.5502999602716008 4519.552690402177 -0.00013340759830389337 0.685115122614175
1.4135230688218288 0.5929641519913612 4536.007082178594 -0.00019264972495604472 0.7992858403342176
1.4220202187260067 0.6153857578236591 4719.564797760151 -0.00037858908991504853 0.80564644519213
1.3729014946271079 0.6134191822976915 4728.231796641631 -0.00030990338315972963 0.8224194578227233
1.3846524008690138 0.6312553025431833 4663.924259587766 -0.0002734796705217767 0.8089857500550763
1.3616326316690819 0.6257783764620297 4668.3365934006415 -0.0002141955288658748 0.812329942078031
1.3760370083692086 0.6275167639981235 4663.376054263606 -0.00032574233738339386 0.8380338306891746
1.3949870929685204 0.6197331518321499 4663.46921718891 -0.00046712021889179446 0.7645136622357518
1.3845578764021678 0.5965593192477026 4663.597696413133 -0.0003232548773716002 0.7917535653906947
1.3889950994847702 0.6312797347685015 4636.673237179067 -0.0006519583476276796 0.7367715271168243
1.4803337490273338 0.6047553168401689 4650.062306669039 -0.0003292970386916904 0.8157127258747063
1.4787400761822835 0.591773422430996 4784.0453490505815 -0.00019145390629764962 0.7880189032214173
1.4604492343088507 0.57493071626992 4725.560521527644 -0.0001917615752352039 0.7479766256375039
1.4280867791819076 0.5810351939852217 4698.293312375969 -0.0003189815566607463 0.7728536433719289
1.359235662483251 0.646712573315837 4663.380373424221 -0.0002576244290886231 0.8110318367244761
1.377655891815441 0.6045037298515761 4683.248306962465 -0.00015740883307040682 0.800417100553485
1.4712091956228712 0.6272852752966874 4806.045477092597 -0.0005986487086733885 0.8470274010314303
1.4279001383191714 0.618779302698071 4300.083776169018 -0.00039443978455242374 0.7564431206624291
1.6280253525629895 0.5988276996900702 4468.589299264004 -0.00027878231789845023 0.8230856924003371
1.4785727332628302 0.6289643362454425 4536.048720210898 -0.000259104081821437 0.8237772364707081
1.4896131009226643 0.597268308792254 4424.331232556531 -0.0002817279050703663 0.8102181746022303
1.5287228152888486 0.5920623488083483 4249.1042173053165 -0.00033919740254805274 0.8052781773907498
1.5543238622683488 0.5948314879521367 4249.705141555408 -0.00031235729254429866 0.7988557996004477
1.525628703029554 0.6087194771516087 4344.558936201645 -0.0006042423312749058 0.7423240654549075
1.6040540050049445 0.6319497247307898 4468.304071412535 -0.00045618226749599407 0.8536228591092854
1.4828840385052977 0.6182384397650584 4405.634914458517 -0.00026532602720215684 0.8042148529186142
1.4564760740432638 0.6201512702824418 4424.281010818661 -0.0006869283958785718 0.8079856541259295
1.450014321339728 0.6084483213651306 4424.535789141752 -0.00035365306030339547 0.8339170252743189
1.4743869310763784 0.621586511454255 4405.65584010992 -0.0005032212250236477 0.842261635991995
1.5284936851034074 0.6322805635117136 4468.255249167228 -0.0003070835309059949 0.8311186736138667
1.5173180668059532 0.623351499679648 4536.280628674175 -0.00035130339539388156 0.8729344086981797
1.4571761282942939 0.6160034751225607 4405.165020607801 -0.0003561969279644829 0.7911049734052326
1.4455344223569937 0.630204573163862 4424.945224603436 -0.0004977228240325789 0.8107958360745724
1.5154507101350374 0.6100055547262411 4468.371573495685 -0.00033918675936847115 0.8788971051847504
1.5369959416824075 0.6060850858114425 4344.264604091925 -0.0002868875499568635 0.8287810357053846
1.5063909852459552 0.6322220905390377 4526.815134850649 -0.00046148184055415343 0.9060468427744237
1.5266150474383695 0.633028376479722 4566.824699281268 -0.0004168755530114348 0.9381777963876334
1.479205334062045 0.6628872630028972 4300.2726492256315 -0.00033669613022964417 0.9950289686333181
1.479205334062045 0.6628872630028972 4300.2726492256315 -0.00033669613022964417 0.9950289686333181
1.441921831565137 0.6818893723857096 4300.867889257005 -0.0004609318304437712 0.8922968171894465
1.4303469488486877 0.6695128358966136 4366.8984409975465 -0.0003253279069827219 0.9426628508288792
1.4521405399534189 0.64789485259768 4442.853195209356 -0.0003207005715953064 0.8880269881995848
1.4180623493343254 0.6845880752926553 4352.4326564052135 -0.0006568894222081686 0.9152546226873908
1.3832069667734037 0.6871165235758315 4385.42287831324 -0.0005184211563995917 0.88228899630877
1.4780864398103026 0.663561932404128 4405.464967771073 -0.0008975992237388609 0.9171954632043837
1.4192316696349976 0.6624141833513737 4536.819893955792 -0.0006833522175658418 0.8369995647080188
1.411619078289469 0.6446522691936479 4424.547183632884 -0.0003508166821240325 0.8032072000706774
1.3659028946412646 0.6453874403048347 4270.8036547991 -0.00034874624256374327 0.7937240174402658
1.4226219813149268 0.6420969325218748 4306.324974371118 -0.00046544544507799864 0.8079438090796096
1.4112081775792733 0.6582518241873537 4039.9815312980995 -0.00047108942311859973 0.7843419758185648
1.426803598631438 0.6294644105625485 4306.600587625544 -9.111032991588363e-05 0.8418591459799354
1.49669488080004 0.6273568688658332 4300.410141553208 -0.0001675852792218463 0.9489838438448261
1.4386762277815195 0.6122505075165081 4300.310379049797 -0.00014518721603380165 0.8351947500709206
1.4002190564911636 0.654109098288565 4039.755835796508 -0.0002094897168961661 0.7517767870291588
1.4315823543275228 0.6473744431672976 4140.378225569906 -0.00019326289541764054 0.9145817291721725
1.5176482376368976 0.6268271924153299 4140.705473840193 -0.0002539503105604305 0.8596840287784586
1.4426079507571339 0.6239056592387147 4140.532288536506 -1.9855788776727977e-05 0.8599960681051002
1.3866787306287947 0.6536229972349141 4344.650569536629 -1.8301257222844827e-05 0.7890422075040938
1.3456961441538913 0.6611782784274356 4259.884370980958 -9.619147512779357e-05 0.8875698305065591
1.381168429683515 0.6453633614882257 4270.113350184577 -0.00011780118388293582 0.8158818892067613
1.4075386683081847 0.6549480988844018 4306.035704988924 -0.00023855647768845787 0.8840860350014199
1.3770624608644908 0.6431920601281721 4306.777735094568 -0.00022346943575417814 0.7589692425627036
1.4855363105570307 0.6377618681297211 4427.273586495923 -3.8984738341996346e-05 0.8927294346104248
1.4265202129118504 0.6036095837338098 4306.706275837771 -3.5823989507132684e-05 0.8415080737122438
1.546502024178869 0.5966457864176822 4344.0139378154745 -6.320570183565677e-05 0.769325294971567
1.4965528490852387 0.6090676274097842 4344.0916042803465 -0.00017307166448755218 0.7743037517374627
1.4917639662459465 0.5920253434032074 4306.067447853319 -8.706330348611227e-05 0.7299748515018284
1.4494921436928765 0.6050449956962117 4344.555186797329 -8.076868704013173e-05 0.7765571596670117
1.4675008643964047 0.6090291911595291 4306.0020172461 -5.820029327862059e-06 0.8321283356893169
1.5448547421023777 0.6503669921580428 4468.1747168426255 -8.310653900048745e-05 0.8899161040284972
1.5275537276914855 0.6096316449827721 4536.20786087558 -0.00016206438925330015 0.8124159914746184
1.6015464114447715 0.5834835918666558 4468.052678759425 -8.680977343635643e-05 0.790109587502652
1.5062616644154898 0.6391865191456928 4468.228128288299 -3.0654902517828194e-05 0.8567784383585231
1.5818028675066471 0.6416752925411423 4468.834239458231 -0.00012522108594757112 0.8671933316710317
1.5970426544012986 0.6146532142312972 4468.972758334539 -7.805239312063705e-05 0.8472054377270853
1.5553488353367946 0.6504240836864587 4468.544679922935 -8.545817987854952e-05 0.8741500004003296
1.485550647417801 0.6262578596393386 4344.12760730409 -1.998103239489295e-05 0.8771846421140329
1.4606795195846511 0.668346840305267 4709.4961539164 -0.00025613449733948853 0.9297862210187003
1.3805622654117256 0.672928275069611 4739.972143227132 -0.0003585970297395735 0.9853144758530556
1.4031479719091937 0.6774200873676739 4741.757981362421 -0.0003911110886977761 0.9604783973139268
1.4041137035476863 0.6962748541688701 4709.827428068759 -0.00039965946212446035 0.9450432327088076
1.4336637580116833 0.7009309643099115 4643.5183839885 -0.00040284473091520615 0.9579881254430036
1.3879251094081289 0.69974996439541 4636.1483610817195 -0.00029642243486341504 0.9127005691678212
1.442293472214872 0.6660751242863793 4536.7216615891975 -0.0004106876152792239 0.9130995104395696
1.3636363762886297 0.680731004994741 4899.0243417488755 -0.00010716407930795036 0.8981352947620699
1.340134633577279 0.7092839839751928 4985.967996296005 -3.19143685772182e-05 0.9393483740331127
1.3429130599859207 0.7037237676988112 4891.829322121078 -5.652959082178678e-05 0.9751700327741979
1.3429130599859207 0.7037237676988112 4891.829322121078 -5.652959082178678e-05 0.9751700327741979
1.3433211254227304 0.6897585956205793 4832.324841154821 -2.0200839722172168e-05 0.9803066206839038
1.2963909883736848 0.673443396905639 4817.973817456362 -0.0006374133106658388 0.8866950726673823
1.3564639498819289 0.6823407290686521 4815.688587951607 -0.0003939333990145441 0.8671481785882438
1.3624712526582996 0.7357635166542082 4636.832405330228 -0.0004028963413633334 0.8947341426878157
1.3937241160714398 0.6793356140728054 4802.317642049953 -0.0002577847779673865 0.8872277583105322
1.351669599794565 0.6559596211923764 4777.933325570999 -0.0006730654004521387 0.8456143140152248
1.3436025562843867 0.6612236285981463 4832.251991742659 -0.000657729461799729 0.8995149412275883
1.411841844228126 0.639403802726023 4832.542880646617 -0.0005607577294727029 0.8622471267473618
1.4820916958937138 0.6546625456176657 4955.026022477123 -0.0003984494754047785 0.9363237437965641
1.4067778713031973 0.6405155788308744 4926.757198490094 -0.0003247086431744193 0.9220528569551011
1.4107889583944853 0.6692099865231543 4930.006131540827 -0.0006363677392029005 0.918967336543255
1.4128769781085748 0.6352926198712316 4836.508508823823 -0.0003883114379048552 0.8986558307684916
1.4195725291688501 0.647881616557063 4832.96411722345 -0.00040030103551784245 0.8838351065172622
1.376669502063747 0.6374646413887769 4827.544688813256 -0.000517172449681362 0.9221188494668824
1.346865075158122 0.6607999827378402 4784.610350962262 -0.0003844326563537859 0.8909047530530464
1.515004063647205 0.6604249614785239 4895.457665798586 -0.00037908136588919093 0.9687818408963829
1.4268240553933786 0.6552728054287762 4709.798809007031 -0.0003656304616836969 0.9336737908460554
1.4268240553933786 0.6552728054287762 4709.798809007031 -0.0003656304616836969 0.9336737908460554
1.4119885957573683 0.6714635048416354 4806.038149425204 -0.00038958248642502116 0.8883611204930275
1.4407751957179253 0.6701202061666686 4806.986334319087 -0.00038954383119939995 0.9018501771026489
1.408025984984457 0.6485203054092606 4698.594208461414 -0.0002785696190534599 0.8853439307923366
1.3664888639509885 0.6514106060385625 4741.254778882746 -0.000705165945558028 0.8770713895820941
1.4017924452931911 0.6392796837730877 4794.946530778735 -0.0005906337287737089 0.9464395862691996
1.430230424030631 0.6698667252025264 4805.413007123509 -0.00048177208775407695 0.9529367395005071
1.329449346864091 0.6401874203887497 4797.853894639928 -0.0003600788254894155 0.8523836755468043
1.329449346864091 0.6401874203887497 4797.853894639928 -0.0003600788254894155 0.8523836755468043
1.2992015101860677 0.6625090440556107 4728.616151555303 -0.0003369116701672289 0.8013293594058274
1.335878680126043 0.641458748228723 4737.068428083507 -0.0006394868528933103 0.8191908672271271
1.3773530818409203 0.6538449925685926 4668.572018956123 -0.00032868942358657853 0.8817127037167579
1.3690043346653291 0.6710630767841371 4636.960709434129 -0.0002224177999314165 0.8110065388748472
1.3404402596999763 0.6782855926400253 4607.299624345778 -0.00018390792231224562 0.7107747461518619
1.3111542853908968 0.6732606310690084 4605.16922284842 -0.0002651680345870757 0.7289931949036428
1.3421248957453416 0.6724695656417156 4698.005465278707 -0.0002987759868514399 0.7724335667020568
1.3762138995458844 0.682595555692408 4636.572365636109 -0.0004181312724420417 0.7794359881177615
1.3263486090136676 0.6571611297878464 4663.461458034686 -0.0005123276793449767 0.8023444817453531
1.3716606184881626 0.7155946057489745 4709.447138396938 -7.289001667733805e-05 0.8821841633358465
1.4300183325530398 0.715131752442734 4643.632244740642 3.742199940275565e-05 0.9396945769645584
1.4336566984891053 0.7065345882015244 4566.11831031406 0.0002196405060662498 0.9162790550337608
1.4218474170049489 0.6670706487329826 4674.932752207647 0.0002018778202667562 0.8668023470797586
1.452726391026768 0.6755129100806359 4566.179231929218 3.486306738263481e-05 0.9150642992301067
1.4527118387548055 0.6774437166330589 4566.194317106993 9.980930281479779e-05 0.940104470506103
1.498404680539768 0.6511384045151745 4468.304203688787 0.0001082207466297841 0.85311225138067
1.5217394862830886 0.6523962474884443 4468.827673245857 0.0002832829737273056 0.9120991215851437
1.5217394862830886 0.6523962474884443 4468.827673245857 0.0002832829737273056 0.9120991215851437
1.477863090150246 0.663509871760223 4468.190174998133 0.00011927996024627278 0.9350655112434025
1.4444818597893407 0.6691678410176148 4636.940596756035 -0.0001837276930358755 0.9847759732758252
1.4634546728174778 0.6646248772859242 4709.036356834057 -5.673597080646417e-05 0.9493968642697705
1.4634546728174778 0.6646248772859242 4709.036356834057 -5.673597080646417e-05 0.9493968642697705
1.4891582715811467 0.6693726078015814 4643.97200701008 -8.790665483441763e-05 0.9793211420167437
1.4891582715811467 0.6693726078015814 4643.97200701008 -8.790665483441763e-05 0.9793211420167437
1.4055447107073762 0.6612088740928466 4654.7498902826155 -5.835197092072191e-05 0.8863228863756831
1.3637425437373336 0.6851537088498454 4739.490589495955 -0.00010429867005992676 0.9873303374833722
1.3594395273065896 0.6632524237862274 4668.5790467427805 -4.7887667977900644e-05 0.871209948615008
1.3965918699129294 0.6665375947422757 4674.5303230664495 -0.00012781173180214598 0.7769301002234489
1.3625106392279411 0.6695451787578011 4985.494535807981 -0.0002603139363351568 0.9480218259956212
1.4031714821426222 0.6902963843046889 4895.741839118523 -0.00015019554769041916 0.9727469917343686
1.40944821755406 0.6714100270636867 4811.833111828927 -0.0001576644417191707 0.9984068550852071
1.3625234227886887 0.6871464041427314 4805.491963103634 -0.000236788705068712 0.9914969186810791
1.3493447412182293 0.648040831480649 4903.579099910297 0.00023804490604183566 0.8977864394165493
1.3819258466854079 0.6517548712904417 4997.9015006778545 1.255122458457153e-05 0.8931877717587053
1.3786549921070699 0.6545559771793583 4937.506624446683 8.350676524414404e-05 0.8822560750354421
1.3382461118472107 0.6518988226084098 4884.835723264077 8.508467192231163e-05 0.9273865179459122
1.4081772529868428 0.651495667906907 4841.8681150078655 4.212175801144763e-05 0.8818064289667029
1.4030441184142415 0.6720600684500426 4811.860964361623 0.0001515892218446482 0.9811688785923067
1.4065241458440285 0.6743141089993541 4960.007187205421 7.777361720834859e-05 0.9874737441045809
1.3878402985704108 0.6721513121633224 4978.212067107779 0.00010398954869756888 0.9949903137231797
1.382759061828292 0.668247201397383 4978.883147612699 0.00013437024111807194 0.951501273285076
1.38344533557229 0.6518931290411029 4891.696303949244 9.476926732812467e-05 0.9480581336794949
1.4161614871181125 0.6707564945754043 4926.878631602687 0.000157077821095071 0.9316328067311836
1.430338325830809 0.6764134836914156 4955.611656213304 2.15336062262324e-05 0.9994523677912299
1.430338325830809 0.6764134836914156 4955.611656213304 2.15336062262324e-05 0.9994523677912299
1.424779108897071 0.6554323109577977 4957.506192215141 5.8383341025784285e-05 0.8940291770776866
1.3943647151252743 0.6455665875975226 4978.547178997481 3.217493410874482e-05 0.9341640326266857
1.3894212331812725 0.6668901197485132 4978.23302043754 0.00022892886347527743 0.9281534344670244
1.3827145158513814 0.6713824707927127 4794.516646950238 1.496638724660985e-05 0.9897430847537265
1.3905143160663211 0.68867139456238 4960.667938258227 0.00022307822415760758 0.9638650845966042
1.4096996927302954 0.680058494244527 4836.119186451496 3.0555386565347564e-05 0.9860299136680092
1.372087024350463 0.6630659238994997 4797.354840629825 4.994116836565676e-05 0.9364180516106821
1.3553158170143478 0.677827610510526 4805.125020812781 8.941818629397968e-05 0.9890273884558419
1.3631040345026117 0.6486524963886175 4836.6886582607785 2.050993645287882e-05 0.917042638103219
1.394219712200567 0.6572881387094416 4947.797716802726 0.0005560709047488235 0.9116022701075845
1.464390035994439 0.6176762497231327 4895.097976503428 -0.00012416222536380705 0.8679222395612181
1.4059217305612621 0.6170653640862872 4869.686188048381 -5.444781326974413e-05 0.8745208896008899
1.4701550221584947 0.6082574990709182 4899.153581612428 -0.00012323940299082558 0.8627047562006274
1.4143250013142445 0.6283009671511542 4872.588689906288 -2.357514439187029e-05 0.8841942365944528
1.4726144616018404 0.6180974213458947 4853.386932840142 -0.00012282192862292658 0.8057361968639527
1.3928177953038707 0.6288673177774804 4835.579971715011 -1.018205097132307e-05 0.8271868546908849
1.3708938220202458 0.6287322215121365 4709.999782198358 -1.883279684642641e-05 0.7155889676978437
1.3708938220202458 0.6287322215121365 4709.999782198358 -1.883279684642641e-05 0.7155889676978437
1.5070237997492106 0.5955535982134446 4674.894009154485 -5.899325471571565e-05 0.8183605860177247
1.4483379186171024 0.6233981588170018 4849.84106283186 -0.00020391479382399195 0.915341543130449
1.429699654457774 0.6353815025173782 4784.982410780911 -7.360984856731851e-05 0.8808621856729693
1.4271360468119954 0.6391201034390093 4811.565312450041 -0.00010008034381992035 0.8448426956362676
1.4814446766558445 0.6312999795835986 4802.720291337718 -0.00021693401800321844 0.8136158624670731
1.4430028223329368 0.6090665775245665 4671.624004382236 -0.00011564501252390534 0.808903456736838
1.4645385435265217 0.6068314293538116 4674.894140722413 -9.04031511150225e-05 0.7815854248901288
1.5437787529063516 0.6245616571001036 4849.168077839665 -0.00010962644178451904 0.8518167100110152
1.5437787529063516 0.6245616571001036 4849.168077839665 -0.00010962644178451904 0.8518167100110152
1.4762741238035724 0.6186035330722053 4806.227750002613 -3.2638693399005174e-05 0.8084237966802578
1.4811471458090804 0.6028464803278482 4803.350256822767 -5.793248586455826e-05 0.8426294409451449
1.4182520207115354 0.6157105430942588 4741.411275919147 -9.091042857490858e-05 0.7898909503691537
1.4182520207115354 0.6157105430942588 4741.411275919147 -9.091042857490858e-05 0.7898909503691537
1.490307148406333 0.5811120588965072 4698.369040599454 -8.723026339949598e-06 0.7589274846116283
1.4034395863982791 0.6243474694906104 4663.800324868724 -7.131785726246793e-05 0.7684958171962932
1.3401585760770667 0.6274587485046423 4629.618925451632 -0.00016280696299594504 0.8259024757190941
1.3565098979696657 0.6371078579220137 4607.785293888334 -0.00012671246250141674 0.7550517919374927
1.3878629335422765 0.628451655203072 4618.4866413528125 -0.00012686644686893525 0.8149004882497837
1.4180238332820139 0.5943176551394415 4836.553467132897 -5.960466511031332e-07 0.8198618368191034
1.3917511378699132 0.6377923583984252 4767.837887179314 -8.501935639991489e-05 0.8551422644245981
1.386012861025415 0.6553027654136194 4869.240104353607 -0.0001458143843496709 0.833384691146718
1.4122209263938816 0.6423941841605989 4853.3062748070815 -2.3021965219557095e-05 0.8360790283181558
1.470119674022948 0.6515836310051337 4719.468455638354 -0.00026193626267460607 0.9111324003652553
1.4524208113272636 0.6493069103542644 4784.489353986192 -0.00013130990385254923 0.8747221603952562
1.5321569714895298 0.6445138619772421 4806.876764618635 -0.0002746505326546125 0.9240507593972614
1.4701436324036963 0.6443955959353288 4794.766948201822 -6.722181232632846e-05 0.905211796395773
1.4799145654997696 0.6484148382549679 4849.329916623789 -0.00012095425187044259 0.9183647752001199
1.4799145654997696 0.6484148382549679 4849.329916623789 -0.00012095425187044259 0.9183647752001199
1.385829045170087 0.6449112656782976 4668.0251715379945 -0.00023690636386815438 0.8565163878911345
1.4721327282401653 0.6375304227310413 4643.079800371609 -0.0001820738051912619 0.8487269864513955
1.4352820466865155 0.6513559877980815 4632.860222102506 -7.627340891074041e-05 0.7915277796474538
1.3891965701933295 0.657387434584957 4636.398970775646 -0.00018952116958456048 0.8056285619671321
1.3891965701933295 0.657387434584957 4636.398970775646 -0.00018952116958456048 0.8056285619671321
1.4964888981718096 0.6557389252084468 4536.84152681327 -0.00020527169967487572 0.9162189189747169
1.5333488420881147 0.6419179946662883 4643.151609139435 -9.656128055216779e-05 0.8640913287754206
1.455059174594 0.6433674002196983 4566.841027718077 -0.00011209827233121397 0.8853222421871063
1.4859114746388271 0.644733121812497 4632.748003072324 -9.183267194431812e-05 0.9194531109051579
1.5005130589729512 0.6480907751799765 4643.384192167828 -0.0002520093495168029 0.9035368309898351
1.5005130589729512 0.6480907751799765 4643.384192167828 -0.0002520093495168029 0.9035368309898351
1.4279406990565304 0.6556786612152303 4581.4732841964405 -8.381960524583539e-05 0.853391724996271
1.4612605031211845 0.652555330022435 4632.0269875761705 -0.00017967791564008932 0.8605629015061433
1.5038373597599723 0.6437196003073683 4674.381329479537 -9.615199304632847e-05 0.8837810224630441
1.5243076114991374 0.64259764385456 4632.103822120013 -0.0002724854103848307 0.9336412949862264
1.56658319694216 0.64524717345908 4643.686677806478 -0.0002625084640274029 0.970102064994506
1.4893299802181867 0.6624431163880385 4636.176841754363 -0.0001344255263470212 0.9148270715715218
1.4998601078561262 0.651422035285387 4849.490912896313 -1.3667066751540059e-05 0.9214513312665624
1.4998601078561262 0.651422035285387 4849.490912896313 -1.3667066751540059e-05 0.9214513312665624
1.5147968383395556 0.6583493463760128 4643.940914845452 -2.0883764338049026e-05 0.9608727838231824
1.4264952836857956 0.6236957383658452 4836.944015923434 -0.0004279602872040173 0.8098618533235924
1.4351812301659386 0.6320350555592221 4802.497465811692 -0.0006156134627037219 0.7927398813463777
1.394076581762064 0.6246086153131938 4777.196444452861 -0.0004026716769275596 0.8245484292313574
1.3764666594175416 0.626159592802054 4805.953771593522 -0.0005045861323409238 0.8303496937751296
1.4526764343623573 0.6098630860552179 4832.73037853553 -0.00048738847441640476 0.7904438222878816
1.4045356035569108 0.6206308931901863 4811.107357623873 -0.0002812602146686127 0.8449139550262736
1.4045356035569108 0.6206308931901863 4811.107357623873 -0.0002812602146686127 0.8449139550262736
1.3740482557024791 0.6327091829719719 4784.146290148699 -0.0005025835314188603 0.8282018610192617
1.5089374652258503 0.6294851443445875 4960.734331849755 -0.00028691210720936693 0.875125533222401
1.469088861702048 0.6305847302517783 4960.517339353791 -0.0004352591748222305 0.8734297124453299
1.5012488323779105 0.6364335931821227 4803.554748894879 -0.0002736057987601095 0.8038664465043929
1.4420180423738826 0.6417882570267901 4806.546339828873 -0.0002999859125864797 0.8738905348213898
1.4315551605270702 0.6381890515349057 4590.673314812752 -0.0005674540867162026 0.8364007195403405
1.5234802882810778 0.6202958804670444 4709.471510365111 -0.00039430337404240977 0.8534328080478915
1.461079445471733 0.6143291140332269 4784.100975497677 -0.0009161837704457108 0.8406295688168551
1.504759356643293 0.6182569047144677 4836.380295586053 -0.00032683657621264525 0.8233126825602531
1.4727423335554115 0.6559257457763236 4674.111449219312 -0.00038131808540746616 0.8818407829840803
1.4486824049332387 0.6483564129322572 4643.516691990187 -0.0003441697604588348 0.9066884096068567
1.4431935964276326 0.6496889138265564 4643.236236671854 -0.0005595588309252626 0.7954561650836698
1.4315287456060077 0.6443335852874328 4643.964047687027 -0.0005955766008375624 0.8476174836861503
1.2832569925336454 0.5973173710641069 4737.799059103843 7.219274472829428e-05 0.6245093959744606
1.2935062861277413 0.6225718002288823 4767.819349335336 3.5351504985991155e-05 0.6093978038250201
1.277667716685929 0.636904944257707 4804.307312607734 0.00011754976366698658 0.5961340235281014
1.2089077395536612 0.6380843110729628 4752.516770016036 0.00018198371771603993 0.6762099335077465
1.2803031575555583 0.6190350020739508 4804.8212755966115 0.0002237498791002896 0.630276396918207
1.2090954639741192 0.6203610258572189 4764.36122250369 0.00015554052872712428 0.6655120825845919
1.2646591561097589 0.6179140255078901 4574.948196855235 6.519863052986219e-05 0.6510378071523661
1.296172296729766 0.643693119261636 4938.006349439659 0.00012963964997865653 0.7061941026465487
1.2856030178723783 0.616946649731487 4948.72348722194 0.00017389733148184144 0.7027350969779129
1.2741630837993245 0.6267029303174716 4920.136739755557 0.00013508630458784626 0.6817348201529653
1.283485763995364 0.6408936435210485 4797.7705803063445 0.0002379986312533179 0.7135644609315452
1.3197717516647178 0.6264744897652943 4794.168735515129 0.00022232807201435394 0.7084410741787974
1.313718620187816 0.63410288539141 4804.5656181188915 0.00013690093007305467 0.696628884276133
1.3071512970586965 0.6248488671386401 4777.625313381388 8.968217441598547e-05 0.7065273185869863
1.346772326213482 0.6133318085585047 4677.925495052212 7.398779689396261e-05 0.7216942850050334
1.2813305405822757 0.6064707569484746 4777.03577058504 4.812836871096618e-05 0.7136025345471748
1.3352330136054604 0.6147299467495811 4767.50565608529 3.766706530777415e-05 0.7310741568315353
1.324777070969244 0.6166205845911854 4687.358544265078 2.4008821737689817e-05 0.7428548605538967
1.3429723594548602 0.6239905325249033 4779.600924765381 3.6405857220614656e-05 0.7514722507594926
1.2802918923205486 0.6123863633746711 4732.195996335248 1.8754366583141667e-05 0.6712066843353974
1.3173855511599601 0.6140694117623943 4782.148114603067 0.00019470002438481105 0.7651802750324063
1.318336979840246 0.6150031947425647 4784.940901898043 0.00015982063501515046 0.7361088860497756
1.3335752234489608 0.5898609480421723 4732.8042674796725 0.00015520688149771823 0.764666457548358
1.3652758047622364 0.6026437847901078 4853.527673717445 0.0002629669798562505 0.7539643982848314
1.3519707033636728 0.6029140364888896 4911.002386005567 0.0002703334362015566 0.7333303943872025
1.3555433709942704 0.5976368469233382 4999.186138775218 0.00025879541643685535 0.7927854988170326
1.2435896238059891 0.579441942664515 4929.85525038721 0.0002544915671068702 0.7224854458253674
1.3426291350996482 0.601982611592648 4732.972201288692 0.00027037573150011206 0.7792105035050378
1.3261344826250099 0.6025823812394739 4677.984511698071 0.000267506607668821 0.7145019062385844
1.3170097977480069 0.5944629112064708 4951.986114111478 0.0002827995165846451 0.7297716896822984
1.3294891853964308 0.6252532591254402 4955.210162700673 0.00018164989905611922 0.6451447531318688
1.3245040272311868 0.6329824201951894 4841.383397738302 0.00017840845633111189 0.6948920080372887
1.3529450552547742 0.6317018208340159 4636.33378677117 0.00016163748802366343 0.6639943616933517
1.2760874393264443 0.6204271567697632 4602.856162436214 5.1551808517570665e-05 0.703371128272843
1.44457355981521 0.6130981171466363 4941.108660826981 7.548407996076182e-05 0.7723702782118684
1.352017964385702 0.6126503460528315 4905.595564528459 0.00022486811657049165 0.7900945155934425
1.265979223905382 0.5961483569102035 4925.791808742515 3.056308636759057e-05 0.6882051564877706
1.3871418662851531 0.6136096563067999 4966.827072308244 8.259101511643773e-05 0.7458129982299793
1.3288310804144063 0.5944027155737588 4918.051723370132 0.00010265681832927633 0.7828222452533805
1.3288310804144063 0.5944027155737588 4918.051723370132 0.00010265681832927633 0.7828222452533805
1.3348312323311293 0.5972020288567889 4952.43758133434 0.00014590237836250121 0.7784120634199078
1.3431903983508158 0.5922346892560354 4951.358123605678 0.00019505355523878154 0.7278165331605836
1.33473705433696 0.6127242193287108 4903.121968401597 0.0001711484298874233 0.7332594460192465
1.3165180708239845 0.6020983011381388 4938.576544959274 0.00020595436425231798 0.7285958236435497
1.3259030684323472 0.6000094410806552 4882.6159114912725 0.00021010317601912007 0.752292477953395
1.2911208804404544 0.6079434659868375 4908.018074840133 0.00014750380972332195 0.7571871481924279
1.3328690659183642 0.5971646370858825 4901.636941656813 7.361175076785593e-05 0.7007368810890986
1.3101041354079626 0.5992908664492462 4957.693924764842 0.00012370978044811215 0.6268259412653854
1.3318128663234066 0.6078961089387258 4955.2914240710425 0.0002201424858470233 0.6571120670763311
1.3709229191519774 0.601177724729886 4957.850940872915 0.00021241253028551996 0.8213592682463566
1.3907786898191166 0.6029053906192576 4961.1356909486185 0.0002220428527843393 0.7666915568285293
1.4201670734501217 0.6075542929680053 4992.487130890409 0.00021884836166314475 0.7783859068551141
1.3760515880840298 0.6148200216550865 4903.326529393663 0.00011365748130879137 0.7872865313122822
1.3760515880840298 0.6148200216550865 4903.326529393663 0.00011365748130879137 0.7872865313122822
1.3623235180199456 0.6058011263529037 4903.731963545443 5.6163087208938724e-05 0.7614212764130446
1.3383242546912628 0.6034935890132654 4986.154262276851 0.00012081356670616584 0.8093659112760708
1.3547315470348271 0.6080215910044989 4836.759545264882 0.00024068669852675062 0.7501266635886812
1.3294414380691415 0.6089044444849856 4794.880679937072 0.0002474279193300528 0.7712355382250962
1.310980259349626 0.6085214569533026 4902.529952588327 0.0002483707971134064 0.7734117003958161
1.349259636510371 0.6060515915890137 4848.389876181533 0.00011362756089808311 0.8015112074310158
1.399033743189734 0.6167249600422564 4849.325090617031 0.0001706586585102686 0.7769881238053304
1.3563749063947044 0.6168670937780324 4853.625473386312 0.00012257037372449036 0.7652533099574732
1.3631937163799366 0.6087155449446757 4784.506503365713 6.612402467431455e-05 0.7450824948787993
1.357572610426867 0.6238259278545092 4804.89492008406 0.00017721658643616493 0.7498967057760728
1.3922187436452138 0.6175382553829862 4815.4817082982845 0.0001036777882805146 0.7748143608152761
1.3231517357016875 0.6131135416515194 4829.760414512598 0.0001597528975369299 0.7473552809551702
1.3171965747078567 0.6035584565164804 4829.674575302166 5.1993985784468135e-05 0.7708542925933846
1.3735729502768879 0.6043512967980565 4815.380615927446 3.47273361472039e-05 0.7420268146722279
1.3380847535064844 0.590642349498411 4927.946741419597 6.796739950018629e-05 0.743535939983958
1.280325300191322 0.5723832945652998 4904.896166493429 0.00014990771628993656 0.7247655665036625
1.2840139799211114 0.5816556933390916 4948.611760982239 0.00011099243561078948 0.6930170656214765
1.3153882897377767 0.5882544661620154 4948.631348945671 9.029059784562436e-05 0.740124676443751
1.3376477983845576 0.5831966103346161 4938.498206831751 0.00014464081270368627 0.7650522746728173
1.366626162026975 0.5941693026212721 4892.533705875321 0.00010731384639852244 0.7287333233943831
1.333463816145721 0.5884282180291343 4934.339415360815 7.986331229651305e-05 0.7566331344481707
1.3152604920324196 0.5908094402224955 4824.832707819205 7.648566818430053e-05 0.7427462358461187
1.3286726178764887 0.5844855536165836 4999.347850170125 2.187514289050575e-05 0.7694394371217264
1.325467924787774 0.5869640712904942 4788.76313379758 7.785541127393738e-05 0.7678771762844732
1.3749762593112749 0.6227291408752784 4992.2738718866685 0.0002410838855037749 0.7628662030920792
1.310897825822729 0.6334273931483977 4951.27404731183 0.00024800295507862295 0.736043926393231
1.3498071631807544 0.6277001289640566 4953.825036118936 0.00022713744832912345 0.7952699022886008
1.2946782729089903 0.6108315552304158 4952.320101215549 4.141638498712371e-05 0.7678031228903406
1.388970501844074 0.6181591060480901 4997.752228795048 0.0001487368131548797 0.7967909730864509
1.335383602451027 0.6157695441195098 4999.313097719264 9.739099077515461e-05 0.7736546435587256
1.3008505895190463 0.6231188000770693 4994.4911481296385 0.00022599907444484764 0.7380632706963393
1.3143649673401747 0.6209819861613572 4951.103764423402 0.00013320707786967256 0.7721615586361639
1.3441547659804833 0.610562018682666 4991.51571907192 0.00010268346209631891 0.7997325726170921
1.2907452425191477 0.6165502697280179 4999.710874667403 1.1035793826444422e-05 0.7661966878048273
1.3812040834203332 0.6190998500964257 4957.203690261341 0.0001465232093880586 0.7822841265723313
1.388843800515794 0.620612552483893 4920.820283394622 0.0002575777106430657 0.7951702550097971
1.418252342222177 0.62431505666753 4951.944827976113 0.00026536507407419886 0.7866969274921034
1.3928561979683485 0.6167986667765031 4984.575034034244 5.045363141288051e-05 0.7552092075483079
1.299057920692198 0.6082454170983459 4991.22416865236 0.00024232425036089402 0.7411786773701273
1.279432671162768 0.6097673428991869 4999.483012233561 0.00024180567787950748 0.7339945031574484
1.3358642454366483 0.6278434645845357 4841.663467490691 0.00019850834970743515 0.7514491172430555
1.425892102286395 0.6146356510212114 4832.396437137307 4.911793920261224e-05 0.8106873756545834
1.3940939632483875 0.6164953908579118 4811.421525190985 0.00015929684169937368 0.8327903258311341
1.3940939632483875 0.6164953908579118 4811.421525190985 0.00015929684169937368 0.8327903258311341
1.382482230436018 0.6156876371126242 4811.767189485627 1.4760564226563831e-05 0.8112558214910961
1.382482230436018 0.6156876371126242 4811.767189485627 1.4760564226563831e-05 0.8112558214910961
1.4335405010676758 0.6198919164646699 4803.638838101885 9.138326105800707e-05 0.7827269456216954
1.351948541379046 0.6293464428167094 4698.308329169022 0.0002288969592377502 0.7346775183724155
1.2977210012287446 0.6018590856970941 4908.160681738318 0.00011815157284301921 0.7828838293411001
1.3315695036978432 0.6299140106328363 4852.780942980581 9.163377537561351e-05 0.7724335821795629
1.293136452065403 0.5883747869474556 4816.498833064509 0.0002473891898436831 0.7248654851828462
1.308517194960646 0.6305985680146753 4889.331037742955 0.00013528988489333103 0.761464875669432
1.413617126463349 0.6137976466272855 4803.058254347107 0.00012394270302178658 0.7496509913927292
1.316750200695983 0.5998024521592769 4847.387022618136 7.607480132547104e-05 0.7728733396035952
1.2426262782167359 0.6187946874907919 4752.728891002389 0.0001689622384440597 0.7357751789941096
1.3016582387666902 0.5988693691322566 4994.490570692954 0.00010100057336076933 0.7161631733086112
1.336819651847533 0.6452895277555823 4978.060020080217 4.413149096220655e-05 0.7395675023016477
1.3376714068550277 0.6474237175706342 4739.056003720183 0.00022481464151239924 0.7363390444536322
1.2996324701447604 0.6682184983863503 4889.56741252908 0.000181531670174588 0.7813485571444869
1.3252534664570073 0.6598643931630058 4741.519088024645 7.793664935859133e-05 0.7143772572874176
1.3438053822133593 0.6693166152078359 4926.990002874434 6.643956349347677e-05 0.7117989189710417
1.3080345185168882 0.6674399978075116 4794.433510912089 7.620328862112227e-05 0.7270070166604476
1.3765184403132897 0.6510746642669981 4709.764968536313 3.845791379617187e-05 0.8043879078769185
1.2976851639290046 0.648153844449213 4797.159940106242 -1.6096298010313777e-06 0.8762974567141213
1.3481252182939731 0.6264326258465641 4743.7077848950175 7.319937169253285e-05 0.8065994628263354
1.3477431068001122 0.6426178984323883 4949.609235512695 4.7737699480141954e-05 0.7907178316478239
1.342885867358352 0.6335538433213248 4903.8055794717475 7.397342849407168e-05 0.7656005317135983
1.3657437906989993 0.627032395972844 4955.193691293436 1.3249115962381795e-05 0.8054416926354148
1.3657437906989993 0.627032395972844 4955.193691293436 1.3249115962381795e-05 0.8054416926354148
1.3601781521956222 0.6381574359125464 4814.637090504411 3.6511515916965585e-05 0.7502365948053143
1.3014459096023603 0.6460573234595754 4927.01211328751 6.19393548032875e-05 0.8596166037282105
1.3780070255684769 0.6340938105480529 4955.638086286727 1.7803664769486215e-06 0.8205990332010142
1.3780070255684769 0.6340938105480529 4955.638086286727 1.7803664769486215e-06 0.8205990332010142
1.320399490405912 0.6272482176803464 4999.047586843321 0.00023929888077180544 0.8431474086942183
1.310062309101624 0.6379944616012496 4999.285485379147 0.00013890470664700707 0.8427553958818501
1.3288263480843305 0.6469246686908425 4953.385690630537 6.490286442458044e-05 0.7986017478167218
1.3394470355136783 0.6378506502909723 4997.82770616844 0.00022492930274632493 0.8052293602056217
1.3419660786697845 0.6480447980122956 4975.545123929518 0.0002575290045060277 0.7979688434255838
1.3819853629635743 0.6327161840457785 4955.993615372435 1.8743031592216528e-06 0.8360338498335596
1.3819853629635743 0.6327161840457785 4955.993615372435 1.8743031592216528e-06 0.8360338498335596
1.3815700668453355 0.6436475102320296 4938.684471960753 0.00015088340446779854 0.8239912512458909
1.3873619998270095 0.6364782194274499 4992.1757877305745 0.0002322310025499168 0.8020345871945946
1.3166489150735654 0.6492281369575033 4941.586122029128 0.00010138725213862982 0.8007178771626713
1.3628797236937604 0.6613339102983126 4895.830091723749 0.00016290377574565643 0.7819478118649151
1.337579384527514 0.6410726289996691 4889.910868071463 2.102157898787775e-05 0.7891058589295344
1.3518556214751951 0.6416057948216546 4869.376401402381 0.00018732598492698924 0.7860382952712773
1.3518556214751951 0.6416057948216546 4869.376401402381 0.00018732598492698924 0.7860382952712773
1.3637185022774059 0.654072241179647 4849.637994422996 8.725143520434436e-05 0.7679115452931122
1.3754948539014693 0.6402400583313599 4841.716099868803 0.00020518060620331875 0.7948858368450448
1.2809486750835781 0.64958230769348 4968.410009635521 0.00015946607089076354 0.7638913948380515
1.3854100795134234 0.6342353426000134 4926.02103033929 9.605609715465283e-06 0.8532387219417553
1.3282287082798698 0.6420884100099057 4777.415812404584 2.6476925230583786e-07 0.8754908018539223
1.345477638302119 0.6555993078796836 4891.147308460831 0.00019286648509937048 0.8380081181386734
1.345477638302119 0.6555993078796836 4891.147308460831 0.00019286648509937048 0.8380081181386734
1.390959678730102 0.6331729930166745 4853.3397893405945 3.605042695164227e-05 0.8324209291333435
1.390959678730102 0.6331729930166745 4853.3397893405945 3.605042695164227e-05 0.8324209291333435
1.3903562175958202 0.6390541149374621 4987.671819217653 0.0002122802172047941 0.7212588175179476
1.3927492959316763 0.592760549814908 4937.421557322867 0.00034103652006508764 0.7768210240900586
1.3927492959316763 0.592760549814908 4937.421557322867 0.00034103652006508764 0.7768210240900586
1.412709557348252 0.6097500381882486 4915.293249891189 0.00047800644261969155 0.76088326419624
1.4299495012196621 0.6132785260209419 4964.417806471421 0.0003877933652641454 0.821955806555628
1.3878931953343274 0.599713775310786 4853.907445560327 0.0004254650639737114 0.787451229627534
1.3958474369121614 0.5892688021984334 4899.063282966135 0.0003150563792540222 0.8085167151661884
1.425973083868131 0.6044112831451608 4951.986180161207 0.00047343016630544196 0.8008283364068014
1.359157454411449 0.6004279388439613 4889.893964997874 0.0006536051675358128 0.7989371313194353
1.4318580948516246 0.6129074300879961 4947.3026325730425 0.00036961422824113534 0.7771225051438295
1.3414958747310952 0.60025303762133 4984.4206103304505 0.00040478135641088166 0.7813404205468379
1.372456088155999 0.6050686277999676 4927.856630073513 0.0004192571563324605 0.8292660407299042
1.3947617850456946 0.5888694846593591 4975.970198887562 0.0003252663549617008 0.7563825171313828
1.3628523311642038 0.5959008659619638 4975.008370116683 0.0004707276901831585 0.7641430178642048
1.3455702904295057 0.5999610968969279 4961.296676353539 0.00034763466734159375 0.8044748762549058
1.392614664354592 0.6030079809820498 4951.589624483396 0.0004565234599675481 0.7935623497648696
1.3677974515980633 0.6062285764521058 4824.4965759894285 0.0003522543047963943 0.7656860244381989
1.4067939240383298 0.607331486712508 4872.087005938264 0.00039453927846858956 0.8222910331701655
1.412356142190636 0.596619321460831 4927.015762649613 0.00040973015792869445 0.7366191440648568
1.3990952450121483 0.618681790838885 4991.9221672627955 0.0002888650452141586 0.7758925734289965
1.4285350684226754 0.6138857671430101 4992.624667153443 0.0007533664490258471 0.7517046466678305
1.3897740774055967 0.6089736400612898 4978.4743511939005 0.0007092911381528666 0.8217629657115011
1.3649309684668094 0.6111574886265978 4914.901679546738 0.0004023448545313684 0.7683182788288492
1.3955480178025779 0.6206276264298047 4895.861109859861 0.00030878965538398874 0.8126263580440073
1.3689793716877583 0.6021304858860308 4947.9209484709845 0.0004047124260146854 0.8331559810615721
1.3883303557930453 0.6097176223847736 4953.930676427567 0.00046640663278370607 0.7619569448405652
1.3486644181255891 0.5884110571077557 4936.456645557011 0.0008429976689142445 0.793995714610498
1.3776523448018785 0.607069595735139 4981.661893268672 0.0003409517875121702 0.7353538871032994
1.3585578131144116 0.6080878320288068 4805.695595981743 0.00027839777270512243 0.8254155706183185
1.3293544028679165 0.6469987036714666 4985.706093029839 8.69602209511242e-05 0.6894917306609412
1.2739047762470477 0.606161449804689 4923.54594214914 -0.00014401529690437844 0.7341583231682542
1.4008627953700485 0.6316655286512857 4926.084252621966 0.00047589623119496385 0.8732145770335829
1.3532189808834403 0.6600978961385209 4899.1752048339695 -0.00011822388250511924 0.7976909583918113
1.303005980927676 0.6481716413932687 4889.920555000462 0.00018758537682032027 0.8144389999832897
1.331994096841524 0.6390840442418811 4668.259023762175 -8.160018034912011e-05 0.7930332356115597
1.221581237845361 0.612909257442024 4764.172553711899 -3.6127818532906346e-05 0.7198642868509371
1.3272067376245156 0.615929110227861 4976.672381891195 0.00031027764386083105 0.7779591553680171
1.353026167406307 0.6281952665596544 4802.158407908263 0.00020631586587407865 0.6133488966630631
1.3535525508624255 0.6547710088693124 4784.65375820948 9.282308178831342e-05 0.8120321363481771
1.2271567715888945 0.6316712592582064 4797.6393747217935 6.280832587586064e-05 0.5101212238350824
1.3236949280940307 0.6573986193706469 4598.469942959812 0.00030062002728837217 0.5208924969390256
1.2558875106936642 0.657619264494958 4683.718623916715 0.00021608141757803947 0.49879993172379916
1.1740952126727613 0.620568717002479 4752.1399067167895 0.00017643388566525515 0.5827249412752149
1.1776385718576343 0.6347307458325155 4752.500748302044 0.0002957398874634948 0.5664891566309602
1.170046578616033 0.6318426210756112 4752.192122921021 0.0001404016624487007 0.5623409260854917
1.2437370938129142 0.6081150196972391 4539.726401693028 0.00036460962241314463 0.6388334863071812
1.222180627690454 0.6318075493539607 4609.945747087053 0.0001712331747883834 0.6020649409530825
1.2216806050084676 0.6295821985732251 4463.380359518965 0.00023198174240548377 0.6437497696643764
1.2438423781593306 0.6249468385893793 4310.632638159216 0.00010229506411688962 0.6643488436253195
1.269815097748012 0.6236185050876843 4988.611461990485 2.3797581203468107e-05 0.6037816818907779
1.2723101589568038 0.6208954767618486 4939.035580016771 0.00012627020139886104 0.6004055987214736
1.2459359061799706 0.6290808738355258 4892.769021879189 0.00014057416611993056 0.620795883454574
1.2672927409806962 0.6825733386809052 4784.987784512235 0.00010489813117838879 0.5060796388474084
1.301992747462053 0.6921452116250015 4709.091603583974 0.0002474225879367197 0.4805226589507613
1.2233837657129332 0.6444321447708099 4882.760679604997 0.0002451371160200126 0.5418439270876418
1.2406751463822279 0.6477923900274215 4992.928212448394 0.00018392413480853326 0.5145404486085741
1.23908017861786 0.6365362604250165 4980.326130902227 0.00022312889439803527 0.5523872295672765
1.2482897063091996 0.6544582614784273 4951.714106747586 0.00020162776499344843 0.49082405798741047
1.2521851311713887 0.6334825417723174 4892.45586309982 0.0002513095393017455 0.5996857292678369
1.2808648506396088 0.6553439188847077 4991.824805800662 3.018271727683089e-05 0.6599637265448219
1.2767124156492684 0.6501821012509895 4951.171936131426 0.00010079877708954528 0.6243223975543382
1.2631473533448234 0.6494019550306039 4837.257698330959 5.201593915247278e-05 0.6700893106496346
1.2576885125640958 0.6532533995453269 4892.981251799213 0.00010308523292931882 0.6560721479548012
1.2646865529360483 0.6674378545570919 4941.087675027463 0.00011410547103489622 0.5955670154327461
1.3221643322281156 0.6594183796849679 4960.176234541989 0.00013953061169305893 0.6321713275915779
1.3184391136124982 0.7048847659194593 4849.727489550236 3.363382999785753e-05 0.5663187206033877
1.3213810532924133 0.6675982410585348 4899.836806703057 0.00026555576490063166 0.6500399646684529
1.2853298824853086 0.7012658172694306 4978.532691400495 0.0001992949634133062 0.5934880859953457
1.2659262064988615 0.696390242114109 4951.49647783577 0.00022942817202289221 0.5857332821522061
1.3034442717701316 0.6404450806032111 4698.077213758121 0.0003815116196306832 0.563347938694061
1.264397179349325 0.6476308882589901 4811.516550392968 0.0004445618273398478 0.639121085148393
1.3353251396441013 0.624651959598894 4802.134206503734 0.0004188166728065362 0.6054405556815083
1.248725803906881 0.6565990084695136 4737.333307300058 0.00039305133191226644 0.5375297649099395
1.2725533309049322 0.6294436948089148 4784.121150114233 0.000462449373190771 0.5420243151135881
1.2952933069153156 0.6219910091978198 4803.412382074195 0.0004562114685771322 0.471180671556637
1.2903178338043606 0.6299391506861316 4794.166474151768 0.0007056814810538665 0.5760754587798664
1.232485267100842 0.6406149193618914 4790.740144281608 0.0005926945595160367 0.52569221271872
1.2857203149216316 0.6663613593369404 4869.126430254277 0.0003755061191880101 0.46346561201420844
1.190903022746432 0.6148333742684824 4764.907050283924 0.0008389094155748735 0.6127314177608842
1.2478877940032502 0.6143618533772831 4832.206182315827 0.0007017733674971098 0.46596150492510324
1.2504258362572254 0.6465704516674169 4905.472566620851 0.0004259958033155392 0.5929344349795966
1.2684281516340814 0.6086862517975825 4889.462760078169 0.00028945119911568925 0.6389337472608267
1.2649422374735908 0.6182758158141908 4992.637462497307 0.0004764262293804233 0.5957230323981744
1.3015207028434492 0.6341359272462513 4964.529597096514 0.0003484736444292317 0.5918883656484697
1.2718332057848851 0.6464553895346367 4957.899233447077 0.0006727267169470769 0.5058279914898803
1.2718332057848851 0.6464553895346367 4957.899233447077 0.0006727267169470769 0.5058279914898803
1.23676689103108 0.6294847014483563 4927.127520198065 0.00038665026718897135 0.6029394800805294
1.2661452692365813 0.6365179551729413 4953.526000143551 0.0004054658566912451 0.5826071671964945
1.2821288574572378 0.6352014930846756 4955.450941450649 0.0003672644065192955 0.5232999108648029
1.2655558134027725 0.6242721640470859 4988.337511072766 0.0002826942524823403 0.5945235154932111
1.1738994881014924 0.636653595354718 4918.198932523511 0.00032832448379370097 0.5085586620072146
1.2260298385298816 0.6340679355232407 4947.659354430339 0.0010439754570810056 0.4898090398822886
1.229800103863464 0.6124811087667887 4902.645189189805 0.00041903202117965277 0.5910153230737478
1.3028808485789183 0.5856432103761421 4929.70233922669 0.00042132389031613785 0.722416862850442
1.3049112108121457 0.5984951107940817 4905.511706583641 0.0004318025727258533 0.7461242970225557
1.3097666837384407 0.5898632824749974 4882.097252705505 0.0004289701180162478 0.7443611916970865
1.27260807365673 0.5871528367845731 4903.473183808289 0.0009441507679661965 0.7013304541936809
1.2942302739401617 0.6008200118433514 4892.454358651306 0.00034298505062846607 0.700553450802309
1.3115521720279455 0.6031105831223901 4889.170795227093 0.0008793769800909922 0.8005936066895376
1.2832848946174225 0.6216563415918442 4886.048240243131 0.0005066880691653715 0.7692037971543282
1.296634268277928 0.6150107659414239 4874.008938641314 0.00032601154214133353 0.7587115614860938
1.263726283851614 0.6259292192539385 4980.838862331935 0.0004604033218027034 0.6786859754933725
1.3128388752451814 0.6102912087100314 4941.380793614714 0.000359509023000943 0.7065621978929192
1.3041202094459836 0.6211571801971564 4978.052483540734 0.0004116779836438724 0.6489671548793137
1.248441897791412 0.6228222394259111 4908.771248846597 0.00034535529370337384 0.7322185863719388
1.301050293817608 0.6018382903142765 4975.836128739769 0.0007051724092321663 0.7029676498163391
1.2922814976047443 0.5999955216568196 4966.0735911615075 0.0009033080522033478 0.6950901704616456
1.2959013913444175 0.6087260033035504 4910.472811714986 0.0005899299764740083 0.6648275333084466
1.2708722772226655 0.6084083830289094 4903.843147648481 0.00098276255611424 0.7204989770775483
1.2471565735586942 0.6113198835977433 4817.552815491849 0.000464647055287427 0.6757897813180143
1.3063377936279257 0.6009204547655169 4910.60991712285 0.0007357447389131045 0.6781559499895796
1.283371362940479 0.639220696710955 4884.8909566557295 0.0003950311691506571 0.7160333492266787
1.251917086116998 0.6252642827724485 4929.6949264229215 0.00048587812581908445 0.7617511382997288
1.270855402445183 0.6312239964369861 4884.716330577514 0.00047375938323029074 0.7323109997677555
1.3444580886618809 0.6206878567231271 4960.130870651327 0.0003648670724519571 0.692268191076556
1.253377920762515 0.6203948883449729 4989.093379486046 0.0010157606818331682 0.6823286306013738
1.296420114410656 0.6134352556398541 4999.450136230909 0.0005351746043488249 0.7961866455506991
1.3035197357798634 0.6243223776376424 4951.650172729386 0.0003386694140595722 0.7277001913317318
1.3211532527381369 0.6254063912550702 4951.208506751862 0.0003728121844625708 0.7558460384458028
1.3096116559396758 0.6135584792193303 4898.660997623951 0.0006343896635109995 0.7934460405985229
1.2645043165765384 0.609598615818913 4918.730564087276 0.0006407629752556596 0.8243834920597637
1.3489939999691787 0.6445067515157274 4955.567386373764 0.0003382246904030678 0.7144361858853872
1.3558813301384764 0.6330970977636908 4937.766368193341 0.000604280566280057 0.7854133522484594
1.271567139807598 0.6357777789180924 4918.132686152459 0.0003467819907345325 0.7562539855358564
1.3030540514032163 0.6255142820729181 4896.545614230421 0.00031051768379247485 0.807413781906104
1.2878176557655032 0.6316362777478065 4981.130983934761 0.0007782557574285847 0.7600213162845135
1.3016719719837044 0.6357197521919483 4962.897949338401 0.0005419544801230408 0.7455696879090985
1.3259153139679487 0.6431945616330645 4982.388642408678 0.0004754594178719498 0.751875547940468
1.2753433576554694 0.615530240311584 4918.863068785818 0.0005203293742076665 0.8290556793992032
1.3648146149824663 0.6147279258918117 4882.03684844499 0.00030956260364015635 0.7489933249088851
1.2977781329801337 0.6349208127910213 4984.709431481567 0.0003310679011072519 0.6547941272116002
1.3173563684280412 0.6114151721944863 4981.962318599995 0.0003570596406917428 0.7956211987829621
1.2271310240800581 0.6472928073025992 4929.862303338555 0.0003746769761001843 0.7566538825678081
1.3210100890748833 0.621557174009137 4991.1863247829415 0.00035498266401628136 0.7367762165852132
1.3222119812075488 0.6458766651928054 4958.6258688142 0.0004265280391310968 0.6016981230640108
1.2644126244007228 0.6744201360659525 4797.305113501436 0.0004542588897832226 0.7042708078852264
1.2789208422014107 0.6525761580387315 4922.7657347939385 0.0004898395516410953 0.5890921311127718
1.2442191431130367 0.6868662752733354 4937.671215528835 0.0007279416851647781 0.7145238495585993
1.2962701438986142 0.6719470379796413 4841.706529437553 0.00036907599222991126 0.623545957069434
1.2970570576662355 0.6727377791058886 4957.748484966338 0.0008278280128999434 0.611451235925776
1.2502232001205738 0.6742004439522798 4903.664918611476 0.00036260762720616215 0.6611459181961645
1.2997323231716464 0.6544020018000647 4865.309118429277 0.0008382419530478638 0.5686988118776399
1.29227046178683 0.6956103227745541 4853.067501662191 0.0011160233992190583 0.5238736342763506
1.2211608985350395 0.6831141366287802 4709.215071836547 0.00020019955408981862 0.3211872584670381
1.2547335236748371 0.6556546205174181 4643.374794183676 0.00013797591610309232 0.3333560832772519
1.256903517045607 0.6659067855181202 4643.14273349681 0.00017557084067016177 0.3291172501110487
1.2357838646613368 0.6589357258784069 4698.312538640003 0.0003421661557809404 0.3643478206116589
1.138930828626396 0.6583073240696146 4663.575958870583 0.0002932274518619114 0.3262598770067793
1.2878636759834867 0.657450081219369 4636.114895704743 0.0001665861785894452 0.3809194300783648
1.3301415543680244 0.7010383925902861 4643.496701317416 3.871711262693353e-05 0.4408577757012165
1.2625688974692988 0.662946469670578 4636.0099321599555 7.465371825725858e-05 0.36037777701100615
1.2169460844180864 0.6375985681372358 4741.1965591686185 0.0001652064700561601 0.3469565439515957
1.1571088576349273 0.6211305409511698 4737.865549747896 0.0003327671762126465 0.31370789650737413
1.2366693598434444 0.6396789725716223 4849.840215927111 0.00027925747305642345 0.3522703697167939
1.274643794582165 0.6372381360256201 4926.734799669582 0.00014675807948195393 0.41394363593207195
1.183250721960275 0.6287751152721667 4806.101632600188 0.00017601433164398777 0.31465847576209094
1.16826998426788 0.6885894859003455 4832.943014850016 0.00020738826486407894 0.33176516493159824
1.2440495684847748 0.6544529518946164 4869.338805934408 9.067990530854497e-05 0.3822534861673488
1.239058979830814 0.6389070697212119 4958.716296389384 0.0001038434212776743 0.3467968947170777
1.2115232477306472 0.6366302563602999 4901.476171390264 8.981216014157392e-05 0.34108467966500017
1.1652148445535726 0.622155001312973 4941.851404719322 9.913493028190123e-05 0.32516377388822876
1.1373716789663715 0.6624625082961672 4941.158881856505 0.00013790866410797503 0.3029819531905481
1.1253909485793367 0.6358761092107778 4899.805788580584 0.00012414479263926403 0.30307748503465437
1.0981888677977705 0.6407535408888346 4811.066976310283 0.00015248540212010046 0.29709102283179367
1.1431973697204716 0.623921489902983 4777.592021695284 6.589872540803735e-05 0.33036058478375785
1.1552430246115226 0.6451794715775387 4797.52879405947 5.98719239375941e-05 0.3538663056410112
1.1296504807643482 0.6480043554551573 4869.2835998103255 8.078099635579954e-05 0.3047551187817129
1.1613646222116145 0.6569766488801045 4811.186299930811 9.734674826703657e-05 0.3291948132457492
1.2026911319279476 0.648175147888514 4958.537028382763 0.0004113822108457042 0.3162646352271915
1.2742104351488965 0.6488064895353589 4933.70950189704 0.000327829102676378 0.4157042188492257
1.2197420321993793 0.641352851843697 4899.268379207861 0.0005530767980554401 0.3660184820478637
1.196048756148382 0.63850990898589 4976.801799986979 0.0005700688362073746 0.4333358600283017
1.2272365109048666 0.6687829169018957 4957.504506997903 0.0006165845521714011 0.39090690895647207
1.1854081119476918 0.6425282856353525 4882.969676321994 0.0003748081878767094 0.39290978983480784
1.2174298364170517 0.64032425794808 4985.248961153347 0.0005839599229321688 0.3426928407855074
1.248759582192906 0.647141693962425 4960.496508809698 0.0007898369884737084 0.39209439711170074
1.2056195468310467 0.6536123016589185 4961.153164510424 0.0007165089637508555 0.47169119833634576
1.2031042908823188 0.6594308643730054 4869.954059111989 0.0005806102719390653 0.3234508996988239
1.2466357804841546 0.6685186482530966 4643.050241104637 0.0008417209714907846 0.3346378294220199
1.2466357804841546 0.6685186482530966 4643.050241104637 0.0008417209714907846 0.3346378294220199
1.21643837064106 0.6462037834843709 4797.504551337655 0.0005246426059478407 0.46915900144659123
1.255175861805364 0.64672462177469 4794.667838053248 0.0003295750460427546 0.4307470324657213
1.261026665751417 0.6417884032675991 4821.050555697531 0.0004032407980605489 0.4083089889063549
1.2127575854289785 0.6322129808021908 4859.560888132927 0.00034860094056767514 0.43618505596761925
1.2443206636942827 0.6503411746083361 4739.38197103106 0.0006005719334339707 0.420667115032196
1.2367626793712896 0.6211776736863115 4891.980978194254 0.00048576542910977683 0.43758812010513987
1.148894169525135 0.6459276055318417 4961.993959543985 0.0008059216342068574 0.3425924599608806
1.1234133983563561 0.6671253693924735 4803.950096312402 0.0010375991945253701 0.3040843886541301
1.2878218155444343 0.549671206630422 4948.914514371648 0.0003322226889022766 0.6714262099537891
1.3586139274635989 0.5651221861506974 4903.725980810649 0.0002769711163353038 0.738494854811548
1.3586139274635989 0.5651221861506974 4903.725980810649 0.0002769711163353038 0.738494854811548
1.403910465408571 0.5350330358164948 4903.547809910561 0.000251447946655782 0.7423829098488597
1.3959767470225612 0.5304090938479191 4903.462540813819 0.0002599681425627594 0.7160288398984882
1.4156939105990105 0.5511375618383176 4882.463075906673 0.0002536609064101975 0.6898391397792398
1.3662274518477338 0.5372262716584837 4829.736665497559 0.000258249083190941 0.7142591769911826
1.3661763875283817 0.5695413051619342 4936.843655146877 0.00025829661588672506 0.765660744236232
1.4535914742832992 0.5513652560685395 4836.533238738466 0.0002555909957342934 0.7825152189514073
1.4009108619545279 0.5717933629158816 4905.647150598721 1.1469839521267992e-05 0.7380207986471635
1.461461700075422 0.5762500671190753 4832.34387043425 0.00022187230196070323 0.7542277611115745
1.461461700075422 0.5762500671190753 4832.34387043425 0.00022187230196070323 0.7542277611115745
1.4579882566991986 0.6014322835573109 4852.7985906912345 0.0002852418187282354 0.7867457231049424
1.4269766267226158 0.5802698865165188 4951.820251578838 0.0002173048250452629 0.7402737915521727
1.3942972626794585 0.5872771314461642 4911.627849939587 0.00019999669656462835 0.7324172416226109
1.3870768141341712 0.5872112360087072 4886.178499549915 0.00017147706133243776 0.7375462562313143
1.374284789341314 0.5858053852113849 4817.129245804734 0.00017216609302549816 0.7778851583154731
1.4383596610794913 0.5895196737323019 4815.284531993727 0.00013934061222126742 0.7791691659787674
1.4843880187171132 0.607735402330582 4960.548151385625 0.0002315490729371704 0.8411230234355491
1.426657077446566 0.6039367084106705 4849.223376218582 0.00024415869436994914 0.8670620847133441
1.4570956648451414 0.6072102227768919 4877.060433700548 0.00023636519069653557 0.7910290096883273
1.3822715736634028 0.5848221463628583 4836.650042353344 0.00018682586057288945 0.8215246375960717
1.3915095462921885 0.5938595014451327 4914.287738793894 5.2210105539561346e-05 0.7797864490533395
1.4188797524778156 0.5959413919216525 4841.77643160114 1.5247207490732036e-05 0.7796560218779567
1.430632770849822 0.5769543264351172 4951.454150531811 3.251430716328417e-05 0.6983520436813933
1.4335742311284532 0.5621442475218854 4901.182304662129 4.73891201413109e-05 0.7695590608524625
1.3889237036366255 0.588800597119806 4728.137629404334 0.00013097771802137966 0.7763854100164258
1.441831908488951 0.5565787567198706 4939.14135802936 0.000112729610995442 0.7147356834514929
1.4440941223013268 0.5535117277657242 4901.935372794922 8.842232515634677e-05 0.7599265931014436
1.3879434326285776 0.5683851025303521 4915.725832624141 5.68345335358881e-05 0.7232041558997897
1.4565278099727879 0.544249811700593 4887.612219944885 8.272535504645547e-05 0.6969500583249579
1.402716610079192 0.5746538388696514 4817.1661100637675 0.0002411728549210436 0.7432153208746635
1.3805880218565143 0.5839900044831274 4731.345463179387 0.00026819345100469156 0.7455831574420066
1.3705382119823313 0.574694634655742 4663.317506877649 0.00022645595021024057 0.721095616602957
1.3583920908218785 0.578788432179927 4837.271271830161 0.00011727252637053494 0.725741015998057
1.328015553045523 0.576564407527975 4801.108539073982 0.00010363141284901501 0.7386686296936054
1.3719827194359702 0.5557777694445429 4837.164255513924 7.65630780143452e-05 0.7691297985869703
1.4556964542576134 0.5473255984718282 4815.12820635364 0.00012036018162375162 0.7531857562903961
1.4300661241029737 0.5539003788939911 4739.569795558706 0.00012198579865149343 0.7420395208683019
1.4361110954401144 0.5732817055623525 4739.021398221148 0.0002848376663189323 0.7605352034085805
1.4085727377349437 0.535719852948645 4760.524075019668 2.1240922450918625e-05 0.7166206971676115
1.425496988268509 0.5946713618345529 4832.147504069085 0.0003285612691946992 0.7732109201900552
1.425496988268509 0.5946713618345529 4832.147504069085 0.0003285612691946992 0.7732109201900552
1.4450438147382014 0.5993275225815574 4927.454306099983 0.0008421670184573694 0.7262944067692574
1.3645561113049238 0.6062236272119496 4752.145138304192 0.0005370186841890535 0.7473134000344039
1.3933236693895426 0.6101742289825789 4698.882606454184 0.0006053582837243631 0.8170189829504068
1.425815521724911 0.6121116678142494 4741.108705550999 0.0009924961711328774 0.7545328211130637
1.4195352907435872 0.6150274743574702 4803.1048633574 0.001337177580386314 0.7994594895050288
1.3942604565973449 0.6156533313384224 4824.4847915058035 0.0006678688085329084 0.7911476591965204
1.420205962339359 0.6090367900158943 4802.4454526975505 0.0010631972983160033 0.8274987126958957
1.3681072076568737 0.599875005401943 4732.634716517596 0.00039948559828275156 0.773379727244075
1.366826565640694 0.5972700925154955 4794.993826734414 0.0009088241959107255 0.8150116265410059
1.4012699343135968 0.6101547168492844 4803.202448801852 0.0008584332760643893 0.7964610419019236
1.4541008691125992 0.6223830617232963 4836.552408160282 0.0005460552867609242 0.7624834709650208
1.409608960177592 0.5982709214419861 4803.9769473071765 0.000608991809956769 0.8143385991967684
1.3914868366224074 0.6185655548881986 4832.954454327532 0.0004862896903735819 0.8653008480997604
1.5084796779941252 0.5818948089682641 4803.575440867394 0.0007051806401528662 0.7617618359781884
1.3900588894027315 0.621051749589985 4869.234467627874 0.0005767315918741059 0.7691276556371633
1.4267942691549367 0.6070752182715009 4869.966144073386 0.0009291156468618905 0.8499692592583469
1.452768049841619 0.5985964413011224 4739.892350218345 0.0003681004527223787 0.7802677251931909
1.4373656243369235 0.5916252331058661 4853.658396604354 0.0004420208154184546 0.7980512422124556
1.4446817585505092 0.6024763636406817 4815.037430734851 0.0003271337559559415 0.7934591234150885
1.535298326474855 0.6013693502331952 4849.978033413258 0.0004907152434088492 0.793947749274498
1.4867122314147152 0.5878325958099653 4802.7212779902875 0.000334996088965503 0.7903574640407697
1.3838462393463922 0.6006640202975144 4683.076666085089 0.00030368951150082574 0.7522162457829344
1.3697415315394053 0.595555460308095 4760.787043457043 0.0006411306059883374 0.7414477506127061
1.4135003902490144 0.5846320329576444 4784.2158794562165 0.0005570618877635428 0.8378752552906695
1.456113264977044 0.6190317124492539 4832.740863910051 0.0006323510532759072 0.8023600605871766
1.4505827323603009 0.5752400323432629 4832.1470737571435 0.0004750417724347827 0.7565687334226898
1.420081526423857 0.5721970499036828 4832.880435463715 0.0003522678986665594 0.7661051929304992
1.4637418975857133 0.6297912510138575 4636.2105964147995 0.0006152629501129166 0.818735908007161
1.3978272468651733 0.600165067204512 4636.067187340091 0.0005866008721014453 0.7888318016445718
1.4286611508887535 0.5938651935342663 4663.140826700863 0.0007374434038570798 0.7089226905855432
1.48287436313168 0.5908528831412965 4698.744022270741 0.0005473319985607181 0.7334260307072912
1.438976248600287 0.5896881932840935 4663.922017694657 0.0005097177192359109 0.7204280137512025
1.4792969849816622 0.6233880445957407 4709.597586390102 0.0005041183358917738 0.8003799685954993
1.4325793880753406 0.6052195917424414 4836.126356216997 2.9706453681485168e-05 0.8062856750337413
1.4325793880753406 0.6052195917424414 4836.126356216997 2.9706453681485168e-05 0.8062856750337413
1.430300991978875 0.5756002997737706 4927.888363558951 0.0005201506457492313 0.7515616552873274
1.416412523821991 0.549949252687945 4957.7330021195685 -0.00020625665886091484 0.7304377051191914
1.3587448329614533 0.5564162266621628 4817.099459591389 1.0864334073681225e-06 0.7674526444692678
1.346093518324349 0.612683374970188 4899.1786479117145 0.00011113210252674307 0.7633400916837292
1.372383472471152 0.6115972083387617 4836.865809259082 0.00022764337393464882 0.8187413649090087
1.372383472471152 0.6115972083387617 4836.865809259082 0.00022764337393464882 0.8187413649090087
1.3776289369482575 0.6146626389718916 4872.946000262295 0.00044980053002770877 0.7984587898682503
1.346742068616212 0.5761939272577361 4760.8218735080445 0.0007165988242581354 0.8159866634428824
1.340496441677636 0.5566940495006474 4817.251941187718 0.0014266172305788896 0.7725182804749566
1.388422278438426 0.5783865098566514 4743.577059206155 0.0005997322960843261 0.7359730121411228
1.3941709760231293 0.5715031669606645 4663.0396314248455 0.0006687766387794544 0.7349210420047239
1.3494896881236005 0.581611432944992 4882.435449287257 0.000424427486529501 0.7577274146383269
1.406769524056178 0.5835437508917588 4882.6708566437555 0.0003769355750992819 0.7281560373163939
1.3575123358391021 0.5737204644775002 4923.325045852191 0.0003687222937398943 0.7800692319414277
1.3240393508247286 0.581723923850735 4927.012416685048 0.0005388903520288801 0.7382626531432712
1.3437011396779956 0.5913791096204364 4905.173978564779 0.00042379787905716794 0.7835451411670554
1.3312890392387002 0.5870552100436948 4927.325090044892 0.00045704315275114324 0.7312971783972696
1.386861512146179 0.5898307171286716 4941.689258750578 0.00043058953955191096 0.7346643788622573
1.3015272774024966 0.5768083680156677 4912.6065347902 0.000426784886295912 0.7456267379692976
1.3303779436391692 0.5849752553230905 4994.329521450806 0.0003421015808097708 0.7663086270263066
1.3585832534165445 0.5697777345764974 4938.7826844060955 0.0003956019085954549 0.7396804685694405
1.3305446470876243 0.5845015330000545 4817.266412979017 0.0003932578530366504 0.761027945160303
1.301576417511762 0.5803393075592258 4817.954160109917 0.00032550768663895864 0.7783018403358151
1.3028075698896164 0.5837247316848835 4816.070117666077 0.0003510255529616259 0.7860477824181269
1.3327960201589193 0.5598272013327972 4918.370505365362 0.0003378958599727086 0.7524930864156854
1.3862230330866447 0.5833019798937296 4961.300117111294 0.00046761428501085675 0.7298871870287303
1.3141156531198082 0.5835351840229459 4760.939612541115 0.00035309770794226267 0.7707689592275131
1.4272555538824119 0.5686791041576138 4927.004834662868 0.00041267254399857437 0.7117337998938431
1.4143493016999762 0.5637496717353291 4903.16518942949 0.0008805972388714363 0.6765839681327528
1.4002663271892044 0.5672280520913195 4958.914648336253 0.0006435313041970107 0.7069427918822893
1.392353158482639 0.5550503408502064 4958.08345555376 0.0006588666661881382 0.7014645464129214
1.3295627894333757 0.5952382904887924 4952.134921101907 0.00023598753895311085 0.7986729276695712
1.3152970407876325 0.5912211738479956 4832.8895161122155 0.0003217039605221325 0.7292953292126647
1.308679876392382 0.5959883938373135 4731.984450870301 0.0007269725238971379 0.722856487066909
1.3108913654791006 0.5944155387731906 4687.606946506729 0.00043717919397004646 0.7083305568105176
1.3386489142399474 0.6003013404157338 4815.939099699543 0.00046567520709417674 0.6965474895980407
1.307461983222249 0.5985363189825941 4731.1478802812535 0.00035658893985470906 0.7014604955357555
1.3649398230235898 0.6084221707231795 4760.141729210516 0.0008856767264426467 0.7542868844036649
1.3122499706186832 0.6189362251736215 4801.22252565357 0.00048530488917984736 0.7655337977021576
1.315710821963135 0.6020813900806359 4837.77601036882 0.0008732833936924701 0.7866629553695133
1.335949360187036 0.6138711262140034 4824.59770440761 0.0004308584146127463 0.7796153776775953
1.3757295796333717 0.6184894411862705 4814.832708794242 0.0008584055502505141 0.7564618276416268
1.3237298577404761 0.6078583940706627 4728.668417826465 0.00045770004070869847 0.7637999045345496
1.3448307808889925 0.6086740612997305 4797.860416891498 0.0007842140482053285 0.7897285697910956
1.3319403107209173 0.6263483236476903 4796.559348281958 0.000355899075163648 0.7671206478839203
1.3199557643788444 0.6121357894633109 4779.558288714638 0.00035628776977350427 0.712230101211992
1.318577885286245 0.6269271747210262 4793.503852641607 0.0003416075433117302 0.8057007909038466
1.3812350592235103 0.6268066669046475 4790.531362204896 0.000706969936968865 0.8053600393182684
1.3408353181206996 0.6237587390466344 4811.5292597779735 0.0006658586872595226 0.8567516477667575
1.2890334312210814 0.5951918951314149 4787.472889526315 0.0007332990576110704 0.7793020587207268
1.2839779177170225 0.6134441050835867 4681.258953924478 0.0006142461709626547 0.7753244145832481
1.2586782363667708 0.6484038390453187 4687.089178743935 0.0009626796634700476 0.7227529978173017
1.2764899085313286 0.6403048893009904 4731.561721840004 0.0007081457768203841 0.6784300706681899
1.3182534842820233 0.6360842371542504 4804.676658509538 0.00042244835444611717 0.7398894291435997
1.3177745703548394 0.6248807526953619 4817.045493430863 0.00027047468437007037 0.8312284717262437
1.4007628713684883 0.6337964141616512 4719.0723621067455 0.0004053919779087453 0.7476458424926844
1.342237378708462 0.6069231896237391 4743.056910808547 0.00041941138490963613 0.7908083037183884
1.3225130558899916 0.6118203059607172 4652.373039218569 0.0008049928339715295 0.7939431218585995
1.3577844599222804 0.639252595969441 4751.2533068775965 0.0004951209328314267 0.7415382613606585
1.327738491142794 0.6325488232060276 4683.308344035258 0.00034917158879703853 0.7845679728843333
1.3239705479854438 0.6276828625402111 4728.098663781429 0.000633881688026913 0.7919602217501162
1.3028794323854818 0.6087379830945008 4760.574509304449 0.00042779851024594403 0.7408294280214631
1.2719414353359877 0.6820582647838914 4889.516140185934 0.0002425898497417211 0.7432470524977897
1.297622557531982 0.6700649819829936 4994.380120075334 0.0005330850300795498 0.7699142943260504
1.2559142199801938 0.6751174336553085 4902.2109992299465 0.00040125847076405256 0.790799516278555
1.346868499352191 0.6744069610468413 4957.991579276745 0.0006318540362241171 0.8403058235091481
1.3242969802121323 0.6925916569229689 4869.544207444607 0.00036607054401700004 0.7085315481307849
1.3076524697462604 0.7057995861974675 4668.14562560437 0.0004048763551682725 0.7752525335076831
1.3291903867425523 0.6710060504255508 4683.828271161739 0.00037119284737644506 0.812956660803165
1.3981766912907476 0.6756010597357955 4891.683899105062 0.000265266078757225 0.9922674062312862
1.3504033489172498 0.6852409444856863 4983.513654218699 0.000279987335859327 0.9689246715545329
1.3566772361036192 0.6731452686908173 4872.09486362684 0.00033590570762055525 0.9324674762508802
1.3820334852479141 0.6806451397696005 4955.538128683243 0.0003479348362655071 0.8968322562120488
1.3764416693150454 0.6638843109938397 4988.574412856777 0.00039926393368651993 0.9622874314579707
1.4342171085401478 0.6698624457961718 4836.898450683254 0.00033806247937942524 0.9947232734693681
1.373100669031449 0.6725422105912824 4891.9820408859505 0.0004759543216342391 0.8980286303306693
1.34439504178652 0.670898496576931 4884.953087486865 0.0004893748676200661 0.9802943468718134
1.4029184353687527 0.6617597735959148 4933.641368604698 0.0005616405261020841 0.93606582801372
1.3660795822810172 0.6602228149500842 4988.706135950577 0.0008957787995271899 0.9899798413946188
1.3837067082787788 0.6727669463570891 4891.039743208229 0.0005605396676619587 0.9861258515913893
1.3837067082787788 0.6727669463570891 4891.039743208229 0.0005605396676619587 0.9861258515913893
1.3678390999132226 0.6571405187701982 4937.572134466486 0.00042423036691318565 0.9469556303428337
1.3596623230097333 0.6643149631606543 4767.390132278358 0.00038950774326223386 0.9139361553922979
1.3616528740586233 0.7064632701870329 4955.597001200912 0.0004322100224221074 0.9193397749843408
1.3294871373061952 0.6837543138630684 4777.138998892648 0.0005080143702472256 0.9659717165374583
1.3206754680497608 0.7005290297869347 4984.283771553047 0.0009723818009411738 0.9356358029646035
1.3431324206887896 0.7025419420085404 4985.980579238945 0.0010683708060936306 0.934568479415518
1.3474789549011286 0.6796265238891471 4941.28406200517 0.0009546354839858074 0.9899142235569123
1.345079885912914 0.706659501259948 4985.508959859217 0.000687227987571496 0.9700779594312208
1.3376182348667403 0.7150713329267815 4891.86437623638 0.0005794027486413904 0.9938734792868089
1.384763766342242 0.6851998404356411 4869.0583730130575 0.0008955399805630872 0.9641390924507367
1.3037845936523902 0.6843325208386262 4980.936671010389 0.0008780663755834462 0.9256575463594147
1.3659273134165444 0.6836502324052638 4794.260196902793 0.0009486980675265639 0.9256312518700645
1.381289643301599 0.6674740001772226 4988.376498398085 0.0002600793703990256 0.9852294015247743
1.3571786624955142 0.6800532102684625 4784.794875779592 0.0002287294607650151 0.9682496072807502
1.4112721225364684 0.6350326075738777 4777.0313244338895 0.00010165797425513633 0.855896737977793
1.3734558347109669 0.6369216497338206 4822.429852852582 0.0002750130690270958 0.8686007658814336
1.4471307904290858 0.6278618940080432 4784.222525570133 0.00019604630539357497 0.8018738238810633
1.4156812147315936 0.6190555879914176 4835.9008186067485 0.00029946002232074533 0.8537299132544586
1.4221323671788668 0.618193318694358 4984.140779453803 0.00011725126277974876 0.8328021890533832
1.3804588531059452 0.6311953506714258 4741.0052931482205 0.00018760874307762352 0.8508059355544398
1.3804588531059452 0.6311953506714258 4741.0052931482205 0.00018760874307762352 0.8508059355544398
1.4164381307304446 0.6359493416360033 4767.907732582145 0.00026590272752241817 0.893500800218582
1.3866547641659652 0.6236394612091964 4852.723638088924 0.0001079250208415425 0.8342777277428547
1.42514472295997 0.6363146276451297 4815.12188193003 7.36248096149117e-05 0.8140789851016381
1.4217521919131602 0.6337368965047558 4832.663514623704 4.2074900592265406e-05 0.8054430880113138
1.4547214078702555 0.624941592301133 4930.7556336240405 0.00026750494746861654 0.8637838626919775
1.550944810981556 0.6404378232723841 4849.7050207728325 0.00010871101848286458 0.8780972222318657
1.4888910901740446 0.624280348459864 4849.676973669981 0.00016574079074891328 0.9245587089945206
1.4654932541617807 0.6314679195626877 4814.27573169717 0.00017171719019475466 0.8289201825474154
1.511984296895175 0.6360444012489153 4960.917155619898 0.0003100185222605493 0.850073915132477
1.4882650029091482 0.6343908035691501 4849.908708118151 0.00012047229966209083 0.8711565194688284
1.4882650029091482 0.6343908035691501 4849.908708118151 0.00012047229966209083 0.8711565194688284
1.4688923734506099 0.6275977632394326 4960.081936004055 0.00022488804069908383 0.8432548543703251
1.4750802577669524 0.6176428610176908 4955.444543814645 0.00025866760601904367 0.8658855428390906
1.512559390885993 0.6228914894880893 4987.682948558251 0.00013850482158398635 0.7968258164883665
1.4857980117762104 0.6428371881267528 4955.692081963729 0.00021676250448645422 0.8207990355019469
1.4738553625299653 0.6239983056175722 4926.818833965973 4.036873043953147e-05 0.8603952131213248
1.4712055121959573 0.633143393125927 4987.069522380167 0.0002703369188514569 0.8976314683307403
1.5445403938708844 0.6322332312859779 4849.148414249184 0.00015953551617719803 0.8510580125280296
1.4424504394440052 0.6256655807666158 4849.612030475837 0.00013356242442282845 0.9277225149467327
1.5204401142108077 0.6222989346604757 4836.279587592818 0.00013758838768421547 0.7875024521037072
1.4208833782292387 0.6309480287834841 4849.0353415279515 0.00030910548571526543 0.7836877390389132
1.5081862755657216 0.6405160973767353 4806.861778429254 0.00010748923726977224 0.8886345617130565
1.4440264553811022 0.6195269316805956 4930.677878712655 3.208235188651299e-05 0.8228363222302505
1.490115897392306 0.6187795080179441 4836.723734000765 0.00011050868619451512 0.8024327350958396
1.4610871705130914 0.6545934025610636 4803.960965793734 0.0001742707302389384 0.9448524458521335
1.44008459786467 0.6605013829170598 4774.269796051046 0.00023120801916093022 0.9160142595575603
1.4713037170158931 0.6374141050966676 4806.19590635798 0.00014510609243677955 0.926831428572128
1.4713037170158931 0.6374141050966676 4806.19590635798 0.00014510609243677955 0.926831428572128
1.4492042017812574 0.6324446697841962 4802.396533949749 6.218841429026784e-05 0.8874500517622629
1.4167770420003276 0.6537777725137551 4797.042461771658 4.166787428299098e-05 0.9423699518694695
1.4427453516345385 0.636127112789115 4960.725107257492 3.104748681107151e-05 0.8832285967377019
1.4427453516345385 0.636127112789115 4960.725107257492 3.104748681107151e-05 0.8832285967377019
1.4831707196115267 0.6441877480129377 4955.349691130733 3.2065467391591595e-05 0.9087951477079919
1.4409796423747139 0.6385290193660765 4969.542232680109 5.208041494115076e-05 0.8569041184275272
1.4765590967024875 0.6532402301382558 4895.557952820607 4.662211095974142e-05 0.9579126580231445
1.4918098644511326 0.6652620579257179 4849.184771091264 0.0002108834712896426 0.9967449961393097
1.4028283752071509 0.647588362793836 4811.927691006777 0.0002491363159602044 0.951442618923884
1.4464519807261453 0.6535543974884956 4849.064860482649 0.00015417848610244463 0.9609511754602341
1.4464519807261453 0.6535543974884956 4849.064860482649 0.00015417848610244463 0.9609511754602341
1.3806680396088007 0.6480826847178875 4869.20791120011 0.0002469963107199714 0.9181286273388111
1.4738959504613576 0.6600632360421943 4960.202768302437 0.00023336784808756985 0.9294909042670575
1.421508505442684 0.6535810439078321 4872.642019579039 0.0002564900976836602 0.9316454767201652
1.4490666435198434 0.6336683533207462 4803.763508137957 0.0002219483317674118 0.8053360280353227
1.4279995586834027 0.651161701523032 4832.810062311122 0.00010873518313427727 0.8683247347951047
1.415211238821477 0.633038272011099 4869.738495125866 7.948959921136515e-05 0.9240400801782209
1.3844577761887016 0.6302024650263431 4777.03590328258 0.0002977465631862981 0.8192348998008189
1.3844577761887016 0.6302024650263431 4777.03590328258 0.0002977465631862981 0.8192348998008189
1.4735970576012405 0.6355043535630759 4806.346719956618 0.0002729358845521999 0.9638335305625199
1.532318013600551 0.6083190111977893 4803.277463523139 0.0001358021902806265 0.8273026229187407
1.4575472807108238 0.6245785112616179 4741.7221187671175 0.00021475543682745215 0.8185446957880318
1.399953813386582 0.6582646190040984 4784.5511906955335 0.0002700353565331858 0.8856841513917244
1.5195330505703493 0.6297703803796094 4709.686916500006 -7.811216182192871e-06 0.8261014747680562
1.5195330505703493 0.6297703803796094 4709.686916500006 -7.811216182192871e-06 0.8261014747680562
1.3523977034094141 0.6717854373125637 4955.11619264717 0.0006240880538704297 0.7586421666883454
1.3523977034094141 0.6717854373125637 4955.11619264717 0.0006240880538704297 0.7586421666883454
1.3291456224356342 0.6601751308582291 4887.600921450227 0.0005687329633476403 0.8489946802100494
1.4047791877172395 0.6328156734076766 4739.601698199957 0.0012295426433325347 0.8615363509180193
1.3833429551844487 0.6272584284236227 4777.58641181914 0.0005667141178904345 0.8573136134509182
1.3623359151992682 0.6443627991623753 4832.624884172502 0.00047533553051532087 0.808496096995292
1.3250628613218791 0.6500239555411975 4827.425666824533 0.00044919887954751543 0.8392065136996215
1.3688490796722332 0.6203775754611125 4805.913747504979 0.0003751960266964412 0.8743743574883582
1.369434309369701 0.6272687037983155 4805.395038441972 0.0004632401696850555 0.9190260179842407
1.3908615127659862 0.6438891754742833 4853.776637317399 0.0006152993849056873 0.8623306337900711
1.3208008548097305 0.6319436239993733 4797.913315500347 0.0004227935894622673 0.9061870782712467
1.3563411980042583 0.6181942468922703 4811.518704950124 0.00030932691175292794 0.8995640528714914
1.3637522569192861 0.6221071387463492 4827.566993089887 0.0006198934723374127 0.8895518745372344
1.5059541418524516 0.6310191102135526 4849.5314186374835 0.0005376253107435087 0.8777100426364156
1.4323354230794934 0.6290152981103043 4872.260820402836 0.000452474538861987 0.8675622876895634
1.3766991511660254 0.635983561412487 4811.14802192355 0.0005411666862643202 0.9537687012154346
1.4509677188094154 0.6156769267815351 4806.166108228767 0.0003296250516742881 0.8903240545742358
1.4467376912308423 0.6181227662717093 4794.776718801516 0.0004301258394604104 0.9082446749621417
1.427493474843295 0.6526412416982253 4814.291780931588 0.0003205381061199529 0.8714156351404171
1.3743505607285105 0.6449599478996113 4797.475620642418 0.0003750762037925837 0.9659239932206042
1.3879106792222315 0.6418637822028611 4777.638663976825 0.0003621588540575487 0.8021596083589574
1.3921087246900035 0.6507910737119386 4777.681020384452 0.00048513632734102565 0.8460870328457435
1.4581734281526681 0.6333344646001671 4832.6312949687435 0.0005999407838022805 0.8369026447555352
1.3446252785700312 0.6490867150240239 4741.19969636251 0.000519465314046808 0.7738227525293851
1.3446252785700312 0.6490867150240239 4741.19969636251 0.000519465314046808 0.7738227525293851
1.3107954044297816 0.6574081416025308 4777.390064629527 0.0011947935033984683 0.8175978230272304
1.3660695590952672 0.6572567796313099 4803.511919005552 0.0007336800030128977 0.8009392829294176
1.3158831961538109 0.6512118584276541 4886.231642111414 0.0005399845715607108 0.863016973613648
1.3967966011001938 0.6315504510428226 4933.444820542988 0.0003469232822721984 0.840140274771998
1.4371721866778484 0.6343435853782993 4984.661861232656 0.00044999396997108917 0.8495632852547996
1.337903822218697 0.6426256797146909 4884.678719816145 0.00044365695606418323 0.8852853953007238
1.3664954073847675 0.6370145980647834 4927.171914423801 0.00046283970886190623 0.8597436942232897
1.4580229564333833 0.6536922141488135 4987.611740886355 0.0007134376823763718 0.8440005774255296
1.4065310826520392 0.6406313750129743 4884.443715252451 0.000485287276453833 0.821207172156386
1.3912527247168978 0.6600347201817661 4895.418965896618 0.00034972433528859836 0.7945501877443908
1.369567820544818 0.6675145488070603 4926.588172570388 0.0003933133240465301 0.759327666631658
1.3587878700359064 0.6425590937308691 4853.375425886802 0.0003302245908928247 0.7822630959665001
1.3896960301767698 0.6436339391750687 4895.548967780348 0.0006065972061042272 0.7819060579735109
1.3581864108259731 0.6410508538794535 4955.034711215065 0.0005467648301220305 0.793074013736136
1.3581864108259731 0.6410508538794535 4955.034711215065 0.0005467648301220305 0.793074013736136
1.35171190638154 0.6652281782876958 4899.849791250888 0.000411272426882677 0.7787946098358862
1.3773773892792809 0.6519709067026449 4926.218057991368 0.0007077144331676655 0.7723275548394503
1.3660865592746778 0.6405143342185335 4999.280129841429 0.0004875588719174989 0.8485368262303692
1.3630391178049477 0.6466000223291951 4988.813151836379 0.00046520864986699246 0.8652738252358378
1.2731638365080338 0.6458517318705155 4968.662531212238 0.0006841820138934496 0.8096031753664995
1.3793101576811915 0.6591992231054152 4895.473990488891 0.0003026050724759874 0.7605793790078239
1.3969633029394197 0.6472171342096574 4926.100162319174 0.0003118550710173364 0.9081972924305513
1.4405642344736505 0.6570717173479234 4926.846395386452 0.00033114892161896617 0.9875696873876447
1.4472047640859458 0.6615305462061847 4987.142108672491 0.0003834485857062241 0.8640404109259955
1.391743055873314 0.6600797398825959 4955.149421592414 0.000509567146011826 0.8658490899679695
1.3858593286613887 0.655800454434309 4985.944529860941 0.0005413906290750545 0.9186118295912211
1.4739194035515581 0.6607058410557893 4987.377423510224 0.0005300949296542712 0.9059008780564228
1.368647842572794 0.6441391279938001 4903.760696038789 0.0006837447153634583 0.8835107162285599
1.3429469921982347 0.6446690695046187 4663.133675856992 0.0006963643466566707 0.7890944262474431
1.276791708696943 0.6431714855098194 4976.455823667432 0.0003390607341904345 0.7630410327796661
1.3801985111821382 0.6194991689197327 4984.573735830486 0.00046030248921015036 0.8582782523793264
1.401472473507477 0.62549484672405 4899.876075276289 0.0003099899919791404 0.8233627024351627
1.401472473507477 0.62549484672405 4899.876075276289 0.0003099899919791404 0.8233627024351627
1.3805691418815118 0.6657178519971593 4895.153263896792 0.00027343618746081505 0.8695737780946283
1.349520795075131 0.6627749921428542 4955.242389126036 0.0002782468449453292 0.73900134597439
1.3085227753159718 0.6489679584940817 4994.378922629329 0.0003082414482493973 0.8128496020815588
1.3769930809766762 0.6520464407247939 4884.50262239038 0.00027036632186610817 0.9221587183748129
1.3867955817603614 0.651623986814888 4872.251878292799 0.00027509705676989757 0.9380459860508851
1.487477672099595 0.663203481019385 4794.026230827039 0.0005945281319411564 0.9512057935037093
1.486260909237184 0.656614804691419 4709.011363551914 0.000346786150061262 0.9566795562225205
1.5285498509467428 0.6533912563245328 4709.609769168592 0.00044288596224147537 0.8703754149324926
1.4706651793076695 0.6539025311102665 4643.788086751625 0.0005631643011174589 0.890516222949353
1.4706651793076695 0.6539025311102665 4643.788086751625 0.0005631643011174589 0.890516222949353
1.3262281569999266 0.6630860002964897 4948.993978149913 0.001143349030541081 0.9012747708904427
1.432281128713154 0.650059892192083 4853.2463248053 0.0004873217826856154 0.914920245371651
1.356704373522306 0.6859731687150326 4891.565561015865 7.863221328999606e-05 0.8959765365522477
1.2987916691394035 0.6903997841985642 4811.71994734274 6.76550581768072e-05 0.8849690434700445
1.3246170405765056 0.7283232559881809 4955.290766208158 1.663710440608843e-05 0.8081090807513188
1.3602604114976684 0.7057370155543308 4960.659166821802 0.00012412735818041415 0.8889993087258755
1.3451687708344409 0.7017133604951694 4985.025834476924 0.00014207717691600043 0.9210543776543461
1.2712000894608848 0.7137016240515475 4811.588784787635 0.00015081922388302297 0.8199648800575687
1.3096750377282471 0.6609116943608722 4777.70955196452 0.0001355714016918398 0.8598940989953965
1.3084239090476617 0.6675576716029663 4811.9896490318615 5.260371436275172e-05 0.8670746251474445
1.3084239090476617 0.6675576716029663 4811.9896490318615 5.260371436275172e-05 0.8670746251474445
1.315436158847021 0.6810958669336783 4805.944032763904 0.00012136588322046352 0.8908885384150448
1.3763677447603353 0.6858988804178165 4806.557962780143 0.00016485410942648727 0.8080383392270647
1.329392468121333 0.6566667526754937 4889.5781841035905 0.0001066237064407858 0.874683273438517
1.312084530580584 0.6589654310521931 4920.094279505001 1.2537043198879383e-05 0.8766445501061969
1.3796430697623163 0.6709812159679314 4709.185129222489 0.0002003191346817879 0.8483793175386354
1.4491306728863322 0.6501737359028901 4659.17073789257 0.00018489279969666463 0.8614933129805625
1.4538032320168326 0.6481042971774823 4709.983949096777 0.00019223079457808624 0.8452282409779913
1.4101207029627303 0.6376553056320933 4663.175809526209 0.0001403659876345068 0.8741626210394816
1.4658578976497392 0.6162692146189426 4636.132788012161 8.04251608987974e-05 0.828747211530003
1.4203928631811809 0.6499718997034526 4607.110255659615 1.9080109881200852e-05 0.8591445140116551
1.4541216024367443 0.6480896977589088 4741.722376860976 8.755204369611367e-05 0.8747014559371002
1.430959433365595 0.6555323969578041 4643.04688204572 2.9043619661594103e-06 0.8097227444687096
1.4185115707579232 0.6396020012061379 4698.327948853866 3.691032418463362e-05 0.8792939754391815
1.5423590666651585 0.6301550698782871 4709.042560375226 0.00011703452146810061 0.8042745991295166
1.5353787135004762 0.6095621986419357 4674.940912154761 9.717595562100701e-05 0.8040321730006728
1.3569011839088545 0.6380825551326585 4629.068273985586 2.9609852307668544e-05 0.8865754481589674
1.4207892525831567 0.6307637345884696 4836.4898063622995 0.00012898442937325945 0.8620664145053465
1.485537148439977 0.6442838008457297 4300.960440301639 0.0007745858244563879 0.9085916014253689
1.555225300977404 0.6417496966620505 4300.714956219164 0.00036383406183871427 0.910132131832172
1.5589781228003763 0.6349347900907584 4300.161904730536 0.0003634526435990901 0.8361355198146685
1.543110192536461 0.6194691981969837 4344.3173688695215 0.0009554205219514904 0.7924297790992365
1.5833868791974104 0.6309527441463569 4468.681831063679 0.0006720277106727139 0.8288544430571735
1.5524128303153155 0.6100577567519121 4344.959499828473 0.0005595662176793199 0.8157135772206145
1.5545426138654885 0.6012984529454799 4427.38665160651 0.0004713149246819953 0.8219016926213896
1.515606657098861 0.602541377471489 4468.908079460029 0.0005692142476501626 0.8536769729988734
1.5396916885825822 0.6062949149924292 4344.590256254249 0.00038866314642826673 0.8087423519232527
1.5816592683154445 0.6275786371890603 4526.1366995160215 0.00036924948737323816 0.8715587912769721
1.5673177983076336 0.6317846058345783 4405.463554784223 0.0002995295425492974 0.8499712999625192
1.4608274274932969 0.6148687629861727 4344.0929066134695 0.00043011015514279535 0.8932807579541366
1.4516697854496456 0.6164028769227463 4344.645437168851 0.00031002507892224815 0.8441486696700303
1.4516697854496456 0.6164028769227463 4344.645437168851 0.00031002507892224815 0.8441486696700303
1.4789699926475972 0.6154382418482901 4306.842684571383 0.0004139653668376463 0.8010522184357507
1.4559335339513302 0.6089763888537413 4344.412861161447 0.0002984689995736254 0.8298593951426816
1.4624853889115825 0.6014624141450216 4270.312995303729 0.0003425458646682488 0.7502689693273051
1.4881655956152289 0.5736642863212402 4306.540773050461 0.00022568485527066693 0.8030840531294439
1.453259146443989 0.5955712152644819 4270.81520947169 0.0002989092084447833 0.745569533554048
1.4607047042715098 0.5994757537540895 4270.59998232811 0.0003099891259728007 0.7410478859924068
1.465048713512355 0.6118054277783871 4468.872833031585 0.00028183534217034157 0.8119857617336385
1.447442271100337 0.6077633245758197 4424.45765327083 0.00018130966422012464 0.7788984514508979
1.5221014891909075 0.6481748381838718 4352.569155048088 0.0003709295500460938 0.9144857338250691
1.466542090419869 0.6232428138312328 4344.470561753026 0.00031440967296154633 0.9081358596251433
1.4907956239883444 0.6351061798421462 4405.642799316351 0.0002513640375715016 0.881588819424624
1.494218153452687 0.6415475327917379 4405.646968008813 0.00025489831354928846 0.8442303528389308
1.4364056634607727 0.6389213836895389 4427.342613375131 0.0002604296394908599 0.8957987725905242
1.5347894146121899 0.6458136283449497 4344.008799242497 0.00023998186433572168 0.9186004194610911
1.5171276844674382 0.6529782630110657 4344.791586552481 0.0002259271656442937 0.9315665429771646
1.477569095768051 0.6472400705679306 4344.105929242952 0.0002555360360072654 0.9195922338104966
1.477569095768051 0.6472400705679306 4344.105929242952 0.0002555360360072654 0.9195922338104966
1.5049770479843803 0.6534243803420854 4344.9376425802975 0.0002453469950537854 0.8776280391122514
1.4703936892543958 0.6509844817406725 4405.575491617406 0.00021019571107232872 0.8922205831267692
1.4389664279337349 0.6663844897459166 4300.8820300598445 0.00021618330966803942 0.9098760713082431
1.4389664279337349 0.6663844897459166 4300.8820300598445 0.00021618330966803942 0.9098760713082431
1.426496301866758 0.633367550274995 4352.99989795356 0.0002751393623675482 0.8205069683981299
1.472501684603031 0.6445488915954327 4352.407846128745 0.00028939467326230973 0.8780335027370998
1.5343610153453588 0.6188304184918596 4300.938531437718 0.00015698677215731174 0.841726280567971
1.5343610153453588 0.6188304184918596 4300.938531437718 0.00015698677215731174 0.841726280567971
1.525965480098031 0.633028236119884 4442.504553172672 0.00039405124828860785 0.8991288170565788
1.589472035356692 0.6100167385026818 4468.741916916648 0.0008464079966566864 0.8285661357455001
1.4295488899174802 0.6640488957274507 4300.261982386545 0.0007041008179387938 0.8937303892348206
1.4295488899174802 0.6640488957274507 4300.261982386545 0.0007041008179387938 0.8937303892348206
1.416909554393194 0.6570737997505777 4306.975333042388 0.0006397221712498079 0.9269355491086125
1.4035418970877793 0.6526867386214025 4306.6243874521615 0.0010722611313041782 0.883760404154406
1.417071078604772 0.6674277129929328 4352.533805447275 0.0002866744329450881 0.9016666608469347
1.429301042414997 0.671205701536944 4344.182841199912 0.0003066122461583812 0.9290803304716068
1.3969988661940227 0.6229898239315202 4306.718636062772 0.0005481378068617513 0.8166669809429409
1.3391469762259236 0.6080846703104694 4270.835992442193 0.0006567988408192251 0.6941639142882261
1.3663120759586473 0.6228717253981837 4306.645914966933 0.0007687501972608653 0.7226579603013192
1.4760611554617595 0.636178361695177 4249.686744409146 0.0004269996292838883 0.846253478646129
1.4147301585678664 0.6537531558615742 4300.850655374439 0.00043660110874250285 0.734433854857933
1.361320665836045 0.6613128686548619 4270.120040578751 0.0002481817416434759 0.8113739675242556
1.3850886172913919 0.6632861038476037 4306.834926445169 0.00034774691828479685 0.8400176605407254
1.4215141127625075 0.6485890224502278 4300.594122685633 0.00045305536801683267 0.8514858549958536
1.4357882234507935 0.642527327858226 4249.737951705241 0.0004965960492778143 0.847517489388599
1.4371068584346338 0.667136021686533 4039.0508622033003 0.0002982365787339348 0.8687224489945393
1.537079905435967 0.5811838829749536 4306.990475499802 5.1933934284551536e-06 0.7485114988778044
1.5186307137122805 0.5791324274397166 4306.974619929224 8.347648841894881e-05 0.7621509392433633
1.4440091554323073 0.5819449438426558 4344.519019286415 1.1436850794842725e-05 0.8140374981552566
1.53673503814381 0.6019826219611515 4468.784760074603 9.799475776002583e-05 0.8503526732350065
1.5597465331616485 0.6166218704446879 4300.082412483136 0.00013347773421137405 0.7973522379567128
1.5049349573766952 0.5899697261316379 4424.212039234361 0.0001387848531202974 0.7630903256938252
1.5070016408556781 0.5994219957710707 4468.840441281212 8.554078422275275e-05 0.8109931526503161
1.3920309220791376 0.6317157624619129 4259.6249883701885 0.00023827185940847233 0.8417803044647953
1.3810298638471907 0.6799349788230822 4352.539800983686 0.00016060798847691098 0.7197091768962851
1.4389348156565782 0.6370616441154048 4300.408342900332 8.699757998666187e-05 0.8476962529885945
1.4302296086192503 0.655172149919905 4352.040531451265 5.221057789876451e-05 0.8883328620465976
1.3741832804262208 0.6535821612133788 4427.347241817673 0.0001520333610054231 0.8229194748423098
1.5363461817685597 0.6495209677885565 4105.922231064077 2.5246116249681785e-05 0.9227711997696139
1.4394558757199625 0.6374285564848926 4039.1128540814766 5.765515930404515e-05 0.8564870499123747
1.4739939663571326 0.6282136482324119 4140.01631368293 0.00010798171200640343 0.8611784468991586
1.4656571854652403 0.6169082434455585 4536.103313382051 0.00021108819152625366 0.824940900811865
1.4656571854652403 0.6169082434455585 4536.103313382051 0.00021108819152625366 0.824940900811865
1.451705462599353 0.6212708605387988 4526.160421394859 0.00018401356129332078 0.8219325852312347
1.46825117533714 0.6209881785291078 4536.797496911866 0.00015230238521219316 0.770074833001269
1.5188740081471104 0.6450468917590358 4344.5680332268 0.00015455793114068405 0.9152329689378849
1.4841041292171155 0.6486775335047237 4300.2402164306295 2.943229562846623e-05 0.9254973010018124
1.4841041292171155 0.6486775335047237 4300.2402164306295 2.943229562846623e-05 0.9254973010018124
1.43966442349896 0.6382032344313154 4424.470017288805 7.684560979377677e-05 0.8055983871695104
1.4706659604433499 0.6218602784611089 4468.533764629696 -4.176449659279671e-06 0.8397531795544808
1.4478584976974203 0.611537860489658 4424.354503854388 1.4332160108783075e-05 0.8329983497805578
1.4677460992370657 0.6300650349820767 4405.555737755898 4.7954589098905984e-05 0.8110827640614793
1.3472413071190443 0.7296687973728839 4636.212397781422 0.0002193416189564269 0.795439745812848
1.3589579105595262 0.6929088040139562 4385.711074700867 8.048372785864964e-05 0.8120477195672424
1.2971919026784429 0.6210987596092763 4539.037474162486 2.209150990248564e-05 0.7795043025329573
1.28682897967949 0.5990029796854301 4556.087631570581 0.0002490838933086861 0.7752526059369091
1.3403080133593441 0.64712914443986 4509.165464876323 0.00018541938513719558 0.7948769387120812
1.3068433049876709 0.6363955366451897 4574.994738625282 0.00015875510364258844 0.7936956597170508
1.4595162769562458 0.6618354240811375 4427.237623693635 0.000846318043301919 0.9837891029860565
1.3393467615905523 0.6673229274348265 4452.333868153411 0.0005765828728207067 0.991976896825755
1.4237490692319423 0.671499843688702 4427.625798824684 0.00039137941756551956 0.9869525819661373
1.4550134829354349 0.6884122583481656 4566.890475509367 0.0003934736225843433 0.9924531577239764
1.4161320699205966 0.6882922636400448 4536.764564066194 0.0003085047479429596 0.9791252287140076
1.458789071105612 0.6723396800542518 4636.275806911093 0.0002437450180279514 0.925041897176851
1.4203740724911347 0.6690260801309087 4636.0391953494645 0.0003269865044320712 0.9204848211141649
1.3909624359233668 0.6853887715868419 4636.618982367168 0.0003933200183473967 0.9114845463960813
1.4351405282441698 0.6852999845595328 4636.166578386273 0.0006492913157488295 0.9559348439300823
1.3980620115596993 0.669596482361118 4536.184098505073 0.0005307938701028048 0.8580505611704599
1.4128291005298192 0.6690718486932364 4526.6660492695755 0.0006041298925176628 0.9150330356016656
1.5359104919488478 0.657888786404472 4806.803856954743 0.00023176866203797892 0.982256422513749
1.5703096904786487 0.6297443051635875 4643.989409184227 0.0002448064413951409 0.8767588693715018
1.5758534727664582 0.6488235033229173 4566.948778387178 1.3791949668258925e-06 0.9785268961231532
1.520150042082539 0.6336718266109445 4566.619407605852 0.0001301411817567306 0.899782333301985
1.4849512142133756 0.6335189517427078 4527.982418077631 7.724471413222804e-05 0.9092205942855435
1.5834947716303494 0.6420332015513472 4643.65751174978 0.00015325237330398168 0.905984562005822
1.5834947716303494 0.6420332015513472 4643.65751174978 0.00015325237330398168 0.905984562005822
1.5274459043976645 0.6653276725032964 4643.487857131037 0.0002137607454466655 0.9259351919172258
1.4957732393902905 0.6109465962561236 4536.383192655828 5.841689902941667e-05 0.8865207332251599
1.3461777172752911 0.6432787667736332 4300.318501515209 0.00037107790080733854 0.49759302722025
1.3298883300998054 0.6334121425544412 4424.420925571521 0.0007209802699943541 0.5088162378557257
1.2583992555061958 0.6517234080519972 4362.826644359185 0.0004754449168225617 0.5995738465943156
1.354278151846057 0.6980649340039878 4300.790594106518 0.0001225715184934909 0.5678875589282526
1.1891830806514283 0.6892020622114587 4300.7373278673995 0.0005537448969753238 0.31933822435342135
1.3069094423352055 0.6404587691553381 4784.537452264165 0.0001567209353834309 0.6464318537267308
1.3633435825128974 0.6400810360210346 4674.214006753144 0.00022734517790018362 0.5967805689530328
1.3219198272627204 0.6589523808164007 4751.246992890421 0.0001690386683379859 0.5889255766401753
1.2710575787682412 0.6717591244146927 4731.2135628689975 0.00019944040093410875 0.6322255919537422
1.3533136893152016 0.6429198033903303 4344.224656766638 0.0006755227840823058 0.6339002372773286
1.3882197450533456 0.6457443639969477 4352.672996599953 0.00030936776752520947 0.7356149955218003
1.3809260205091531 0.642081455956516 4536.238194092964 0.0003850743286057876 0.6781524850857892
1.2706007629144813 0.6618564571102891 4452.894420675397 0.0001640632207271231 0.7462146807877812
1.399271269563024 0.5679569989407933 4519.141336741252 0.0004033655385649887 0.715542660662752
1.4156796279855994 0.5596082578887176 4453.135567733051 5.067978854791991e-05 0.7170901506274758
1.3781839225445083 0.527610932416102 4519.914250262192 0.0003094739013512417 0.7209278643183785
1.345378807891084 0.5529828184269363 4556.651285930724 0.00031986922470591633 0.7424609706404708
1.3694915665007112 0.5672947931227723 4438.955082818373 0.0002724423085889268 0.7165461051321539
1.3608543494842853 0.5985105142295777 4536.48819670351 0.00032502578742141773 0.6730061135134087
1.386655994396929 0.5817887867084934 4519.498340188613 0.0001239679921257711 0.728615278762347
1.3767061634319726 0.5917928607698456 4536.904268699137 0.00034108494208618973 0.7252613874630742
1.3367402421382022 0.6053889501127393 4403.4816819460175 0.0005845937577090129 0.7784745486852036
1.408628841635949 0.5974557772694182 4270.960593871355 0.0005745829034609495 0.7918308386743317
1.408628841635949 0.5974557772694182 4270.960593871355 0.0005745829034609495 0.7918308386743317
1.3380111380474995 0.6035275171891444 4539.640109953548 0.0002794943056297205 0.7523369348422326
1.292244943316186 0.6071771261881129 4519.71220810394 0.0003026918807676092 0.8053215762037418
1.3778426301246673 0.6115700406638551 4403.2950867071895 0.00030192853007710143 0.7851419057418314
1.3249235215715691 0.6067582131904873 4463.401932615478 0.00018118584310650003 0.7788792240339022
1.4509482246806256 0.6082107930815811 4698.8502414515115 -1.276595779907085e-08 0.8203799187485847
1.4371359374214172 0.6299395937849158 4709.74652244591 0.00030833729431568597 0.8626818838219562
1.4371359374214172 0.6299395937849158 4709.74652244591 0.00030833729431568597 0.8626818838219562
1.3796978974328231 0.6166627616666369 4605.582449142001 0.00037036736224919264 0.8236779254093964
1.4205364398879199 0.6156955793900076 4607.573613956295 0.00031929578214463783 0.8412583334523787
1.393620023274884 0.6157406900068709 4663.968755059718 0.00034617673600935753 0.8357636841745019
1.4298860972965262 0.625269262468759 4674.124371743316 0.00017831353911785999 0.7670553351357053
1.3904615692694013 0.6234645085791617 4659.7275974876875 0.00016849417767188105 0.7155952333131468
1.3840273535958225 0.6270424661165742 4636.644827818713 0.00028029297965754104 0.7948036645163433
1.3587003308395778 0.6178004949535516 4663.07642293928 0.00013348586046925523 0.8418202305632573
1.3754510350504343 0.6405650579786545 4636.542086249551 0.0001919361328252456 0.6993055559362511
1.4151112971021464 0.6242061817923779 4536.906747669476 0.0006651127121882539 0.7827174251411708
1.3484616913701524 0.6284579463279719 4519.694140449325 0.0003814293992593353 0.779925328176299
1.3268476095401882 0.6099713751448677 4539.787338075679 0.0006078804356528082 0.7733820010475148
1.3272371428701084 0.6422341514501452 4524.094333586395 0.0006863758844938455 0.7634125673926913
1.3679068625969328 0.6282893912415395 4510.799373658046 0.0008043565863847139 0.7549976729810963
1.3576387948581146 0.6810903301153911 4536.54769847773 0.0005698806060018785 0.7049789774642085
1.368529476588809 0.6775045007137371 4636.36972518105 0.000341284950125787 0.7181107655584387
1.368529476588809 0.6775045007137371 4636.36972518105 0.000341284950125787 0.7181107655584387
1.433928071275385 0.5991811326520708 4709.825814427008 0.0002956989936072159 0.8426226449790202
1.506531479601747 0.6264404088727702 4709.46005233436 0.00045465430007782503 0.7876545623009646
1.5325005188281648 0.6032217111967576 4719.6393561841005 0.00017634171260706366 0.7869548370736636
1.5367354242059892 0.601789382185548 4719.867778026195 0.00034635323645670397 0.7800317661907298
1.4664114420790115 0.6102388510298286 4590.809481470464 0.00017189405035203842 0.7630026184760329
1.4720100921793562 0.6216827034400407 4536.016535551854 0.00024204998078760924 0.7719952978625296
1.4426024856726112 0.5921274468169759 4590.136892192838 0.0004475671633600126 0.7851378302188758
1.4750953049748223 0.5938024035377952 4536.377913978549 0.00038919261159252327 0.7902966251314731
1.5104946029331336 0.5697395480124388 4536.314927392303 0.00025430602609967346 0.8041498017946491
1.4196344858917946 0.583614497266095 4636.148779280163 0.0002771921614939962 0.7785968596195822
1.3595564132925297 0.5926284203129724 4663.965955717851 0.0008333524842174635 0.8153693894547895
1.412409596018693 0.5735057486572022 4663.833128099776 0.0005884471515888528 0.8028808322779752
1.5133818662277874 0.6045947975323165 4344.542190840261 0.0007157003552901109 0.7441759727616447
1.406328464276068 0.5616768481823775 4663.820671176729 0.0004795097121284234 0.7648277524981275
1.4296769559146787 0.6194341075182246 4709.408045100479 0.0010462622115363534 0.8734140477607167
1.3846430967812688 0.6287152365858247 4650.762502735429 0.00047442588792225086 0.8801460429794926
1.3981136055004746 0.6405365553695314 4607.154939971096 0.00040575368678050065 0.8277918196335784
1.3937245020405058 0.6398984242505861 4590.729215388871 0.00036661658213093113 0.8260845777583693
1.3966636152599075 0.6407490550206553 4629.914930442029 0.0003849786462274743 0.8514897292292756
1.4406698170693337 0.6553819791308515 4643.736069378452 0.0007181970315551562 0.7995679093724977
1.4406698170693337 0.6553819791308515 4643.736069378452 0.0007181970315551562 0.7995679093724977
1.4168125955383912 0.6417318608672389 4698.81940280845 0.0003848717643353046 0.8477003698356648
1.3876053616155541 0.655319513267095 4668.740405394611 0.0005983421149246188 0.9343735725675857
1.4097404012767154 0.6557049672297028 4636.029152304533 0.0007833822572467953 0.8994268497714509
1.4112723404010694 0.6342601387595108 4677.541645825395 0.0003351237616633455 0.8220413732432126
1.453048115669585 0.6517269557795332 4741.2294248491135 0.0005431698644793423 0.8866983201942149
1.3657395714020262 0.6594049535133986 4605.67462748698 0.0004065551985653932 0.8583377072442997
1.304676328969446 0.6683937218296477 4629.60513089565 0.00036356165626912903 0.9086565831419752
1.371203730389726 0.6720269820006209 4698.84529485856 0.0004046193143420061 0.8769062234989282
1.3805105109752747 0.649829105619105 4698.909654347236 0.00011048162896691901 0.8434450507509209
1.375610878565448 0.6271008676722838 4629.56258259463 0.00026990160156665214 0.8631588697322392
1.3820139833021883 0.6437864909613551 4590.441163620832 0.000750440792239121 0.8340712441760343
1.2807412105356288 0.6670450148796672 4574.446268813636 0.0008636855757127574 0.7835996680184332
1.3146453808021266 0.6580457310134878 4629.063914954212 0.0013447502108436351 0.8853733600282677
1.284084653380919 0.678275084404234 4539.624582069561 0.00035923083961332064 0.8525642398414546
