    0.136172931448168244E+01    0.630419464827446485E+00    0.459364358115618325E+04    0.550893771845748339E-03    0.569406923980564153E-01    0.128047807497464627E+01
    0.119298820681139595E+01    0.678842737532522000E+00    0.468148448173408906E+04    0.434925166951241800E-03    0.408087319415155747E-01    0.184841833134366285E+01
    0.889921412019127556E+00    0.601661301521125624E+00    0.416065701764878941E+04    0.100244402479109419E-03    0.184064484153677599E-01    0.273399324840292213E+01
    0.114236117180781949E+01    0.665282472375141931E+00    0.440469138024959557E+04   -0.402125509541638351E-03    0.247466946823771822E-01    0.294547379833494904E+01
    0.124952735731294151E+01    0.632712195724264959E+00    0.456866216901956068E+04   -0.241849499647131430E-03    0.246477550670977721E-01    0.359496732186788570E+01
    0.913830604414740622E+00    0.591561373584276184E+00    0.416523741215719383E+04   -0.559152933006982914E-03    0.178514523600195665E-01    0.382300925391343860E+01
    0.855164878585473520E+00    0.566590727229417057E+00    0.412607179714132417E+04    0.434706686707364510E-03    0.169535979213221201E-01    0.385853643305002025E+01
    0.131300479929798009E+01    0.584464915759573378E+00    0.411403706502939895E+04    0.428225851443533314E-03    0.474973770398800024E-01    0.401174017495496393E+01
    0.100470935946630080E+01    0.574132213731982866E+00    0.470644821161530945E+04   -0.401228400658504910E-03    0.186289609758464869E-01    0.410333385926948679E+01
    0.107979325151015959E+01    0.577849351462257355E+00    0.442803514919572262E+04    0.299396782996184171E-03    0.187057490066297877E-01    0.414177765151342836E+01
    0.106480337347504461E+01    0.625625590920053209E+00    0.404624820040599752E+04   -0.532765542034144388E-03    0.167828662946242491E-01    0.442755681327020412E+01
    0.143473859959779526E+01    0.560226167883423831E+00    0.447066679724086589E+04    0.406838341965565535E-03    0.456707710499324945E-01    0.442956657862737391E+01
    0.139195934906856644E+01    0.627207214600716045E+00    0.396533330391705886E+04    0.122940742767896599E-03    0.482386890812208785E-01    0.451360287298431739E+01
    0.138671083440882326E+01    0.601391567369776059E+00    0.416147786520983391E+04    0.400684623169423820E-04    0.552016953278084560E-01    0.470300186962004929E+01
    0.146529723021042235E+01    0.616495924776399917E+00    0.410408946114166520E+04    0.209570243616832668E-03    0.516316470647065345E-01    0.499667411709736609E+01
    0.122236489028094519E+01    0.663382899142412774E+00    0.499289807668537833E+04    0.116701698534387312E-04    0.376218553431109104E-01    0.503269374226280064E+01
    0.103688293086845484E+01    0.650825894662788840E+00    0.491750580491315486E+04    0.529257312520064492E-04    0.190457017924457149E-01    0.520379835354314224E+01
    0.145158676776903772E+01    0.657794166228913291E+00    0.421234957437965932E+04   -0.152495768967300476E-03    0.708004625507060448E-01    0.528048718077203016E+01
    0.126656474064584934E+01    0.693378118573060420E+00    0.416189149929134237E+04   -0.407376987891997194E-03    0.339458555611792667E-01    0.533096966536129369E+01
    0.875712475884015462E+00    0.551822658095316054E+00    0.457421657657721335E+04    0.347904061116832144E-03    0.187646090741833867E-01    0.542615905736131232E+01
    0.145153970851142700E+01    0.598240027278494568E+00    0.416485905283231386E+04   -0.469991961737256517E-03    0.488075766524874929E-01    0.547815546801868081E+01
    0.107534377948537907E+01    0.669375896089384192E+00    0.427267403307197128E+04    0.624158307585578626E-03    0.232187661499327937E-01    0.548360520113509597E+01
    0.129740898421020256E+01    0.621953798764845245E+00    0.422774352288984664E+04    0.448295236440183760E-03    0.554521603683388944E-01    0.549228600821569302E+01
    0.127541917596475551E+01    0.573786322086864087E+00    0.476110992086874921E+04    0.281908902588974574E-03    0.467170655059575557E-01    0.549407686444492072E+01
    0.132381702732939077E+01    0.664158078356682280E+00    0.479562223500879463E+04    0.850673565096303469E-04    0.701051356402907083E-01    0.551504616950351689E+01
    0.123162719320284064E+01    0.675631021095565831E+00    0.458799279600033515E+04    0.495971388915103354E-03    0.362762489714880398E-01    0.558611665956398706E+01
    0.111056596777342498E+01    0.673449898068721464E+00    0.485767341390486945E+04   -0.190750284264599681E-03    0.218728473784421812E-01    0.559744305309530166E+01
    0.115344954794002175E+01    0.616706535934028910E+00    0.484580974974540732E+04   -0.122301358221917495E-03    0.232146595939607993E-01    0.561168690998740427E+01
    0.124066517873394799E+01    0.611067575511437200E+00    0.489467812778000280E+04    0.199283096486628640E-04    0.438056426314031924E-01    0.561317250812956914E+01
    0.139549283295439075E+01    0.583525488499942679E+00    0.481827206302530885E+04   -0.249550701899180238E-03    0.470057702092694651E-01    0.562058780882358633E+01
    0.135091135150587283E+01    0.616097079898155986E+00    0.399388468541020166E+04   -0.123919035178037977E-04    0.420904827443976115E-01    0.564791937382862130E+01
    0.941213262410951490E+00    0.620157534967385793E+00    0.487138379025553513E+04    0.679007564820476115E-03    0.200619410333610915E-01    0.564895001448476730E+01
    0.130511139861461811E+01    0.590909938598457751E+00    0.428625735313532186E+04    0.754477614951537209E-03    0.449591919205665144E-01    0.567296251382027883E+01
    0.126761169927064654E+01    0.644191597583582798E+00    0.478153683816422290E+04    0.453676942049351800E-03    0.487746826784241500E-01    0.569165125041869047E+01
    0.127768354442913434E+01    0.561188251705469932E+00    0.474575707068998054E+04   -0.677150143381709019E-03    0.464261854953794822E-01    0.569452156449080604E+01
    0.127521188848751366E+01    0.643832374433607968E+00    0.422419656510585628E+04   -0.172659305614812918E-03    0.380018912977521106E-01    0.581570758827086998E+01
    0.145510898899213736E+01    0.571494315041232714E+00    0.402186052208174306E+04   -0.300439710831787028E-04    0.480561302187812595E-01    0.582429331585094712E+01
    0.985662966190967493E+00    0.652075990869404709E+00    0.480521181248794801E+04    0.137719929494348881E-03    0.212066995543371897E-01    0.583740410045635372E+01
    0.964409853770473058E+00    0.621600688174726912E+00    0.443418303057465891E+04   -0.163524059665177694E-04    0.192019196077371293E-01    0.591250854566806971E+01
    0.133464660784117939E+01    0.652173117257601853E+00    0.422727270839429548E+04   -0.712736256825479667E-03    0.659823505480121586E-01    0.594187902139033497E+01
    0.128292201497277869E+01    0.659590585344400182E+00    0.432184181023417568E+04    0.670344351074907499E-04    0.227690086312601278E-01    0.594862754029118257E+01
    0.112130192807686724E+01    0.606208691178067305E+00    0.424637179988581920E+04   -0.845134438597515717E-03    0.270966350346377310E-01    0.596953653609139145E+01
    0.134850774858868561E+01    0.592253279925028631E+00    0.403523319986559090E+04   -0.576171178077893790E-03    0.469577381623501044E-01    0.598754141122516970E+01
    0.150482045230852335E+01    0.588550953156210865E+00    0.477326768983134025E+04    0.811806997078286024E-04    0.462083452160869657E-01    0.599308488156475327E+01
    0.137053994187501438E+01    0.603256982395079300E+00    0.464790300129893240E+04   -0.415430450479688937E-04    0.473980837023089685E-01    0.602009640191358653E+01
    0.136994504408132345E+01    0.616527686597945213E+00    0.457036654708070000E+04    0.556512134996062289E-03    0.605836217062388424E-01    0.602696828599488832E+01
    0.122545528215913202E+01    0.624749651148667429E+00    0.459842538169042018E+04   -0.342231031944477578E-03    0.222743194971470500E-01    0.606304798044078908E+01
    0.107243660304030941E+01    0.665008087329566733E+00    0.420685866355431972E+04   -0.159406045953314082E-03    0.202220211359622967E-01    0.607089593565117447E+01
    0.136991996718642817E+01    0.623175345277109050E+00    0.487832247653727609E+04    0.361466527851664842E-03    0.552451862120633755E-01    0.607495481509649693E+01
    0.112332555690993852E+01    0.675445277560070334E+00    0.454733189246175607E+04    0.248282343154738788E-03    0.258783194611235945E-01    0.607893099656347591E+01
    0.121940828628291853E+01    0.652166270553957816E+00    0.438021557376039254E+04   -0.141489630836115862E-03    0.482272869299991691E-01    0.609733660803936495E+01
    0.957632581209426181E+00    0.614310004012106781E+00    0.437366593390054641E+04   -0.382486864362369518E-03    0.184100688428418639E-01    0.609847191899064622E+01
    0.143614793737792423E+01    0.546276519522531423E+00    0.414308878764710971E+04    0.797316895623100268E-03    0.455277429461987751E-01    0.615349571230042258E+01
    0.127533301812529687E+01    0.603301146358496077E+00    0.486040954071374108E+04    0.124972998260805963E-03    0.527641025924842286E-01    0.615625245408189059E+01
    0.127761597931130355E+01    0.627438876284472036E+00    0.425398586018976039E+04   -0.124304602041041282E-03    0.366677457314057084E-01    0.617959687193105900E+01
    0.145647609025060198E+01    0.567133669256843831E+00    0.461846608929225204E+04   -0.502838246235132516E-04    0.498292974433486580E-01    0.618123153522276070E+01
    0.114071319184548936E+01    0.657879415857458572E+00    0.415772348808305742E+04    0.742278109145908752E-03    0.217846007446887528E-01    0.626489455360323255E+01
    0.148996407838056522E+01    0.556698068103538279E+00    0.409339363061438871E+04    0.245418048880124192E-03    0.443044402701095602E-01    0.627394635346532326E+01
    0.894908653418946320E+00    0.567890929030771319E+00    0.471935677949773344E+04    0.790956419059408371E-04    0.188010320346696166E-01    0.628949700379280952E+01
    0.134764516342513296E+01    0.572110249415296757E+00    0.410340305544818420E+04    0.597297204768536651E-03    0.510485811954885307E-01    0.629930009322536133E+01
    0.108530656757611621E+01    0.605618990874005836E+00    0.457209834331072125E+04   -0.163500521278984703E-03    0.199982956558706175E-01    0.630639944000493813E+01
    0.127703650571161065E+01    0.666463589561432479E+00    0.425210189623576025E+04    0.717044859670619916E-04    0.438972922727876302E-01    0.631843383212108733E+01
    0.145244753949604855E+01    0.568525113344264366E+00    0.425102170254020984E+04    0.689432396002169988E-03    0.510794711837386922E-01    0.632889111567199247E+01
    0.114312605552463120E+01    0.682709863919440885E+00    0.473480765461086958E+04   -0.276326127394455414E-03    0.246721515114560856E-01    0.633929416293915970E+01
    0.112174123987578556E+01    0.589748467742436056E+00    0.477164363463435529E+04    0.308661436357223309E-03    0.200388227032105293E-01    0.635179498536922083E+01
    0.127974853874669758E+01    0.616192791019226194E+00    0.476708302869115960E+04    0.146827433475588061E-03    0.339803433924300985E-01    0.635631201220672004E+01
    0.978928352325577400E+00    0.649735636609863110E+00    0.452451633313432376E+04    0.542213462853866068E-03    0.215755593754973739E-01    0.636676465049809881E+01
    0.959984872216315788E+00    0.595550047173475372E+00    0.462339773692463314E+04   -0.164596634975759670E-03    0.193500353951811810E-01    0.637167372208499661E+01
    0.133891659903898819E+01    0.613324800771442802E+00    0.420378615160838672E+04    0.385626041225968247E-03    0.458864249727363449E-01    0.637545925640510180E+01
    0.136217956054682166E+01    0.572464628604540948E+00    0.485700679996263352E+04    0.394316710479899099E-04    0.538002090881880973E-01    0.640391162623249510E+01
    0.134195477443376077E+01    0.615453523976923322E+00    0.441666899609207667E+04    0.363408647700067206E-03    0.467309300235001918E-01    0.640428942654376598E+01
    0.147977583688023895E+01    0.622028157509065815E+00    0.486454867890366586E+04   -0.427062352346072374E-03    0.603149242779530900E-01    0.641132551115321636E+01
    0.106289415530015030E+01    0.671356134531808091E+00    0.426211077028237924E+04   -0.624831298816837412E-04    0.223534747551236215E-01    0.645478138573171911E+01
    0.129005946405429461E+01    0.619446713460873433E+00    0.418966634143870124E+04    0.874673589137073970E-04    0.289596011764364052E-01    0.647734365675969137E+01
    0.108461594337310840E+01    0.604366665904511935E+00    0.447313022533621825E+04    0.203982321641008518E-03    0.209006639977237542E-01    0.649298508001184427E+01
    0.142624762206465316E+01    0.608610262084014475E+00    0.495518078545490334E+04    0.510149903081890516E-03    0.576542356024349750E-01    0.649768812715100985E+01
    0.105183105440416425E+01    0.649705038180800165E+00    0.457929412824329029E+04    0.102109845588114334E-03    0.220441277627236240E-01    0.651261112379250307E+01
    0.122142165383523116E+01    0.689319916275789146E+00    0.479649181034130470E+04   -0.183886741106960401E-04    0.295058523255654279E-01    0.651386719889588228E+01
    0.945598368691603852E+00    0.592299940414614201E+00    0.492199781247814008E+04   -0.128748889391916947E-03    0.194978395372175477E-01    0.651494539734171951E+01
    0.129536696525242401E+01    0.635467967883259433E+00    0.460873294826157962E+04    0.380025202834352973E-03    0.584218019459065499E-01    0.653313594553065968E+01
    0.124060723341961943E+01    0.627167941851580646E+00    0.452368806600809694E+04   -0.224546244874281227E-03    0.262748520354039172E-01    0.653965809192751379E+01
    0.142461347417263129E+01    0.628537363181256747E+00    0.441673175535316932E+04   -0.841679739969957300E-05    0.530265493597628784E-01    0.656508416193913114E+01
    0.123970811913878309E+01    0.686779130780795444E+00    0.466527192929349076E+04   -0.851493586963016996E-04    0.331845464450398892E-01    0.657061096921203180E+01
    0.139119594446222550E+01    0.601633002612644630E+00    0.414301435690241578E+04    0.326410821450027859E-03    0.552607638379568680E-01    0.659792670437517526E+01
    0.149546823172558874E+01    0.649370341507832682E+00    0.410131147875405350E+04   -0.799582902779241434E-04    0.673000653675993460E-01    0.662865178756203921E+01
    0.135396720668795423E+01    0.577912775579627058E+00    0.435533629284073231E+04    0.645400220296910888E-04    0.464556276947626426E-01    0.662926827758268455E+01
    0.141815924526438586E+01    0.609282698314245197E+00    0.456045246752534149E+04    0.677552032434829881E-03    0.568872232410717812E-01    0.667406425717992491E+01
    0.127759562787517345E+01    0.680572089894757815E+00    0.481197979133334593E+04    0.221918006851712935E-04    0.515144165584825037E-01    0.668062728529704231E+01
    0.127759562787517345E+01    0.680572089894757815E+00    0.481197979133334593E+04    0.221918006851712935E-04    0.515144165584825037E-01    0.668062728529704231E+01
    0.121610865182326533E+01    0.671273864817398924E+00    0.454414587015652705E+04    0.596715179993864914E-03    0.412786859536948131E-01    0.669234865575890936E+01
    0.140077591289729719E+01    0.607061934745222631E+00    0.465080105542623005E+04   -0.698306156116373103E-04    0.543062610752642339E-01    0.670691489512267935E+01
    0.112853970706636719E+01    0.594603417321220462E+00    0.462335764032540374E+04    0.314266802505480311E-03    0.223170619218937827E-01    0.676476984219627653E+01
    0.122852635260731846E+01    0.658331419387293448E+00    0.432706116225741607E+04    0.571361603171230444E-04    0.360371849123388918E-01    0.681488165086450604E+01
    0.134362990707944441E+01    0.628052029037932780E+00    0.424926652259630919E+04    0.558226677858629462E-03    0.379196859978393613E-01    0.682498808667479651E+01
    0.134362990707944441E+01    0.628052029037932780E+00    0.424926652259630919E+04    0.558226677858629462E-03    0.379196859978393613E-01    0.682498808667479651E+01
    0.121256755947158057E+01    0.631828945228539496E+00    0.429813441134244476E+04   -0.166080211947913602E-03    0.387839271960600251E-01    0.685062988623429447E+01
    0.121256755947158057E+01    0.631828945228539496E+00    0.429813441134244476E+04   -0.166080211947913602E-03    0.387839271960600251E-01    0.685062988623429447E+01
    0.136257635731439875E+01    0.620617736062139103E+00    0.402139056601663924E+04    0.409636511163468167E-03    0.587456221228721195E-01    0.685222768503961355E+01
    0.141177248588519921E+01    0.599593040053921000E+00    0.419269302186114965E+04    0.530722160970300205E-03    0.484884760712810392E-01    0.686063954625413785E+01
    0.129553036868240956E+01    0.659714162925583603E+00    0.484339691954133377E+04   -0.564355071535540078E-03    0.440630729667739057E-01    0.686312535346858077E+01
    0.139490195004689932E+01    0.609351321164886883E+00    0.416968646419683773E+04    0.585156812672242197E-03    0.493359144295895946E-01    0.689011381201295681E+01
    0.139490195004689932E+01    0.609351321164886883E+00    0.416968646419683773E+04    0.585156812672242197E-03    0.493359144295895946E-01    0.689011381201295681E+01
    0.137057604887280160E+01    0.628831996660263792E+00    0.498986233305830046E+04    0.288048355373421558E-03    0.591693278369101114E-01    0.690528940865423113E+01
    0.137057604887280160E+01    0.628831996660263792E+00    0.498986233305830046E+04    0.288048355373421558E-03    0.591693278369101114E-01    0.690528940865423113E+01
    0.133953078148588456E+01    0.638940930587140521E+00    0.492325859254355419E+04    0.107778138315677051E-03    0.644801433619949238E-01    0.690614784651793912E+01
    0.137704752933434205E+01    0.685388293148329275E+00    0.475073139732948766E+04   -0.318372748628475109E-03    0.531715328710352861E-01    0.691704339958010106E+01
    0.134460598368700213E+01    0.682702096449795293E+00    0.412032344090477818E+04   -0.714645197446916753E-03    0.452251921477667684E-01    0.692690865428314240E+01
    0.134460598368700213E+01    0.682702096449795293E+00    0.412032344090477818E+04   -0.714645197446916753E-03    0.452251921477667684E-01    0.692690865428314240E+01
    0.136575853801087943E+01    0.595374425515454719E+00    0.446052608819699981E+04   -0.200565713295940612E-03    0.526835527446506760E-01    0.693178869046702317E+01
    0.124300901312396572E+01    0.606241517910463878E+00    0.495484998578150680E+04   -0.762984603000036485E-03    0.427168214240336783E-01    0.694796309723410488E+01
    0.124300901312396572E+01    0.606241517910463878E+00    0.495484998578150680E+04   -0.762984603000036485E-03    0.427168214240336783E-01    0.694796309723410488E+01
    0.116530309406129517E+01    0.666395765704088872E+00    0.474509733846315703E+04    0.340009710107472393E-03    0.278366968548330630E-01    0.696112200941955805E+01
    0.116530309406129517E+01    0.666395765704088872E+00    0.474509733846315703E+04    0.340009710107472393E-03    0.278366968548330630E-01    0.696112200941955805E+01
    0.152420862508037502E+01    0.664187467139863541E+00    0.470918317027603098E+04    0.997441071718873848E-03    0.696864037564915995E-01    0.696408547488331564E+01
    0.124397794082766144E+01    0.697469379294904157E+00    0.453707965216751654E+04   -0.128322345234259876E-03    0.259545260246980894E-01    0.698165429775392177E+01
    0.149634888527204657E+01    0.640369462237236786E+00    0.405664800727315424E+04   -0.251859470984063384E-03    0.559965589589787385E-01    0.699102150445926451E+01
    0.131710554377454736E+01    0.669293026959086212E+00    0.446991330889920209E+04    0.180228784696350998E-04    0.370567587976986385E-01    0.700107032169752763E+01
    0.136769976390156023E+01    0.614349956540053643E+00    0.442566433393684110E+04    0.857127042603429961E-03    0.578820245057244664E-01    0.700865220750886131E+01
    0.136769976390156023E+01    0.614349956540053643E+00    0.442566433393684110E+04    0.857127042603429961E-03    0.578820245057244664E-01    0.700865220750886131E+01
    0.138357238335614907E+01    0.656894177215903374E+00    0.444022323362962925E+04   -0.185872108568767812E-03    0.569900133131335113E-01    0.701643689778500601E+01
    0.126977624243156773E+01    0.656014704948284399E+00    0.483703260557867088E+04    0.118958322634917258E-03    0.463070583084116277E-01    0.702014652017962693E+01
    0.126268100778856240E+01    0.658774967619655594E+00    0.471215515919457448E+04    0.289096345668789299E-03    0.537863143695231777E-01    0.702805979320598517E+01
    0.126268100778856240E+01    0.658774967619655594E+00    0.471215515919457448E+04    0.289096345668789299E-03    0.537863143695231777E-01    0.702805979320598517E+01
    0.134880626912379409E+01    0.578622497583116013E+00    0.484493417070890700E+04    0.572618931489920352E-03    0.467215825050565636E-01    0.702816799177015916E+01
    0.997104333275298682E+00    0.590349837841930958E+00    0.479231539237260131E+04    0.923582406265854692E-04    0.178520612461091355E-01    0.704018187734246581E+01
    0.997104333275298682E+00    0.590349837841930958E+00    0.479231539237260131E+04    0.923582406265854692E-04    0.178520612461091355E-01    0.704018187734246581E+01
    0.123679902160166533E+01    0.664553940804425536E+00    0.434684250224562311E+04    0.129810977765098168E-03    0.313284938383236039E-01    0.704136413807671868E+01
    0.118572963989492663E+01    0.671033159796505241E+00    0.475092093715225201E+04    0.400313494871612561E-03    0.193659712954977574E-01    0.704385203328849752E+01
    0.142207892879547870E+01    0.590972858812873314E+00    0.440450436655993690E+04    0.247930877591857088E-03    0.539354262386721323E-01    0.705240018532964541E+01
    0.132346567390126468E+01    0.579238334256289122E+00    0.483453642217090510E+04    0.287935957140577909E-03    0.472734014283744536E-01    0.706496784405896427E+01
    0.151001136579708706E+01    0.632049152687593319E+00    0.459292527475866518E+04   -0.603346329339345203E-04    0.614353889020364113E-01    0.707001775985010017E+01
    0.899846846867890293E+00    0.580626522673330370E+00    0.493313507022262547E+04    0.145940497666647396E-03    0.179911463532064081E-01    0.710171498811907043E+01
    0.899846846867890293E+00    0.580626522673330370E+00    0.493313507022262547E+04    0.145940497666647396E-03    0.179911463532064081E-01    0.710171498811907043E+01
    0.117959404160513914E+01    0.639645563436739728E+00    0.458730290082721785E+04   -0.496579594964095261E-04    0.235970501757132821E-01    0.710364454750731511E+01
    0.957880176341559197E+00    0.575047170483225401E+00    0.453920152480976139E+04   -0.312718692064575349E-04    0.169981306068951558E-01    0.711338391513932855E+01
    0.125433831820181840E+01    0.658671122930529651E+00    0.496547908321686737E+04    0.969175098671101092E-03    0.589430070231807268E-01    0.712429297392836602E+01
    0.138595643405940239E+01    0.642688153924866779E+00    0.480485698516368757E+04   -0.101612672682545356E-03    0.663856011190568640E-01    0.712827196668746055E+01
    0.117522501796966727E+01    0.618395020701351106E+00    0.451348613137461143E+04   -0.185724085841702818E-03    0.304322593978898666E-01    0.713780790761992812E+01
    0.116567593169762285E+01    0.651316208496380389E+00    0.482037176310571704E+04    0.225112567910938622E-03    0.322296094893863433E-01    0.715093174242674401E+01
    0.117948441016339811E+01    0.636649221054009451E+00    0.418610077719783658E+04   -0.403488705605687455E-03    0.278282530689698132E-01    0.715159817630822481E+01
    0.128639625677128433E+01    0.613813043296862149E+00    0.461303944697555562E+04    0.108447527411138241E-03    0.549304278947833208E-01    0.715467197354574580E+01
    0.107809039582479627E+01    0.672680996442522328E+00    0.499139581423138134E+04   -0.134115935983527099E-04    0.223524211907590968E-01    0.715819385206129066E+01
    0.126559602596372800E+01    0.698276214495547443E+00    0.493313477943597536E+04   -0.328436655497351803E-03    0.315441430281774293E-01    0.716384984402944713E+01
    0.125530047425655877E+01    0.597491219932918871E+00    0.451450122606589139E+04   -0.307263827739606514E-03    0.453588684213321186E-01    0.716746627766432276E+01
    0.146878779987834607E+01    0.656296416150107698E+00    0.430025901740723475E+04    0.452904297989022197E-03    0.672915473853090557E-01    0.717476257350181612E+01
    0.122594745787168624E+01    0.620854074379666221E+00    0.456973737308676209E+04    0.142836641860513578E-03    0.233913971915388486E-01    0.718149443755217298E+01
    0.111155097616273402E+01    0.662785120782185433E+00    0.415751633858578407E+04    0.470862721750207891E-03    0.209881932780356557E-01    0.719981863714399228E+01
    0.135798363627948726E+01    0.548851120249547519E+00    0.418647232676498697E+04   -0.525667733376230248E-03    0.440473857730283927E-01    0.720799364039696044E+01
    0.105015235787165850E+01    0.656011462515172283E+00    0.461805292063227171E+04   -0.729487119048662005E-04    0.208004820177700236E-01    0.721645448549385904E+01
    0.131282112279933250E+01    0.610991656700944352E+00    0.459581802039006834E+04   -0.408696294188064919E-03    0.509382062478626885E-01    0.723103086020553665E+01
    0.129544515870015076E+01    0.617934785235521700E+00    0.448576158926184507E+04   -0.203281465859348094E-03    0.484821271593158520E-01    0.724480124787802282E+01
    0.120143332605009712E+01    0.630526064527642816E+00    0.494700794887421307E+04    0.743942666203707042E-03    0.234388773826430981E-01    0.725286759427792660E+01
    0.120143332605009712E+01    0.630526064527642816E+00    0.494700794887421307E+04    0.743942666203707042E-03    0.234388773826430981E-01    0.725286759427792660E+01
    0.106751914354905608E+01    0.620996813386183621E+00    0.479980833135947250E+04    0.665202297970428976E-03    0.197846876757634786E-01    0.726774335208608857E+01
    0.134103101669745284E+01    0.638431533197607037E+00    0.439645066010535993E+04   -0.261724557730626077E-03    0.537766257696260241E-01    0.727163117412324578E+01
    0.112639074322007193E+01    0.653105477815186131E+00    0.457304708493680391E+04    0.936404653158454163E-04    0.238552034294646151E-01    0.727566404520471099E+01
    0.138032977283830749E+01    0.669593446664676462E+00    0.435253623924326166E+04    0.554083311738412456E-03    0.444365727433538998E-01    0.728332104234265199E+01
    0.104655365081853913E+01    0.601818103892656664E+00    0.487182149055118589E+04   -0.131122059568016788E-03    0.182470209800731226E-01    0.728368676082054289E+01
    0.137961881170323464E+01    0.633985199245185260E+00    0.498595021613413337E+04    0.843630480633012284E-03    0.577550769101451492E-01    0.728819132797910996E+01
    0.137961881170323464E+01    0.633985199245185260E+00    0.498595021613413337E+04    0.843630480633012284E-03    0.577550769101451492E-01    0.728819132797910996E+01
    0.116975554943683546E+01    0.616347864367570275E+00    0.470575417371340791E+04   -0.690279382464671796E-05    0.298450146086347845E-01    0.729161427214450697E+01
    0.135682353371548259E+01    0.641957776671203129E+00    0.440233390565375612E+04    0.545994231685609449E-03    0.553593570528873313E-01    0.731522132791048385E+01
    0.129790548430311947E+01    0.643811254110877917E+00    0.476867588593747951E+04    0.711110714902522855E-03    0.630891872727865344E-01    0.732341045559293580E+01
    0.105061920495816530E+01    0.609283160259308620E+00    0.428615604710076150E+04   -0.201803249473347463E-03    0.181907544342392521E-01    0.732759298108582691E+01
    0.145889524431536421E+01    0.528654217529556436E+00    0.424880389156895853E+04   -0.133086526593814567E-03    0.452871149403642898E-01    0.733795695754526278E+01
    0.142926833916447404E+01    0.594437895025006879E+00    0.450398234443028559E+04    0.837945535596022707E-03    0.503051508894430399E-01    0.734261415916981086E+01
    0.116546398795783235E+01    0.641316936295483031E+00    0.452806109208633006E+04    0.574967898232853995E-03    0.211940992638613157E-01    0.734908813062243915E+01
    0.119258412838332584E+01    0.606372870557811861E+00    0.498614029761939491E+04    0.182317989501870316E-03    0.284324263404086633E-01    0.735075314075570230E+01
    0.136935515262169005E+01    0.641293271168385859E+00    0.486219693223743980E+04    0.162973396931362114E-03    0.620169281737843123E-01    0.736360670029408482E+01
    0.143083350084326266E+01    0.660249190501037253E+00    0.442717348363145720E+04   -0.506609316705389332E-03    0.701143503365743714E-01    0.737055579174708164E+01
    0.152119509088550919E+01    0.608411192812983947E+00    0.477344131306381860E+04    0.592816471892626236E-03    0.520756528109835651E-01    0.737144306492108470E+01
    0.142471959697813721E+01    0.576847177175558556E+00    0.438762649828523445E+04    0.951712412835375841E-05    0.493188295912617078E-01    0.737645775096380341E+01
    0.121880253284209861E+01    0.611551864348087948E+00    0.497626827782308919E+04   -0.771659039194166961E-03    0.298865844451542823E-01    0.737977052125898325E+01
    0.141370567736258290E+01    0.592441633908299181E+00    0.498952262911335765E+04    0.108557711867909710E-03    0.531064539582412412E-01    0.739489834945325164E+01
    0.134205540783230437E+01    0.629218033805332255E+00    0.496051677589462452E+04    0.853360356990470281E-04    0.439006588440858381E-01    0.740894037935986027E+01
    0.120664434873368931E+01    0.634684810030822111E+00    0.438085798622157017E+04   -0.829124653841012866E-04    0.397438028733668527E-01    0.741630613142083206E+01
    0.133585637086978171E+01    0.662927665701388502E+00    0.403003414655551887E+04   -0.305103545365562520E-04    0.449728603548084083E-01    0.742509020109998907E+01
    0.136243908623632004E+01    0.624312819362057958E+00    0.485597611144556322E+04   -0.133909415386197479E-03    0.571140619280249423E-01    0.743075558858015128E+01
    0.134907017950031549E+01    0.624562468532490866E+00    0.476563291916037088E+04    0.144771984805958380E-03    0.549534337080862523E-01    0.743375663198767711E+01
    0.141207161966777539E+01    0.641638138705706740E+00    0.437169280744114258E+04    0.379038001107466060E-03    0.602504096974425529E-01    0.744894300070677673E+01
    0.137832881723881950E+01    0.615759202578052056E+00    0.454889016747492042E+04    0.195818486223292343E-03    0.538245420640225125E-01    0.745164226595157331E+01
    0.130113387245363077E+01    0.671250268321885502E+00    0.477601621307762616E+04    0.208176372822146643E-04    0.373675007007304785E-01    0.745242011970539764E+01
    0.134265433113170296E+01    0.663697979687776773E+00    0.456946938424861219E+04    0.271498796986079734E-03    0.574311070337832630E-01    0.746568862205138650E+01
    0.109496341484899684E+01    0.653302237267880059E+00    0.483511292975127708E+04   -0.431517860569675818E-03    0.193120961135242637E-01    0.747301049002448181E+01
    0.130874890128326271E+01    0.595762903031883617E+00    0.472110997340628273E+04    0.906555078245829951E-04    0.549445792885444456E-01    0.747797823383179328E+01
    0.123168212820684220E+01    0.594411762120704790E+00    0.483425973110326868E+04    0.820463914374361690E-04    0.454822242927461484E-01    0.748171488756097958E+01
    0.127613243231335094E+01    0.642846845177998616E+00    0.431190655909737052E+04   -0.143596453490542734E-04    0.551256882974407378E-01    0.748778995688850735E+01
    0.111024587301181055E+01    0.631778181157202079E+00    0.412636789127777502E+04   -0.740162147549017457E-04    0.181445101807705123E-01    0.748969529705555459E+01
    0.107969753680268732E+01    0.624946128003226464E+00    0.493135981069152149E+04    0.741179808158984300E-03    0.202086408046437890E-01    0.754085035863765452E+01
    0.130492856553258418E+01    0.657958068789880945E+00    0.470046882499802450E+04    0.639919935328074618E-03    0.491746876413641648E-01    0.754570045521502131E+01
    0.108665726045502464E+01    0.632489363464242338E+00    0.499710026466208910E+04    0.518287528659036015E-03    0.207991854314321656E-01    0.755388877235921363E+01
    0.108665726045502464E+01    0.632489363464242338E+00    0.499710026466208910E+04    0.518287528659036015E-03    0.207991854314321656E-01    0.755388877235921363E+01
    0.129761500096511329E+01    0.605608996003888733E+00    0.477744699773045886E+04    0.212723524639613060E-04    0.481273736154304924E-01    0.755901022191203609E+01
    0.138803374887280828E+01    0.586742344619455958E+00    0.492099646780662079E+04    0.346739735482611217E-03    0.542933953144929815E-01    0.758329021808717485E+01
    0.138803374887280828E+01    0.586742344619455958E+00    0.492099646780662079E+04    0.346739735482611217E-03    0.542933953144929815E-01    0.758329021808717485E+01
    0.112191256888816127E+01    0.622484118459420754E+00    0.426275503626018508E+04   -0.463567559474502752E-04    0.231722891623715177E-01    0.760779925367010801E+01
    0.123613207908224099E+01    0.636114587510264173E+00    0.474008677326530960E+04   -0.782144368912961402E-03    0.498905745520710348E-01    0.761152271348778964E+01
    0.123613207908224099E+01    0.636114587510264173E+00    0.474008677326530960E+04   -0.782144368912961402E-03    0.498905745520710348E-01    0.761152271348778964E+01
    0.135882013420013381E+01    0.562477506780543535E+00    0.479255371681178622E+04    0.331537061706982101E-03    0.502784195461021960E-01    0.761279743374058793E+01
    0.125924649964543756E+01    0.618126352539580926E+00    0.498975259098144033E+04   -0.199158736166949455E-03    0.394264706080677055E-01    0.761861225771909645E+01
    0.149894331663939662E+01    0.609348683125566781E+00    0.419697651390325791E+04    0.358128141057533869E-04    0.520535436639005394E-01    0.762237499389430617E+01
    0.149894331663939662E+01    0.609348683125566781E+00    0.419697651390325791E+04    0.358128141057533869E-04    0.520535436639005394E-01    0.762237499389430617E+01
    0.129618388089363590E+01    0.630675716003389120E+00    0.439984946028990908E+04   -0.662430124686501343E-03    0.491625585479886773E-01    0.762757261367079131E+01
    0.142020454392557216E+01    0.653941497371936520E+00    0.420403687397785143E+04   -0.199762166672678842E-04    0.615891938402791453E-01    0.764497583537080949E+01
    0.125723056306775671E+01    0.648120655681760915E+00    0.466402157706338949E+04   -0.100357314690925322E-02    0.272020124450836689E-01    0.766082134864893760E+01
    0.988747265033226963E+00    0.603862633940395410E+00    0.423699203911700806E+04    0.148315956649372043E-03    0.185453402867300533E-01    0.766319171489604933E+01
    0.988747265033226963E+00    0.603862633940395410E+00    0.423699203911700806E+04    0.148315956649372043E-03    0.185453402867300533E-01    0.766319171489604933E+01
    0.120996176523653332E+01    0.641565353026749108E+00    0.425040133052595229E+04   -0.178228093512802809E-03    0.347535719178918776E-01    0.766905285883843657E+01
    0.105841869628965735E+01    0.642710308189410218E+00    0.492187189201417095E+04   -0.180742033116748261E-03    0.203497517246356875E-01    0.767900097229254719E+01
    0.105841869628965735E+01    0.642710308189410218E+00    0.492187189201417095E+04   -0.180742033116748261E-03    0.203497517246356875E-01    0.767900097229254719E+01
    0.120746406973020770E+01    0.676844424000093925E+00    0.490779772194612906E+04   -0.249586491466450915E-03    0.276296675524930688E-01    0.768905298031056272E+01
    0.124735629305271534E+01    0.618574387030378703E+00    0.476327165110595615E+04   -0.113199540148131413E-02    0.452306803716149008E-01    0.768918922763196999E+01
    0.128492661623128734E+01    0.652056113975974072E+00    0.473427538754229772E+04   -0.113411606970612662E-03    0.528608493750380021E-01    0.769294688335094889E+01
    0.124069138105687093E+01    0.635702958248894112E+00    0.432466923887920348E+04    0.671474896796058911E-04    0.203993273305939984E-01    0.769735463601287329E+01
    0.131477264620079115E+01    0.602098744201999381E+00    0.442502485715652438E+04    0.540038454040409066E-03    0.485784496832033716E-01    0.770028261782737378E+01
    0.132464070933927802E+01    0.558352119584403894E+00    0.472223366014902422E+04   -0.306343182117091987E-04    0.497604653281526893E-01    0.771849113519581298E+01
    0.141289746248927361E+01    0.596283516637326261E+00    0.499280807938858743E+04    0.900310583375451765E-03    0.503745905404591396E-01    0.772810356505505247E+01
    0.104615777597437321E+01    0.644330742907942233E+00    0.430605381165412382E+04   -0.440292499022133517E-03    0.189943997782422713E-01    0.772877752136973939E+01
    0.128442370463651567E+01    0.654784934460947321E+00    0.415364584180996280E+04    0.515245606608844540E-03    0.222445120197717026E-01    0.772975439627729521E+01
    0.111865329165591088E+01    0.663948757630708153E+00    0.489657309519522914E+04   -0.310793868509265825E-03    0.234032782359286894E-01    0.775518386555978534E+01
    0.135100831248937925E+01    0.678248923985321550E+00    0.493088991115514364E+04    0.140707636276866732E-03    0.479013709432296875E-01    0.776109946185285615E+01
    0.135100831248937925E+01    0.678248923985321550E+00    0.493088991115514364E+04    0.140707636276866732E-03    0.479013709432296875E-01    0.776109946185285615E+01
    0.133484139898223297E+01    0.566365613233732912E+00    0.432270727394114601E+04    0.841601430137785505E-03    0.459972900013202735E-01    0.777300924492561673E+01
    0.133484139898223297E+01    0.566365613233732912E+00    0.432270727394114601E+04    0.841601430137785505E-03    0.459972900013202735E-01    0.777300924492561673E+01
    0.137756406215759042E+01    0.669586465683945420E+00    0.416404561333373294E+04    0.397930846457561168E-03    0.457576267601593617E-01    0.779442822086690335E+01
    0.146406172314266114E+01    0.612118895509365268E+00    0.477552286233776886E+04   -0.276973370980221768E-03    0.520478503021406871E-01    0.780127841222603813E+01
    0.132530038419303464E+01    0.629381902144825034E+00    0.467213706105234360E+04    0.215259551745139574E-03    0.542601851521847950E-01    0.781225884235052881E+01
    0.132530038419303464E+01    0.629381902144825034E+00    0.467213706105234360E+04    0.215259551745139574E-03    0.542601851521847950E-01    0.781225884235052881E+01
    0.147212858583053285E+01    0.684545110427701053E+00    0.446812841481874693E+04    0.484805329723183684E-04    0.664529158192030539E-01    0.781294412797311821E+01
    0.147212858583053285E+01    0.684545110427701053E+00    0.446812841481874693E+04    0.484805329723183684E-04    0.664529158192030539E-01    0.781294412797311821E+01
    0.113772223607427092E+01    0.673323277237435014E+00    0.476757440747461351E+04    0.981666377507160693E-04    0.205809314437570973E-01    0.781984561887170671E+01
    0.129987559276546194E+01    0.633342521086894594E+00    0.485859934997975233E+04   -0.791778002993316784E-03    0.493439284938863437E-01    0.782671739157732560E+01
    0.129987559276546194E+01    0.633342521086894594E+00    0.485859934997975233E+04   -0.791778002993316784E-03    0.493439284938863437E-01    0.782671739157732560E+01
    0.119729678387631244E+01    0.599194541380275281E+00    0.448976145844829716E+04    0.338423319152763972E-03    0.342720962832981507E-01    0.782674185853415771E+01
    0.130032845472351966E+01    0.598070481632708928E+00    0.436278998858868727E+04    0.229040591622471054E-04    0.453101369788018252E-01    0.782905887991595328E+01
    0.131917705214273928E+01    0.573652985331913223E+00    0.437689837573663681E+04    0.259879253056869862E-03    0.464552776635034498E-01    0.783194633155396591E+01
    0.123406742177397732E+01    0.630454642327865300E+00    0.491235939919059092E+04    0.440171499230646403E-03    0.552488521991022705E-01    0.783750998324622117E+01
    0.123406742177397732E+01    0.630454642327865300E+00    0.491235939919059092E+04    0.440171499230646403E-03    0.552488521991022705E-01    0.783750998324622117E+01
    0.139776190216282448E+01    0.675842527822300587E+00    0.449372767060216574E+04    0.375712409064142691E-03    0.567488732927526121E-01    0.786071716308805080E+01
    0.134025849574484557E+01    0.583923671961607438E+00    0.444739472385310455E+04   -0.868127858229970602E-03    0.525838804930861894E-01    0.786103674562036403E+01
    0.136838493630729641E+01    0.626338322033737516E+00    0.483980042185938328E+04   -0.531067022062339778E-03    0.582129399876448878E-01    0.786227081920508653E+01
    0.136838493630729641E+01    0.626338322033737516E+00    0.483980042185938328E+04   -0.531067022062339778E-03    0.582129399876448878E-01    0.786227081920508653E+01
    0.112784396690787858E+01    0.665644112764498530E+00    0.437941540459193857E+04   -0.217956359237447649E-03    0.216767635541375882E-01    0.787989440799095586E+01
    0.112784396690787858E+01    0.665644112764498530E+00    0.437941540459193857E+04   -0.217956359237447649E-03    0.216767635541375882E-01    0.787989440799095586E+01
    0.148589116908479735E+01    0.608515329766516233E+00    0.459872792029486118E+04   -0.367549077063083793E-04    0.503313072548054741E-01    0.788892100722990364E+01
    0.116475684905357135E+01    0.647894533637719316E+00    0.439976268226603770E+04    0.552295993212715275E-04    0.232668500719740087E-01    0.791087607985073582E+01
    0.146537841549647574E+01    0.558298787711008604E+00    0.472787205632108817E+04    0.266849512519237329E-03    0.460337504563189392E-01    0.791999327035164669E+01
    0.129006085905651102E+01    0.633022493074282933E+00    0.468054359014647525E+04    0.230311235099052935E-03    0.543121760700087386E-01    0.792445532628009275E+01
    0.132249150421927975E+01    0.601934763815724638E+00    0.452165978197619734E+04    0.108339826649085654E-04    0.510014018169950914E-01    0.793216545929030215E+01
    0.132249150421927975E+01    0.601934763815724638E+00    0.452165978197619734E+04    0.108339826649085654E-04    0.510014018169950914E-01    0.793216545929030215E+01
    0.115977866581419287E+01    0.644600578080309017E+00    0.466654890707137565E+04   -0.155357405484052053E-03    0.308895154542270789E-01    0.793434809625091475E+01
    0.130458920901658937E+01    0.636576939413372345E+00    0.480747289869029100E+04   -0.180317960895039361E-03    0.459796195935504859E-01    0.794352182983016064E+01
    0.130458920901658937E+01    0.636576939413372345E+00    0.480747289869029100E+04   -0.180317960895039361E-03    0.459796195935504859E-01    0.794352182983016064E+01
    0.129772419295221675E+01    0.649669009080674376E+00    0.455031169355981183E+04   -0.484550627181810109E-03    0.485007403756068933E-01    0.795314413423171285E+01
    0.133617296251829387E+01    0.658459018469269575E+00    0.483232432357241123E+04   -0.475883029600228055E-03    0.632684344933569232E-01    0.795514038685457869E+01
    0.116915168933743940E+01    0.679431729637087978E+00    0.467436449471629658E+04   -0.401391069994085688E-03    0.228950757194157882E-01    0.795670117461435744E+01
    0.132535671657870591E+01    0.595637327904736225E+00    0.474278002486070454E+04   -0.257482919747456811E-03    0.492088707460116986E-01    0.795781464668808525E+01
    0.132535671657870591E+01    0.595637327904736225E+00    0.474278002486070454E+04   -0.257482919747456811E-03    0.492088707460116986E-01    0.795781464668808525E+01
    0.123757255206084826E+01    0.615317374123610650E+00    0.442888009724389940E+04   -0.312566740472575199E-03    0.235055067316511622E-01    0.798594604288371013E+01
    0.118478857280657546E+01    0.672948486298893589E+00    0.472718267708761232E+04   -0.697508132605141905E-04    0.244219957530584508E-01    0.798947007574006385E+01
    0.111828543741309727E+01    0.658065786653320162E+00    0.430415415705918440E+04    0.112018516022904650E-02    0.201311989308425032E-01    0.799477357447762138E+01
    0.111828543741309727E+01    0.658065786653320162E+00    0.430415415705918440E+04    0.112018516022904650E-02    0.201311989308425032E-01    0.799477357447762138E+01
    0.133291587397055489E+01    0.680487453071469739E+00    0.405691980821246852E+04    0.470124609426967889E-04    0.395029984168574350E-01    0.799965845947416643E+01
    0.133291587397055489E+01    0.680487453071469739E+00    0.405691980821246852E+04    0.470124609426967889E-04    0.395029984168574350E-01    0.799965845947416643E+01
    0.132616953361959955E+01    0.656909685336315441E+00    0.452568738631610813E+04   -0.312250567090980972E-03    0.577845140908357646E-01    0.800123653499881371E+01
    0.132616953361959955E+01    0.656909685336315441E+00    0.452568738631610813E+04   -0.312250567090980972E-03    0.577845140908357646E-01    0.800123653499881371E+01
    0.139306332807748623E+01    0.599042245332045420E+00    0.470790423418686441E+04   -0.170625060500177039E-03    0.514166127207550533E-01    0.800672927731627659E+01
    0.139306332807748623E+01    0.599042245332045420E+00    0.470790423418686441E+04   -0.170625060500177039E-03    0.514166127207550533E-01    0.800672927731627659E+01
    0.133112819475147792E+01    0.662905817071832049E+00    0.472069400213954032E+04   -0.178908418879207255E-03    0.498340683327239131E-01    0.800677390653020105E+01
    0.128696698514443320E+01    0.603539756107590142E+00    0.476570716799165803E+04   -0.167145049192406577E-03    0.422467816269761695E-01    0.800725644311709139E+01
    0.107390559852886125E+01    0.636122340321227830E+00    0.495012257780811706E+04    0.109998779141519116E-02    0.184787329603851233E-01    0.800907685959031568E+01
    0.118097331306052711E+01    0.648693955036425018E+00    0.422958928462436052E+04    0.225427787202944345E-03    0.205862322882155585E-01    0.801153143839142068E+01
    0.104419232317023014E+01    0.625639372607660782E+00    0.493871118116400339E+04   -0.912102408255829888E-04    0.201642433324262724E-01    0.801199754259897645E+01
    0.104419232317023014E+01    0.625639372607660782E+00    0.493871118116400339E+04   -0.912102408255829888E-04    0.201642433324262724E-01    0.801199754259897645E+01
    0.117762458332119113E+01    0.648078863232179225E+00    0.474531895420858018E+04    0.156554546308457503E-03    0.267082525415048497E-01    0.801277951337047689E+01
    0.105329839931662383E+01    0.607646488669215112E+00    0.495785902703074680E+04    0.227306693193615365E-03    0.191549179420069382E-01    0.803286725190517004E+01
    0.124902695524673790E+01    0.632134010136913838E+00    0.496871163314778005E+04   -0.202328626211764129E-03    0.468677911915978546E-01    0.804723145950594443E+01
    0.124604171949125564E+01    0.646690655257356362E+00    0.478170385473696115E+04    0.585100209217181955E-03    0.493397603731058482E-01    0.805385869027075252E+01
    0.105315189450551028E+01    0.646349339881798546E+00    0.467911238844795025E+04    0.101263442247687184E-03    0.202713153466972558E-01    0.805819367930572206E+01
    0.105315189450551028E+01    0.646349339881798546E+00    0.467911238844795025E+04    0.101263442247687184E-03    0.202713153466972558E-01    0.805819367930572206E+01
    0.138621776612981273E+01    0.627606850831852747E+00    0.466394264637223660E+04    0.556909111094476680E-03    0.558996625485845347E-01    0.805900259459179935E+01
    0.138621776612981273E+01    0.627606850831852747E+00    0.466394264637223660E+04    0.556909111094476680E-03    0.558996625485845347E-01    0.805900259459179935E+01
    0.127439029751641497E+01    0.636479016770679973E+00    0.432374425422092099E+04    0.153909381546121933E-03    0.256005408848727530E-01    0.806557958278293974E+01
    0.120379789264111037E+01    0.672965451005329784E+00    0.491821272591461911E+04    0.203659735477241253E-03    0.489674237794152575E-01    0.807138230438157933E+01
    0.132476207763654230E+01    0.605606692189627704E+00    0.483357644606280792E+04    0.150566315987128995E-03    0.500463138407634123E-01    0.808127123193021646E+01
    0.132476207763654230E+01    0.605606692189627704E+00    0.483357644606280792E+04    0.150566315987128995E-03    0.500463138407634123E-01    0.808127123193021646E+01
    0.127264518103698165E+01    0.582609036048354678E+00    0.460915379093486354E+04   -0.877522876188372662E-03    0.458327387946390399E-01    0.808246561267024788E+01
    0.123297813739805262E+01    0.634180409908921328E+00    0.430876175565336052E+04    0.277538982777515372E-03    0.326007950783060788E-01    0.809037026178914154E+01
    0.144484317680018037E+01    0.648912139593416204E+00    0.441527156277994800E+04    0.491714308903196617E-03    0.618835534931976711E-01    0.810320648197339821E+01
    0.131965191333406806E+01    0.607130989664375953E+00    0.484779814685751899E+04   -0.694382078165938030E-03    0.505013913794006356E-01    0.811584316817600993E+01
    0.128141331353605770E+01    0.624816355216961883E+00    0.418670300558639065E+04    0.111183183163790947E-03    0.547856805339155539E-01    0.812117699789401115E+01
    0.138867158845658434E+01    0.635740454022625689E+00    0.427094996383587750E+04    0.355802261148250925E-03    0.536030758694029733E-01    0.813206538780951682E+01
    0.138867158845658434E+01    0.635740454022625689E+00    0.427094996383587750E+04    0.355802261148250925E-03    0.536030758694029733E-01    0.813206538780951682E+01
    0.127563147098997476E+01    0.644146068431565078E+00    0.407782172485442652E+04    0.198419391250216875E-03    0.492846404515106390E-01    0.815945215778135235E+01
    0.135431763043243736E+01    0.684548291685791566E+00    0.482272472515470963E+04    0.148125085920038563E-03    0.641012595294809528E-01    0.816176322034110058E+01
    0.124765065922357254E+01    0.641487864550871145E+00    0.489981645233394920E+04    0.314777967526733127E-03    0.270786453676796837E-01    0.817739131712274414E+01
    0.124765065922357254E+01    0.641487864550871145E+00    0.489981645233394920E+04    0.314777967526733127E-03    0.270786453676796837E-01    0.817739131712274414E+01
    0.129799847712097316E+01    0.633625424017205119E+00    0.496385267029961778E+04   -0.224482478948539794E-04    0.542091862372974728E-01    0.817830445808281503E+01
    0.103317182749570069E+01    0.602553255252295861E+00    0.474832111240508402E+04   -0.103619517180516922E-02    0.178154131122565326E-01    0.818082138130590053E+01
    0.104416266952929782E+01    0.623545137264922777E+00    0.486252358577186624E+04    0.211147812913774555E-05    0.195624188560458573E-01    0.818150497089248319E+01
    0.104781572038948778E+01    0.619836363067174823E+00    0.456974073450854030E+04    0.128476523059844469E-03    0.182344907988907061E-01    0.818698519114274070E+01
    0.127161788533712405E+01    0.618516717541628402E+00    0.474656468211701758E+04   -0.202767623705111719E-03    0.473898915960031739E-01    0.818763139873076717E+01
    0.976024173536678030E+00    0.625577894398300027E+00    0.481130520128815169E+04    0.106977087997082104E-03    0.184001079791545931E-01    0.819041874148467741E+01
    0.124843802643099133E+01    0.669342562275508146E+00    0.456245434559531077E+04    0.530128238330220621E-03    0.504818653749426749E-01    0.820725593734537640E+01
    0.114067007709377743E+01    0.661837485465091024E+00    0.491052105969118747E+04    0.329261094350920811E-04    0.228074597244652712E-01    0.821776059832959049E+01
    0.133783417391647541E+01    0.648101099640833067E+00    0.418914465861043846E+04    0.581151633289060210E-03    0.404741708044892221E-01    0.822126050753655946E+01
    0.120475359590879583E+01    0.596467354451707621E+00    0.469230340266593339E+04    0.121559795899152295E-03    0.426741835478284051E-01    0.822431117062799544E+01
    0.128993188704617712E+01    0.599837131905089693E+00    0.492747594235284396E+04    0.102774366631945861E-05    0.455293863557968692E-01    0.824215153734857431E+01
    0.125633213012900713E+01    0.673471538481136278E+00    0.483127427179387360E+04    0.499766533743808278E-03    0.244034889133286810E-01    0.825625558932950909E+01
    0.125633213012900713E+01    0.673471538481136278E+00    0.483127427179387360E+04    0.499766533743808278E-03    0.244034889133286810E-01    0.825625558932950909E+01
    0.122475875488462838E+01    0.645341454269655168E+00    0.486325273054217541E+04   -0.297077644896224667E-03    0.327720310280394389E-01    0.825675906541691695E+01
    0.123907248661620462E+01    0.648994846451758201E+00    0.488390667554827996E+04    0.706100398087562567E-03    0.490519064353554662E-01    0.825797358927341030E+01
    0.133114281437148207E+01    0.605308171758577762E+00    0.430810033826717427E+04   -0.381422638833599452E-06    0.490988746144768728E-01    0.826298139687019173E+01
    0.140843780575237587E+01    0.655904798238616471E+00    0.498204240912166188E+04    0.418568750375238475E-03    0.602548839070080264E-01    0.827130603229864825E+01
    0.129259442295809857E+01    0.642675752120083543E+00    0.411412334214641032E+04   -0.337906756512265768E-03    0.430509292665642238E-01    0.828808660244223816E+01
    0.123422577660175281E+01    0.628090665907194645E+00    0.431649545703323474E+04    0.775825471523500969E-04    0.274081589940457920E-01    0.829248261898212391E+01
    0.111113603275655604E+01    0.614780198646251996E+00    0.436263154407339425E+04    0.113925642796770609E-03    0.193274999403976883E-01    0.830013235647912850E+01
    0.144793790798026523E+01    0.623179464202204159E+00    0.423606063384044955E+04    0.230697114661196421E-03    0.531444055812872046E-01    0.830887648151920288E+01
    0.137204451392092364E+01    0.586754681850404358E+00    0.434864408089513199E+04   -0.146333982622016479E-03    0.486939742615687884E-01    0.830935481034979873E+01
    0.137204451392092364E+01    0.586754681850404358E+00    0.434864408089513199E+04   -0.146333982622016479E-03    0.486939742615687884E-01    0.830935481034979873E+01
    0.127775078218391291E+01    0.626743608095647775E+00    0.490937826228921313E+04    0.289243205478721124E-03    0.417090168013867849E-01    0.831663153402609368E+01
    0.128268781777374197E+01    0.664305116821378494E+00    0.480464384630646873E+04    0.343035504424481024E-03    0.463063301406864206E-01    0.832039732443442048E+01
    0.122258702185199564E+01    0.670551909510217370E+00    0.473900297607012089E+04    0.108592591656702086E-03    0.277315470155448072E-01    0.832056090942797688E+01
    0.136714893510585078E+01    0.630844975126983787E+00    0.482617602418758725E+04   -0.741221092937265682E-04    0.499270858823419039E-01    0.832143568673074441E+01
    0.128268616350045539E+01    0.650693335325034150E+00    0.460429446257233394E+04   -0.311678365757153426E-03    0.435849008402330457E-01    0.832468888499332138E+01
    0.125162449703308676E+01    0.656570938555176786E+00    0.476012540847094078E+04    0.355253820456655396E-03    0.504736179824556569E-01    0.832627803144058376E+01
    0.110502381359734780E+01    0.643990872880180754E+00    0.496038451340159554E+04    0.261409413384201263E-03    0.206773693517066197E-01    0.832843132530599206E+01
    0.124791687900639570E+01    0.633939434305815563E+00    0.484513067881307597E+04    0.143665744813784854E-03    0.526030723027704553E-01    0.832951520096128561E+01
    0.124791687900639570E+01    0.633939434305815563E+00    0.484513067881307597E+04    0.143665744813784854E-03    0.526030723027704553E-01    0.832951520096128561E+01
    0.101249311472114645E+01    0.605407480340400150E+00    0.490245297109562944E+04   -0.285821879647589266E-03    0.176336808899792072E-01    0.834666028195267984E+01
    0.101249311472114645E+01    0.605407480340400150E+00    0.490245297109562944E+04   -0.285821879647589266E-03    0.176336808899792072E-01    0.834666028195267984E+01
    0.129211371985390366E+01    0.587251458509684188E+00    0.488383145837684697E+04    0.219995016896564182E-03    0.475708462728396744E-01    0.834761337506858858E+01
    0.111272004807341762E+01    0.639281012673711846E+00    0.478475791058000596E+04   -0.140923381483154737E-03    0.183745051658647032E-01    0.834807288552833882E+01
    0.128119107450781122E+01    0.675431369844432195E+00    0.479965633483466809E+04    0.584086797157283642E-04    0.464403044156318778E-01    0.835038691267296151E+01
    0.115274132076559299E+01    0.631439235641340524E+00    0.467002649106749504E+04    0.275578436920868961E-03    0.275868987786394119E-01    0.835906243849020925E+01
    0.134817781104515055E+01    0.663666951182811493E+00    0.496977037822066632E+04    0.160453777776091921E-03    0.372989377208215872E-01    0.836194244908982398E+01
    0.124748731245323952E+01    0.664661369066137819E+00    0.498075984890591099E+04   -0.220063993018042249E-03    0.404718847475504517E-01    0.836705545823004115E+01
    0.136121019348312844E+01    0.677904164739468018E+00    0.471921145843531940E+04    0.479194539758787477E-03    0.501529620244844238E-01    0.836735248986309621E+01
    0.134351830259314675E+01    0.606840655356666980E+00    0.470433886657511812E+04    0.396999978825142994E-03    0.515431656015351847E-01    0.836887854594138147E+01
    0.119069111632701219E+01    0.661816417528629630E+00    0.476876792688540081E+04    0.538822311650505423E-03    0.324629453974012994E-01    0.837076537855842595E+01
    0.102453369155609564E+01    0.609671342347505973E+00    0.498963687231417225E+04    0.700591802474488635E-03    0.177949647377713648E-01    0.838470370763589834E+01
    0.124413456363742170E+01    0.638453303258787574E+00    0.471144769079923663E+04   -0.331908821074767646E-03    0.451624634565580413E-01    0.838804489489228189E+01
    0.138685996780958298E+01    0.618388994086057631E+00    0.461801849146830500E+04   -0.693159182842026833E-03    0.501957988894242008E-01    0.839116670464022540E+01
    0.129042479491619266E+01    0.609761994212409619E+00    0.485857303407423569E+04    0.241110906191890976E-03    0.449480818270638766E-01    0.839616045241563036E+01
    0.142134418734960444E+01    0.628121293198187547E+00    0.424900583524178001E+04   -0.262313768073517460E-03    0.533002348549397875E-01    0.840191316733941740E+01
    0.142134418734960444E+01    0.628121293198187547E+00    0.424900583524178001E+04   -0.262313768073517460E-03    0.533002348549397875E-01    0.840191316733941740E+01
    0.124660342295468229E+01    0.629326342973668185E+00    0.442006145374734933E+04    0.735367987936757177E-04    0.474755451479052931E-01    0.841024020455840038E+01
    0.140093440641814415E+01    0.622039689773130400E+00    0.484316583530971729E+04    0.390634084044970203E-03    0.556327435853057675E-01    0.841586741355899726E+01
    0.132884201329985485E+01    0.641770448066485644E+00    0.461515467573301248E+04   -0.119478315029930037E-03    0.338606999560406713E-01    0.841687372672795675E+01
    0.107451802025231880E+01    0.637206167303293047E+00    0.451057147822829029E+04    0.498189062293944752E-03    0.199695970526397384E-01    0.842446302631694444E+01
    0.107451802025231880E+01    0.637206167303293047E+00    0.451057147822829029E+04    0.498189062293944752E-03    0.199695970526397384E-01    0.842446302631694444E+01
    0.123034126174488057E+01    0.673878046990453838E+00    0.465999968762376011E+04   -0.730394277620049793E-04    0.232096857314758771E-01    0.842559760341575092E+01
    0.116166637618454449E+01    0.612149384845478206E+00    0.449800602113213790E+04    0.291335603098063665E-03    0.289940648013808262E-01    0.844307551266299328E+01
    0.109364123959219017E+01    0.628929186342850222E+00    0.478277308266218461E+04    0.201393987698436725E-03    0.201566463088704607E-01    0.844336041906022494E+01
    0.118201854591030209E+01    0.610072514232618657E+00    0.449877159517206746E+04    0.381138411915046176E-03    0.340500762583074434E-01    0.844655987229151251E+01
    0.140842191771510272E+01    0.588301038658253894E+00    0.449154671144363147E+04   -0.278187394844971983E-03    0.521652304760556879E-01    0.845845787014140882E+01
    0.129176912772791108E+01    0.619651430931818181E+00    0.445412569481850096E+04    0.180540320440635970E-03    0.386558845147754876E-01    0.846352938678257338E+01
    0.126696389486521421E+01    0.641640949477216394E+00    0.408371896914679564E+04    0.227797784182087336E-03    0.224983201246589694E-01    0.846542373192376374E+01
    0.126696389486521421E+01    0.641640949477216394E+00    0.408371896914679564E+04    0.227797784182087336E-03    0.224983201246589694E-01    0.846542373192376374E+01
    0.131200328178616110E+01    0.604486997027657624E+00    0.497276919840916980E+04    0.150446116366412290E-03    0.498735529458499971E-01    0.847020047800688047E+01
    0.132612135362197470E+01    0.611626388408949229E+00    0.450013846129942340E+04    0.236783470526104095E-03    0.497178108963507309E-01    0.848092465637006043E+01
    0.104770405346007989E+01    0.626848987709143768E+00    0.495794496891506060E+04    0.348416954895441899E-03    0.200479950092892420E-01    0.849481536100734758E+01
    0.144106857716046699E+01    0.599526480047916532E+00    0.495504687168290093E+04   -0.515068684384325398E-03    0.491235102315332114E-01    0.849619473108588608E+01
    0.140553387102781624E+01    0.638514863064696958E+00    0.430073953684370736E+04   -0.238083169973609065E-04    0.466048058327607762E-01    0.849712818401718906E+01
    0.101255219093626825E+01    0.630023402835096613E+00    0.460990843460833003E+04   -0.296051685723221886E-03    0.190874078903435530E-01    0.850860735503030341E+01
    0.103041734787416517E+01    0.604869544147308646E+00    0.481713862737927593E+04   -0.112995950072191260E-03    0.184713459231862186E-01    0.850981731746104231E+01
    0.135134882902285458E+01    0.633725143485808662E+00    0.455298282378480963E+04    0.331932155936667719E-03    0.501030497236495814E-01    0.851527067158000683E+01
    0.134586094003671763E+01    0.655984837577357593E+00    0.412660669518865961E+04    0.490649499005621666E-03    0.436040059026584007E-01    0.851617487553565411E+01
    0.134586094003671763E+01    0.655984837577357593E+00    0.412660669518865961E+04    0.490649499005621666E-03    0.436040059026584007E-01    0.851617487553565411E+01
    0.128098311408277277E+01    0.645070465623214573E+00    0.457672992571630039E+04   -0.457640203147997599E-03    0.519591264371567912E-01    0.851974659521099120E+01
    0.120917897399311292E+01    0.617659987970303526E+00    0.488794142609576647E+04   -0.892597157568026408E-03    0.248311797761503195E-01    0.852454120793072789E+01
    0.137213316514731387E+01    0.620035175651283854E+00    0.470037970886164294E+04   -0.412615031273167560E-03    0.522188403045552099E-01    0.852758934410848468E+01
    0.150123632607728652E+01    0.662244500374333467E+00    0.444222814748220117E+04    0.290899257969842978E-03    0.666155660748920242E-01    0.853158048443186701E+01
    0.126075586415385832E+01    0.614374547325157172E+00    0.454189573528102574E+04    0.743510243288635428E-04    0.488368491764561360E-01    0.853439564986866550E+01
    0.138326491403451213E+01    0.602586202664422865E+00    0.496166295403675667E+04   -0.110218658398015707E-03    0.546830766920159486E-01    0.853647103590961720E+01
    0.144528021104155635E+01    0.628612871917551108E+00    0.437920875494128268E+04   -0.707961395041806891E-03    0.536379988311806721E-01    0.854379863452134813E+01
    0.126563488415589442E+01    0.605323913960145399E+00    0.452019911272973604E+04   -0.113485702017204217E-04    0.496509400614575033E-01    0.854624133156404042E+01
    0.139421646297188651E+01    0.645943757582225664E+00    0.425979409939464767E+04   -0.155473425758678286E-04    0.627051863230997097E-01    0.854872704999619870E+01
    0.135834230519042709E+01    0.616074266375002066E+00    0.473051947921768533E+04   -0.223053938588970319E-03    0.528066792853721795E-01    0.855012899124027470E+01
    0.119293264885481509E+01    0.632182725217000030E+00    0.427239939936781775E+04   -0.186685697552888653E-03    0.199657276837988014E-01    0.855244236705795657E+01
    0.128915456014071084E+01    0.618181120782189009E+00    0.482449032805955812E+04    0.172153073889848182E-03    0.472770636111541770E-01    0.855757660059632386E+01
    0.120990345588346782E+01    0.643080410130760671E+00    0.486803285448354654E+04    0.642288286834205314E-04    0.386260191900530195E-01    0.855890827637763607E+01
    0.120990345588346782E+01    0.643080410130760671E+00    0.486803285448354654E+04    0.642288286834205314E-04    0.386260191900530195E-01    0.855890827637763607E+01
    0.139534383614176916E+01    0.610235900883488336E+00    0.449745684553547562E+04    0.507347423685880873E-03    0.532905822178032784E-01    0.856152318743226992E+01
    0.124028201235880831E+01    0.669420934092261000E+00    0.481802970777451355E+04    0.441180756705126999E-03    0.311624676821854428E-01    0.857861258062251153E+01
    0.127032147616191082E+01    0.595768770972043726E+00    0.474039768440868374E+04    0.296559642028078818E-03    0.499265470279207091E-01    0.859134485376887724E+01
    0.133061891879762118E+01    0.635737013961412578E+00    0.476736385992007854E+04    0.204127783850840185E-03    0.496392476965511961E-01    0.859331577023571036E+01
    0.111467805629073835E+01    0.641270304758590370E+00    0.477610828114870947E+04   -0.363455897316745480E-03    0.190765555267500692E-01    0.860450904739959554E+01
    0.119769486194914832E+01    0.626630555430192082E+00    0.464267203008876277E+04    0.458598863271893317E-03    0.230186586095810983E-01    0.860615616627008251E+01
    0.147200373464364853E+01    0.646666667630373504E+00    0.474710665681092360E+04    0.123993230196337473E-03    0.568487592687912796E-01    0.860705487549761727E+01
    0.125197065708899480E+01    0.634232154764165834E+00    0.423397943198668509E+04    0.447425139499325929E-04    0.474192860623652152E-01    0.860920734940717125E+01
    0.128998295068304647E+01    0.624415823536166981E+00    0.489616288024684036E+04   -0.144030558380870121E-03    0.474223167647701699E-01    0.861331108576695570E+01
    0.126034713976408907E+01    0.631404837981058509E+00    0.484552060664255987E+04    0.547801546011535026E-03    0.502675071626059594E-01    0.861453480036255570E+01
    0.117280786003806226E+01    0.631984958391436424E+00    0.432981750068484780E+04    0.132893423954090007E-02    0.293203723547508371E-01    0.862457967164378303E+01
    0.100971844322486604E+01    0.628811955514822607E+00    0.477748299311664505E+04   -0.887224183662021289E-03    0.196423682608419005E-01    0.862650497749146794E+01
    0.129490677004614585E+01    0.664207492916234932E+00    0.482184353802836995E+04    0.353443490063281240E-03    0.385106207870786477E-01    0.863769980498456569E+01
    0.125253232940467507E+01    0.600977203566234630E+00    0.480112545689143644E+04   -0.368175559705004015E-03    0.445333276576849180E-01    0.864241113867309174E+01
    0.114734171070627267E+01    0.635611526257652937E+00    0.441076411460608142E+04    0.885089362918495747E-03    0.242893357608567409E-01    0.864244063685445063E+01
    0.135460625747367658E+01    0.555471036183996625E+00    0.493209406864508583E+04   -0.114001376720927546E-03    0.464148479746388232E-01    0.864689629899438117E+01
    0.142711625220787508E+01    0.602460303287688292E+00    0.475190662034636625E+04    0.262812273087322901E-03    0.504809899925841715E-01    0.864796538104222101E+01
    0.133405550779304560E+01    0.679169515401547796E+00    0.455162162172136141E+04    0.272697939538972089E-03    0.555490839991798005E-01    0.865978731268608115E+01
    0.140200371144495195E+01    0.589436743150730802E+00    0.484876758749723467E+04    0.512212638671858300E-03    0.482700375138818000E-01    0.866118757916781234E+01
    0.113860926548052155E+01    0.617839739059247939E+00    0.446662772085666347E+04    0.602919669818158978E-04    0.251265876117703207E-01    0.866143147650084799E+01
    0.121503702588547791E+01    0.613950242686987280E+00    0.487912033364788931E+04    0.266345124064644976E-03    0.463888088093902945E-01    0.866624440345973390E+01
    0.147995508645640950E+01    0.646780130671997133E+00    0.498734044835544864E+04    0.128406600652622519E-03    0.578087676368789632E-01    0.866829012710157087E+01
    0.125427068579040912E+01    0.616616122394367472E+00    0.445642769958412646E+04    0.568639714661637935E-04    0.532530836466422602E-01    0.867713130008882061E+01
    0.136863962676688633E+01    0.616535513968228144E+00    0.498971606462681848E+04    0.652297249392432520E-03    0.553145853417374989E-01    0.868093351023215654E+01
    0.134096372860118995E+01    0.640031080750170567E+00    0.497178010950177304E+04    0.101707913729157020E-02    0.569855722026842704E-01    0.868379723053117658E+01
    0.121554230137269248E+01    0.645131571802986636E+00    0.454698214616706991E+04    0.508161848866044760E-03    0.284328300360823828E-01    0.868411151145268434E+01
    0.131062198202482350E+01    0.623525784103479142E+00    0.472750081666078950E+04   -0.151841819253001537E-03    0.475745570796868855E-01    0.868960659887437004E+01
    0.123445765950257336E+01    0.659449964405348532E+00    0.442776955956592974E+04    0.848186513793192440E-04    0.218113699929538760E-01    0.869381951225884109E+01
    0.128751425484616844E+01    0.673628070012049385E+00    0.459779089167894108E+04    0.480232961785309034E-03    0.246087908972501823E-01    0.869975511915449218E+01
    0.124558431673995740E+01    0.622771971671798874E+00    0.472103732670383579E+04   -0.440405839522724229E-03    0.534705265570950133E-01    0.870344816168338653E+01
    0.127496376179819149E+01    0.599939648495896316E+00    0.460970388720845676E+04    0.237073126731860518E-03    0.464780677454805571E-01    0.870688863530359569E+01
    0.118937247375201438E+01    0.643622355094314536E+00    0.485691021950895811E+04   -0.709534968444186661E-03    0.233478312495052041E-01    0.871053213578419872E+01
    0.140112759184227542E+01    0.611201436316205937E+00    0.457252859663788149E+04    0.518805038078565831E-04    0.531252663093080835E-01    0.871897521677431797E+01
    0.123593313649903225E+01    0.653440383296469585E+00    0.491805929032452786E+04   -0.130609448108121338E-04    0.549356603967099261E-01    0.872316456316525368E+01
    0.125723582546050139E+01    0.665495912006706103E+00    0.488424833309331189E+04    0.294081849190943440E-03    0.470214017493017639E-01    0.872508290870552727E+01
    0.149872071143317021E+01    0.645700317693287951E+00    0.403910041511981217E+04    0.516305321986711922E-03    0.615143136707878152E-01    0.872736105023020770E+01
    0.125898783967305028E+01    0.657018289811957090E+00    0.456214145182560333E+04    0.317902927954028566E-03    0.508881225438959292E-01    0.874901803945279788E+01
    0.128320991622711023E+01    0.670556503377093605E+00    0.498529248788723544E+04   -0.341712856801672400E-03    0.339577508827170055E-01    0.875073484282543035E+01
    0.120927163832150630E+01    0.633346298499426030E+00    0.497226799069453500E+04   -0.238484016439858795E-03    0.315952794644261403E-01    0.875638933339410563E+01
    0.134088104599014168E+01    0.639112367930693925E+00    0.494167425622899191E+04   -0.466610698571715454E-03    0.584829115000060976E-01    0.875683770997838451E+01
    0.139058186253824778E+01    0.557388537068381318E+00    0.488908005029927244E+04   -0.139811317196632018E-03    0.485195452546378289E-01    0.875820623034332613E+01
    0.116933231908186008E+01    0.604138875095148853E+00    0.490406163384222600E+04   -0.240473523639738666E-03    0.355757549797170169E-01    0.875956838409102545E+01
    0.132676810385336674E+01    0.617920739302504574E+00    0.436806209937641052E+04   -0.120609349308452426E-03    0.458280492955139007E-01    0.876428887802363477E+01
    0.130946857232239378E+01    0.627466754802842530E+00    0.489222915705607102E+04    0.238477189600815016E-03    0.516833697510314244E-01    0.878454714398548653E+01
    0.109813800281148777E+01    0.623468497550212164E+00    0.467636481515241576E+04   -0.669647809836712441E-03    0.193412657683013252E-01    0.878493523302949342E+01
    0.144650801730886513E+01    0.644025935822055029E+00    0.474789655277694055E+04    0.139765218831232541E-03    0.555941090577940084E-01    0.879762339921487957E+01
    0.131311274204505768E+01    0.609759190890674208E+00    0.477820060707900757E+04    0.184970969554063350E-03    0.499632102594759764E-01    0.880544913292599496E+01
    0.134065544736889430E+01    0.626759190708068736E+00    0.467660645946833301E+04    0.130288185356816183E-03    0.559610770267586002E-01    0.880665713450368060E+01
    0.127124223973060202E+01    0.649999824639294177E+00    0.457224975281426669E+04   -0.701159027943893754E-03    0.359323887462686259E-01    0.881139556185014783E+01
    0.139153386176609128E+01    0.580164957960462968E+00    0.473719291735529441E+04   -0.108472728604087099E-03    0.505586023385422925E-01    0.881365254743277049E+01
    0.119353053030307432E+01    0.641382918974087834E+00    0.450157140517830794E+04   -0.148113211954316928E-03    0.295644606203440755E-01    0.881525561744641450E+01
    0.117370562785210408E+01    0.657381513249402083E+00    0.481968481004953901E+04    0.361298947390900833E-03    0.273715322579746803E-01    0.882016563347069571E+01
    0.131245762281049938E+01    0.625854839161932852E+00    0.454990676351315869E+04   -0.144644108689817867E-03    0.485867404566069777E-01    0.882340661086612066E+01
    0.127559739493705981E+01    0.625106627042612439E+00    0.481107786151725213E+04   -0.225961386707900694E-04    0.427586744570874200E-01    0.882880284933619386E+01
    0.134897166217225495E+01    0.643637678578596217E+00    0.488471295652875142E+04    0.110120190294965071E-03    0.608549738479691738E-01    0.883110744809574300E+01
    0.107520918397726795E+01    0.636280350183290322E+00    0.482318919911188277E+04    0.754807565378768351E-03    0.214510425683572606E-01    0.883483298813964879E+01
    0.117290604873697846E+01    0.655457382030598779E+00    0.467935802517256616E+04   -0.737173463340005724E-03    0.226520926970897388E-01    0.884156585925245864E+01
    0.139026864216616386E+01    0.658944653034926997E+00    0.409244481617435031E+04    0.209082898657955886E-03    0.534016907795007018E-01    0.884378560456508822E+01
    0.140000958474463300E+01    0.605805112283480329E+00    0.472812304154252706E+04    0.793491177388272809E-03    0.544066433531772975E-01    0.885649018459980653E+01
    0.130267971024551077E+01    0.594812526449349566E+00    0.498102969428330562E+04   -0.303450508102514737E-03    0.488191454651491011E-01    0.886003092511096035E+01
    0.124855529156044853E+01    0.656592729026867050E+00    0.457289965291919998E+04    0.204197411310901215E-04    0.289786545960308839E-01    0.886021523053194926E+01
    0.145127605713522123E+01    0.604779747909383047E+00    0.495579033994462407E+04    0.384163467808326447E-03    0.507138899868698687E-01    0.886117060301344139E+01
    0.124949731127952046E+01    0.626228578614985487E+00    0.449132029739566769E+04   -0.334877849408618067E-05    0.319021794097550659E-01    0.886855456582702395E+01
    0.120569827125828244E+01    0.645215286596645399E+00    0.464512380632997156E+04    0.487310698882567942E-03    0.316937931188908742E-01    0.887543810692523394E+01
    0.123630416025073142E+01    0.634766080216032202E+00    0.488398324695642896E+04   -0.129285740637051857E-03    0.491525747339387892E-01    0.887762607243316815E+01
    0.125917669372685603E+01    0.661867569913370035E+00    0.495324842871006786E+04    0.395311440707498947E-03    0.377244822873204558E-01    0.887785085059914536E+01
    0.144397330295159110E+01    0.617774906284011216E+00    0.487737914984028703E+04    0.559791394582772510E-03    0.541539395968132081E-01    0.888211075304070796E+01
    0.103395604963856069E+01    0.626392947013382662E+00    0.490576451457423991E+04   -0.744252359323290999E-03    0.193734701439294277E-01    0.888782666553269962E+01
    0.135730954404734838E+01    0.659095913519231913E+00    0.479700089284484693E+04    0.228551214967962933E-03    0.676881429125946038E-01    0.889557614244780126E+01
    0.137807678815040058E+01    0.615798848668014376E+00    0.472745540388584141E+04    0.117720170809891504E-03    0.534117876796545640E-01    0.889876959168115533E+01
    0.120088076525329246E+01    0.656130690958397711E+00    0.447942826663690721E+04   -0.286453183381434051E-03    0.254791014805870047E-01    0.890433577576965618E+01
    0.137492083487940242E+01    0.597166308716455374E+00    0.464222468369908802E+04    0.122422736302772484E-03    0.499512348506500198E-01    0.891047400416924873E+01
    0.142273809323219536E+01    0.687383777094199622E+00    0.458062119934229577E+04    0.392430507573783929E-03    0.648401116759537710E-01    0.891117342141893154E+01
    0.135224280964879506E+01    0.595822186269658105E+00    0.487468223859643876E+04    0.133639507957353896E-04    0.489016817435820664E-01    0.892893513182348997E+01
    0.129708308632374147E+01    0.609966381887485309E+00    0.499239694277520175E+04    0.290754607268070466E-03    0.469295850246539969E-01    0.892910112041415260E+01
    0.123030876253888311E+01    0.611490334396780022E+00    0.472265818873113221E+04   -0.256147461001642160E-03    0.480697684179845208E-01    0.893422375158524140E+01
    0.126571922391453473E+01    0.649834332344535026E+00    0.483561832673571644E+04   -0.293261524873998929E-03    0.300663106120735955E-01    0.893784439667910746E+01
    0.116945586220022824E+01    0.633173763889438135E+00    0.490259761543310560E+04    0.194576637492535040E-03    0.271086195169646660E-01    0.893802430751131283E+01
    0.106206420253000688E+01    0.620224514697457208E+00    0.477713562559354978E+04    0.300671122679583311E-03    0.183167264581968713E-01    0.893889715321677158E+01
    0.134565281557215588E+01    0.587728177362104698E+00    0.477103130268745826E+04    0.268124345513624774E-03    0.492725962241723492E-01    0.895611660216495764E+01
    0.118703537167902184E+01    0.649170357477119042E+00    0.458055041443198843E+04    0.463585521662145746E-03    0.203633109578790147E-01    0.895714727210063977E+01
    0.111092328080670266E+01    0.640007672053351628E+00    0.488338249058296333E+04   -0.317515457738924440E-03    0.218082556254355839E-01    0.895794132556184053E+01
    0.114516568212953129E+01    0.639024488020864423E+00    0.497852717513499647E+04   -0.148464267822825610E-03    0.202474301933284820E-01    0.895836322322759671E+01
    0.111571702524061256E+01    0.626209448313771788E+00    0.479298089560635981E+04   -0.336845499078347339E-03    0.206573057113152402E-01    0.896089168470543207E+01
    0.126442083774990621E+01    0.594911271418175569E+00    0.486743875473397566E+04   -0.201785788027453302E-03    0.456916998232058946E-01    0.896588639834878798E+01
    0.105041852779088374E+01    0.651199561413033257E+00    0.490303865536349440E+04    0.212146340648821676E-03    0.207497420026269905E-01    0.897007717229856993E+01
    0.118357142945109661E+01    0.624746293750751525E+00    0.495256876768759685E+04    0.224196374812076605E-03    0.314406012982365729E-01    0.897029439678034990E+01
    0.124445345099960303E+01    0.653384207968453978E+00    0.492262402843658856E+04   -0.529738606428850118E-04    0.318903124462914175E-01    0.897278731651514150E+01
    0.130202299300998448E+01    0.666406278136998376E+00    0.489510379175369872E+04    0.644922900228040227E-04    0.288279999107423288E-01    0.898448683327259801E+01
    0.126093769614168272E+01    0.657933367163402227E+00    0.485058268134564878E+04    0.360525036042515159E-03    0.215991721273996878E-01    0.898778864454088833E+01
    0.133969571477104910E+01    0.643143276963714761E+00    0.482117396582976471E+04    0.525634817553166959E-03    0.483520448295021721E-01    0.937609094363156004E+01
    0.128408147553804031E+01    0.652838266253228716E+00    0.472708513354956631E+04    0.275104031567432886E-03    0.416892447327196422E-01    0.903837969925769613E+01
    0.133380725399274214E+01    0.661714383463416489E+00    0.480391960365279556E+04    0.383022210033102503E-04    0.416326256502539890E-01    0.977691032879134880E+01
    0.135540060246954175E+01    0.664442312405442825E+00    0.459852811920443310E+04    0.504572994393985563E-03    0.450226123085903165E-01    0.907425838264994589E+01
    0.140585945391274048E+01    0.635994902488515312E+00    0.497864704844946027E+04    0.700732253624206406E-03    0.574862985460790135E-01    0.916927295590621227E+01
    0.138049213804965976E+01    0.667074810531652185E+00    0.498573885905469615E+04    0.286967022760565031E-03    0.657314164989205307E-01    0.943544250851834576E+01
    0.140041424219326416E+01    0.639230462321058845E+00    0.498596975143874170E+04    0.259197308681252344E-03    0.576149167265924966E-01    0.916145323558022895E+01
    0.143086734838397955E+01    0.654821351977848076E+00    0.495552498077951259E+04    0.217377415882780947E-03    0.651380524637300562E-01    0.901535165843280772E+01
    0.129709445511144694E+01    0.652630233583054942E+00    0.493778256613220401E+04    0.560840372980965290E-03    0.582594071632830390E-01    0.952013426816893471E+01
    0.129709445511144694E+01    0.652630233583054942E+00    0.493778256613220401E+04    0.560840372980965290E-03    0.582594071632830390E-01    0.952013426816893471E+01
    0.133110907873622741E+01    0.644919666327354868E+00    0.497016216867128605E+04    0.575511000425204047E-03    0.551472115166387056E-01    0.906653553105059906E+01
    0.129693819432786173E+01    0.648120012241129362E+00    0.497557392141471973E+04    0.140747018784615602E-02    0.454944353873524970E-01    0.951344871449671281E+01
    0.144033120921926483E+01    0.637073667373815988E+00    0.497883866160924572E+04    0.138692389833953278E-03    0.586548505427116340E-01    0.917801841396118334E+01
    0.128750210246276908E+01    0.653499204958610913E+00    0.473718569692307028E+04    0.435627623774014275E-03    0.466437769044168865E-01    0.904530008875510561E+01
    0.136502028305852874E+01    0.644191608550376715E+00    0.494765259954674275E+04    0.425608749329682676E-03    0.608989972682267705E-01    0.928545414186849705E+01
    0.128180570209056666E+01    0.653932801694741883E+00    0.483267268097518718E+04    0.630125081813876029E-03    0.419201802494048800E-01    0.979291783117196246E+01
    0.128763772136831878E+01    0.667229069794394558E+00    0.480525668516376572E+04    0.569881272389600731E-03    0.473821652191338469E-01    0.988205698537942823E+01
    0.128763772136831878E+01    0.667229069794394558E+00    0.480525668516376572E+04    0.569881272389600731E-03    0.473821652191338469E-01    0.988205698537942823E+01
    0.127632141128845733E+01    0.647200501095639646E+00    0.496663897584114238E+04    0.377883394056244531E-04    0.487158843649465878E-01    0.926273050680596910E+01
    0.130120011205099706E+01    0.642112357127810340E+00    0.496844279102613746E+04    0.633055995034820696E-03    0.557838880330780024E-01    0.976358264131686582E+01
    0.130120011205099706E+01    0.642112357127810340E+00    0.496844279102613746E+04    0.633055995034820696E-03    0.557838880330780024E-01    0.976358264131686582E+01
    0.132185028178648301E+01    0.626364825781863588E+00    0.497553860896670813E+04    0.380570579314102599E-03    0.499009091929178555E-01    0.973503437767241309E+01
    0.134312176161877250E+01    0.644943797822167264E+00    0.477732099086552989E+04    0.619664892829572883E-03    0.599574190485075431E-01    0.928778414127828178E+01
    0.122548501882871386E+01    0.621451966208751427E+00    0.474022960823246831E+04    0.202552049585361663E-03    0.412795374566746892E-01    0.918536552658651217E+01
    0.134401635594295943E+01    0.634439828864905797E+00    0.495898599824518351E+04    0.102325295974737971E-03    0.423684948525407945E-01    0.956341904999025338E+01
    0.125591195711722881E+01    0.616161832512892804E+00    0.457427671374702732E+04    0.810807765121532406E-03    0.408997309270586751E-01    0.944421669700135524E+01
    0.129024227039808137E+01    0.603591919320774051E+00    0.490382398210482370E+04    0.266749463602231898E-03    0.477788459316356301E-01    0.962149698110380314E+01
    0.134794312748901879E+01    0.627405599832594141E+00    0.498498782402943380E+04    0.243740858922348225E-03    0.511381566009277005E-01    0.939415665765856289E+01
    0.136776893350158657E+01    0.593508096758420534E+00    0.481739772800775336E+04    0.776998199888075266E-03    0.524522438042716380E-01    0.961141865056120537E+01
    0.136776893350158657E+01    0.593508096758420534E+00    0.481739772800775336E+04    0.776998199888075266E-03    0.524522438042716380E-01    0.961141865056120537E+01
    0.134634582083346599E+01    0.618242734783371217E+00    0.494190223709480506E+04    0.137919984674221276E-03    0.511197070039162565E-01    0.971572806484131846E+01
    0.134634582083346599E+01    0.618242734783371217E+00    0.494190223709480506E+04    0.137919984674221276E-03    0.511197070039162565E-01    0.971572806484131846E+01
    0.129167208533517708E+01    0.617612201501089975E+00    0.488204983164512578E+04    0.209357167318074619E-03    0.499141574782791392E-01    0.962974755657086234E+01
    0.142515405728459421E+01    0.615830874069241863E+00    0.498458310023179274E+04   -0.110808484798723322E-04    0.540895620022802878E-01    0.920329891992812676E+01
    0.134721887425397502E+01    0.599140548596121425E+00    0.491586094807077370E+04   -0.152803381872391992E-03    0.504340197826428499E-01    0.958220217338984526E+01
    0.134721887425397502E+01    0.599140548596121425E+00    0.491586094807077370E+04   -0.152803381872391992E-03    0.504340197826428499E-01    0.958220217338984526E+01
    0.139455770286009484E+01    0.611643543012998170E+00    0.466306987947360358E+04   -0.156345871005285347E-03    0.550290751987086435E-01    0.924094382688065785E+01
    0.140261220884561943E+01    0.614747127096346047E+00    0.483200235415330826E+04    0.324322798878273554E-04    0.527693104969524512E-01    0.940788155767909373E+01
    0.132503675062216497E+01    0.617748136970994954E+00    0.477721647510171351E+04   -0.199478588964499488E-03    0.487261138434797320E-01    0.930463506564306897E+01
    0.132535024807387813E+01    0.633981154704564176E+00    0.474160155446503086E+04    0.408781437123076981E-03    0.449271717857389341E-01    0.946724776391797107E+01
    0.132502305638884321E+01    0.626841483361747498E+00    0.499103329154456787E+04    0.268679045112114314E-03    0.497697526280728927E-01    0.913408851442801151E+01
    0.133132726541583990E+01    0.612827159301228441E+00    0.499419001123764519E+04    0.637744723612958464E-04    0.514504992302349390E-01    0.980058787548459165E+01
    0.133132726541583990E+01    0.612827159301228441E+00    0.499419001123764519E+04    0.637744723612958464E-04    0.514504992302349390E-01    0.980058787548459165E+01
    0.120714199672510070E+01    0.614612167629011386E+00    0.492916894334390599E+04   -0.655748931043535668E-04    0.459396101883060293E-01    0.937566827441605710E+01
    0.125711378347966019E+01    0.658010298826027906E+00    0.495189493331890571E+04    0.584566550840289953E-03    0.363746896293577066E-01    0.919259108296965621E+01
    0.122601618908402221E+01    0.651943571491639062E+00    0.491406509986402853E+04   -0.311257019175048978E-04    0.263201983006084925E-01    0.922710474907295009E+01
    0.116271574917474951E+01    0.642860959192855907E+00    0.495210747548061045E+04    0.153870073762073098E-03    0.270538824430488281E-01    0.934524625511657803E+01
    0.114145771758492431E+01    0.658998636309876429E+00    0.495259641595319954E+04    0.822765702297159705E-03    0.247262175769405665E-01    0.913892304470917338E+01
    0.121349737171050265E+01    0.635674184373819173E+00    0.493246081051111378E+04    0.411886366636286577E-03    0.379171769563385053E-01    0.904861129051792901E+01
    0.117315922375920767E+01    0.659266839852380548E+00    0.496630857302740969E+04    0.445766662363831752E-03    0.243577066309447927E-01    0.949147037171563568E+01
    0.111447805441461179E+01    0.644502126979878964E+00    0.498112853259630447E+04    0.573546759060555812E-03    0.213491852538068676E-01    0.900298338583422186E+01
    0.116166858225728165E+01    0.649417770291780827E+00    0.492349256906820392E+04    0.387900245545778964E-03    0.242503663053179955E-01    0.928701536406705586E+01
    0.117366968071700417E+01    0.638848955149167397E+00    0.491153455525912250E+04    0.373054210726422853E-03    0.215012697054254229E-01    0.935253247212256866E+01
    0.114542116340297317E+01    0.642483844310333896E+00    0.491058351113434037E+04    0.110319300682349040E-03    0.211857963877422201E-01    0.930447013173867532E+01
    0.113952358059086523E+01    0.660075078375095936E+00    0.485346530982481636E+04    0.159854855559672524E-03    0.214719345643100100E-01    0.904936445899976682E+01
    0.108634481776607084E+01    0.633341477851192214E+00    0.498986588198786103E+04    0.282782747016478654E-03    0.189632849840332997E-01    0.939492755565109938E+01
    0.117657172790205888E+01    0.666326353726028997E+00    0.497881063329123299E+04    0.189893616622635906E-03    0.225335931837692752E-01    0.927451119659064105E+01
    0.119217020997591439E+01    0.645349282577338701E+00    0.483261662414093826E+04    0.169171462241570348E-03    0.238802959208755279E-01    0.920845633007363418E+01
    0.116751452384616550E+01    0.627882239080486459E+00    0.491890522237225468E+04    0.353241524125531565E-03    0.330074087167451929E-01    0.919483657377492136E+01
    0.115835394320412388E+01    0.631321080903319398E+00    0.482936422274252982E+04    0.295749495027725832E-03    0.251012796868523326E-01    0.917308677204632872E+01
    0.117555129388844670E+01    0.634804392915792159E+00    0.488669595873365961E+04    0.593754061887335067E-04    0.293233614183004351E-01    0.968475351868467982E+01
    0.117555129388844670E+01    0.634804392915792159E+00    0.488669595873365961E+04    0.593754061887335067E-04    0.293233614183004351E-01    0.968475351868467982E+01
    0.116385122248878137E+01    0.620361931923877008E+00    0.490407694978433210E+04    0.945112600318117740E-04    0.350172502683410505E-01    0.944626395654147011E+01
    0.115185182248194051E+01    0.656485525684101567E+00    0.479729970032421352E+04    0.168123734246782111E-03    0.236615587853678741E-01    0.926378359968462206E+01
    0.122680863029507026E+01    0.635091301448115431E+00    0.498677575518612684E+04    0.395732317726599789E-03    0.371778560876692976E-01    0.944344239085877213E+01
    0.123889400159182794E+01    0.642663217038123680E+00    0.486956399999843143E+04    0.764648496199781026E-05    0.233054031195036003E-01    0.943640266962011509E+01
    0.126064844245318675E+01    0.637184983147804584E+00    0.492792864122810352E+04   -0.570213391581553069E-03    0.481404361952390836E-01    0.100374737126318099E+02
    0.126064844245318675E+01    0.637184983147804584E+00    0.492792864122810352E+04   -0.570213391581553069E-03    0.481404361952390836E-01    0.100374737126318099E+02
    0.130260695820745354E+01    0.622816302790731857E+00    0.495318721472967627E+04   -0.447939270152336111E-03    0.444028529037731878E-01    0.906052359271224006E+01
    0.128689058831625580E+01    0.637511466566495821E+00    0.491041642104243874E+04   -0.457381715144542249E-03    0.469444292560502741E-01    0.927821086615731616E+01
    0.135829971051704712E+01    0.651080522244545490E+00    0.489575393247355532E+04   -0.528902113590304953E-03    0.457420147415098510E-01    0.918163132474472832E+01
    0.135289849647670368E+01    0.639868675908455309E+00    0.480341210877441426E+04   -0.577334901940231146E-03    0.435762109129269881E-01    0.962753871431166175E+01
    0.135289849647670368E+01    0.639868675908455309E+00    0.480341210877441426E+04   -0.577334901940231146E-03    0.435762109129269881E-01    0.962753871431166175E+01
    0.131867752343832390E+01    0.624627906779052555E+00    0.499477505318508338E+04   -0.183623364945294200E-03    0.521091292107813339E-01    0.977284268875760276E+01
    0.131867752343832390E+01    0.624627906779052555E+00    0.499477505318508338E+04   -0.183623364945294200E-03    0.521091292107813339E-01    0.977284268875760276E+01
    0.134189578830340017E+01    0.626016600169265636E+00    0.498460385069268159E+04   -0.311487036978911193E-03    0.533112714602396662E-01    0.974677490307955807E+01
    0.129055388576147889E+01    0.629291822726562367E+00    0.492071851160301958E+04   -0.252144908852993180E-03    0.528827581340265418E-01    0.916569789962724357E+01
    0.137732595310488048E+01    0.623613565018156457E+00    0.483270835405444814E+04   -0.341291454185754729E-03    0.533689910467810696E-01    0.938151003719001153E+01
    0.129740700064900549E+01    0.625197041824255839E+00    0.499114164837290082E+04   -0.572447126861971574E-03    0.476410913368508215E-01    0.929108079032821976E+01
    0.109578289909497517E+01    0.635540215515636331E+00    0.488804901726706521E+04    0.279290665492977204E-03    0.199238105506724418E-01    0.929837984092333514E+01
    0.124351267482987771E+01    0.642134828804354019E+00    0.436856109315736558E+04    0.916111439823816417E-03    0.284944631995946926E-01    0.919457651724751912E+01
    0.120399604034620555E+01    0.662794286422048740E+00    0.489698600662162971E+04    0.651158455372907339E-03    0.314118212508917583E-01    0.951081178086165480E+01
    0.118471820510337222E+01    0.660985850851219525E+00    0.472530777090569791E+04    0.333952025952436045E-03    0.218142639765664288E-01    0.913843537890293334E+01
    0.124591062532362251E+01    0.652207260497618346E+00    0.473757075619760690E+04    0.407117115255399597E-03    0.345526023527737494E-01    0.963123137794852013E+01
    0.128061254836079996E+01    0.666804915457184566E+00    0.469865383882185415E+04    0.428303081882201047E-03    0.346888916932418662E-01    0.922721044799830281E+01
    0.110205725521563025E+01    0.633586815579212370E+00    0.466324636684407506E+04    0.769778730649806433E-03    0.191871787345227716E-01    0.967651706218862628E+01
    0.119536471087996343E+01    0.646183388899706834E+00    0.470978195541741297E+04    0.219518886463953466E-03    0.199585933056473826E-01    0.972636037942385911E+01
    0.109508391249491321E+01    0.646523448129071698E+00    0.469806497423270230E+04    0.357029243341895868E-03    0.192179162949864465E-01    0.909943602797231677E+01
    0.123233711457679385E+01    0.647481901503202062E+00    0.477116012253744520E+04    0.393121569744800186E-03    0.387316657359342426E-01    0.921217428222910328E+01
    0.124220277172441129E+01    0.665079997179841564E+00    0.477425668150901583E+04    0.470672467550521949E-03    0.218683054059844936E-01    0.919878864214548742E+01
    0.112614709057636242E+01    0.654958971099080189E+00    0.496651562598297187E+04    0.192861953972713252E-03    0.212522750958986234E-01    0.936147916375726830E+01
    0.134265159389082367E+01    0.653785920855158298E+00    0.480344843301327182E+04   -0.102125783779913369E-03    0.437457427574982627E-01    0.997895150920315110E+01
    0.134265159389082367E+01    0.653785920855158298E+00    0.480344843301327182E+04   -0.102125783779913369E-03    0.437457427574982627E-01    0.997895150920315110E+01
    0.130732610504005997E+01    0.633666030428822857E+00    0.499447323031980068E+04    0.203697571762604193E-04    0.526076354400433419E-01    0.969667437918072750E+01
    0.134671298094957592E+01    0.643273596776155587E+00    0.478476831036054136E+04   -0.152131579442219803E-03    0.534303255533924298E-01    0.986674114601840024E+01
    0.134671298094957592E+01    0.643273596776155587E+00    0.478476831036054136E+04   -0.152131579442219803E-03    0.534303255533924298E-01    0.986674114601840024E+01
    0.129644036037197141E+01    0.633777643383089173E+00    0.467657077422677230E+04   -0.317573810584260443E-03    0.480350222834238921E-01    0.928725663297408488E+01
    0.136740246197456772E+01    0.647578454622041777E+00    0.430620578899199973E+04   -0.327582149460071417E-03    0.531463465722574746E-01    0.931866201250283410E+01
    0.122443084074959252E+01    0.626539287024715175E+00    0.460894257330724304E+04   -0.672948310113647796E-04    0.475076528327958436E-01    0.916015248500658075E+01
    0.132143389281710988E+01    0.636999727399966909E+00    0.492729984456757120E+04   -0.163268487425897112E-03    0.602717198189106351E-01    0.916979764886557724E+01
    0.142264498890589186E+01    0.645768197043581793E+00    0.495580250848691685E+04   -0.613925601184144866E-03    0.608870076034881968E-01    0.942254963103393450E+01
    0.134443925256573582E+01    0.637367568490479153E+00    0.483296268085680822E+04   -0.462588278067733332E-03    0.549760174962797693E-01    0.951244331197019477E+01
    0.138285698801898338E+01    0.650068668855040332E+00    0.484008411659119793E+04   -0.573870162676640367E-03    0.553888174709220443E-01    0.920341275001924330E+01
    0.118800496092341090E+01    0.629551019347667329E+00    0.494160716756746024E+04   -0.691341578693907294E-03    0.237256050938129542E-01    0.959596568570011499E+01
    0.117453695327152108E+01    0.642276204180873167E+00    0.480693797428689959E+04   -0.868351408360175896E-04    0.196966092420665824E-01    0.948721596792957023E+01
    0.116161105002526477E+01    0.632754945026273496E+00    0.453637352375599130E+04   -0.231389997830293493E-03    0.191213832456910496E-01    0.919737902341340430E+01
    0.116877596017707397E+01    0.640039902639437774E+00    0.490164789128917528E+04   -0.181394144949229762E-03    0.202770511417846647E-01    0.957434393197822331E+01
    0.116877596017707397E+01    0.640039902639437774E+00    0.490164789128917528E+04   -0.181394144949229762E-03    0.202770511417846647E-01    0.957434393197822331E+01
    0.113156083424391363E+01    0.619041784911477322E+00    0.488263430156681989E+04   -0.379843521609319799E-03    0.206724610663751168E-01    0.900250299241002239E+01
    0.123427096746794307E+01    0.642850131851185114E+00    0.479770430871781173E+04   -0.137894928175087168E-03    0.358046947636625340E-01    0.989936015967184169E+01
    0.123427096746794307E+01    0.642850131851185114E+00    0.479770430871781173E+04   -0.137894928175087168E-03    0.358046947636625340E-01    0.989936015967184169E+01
    0.126210298127497533E+01    0.649198555064244953E+00    0.469802934559572805E+04   -0.103830579070790410E-03    0.282140392345283514E-01    0.956875261037894376E+01
    0.125123848673138549E+01    0.658452907525169939E+00    0.497097926704640940E+04   -0.298526726325018380E-03    0.344806581563038561E-01    0.904375305127611817E+01
    0.121412486868065050E+01    0.638495880312138553E+00    0.479011164806621855E+04   -0.705067996932502239E-03    0.311920211621508452E-01    0.920182985108126772E+01
    0.118570356375234831E+01    0.643697887574552707E+00    0.453964711741582232E+04   -0.666023099089407215E-03    0.282306221282421430E-01    0.947312113765566544E+01
    0.123049914994678122E+01    0.642729400751706814E+00    0.483796439840859239E+04   -0.154072684556853990E-03    0.377952575815789296E-01    0.907041882926066023E+01
    0.122023883216280593E+01    0.612764372946539959E+00    0.488826178230460482E+04   -0.651572327360404628E-03    0.349859285692261379E-01    0.923526145970069301E+01
    0.127588397115618024E+01    0.644784009122475243E+00    0.479470198925270597E+04   -0.454138547986975493E-03    0.349351476289255156E-01    0.955719211484923470E+01
    0.124966388376614312E+01    0.650213849371310104E+00    0.499266001028691971E+04   -0.365495132374245540E-03    0.392669639545428426E-01    0.928988774590601984E+01
    0.119867551191037669E+01    0.623660827481380409E+00    0.476457195062463416E+04   -0.139345660005703168E-03    0.417343471915887082E-01    0.960126992008165736E+01
    0.119867551191037669E+01    0.623660827481380409E+00    0.476457195062463416E+04   -0.139345660005703168E-03    0.417343471915887082E-01    0.960126992008165736E+01
    0.122106228236217573E+01    0.632152457487590635E+00    0.476816800648901153E+04   -0.271652208298948884E-03    0.379223928996200582E-01    0.927835790141401340E+01
    0.127290984736513080E+01    0.647968161985102653E+00    0.480500187552075477E+04   -0.188256250809042298E-04    0.390448690578322349E-01    0.935885472932326579E+01
    0.121411179876196895E+01    0.630819827623736007E+00    0.485722490478494274E+04   -0.243686522578848803E-03    0.391034424498302863E-01    0.916653518855844140E+01
    0.125217258875493975E+01    0.644086270336030164E+00    0.488436201434003306E+04   -0.827501000404518559E-03    0.395713465971233025E-01    0.903821270710723823E+01
    0.126773661381647074E+01    0.655326934489142920E+00    0.489937511068231925E+04   -0.735685853550130126E-03    0.308638588026898530E-01    0.929737625784105504E+01
    0.124689111049197332E+01    0.664925270634756149E+00    0.494796569497436303E+04   -0.153557469881249761E-03    0.370374425908248164E-01    0.937437633748318078E+01
    0.126124778250645897E+01    0.661213206187676983E+00    0.468348455968709368E+04   -0.811461069073690237E-04    0.356972588183870412E-01    0.912256150528736143E+01
    0.128249188846422424E+01    0.654069520432844831E+00    0.483282551766259166E+04   -0.512042012455167920E-04    0.425113534388913278E-01    0.964011981130528817E+01
    0.128249188846422424E+01    0.654069520432844831E+00    0.483282551766259166E+04   -0.512042012455167920E-04    0.425113534388913278E-01    0.964011981130528817E+01
    0.122660741687515862E+01    0.664125098768622024E+00    0.482647185277944300E+04   -0.300951018749416989E-03    0.237110109871790826E-01    0.921487463551377317E+01
    0.122765025020151919E+01    0.617124006019059146E+00    0.493454258166448290E+04   -0.524939352445472312E-03    0.360804735513750516E-01    0.916108946558255255E+01
