    0.123604321592765673E-97    0.421036815094536621E+03    0.118501830101013184E+01    0.608178302645683289E+00    0.458591250729560852E+04    0.331360004453625618E-03    0.645629465579986572E+00
    0.214585415863450226E-97    0.419929664125531986E+03    0.184398133754730220E+01    0.345027983188629150E+00    0.456600802642107010E+04    0.303413071584554463E-03    0.975559711456298828E+00
    0.266656964189940849E-97    0.419491247503946624E+03    0.128131382465362553E+01    0.558927185833454132E+00    0.414450787782669067E+04   -0.211005373245818370E-03    0.304517149925231934E-01
    0.289745472897907444E-96    0.414716091460195173E+03    0.111042656898498526E+01    0.547257244586944580E+00    0.485590430814027786E+04   -0.664406218840991750E-03    0.262554705142974854E+00
    0.370565643211965016E-92    0.395799448974698976E+03    0.103231856822967538E+01    0.554846443235874176E+00    0.463474503242969513E+04   -0.249499956096771555E-03    0.525758385658264160E+00
    0.455047792392087877E-91    0.390779628842800037E+03    0.819046401977539085E+00    0.556324802339076996E+00    0.420398732542991638E+04   -0.459284203676730066E-03    0.642953634262084961E+00
    0.573581483450768171E-91    0.390312727481174193E+03    0.115050735473632804E+01    0.342708952724933624E+00    0.449505238991975784E+04    0.208884690429933794E-03    0.339523136615753174E+00
    0.219534487682085120E-90    0.387624432381222562E+03    0.911733475999445764E+00    0.691339576442833503E+00    0.439756063809255102E+04    0.338536453003525925E-03    0.786982707583728791E+00
    0.500866045417230589E-87    0.372155356870331445E+03    0.117983398437500009E+01    0.545855030417442322E+00    0.414705708217620850E+04    0.166694845985457902E-03    0.100519835948944092E+00
    0.178674210856610608E-84    0.360397489251291802E+03    0.941642022132873624E+00    0.678378820419311523E+00    0.496402312320470810E+04   -0.256451035599247821E-03    0.750870168209075928E+00
    0.280162163571811011E-84    0.359493974011927776E+03    0.125845117568969722E+01    0.345880754292011261E+00    0.406504108232259750E+04    0.126387765787100529E-03    0.574531376361846924E+00
    0.284462013471552048E-82    0.350249265123543751E+03    0.158654913902282724E+01    0.347166351974010468E+00    0.435221080040931702E+04    0.306324088666424073E-04    0.138924360275268555E+00
    0.547367097687821360E-82    0.348936318945676760E+03    0.909143233299255393E+00    0.738637000322341919E+00    0.446572789549827576E+04   -0.101889121879673413E-03    0.883341372013092041E+00
    0.795523348251252449E-82    0.348184651676710985E+03    0.148128273487091056E+01    0.349924519658088684E+00    0.419512860184907913E+04    0.126554829789304886E-04    0.887529730796813965E+00
    0.912984062892600737E-80    0.338694968600880827E+03    0.122272830009460454E+01    0.348790377378463745E+00    0.403547245806455612E+04    0.437355532210318855E-04    0.112629771232604980E+00
    0.145767083868453529E-79    0.337755308950526569E+03    0.114568660259246835E+01    0.557335026562213898E+00    0.428607784599065781E+04   -0.158816851972406732E-03    0.523773550987243652E+00
    0.880534487552023120E-79    0.334154364573631938E+03    0.102898418903350830E+01    0.576526574790477753E+00    0.466490237027406693E+04   -0.268319476932551873E-03    0.573709547519683838E+00
    0.139897594497370607E-78    0.333224524954112667E+03    0.103833844661712638E+01    0.764741569757461548E+00    0.498054317164421082E+04   -0.131046710076301539E-02    0.967150926589965820E+00
    0.260213678626570533E-74    0.313558753065599433E+03    0.118468182253912180E+01    0.649478503086406533E+00    0.499268755977830006E+04    0.373117008274640480E-03    0.833965409869983132E+00
    0.129169629826586350E-73    0.310350429897422430E+03    0.137045056518399155E+01    0.352393360578145631E+00    0.496269569329324986E+04    0.988927066380483155E-04    0.120667619032295732E-01
    0.687644401451714467E-73    0.307002232956410751E+03    0.101827909946441664E+01    0.588156931102275848E+00    0.458188838911056519E+04   -0.166607334579916885E-04    0.608473777770996094E+00
    0.129864835023478684E-72    0.305726711854400321E+03    0.134940567016601554E+01    0.525110021233558655E+00    0.411005188751220703E+04   -0.418706722864931296E-03    0.956166982650756836E+00
    0.207245775124295676E-72    0.304787983145544331E+03    0.122046837806701669E+01    0.505490548908710480E+00    0.438190074437856674E+04    0.281752065701226749E-04    0.462188780307769775E+00
    0.794466619373642320E-71    0.297491375585435321E+03    0.135776228904724139E+01    0.353521481156349182E+00    0.475945752239227295E+04    0.183937192746397955E-03    0.128045678138732910E+00
    0.122637112308882300E-68    0.287408841341977393E+03    0.880000281333923384E+00    0.625093221664428711E+00    0.467195709657669067E+04   -0.991313046716506301E-04    0.641774177551269531E+00
    0.493069787932966816E-68    0.284622093024996843E+03    0.127322564125061044E+01    0.536795504391193390E+00    0.471436623483896255E+04   -0.619711634772334742E-03    0.333067893981933594E+00
    0.667618342890053614E-68    0.284012054883834026E+03    0.127100048065185556E+01    0.577252611517906189E+00    0.466553281545639038E+04   -0.552796916997252367E-03    0.838558077812194824E+00
    0.174143653648775344E-67    0.282090650673843129E+03    0.837675523757934637E+00    0.573702014982700348E+00    0.457290834581851959E+04    0.161155948712364891E-03    0.603110909461975098E+00
    0.175825614355429775E-66    0.277462349993779867E+03    0.112388660907745352E+01    0.743675082921981812E+00    0.499439299410581589E+04   -0.122157818606985952E-03    0.895242691040039062E+00
    0.277963505319995176E-65    0.271937279251936218E+03    0.959707522392272971E+00    0.764224462211132050E+00    0.446505631488561630E+04    0.357388383982442780E-04    0.914543151855468750E+00
    0.206607683051331281E-64    0.267921538986349731E+03    0.172131392778262393E+01    0.356961676393143024E+00    0.410353167122889408E+04    0.175918795672517977E-03    0.298825446538607209E+00
    0.243454410299244166E-64    0.267589416827847060E+03    0.128624007701873788E+01    0.598531782627105713E+00    0.438388210093975067E+04   -0.492220020222784303E-03    0.543582320213317871E+00
    0.268770162866885876E-63    0.262782486585954473E+03    0.115247344970703125E+01    0.357209816575050354E+00    0.483578163063526154E+04    0.245722394596818629E-03    0.385674655437469482E+00
    0.936588099129326157E-63    0.260281806358034828E+03    0.196480734348297115E+01    0.360523581504821777E+00    0.448856223249435425E+04    0.239837517561945735E-03    0.375206470489501953E-01
    0.426911757830295901E-60    0.248033722059013172E+03    0.870449829101562544E+00    0.504315465688705444E+00    0.477357591748237610E+04    0.154963415181137151E-03    0.948347449302673340E-01
    0.114000163319233254E-58    0.241460230346474702E+03    0.885007468457475799E+00    0.778714575485828342E+00    0.471370842624461147E+04    0.368229783150339108E-04    0.936881579577999779E+00
    0.454474510299148906E-58    0.238690440200322030E+03    0.919741678237915083E+00    0.757431030273437500E+00    0.486471235764026642E+04    0.696136692885976111E-03    0.864415824413299561E+00
    0.545366908493488146E-58    0.238321900019028448E+03    0.102929142045725186E+01    0.562094361656185315E+00    0.473187596498467792E+04   -0.382642056991344410E-03    0.261761643252347520E+00
    0.185398361451691877E-57    0.235870727542155578E+03    0.132568042278289799E+01    0.565739393234252930E+00    0.470406240570545197E+04    0.341823003977633161E-03    0.668020009994506836E+00
    0.211089962739585162E-55    0.226396925737939711E+03    0.133601257213740077E+01    0.362622516663963335E+00    0.407647012571614323E+04    0.126601514260034841E-03    0.608736053356490614E+00
    0.277409440932442288E-55    0.225846599218658667E+03    0.181871425897797701E+01    0.362858299363616688E+00    0.438499352114996236E+04    0.194060685993991045E-03    0.312185840960841510E+00
    0.342331028769307728E-54    0.220816955485943339E+03    0.113083238601684566E+01    0.577597558498382568E+00    0.414645197403430939E+04    0.641696191163225959E-03    0.234315037727355957E+00
    0.117794657635496836E-50    0.204526039032512017E+03    0.144781813621521005E+01    0.365254320204257965E+00    0.440384470796585083E+04    0.360499318877788126E-03    0.436895251274108887E+00
    0.419617527979570765E-50    0.201981331323170082E+03    0.879654326248694662E+00    0.539431257302712797E+00    0.455448314145254881E+04   -0.201170835003871738E-03    0.401043687148544326E+00
    0.311870499577910542E-48    0.193360595926249260E+03    0.103944429781849257E+01    0.567320704778739304E+00    0.470800863003700397E+04    0.724576286933158002E-03    0.255279900298549134E+00
    0.434536328479003420E-47    0.188088136460525391E+03    0.138292546579137010E+01    0.561440503670415980E+00    0.495705238442690825E+04    0.423256900915599664E-03    0.248497217615180871E+00
    0.568556752554759054E-46    0.182941416853053369E+03    0.173996763229370122E+01    0.370932802557945251E+00    0.412820960301160812E+04    0.108290150134422698E-03    0.331493616104125977E-01
    0.973075429128586079E-46    0.181862789673834129E+03    0.145810029506683358E+01    0.369494445621967316E+00    0.449677173167467117E+04    0.403141958730904543E-03    0.347326874732971191E+00
    0.290728349596625027E-45    0.179669857791381929E+03    0.119867020413059455E+01    0.370092926781693921E+00    0.469472899183476784E+04    0.616752358980522805E-04    0.208372262273708558E+00
    0.586561190979295920E-45    0.178262176200472453E+03    0.837851958571821487E+00    0.499412100528785374E+00    0.395597342373985157E+04    0.683449115906388906E-03    0.196585969647680631E+00
    0.238547654489917712E-40    0.157031834811623128E+03    0.159900174140930185E+01    0.383877336978912354E+00    0.481745937341451645E+04    0.221293059888604096E-03    0.982600450515747070E+00
    0.746691986477736693E-40    0.154745761228591078E+03    0.134364228248596196E+01    0.610613323748111725E+00    0.402421595621109009E+04    0.517723924629028389E-03    0.382387399673461914E+00
    0.338567111463646624E-39    0.151718545656654953E+03    0.132129302716270947E+01    0.583569499635494759E+00    0.483276974580239403E+04   -0.513044433604485694E-03    0.325508652020771838E+00
    0.556159175924602669E-39    0.150721974992913061E+03    0.139606916904449463E+01    0.374907150864601135E+00    0.475038149642944336E+04    0.777328760845630838E-03    0.273837327957153320E+00
    0.111252918715111097E-38    0.149331395326062250E+03    0.111461180074413524E+01    0.678070132288477012E+00    0.496468774319549266E+04   -0.788487370548599225E-03    0.625600587552361920E+00
    0.178933300702577639E-38    0.148377075159496144E+03    0.126704082489013681E+01    0.377063617110252380E+00    0.457465779393911362E+04    0.193118981359542637E-03    0.986927747726440430E-02
    0.216211723903655757E-37    0.143389508691048832E+03    0.135142476558685320E+01    0.611554026603698730E+00    0.487896518808603287E+04    0.234703126745246953E-03    0.794036865234375000E+00
    0.277090453103812925E-37    0.142889430705993220E+03    0.899225859988942555E+00    0.543743168003484989E+00    0.422406800197196208E+04   -0.122321018904241857E-03    0.412708195984269444E+00
    0.371747847173050723E-37    0.142297780864236529E+03    0.101453845500946049E+01    0.574203267693519592E+00    0.452202381849288940E+04   -0.226381582952327930E-03    0.282404065132141113E+00
    0.264385638637407614E-36    0.138370318437373811E+03    0.136741302013397226E+01    0.570068024098873138E+00    0.403551269924640656E+04    0.161425739491106188E-04    0.182755172252655029E+00
    0.344401621243215934E-36    0.137837612806803236E+03    0.137015008926391602E+01    0.537328049540519714E+00    0.483399671065807343E+04    0.398618942214160206E-03    0.282853364944458008E+00
    0.774613411141407200E-34    0.127002254983666205E+03    0.108055462837219229E+01    0.380371801555156708E+00    0.475907061088085175E+04    0.127337483492837039E-03    0.287567794322967529E+00
    0.495419967200803647E-33    0.123287095065903841E+03    0.191774709224700923E+01    0.382219046354293823E+00    0.446092816579341888E+04    0.348921062322551771E-03    0.197289586067199707E+00
    0.597742974085384042E-33    0.122907678754140150E+03    0.118878999514331030E+01    0.743242120098239978E+00    0.432332327871582311E+04    0.318898618770757528E-03    0.745697208896406893E+00
    0.131443098775379695E-32    0.121327775924741218E+03    0.123012936563880992E+01    0.660869638295550565E+00    0.472667576165747414E+04   -0.332105281122189403E-03    0.632166014726003422E+00
    0.524724386242506254E-32    0.118555271480508068E+03    0.185955624580383305E+01    0.382016010582447052E+00    0.498473481237888336E+04    0.190571573456260039E-04    0.533877730369567871E+00
    0.705685642959525444E-32    0.117958771776013947E+03    0.106630837917327881E+01    0.585587196052074432E+00    0.480123800396919250E+04   -0.541069675922450422E-03    0.122541546821594238E+00
    0.849163307911426433E-32    0.117584702230688180E+03    0.145933511257171622E+01    0.382021643221378326E+00    0.419371091991662979E+04    0.961361783924422053E-04    0.637159645557403564E+00
    0.928573624012690913E-32    0.117401999680526913E+03    0.127765314579010014E+01    0.628759600222110748E+00    0.440576734220981598E+04    0.314915967208364591E-03    0.235103905200958252E+00
    0.409796810482001259E-31    0.114428899681501477E+03    0.918155241012573287E+00    0.831217713654041290E+00    0.455751832938194275E+04    0.198822017788705460E-04    0.978433966636657715E+00
    0.761718227359200266E-31    0.113185162922967791E+03    0.920947304997365768E+00    0.715147063334916067E+00    0.429002522520894036E+04    0.358200295937129490E-03    0.647114083961313202E+00
    0.675921396212341264E-30    0.108815086317865180E+03    0.878259491920471258E+00    0.829455532133579254E+00    0.474669450992345810E+04    0.552848945816777535E-03    0.968657672405242920E+00
    0.120921842536863850E-29    0.107647874649962603E+03    0.147128501097108333E+01    0.385691677785355957E+00    0.406561481426056525E+04    0.356375532228314239E-03    0.545237769516136242E-01
    0.840931887394106043E-28    0.991600656955201458E+02    0.108640713691711421E+01    0.688806921243667603E+00    0.443392245769500732E+04   -0.719580853500476178E-03    0.591979742050170898E+00
    0.940868104646475214E-28    0.989315748495340586E+02    0.195061438083648686E+01    0.401098348200321198E+00    0.423587861108779907E+04    0.221551838311534401E-03    0.955277025699615479E+00
    0.129649794967282098E-27    0.982864304817786234E+02    0.103579263687133794E+01    0.741551004350185394E+00    0.464151628196239471E+04    0.156574015259429173E-03    0.695227503776550293E+00
    0.136491595759242906E-27    0.981796720064801605E+02    0.128858642855906558E+01    0.632185787160379320E+00    0.410525447838626678E+04   -0.722498512737627984E-03    0.161028664279245504E+00
    0.138141413647591574E-27    0.981517360487808190E+02    0.103797008991241446E+01    0.678502008318901062E+00    0.433490172672271729E+04   -0.241235779996042300E-03    0.573338985443115234E+00
    0.163839977361502865E-27    0.978066051855270615E+02    0.139775903224945086E+01    0.539446808397769928E+00    0.488209177887439728E+04   -0.401990374701049192E-04    0.964968383312225342E+00
    0.789259839262067626E-27    0.946582881549647084E+02    0.123256800174713144E+01    0.387709565460681915E+00    0.464494453257322311E+04    0.610177602225970856E-03    0.998122692108154297E-01
    0.935665839381032600E-27    0.943140562858277889E+02    0.132410421371459952E+01    0.549790106713771820E+00    0.413737833273410797E+04    0.344232522465424257E-04    0.694033682346343994E+00
    0.123864852155014163E-26    0.937491145183838341E+02    0.134066670094141038E+01    0.387289915657508421E+00    0.490020813647338127E+04    0.431680354574356516E-03    0.551259989889497981E+00
    0.174367647053991747E-26    0.930612584383839447E+02    0.941902232170105047E+00    0.660569041967391968E+00    0.424275717043876648E+04   -0.186102948440883225E-04    0.544999659061431885E+00
    0.397089154978634813E-26    0.914113625024737644E+02    0.101799678802490234E+01    0.593582622706890106E+00    0.473902722340822220E+04   -0.177631504917745371E-03    0.419676125049591064E+00
    0.421019799621614867E-26    0.912904181817791880E+02    0.180848083496093759E+01    0.395807057619094849E+00    0.413893313276767731E+04    0.321178025577653907E-03    0.894894301891326904E+00
    0.318222197126193764E-25    0.872412017271421405E+02    0.848143054709506572E+00    0.541482164635298080E+00    0.488330899680696803E+04   -0.436220194868768238E-04    0.349890094008060634E-01
    0.194943968630410805E-24    0.836122006810827827E+02    0.116847799358313176E+01    0.629814382374425330E+00    0.407065690344221093E+04   -0.960423376959884927E-03    0.507544578171995830E+00
    0.607721003711990148E-24    0.813342869825623467E+02    0.141933000087738037E+01    0.391653038561344147E+00    0.407337130504846573E+04    0.450054383722544595E-03    0.160002648830413818E+00
    0.745132676521721839E-23    0.763175177652991579E+02    0.130318276882171635E+01    0.590143688023090363E+00    0.478355841332674026E+04   -0.253729105214612043E-03    0.367565274238586426E+00
    0.418247353909745075E-22    0.728634198863974092E+02    0.173994524478912349E+01    0.396938540041446686E+00    0.411373172003030777E+04    0.179402315723105267E-03    0.801939070224761963E+00
    0.342344195806251654E-21    0.686548561740575849E+02    0.128567774295806880E+01    0.727289006114006042E+00    0.435287701553106308E+04   -0.355090378043765404E-04    0.774123370647430420E+00
    0.932697581082392012E-21    0.666464212024075948E+02    0.161403771723214229E+01    0.396199169489697356E+00    0.415288330546319594E+04    0.249122275281843061E-03    0.203276382189174487E+00
    0.137965864217240808E-19    0.612543240173480896E+02    0.118260452747344980E+01    0.690386928617954254E+00    0.417321593695878983E+04    0.498915806727717672E-03    0.906812906265258789E+00
    0.138203156227421248E-19    0.612469808566012972E+02    0.108338636807774336E+01    0.670702416968699033E+00    0.470584932226958699E+04    0.266892315555837013E-03    0.553757751084720140E+00
    0.351709478099182321E-19    0.593749131279694922E+02    0.176358399092529994E+01    0.398974525326624141E+00    0.474606665141093526E+04    0.159525301255875404E-03    0.730136636156603847E+00
    0.615462515848549716E-19    0.582518697680903514E+02    0.187225797176361075E+01    0.398567311465740204E+00    0.479908495169878006E+04    0.562220538281661751E-03    0.509868443012237549E+00
    0.460689528966819911E-18    0.542220927326778934E+02    0.810416555404663175E+00    0.646002516150474548E+00    0.413717921340465546E+04    0.385736393280717096E-04    0.486403346061706543E+00
    0.837227186428389351E-18    0.530234442428200694E+02    0.124850228412574449E+01    0.402205525851676682E+00    0.469445249314158445E+04    0.539048335156963794E-03    0.458270870020998922E-01
    0.160746535428332305E-17    0.517149011123193674E+02    0.181402027606964111E+01    0.404559448361396790E+00    0.412783848989009857E+04    0.646224832832361355E-04    0.502605438232421875E-01
    0.296255890863387103E-17    0.504882053289544430E+02    0.115333611965179439E+01    0.636840090155601501E+00    0.410799124091863632E+04    0.363493374701744930E-04    0.115406513214111328E-02
    0.506649200189162068E-17    0.494111085304653272E+02    0.984243869781494141E+00    0.588649109005928040E+00    0.493228982144594193E+04   -0.516467944987727338E-03    0.751179456710815430E-01
    0.155289330721715514E-16    0.471670897435894645E+02    0.184297824303174340E+01    0.405455070479486146E+00    0.404639475677723749E+04    0.606544823584293088E-03    0.537466152646523670E-01
    0.168805980621412455E-16    0.469962635234996995E+02    0.867998647689819380E+00    0.987558856606483459E+00    0.454144272243976593E+04    0.293483866667832263E-03    0.997097313404083252E+00
    0.442136250453001113E-16    0.450666211099732550E+02    0.103439991265554965E+01    0.678187968680527886E+00    0.416961415525405300E+04    0.161309828894719298E-03    0.515709810276129721E+00
    0.121280486166669351E-15    0.430445689999909860E+02    0.139149154590847024E+01    0.599775334201973598E+00    0.473939165905945993E+04   -0.148752903546249337E-03    0.814916094971040672E+00
    0.181585269376163961E-15    0.422334239168091514E+02    0.136953125000000009E+01    0.653513066470623016E+00    0.465768101567029953E+04   -0.245478350938413837E-03    0.435201644897460938E+00
    0.339777848971399300E-15    0.409763843236579248E+02    0.127633414268493661E+01    0.451089583337306976E+00    0.413377808833122253E+04    0.610947396562464104E-03    0.997004330158233643E+00
    0.359282614051535835E-15    0.408608435019055563E+02    0.142183790206909189E+01    0.566497348248958588E+00    0.485686860609054565E+04   -0.212618969751839163E-03    0.955805599689483643E+00
    0.786114302795758333E-15    0.392909514505023125E+02    0.135894417762756348E+01    0.600622065365314484E+00    0.488482728499174118E+04    0.430857279148773580E-03    0.823266327381134033E+00
    0.164981137918403544E-14    0.378044171215953000E+02    0.101795726821308796E+01    0.645102639478515094E+00    0.440280137587571880E+04    0.444518210781232449E-03    0.469136442975563228E+00
    0.165488994227328272E-14    0.377943637900974778E+02    0.118336691856384268E+01    0.709910333156585693E+00    0.432950136011838913E+04   -0.235885052983679234E-03    0.905169069766998291E+00
    0.384249672850110612E-14    0.361056818629956666E+02    0.105074292957322490E+01    0.695104097423004164E+00    0.415212467097034187E+04   -0.415709878426859030E-03    0.545321047575881845E+00
    0.484775856824505661E-14    0.356369874085641811E+02    0.178838186264038090E+01    0.443178385496139526E+00    0.437394610601663589E+04    0.532317595276091067E-04    0.971926450729370117E+00
    0.493406251685191082E-14    0.355977886757600572E+02    0.132007374763488761E+01    0.627246245741844177E+00    0.483646573072671890E+04    0.144567947731292709E-03    0.922367453575134277E+00
    0.940014495046641602E-14    0.343047575842201624E+02    0.100762307643890381E+01    0.643935337662696838E+00    0.488274458026885986E+04    0.100004171500064895E-03    0.467653334140777588E+00
    0.529996934031145173E-13    0.308417292956821214E+02    0.191348824501037607E+01    0.450695037841796875E+00    0.423696512299776077E+04    0.330345135674135130E-03    0.960716247558593750E+00
    0.979471319348964081E-13    0.296095395769547665E+02    0.189246480464935307E+01    0.411565147340297699E+00    0.438615528059005737E+04    0.167070445361232686E-03    0.461166918277740479E+00
    0.119205669265238331E-12    0.292127884241585889E+02    0.143383860588073730E+01    0.429429687559604645E+00    0.426069400656223297E+04    0.549967454889295883E-03    0.928806364536285400E+00
    0.195530791075588693E-12    0.282191470707958736E+02    0.132144196033477801E+01    0.570114336907863617E+00    0.456342394638061523E+04   -0.267416515464458378E-04    0.145419180393218994E+00
    0.260279427478732684E-12    0.276431650030824372E+02    0.117910968325639209E+01    0.631600199295595077E+00    0.494198110769626601E+04    0.316474679992244444E-03    0.406434270351153926E+00
    0.397702294706883858E-12    0.267913628587762993E+02    0.114894745349884042E+01    0.647865720093250275E+00    0.469043077987432480E+04   -0.598761696730904519E-04    0.547230243682861328E-02
    0.192475201072587833E-11    0.236337592274066424E+02    0.178549344539642330E+01    0.412974663078784943E+00    0.467778968328237534E+04    0.570674097912125203E-04    0.222873568534851074E+00
    0.247733164216100770E-11    0.231250831847251597E+02    0.127986500263214120E+01    0.412633314728736877E+00    0.405683665055036545E+04    0.479675251180698681E-03    0.185850381851196289E+00
    0.273158714088049778E-11    0.229257753739897900E+02    0.116500198342714167E+01    0.630049087083003889E+00    0.494466012728686474E+04    0.473092743254754770E-03    0.344224907088042265E+00
    0.334916762351095554E-11    0.225142110563562952E+02    0.133019654750823979E+01    0.653750211000442505E+00    0.416002785837650299E+04   -0.866045073180747777E-03    0.349186003208160400E+00
    0.134147986069013211E-10    0.197350115526264283E+02    0.122626609802246089E+01    0.705226168036460876E+00    0.464926822400093079E+04    0.625738391920992653E-03    0.649725675582885742E+00
    0.290909890592929061E-10    0.181829653012853001E+02    0.137599873542785645E+01    0.468845695257186890E+00    0.446170467156171799E+04    0.653977586064304430E-03    0.959044754505157471E+00
    0.442221425079685437E-10    0.173414647443689134E+02    0.979175496101379439E+00    0.850088566541671753E+00    0.494176617264747620E+04    0.451004288282039428E-03    0.875741422176361084E+00
    0.545820489801630787E-10    0.169165996342228340E+02    0.147731103615607440E+01    0.435546635842722185E+00    0.427043652466696312E+04    0.563772143117504249E-05    0.900837435449261870E+00
    0.577367651608481387E-10    0.168003151982280059E+02    0.986159467697143577E+00    0.765467032790184021E+00    0.483942569321393967E+04    0.280726471399538730E-03    0.628446936607360840E+00
    0.647283897427441220E-10    0.165677974536424735E+02    0.186788206751064600E+01    0.430699897095876805E+00    0.445148920266001369E+04    0.241418212420772349E-03    0.841455410383118552E+00
    0.105437891785651367E-09    0.155880468428775067E+02    0.121574059514331689E+01    0.620430565049582383E+00    0.418616640298466154E+04    0.174881061879125354E-03    0.621889743442805343E+00
    0.112219802102710516E-09    0.154594658114044936E+02    0.184464638233184819E+01    0.420739568769931793E+00    0.453216698098182678E+04    0.497289611232946353E-03    0.654343605041503906E+00
    0.128873703502675217E-09    0.151788127307518650E+02    0.806635642051696800E+00    0.607299454510211945E+00    0.416429044282436371E+04   -0.289095420111950120E-03    0.684672594070434570E-02
    0.153188058034398816E-09    0.148292396368926660E+02    0.150074548721313494E+01    0.629247292876243591E+00    0.460376766872406006E+04   -0.344290350382804719E-03    0.129637539386749268E+00
    0.192946609860910444E-09    0.143638389595150002E+02    0.109485716819763179E+01    0.649154968559741974E+00    0.456590399551391602E+04    0.348331988293008258E-03    0.155595004558563232E+00
    0.221537633250404285E-09    0.140835747913724134E+02    0.139322273731231694E+01    0.742771513760089874E+00    0.425965638023614883E+04    0.152414934257969810E-03    0.100430846214294434E-01
    0.372425867423427137E-09    0.130407774863240284E+02    0.171426320075988770E+01    0.418340951204299927E+00    0.403988497817516327E+04    0.185613645235047927E-03    0.457220911979675293E+00
    0.773757527827915407E-09    0.115744301391552789E+02    0.107503443545558697E+01    0.782347307860443153E+00    0.398263752936352739E+04    0.370760577330673375E-03    0.661743546470167754E+00
    0.115268774098213464E-08    0.107733376740865996E+02    0.188744571853582088E+01    0.520630391905431811E+00    0.420838647519287497E+04    0.602266188293905272E-03    0.963409128331826237E+00
    0.132333454314055640E-08    0.104933147466453836E+02    0.108850584030151376E+01    0.860133491456508636E+00    0.466439950454235077E+04   -0.623027464930147614E-03    0.882587492465972900E+00
    0.152771082494558614E-08    0.102021770928423496E+02    0.892605307432836281E+00    0.956083964250794560E+00    0.455618221540820014E+04   -0.390919684692695216E-03    0.939047012065231113E+00
    0.317437872794047856E-08    0.873558781321384004E+01    0.186127893924713139E+01    0.546256981790065765E+00    0.412235704475641251E+04    0.443626635665803494E-03    0.990548014640808105E+00
    0.602448849589431641E-08    0.745024027947898926E+01    0.123311531543731689E+01    0.683418937027454376E+00    0.427933223158121109E+04   -0.207337756386749116E-03    0.512445449829101562E+00
    0.623454510288546554E-08    0.737778795146791300E+01    0.199605429172515869E+01    0.914553597569465637E+00    0.457906941980123520E+04    0.259412443071122044E-03    0.226669490337371826E+00
    0.665721758905425433E-08    0.724268970145682989E+01    0.836186003684997625E+00    0.626637138426303864E+00    0.485618003475666046E+04    0.336936016064680159E-03    0.397151887416839600E+00
    0.979643752102706452E-08    0.646614908448018344E+01    0.124336551467532175E+01    0.658296769706616103E+00    0.448574279611280326E+04   -0.118210561943187276E-03    0.982842522489055126E+00
    0.105201487080091286E-07    0.631969575122667404E+01    0.925975422417633642E+00    0.676047374259925338E+00    0.486492936621924673E+04   -0.135439236144554867E-03    0.453000383301490839E+00
    0.134123482851821394E-07    0.583002259424411662E+01    0.128553894776901512E+01    0.737690021870705426E+00    0.435540769190551146E+04    0.151284196458970928E-03    0.527390566994943299E-01
    0.202717462347244925E-07    0.500001172616716971E+01    0.129922719001770015E+01    0.793599665164947510E+00    0.412255914491415024E+04    0.223359608291521958E-03    0.362209677696228027E-01
    0.265427599390023064E-07    0.445704765678989734E+01    0.198775780501333887E+01    0.930011482510216370E+00    0.482174953419826670E+04    0.715391486650970995E-04    0.163668456095596632E+00
    0.274890433286365638E-07    0.438308043539612679E+01    0.107319461782798919E+01    0.773440855817422945E+00    0.448635401641552289E+04   -0.853975424545700958E-04    0.187560531350602425E-01
    0.320521443230710262E-07    0.407202101376129644E+01    0.190456743240356441E+01    0.468951933085918427E+00    0.491600972968339920E+04    0.219367976326443671E-03    0.149619579315185547E-02
    0.331328858521098338E-07    0.400179029826319876E+01    0.961372875601255616E+00    0.839281117541798460E+00    0.436393554681859678E+04    0.314199907887407321E-03    0.787867532005355420E+00
    0.435829939373403129E-07    0.344960263321450711E+01    0.134961788654327397E+01    0.743841767311096191E+00    0.447070140749216080E+04    0.145322084627521383E-03    0.993649363517761230E-01
    0.503097825747962091E-07    0.315863135156177410E+01    0.144944427013397226E+01    0.501194722950458527E+00    0.479967187678813934E+04    0.380076693161628611E-04    0.924284398555755615E+00
    0.523292571124337943E-07    0.307601293897997774E+01    0.115316805680164713E+01    0.718711866424047052E+00    0.428530889071766433E+04   -0.542540940574401398E-04    0.757660332725195035E-01
    0.797147126508756779E-07    0.223030959883656132E+01    0.198644738794885467E+01    0.888866865387393457E+00    0.479734346100233051E+04    0.446030681100684245E-03    0.773248208829065975E+00
    0.132249894915494937E-06    0.121392513483402897E+01    0.195296249389648446E+01    0.808111168444156647E+00    0.428817366635799408E+04    0.706505879917118185E-03    0.822292566299438477E-01
    0.133882037003515222E-06    0.118548725438726810E+01    0.196098237037658696E+01    0.983966693282127380E+00    0.483582216989994049E+04    0.103472641967606815E-03    0.804814994335174561E+00
    0.146425127567072570E-06    0.100247074075760390E+01    0.193112866878509526E+01    0.530916593968868256E+00    0.430467165666818619E+04    0.141507130066140338E-03    0.336749553680419922E-01
    0.178470305333451861E-06    0.602748475719468324E+00    0.193924496173858651E+01    0.891957692801952362E+00    0.480753679221868515E+04    0.220942829079955147E-03    0.903356075286865234E+00
    0.189238096723407133E-06    0.481674700656062882E+00    0.131829874034930272E+01    0.798252881281890869E+00    0.422555394780068582E+04   -0.680523513278498198E-03    0.104360082095456955E+00
    0.212455882259803642E-06    0.246311729300795257E+00    0.895608666106740281E+00    0.607928819843415180E+00    0.457555885397547081E+04   -0.168708204516061203E-03    0.253992140207956324E-01
    0.223084414196990754E-06    0.144773709466054612E+00    0.130862329006195077E+01    0.434729322791099548E+00    0.484386772352457047E+04    0.342149783467657538E-03    0.651670098304748535E-01
    0.239363655959705129E-06   -0.139051004509809235-308    0.181550872325897217E+01    0.240488499402999878E+00    0.500018533962965012E+04    0.440479973615353346E-03    0.350412607192993164E+00
    0.240184282627834736E-06   -0.107512588354605754E-01    0.142232434749603276E+01    0.658631987869739532E+00    0.483214978945255280E+04   -0.318806562194168318E-03    0.188619911670684814E+00
    0.284254188755522862E-06   -0.351582300247930135E+00    0.198508276939392081E+01    0.577721737325191498E+00    0.458032792550325394E+04    0.264980579193299489E-04    0.136542022228240967E+00
    0.303813170722435119E-06   -0.488576697846768937E+00    0.109673369094839979E+01    0.763375615447267064E+00    0.473709469982972132E+04    0.914109873408327838E-04    0.587365730125750218E+00
    0.444437394673798720E-06   -0.125327546418150337E+01    0.130061225783440015E+01    0.654767086864150749E+00    0.457356717904325524E+04    0.775890608151500838E-03    0.793961758335251622E+00
    0.504552746411280140E-06   -0.151090808523814113E+01    0.152857885274702721E+01    0.468221267667049024E+00    0.465420281344130581E+04    0.102716869499786757E-03    0.859885558458289734E+00
    0.505147560118268970E-06   -0.151717073256497414E+01    0.199370013075715358E+01    0.529403036902574509E+00    0.448332880171964189E+04    0.231903240565980973E-03    0.565560128641891424E+00
    0.528363250074044217E-06   -0.161094385444140409E+01    0.154465053873578695E+01    0.525600330844147368E+00    0.447688356398348878E+04    0.226406082188123129E-03    0.924614960215195403E+00
    0.605569112108168487E-06   -0.188761945694565592E+01    0.190389514167866225E+01    0.843165460935313416E+00    0.438781761423450189E+04    0.254889496969216598E-03    0.269260337747623708E-01
    0.651327546049150769E-06   -0.203721363008391343E+01    0.142077732086181641E+01    0.664087615907192230E+00    0.435174996435642242E+04    0.470811509389771048E-03    0.236679911613464355E+00
    0.845745535670505261E-06   -0.256353162107300125E+01    0.115892570018768315E+01    0.664609208703041077E+00    0.484842958313226700E+04   -0.145545035753269719E-03    0.214935660362243652E+00
    0.968672065227004119E-06   -0.283885307013627308E+01    0.194100791404049899E+01    0.491111987607482370E+00    0.487651142675211850E+04    0.617110483658309290E-03    0.824891940998129347E+00
    0.105215845057414721E-05   -0.300810506361407359E+01    0.122719099521636954E+01    0.675068080425262451E+00    0.438560084652900696E+04    0.454413135025096655E-03    0.903837084770202637E-01
    0.109839226902907796E-05   -0.309801894494133290E+01    0.998684597015380926E+00    0.651123993098735809E+00    0.429879614603519440E+04   -0.323869287863479322E-03    0.814345479011535645E-01
    0.116201810354990731E-05   -0.321454659674458165E+01    0.193023518006809391E+01    0.834339479916467730E+00    0.446664430982151407E+04    0.375873356408907498E-04    0.266345884936342758E+00
    0.116786145838078136E-05   -0.322848489677522998E+01    0.121280763149261483E+01    0.653303042054176331E+00    0.406895401561260223E+04   -0.295277547966686605E-03    0.664173960685729980E-01
    0.121629557169261210E-05   -0.331366226650105489E+01    0.827531552314758390E+00    0.693457446992397308E+00    0.459111435073614120E+04   -0.197543960882753169E-03    0.423873245716094971E+00
    0.132453862447442730E-05   -0.348807725254548640E+01    0.186731855869293217E+01    0.985124096274375916E+00    0.470604227185249329E+04    0.122340606261848230E-03    0.613139390945434570E+00
    0.132643084132045192E-05   -0.349483863489130986E+01    0.197828962802886954E+01    0.720456823706626892E+00    0.393124064308404922E+04    0.114051513927097015E-03    0.487270295619964600E+00
    0.144860647943534326E-05   -0.367496546216136899E+01    0.121354696600786993E+01    0.682311675025551900E+00    0.486081689600801928E+04    0.287132140549632210E-03    0.104315876996451729E+00
    0.145192955317913410E-05   -0.368345441709640298E+01    0.198613755702972417E+01    0.651249684393405914E+00    0.410306244134902954E+04    0.228660206048773119E-03    0.471859514713287354E+00
    0.146415018946477475E-05   -0.370412386825273554E+01    0.155170349802171104E+01    0.679904571437577765E+00    0.485134932298820968E+04    0.220893642707572954E-03    0.132171285393370669E+00
    0.153674313453274351E-05   -0.380481077937606482E+01    0.135248490068881244E+01    0.663785404567307391E+00    0.451169724229538951E+04   -0.281052205082308075E-03    0.312986387850137882E+00
    0.156232172670894020E-05   -0.384173237325937400E+01    0.824278068542480535E+00    0.568950258195400238E+00    0.474009167718887329E+04    0.299077251914293485E-03    0.324986696243286133E+00
    0.156069374482821284E-05   -0.384355348209620828E+01    0.802908711523816265E+00    0.879996350325098486E+00    0.497367163583230740E+04    0.108464577397507909E-02    0.776666993553817075E+00
    0.170659722544521459E-05   -0.402620179351332474E+01    0.148254889972741299E+01    0.676166857548830103E+00    0.409541808102408140E+04    0.478004230936856036E-03    0.119395670856454375E+00
    0.172006056080297784E-05   -0.404582412078306497E+01    0.134897058010101323E+01    0.715895585715770721E+00    0.419591047310829163E+04    0.177928816636623228E-03    0.190112769603729248E+00
    0.176090513623937378E-05   -0.409666728844693573E+01    0.118271926298714414E+01    0.743032897262676295E+00    0.467780746973068835E+04   -0.422462107348574496E-03    0.569268495164669375E+00
    0.178388269140531498E-05   -0.412650217294790345E+01    0.188676713545056218E+01    0.954082564471948058E+00    0.434610435159840472E+04    0.236509106683331828E-03    0.354937857245303912E+00
    0.178570213286502288E-05   -0.413244725010215053E+01    0.104782338142395015E+01    0.830903485417366028E+00    0.438113109451532364E+04    0.385713665207512322E-03    0.789472341537475586E+00
    0.198552939254268362E-05   -0.434850127098777151E+01    0.837571883201599143E+00    0.599571265280246735E+00    0.460515405195951462E+04   -0.377399134892926198E-03    0.842710137367248535E-01
    0.201449862362454844E-05   -0.438137705566322033E+01    0.138355591297149649E+01    0.708378203213214874E+00    0.419150182807445526E+04   -0.699390138334765122E-03    0.212733030319213867E+00
    0.208626025253810569E-05   -0.445528884147381632E+01    0.192290224893119555E+01    0.461075613975824528E+00    0.458490912483125067E+04    0.470291128492887568E-03    0.666412628686930186E+00
    0.212127353746123184E-05   -0.449248213791033280E+01    0.848802900314331144E+00    0.833855301141738892E+00    0.464537049293518066E+04    0.123232681653081448E-03    0.694429934024810791E+00
    0.222397214445741343E-05   -0.459094482350508670E+01    0.186504476070404057E+01    0.884209424257278442E+00    0.421237627047300339E+04    0.107256647123978201E-03    0.617649674415588379E+00
    0.224374577083082711E-05   -0.461255474760607775E+01    0.145920223233915358E+01    0.433969298323059527E+00    0.490080411963979986E+04    0.248419991270191684E-03    0.481719539794214613E+00
    0.224729342597594568E-05   -0.461962076150710299E+01    0.142117164134979257E+01    0.580912470817565918E+00    0.417684837430715561E+04    0.364443611044144638E-03    0.330224692821502686E+00
    0.235967486909243611E-05   -0.472112155525968724E+01    0.159718878859527758E+01    0.473799485154612676E+00    0.457081642608578932E+04    0.366951989315572949E-03    0.138724980350493892E-01
    0.238229486127893000E-05   -0.474410862191935934E+01    0.191022467613220215E+01    0.993535451591014862E+00    0.457414568763971329E+04    0.195209047902647378E-03    0.458691000938415527E+00
    0.247247319067548589E-05   -0.482232425373992513E+01    0.163395403838864572E+01    0.585039042481429350E+00    0.475324917753695991E+04    0.346602457834978533E-03    0.994299939266497401E+00
    0.291511518038927120E-05   -0.515561128487346032E+01    0.187554779052734366E+01    0.832844138145446777E+00    0.459305695652961731E+04    0.117014088799213535E-03    0.160657942295074463E+00
    0.292429350622655215E-05   -0.516580470118654667E+01    0.183008756637573233E+01    0.918200992047786713E+00    0.493551209682226181E+04    0.248074369127076707E-03    0.912450134754180908E+00
    0.297774321639281487E-05   -0.520593652818970298E+01    0.987401366233825684E+00    0.893251478672027588E+00    0.471810180884599686E+04    0.267009847976722929E-03    0.863438963890075684E+00
    0.312343683707633729E-05   -0.530537926264362891E+01    0.184591774940490727E+01    0.700073659420013428E+00    0.470081419712305069E+04    0.382852714207165536E-04    0.402542352676391602E-01
    0.327980591783417128E-05   -0.540698611934033302E+01    0.170570394992828378E+01    0.548606939613819122E+00    0.433247712099552155E+04    0.756394514404979844E-03    0.868088006973266602E-02
    0.337124241475965295E-05   -0.546588656181501342E+01    0.198669939041137700E+01    0.664577186107635498E+00    0.414344252979755402E+04    0.661572834078173961E-03    0.452526271343231201E+00
    0.357930838226356944E-05   -0.558956930570828803E+01    0.132115671139681101E+01    0.498935176910491884E+00    0.496808258503279194E+04    0.658261928705713371E-04    0.869403058269880291E+00
    0.360275760962577302E-05   -0.560653548064487772E+01    0.944471522529096608E+00    0.898757414039925484E+00    0.405976146649078555E+04    0.370179550619317903E-04    0.444070837884210159E-02
    0.384846541949023948E-05   -0.574239157383464072E+01    0.180124457056487497E+01    0.998407368916535476E+00    0.432805588127978081E+04    0.672665726574293811E-03    0.542005616095076137E+00
    0.386009889354997067E-05   -0.575233447731210923E+01    0.126732378005981450E+01    0.771725885570049286E+00    0.478841805768013000E+04    0.378727484907362074E-03    0.575650334358215332E-01
    0.404557336869164626E-05   -0.585010169679088854E+01    0.113464326858520503E+01    0.726479418575763702E+00    0.462948685133457184E+04    0.155213825486161185E-02    0.544835150241851807E+00
    0.405692807465100332E-05   -0.585961348156154749E+01    0.931374513201432164E+00    0.704608497616425300E+00    0.416007012202238820E+04   -0.128039616182915657E-03    0.399153528589280271E-01
    0.410841377526937174E-05   -0.588874164334616701E+01    0.120336672717250948E+01    0.649456109196287601E+00    0.489017956938911448E+04   -0.110630476678806619E-03    0.152307822982283708E+00
    0.418263650067184984E-05   -0.592845744981411560E+01    0.187849282415589247E+01    0.891217004906417087E+00    0.453347475028882673E+04    0.550499576408131379E-03    0.302838261239313455E+00
    0.418059045395744818E-05   -0.593138510781064188E+01    0.161957364082336430E+01    0.977728858590126038E+00    0.491784562182426453E+04    0.361055838105355060E-04    0.260870516300201416E+00
    0.418278948287406237E-05   -0.593634309956284589E+01    0.143235309123992938E+01    0.671132795512676239E+00    0.444522963362932205E+04    0.370285081949280189E-03    0.937594890594482422E+00
    0.418871639716387324E-05   -0.594308129658168394E+01    0.866780918468878392E+00    0.883680653169205854E+00    0.477000206822697328E+04    0.282123455012307816E-04    0.340107620059174331E-01
    0.459370537420736041E-05   -0.613157280978082664E+01    0.165784161090850835E+01    0.698594726622104645E+00    0.410569332039356232E+04    0.529064507472482010E-05    0.245535433292388916E+00
    0.489977378045709058E-05   -0.626448319442807833E+01    0.182638626098632817E+01    0.880675308406352997E+00    0.470342450845241547E+04    0.595477261471584690E-03    0.109727680683135986E+00
    0.490461832943464767E-05   -0.627036592571013074E+01    0.135710959628523931E+01    0.752091936128253202E+00    0.416265289277771080E+04    0.524999688265104515E-04    0.528984608877303350E-01
    0.506865610784887056E-05   -0.634006905079580196E+01    0.180163469314575186E+01    0.933318264782428741E+00    0.407634945058822632E+04    0.352138763778134429E-03    0.355009078979492188E+00
    0.524806760409755829E-05   -0.641354373770800290E+01    0.102248759269714351E+01    0.690655939280986786E+00    0.480163952153921127E+04    0.137512250357311143E-03    0.937185883522033691E-01
    0.538306450626037366E-05   -0.646824576650584415E+01    0.182530422210693355E+01    0.874779604375362396E+00    0.463766922497749329E+04    0.615085587755862125E-03    0.402321040630340576E+00
    0.561338857941771820E-05   -0.655594549490700818E+01    0.194066241507964299E+01    0.734191919379540314E+00    0.451488015589789484E+04    0.119599867795242964E-03    0.348472919201746278E+00
    0.564138966033200904E-05   -0.656980347850555280E+01    0.136661365032196036E+01    0.606528669595718384E+00    0.450184987074136734E+04    0.348031277082941717E-03    0.219493746757507324E+00
    0.587999607213071727E-05   -0.665656105864432490E+01    0.158031890365381411E+01    0.443415206783099092E+00    0.436635283818698281E+04    0.330641728947493466E-03    0.753788566223291934E+00
    0.614225196053936840E-05   -0.674773800830026715E+01    0.179152133003357639E+01    0.921865330646434389E+00    0.415291542466194096E+04    0.489977765858280062E-03    0.586888376028057990E+00
    0.634489419027748748E-05   -0.681656222072990303E+01    0.107791888663472402E+01    0.846131434576902985E+00    0.472500184483457724E+04   -0.147974413161120161E-03    0.774811442235855963E+00
    0.644152096584937224E-05   -0.685069699493907969E+01    0.937775876997432145E+00    0.706703845863033364E+00    0.453235528696362690E+04    0.122677664447713556E-03    0.440397410064522543E+00
    0.661481651242348041E-05   -0.690769798898447629E+01    0.818338656425476096E+00    0.857603080570697784E+00    0.472706515949964523E+04    0.281487900300257763E-03    0.794571042060852051E-01
    0.662765213571974739E-05   -0.691548134910862089E+01    0.177836209197376860E+01    0.890857739147119299E+00    0.477065821979562588E+04    0.458735343535520768E-03    0.843175117894870985E-01
    0.691420067127232809E-05   -0.700404110079819997E+01    0.192044226317203726E+01    0.788550890770066126E+00    0.408438947095133381E+04    0.889141218340843347E-04    0.432176712956688469E+00
    0.708033081651052177E-05   -0.705543388505340019E+01    0.180576035976409921E+01    0.895043075084686279E+00    0.475090731453895569E+04    0.477870427118127681E-03    0.322866916656494141E+00
    0.724338285667934460E-05   -0.710487555617406219E+01    0.119374320507049569E+01    0.758936926722526550E+00    0.464233451932668686E+04    0.180013360031935687E-03    0.869593024253845215E-01
    0.724263163274171402E-05   -0.710857437191011954E+01    0.197009558677673335E+01    0.776614181697368622E+00    0.482933350288867950E+04    0.525381977709629190E-03    0.646814882755279541E+00
    0.815903138664305499E-05   -0.735076228945974641E+01    0.168901860713958740E+01    0.824799217283725739E+00    0.392607069450616837E+04    0.374972625993905964E-03    0.239285290241241455E+00
    0.816782992370094622E-05   -0.735682413758538178E+01    0.194787487983703622E+01    0.636020854115486145E+00    0.442375425624847412E+04    0.131962366955880295E-03    0.395945012569427490E+00
    0.831322820110419734E-05   -0.739601988140449773E+01    0.185020809377559692E+01    0.901805072537316565E+00    0.457715506028164873E+04    0.569411999936724161E-03    0.327626336103144677E+00
    0.855316035693854923E-05   -0.745683181491757807E+01    0.187407142259609194E+01    0.875323415542889949E+00    0.436250211489326648E+04    0.499287033597598179E-03    0.335379291311945604E+00
    0.886927306142426223E-05   -0.753332204727252908E+01    0.183074304622689077E+01    0.846582526654714784E+00    0.417606346389736791E+04    0.375497667600939780E-03    0.126342336468854788E+00
    0.913910236228315991E-05   -0.759716696248831180E+01    0.163785886764526367E+01    0.945617601275444031E+00    0.430783938288688660E+04    0.915314938443627032E-04    0.796336293220520020E+00
    0.912934474757442958E-05   -0.759893671657753167E+01    0.187221566187291999E+01    0.870456451640647777E+00    0.463060835381570905E+04    0.628233871501922454E-03    0.566901151423432004E+00
    0.921320437692909004E-05   -0.762113054766976461E+01    0.164850877763233239E+01    0.933762847954540343E+00    0.418954146566007876E+04    0.325332718452305577E-03    0.789046108520098377E-01
    0.942950834919046615E-05   -0.767144928763949796E+01    0.183101081848144531E+01    0.465089298784732819E+00    0.479721507811546326E+04    0.840192640697534193E-04    0.834944844245910645E-01
    0.982399467004631049E-05   -0.775732327855466419E+01    0.183442882502844529E+01    0.906790549087649111E+00    0.487114546176083422E+04    0.249251193098684154E-03    0.767630562696012042E+00
    0.100427836645965601E-04   -0.780528253736320377E+01    0.188120331764221183E+01    0.480638876557350159E+00    0.489452988106012344E+04    0.638250163244585014E-04    0.743410587310791016E+00
    0.101801351671634938E-04   -0.783635669833697524E+01    0.155237522125244132E+01    0.943182006478309631E+00    0.394142345058917999E+04    0.292400009411932990E-03    0.194365859031677246E+00
    0.102169615378349410E-04   -0.784748484098553334E+01    0.149198781136888670E+01    0.538705839813646170E+00    0.448735559887733416E+04    0.623593962339944905E-03    0.897363026447849710E+00
    0.102867415215385752E-04   -0.786500429108102761E+01    0.182710258960723881E+01    0.989428997039794922E+00    0.486419995325803757E+04    0.491878961820911716E-03    0.839824616909027100E+00
    0.103312854076570669E-04   -0.787755229047327266E+01    0.808415555953979514E+00    0.681370429694652557E+00    0.489059578388929367E+04    0.601957495262944666E-03    0.181934177875518799E+00
    0.106740474952611756E-04   -0.794673577588069868E+01    0.157919380664825448E+01    0.987499348819255829E+00    0.438063150769472122E+04    0.111661823880216640E-03    0.235734701156616211E+00
    0.108651953758907742E-04   -0.798614056219601487E+01    0.154516558647155766E+01    0.896262802183628082E+00    0.424021571624279022E+04    0.265021648136056051E-03    0.668893992900848389E+00
    0.108703375644784697E-04   -0.799099313151516633E+01    0.177309098243713370E+01    0.662229262292385101E+00    0.458422148340940475E+04    0.163775559613813090E-03    0.780758261680603027E-01
    0.110244535571957849E-04   -0.802305558309649136E+01    0.140650146007537846E+01    0.972961038351058960E+00    0.424408751410245895E+04    0.181100898894294703E-03    0.126858949661254883E-01
    0.111144947032541209E-04   -0.804323029200756601E+01    0.149914334890914835E+01    0.597978734029900538E+00    0.426132167888434105E+04    0.428037806336158957E-03    0.976930524776173481E+00
    0.112858140055212432E-04   -0.807772944944351323E+01    0.105986919663132206E+01    0.673292541828532487E+00    0.483632420911283225E+04   -0.626709861854290984E-03    0.117171420494237885E+00
    0.113030893118957968E-04   -0.808469477840803918E+01    0.171578920283482939E+01    0.443367760741909089E+00    0.497267315625047922E+04    0.265876893228127545E-03    0.639740837555285657E+00
    0.114115795011845297E-04   -0.810770604202924794E+01    0.171033833850599648E+01    0.962204824451296514E+00    0.471839345370354476E+04    0.552628491972497024E-03    0.345715892289312099E+00
    0.120656615988987606E-04   -0.822308218840496608E+01    0.158148798047835770E+01    0.998703101336001930E+00    0.426691905405161833E+04    0.789513747200917609E-03    0.508936610121818567E+00
    0.120904675670038992E-04   -0.823109604631752134E+01    0.186161440354672725E+01    0.461166634263193487E+00    0.472963133530188134E+04    0.661964393474523058E-03    0.756264656893963383E+00
    0.120949102705145753E-04   -0.823573707145158629E+01    0.146302182674407977E+01    0.995754607021808624E+00    0.470368235009908676E+04    0.187672094460447983E-03    0.867950260639190674E+00
    0.121206157661834541E-04   -0.824388944111630195E+01    0.196369588227640834E+01    0.735648752784217708E+00    0.435011972531621814E+04    0.527953645309292715E-03    0.947277418052157039E+00
    0.126056982993236641E-04   -0.832627803623987717E+01    0.161645634174346942E+01    0.450175374746322632E+00    0.416263280421495438E+04    0.229942406002401039E-03    0.754595577716827393E+00
    0.126791848934869294E-04   -0.834180969902330460E+01    0.105945422649383536E+01    0.692560814321041107E+00    0.482377902746200562E+04   -0.326008822026728072E-03    0.118463397026062012E+00
    0.133759433592724850E-04   -0.845270826449218227E+01    0.163613183947575935E+01    0.968172684180669041E+00    0.415007005468414172E+04    0.488201000516710871E-03    0.374060778777004166E+00
    0.133790321552569983E-04   -0.845707630463605042E+01    0.114123285985347378E+01    0.947870506545312130E+00    0.492227817357109052E+04    0.237207400258693886E-03    0.980158433338247037E+00
    0.139537378009753964E-04   -0.854509995103244968E+01    0.195549154431314998E+01    0.563170233709257451E+00    0.480177378427359963E+04    0.422069207950572967E-04    0.727415456329868482E+00
    0.141778320072183733E-04   -0.858087060788914080E+01    0.172336654663085942E+01    0.968752779066562653E+00    0.474841355359554291E+04    0.216508719667684923E-03    0.895077586174011230E-01
    0.143945673581491953E-04   -0.861511935804121620E+01    0.126131348591191128E+01    0.712712763870627541E+00    0.492966101330329093E+04    0.106228367378881944E-04    0.215125861118832723E+00
    0.144962089644778080E-04   -0.863309819986703353E+01    0.195509231090545654E+01    0.503964729607105255E+00    0.482741325330734253E+04    0.584238470837569182E-03    0.333467781543731689E+00
    0.144937362252397097E-04   -0.863666326408998941E+01    0.112505512237548833E+01    0.659659579396247864E+00    0.446016477566957474E+04    0.312561337094983429E-03    0.695911049842834473E-01
    0.147350629225412639E-04   -0.867359614375014587E+01    0.166925072669982910E+01    0.872338585555553436E+00    0.459653945821523666E+04    0.401636165748698486E-03    0.540575206279754639E+00
    0.147948436895040335E-04   -0.868560006224789305E+01    0.151164718143741483E+01    0.629779910126543219E+00    0.471459917558749839E+04    0.157574274542306972E-03    0.317065974044784607E-01
    0.147947681429499492E-04   -0.868949609966990977E+01    0.162555968761444092E+01    0.944285169243812561E+00    0.444191852957010269E+04    0.473966386872948223E-04    0.550803065299987793E+00
    0.148047873588568181E-04   -0.869475631814946404E+01    0.166659353598214643E+01    0.984403963092460255E+00    0.459311166326552484E+04    0.213419443546243582E-03    0.915402090926515144E+00
    0.148883510348190517E-04   -0.870991956570388481E+01    0.150584306090970310E+01    0.477865671629925159E+00    0.426226453367752401E+04    0.212554547961431002E-03    0.816082320110626092E+00
    0.150786672994693454E-04   -0.873922958744912393E+01    0.144445910666847932E+01    0.992194098686750126E+00    0.490628224900187433E+04    0.634028828827540693E-03    0.978524656645053281E+00
    0.150835294763888884E-04   -0.874378064153920143E+01    0.139794599972562272E+01    0.978583030501386952E+00    0.441968842279267028E+04    0.417751851138312830E-03    0.413622281176904083E+00
    0.155089266539445882E-04   -0.880331166345083282E+01    0.175735902970183377E+01    0.842588616550206670E+00    0.432973699208622838E+04    0.288391333431344835E-04    0.251941539782600199E+00
    0.159279119049729931E-04   -0.886053244267109541E+01    0.180415215994160394E+01    0.996676830401039604E+00    0.424908853015434488E+04    0.521329224710895137E-03    0.652653162223864047E+00
    0.159795468023897209E-04   -0.887091178010360082E+01    0.139781206862400742E+01    0.808111007934628756E+00    0.460606276867125598E+04   -0.267368919969118875E-03    0.102845174158745570E+00
    0.163557758466425177E-04   -0.892136106633818216E+01    0.157438406944274911E+01    0.523739151656627655E+00    0.477822451919317245E+04    0.368820154282235000E-03    0.871317803859710693E+00
    0.163940075644692257E-04   -0.892993687212901754E+01    0.110363995081025923E+01    0.927979926301681246E+00    0.419754752633641147E+04    0.219856205062518171E-03    0.980580071802224063E+00
    0.165317563849616170E-04   -0.895057769197764586E+01    0.151045873165130606E+01    0.916867829859256744E+00    0.445867525577545166E+04    0.502817701135704637E-03    0.761143147945404053E+00
    0.167666648419873327E-04   -0.898270298005323653E+01    0.178022322654724130E+01    0.932237319648265839E+00    0.480672093951702118E+04    0.330103518949505337E-04    0.214974045753479004E+00
    0.167411497946137970E-04   -0.898356336716043380E+01    0.160321234030379012E+01    0.913675282624274221E+00    0.486373535082807575E+04    0.111654653486884775E-03    0.110812081300322302E-01
    0.172479997634486598E-04   -0.904712248285740195E+01    0.188841604813478825E+01    0.875456676953231039E+00    0.484924917332812583E+04    0.386547118279353702E-03    0.981031395408976548E+00
    0.177799011980502368E-04   -0.911177371714414619E+01    0.186404151603793800E+01    0.468240536814426900E+00    0.479812890450287432E+04    0.258650686680278799E-03    0.645158225681487063E+00
    0.180977477547229712E-04   -0.915111761501081844E+01    0.130996331197709881E+01    0.441701103520511673E+00    0.398242646437636495E+04    0.854413196647251156E-03    0.639583575192776088E+00
    0.180828214676462260E-04   -0.915337366566410537E+01    0.171363649368286142E+01    0.855111420154571533E+00    0.419590957885980606E+04    0.946635689883015548E-04    0.212764739990234375E+00
    0.180512420062366011E-04   -0.915378410407653220E+01    0.185883093881638217E+01    0.930818723710613360E+00    0.464337296973493358E+04    0.440076539001473628E-03    0.201264075458822134E+00
    0.180341775863542121E-04   -0.915579879550838527E+01    0.153855001747644682E+01    0.975917864977176253E+00    0.399203251843883527E+04    0.445945244072583542E-03    0.237181938560351663E+00
    0.180448043512836195E-04   -0.916088321237074332E+01    0.196607663631439200E+01    0.765366271138191223E+00    0.451901824933290482E+04    0.430079131666771006E-03    0.698625147342681885E+00
    0.184374219106313944E-04   -0.920783866830466202E+01    0.141795556545257573E+01    0.448498882353305817E+00    0.455926330626010895E+04    0.515182380263033072E-03    0.146105885505676270E+00
    0.186538613622750033E-04   -0.923508645725947730E+01    0.143420853614807120E+01    0.783172972500324249E+00    0.430480966901779175E+04   -0.245714455605589130E-03    0.453819930553436279E+00
    0.187762068126770652E-04   -0.925206731728117404E+01    0.151147538277387539E+01    0.995058154629499869E+00    0.411340414828381472E+04   -0.382843453079839658E-03    0.466081540480968171E-01
    0.187762844185730111E-04   -0.925598183367235094E+01    0.194188497066497812E+01    0.541495054960250854E+00    0.407777965199947357E+04    0.496721114208775131E-03    0.648630023002624512E+00
    0.187589987619849227E-04   -0.925804601334860067E+01    0.100836353684189595E+01    0.732455641278404013E+00    0.489244631863506038E+04   -0.218156323820327869E-03    0.587649084106453626E-01
    0.189549472732903140E-04   -0.928273505540620469E+01    0.185790246325903019E+01    0.888629595207277467E+00    0.487495071505043870E+04    0.596102551973833874E-03    0.804065361918094412E+00
    0.192134675476976918E-04   -0.931373430667226287E+01    0.189914744512123490E+01    0.554957771999952332E+00    0.493172988841642746E+04    0.880381739778810380E-04    0.139153983485051952E+00
    0.193367121336769273E-04   -0.933042856512089891E+01    0.187514774932503125E+01    0.936201657232085926E+00    0.495524838340820224E+04    0.699821856869760578E-03    0.532607990287353505E+00
    0.193777978956343200E-04   -0.933857981549418170E+01    0.188046152591705318E+01    0.481222219765186310E+00    0.425341810280084610E+04    0.661391980782300641E-03    0.765591204166412354E+00
    0.195813671762066563E-04   -0.936338704043954451E+01    0.139723060295135904E+01    0.898193786367741498E+00    0.458437103016520905E+04    0.644041318021373378E-03    0.965731238171998241E+00
    0.196826160227875248E-04   -0.937760799238795428E+01    0.182165984485124843E+01    0.934306156284254619E+00    0.480842120567765869E+04    0.609852896789900615E-03    0.939421769979907229E+00
    0.199351040331538649E-04   -0.940700701970948394E+01    0.192866720096850019E+01    0.577384066583490618E+00    0.488308665107311390E+04    0.695228691324968726E-03    0.131133549946344269E+00
    0.200444741824488672E-04   -0.942185589862270945E+01    0.142449254792347979E+01    0.958378813954663178E+00    0.406454410295658727E+04    0.167624451151597207E-03    0.373239004322473256E+00
    0.200683796447702870E-04   -0.942814596955497741E+01    0.148424797058105473E+01    0.935165822505950928E+00    0.449649958205223083E+04    0.196335421238605232E-03    0.964505553245544434E+00
    0.200612910919600420E-04   -0.943134565478591469E+01    0.113571728916050074E+01    0.830657330237760894E+00    0.472336516608255351E+04    0.373844547543264168E-03    0.778845945609324686E-01
    0.200753493109787900E-04   -0.943665294079217887E+01    0.190562379360198975E+01    0.457234844565391541E+00    0.484701279544830322E+04    0.446640659652918924E-03    0.528352499008178711E+00
    0.203184138276923770E-04   -0.946462899083900311E+01    0.146442093849182120E+01    0.906400091946125031E+00    0.416106906169652939E+04    0.140607619597063927E-03    0.639081537723541260E+00
    0.205489248792530655E-04   -0.949109736535845627E+01    0.122119079121503060E+01    0.664393814773326707E+00    0.454717383771412733E+04   -0.614869930421804581E-03    0.844866931214500183E+00
    0.206194561419977088E-04   -0.950185657678198403E+01    0.171422514915466317E+01    0.883309558033943176E+00    0.461525697326660156E+04    0.264455569207595854E-03    0.495007753372192383E+00
    0.206473209825691313E-04   -0.950846377381472152E+01    0.138765791783145787E+01    0.992391569345711266E+00    0.461107597841944153E+04    0.237951994832963430E-03    0.855909326043033714E+00
    0.207736236420697545E-04   -0.952456704656225028E+01    0.140830776691436776E+01    0.442185267806053162E+00    0.466378426158428192E+04    0.131294678681466309E-04    0.164800286293029785E+00
    0.207499613097389080E-04   -0.952619388500184172E+01    0.154874343772077427E+01    0.871160642521668693E+00    0.413325870363281319E+04    0.213980686792712498E-03    0.201575697835158968E+00
    0.215101909753623034E-04   -0.960206501420510428E+01    0.170163169149277227E+01    0.705718717402678664E+00    0.498116814711979805E+04    0.549109394209852577E-03    0.516842047793766943E-02
    0.215916537597847489E-04   -0.961353130085053209E+01    0.135341789722442618E+01    0.865308791399002075E+00    0.441402453464269638E+04   -0.999439083952103052E-03    0.777688145637512207E+00
    0.216803446656213024E-04   -0.962563601944533787E+01    0.143085268273193789E+01    0.851266586179733054E+00    0.471102088973061018E+04    0.675234984882323787E-04    0.990967888248659445E-01
    0.217210513964145639E-04   -0.963329392228816062E+01    0.193622059199194263E+01    0.768912110196913856E+00    0.453690088303451193E+04    0.937140741987243039E-04    0.561420773508168325E+00
    0.221913224760228422E-04   -0.968003903684672906E+01    0.135590389365312691E+01    0.899366931406906933E+00    0.490006972585845415E+04   -0.515280352198457586E-03    0.427887772166211766E+00
    0.222549337614632289E-04   -0.968967007307236727E+01    0.139464055603656290E+01    0.954440677119469338E+00    0.430235476714704146E+04   -0.413830971329307853E-03    0.297840743281347409E+00
    0.223071001203434717E-04   -0.969825890850802530E+01    0.162655620918155464E+01    0.984947862067272806E+00    0.496931560207362054E+04    0.471989218276129386E-04    0.612613653075751552E+00
    0.223698594997053849E-04   -0.970778411030565991E+01    0.821282415543274524E+00    0.683447955639121751E+00    0.426188354118526604E+04   -0.323011237962334843E-03    0.185084046017972320E+00
    0.223757703706057963E-04   -0.971221875791252387E+01    0.166885543133484249E+01    0.588328444517546401E+00    0.441901700377716952E+04    0.998692537320181999E-04    0.772574390185320203E-01
    0.227078765101142262E-04   -0.974559131508803489E+01    0.144172993603844546E+01    0.858151392872669838E+00    0.474953105301521009E+04   -0.504478326163121079E-03    0.257077158778531156E+00
    0.227322481154617278E-04   -0.975164294720440417E+01    0.161071698665618901E+01    0.975884586572647095E+00    0.451543976497650146E+04    0.394908976456279895E-03    0.528644382953643799E+00
    0.228606244399373203E-04   -0.976681206848643946E+01    0.171995977837500247E+01    0.945076173423011201E+00    0.432248413240429272E+04    0.200488229647166133E-03    0.744152016829938479E+00
    0.232210915275535790E-04   -0.980200833731799115E+01    0.182684345784731139E+01    0.822897999156960158E+00    0.467589065016777568E+04    0.372896591219743629E-03    0.500274792262975110E+00
    0.233063066053366364E-04   -0.981324060824195854E+01    0.181327887247496400E+01    0.734980894737000345E+00    0.449311726841121890E+04    0.809169878226281619E-04    0.236147880472790089E+00
    0.237061742612395696E-04   -0.985116993396208329E+01    0.149728193283081046E+01    0.464140668511390686E+00    0.464613239264488220E+04    0.320671019742831684E-03    0.755676984786987305E+00
    0.236822913741521158E-04   -0.985306025972494837E+01    0.126030515501831819E+01    0.995072698499233188E+00    0.439714456371169672E+04    0.138601087450549836E-03    0.578536272438825105E+00
    0.237086832585130349E-04   -0.985919409734420071E+01    0.146708827328217861E+01    0.907818221144337967E+00    0.447287827206557540E+04   -0.314354836071520114E-04    0.500294997219966509E+00
    0.237441094960410404E-04   -0.986608657783160936E+01    0.102487776279449472E+01    0.677449852228164673E+00    0.413758639454841614E+04    0.649206584492724448E-03    0.190249443054199219E+00
    0.243789162989811683E-04   -0.992276121614211704E+01    0.139133574962615958E+01    0.986027456820011139E+00    0.479860205751657486E+04    0.351569796003263054E-04    0.893647849559783936E+00
    0.244137111151239441E-04   -0.992951993167926972E+01    0.175548703670501705E+01    0.478626929223537445E+00    0.422432372832298279E+04    0.201018950469638398E-03    0.120289504528045654E+00
    0.245618874012879478E-04   -0.994552826865944972E+01    0.150757324695587158E+01    0.859162643551826477E+00    0.393402056354284286E+04    0.772021840145499516E-03    0.295792818069458008E-01
    0.247589050530074148E-04   -0.996541306968100216E+01    0.106219187819578886E+01    0.842290068680790260E+00    0.412282562169475113E+04   -0.281159312193447373E-03    0.730829244733777639E+00
    0.250561736889372277E-04   -0.999318937446195221E+01    0.185319401085825897E+01    0.763899606460756719E+00    0.442115397848191787E+04    0.197402077092769510E-03    0.454256652017607676E+00
    0.252402644016444848E-04   -0.100117361470719253E+02    0.129691348075866708E+01    0.812249541282653809E+00    0.479313193953037262E+04    0.370199689429726671E-03    0.204720497131347656E+00
    0.255630853052687344E-04   -0.100410600319707299E+02    0.192149347201164566E+01    0.535819823981408483E+00    0.465250837290286199E+04    0.189388802864767341E-03    0.769814251493501689E+00
    0.258340889021287214E-04   -0.100660574110093890E+02    0.190747322603185343E+01    0.802883757375213003E+00    0.437106375697811563E+04    0.249105291481478488E-04    0.961474588466799895E+00
    0.262806935312870655E-04   -0.101042430375289598E+02    0.147256927490234379E+01    0.925376713275909424E+00    0.395620299339294434E+04    0.443353479255657250E-03    0.529382050037384033E+00
    0.264907384707240907E-04   -0.101240704813035958E+02    0.160772873175830044E+01    0.962755672828009890E+00    0.450983779952166697E+04    0.711144174759237094E-05    0.689166153666202042E+00
    0.266571987696045956E-04   -0.101405048444779915E+02    0.185315713722940556E+01    0.766634549964884227E+00    0.420184829241060561E+04    0.163555808743670031E-03    0.238816577556550030E+00
    0.269228184892623223E-04   -0.101642410168448887E+02    0.145300155699052258E+01    0.986698374559857871E+00    0.493891778149720540E+04    0.514096406019179763E-04    0.221899256659428244E-01
    0.283659573329036111E-04   -0.102725783522496243E+02    0.126670515537261963E+01    0.787420764565467834E+00    0.418939289206266403E+04   -0.304427307526230302E-03    0.122148752212524414E+00
    0.283552016336492087E-04   -0.102757261058028249E+02    0.148430390357971209E+01    0.898301504552364349E+00    0.481067172932624817E+04    0.185208946008065008E-03    0.685410618782043457E+00
    0.286499556526728167E-04   -0.103003151613532893E+02    0.147135157839580133E+01    0.961632211811627169E+00    0.484374491576131368E+04    0.360679799512278519E-03    0.109670921717972547E+00
    0.293312853228777588E-04   -0.103512270305024696E+02    0.132233846187591553E+01    0.967045828700065613E+00    0.464672527939081192E+04   -0.782236288790990643E-03    0.159416735172271729E+00
    0.293441138494592576E-04   -0.103560078226081398E+02    0.173675777912139884E+01    0.998816728591918945E+00    0.494156168782711029E+04    0.513508815029450807E-03    0.683086335659027100E+00
    0.295627487642535849E-04   -0.103747602829840844E+02    0.154356019496917729E+01    0.893676012754440308E+00    0.463093076455593109E+04    0.146680222300539330E-03    0.764895319938659668E+00
    0.295424093993437575E-04   -0.103772900463055127E+02    0.127568933963775644E+01    0.827928356826305389E+00    0.407676855504512787E+04    0.113590500614215218E-03    0.227929830551147461E+00
    0.300980613201117204E-04   -0.104184641442554131E+02    0.157947392980142176E+01    0.870737842906955217E+00    0.421740401144119915E+04    0.668847686603535395E-03    0.950746403800701634E+00
    0.302635856381105514E-04   -0.104333392621535133E+02    0.132197344065309630E+01    0.898540128544274563E+00    0.458197164094323489E+04    0.725534405338814362E-04    0.104819915577314664E-01
    0.302611605627300974E-04   -0.104370852421459759E+02    0.155414798259735099E+01    0.932978324592113495E+00    0.499854111474752426E+04    0.344256853941698852E-03    0.595669746398925781E-01
    0.302859134177103776E-04   -0.104426267722499695E+02    0.179013936621224179E+01    0.610293253446489770E+00    0.448328258396014826E+04    0.330076464739722511E-03    0.747150182977169702E-01
    0.302611966174795443E-04   -0.104449001250505003E+02    0.138506324291229266E+01    0.948350526392459869E+00    0.423929464030265808E+04   -0.103105122709584609E-03    0.964663207530975342E+00
    0.303751251961111649E-04   -0.104563219175034909E+02    0.127757754325866690E+01    0.849258117377758026E+00    0.458405813401937485E+04   -0.766951073754310367E-03    0.255469977855682373E+00
    0.306430859837587325E-04   -0.104777942354063036E+02    0.140530510234886030E+01    0.859739859257170336E+00    0.497185776616132080E+04   -0.444391610518205795E-03    0.215581088092125089E+00
    0.307811286745903875E-04   -0.104906899644905582E+02    0.149975038063070221E+01    0.953886108636669450E+00    0.465124239054650388E+04    0.207259389464731409E-03    0.769524966955101197E+00
    0.307983926354978642E-04   -0.104957176237508847E+02    0.118852130560877223E+01    0.955521566851700976E+00    0.402362704794785304E+04   -0.242835973419089558E-03    0.878431533636169881E+00
    0.311150085472768011E-04   -0.105200794562751589E+02    0.130653102397918719E+01    0.769059874117374420E+00    0.450250922995805740E+04   -0.255879449543967841E-03    0.249632477760314941E+00
    0.312506566034265919E-04   -0.105326858953763338E+02    0.192644357517257636E+01    0.667569700417247058E+00    0.446242821883753368E+04    0.314105767562799821E-04    0.694099159584366299E+00
    0.312569092622897764E-04   -0.105369922671085909E+02    0.165378868579864502E+01    0.852188132703304291E+00    0.470903025412559509E+04    0.192648058299636158E-03    0.686943531036376953E-03
    0.315449464553832585E-04   -0.105592444216678132E+02    0.135929808616638192E+01    0.882626704871654510E+00    0.449596511954069138E+04   -0.213705079982951158E-03    0.384774804115295410E-01
    0.320415433551869686E-04   -0.105943904521887688E+02    0.190653708729722648E+01    0.580323261125996082E+00    0.436902468033304194E+04    0.327577992749076777E-04    0.645624152299502763E+00
    0.324643965446324708E-04   -0.106245181166586615E+02    0.151828792610550933E+01    0.779290931587658275E+00    0.428117104068120443E+04   -0.306171156549207022E-03    0.207752265626694133E+00
    0.330486764134119078E-04   -0.106640994058138148E+02    0.153083844735714569E+01    0.479510268746349388E+00    0.491942229135847083E+04    0.497953174798876201E-03    0.728147663005279389E-01
    0.332169234742987009E-04   -0.106781615993322863E+02    0.143013023557871666E+01    0.887863446052894800E+00    0.445941217046317706E+04    0.175364187561568799E-03    0.184217547984975062E-01
    0.331674947034880905E-04   -0.106790895130719452E+02    0.127367034476304486E+01    0.848225557019509857E+00    0.482162938972845041E+04   -0.911400109515583432E-04    0.380767449592647120E-01
    0.337118896894294111E-04   -0.107155562906555559E+02    0.126658849716186528E+01    0.930563904345035553E+00    0.470687660568952560E+04   -0.104336854621715341E-03    0.283882021903991699E-01
    0.345880640943891808E-04   -0.107707786791899327E+02    0.156483593989072922E+01    0.687650233997865623E+00    0.463512554451718279E+04   -0.931564974982948123E-04    0.356735265916430122E+00
    0.346308310197136334E-04   -0.107771563312945471E+02    0.140527830262903874E+01    0.731840015768045804E+00    0.419264887254730365E+04    0.513401964239679123E-03    0.363956217380653146E+00
    0.351575072290535002E-04   -0.108112502155963579E+02    0.154503766826201216E+01    0.920933037610380478E+00    0.454606280921657890E+04    0.138911370719320231E-03    0.421358372508956747E+00
    0.351212669521190588E-04   -0.108130938069590528E+02    0.188730280399322514E+01    0.470839858055114746E+00    0.420437393885850906E+04    0.278168864526153164E-03    0.479371666908264160E+00
    0.354208354078020140E-04   -0.108339868065170712E+02    0.148825272807588838E+01    0.860706436236680306E+00    0.472030740888575383E+04    0.297023304380119679E-03    0.743979024840022318E+00
    0.353990103686476970E-04   -0.108366603489557285E+02    0.113024694794040581E+01    0.767028764694354437E+00    0.472255648707448290E+04   -0.171329062878425488E-03    0.790486386599439594E+00
    0.355527734715456768E-04   -0.108492352094004687E+02    0.117542185783386222E+01    0.954278513789176941E+00    0.475551269423961639E+04   -0.117345550455851813E-02    0.769609212875366211E-02
    0.361159222196561256E-04   -0.108845727744682694E+02    0.149867310342960836E+01    0.839901039519152737E+00    0.422031721656469381E+04    0.217480334737346116E-03    0.449654677241282719E+00
    0.368215747893190857E-04   -0.109271792605012976E+02    0.126421191599457639E+01    0.812519727501552991E+00    0.425046084996349964E+04    0.527225690112364045E-03    0.603642332516023061E+00
    0.369876231432412480E-04   -0.109400843149162199E+02    0.175297913753079282E+01    0.455451719507051822E+00    0.479280770582491186E+04    0.108349063032370913E-02    0.131010191990287184E+00
    0.374326088457438511E-04   -0.109679083084591564E+02    0.130760855674743670E+01    0.978289984166622162E+00    0.460402640461921692E+04    0.323838931262236988E-03    0.637346506118774414E+00
    0.377048462284016459E-04   -0.109863073875635919E+02    0.138425034439147465E+01    0.995753491364956056E+00    0.474842978470523849E+04   -0.362917270090118817E-03    0.768950808959532939E+00
    0.381333399144050225E-04   -0.110128142965499354E+02    0.138976249810937480E+01    0.935156616018758213E+00    0.494254242187254658E+04    0.521429700380568440E-03    0.818815946546613049E+00
    0.382344448972747622E-04   -0.110220162372494261E+02    0.142441826768402313E+01    0.840846439923669475E+00    0.497095321145255275E+04   -0.220664646779669536E-03    0.651337519182973099E-02
    0.385503883247075764E-04   -0.110423812172986331E+02    0.133233237266540527E+01    0.980127371847629547E+00    0.428180363631248474E+04   -0.180432203919907635E-03    0.576657831668853760E+00
    0.386612017091625103E-04   -0.110520282355169712E+02    0.140362852136321736E+01    0.794899180445859943E+00    0.467518898145500589E+04   -0.932502895679598371E-04    0.789580490860784384E-01
    0.391786009282882940E-04   -0.110825227769440282E+02    0.149558687264329326E+01    0.889569430954924911E+00    0.480820748479713984E+04    0.283036634179726547E-03    0.446021509291938678E+00
    0.391132949361639617E-04   -0.110830924871118803E+02    0.140500736236572266E+01    0.462566606700420380E+00    0.490961555492877960E+04    0.538780628186199566E-04    0.722623825073242188E+00
    0.391219287699805951E-04   -0.110874401666083422E+02    0.146136865615844735E+01    0.953003242611885071E+00    0.498604667490720749E+04    0.586340944212796248E-03    0.426617264747619629E-01
    0.395942079655510105E-04   -0.111153458089670938E+02    0.174104590595202646E+01    0.861058285182828120E+00    0.442813681979012108E+04    0.120374095630874445E-03    0.814283889007717643E+00
    0.395391115367181434E-04   -0.111164670658399203E+02    0.167669974574594205E+01    0.948455132731856998E+00    0.480259744649637196E+04    0.334680934964199284E-03    0.712638855600745913E+00
    0.395206348427167134E-04   -0.111194384940028357E+02    0.138857135547985067E+01    0.940483206066236810E+00    0.430358277700322560E+04    0.101427941981529267E-03    0.291216698934907536E+00
    0.394443691020554082E-04   -0.111194814749309678E+02    0.151098272800445566E+01    0.832675367593765259E+00    0.440833353728055954E+04    0.167627563461955479E-03    0.865576863288879395E+00
    0.395984273474333289E-04   -0.111311839288800485E+02    0.139622840389376446E+01    0.724118714801996299E+00    0.433252926005072186E+04   -0.294241736628377644E-03    0.331789328174471598E+00
    0.399482680575412224E-04   -0.111526820078738762E+02    0.127745401859283447E+01    0.925240956246852875E+00    0.429198972272872925E+04   -0.564210376221290226E-03    0.832330107688903809E+00
    0.400216147786982879E-04   -0.111602569761024650E+02    0.149778489444020391E+01    0.952049555744529430E+00    0.432280042540376962E+04    0.187231684510184805E-03    0.915585555457401057E+00
    0.402103876949935570E-04   -0.111735745960703667E+02    0.975862431526184126E+00    0.746990725398063660E+00    0.492987177354097366E+04   -0.532690670715572109E-03    0.504233479499816895E+00
    0.403171665089597578E-04   -0.111827848132703238E+02    0.142672781944274907E+01    0.953178741037845612E+00    0.486692174756526947E+04    0.414217710073732650E-03    0.615521788597106934E+00
    0.402783521497737608E-04   -0.111847646850878952E+02    0.181257724761962891E+01    0.819858454167842865E+00    0.487625144201517105E+04    0.232106034234950043E-03    0.490975558757781982E+00
    0.403023342282149774E-04   -0.111898613979755641E+02    0.151364126502001306E+01    0.987593237578205829E+00    0.488685683983216495E+04    0.305159604208733661E-03    0.609768581442855506E+00
    0.403369705022760855E-04   -0.111954857320441352E+02    0.166226685742532188E+01    0.857756438917277042E+00    0.460598524045374052E+04    0.172759503505128383E-03    0.695566190578316479E+00
    0.403382468425944458E-04   -0.111994552649388126E+02    0.179979923984392087E+01    0.520450058106346036E+00    0.473168177931838545E+04    0.200445781725220115E-03    0.778135325681011264E-01
    0.407031334994983006E-04   -0.112213715301229602E+02    0.148886658333852129E+01    0.902632180017074903E+00    0.459824313120811439E+04   -0.546451588607087106E-03    0.635026597567559192E+00
    0.411618882435599840E-04   -0.112476931920485939E+02    0.189276607755595760E+01    0.614233322547629523E+00    0.457945828420420730E+04    0.444881527727545309E-03    0.195794835075339596E+00
    0.416642641159384360E-04   -0.112758614423420838E+02    0.154928109645843515E+01    0.923159435391426086E+00    0.450608413732051849E+04    0.570521973423553401E-03    0.913633704185485840E-01
    0.419567159293471944E-04   -0.112937571483675843E+02    0.161940530451231091E+01    0.917275641298285760E+00    0.484186142147781266E+04    0.637457707110473492E-03    0.573392772538864337E+00
    0.419969900379945206E-04   -0.112995822707400890E+02    0.137744583673098564E+01    0.989399454850237725E+00    0.457290574533286508E+04    0.507911497329924092E-03    0.317127522120896288E+00
    0.423805215514387666E-04   -0.113216703394554496E+02    0.912930369377136230E+00    0.725557021796703339E+00    0.495349364537000656E+04   -0.301092345812357289E-04    0.568978190422058105E-01
    0.423696925292674800E-04   -0.113250654864524343E+02    0.165057436389141365E+01    0.838936604758018567E+00    0.468680582911044894E+04    0.331882652251308172E-03    0.615827859701422065E+00
    0.428288902929182082E-04   -0.113505308842676023E+02    0.189899909496307373E+01    0.604083739221096039E+00    0.414231249779462814E+04    0.421765049591921442E-03    0.927157044410705566E+00
    0.434816420486484924E-04   -0.113846890251300223E+02    0.919062755815108101E+00    0.819614674029609747E+00    0.393418817248469213E+04    0.191336305603150898E-03    0.551975845661057396E-01
    0.436398707664649893E-04   -0.113958600200444753E+02    0.156946253776550293E+01    0.744100190699100494E+00    0.455791984695196152E+04   -0.151948475472421891E-04    0.997097492218017578E-01
    0.441230501087415080E-04   -0.114217885190474568E+02    0.130136307617883107E+01    0.910770823345650182E+00    0.426370410290798281E+04    0.473210319364326384E-03    0.284737625270652384E+00
    0.440892994055956032E-04   -0.114241643391256691E+02    0.177714097053843423E+01    0.488379789275540044E+00    0.429111579069586514E+04    0.117511892624146724E-03    0.619704449041726724E+00
    0.441150678683272033E-04   -0.114292391690615780E+02    0.188056209087371817E+01    0.501987516880035400E+00    0.411204844629764557E+04    0.375293339213607737E-03    0.388239979743957520E+00
    0.444503090462394828E-04   -0.114482864500477977E+02    0.159310551944872136E+01    0.926149852780041027E+00    0.434467543028340151E+04    0.145830493426081276E-03    0.492409252225590233E+00
    0.446546270463164102E-04   -0.114613647332540189E+02    0.155305285881136368E+01    0.791086081163325905E+00    0.475351307763552632E+04   -0.519425985807807030E-03    0.326825963505175399E+00
    0.454041007676974709E-04   -0.114985599733293817E+02    0.195200748443603511E+01    0.732714019715785980E+00    0.464405326491594315E+04    0.522343822111250044E-03    0.754380404949188232E+00
    0.457808898425529737E-04   -0.115189948742339112E+02    0.159231252642788146E+01    0.825591051058043091E+00    0.464181124042710871E+04    0.279250352956397167E-03    0.512716755222781151E+00
    0.459303050029868516E-04   -0.115294178986749269E+02    0.136321814950670861E+01    0.883261671113920732E+00    0.474674585058832145E+04    0.515897032985762204E-03    0.115192304588131594E+00
    0.462282201248049045E-04   -0.115462547444778991E+02    0.112767860889434823E+01    0.912487566471099854E+00    0.464892900574207306E+04    0.135689066340961514E-03    0.495058298110961914E-01
    0.463649025733824392E-04   -0.115560656467403842E+02    0.105807531199402893E+01    0.696829319723561769E+00    0.471788253698479639E+04   -0.103760833633414562E-02    0.171821019005424069E+00
    0.466095429079653090E-04   -0.115704969780318461E+02    0.134819476467784494E+01    0.866334860557086528E+00    0.414037980375802090E+04    0.433280995998439620E-03    0.195668942686949565E+00
    0.467001517466368186E-04   -0.115782874489581644E+02    0.156150436915572621E+01    0.966409043985439808E+00    0.475209349454978656E+04    0.241403179375494092E-03    0.614810751178955450E+00
    0.472377556614209240E-04   -0.116050858326667328E+02    0.131747478072623014E+01    0.886429126965041392E+00    0.407687315210011047E+04    0.689892153102098925E-03    0.793569838477777845E+00
    0.471713286507484338E-04   -0.116061776491990969E+02    0.132867863743107906E+01    0.940334765974261799E+00    0.418778190995454861E+04    0.160697143699244788E-03    0.976539520602125011E+00
    0.475693079841880233E-04   -0.116268868968789292E+02    0.130144162178039569E+01    0.935271173715591431E+00    0.479131005728244781E+04   -0.257776333505613622E-03    0.611606538295745850E+00
    0.475212997113814398E-04   -0.116287736718519525E+02    0.190499942604846129E+01    0.722586362356109735E+00    0.489329095276918179E+04    0.228221507487317681E-04    0.512529270547823379E+00
    0.476385983924013242E-04   -0.116376105173134867E+02    0.174503722190856925E+01    0.891651235520839691E+00    0.424940948492288589E+04    0.895435272183540227E-03    0.998180925846099854E+00
    0.479675759406465030E-04   -0.116552806836688561E+02    0.184546949863433829E+01    0.684549689292907715E+00    0.462284437358379364E+04    0.257943693675279984E-03    0.146584928035736084E+00
    0.482040808224291814E-04   -0.116690237345106667E+02    0.855758709096217540E+00    0.642559464267109970E+00    0.466436082162932144E+04   -0.623201509574441086E-04    0.219048273549818318E+00
    0.483323206052722201E-04   -0.116782436219108501E+02    0.178467778547041789E+01    0.502266701167494944E+00    0.476747342605525137E+04    0.435680885903051902E-03    0.950494814313122965E-01
    0.482637115712128702E-04   -0.116793088009454351E+02    0.145372931458208887E+01    0.507997631435676666E+00    0.478230669433912590E+04    0.257521374590616748E-03    0.828704298198696288E+00
    0.486851482002982440E-04   -0.117006031578155731E+02    0.137028337923053201E+01    0.998293896740432452E+00    0.425930617011386948E+04    0.253052171707631053E-03    0.798307945998678270E+00
    0.492526803148077118E-04   -0.117276889483794786E+02    0.156878771236759640E+01    0.904866690120431416E+00    0.483191490247075035E+04    0.624482513209173199E-04    0.610372627301942958E-01
    0.493111250511578606E-04   -0.117339670525498576E+02    0.991252803802490257E+00    0.669451400637626648E+00    0.490712686139345169E+04   -0.137300257940079835E-03    0.182397425174713135E+00
    0.492832361803108727E-04   -0.117367418434585797E+02    0.188469254360779148E+01    0.479124808888071130E+00    0.472162814777788753E+04    0.183052238588383244E-03    0.344673579191244306E+00
    0.497700867133031431E-04   -0.117603083911326678E+02    0.876009054469866988E+00    0.673006937903844360E+00    0.467559511726815163E+04   -0.158581689673787675E-03    0.369583131712395818E+00
    0.505674064973288113E-04   -0.117960008275875232E+02    0.911902475357055708E+00    0.640032283961772919E+00    0.496630375492572784E+04   -0.946286790029089958E-05    0.178377866744995117E+00
    0.505354032266091153E-04   -0.117986409101337237E+02    0.182927296940091710E+01    0.814968594023009141E+00    0.488668449849674471E+04    0.488451473285892997E-03    0.423947612957596254E+00
    0.505284197398273490E-04   -0.118022707610588373E+02    0.824895602278670981E+00    0.747975347284256853E+00    0.465542437263233205E+04   -0.301998683263472267E-03    0.319514212467877423E+00
    0.526031057260810045E-04   -0.118866554452790982E+02    0.176779320320786582E+01    0.746564177681083407E+00    0.477747066081744470E+04    0.459629719434581760E-03    0.834763717722141613E-01
    0.525893665146831400E-04   -0.118900392544168305E+02    0.188778921917015041E+01    0.792709824827507292E+00    0.462941496443813048E+04    0.826283415625448449E-04    0.682491976678183732E+00
    0.525861281534469889E-04   -0.118938223441218422E+02    0.107189848310628699E+01    0.657384655715006816E+00    0.464381493773651437E+04    0.415828491567081342E-03    0.597211574101275747E-01
    0.525687018858285806E-04   -0.118970657137663167E+02    0.163870758999047572E+01    0.488117015663282472E+00    0.453206814162092269E+04    0.996168077367777760E-04    0.647887510191067606E+00
    0.534187502966350657E-04   -0.119330537478040117E+02    0.950904011726379395E+00    0.710584163665771484E+00    0.493806547433137894E+04    0.254525895975427009E-03    0.441004872322082520E+00
    0.533664479514395969E-04   -0.119350008367878697E+02    0.144613220691680899E+01    0.720289722084999084E+00    0.427088665080070496E+04   -0.163014522167747499E-03    0.200732827186584473E+00
    0.539700019638632286E-04   -0.119613993668708076E+02    0.151573653221130389E+01    0.529994145035743713E+00    0.407390040206909180E+04    0.439841017952082874E-04    0.795847833156585693E+00
    0.544849115658655044E-04   -0.119842964935058500E+02    0.183765574502172102E+01    0.695560440571851513E+00    0.456031633796960159E+04    0.253952848952902061E-03    0.187698532553552483E+00
    0.552929427316476885E-04   -0.120176456858573388E+02    0.179931011199951163E+01    0.530420765280723572E+00    0.426948536342382431E+04    0.597165476651463829E-03    0.817074000835418701E+00
    0.552349234637444856E-04   -0.120194522201845757E+02    0.170935434816197818E+01    0.497108523356381504E+00    0.438142839296654165E+04    0.355056566918888485E-03    0.748756071030494130E+00
    0.551760339385579864E-04   -0.120212250032840515E+02    0.152351003110400951E+01    0.934633207648051800E+00    0.477415280061903013E+04   -0.108841530415398143E-02    0.741314544211019832E+00
    0.556644438241037784E-04   -0.120427570541294298E+02    0.143070092201232901E+01    0.928404361009597778E+00    0.473172419410943985E+04    0.206642620550011324E-03    0.363367378711700439E+00
    0.559377784562548169E-04   -0.120564600688569286E+02    0.824373357164674525E+00    0.831997775363623848E+00    0.455705112667530193E+04    0.471270247645661389E-03    0.488490140792474270E+00
    0.576514652352456603E-04   -0.121207176957165643E+02    0.141947176380730267E+01    0.974227500443055505E+00    0.499931377905941099E+04    0.978899550327076587E-04    0.875676185955622244E+00
    0.581866575690729654E-04   -0.121431047749631862E+02    0.138330236957577846E+01    0.910467909635989447E+00    0.472539967474711193E+04   -0.184890936562658482E-03    0.154205613739710423E+00
    0.583269668041631659E-04   -0.121518279484317979E+02    0.172478424296177613E+01    0.528893457460927752E+00    0.407338094737570191E+04    0.102040585006104098E-03    0.755384290811051295E+00
    0.595268564691039297E-04   -0.121964602807211566E+02    0.143784595495861556E+01    0.674180072327942415E+00    0.484004540504266424E+04    0.457591494062158457E-03    0.216437056225205815E+00
    0.594999451093039156E-04   -0.121994621508705823E+02    0.118480677394204670E+01    0.769704903866633594E+00    0.493966632096292597E+04   -0.386893971663765368E-03    0.104634898685114358E+00
    0.596381587493344725E-04   -0.122080088541784573E+02    0.140111099631032854E+01    0.997749854405289183E+00    0.494706424307544421E+04   -0.329652443509009839E-03    0.359724930983159108E+00
    0.598593032729481133E-04   -0.122193175969956354E+02    0.150838706493377694E+01    0.610488362610340118E+00    0.496396797788143158E+04   -0.364562102349052055E-03    0.766759514808654785E-01
    0.603369400281135701E-04   -0.122391191613986976E+02    0.156072207662948559E+01    0.897544551721494499E+00    0.498501061066661896E+04   -0.343947145149822925E-04    0.515676063524243999E+00
    0.604339061966565209E-04   -0.122462369874506916E+02    0.119261910915374747E+01    0.659058243036270142E+00    0.470103060525655746E+04    0.529687353903929639E-03    0.807823359966278076E+00
    0.603712037308189940E-04   -0.122480670844963022E+02    0.143670923039652187E+01    0.916077986733192073E+00    0.427278583137582336E+04   -0.197848001185015201E-03    0.309650755214395168E+00
    0.604812066962631114E-04   -0.122556142381550508E+02    0.133303274742122624E+01    0.886589376965532971E+00    0.470504957397099406E+04   -0.337639401656521015E-03    0.642397677045400406E+00
    0.608555882336309190E-04   -0.122718624236956941E+02    0.175729720592498784E+01    0.789775885641574860E+00    0.399822909522056580E+04    0.926278742082651205E-05    0.714310824871063232E+00
    0.612267398662938949E-04   -0.122879294108612811E+02    0.185121586322784415E+01    0.490294575691223145E+00    0.458465221309661865E+04    0.799964621952179984E-03    0.509788691997528076E+00
    0.616085530538940736E-04   -0.123042690391905722E+02    0.107496376654185610E+01    0.647166393808962903E+00    0.486837121148323604E+04   -0.149770331975401214E-03    0.325886152981325783E+00
    0.621317649144760028E-04   -0.123250886117777050E+02    0.131521590235298769E+01    0.885036497542998513E+00    0.451491029764018094E+04    0.103156669626862114E-04    0.701879291263871941E+00
    0.622216888028849816E-04   -0.123318873879245849E+02    0.141663924072205538E+01    0.905792898020371773E+00    0.431689615241084630E+04    0.435217335630672347E-03    0.610568160653954584E+00
    0.623148332629424239E-04   -0.123387853539571672E+02    0.175548472324820404E+01    0.808320041631482966E+00    0.495154830725754255E+04    0.593633927533266216E-03    0.239553011675391614E+00
    0.630240183373575774E-04   -0.123653244152074215E+02    0.825266988068504292E+00    0.920004636580833757E+00    0.412628342505349701E+04    0.118850420395955110E-03    0.500354312615232888E+00
    0.636276589267294700E-04   -0.123882954000224998E+02    0.131064766102834374E+01    0.994577262399248374E+00    0.450652469740055858E+04   -0.383637334063020098E-04    0.593923032703775777E+00
    0.637422380985625680E-04   -0.123957999634518092E+02    0.158477830886840820E+01    0.972987063229084015E+00    0.455656923365592957E+04    0.489993173495869238E-03    0.627500653266906738E+00
    0.642390677636401101E-04   -0.124152344863520980E+02    0.164138669468476461E+01    0.718671148305233931E+00    0.481992011201590594E+04    0.175497451220796421E-03    0.111161983053446614E+00
    0.645396513723774090E-04   -0.124284771905930320E+02    0.161560462296535645E+01    0.838251639489438816E+00    0.471681809224907738E+04   -0.519513843487995024E-04    0.769378005472062698E+00
    0.650957442539344954E-04   -0.124495422201021260E+02    0.151623860736138960E+01    0.949057047535897480E+00    0.477787422242150296E+04    0.499200410934493022E-03    0.212092866777836772E-01
    0.650123021357633282E-04   -0.124508831520630139E+02    0.159749036292676805E+01    0.856686455905580013E+00    0.482112513983797453E+04    0.103056177160853801E-03    0.924529858259650728E+00
    0.653067807897800674E-04   -0.124638281137735216E+02    0.133187797069549552E+01    0.907662637531757355E+00    0.435440916126966476E+04   -0.604344054783842975E-03    0.795186281204223633E+00
    0.652108118945644578E-04   -0.124647931844110147E+02    0.146464709854969932E+01    0.978980379993610317E+00    0.441335700468199775E+04    0.320110318577692516E-03    0.634669982238558639E+00
    0.651546394317507871E-04   -0.124669758959820829E+02    0.145809937948471813E+01    0.907167633616566271E+00    0.422904720333436489E+04    0.247023009555226263E-03    0.888793598036775490E+00
    0.657041376306258425E-04   -0.124876789231189669E+02    0.154442164897918710E+01    0.686449870467185974E+00    0.398191353160142899E+04    0.101110425704100320E-03    0.204260885715484619E+00
    0.666666445481043849E-04   -0.125206708630365338E+02    0.103769061471780710E+01    0.809414637005871240E+00    0.406048855835296445E+04   -0.266895542595696846E-03    0.333473965727243346E-01
    0.674787471425771022E-04   -0.125487930031408155E+02    0.122637331485748291E+01    0.663609832525253296E+00    0.436384705978631973E+04   -0.128962002984969276E-03    0.450872480869293213E+00
    0.675586543970973754E-04   -0.125550662200088148E+02    0.177709054946899414E+01    0.643398933112621307E+00    0.403811734700202942E+04    0.840402224212433635E-03    0.152308702468872070E+00
    0.676641684116104981E-04   -0.125620936601669690E+02    0.860950599349488921E+00    0.680585828681127603E+00    0.441642174844870806E+04   -0.267616328235849180E-03    0.200662441309494788E+00
    0.676493575760840740E-04   -0.125655620874001350E+02    0.136803786754608159E+01    0.836891502141952515E+00    0.434676154822111130E+04   -0.251969362837774040E-03    0.395678579807281494E+00
    0.680158787288582514E-04   -0.125802749981041551E+02    0.136254489470143914E+01    0.967079254353089501E+00    0.468044564282988631E+04   -0.382270142665093048E-03    0.989323918774598243E+00
    0.679547607866618522E-04   -0.125823832732904251E+02    0.837699294247951531E+00    0.900854268606323449E+00    0.445191472249637991E+04    0.397128622882102190E-03    0.621172114917238116E+00
    0.680897941832335588E-04   -0.125902597943812644E+02    0.185931057334346539E+01    0.547666312248162979E+00    0.421762564381474203E+04    0.270009872262609780E-03    0.310841520536385973E+00
    0.690395002792254362E-04   -0.126218689880635306E+02    0.146987082958221427E+01    0.888325840234756470E+00    0.456843352639675140E+04   -0.661548430930061575E-03    0.982173204421997070E+00
    0.694768902190223827E-04   -0.126384059857161137E+02    0.173114868434561808E+01    0.589459090840611988E+00    0.411281160715902115E+04    0.557613351702753389E-03    0.926100431325845408E+00
    0.694100007514911286E-04   -0.126403857911903224E+02    0.129944055080413823E+01    0.942202970385551453E+00    0.446327139490842819E+04    0.460438231341196551E-03    0.190381705760955811E+00
    0.700060450940285346E-04   -0.126613933144472615E+02    0.142160426206739610E+01    0.927658329616786514E+00    0.490216308393598956E+04    0.220395253065903106E-03    0.799774338047459676E+00
    0.699546242379496763E-04   -0.126638299842105511E+02    0.147229657537528347E+01    0.576230523453664656E+00    0.492772151402166492E+04    0.393508623621896677E-03    0.959631436887539380E+00
    0.699420914094657736E-04   -0.126673778890282804E+02    0.136782307624816912E+01    0.616016641259193420E+00    0.401256836968660355E+04   -0.106168904382543396E-04    0.639582633972167969E+00
    0.705931281668367694E-04   -0.126898144808626974E+02    0.133592102527618417E+01    0.739402830600738525E+00    0.405984371012449265E+04    0.665870853890394528E-03    0.610698044300079346E+00
    0.705909209763292843E-04   -0.126936581971551643E+02    0.187898552417755127E+01    0.641622617840766907E+00    0.465734418207406998E+04    0.785482641364441562E-04    0.391358256340026855E+00
    0.718662931501012323E-04   -0.127333760768304902E+02    0.125169173206583184E+01    0.822650926476076405E+00    0.450417370395356465E+04   -0.678401213659572157E-03    0.247462330951768394E+00
    0.718202632764029439E-04   -0.127360009299784185E+02    0.143044156804238964E+01    0.972295452854098463E+00    0.434469837875546727E+04   -0.133745094548323571E-03    0.509992719580992682E+00
    0.727923027932582438E-04   -0.127667943083354647E+02    0.142439590693001561E+01    0.699970492259273769E+00    0.466221736048319235E+04   -0.172027818137888625E-03    0.239028318888084290E+00
    0.731686959353751795E-04   -0.127810154775183626E+02    0.128748247623443612E+01    0.971914619207382202E+00    0.469956373965740204E+04   -0.269241408753157928E-03    0.647614717483520508E+00
    0.730995311924848137E-04   -0.127830302778329816E+02    0.119474425154049957E+01    0.849279344119424184E+00    0.470262700980252066E+04   -0.489813200761770023E-03    0.229483454272053133E+00
    0.731396183687645242E-04   -0.127880330106121853E+02    0.154931904262460063E+01    0.455104654392435970E+00    0.411625677308189825E+04    0.756428674686684304E-03    0.571489898479977332E+00
    0.731309106220684864E-04   -0.127917011334442066E+02    0.147234765806596624E+01    0.465325201861035209E+00    0.467517560830001730E+04    0.110514529520515549E-03    0.201309141168048350E+00
    0.738372527226585060E-04   -0.128148318882095822E+02    0.144389123076174419E+01    0.908593642057664130E+00    0.477734998968705622E+04    0.570933671280505171E-03    0.600419975034080580E-01
    0.738826983408213630E-04   -0.128199687267460902E+02    0.187652380827073384E+01    0.749205405744705288E+00    0.414011369726340035E+04    0.111422690591925067E-03    0.496536075448552439E+00
    0.744055445989013790E-04   -0.128379785473157835E+02    0.151982815791633108E+01    0.951426252679248852E+00    0.483620745243752026E+04    0.479828146641808520E-03    0.144152331310705428E+00
    0.748479692314506017E-04   -0.128537418294761494E+02    0.166067287921905526E+01    0.756258450448513031E+00    0.424878977072238922E+04    0.641199882234217821E-04    0.207256197929382324E+00
    0.761090159401259003E-04   -0.128910635863399570E+02    0.128942503748704373E+01    0.984317392548059167E+00    0.468192045061522822E+04   -0.273216850290818774E-03    0.582556360486368385E+00
    0.761113214466948407E-04   -0.128950304197445007E+02    0.131621891338531460E+01    0.899761279990304641E+00    0.413629596467012925E+04   -0.668044092385332175E-04    0.148782460439976283E+00
    0.768889052586452530E-04   -0.129192658031994405E+02    0.140436713695526127E+01    0.839406788349151611E+00    0.404672210401296616E+04   -0.278404170469997113E-03    0.456611216068267822E+00
    0.774059802026932182E-04   -0.129365769532570241E+02    0.178861006518447585E+01    0.584438835618741548E+00    0.412264636140989751E+04    0.390833030533608075E-03    0.861460266325272506E+00
    0.773130587707484776E-04   -0.129380808759485788E+02    0.189266407489776611E+01    0.524479061365127563E+00    0.432201650029420853E+04    0.167006896525906329E-04    0.439756393432617188E+00
    0.773972825208181460E-04   -0.129441647116920002E+02    0.150834463435137911E+01    0.799421169368735418E+00    0.422183448432649857E+04    0.417784457987942584E-03    0.657329500328395211E+00
    0.776625284662459320E-04   -0.129549133846888118E+02    0.127638585567474361E+01    0.716501407325267792E+00    0.424298013639450073E+04    0.134367994664522062E-03    0.464034795761108398E+00
    0.776109802336512989E-04   -0.129574917009048729E+02    0.169353613786197976E+01    0.462913072451814456E+00    0.422507434306782943E+04    0.584114911247748548E-04    0.371480535960392766E+00
    0.783683555976893482E-04   -0.129808205574263020E+02    0.153497550463685828E+01    0.793589836070725085E+00    0.417894105055554701E+04    0.431918173734891159E-03    0.526159800205874717E+00
    0.792895557932031336E-04   -0.130080992007600447E+02    0.150964906215667716E+01    0.442316278815269470E+00    0.480303544342517853E+04    0.626849625867382187E-03    0.391784071922302246E+00
    0.810750147188341215E-04   -0.130565422883122029E+02    0.129728097915649410E+01    0.913002692162990570E+00    0.426215699708461761E+04   -0.493515172670548142E-03    0.795409977436065674E+00
    0.815486088801091865E-04   -0.130720974116959496E+02    0.133810122579060331E+01    0.840607989865770344E+00    0.464742753548777091E+04    0.356969798420916137E-03    0.873160527174469681E+00
    0.830159834062946467E-04   -0.131116714416683315E+02    0.872606537084169687E+00    0.731002808321540631E+00    0.478612100351753998E+04    0.257480090810264834E-03    0.193559512385739929E+00
    0.831412412154693202E-04   -0.131185930967026145E+02    0.123025858243170405E+01    0.883643920805080696E+00    0.481096163946556317E+04   -0.994419388915412971E-03    0.292999063155253876E-01
    0.861596875759462923E-04   -0.131938224343335051E+02    0.154663235720703307E+01    0.475132797344457736E+00    0.393151252291830951E+04    0.705976571310231631E-03    0.177743490689705547E+00
    0.876633821648552128E-04   -0.132323324248489840E+02    0.842637538909912109E+00    0.761438339948654175E+00    0.487115243715047836E+04    0.204863551613783086E-03    0.407664954662322998E+00
    0.877440197836730235E-04   -0.132380775396540997E+02    0.142255866130869357E+01    0.772102383875651777E+00    0.423415431939580685E+04    0.160114948534003863E-04    0.617561909508005269E+00
    0.888810844016378918E-04   -0.132677350628245492E+02    0.136733516672174771E+01    0.918412221503559167E+00    0.394240925236060320E+04    0.722795084455568604E-04    0.849480510640523989E+00
    0.888461951114781582E-04   -0.132708560807385201E+02    0.161660632299173512E+01    0.568035322595942360E+00    0.484139723904901439E+04    0.155591115511507838E-03    0.921643596374585455E-01
    0.898958368478537147E-04   -0.132982521342439064E+02    0.109300751686096187E+01    0.728821188211441040E+00    0.406456891912221909E+04   -0.226702839895554973E-03    0.167083144187927246E+00
    0.900481934213560691E-04   -0.133055451397741074E+02    0.139517556706213353E+01    0.796419570039301306E+00    0.462410947946525175E+04    0.199572016290890423E-03    0.976749001707002407E+00
    0.912113398950188328E-04   -0.133351198314431656E+02    0.140770591331560579E+01    0.749567140679710864E+00    0.436372107049724036E+04   -0.955299890458140765E-03    0.258109800232278197E+00
    0.918679423187093296E-04   -0.133533718933988190E+02    0.132143988609313956E+01    0.915073417127132416E+00    0.497794239896535873E+04   -0.684160604358943484E-05    0.882572591304779053E+00
    0.919493019176049543E-04   -0.133590485889203343E+02    0.931963880535905287E+00    0.667975776230113949E+00    0.491955690108895760E+04    0.590742008803133098E-04    0.187759263511523111E+00
    0.931630819515085292E-04   -0.133891831744668757E+02    0.130707561969757080E+01    0.655086398124694824E+00    0.488968782359361649E+04    0.465656979833407555E-03    0.606949925422668457E+00
    0.933608332458855933E-04   -0.133973301968795475E+02    0.139046857357025155E+01    0.792442262172698975E+00    0.419379050803184509E+04   -0.952486458355687201E-04    0.746138572692871094E+00
    0.934749225019225818E-04   -0.134036790044030809E+02    0.181766487052737813E+01    0.778789838327023753E+00    0.441452916422778617E+04    0.301473509759317946E-03    0.840045991230304212E+00
    0.941754926713677851E-04   -0.134225188408532006E+02    0.153404936790466317E+01    0.609342850744724274E+00    0.463317711675167084E+04    0.197510002218250917E-03    0.677846789360046387E+00
    0.946408528166535338E-04   -0.134362835824226767E+02    0.162232918846693952E+01    0.881931927565406504E+00    0.451984635747834909E+04    0.844290520036040525E-03    0.706363908657984041E+00
    0.951193770855223483E-04   -0.134502767781109753E+02    0.187588710784912105E+01    0.793133512139320374E+00    0.474189090514183044E+04    0.358398776106469029E-03    0.598373949527740479E+00
    0.957634950152915724E-04   -0.134676807373079068E+02    0.182674316980591134E+01    0.589270028049456940E+00    0.459419785818368291E+04    0.227208705467415182E-03    0.267650619478726814E+00
    0.958175657597985959E-04   -0.134727159244945760E+02    0.876987524909648264E+00    0.956306057234650342E+00    0.399424164242430015E+04    0.880259741106728872E-04    0.702473529440914901E+00
    0.961551596873829899E-04   -0.134836563878142037E+02    0.945045781135559149E+00    0.946921035647392273E+00    0.431686026352643967E+04    0.292872125499371214E-03    0.655074715614318848E-01
    0.963628048854514574E-04   -0.134918769422802640E+02    0.126150046050553000E+01    0.930834022816179774E+00    0.438680523353531225E+04   -0.446925457797310891E-03    0.917473382059438181E+00
    0.967900621171039545E-04   -0.135046312706990825E+02    0.157147859868548556E+01    0.812234862262043444E+00    0.432977932330948261E+04    0.511410218247893076E-03    0.401665417274241932E+00
    0.966554097441047502E-04   -0.135057532240505136E+02    0.186984740362179869E+01    0.619482376092923781E+00    0.455240285273846712E+04    0.201936020409520292E-03    0.248119456628620505E+00
    0.969164591294271907E-04   -0.135150538434926588E+02    0.177751681251508709E+01    0.589093878916130187E+00    0.457551942585386223E+04    0.220871085613654065E-04    0.774873268341108701E+00
    0.970822318560359877E-04   -0.135223781117507222E+02    0.124794212116017800E+01    0.937432230361067931E+00    0.453376063240180247E+04   -0.247832313083301819E-03    0.332674306889826743E+00
    0.969200897160107033E-04   -0.135229412640709672E+02    0.116433146157727219E+01    0.979964113846892304E+00    0.495230580645150530E+04    0.568236315719991233E-03    0.207405782572038858E-01
    0.980875415092340440E-04   -0.135507945921121618E+02    0.141776127509616368E+01    0.673945276396523574E+00    0.413387133896687283E+04   -0.598414619533218326E-04    0.349097109819245743E+00
    0.980902571868695161E-04   -0.135547562138750308E+02    0.123509482147855731E+01    0.687879291154025907E+00    0.457761309364366480E+04   -0.412612821913372783E-03    0.421155770300136068E+00
    0.981421917975339061E-04   -0.135597210984106997E+02    0.164650632666403496E+01    0.808657541748065922E+00    0.408625870693372781E+04    0.129125361845072712E-03    0.892779683950915781E+00
    0.991262882918047752E-04   -0.135835819738520573E+02    0.127607110296387605E+01    0.897922449199065609E+00    0.428477131227159498E+04   -0.107146021551641124E-05    0.652262206843903569E+00
    0.989715513162366800E-04   -0.135843637676268880E+02    0.177057417672879835E+01    0.787915465935109416E+00    0.438542301985077938E+04    0.709874498388162541E-03    0.420692020303552683E+00
    0.996843601151833360E-04   -0.136026227112455977E+02    0.160867108310018159E+01    0.515599855374718974E+00    0.417614942127580343E+04    0.260523966425985055E-03    0.792749332866551248E+00
    0.996237777881746101E-04   -0.136053131086564782E+02    0.104311227798461914E+01    0.893524505198001862E+00    0.445063417339324951E+04   -0.332279112162109185E-03    0.833950161933898926E+00
    0.994747238129995847E-04   -0.136062247805592289E+02    0.173140673637390141E+01    0.450926236808300018E+00    0.446840110230445862E+04    0.460270652850979314E-03    0.364533960819244385E+00
    0.101209898999196117E-03   -0.136447170073682038E+02    0.102585158500677376E+01    0.678523331347190117E+00    0.432935526374478104E+04   -0.364728305022479424E-03    0.223521341256081640E+00
    0.101190594517066584E-03   -0.136482417467927437E+02    0.186751410961151132E+01    0.748082675039768219E+00    0.403241502249240875E+04    0.101394222313218980E-03    0.786641359329223633E+00
    0.101278164867147388E-03   -0.136538780484966829E+02    0.114368953704833975E+01    0.725492611527442932E+00    0.491834371823072433E+04   -0.801349574109405660E-03    0.628605008125305176E+00
    0.102231570879763347E-03   -0.136765237064011806E+02    0.150612699985504150E+01    0.687213718891143799E+00    0.496982470929622650E+04    0.385241965663244931E-03    0.727344632148742676E+00
    0.102247091598423222E-03   -0.136807335718200314E+02    0.123048058557245321E+01    0.685311014023742171E+00    0.499537748245222156E+04    0.671354775356347360E-03    0.431133221971191583E+00
    0.103249323518106578E-03   -0.137041484807075520E+02    0.122474153041839595E+01    0.921464689075946808E+00    0.424361028349399567E+04    0.128533822364423694E-03    0.724492669105529785E-01
    0.103137263927115946E-03   -0.137058828918610764E+02    0.187931244149733945E+01    0.641938351303359300E+00    0.409621838625770579E+04    0.929656911044872739E-03    0.325350383659590958E+00
    0.103306283083948376E-03   -0.137130640167029920E+02    0.960569977760314941E+00    0.800499752163887024E+00    0.406433969342708588E+04    0.204221819076386097E-03    0.766037106513977051E-01
    0.103221236902735174E-03   -0.137153231024698421E+02    0.127938177585601798E+01    0.910550981760025024E+00    0.451990415149927139E+04    0.273861714373051571E-03    0.213784396648406982E+00
    0.104255899069459422E-03   -0.137391770105860243E+02    0.157439880544276800E+01    0.838276728623575829E+00    0.444728503807940342E+04    0.614791000157193109E-03    0.753865040209994453E+00
    0.104567016762880936E-03   -0.137490427200136942E+02    0.179515740871429452E+01    0.589626111090183258E+00    0.459462844920158386E+04    0.118651677317116943E-03    0.802657186985015869E+00
    0.105433630899959301E-03   -0.137694559487531123E+02    0.125294849696764143E+01    0.837409430222290418E+00    0.409314389530558628E+04    0.363601429067009587E-03    0.147247746516885908E+00
    0.106159673115845774E-03   -0.137870874925421258E+02    0.143777587413787833E+01    0.891265295445919037E+00    0.469882032108306885E+04   -0.382887377968904410E-05    0.941947162151336670E+00
    0.106001196963521641E-03   -0.137880058931476359E+02    0.116048345565795907E+01    0.965940110385417938E+00    0.461660520190000534E+04   -0.174509596996545399E-03    0.381524682044982910E+00
    0.106035881195277687E-03   -0.137925664481845800E+02    0.109004542827606210E+01    0.778386220335960388E+00    0.442485626846551895E+04    0.304115315190062944E-03    0.554548621177673340E+00
    0.106655600617490558E-03   -0.138081275358993238E+02    0.132414433956146249E+01    0.912620455026626587E+00    0.472777638512849808E+04   -0.432074956874750615E-03    0.711209297180175781E+00
    0.106509309541025929E-03   -0.138092886605534861E+02    0.121943270427344119E+01    0.756160250773465048E+00    0.436261352778625587E+04    0.380935081647431435E-04    0.779279263843069780E+00
    0.106784143410960529E-03   -0.138183490119706800E+02    0.158545608520507830E+01    0.842723734676837921E+00    0.432074189811944962E+04    0.483549830648077666E-03    0.992324709892272949E+00
    0.107535822570349813E-03   -0.138362844213745078E+02    0.126151455327299344E+01    0.678759432250726102E+00    0.442855117038058506E+04   -0.175651650816100640E-03    0.588709001856093761E+00
    0.108715033091462301E-03   -0.138620027877821563E+02    0.104802386760711674E+01    0.923774018883705139E+00    0.456548876613378525E+04    0.801049262504585527E-03    0.702734589576721191E-01
    0.109630960946586388E-03   -0.138826885208528203E+02    0.127569577693939218E+01    0.742511682212352753E+00    0.414185076749324799E+04    0.256114694352646280E-05    0.244342625141143799E+00
    0.113105187505519434E-03   -0.139489916180514584E+02    0.192103440675304826E+01    0.686838307388805025E+00    0.486908533562896446E+04    0.206466968358741783E-03    0.384112074586019814E+00
    0.113256457250470466E-03   -0.139555709316374887E+02    0.132706550543568014E+01    0.897735457387375257E+00    0.494470295014750627E+04    0.861912154895447648E-03    0.597856179404944177E+00
    0.113171870828826412E-03   -0.139579829087910401E+02    0.143795875145803498E+01    0.895657492946127731E+00    0.479464918870553720E+04   -0.228477472191661681E-03    0.849724218929867936E+00
    0.113841001252963224E-03   -0.139736793688494174E+02    0.169551511836401936E+01    0.662395664175193355E+00    0.452194315343826565E+04    0.203389563985018816E-03    0.175443544190862555E+00
    0.113663174465708549E-03   -0.139744590507693438E+02    0.172292513520501922E+01    0.793921260503490656E+00    0.493025813776171344E+04    0.503470160452090744E-03    0.468024299611701833E+00
    0.113814026670010755E-03   -0.139810179134384960E+02    0.116356289881695019E+01    0.964386085078558386E+00    0.457704074672126717E+04   -0.190984934143451990E-03    0.155021282103367603E+00
    0.114072407912768167E-03   -0.139894594286279332E+02    0.173730635608034190E+01    0.630169422087682340E+00    0.422539218222363979E+04    0.385157918292743941E-03    0.148776673904131157E+00
    0.114600129527686801E-03   -0.140025967399117519E+02    0.135023256043087558E+01    0.991084640104372250E+00    0.465929146052309625E+04    0.291564889885014922E-03    0.260901945589324669E+00
    0.114605781366772247E-03   -0.140066016233032613E+02    0.135984531517593621E+01    0.692785664483990593E+00    0.414725265664795370E+04   -0.434963946266006161E-03    0.460190738342848960E+00
    0.114729180757074421E-03   -0.140126601731718647E+02    0.919811779243833283E+00    0.773236033156247449E+00    0.426953129720300876E+04   -0.425816531938043503E-03    0.527316220719700302E+00
    0.114633085782215165E-03   -0.140148905593615929E+02    0.135348745676821647E+01    0.869426172663183228E+00    0.454657091917573689E+04    0.763719783733260633E-03    0.422726393611127793E+00
    0.115006029409232119E-03   -0.140252929841023875E+02    0.188687125776251863E+01    0.779810094274833276E+00    0.476429242206721301E+04    0.244696202076870966E-04    0.849772148219999801E+00
    0.115146856851777789E-03   -0.140316467803819229E+02    0.900126647949218817E+00    0.765985496342182159E+00    0.485027888900041580E+04    0.104331413526448708E-03    0.480453372001647949E+00
    0.115031662662017263E-03   -0.140335512067604640E+02    0.175673920980298903E+01    0.606727897492824297E+00    0.427115004088914884E+04    0.942588329681736509E-03    0.185994736941726718E+00
    0.115639950435310595E-03   -0.140480055979058136E+02    0.103323130607604985E+01    0.753587484359741211E+00    0.403038537651300430E+04   -0.686349054663876803E-04    0.194804191589355469E+00
    0.115595313873140214E-03   -0.140511397068077102E+02    0.119176785679239039E+01    0.673263779576764088E+00    0.437607082624463146E+04    0.353646436893923215E-03    0.441084244997162533E+00
    0.116376935360846745E-03   -0.140685238525180054E+02    0.155091817378997820E+01    0.461065664887428284E+00    0.476196171623468399E+04    0.933781300899058609E-04    0.315241813659667969E+00
    0.119323720617938499E-03   -0.141224416528477370E+02    0.141685130705361795E+01    0.598281289083538503E+00    0.399453032316485724E+04    0.563843120308823520E-03    0.666307722773448297E+00
    0.119136051531544378E-03   -0.141231998813017761E+02    0.148678880607878794E+01    0.678282457922487647E+00    0.479926711805547620E+04    0.450222372572755484E-03    0.400678198213490100E+00
    0.120645329056071665E-03   -0.141522840238219807E+02    0.998978927373462278E+00    0.778383501395843114E+00    0.440460181675513468E+04    0.182352948308010072E-03    0.546991670436083766E+00
    0.121153613001867376E-03   -0.141645986595682345E+02    0.147752624005629785E+01    0.810031809179841522E+00    0.459465763445170069E+04    0.119542542817987406E-03    0.981809382454885360E+00
    0.121181783117178869E-03   -0.141689698868829677E+02    0.155318367481231689E+01    0.501183353364467621E+00    0.454717783606052399E+04    0.469115778950823098E-03    0.142601370811462402E+00
    0.123046221727241874E-03   -0.142034127631990863E+02    0.188285231574301748E+01    0.652275171381950680E+00    0.456546669127753285E+04    0.124278571733749636E-03    0.728548550078928714E+00
    0.123018316688659800E-03   -0.142068653917405783E+02    0.885291590950638030E+00    0.812899821019598789E+00    0.477119885960189549E+04    0.750088370948626896E-04    0.995330581664597147E-01
    0.122792151855707194E-03   -0.142070913282354621E+02    0.133790674420882816E+01    0.735599065936582641E+00    0.423430536304497855E+04    0.937084121182333294E-04    0.374226862967837859E+00
    0.123769614895922591E-03   -0.142268551570292523E+02    0.115542252896536368E+01    0.854680755446981744E+00    0.439019039089796661E+04    0.111721553738125255E-03    0.135879208972717797E+00
    0.127192584862102933E-03   -0.142853223290287250E+02    0.131666442912461656E+01    0.754619551913891851E+00    0.450234718980500202E+04    0.659841268215294223E-05    0.428778921827068171E+00
    0.127726469102190730E-03   -0.142976059052797666E+02    0.127865341042137359E+01    0.887002395064003468E+00    0.448338167248506670E+04   -0.719122752753414334E-04    0.926732297338048405E+00
    0.127938108376535387E-03   -0.143048233581812205E+02    0.175399431337994960E+01    0.786196711905306933E+00    0.456926467406554002E+04    0.583842507779510603E-03    0.430580544363833362E+00
    0.128266335799392858E-03   -0.143138540720207708E+02    0.876597847177813194E+00    0.843062612908548115E+00    0.417864333043947681E+04    0.646556529847225727E-03    0.141972850744086110E+00
    0.130236182306125645E-03   -0.143482417989626505E+02    0.139132651865068713E+01    0.730286542112462689E+00    0.455586758352870856E+04    0.358617982914247429E-03    0.811027244234233113E+00
    0.131194108866483758E-03   -0.143668048179728043E+02    0.123152924382633855E+01    0.975730592911525196E+00    0.481692021554798066E+04   -0.680651771194346853E-04    0.976931639266665375E+00
    0.131325046842990702E-03   -0.143727061679038783E+02    0.106868815333061495E+01    0.834326717113597516E+00    0.460130589929689904E+04   -0.199866462672896184E-03    0.713404886063071841E+00
    0.132027697754938438E-03   -0.143872848349368851E+02    0.140657255392913560E+01    0.758072667314825699E+00    0.450345340232850140E+04   -0.394898394572819214E-03    0.263058555425460083E+00
    0.131853783741256653E-03   -0.143885548402428824E+02    0.126292973635436256E+01    0.830996919648004484E+00    0.411560297444013668E+04    0.332645573224909174E-03    0.730729454753869967E+00
    0.131919988292758078E-03   -0.143934650498462968E+02    0.156049665756081390E+01    0.648946000175005588E+00    0.493309719572590620E+04    0.188928228319164726E-03    0.641796852303410437E+00
    0.131739407854147096E-03   -0.143946316976248490E+02    0.922185796808734359E+00    0.680888495295572271E+00    0.452461648384651471E+04    0.285902439175598816E-03    0.249732364628445308E+00
    0.134303770792634558E-03   -0.144370947318711611E+02    0.134546667966173739E+01    0.845565450925050310E+00    0.487653925822826932E+04    0.576178585239227087E-03    0.612111365506303073E+00
    0.134651246057518716E-03   -0.144461687673585875E+02    0.134135844270767723E+01    0.827621694218071302E+00    0.484780989322589176E+04    0.558461042424455989E-03    0.439692017470534713E+00
    0.135615609338679728E-03   -0.144643478348304804E+02    0.130541272163391131E+01    0.693352565169334412E+00    0.451841403543949127E+04   -0.138993029802102127E-03    0.529999554157257080E+00
    0.135812620700881040E-03   -0.144711574143296406E+02    0.108083608298208267E+01    0.828407891138599028E+00    0.499931448913955683E+04   -0.452349375507046683E-03    0.514487786102106534E-01
    0.135794054857740944E-03   -0.144747902418427579E+02    0.835177648232471093E+00    0.951206830242899537E+00    0.469912448888334711E+04    0.252071137107093778E-03    0.383733021696050669E+00
    0.136742662685947295E-03   -0.144926191906640724E+02    0.104247771492869368E+01    0.850998330900428979E+00    0.491401159369923425E+04    0.903247283793275806E-03    0.520823765152231763E-01
    0.139003572200322481E-03   -0.145293231350003254E+02    0.182509365081787100E+01    0.600432589650154114E+00    0.414420770841836929E+04    0.263172043117924806E-03    0.382988035678863525E+00
    0.139400312182176025E-03   -0.145389295964222871E+02    0.180842850119534049E+01    0.687837665204173110E+00    0.466136570544218466E+04    0.205614300439723949E-03    0.420063068085325397E+00
    0.139906959353114580E-03   -0.145500916220967564E+02    0.145212383270263690E+01    0.510921508073806763E+00    0.478626172649860382E+04    0.444662464465374492E-03    0.215062856674194336E+00
    0.141956792433030348E-03   -0.145830880861506209E+02    0.184752471906511162E+01    0.759344646434819581E+00    0.422177953311027886E+04    0.702758219638043155E-03    0.786969692292495582E+00
    0.142123902767129926E-03   -0.145893473345232927E+02    0.112312849967729034E+01    0.832605472819331727E+00    0.478983121962239693E+04   -0.915437934665806513E-03    0.134799816106236203E+00
    0.142994582924649055E-03   -0.146054686166267924E+02    0.951624989509582520E+00    0.628902032971382141E+00    0.499469554817676544E+04    0.242676434545643140E-03    0.224435746669769287E+00
    0.143188725942216318E-03   -0.146120884147804855E+02    0.180500462055206290E+01    0.733105070888996124E+00    0.413780667775869370E+04    0.390186420966192400E-03    0.484950184822082520E+00
    0.143824338173291938E-03   -0.146248529830890721E+02    0.121126945838851752E+01    0.768627985747366571E+00    0.410422633228544601E+04   -0.337674140838805400E-03    0.539335442893956962E+00
    0.144324937544188778E-03   -0.146357084072389583E+02    0.168123961843933634E+01    0.482358449443660353E+00    0.467677013519104185E+04    0.968222232029356016E-04    0.231340157167272048E+00
    0.146455113518097733E-03   -0.146689180991165955E+02    0.162331264019012456E+01    0.744419217109680176E+00    0.448880904507637024E+04    0.559153473881779579E-03    0.339620351791381836E+00
    0.146875427203442603E-03   -0.146785559578604090E+02    0.135968505769860637E+01    0.555673754295562206E+00    0.491775140360045589E+04    0.287799839419869917E-03    0.777162162053798844E+00
    0.146605333043750601E-03   -0.146787809548103674E+02    0.865137481689453147E+00    0.668673418462276459E+00    0.473709564667940140E+04    0.581262993562627495E-03    0.199145436286926270E+00
    0.146451743773334152E-03   -0.146805908311462989E+02    0.144769380969035133E+01    0.716823703682716640E+00    0.418246960717252932E+04    0.188228653389348432E-04    0.193295735545673503E+00
    0.147104842405267565E-03   -0.146933962132417300E+02    0.132955365886398269E+01    0.905482861393932081E+00    0.468791671142655105E+04    0.622982855017595007E-04    0.932043267274863529E+00
    0.147495524859844453E-03   -0.147026070416064059E+02    0.142602163049480568E+01    0.600350128262672089E+00    0.453339586785404663E+04   -0.359293932258261965E-03    0.861370525052807867E+00
    0.149006257702721714E-03   -0.147268942269705221E+02    0.142634279639183337E+01    0.857537102460248057E+00    0.483755719439690893E+04    0.368068140252020867E-03    0.899986144230156881E+00
    0.149636512314894638E-03   -0.147392420749078354E+02    0.130433862209320073E+01    0.972036033868789673E+00    0.453711873292922974E+04    0.135804408272427696E-03    0.127011179924011230E+00
    0.149930354767477002E-03   -0.147470718902831504E+02    0.125966112870688085E+01    0.686654665922945551E+00    0.418125237492690667E+04   -0.253939537455639302E-03    0.472128745952325846E+00
    0.151849315514497357E-03   -0.147764137385119483E+02    0.135661720295119581E+01    0.686960807745952362E+00    0.403211765230877063E+04   -0.491474199753492058E-03    0.803787029798984975E+00
    0.151586954264875312E-03   -0.147768614525209632E+02    0.180998888015747061E+01    0.685511410236358643E+00    0.439973712658882141E+04    0.643354857100258016E-03    0.366454958915710449E+00
    0.151778941399276115E-03   -0.147832991295901248E+02    0.173267226819840614E+01    0.794511824995036919E+00    0.498177997313642754E+04    0.407512377564877540E-03    0.462014110445694459E+00
    0.151749236795277248E-03   -0.147868139219763002E+02    0.132409015187626133E+01    0.911080272604552377E+00    0.482216049742325868E+04   -0.275203591135799776E-03    0.710673022296517298E+00
    0.154265808262684132E-03   -0.148236156552726044E+02    0.143563627884315226E+01    0.827619922000104591E+00    0.455252188043534352E+04   -0.505334272737239664E-03    0.866301795293194399E+00
    0.155229445245458830E-03   -0.148399762493804843E+02    0.134073778161797641E+01    0.834541981285212509E+00    0.479967184501086467E+04    0.469932073337308556E-03    0.905027207192025451E+00
    0.155055460387306754E-03   -0.148416395945761508E+02    0.122712467819513193E+01    0.693474494807427622E+00    0.428453446693918067E+04   -0.260877790466867217E-03    0.419446304131875392E+00
    0.154777952092892412E-03   -0.148419631661761677E+02    0.101541693210601802E+01    0.702775865793228149E+00    0.438149892872571945E+04    0.189606861060678800E-03    0.280459761619567871E+00
    0.155016273500587447E-03   -0.148489465743026656E+02    0.156186523666662191E+01    0.468698325806671368E+00    0.405303953592513017E+04    0.771141420040823665E-03    0.710063667111241470E+00
    0.155559421649697409E-03   -0.148598482036749076E+02    0.140495572090148935E+01    0.754083573818206787E+00    0.465549159729480743E+04    0.525824922366030165E-03    0.565018534660339355E+00
    0.155695051315624539E-03   -0.148654974605878429E+02    0.153702441923623789E+01    0.837124587066651937E+00    0.496960445387439268E+04    0.909610110324573492E-04    0.955872079982410305E+00
    0.155430035173164370E-03   -0.148659965124149078E+02    0.188332779674294915E+01    0.669969638014128455E+00    0.463377072071285238E+04    0.102872991328096136E-03    0.572383562820453440E+00
    0.156566646063048022E-03   -0.148844749163703725E+02    0.158481900691986088E+01    0.760179445147514343E+00    0.474429166424274445E+04    0.112195060471686421E-03    0.639420568943023682E+00
    0.156973665822791408E-03   -0.148935737361669531E+02    0.167708799875294789E+01    0.541231189594355788E+00    0.460333507684705091E+04    0.588681064478386006E-04    0.304980447829460433E+00
    0.157714761816990122E-03   -0.149069000639222295E+02    0.155787350410300762E+01    0.808355524824137528E+00    0.423642727355549232E+04    0.326505464293072025E-03    0.794663250989564363E+00
    0.157652646487110469E-03   -0.149100184667440345E+02    0.150015332727187922E+01    0.572030611418413160E+00    0.423042812823470740E+04    0.440180079772713151E-03    0.789102491415737184E+00
    0.157704152033038522E-03   -0.149145780154409877E+02    0.179615390300750732E+01    0.655536852777004242E+00    0.440869034242630005E+04    0.446741260354934054E-05    0.645062863826751709E+00
    0.157672451159903359E-03   -0.149180821953708715E+02    0.168719370941716851E+01    0.484377851248670332E+00    0.448162771003397938E+04    0.105060615674198781E-02    0.585211974997146944E+00
    0.159877426671990952E-03   -0.149497637475176681E+02    0.174761269266534636E+01    0.541531387325843383E+00    0.419239550958520067E+04    0.180079309363799582E-05    0.453707890666930458E+00
    0.160828142081980146E-03   -0.149655278295927125E+02    0.181706590652465816E+01    0.597682870924472809E+00    0.445113793337345123E+04    0.600143962638432973E-03    0.272908091545104980E+00
    0.160816575155272380E-03   -0.149692902323464558E+02    0.116572005748748775E+01    0.900394603610038757E+00    0.468265230846405029E+04    0.286507631284241922E-03    0.133754730224609375E+00
    0.160572573799616159E-03   -0.149701596479874475E+02    0.106059360367342115E+01    0.853670878999150284E+00    0.477246055381523365E+04    0.430101942133778443E-03    0.764190049978881847E+00
    0.160888860992540971E-03   -0.149780015152746611E+02    0.135898157083227811E+01    0.938031026845798976E+00    0.466816120492603295E+04   -0.603147723275254308E-03    0.897541754868956931E+00
    0.161996705976743128E-03   -0.149956321239311681E+02    0.166610224246978778E+01    0.562846772372722626E+00    0.476657991349697113E+04    0.161368500787135912E-03    0.796849310398101807E+00
    0.162736269588186324E-03   -0.150086481957941160E+02    0.963209271430969238E+00    0.736287564039230347E+00    0.413563782709836960E+04   -0.240453444220443527E-04    0.147135138511657715E+00
    0.162536229551818923E-03   -0.150100944768496696E+02    0.185307387905811383E+01    0.756193095256934122E+00    0.443915611520461061E+04    0.257804223064455674E-03    0.768459852130969567E+00
    0.163898916608067898E-03   -0.150306986221316805E+02    0.162140448093414324E+01    0.673997983336448669E+00    0.478102858436107635E+04    0.265943582954384944E-03    0.203164696693420410E+00
    0.164305627567042881E-03   -0.150395616733019235E+02    0.125603556939671535E+01    0.748959178319801744E+00    0.444316091994398630E+04   -0.360278569554841124E-03    0.369094693575958199E+00
    0.165272458804590510E-03   -0.150552021259197968E+02    0.186376180648803702E+01    0.720035679638385773E+00    0.419602195608615875E+04    0.329965128799855915E-03    0.781271517276763916E+00
    0.165336439787838827E-03   -0.150598824746729498E+02    0.883825969696044988E+00    0.832278840243816376E+00    0.422107760632038116E+04    0.268453981499576695E-03    0.412612080574035645E+00
    0.165060731469889618E-03   -0.150604508222218101E+02    0.885323779634287211E+00    0.715927995528178318E+00    0.438399736330580345E+04   -0.156655520187780394E-04    0.118542145509280092E+00
    0.165269034648461515E-03   -0.150668794389904122E+02    0.102373900413513197E+01    0.739831067621707916E+00    0.454450671583414078E+04   -0.189851434480231654E-03    0.158957898616790771E+00
    0.167075310958388063E-03   -0.150925257200052734E+02    0.155193843966323386E+01    0.542444014205661351E+00    0.442997503372963274E+04    0.631079972085149456E-03    0.152800294823888488E+00
    0.167991172884217370E-03   -0.151073654921676539E+02    0.139011702537536630E+01    0.678865939378738403E+00    0.483319725251197815E+04   -0.106806460717249270E-03    0.619384646415710449E+00
    0.167674649848132480E-03   -0.151074998582465856E+02    0.164417741923246652E+01    0.750707651040074975E+00    0.418264156863051358E+04    0.211334537294147765E-03    0.363621704056188322E+00
    0.167825360373204558E-03   -0.151132029551093972E+02    0.100750049310255441E+01    0.991277684548562021E+00    0.429078488898547675E+04    0.562564964176039887E-03    0.144074979205053771E+00
    0.167555784503926587E-03   -0.151138940461006506E+02    0.156557490825653067E+01    0.763221852481365204E+00    0.432794894474744797E+04    0.207203107833303960E-03    0.578755617141723633E+00
    0.167399477622826097E-03   -0.151159336958692450E+02    0.951459816306262085E+00    0.751000415761087670E+00    0.442178405640781421E+04    0.443984005912287393E-03    0.308774616596576346E+00
    0.168412734239484885E-03   -0.151319093067307158E+02    0.149095907211303702E+01    0.796194903552532196E+00    0.496917667722702026E+04   -0.344968415140393275E-03    0.717967867851257324E+00
    0.168162101083654082E-03   -0.151328369240362726E+02    0.131156585744467491E+01    0.743012099328581366E+00    0.497179027109179424E+04    0.157285868255896904E-03    0.677193527939445428E+00
    0.168765500682494950E-03   -0.151439067336944913E+02    0.897805638191706890E+00    0.897346482723928696E+00    0.451639905068676489E+04    0.165460217182174281E-04    0.502639415160223701E+00
    0.169351294304240089E-03   -0.151547430648562909E+02    0.174892573179520805E+01    0.714057281148101519E+00    0.446221071076588487E+04    0.632817627596644910E-04    0.490532558627785442E+00
    0.169287528710625906E-03   -0.151578961159902690E+02    0.865775561801830351E+00    0.753550441336579335E+00    0.444784763623192339E+04    0.167834674042311122E-03    0.469778751216705481E+00
    0.169079855992332312E-03   -0.151593473688037150E+02    0.136401570826537633E+01    0.817772451342127948E+00    0.442826267875451504E+04   -0.969495440474404035E-03    0.263368735801709608E+00
    0.169349049778680616E-03   -0.151664353073477987E+02    0.130881643379182733E+01    0.654815985857758021E+00    0.461621939315049804E+04    0.946084212176913873E-03    0.555840017612740489E+00
    0.169052212114572048E-03   -0.151668328500979079E+02    0.111977523610523999E+01    0.758137229926375666E+00    0.456800129457105959E+04   -0.286346214145537497E-03    0.177854314854009543E+00
    0.170622465045088207E-03   -0.151892304887341556E+02    0.142140208785013700E+01    0.720121847448983221E+00    0.411338906420855892E+04    0.176237959531281321E-03    0.920318369854890239E+00
    0.170536144079235489E-03   -0.151921246468169358E+02    0.134774936117138999E+01    0.723192959126613077E+00    0.449589285629345795E+04   -0.216328269864992176E-03    0.795748197791827594E+00
    0.170456218309333050E-03   -0.151950933301124458E+02    0.125686219749986794E+01    0.628348158468438833E+00    0.435837230278350216E+04   -0.355340323135864579E-03    0.758993953774318997E+00
    0.172066611529440356E-03   -0.152178059771842520E+02    0.187076839476155699E+01    0.585769985423516104E+00    0.497311634606443204E+04    0.632485202927992972E-04    0.476833630303697742E+00
    0.173270971583249699E-03   -0.152356622285213774E+02    0.191366541385650635E+01    0.763407051563262939E+00    0.474120084339380264E+04    0.310278847066549214E-03    0.909397184848785400E+00
    0.173173841726070643E-03   -0.152384470316878300E+02    0.165877555267433863E+01    0.526228381410981050E+00    0.453513015613088373E+04    0.126920133157589052E-03    0.690312235563699694E+00
    0.173033794155852253E-03   -0.152407352055584049E+02    0.879512763023376554E+00    0.661774791777133942E+00    0.454653576564788818E+04    0.136047030364749622E-03    0.315953314304351807E+00
    0.172724501045342201E-03   -0.152410633121292562E+02    0.132517252647433104E+01    0.860423146251368842E+00    0.441506621673675636E+04    0.307718790848823288E-05    0.381671312125453910E+00
    0.172452507052648317E-03   -0.152418176250928106E+02    0.128225824832916269E+01    0.921604305505752563E+00    0.488485828560590744E+04    0.123071386248719790E-03    0.721452653408050537E+00
    0.172280322430030291E-03   -0.152437259842949686E+02    0.145197786575989118E+01    0.719981805416207932E+00    0.461567039387026580E+04    0.271555074407337643E-03    0.891882541794993267E+00
    0.172588497713476059E-03   -0.152512066411125797E+02    0.170013589859008785E+01    0.460687600076198578E+00    0.451178765416145325E+04    0.812087463008233173E-03    0.390402197837829590E+00
    0.173493465928759591E-03   -0.152655724974831752E+02    0.172103404047446773E+01    0.632741627459631584E+00    0.472027003193901874E+04    0.226523254442700395E-04    0.867608484624096343E+00
    0.174439622806443734E-03   -0.152803562321557997E+02    0.175206954479217525E+01    0.727760739624500275E+00    0.423011577576398849E+04    0.992513574107900125E-04    0.882593750953674316E+00
    0.174340233621583953E-03   -0.152831226320673732E+02    0.183611702352645545E+01    0.683310229721673768E+00    0.481845011448218884E+04    0.144875895180336580E-03    0.358208532887593467E+00
    0.177333776016264246E-03   -0.153210787648391165E+02    0.170655088424682622E+01    0.783717930316925049E+00    0.493095470845699310E+04    0.377496051259804946E-03    0.555084168910980225E+00
    0.181868384305824835E-03   -0.153754841454603692E+02    0.131317228449117085E+01    0.819416670804332115E+00    0.460119117628172717E+04    0.350751849140340294E-03    0.512113087444318604E+00
    0.182151160735397456E-03   -0.153824976625321916E+02    0.123639699073721454E+01    0.697930840606748149E+00    0.439592386173965042E+04    0.481183541642689892E-03    0.376008693983667430E+00
    0.181797150195686788E-03   -0.153825131330921181E+02    0.173855694266910210E+01    0.510702012493005175E+00    0.484239645271871723E+04    0.648156540172462633E-03    0.464063669812780522E+00
    0.181466753590594604E-03   -0.153827812930671897E+02    0.167451394036159762E+01    0.542539823732349213E+00    0.455500345062154975E+04    0.110855124035113000E-03    0.589667582948161129E+00
    0.183845351679987837E-03   -0.154127324692487555E+02    0.162059141538777718E+01    0.791455739557677007E+00    0.458968320686244169E+04   -0.730866434449647473E-04    0.835218801511099396E+00
    0.184110773258110074E-03   -0.154195240809119820E+02    0.107339512559653727E+01    0.821793353922033565E+00    0.433268500185672474E+04   -0.120660187992852974E-03    0.632205390369861786E+00
    0.184129318778308545E-03   -0.154236317812224826E+02    0.183492341740441156E+01    0.567658227942785087E+00    0.465497162655262946E+04    0.519900847082330393E-03    0.789417039964191658E+00
    0.185925402430009597E-03   -0.154469524329576835E+02    0.126872038841247559E+01    0.694463551044464111E+00    0.450415613758563995E+04    0.112377450722646311E-03    0.781227290630340576E+00
    0.185592365207054886E-03   -0.154472729883699564E+02    0.185771278446297416E+01    0.654842555305268137E+00    0.468587939584925698E+04    0.837107475805044256E-03    0.286951388881788949E+00
    0.185602501912933486E-03   -0.154512884716248351E+02    0.161133187809620004E+01    0.654753900445388504E+00    0.408950629978991265E+04    0.436864256075363087E-03    0.912247505798480018E+00
    0.187620805931078001E-03   -0.154768259933106904E+02    0.124510542635566468E+01    0.899936795966092107E+00    0.492005715938176672E+04    0.325009063754775512E-03    0.183800148120202372E+00
    0.188297895346900166E-03   -0.154879368877799610E+02    0.156935374736785893E+01    0.569114804267883301E+00    0.462204759818315506E+04    0.190232915429461432E-03    0.847087442874908447E+00
    0.188795170836301686E-03   -0.154971179712070750E+02    0.141239996583591965E+01    0.697623751300918471E+00    0.483649109740609674E+04   -0.383855604710484760E-03    0.402697735403195811E+00
    0.191377555302157644E-03   -0.155281952832710886E+02    0.186517074116807002E+01    0.655911861695667064E+00    0.421745683341268887E+04    0.530143903215087530E-03    0.642480300537821680E+00
    0.191108501115177566E-03   -0.155292877916786889E+02    0.151930102979363113E+01    0.762222439134475738E+00    0.462072929136105904E+04    0.276046774798927768E-03    0.471617887336241381E+00
    0.191770783016455347E-03   -0.155401130115916715E+02    0.146779551506042472E+01    0.689669340848922729E+00    0.457905391949415207E+04    0.125244675284177259E-03    0.233219683170318604E+00
    0.192379612814209353E-03   -0.155503587610598277E+02    0.131698841117490728E+01    0.933073454470832231E+00    0.482697656789873145E+04    0.275109031811483350E-03    0.557983232963661258E+00
    0.193231870708672189E-03   -0.155631056117013529E+02    0.142043767610254013E+01    0.834159848876156462E+00    0.486924562401172625E+04   -0.292026278567284066E-03    0.701207634852413775E+00
    0.196453886301928358E-03   -0.156000855777546192E+02    0.150668146886072130E+01    0.482490508753787906E+00    0.449287638616210188E+04    0.185890501298640725E-03    0.357315197972327914E+00
    0.197144170909674415E-03   -0.156110069570502681E+02    0.957484149932861350E+00    0.766356520354747772E+00    0.464708208453655243E+04   -0.246581749650614374E-03    0.151358485221862793E+00
    0.197231683548193168E-03   -0.156158008135197868E+02    0.172629525429460107E+01    0.742962797066863523E+00    0.454435498864166857E+04    0.622507178185738904E-04    0.387125354575912295E+00
    0.196977941991664449E-03   -0.156171323766005763E+02    0.133107782653145046E+01    0.759462203333969632E+00    0.420693013617294946E+04    0.395393369714515798E-03    0.603872565507612369E+00
    0.197562216481621505E-03   -0.156269622306193607E+02    0.981559157371520996E+00    0.932634472846984863E+00    0.478371609914302826E+04   -0.232811620129417358E-03    0.799108743667602539E+00
    0.197482524288491193E-03   -0.156300615624555199E+02    0.158043976047274981E+01    0.764111828219475653E+00    0.489902607401246496E+04   -0.314252424633700055E-03    0.360945463614275375E+00
    0.197335864423668124E-03   -0.156324819660434766E+02    0.167595878828615819E+01    0.636814473523269142E+00    0.462487599353181395E+04    0.107776247869561366E-04    0.756358110797180627E+00
    0.200376401661680852E-03   -0.156669690830290165E+02    0.145856142825949808E+01    0.572665862694798911E+00    0.473180981383701965E+04   -0.300989431180675245E-03    0.730205117921890356E+00
    0.200399616344231054E-03   -0.156711070303514948E+02    0.166676433496682930E+01    0.600646991908899475E+00    0.443509922802883921E+04    0.230399217536422880E-05    0.462450574238279732E+00
    0.201197368310949249E-03   -0.156829590871827982E+02    0.128785033226013179E+01    0.805198051035404205E+00    0.476524480050802231E+04   -0.502400907425956059E-03    0.478298425674438477E+00
    0.201060114564410316E-03   -0.156855005023921201E+02    0.177610172635746899E+01    0.632714344087177971E+00    0.407654097864624782E+04    0.106647298353417110E-03    0.704096031840539593E+00
    0.202158009174084233E-03   -0.157002981013493077E+02    0.117579048550628062E+01    0.847314060774314148E+00    0.470451436398409714E+04    0.122911561784124987E-03    0.879502518007815315E+00
    0.203859364270038017E-03   -0.157209658513775317E+02    0.138264579681455313E+01    0.610125447825018652E+00    0.489763538631465963E+04   -0.262221933372248071E-03    0.665637919947136059E+00
    0.203770397407658169E-03   -0.157239990850067315E+02    0.157750682462145786E+01    0.620220844609926436E+00    0.471805490368834762E+04    0.375559135285538875E-03    0.962659215020009285E+00
    0.203808669192596855E-03   -0.157282809360930713E+02    0.127267152514441229E+01    0.828455648682214552E+00    0.432734122316099729E+04   -0.640354700797935513E-03    0.606702911371616249E+00
    0.204027530993322679E-03   -0.157343337520098636E+02    0.123687989019307887E+01    0.762406959487503144E+00    0.395540035303132072E+04    0.305247128337113153E-03    0.204733851781958881E+00
    0.207783062928653729E-03   -0.157747192583214932E+02    0.180497640724438191E+01    0.680174111192975772E+00    0.430456783017601265E+04    0.848423472590354631E-04    0.713643953595852087E+00
    0.207847605318707638E-03   -0.157792466596993837E+02    0.168477456569671635E+01    0.544301882386207581E+00    0.474794466930627823E+04    0.223008441184184661E-03    0.235708296298980713E+00
    0.207537899396327639E-03   -0.157801705622052886E+02    0.142655987081699687E+01    0.849112439030366040E+00    0.480434622370644774E+04    0.287198812093146375E-03    0.723656726038302445E+00
    0.208035079488133330E-03   -0.157888623045666883E+02    0.127919092476104446E+01    0.699056325396046341E+00    0.473630445948313536E+04   -0.342686101001971298E-05    0.690971899704437398E+00
    0.208605350204234643E-03   -0.157982435016105427E+02    0.122770087244605408E+01    0.944863819878201339E+00    0.482564432942280655E+04   -0.518122202475199893E-03    0.624507929818237995E+00
    0.208772559849967735E-03   -0.158037522288921437E+02    0.141117860776927850E+01    0.799184618785868439E+00    0.457479079079551502E+04    0.377596797482767439E-03    0.314007055970792037E+00
    0.208878215904479260E-03   -0.158086703870498937E+02    0.175837522491205078E+01    0.516435560052746601E+00    0.479676080544541855E+04    0.375542560110084700E-03    0.266482693252095781E+00
    0.212327266890777790E-03   -0.158453314630792672E+02    0.154378657341003422E+01    0.471930921077728271E+00    0.435105483520030975E+04    0.323551548310091605E-03    0.481781661510467529E+00
    0.213833229772723388E-03   -0.158633729429979837E+02    0.118462443707822440E+01    0.938450269127995451E+00    0.438359356787027900E+04   -0.788004654865828475E-03    0.932461917104987603E+00
    0.214721438917098812E-03   -0.158755694810854138E+02    0.170899920463562016E+01    0.641337752342224121E+00    0.483885486459732056E+04    0.197772459385312833E-03    0.238446474075317383E+00
    0.214849471437062730E-03   -0.158806679209723285E+02    0.132826085090637225E+01    0.860312119126319885E+00    0.488235051476955414E+04   -0.147993590875818486E-04    0.716167449951171875E+00
    0.215554735266893313E-03   -0.158911286093357020E+02    0.160886656244365178E+01    0.526194987245138246E+00    0.460460902757914118E+04    0.319562414686684962E-03    0.696245893442519415E+00
    0.217232953633534481E-03   -0.159105457143926081E+02    0.150621452382047449E+01    0.822733993130693841E+00    0.469925565661264591E+04    0.774337722635196307E-03    0.881288049670123641E+00
    0.218393129066882501E-03   -0.159251049369524829E+02    0.107741348177972696E+01    0.904954525429532142E+00    0.495933570041277289E+04    0.402407860045975705E-03    0.101687642417397167E+00
    0.219162002535523481E-03   -0.159360400087349454E+02    0.136574797630310063E+01    0.792899549007415771E+00    0.471230529016256332E+04    0.183314592389551814E-03    0.550721228122711182E+00
    0.218939812076849477E-03   -0.159379175935222257E+02    0.189812376556818907E+01    0.684193109084761497E+00    0.454447268362210343E+04    0.445260766146763872E-03    0.589341293718281700E+00
    0.218967390999472795E-03   -0.159420757592017956E+02    0.110814381680913021E+01    0.884225515683220720E+00    0.484137502870737171E+04   -0.922840686319461949E-03    0.653071506668841673E-01
    0.218721609837289969E-03   -0.159437358372619720E+02    0.180471789193747556E+01    0.723021625995563189E+00    0.411257437317022959E+04    0.602329484081061991E-03    0.517608753113107722E+00
    0.218874802356011931E-03   -0.159490423960460905E+02    0.133683428027702833E+01    0.787796583325205746E+00    0.403270387766727208E+04   -0.221855767802977606E-03    0.994829978953135741E+00
    0.219763648520209041E-03   -0.159610541587207457E+02    0.149851469125514369E+01    0.520393558917984445E+00    0.452228345313474620E+04    0.684193217966377410E-04    0.700121260502271525E+00
    0.220464114029135332E-03   -0.159713249877831913E+02    0.898221093998068043E+00    0.936308004373957337E+00    0.453583983345696743E+04    0.119070066606899504E-03    0.209321399466162267E+00
    0.220793356176251685E-03   -0.159782158191711083E+02    0.148052432551818880E+01    0.659920840804098074E+00    0.405244995265462467E+04    0.138206139259234960E-03    0.934707642958915397E+00
    0.220740476581442392E-03   -0.159816430155526614E+02    0.146485324475643086E+01    0.783343501210421400E+00    0.452108711553321609E+04   -0.128187339584052295E-03    0.639251409786539493E+00
    0.221238846546152281E-03   -0.159900596138866433E+02    0.145088561303980201E+01    0.833138906873121754E+00    0.493703562436432821E+04    0.375574879773543505E-03    0.660172650049589360E+00
    0.221028924233153401E-03   -0.159920672645074866E+02    0.164945932018608898E+01    0.587675450777260355E+00    0.468617615888936871E+04    0.154472240697218620E-03    0.221389289146078500E+00
    0.225260021421890000E-03   -0.160338971422697618E+02    0.103304465583614768E+01    0.843892875510606100E+00    0.426658901500867705E+04    0.847916326690665586E-04    0.692290608739402180E+00
    0.225311956334303453E-03   -0.160382644499049576E+02    0.113921274760182101E+01    0.739876904564434001E+00    0.451538638889554477E+04   -0.882426013052581217E-04    0.360067765106452997E+00
    0.226752461466200986E-03   -0.160549167595437510E+02    0.184173350844829664E+01    0.630230598109415285E+00    0.493356672443629031E+04    0.172230295921969840E-03    0.913400081636127958E+00
    0.226683751449673033E-03   -0.160582168822421174E+02    0.165483286247949257E+01    0.532176876607640459E+00    0.445915397652095635E+04    0.520888278918981828E-03    0.160468651360103576E+00
    0.227776004040003801E-03   -0.160717367860825462E+02    0.125098653290223027E+01    0.959658206198757635E+00    0.464140735072156349E+04    0.424867160744918186E-03    0.520337349996177423E+00
    0.230182534263778806E-03   -0.160966628636364497E+02    0.138347694873809823E+01    0.493652097880840302E+00    0.463070988517999649E+04    0.208714709270270426E-03    0.225206375122070312E+00
    0.229885910427186262E-03   -0.160979901592994885E+02    0.167450685501098651E+01    0.733583167195320129E+00    0.461019016134738922E+04    0.117340787427712510E-03    0.584854066371917725E+00
    0.230629652439253628E-03   -0.161083564963729806E+02    0.159607291221618652E+01    0.671248942613601685E+00    0.491047910088300705E+04    0.175493966335955003E-03    0.160302400588989258E+00
    0.232396054511247542E-03   -0.161275224662087453E+02    0.117953967805414517E+01    0.693476822996480169E+00    0.474679172165060118E+04    0.529900997539682617E-03    0.558011403464936162E+00
    0.233972025634693684E-03   -0.161449457401167180E+02    0.128326611700287985E+01    0.829519232926182237E+00    0.488740110379763610E+04    0.251819609240030355E-03    0.321204945125945052E+00
    0.233699951208571626E-03   -0.161465249363671859E+02    0.141763143798938529E+01    0.712416492070902851E+00    0.497003307453617163E+04    0.520156011022588141E-03    0.602484547504550383E+00
    0.234170557788889502E-03   -0.161544545794212517E+02    0.150519115723781827E+01    0.736712890003950127E+00    0.433450709164032833E+04   -0.309722435613686927E-04    0.319029436810927880E+00
    0.234108695182254876E-03   -0.161578324044986665E+02    0.145003724066043294E+01    0.753958455514138093E+00    0.459879648912534230E+04   -0.740089850937241766E-04    0.730322414698618472E+00
    0.234246946549444965E-03   -0.161629193928853745E+02    0.866268014907837003E+00    0.888671986758708954E+00    0.482690710866451263E+04    0.141544794835393343E-03    0.592355549335479736E+00
    0.234235937800419497E-03   -0.161667316479976400E+02    0.164965908527374272E+01    0.540137745440006256E+00    0.452255470401048660E+04    0.189797792125367157E-03    0.715777456760406494E+00
    0.235101148189979694E-03   -0.161780117995749428E+02    0.135941673764980142E+01    0.795085296367199712E+00    0.494681698586240964E+04    0.494221922181539881E-03    0.545696836724993362E+00
    0.237720834679845742E-03   -0.162040804141961772E+02    0.915826128459812594E+00    0.986259765826329904E+00    0.452302925012474134E+04    0.298747339993962594E-03    0.600326245831762084E+00
    0.241026801409796848E-03   -0.162356088937869316E+02    0.142422159740465792E+01    0.558789330956564023E+00    0.423526451632227054E+04    0.277070976538752072E-03    0.831126540722539886E+00
    0.240760325130788278E-03   -0.162373027450614593E+02    0.161634168624877939E+01    0.570744775235652924E+00    0.394222231256961823E+04    0.198878524755234128E-03    0.640875756740570068E+00
    0.240376109628443764E-03   -0.162380147611081824E+02    0.132603413430019179E+01    0.734644498548916447E+00    0.401250347093221126E+04    0.549728690182160642E-03    0.967108580430211084E+00
    0.240374573441517862E-03   -0.162419082295398169E+02    0.884283347471789605E+00    0.803118288727338814E+00    0.410526947701652625E+04    0.756327644905553843E-04    0.173776694749482541E+00
    0.239988868651873718E-03   -0.162426027041319969E+02    0.121288509374037368E+01    0.699459590822573363E+00    0.482647103023579257E+04   -0.196237510777816539E-03    0.358772243905073729E+00
    0.240249748573778996E-03   -0.162486818734951122E+02    0.898706547409631185E+00    0.842208858980183717E+00    0.398511625252981366E+04    0.537305891549851557E-04    0.407394161114195685E+00
    0.240323306645115465E-03   -0.162532003764802404E+02    0.124310166041089842E+01    0.815592441371472909E+00    0.493377319733163949E+04   -0.183169673458447138E-03    0.164917582347273273E+00
    0.240665074324959341E-03   -0.162599488384827318E+02    0.128232678877444872E+01    0.490502007431318776E+00    0.467894427224720948E+04    0.322576665428932425E-03    0.665879655943468873E+00
    0.244536047810641464E-03   -0.162957680865452872E+02    0.150463185062919091E+01    0.707355644401555739E+00    0.414265722236191868E+04   -0.620266342003613323E-03    0.804895851347005586E+00
    0.245565687771823432E-03   -0.163080778283205632E+02    0.184334682467658162E+01    0.661569526100759919E+00    0.482897372038260346E+04    0.662996161096715238E-04    0.478845225825349274E+00
    0.248395705068831549E-03   -0.163349012398870350E+02    0.142308701717265063E+01    0.487532585853007627E+00    0.495621764658316897E+04    0.209707755287463245E-03    0.278116851460425418E+00
    0.248739267816133140E-03   -0.163415718321340009E+02    0.899754648307435567E+00    0.791689548730426851E+00    0.439168575082938878E+04   -0.451509504364266013E-03    0.153210756846809570E+00
    0.248732421934557541E-03   -0.163454230367376852E+02    0.145711754895507450E+01    0.636585305820982938E+00    0.428668280419161511E+04   -0.110322292562553236E-03    0.256045642049386513E+00
    0.248465998544418010E-03   -0.163471858896176023E+02    0.122955824665100355E+01    0.688619941818298220E+00    0.474883886376900045E+04   -0.164442634150589295E-03    0.513609932565323279E+00
    0.252213793920028398E-03   -0.163810343536432050E+02    0.135608244896751096E+01    0.957475685291051870E+00    0.471922429995614402E+04   -0.211167167218029848E-03    0.661713730981631110E+00
    0.252535850498777057E-03   -0.163874928124541483E+02    0.143847997188568133E+01    0.541360758244991302E+00    0.393495147621631622E+04    0.337424023956704202E-03    0.760674774646759033E+00
    0.252286779376062009E-03   -0.163894255285578119E+02    0.886201544893601478E+00    0.831666724600791718E+00    0.472647108624935117E+04    0.320555423419758548E-03    0.450913703801458454E+00
    0.254132073453887191E-03   -0.164079070830470215E+02    0.134789667227036114E+01    0.758746614947390707E+00    0.441464150472930123E+04   -0.141671002366679504E-03    0.903618800209510686E+00
    0.254526260378495493E-03   -0.164149131505653436E+02    0.142006566733279982E+01    0.475403787351368512E+00    0.461919625797405934E+04    0.192433691054140607E-03    0.575805338935901800E+00
    0.258234971807489171E-03   -0.164477511986062659E+02    0.182058825492858878E+01    0.586952224373817444E+00    0.489404698687791824E+04    0.295403287841581805E-03    0.410337507724761963E+00
    0.258344845472811477E-03   -0.164525082264594218E+02    0.143561632985435095E+01    0.543985924435037127E+00    0.454705465871007073E+04    0.106754661663296556E-02    0.840886094647370630E+00
    0.257972975541644999E-03   -0.164535335377792080E+02    0.191800582986117751E+01    0.701860232225663072E+00    0.446648961105758553E+04    0.100189380301486902E-02    0.995941661157352609E+00
    0.257769518753517225E-03   -0.164558618158189596E+02    0.862638807296753019E+00    0.753175832331180573E+00    0.429437289494276047E+04    0.122005108092633838E-03    0.220953226089477539E+00
    0.257727692624178898E-03   -0.164594435160171741E+02    0.130819253726782403E+01    0.458563732205323149E+00    0.441307792248904570E+04    0.589552035469154113E-03    0.394956310134767841E+00
    0.259558632916463499E-03   -0.164775078664580974E+02    0.110113650883066061E+01    0.857966279123793751E+00    0.462556867156293811E+04   -0.293814203927775697E-03    0.146180317712033436E+00
    0.259957281994195740E-03   -0.164844835058226025E+02    0.182829295352597843E+01    0.615017795438704384E+00    0.482893332874162479E+04    0.538923677816435510E-04    0.463722673558987275E+00
    0.260306511856575812E-03   -0.164910747776822788E+02    0.923698558074360188E+00    0.744651380078299452E+00    0.456502534660470792E+04   -0.168997970494036502E-03    0.367212926610210044E+00
    0.261190044537719715E-03   -0.165017579355308577E+02    0.124561580971767394E+01    0.666816523875347622E+00    0.462328682771542844E+04   -0.179525290005942207E-03    0.775537446463129498E+00
    0.261187447458981886E-03   -0.165056442989257377E+02    0.152524867375300222E+01    0.712256674416535840E+00    0.482325672106157435E+04    0.141931899489063806E-03    0.237490593289718666E+00
    0.261490057772348556E-03   -0.165118663964160746E+02    0.106920411245096947E+01    0.794237560778220386E+00    0.426435636100733882E+04    0.208227091349165811E-04    0.287035705344313552E+00
    0.265720258209539684E-03   -0.165478683098976909E+02    0.183733210253189694E+01    0.633411700245786524E+00    0.465691232649241465E+04    0.398535255537563866E-03    0.612732919251530617E+00
    0.266414485537110979E-03   -0.165569929954882156E+02    0.179957643195650396E+01    0.739119533501327752E+00    0.416957083486227566E+04    0.573420135447217483E-04    0.710873024375016649E+00
    0.266257443854356964E-03   -0.165597199703761362E+02    0.124556882045369610E+01    0.906779615958792751E+00    0.488857603444947927E+04   -0.113839815580201443E-03    0.707679200088586202E+00
    0.266220813375855989E-03   -0.165633510506161059E+02    0.116149367612394849E+01    0.996175924921701039E+00    0.479432486826773675E+04   -0.119094450129806967E-02    0.923013366277497416E+00
    0.266426604316111475E-03   -0.165688027202965102E+02    0.173763336849248651E+01    0.756641409996260395E+00    0.496755656671119959E+04    0.653301484205978276E-03    0.551628952182093513E+00
    0.266425507043153759E-03   -0.165727007333171628E+02    0.166404503059206155E+01    0.553983776419451734E+00    0.440351924594937464E+04    0.183278968321402651E-03    0.180889762731170800E+00
    0.267398581622950177E-03   -0.165838983414870640E+02    0.133154222965240487E+01    0.715887032449245453E+00    0.414330988293886185E+04    0.159043718361912776E-03    0.788927197456359863E+00
    0.267404029810807146E-03   -0.165878453406363846E+02    0.867818258620034477E+00    0.879868219747548252E+00    0.417606363471726672E+04    0.287877472725815329E-03    0.568150216384682438E+00
    0.267725185848189827E-03   -0.165941521777584668E+02    0.140429017551600666E+01    0.767833714089238839E+00    0.411359376976244403E+04   -0.450436337618240245E-03    0.907242061655895937E+00
    0.267341115567179945E-03   -0.165951872295838996E+02    0.134991042613983159E+01    0.730933688580989838E+00    0.476530560940504074E+04   -0.103901689722981752E-03    0.684762358665466309E+00
    0.267643948980547273E-03   -0.166013577180891296E+02    0.103287825657733268E+01    0.813939140267529115E+00    0.429081957450573009E+04   -0.561469881747411292E-03    0.436600863306750853E+00
    0.274340391665852778E-03   -0.166546881522639154E+02    0.177479071639286934E+01    0.562704135467615663E+00    0.484366614312851652E+04    0.216873951407029028E-03    0.372913485557894775E+00
    0.273870810073784750E-03   -0.166551681190692342E+02    0.149265279769897452E+01    0.588332064449787140E+00    0.460075226283073425E+04   -0.456588803853172950E-03    0.761158645153045654E+00
    0.273431776843209530E-03   -0.166558656626954971E+02    0.960799962294035526E+00    0.736697307625616804E+00    0.452482449114461360E+04    0.176178300230856892E-03    0.356090492264152014E+00
    0.276511912003984440E-03   -0.166821754236799613E+02    0.135433544447267717E+01    0.502063718777001622E+00    0.413332322649842445E+04    0.275751603157458898E-03    0.669450992559359248E+00
    0.276151820415996673E-03   -0.166834754477394718E+02    0.156948993206024179E+01    0.506482154130935669E+00    0.405654303896427155E+04    0.455308126761069440E-03    0.517632305622100830E+00
    0.276037526150474020E-03   -0.166865537624098508E+02    0.171329145431518559E+01    0.747528016567230225E+00    0.405636806434392929E+04    0.194603454544988461E-03    0.679214358329772949E+00
    0.275504211933300645E-03   -0.166865922044341026E+02    0.190617785782734583E+01    0.677794042120461238E+00    0.430637253044387580E+04    0.430226569942297971E-03    0.833099516590994571E+00
    0.275802949707049832E-03   -0.166926659416265828E+02    0.164923704226585732E+01    0.634790295064079801E+00    0.394183768159219426E+04    0.174090124404044258E-03    0.466109294722603429E+00
    0.276741404925165120E-03   -0.167033658986846589E+02    0.126766831874847408E+01    0.838250063359737396E+00    0.405378010922670364E+04    0.378482800062853234E-03    0.213897705078125000E+00
    0.277033728657223740E-03   -0.167093836465940484E+02    0.166107442081016821E+01    0.556193850030790693E+00    0.461966948723493533E+04    0.228360785508466800E-03    0.221042473336329620E+00
    0.278001326369608256E-03   -0.167202631404195365E+02    0.167862397961421816E+01    0.755490380468371248E+00    0.452609005961690946E+04    0.601611832927064719E-03    0.332243858358641397E+00
    0.279331927317094924E-03   -0.167337191774941587E+02    0.116184502788107791E+01    0.807370137857841286E+00    0.448183466808473258E+04    0.598787172797858445E-04    0.639654834560339225E+00
    0.279357445079603261E-03   -0.167378081248124815E+02    0.111600184352661658E+01    0.872995014979842554E+00    0.486180756877241038E+04    0.776710627150529109E-03    0.155870220151316158E+00
    0.279204246757844049E-03   -0.167406172832802547E+02    0.135220681939106946E+01    0.837333119652969304E+00    0.492677899871765203E+04   -0.338476201089399137E-03    0.671488457869958144E+00
    0.282663076243686224E-03   -0.167691476609837267E+02    0.134893565975841923E+01    0.487255066826106087E+00    0.450385279285533488E+04    0.493882906014260644E-03    0.282025080024149832E+00
    0.282460748494219732E-03   -0.167716218159329777E+02    0.117405503783942966E+01    0.996012712740758976E+00    0.461939620126834961E+04   -0.141751518627200232E-03    0.740789978514977965E+00
    0.283327667982707443E-03   -0.167816570013559812E+02    0.870774340398755342E+00    0.907522237073521199E+00    0.481571340134699858E+04    0.527400921139480039E-03    0.726755285832821563E+00
    0.282949558005372327E-03   -0.167828924038192504E+02    0.183711922042722686E+01    0.691936652698610710E+00    0.471861465973715713E+04    0.670416945556944551E-03    0.616982501685085727E+00
    0.284386185464056192E-03   -0.167969276156969087E+02    0.145392495984547399E+01    0.830012825825389156E+00    0.499034063327338845E+04    0.527472934743970785E-05    0.891811374078993024E+00
    0.285329867938580888E-03   -0.168074595054832763E+02    0.129637036835286046E+01    0.688137667421919064E+00    0.484484755681999195E+04   -0.521498540593986473E-03    0.957433368723569322E+00
    0.285251302713417792E-03   -0.168108149821335786E+02    0.102611730829104619E+01    0.752981483377608729E+00    0.490238887574810451E+04    0.185749472345166479E-03    0.473199653957438626E+00
    0.285392251714243776E-03   -0.168157092324542461E+02    0.163107766633130513E+01    0.772805275196862373E+00    0.436686067216358606E+04    0.223124062706493617E-03    0.430423610060349626E+00
    0.287479735128828514E-03   -0.168341911133230369E+02    0.147011931170468868E+01    0.506179369145111080E+00    0.483781517808088756E+04    0.128226128832263544E-03    0.174656027062866814E+00
    0.288964297793600441E-03   -0.168483989077031495E+02    0.138144661640092226E+01    0.689791583049444212E+00    0.408703498722463155E+04   -0.242718224392548843E-03    0.943847624662853102E+00
    0.289111556758701361E-03   -0.168533241171848438E+02    0.181550579071044926E+01    0.669449783861637115E+00    0.449687814724445343E+04    0.643697345187222597E-03    0.897719800472259521E+00
    0.288570157986093483E-03   -0.168534815974571757E+02    0.118285164833068857E+01    0.984233565628528595E+00    0.489758016264438629E+04   -0.171657079259898883E-03    0.204311966896057129E+00
    0.289092213895404443E-03   -0.168610028037143422E+02    0.987840657277223810E+00    0.730804584684867642E+00    0.496373873028166690E+04    0.478390212102036650E-03    0.336107129037191477E+00
    0.289056891385690241E-03   -0.168646646703230090E+02    0.163854708671569815E+01    0.496300324797630310E+00    0.462356305128335953E+04    0.333747487886128648E-03    0.354689478874206543E+00
    0.293204016713493525E-03   -0.168970612098079798E+02    0.120882387600677244E+01    0.701160668368994044E+00    0.458884896533116626E+04   -0.296708601299423141E-03    0.500617414271102068E+00
    0.293224774732464728E-03   -0.169011090491656617E+02    0.153289651870727539E+01    0.775477744638919830E+00    0.432733399987220764E+04    0.101317275920314014E-02    0.684057474136352539E+00
    0.293290808152817160E-03   -0.169054656430103201E+02    0.160181961678568241E+01    0.769911496885742896E+00    0.475086810622161556E+04    0.906791691656060603E-04    0.756708262895730677E+00
    0.296536142224193327E-03   -0.169313808352577340E+02    0.149832222023179584E+01    0.755582250786798970E+00    0.416294626235568012E+04    0.512844398788817328E-03    0.355979114259594498E+00
    0.298119285026036474E-03   -0.169459362543033656E+02    0.169826615773446399E+01    0.697315253425095039E+00    0.479324797670055068E+04    0.348026475860622477E-03    0.242955725951333745E+00
    0.298158054913715855E-03   -0.169501025838679666E+02    0.124030834458718653E+01    0.743611348987459508E+00    0.422457071920684393E+04    0.411987098475193763E-03    0.551871871407208059E+00
    0.297736727592324928E-03   -0.169511806339644266E+02    0.176372962114113374E+01    0.595043341903772061E+00    0.452280415201225605E+04    0.512060385815893827E-03    0.823196443119650789E+00
    0.297586165038263241E-03   -0.169540752476968386E+02    0.143392475690364751E+01    0.736358036797475357E+00    0.411436769951622864E+04   -0.206569374763257245E-03    0.569898943658142199E+00
    0.297038510035690830E-03   -0.169542974584675328E+02    0.154508447647094727E+01    0.529506035149097443E+00    0.438664652109146118E+04    0.493520994414175547E-04    0.560708940029144287E+00
    0.297760074474028339E-03   -0.169630562068500410E+02    0.117552312008041970E+01    0.959522091102833041E+00    0.427064062949046820E+04    0.478709532903540103E-03    0.569384077776923583E-01
    0.297303323534010519E-03   -0.169638921888332348E+02    0.100885124206542964E+01    0.804628841578960419E+00    0.474468751823902130E+04   -0.671361807542675834E-03    0.388142228126525879E+00
    0.298319124870823277E-03   -0.169746202255161478E+02    0.156906810238413996E+01    0.714202585960166503E+00    0.485332391100937821E+04    0.537371089957833854E-03    0.183181897862505633E+00
    0.298599380018578270E-03   -0.169804044884512351E+02    0.156316777048774780E+01    0.621405345391809139E+00    0.477663670369705414E+04    0.156196324529692338E-03    0.696808545408421298E+00
    0.303166586972475457E-03   -0.170146700136686029E+02    0.122009150981903081E+01    0.985133640468120575E+00    0.410559107798337936E+04    0.241670627768985723E-04    0.782890319824218750E-01
    0.304248789698209458E-03   -0.170257028785840205E+02    0.147363998673192498E+01    0.644591084827852101E+00    0.421852953289654124E+04    0.398826598153362961E-03    0.953871135377147961E+00
    0.303663908781099550E-03   -0.170257606740342453E+02    0.905936384201049827E+00    0.864118792116641998E+00    0.413983423715829849E+04   -0.117831263108682916E-03    0.164968669414520264E+00
    0.303077948697325029E-03   -0.170258039285364333E+02    0.130803286857622192E+01    0.720251296371700045E+00    0.448408252657043340E+04    0.655698859099311786E-03    0.555741160014058266E+00
    0.304789402047388463E-03   -0.170409722268781110E+02    0.143613464004528146E+01    0.760378856109044210E+00    0.476804312855619537E+04    0.781617613797197064E-03    0.265276017959003518E+00
    0.304555744286254238E-03   -0.170433446481507538E+02    0.124545951301749924E+01    0.731510611481266726E+00    0.440237032293618176E+04   -0.248345044717369966E-03    0.551857839089165081E+00
    0.306355620743311424E-03   -0.170590357937534272E+02    0.175231639527624061E+01    0.665051172218645070E+00    0.436364303672734059E+04    0.451750203136983366E-03    0.488462326376018108E+00
    0.307324219823104639E-03   -0.170692554327232209E+02    0.115652222633361812E+01    0.748269595205783844E+00    0.430683156484365463E+04   -0.289867012588524598E-04    0.199245274066925049E+00
    0.307768822646322412E-03   -0.170760529714873641E+02    0.139226127987586135E+01    0.630568985769274670E+00    0.491514814592151743E+04   -0.165892884053764605E-03    0.699073768672316964E+00
    0.307588303640493198E-03   -0.170787857954991367E+02    0.115525934336728620E+01    0.920648818146933556E+00    0.453719724221424258E+04   -0.396760621770768081E-03    0.830572694551538371E+00
    0.307134033834093653E-03   -0.170797361100375653E+02    0.149628388346160479E+01    0.808754173327866255E+00    0.432351171763913590E+04    0.980272346569262298E-04    0.993420136112480368E+00
    0.307374600239993466E-03   -0.170852082707822177E+02    0.157420017719268790E+01    0.665896266698837280E+00    0.473318062680959702E+04    0.135321718564532760E-03    0.384838342666625977E+00
    0.307843676841113511E-03   -0.170921643436466866E+02    0.173713154706973993E+01    0.751931147401238897E+00    0.419514604327145753E+04    0.323668466024477341E-04    0.639138999525134421E+00
    0.308426993219364817E-03   -0.170998566998548043E+02    0.151872543447276742E+01    0.649686153284104728E+00    0.461693874881020201E+04    0.127915974715696594E-03    0.244832589823672148E+00
    0.309919338603403371E-03   -0.171134167519701883E+02    0.876058493009848727E+00    0.784332136526274759E+00    0.428852234408871664E+04   -0.594058143315982085E-03    0.307415869375498696E+00
    0.310184004257029052E-03   -0.171190302378542860E+02    0.121106142409661177E+01    0.757909498324742525E+00    0.477823756144094205E+04    0.373965506974595200E-03    0.514891772363217926E+00
    0.310461926615271215E-03   -0.171247276693508255E+02    0.178436953590318814E+01    0.756246158829158466E+00    0.418768142752136919E+04    0.491405865391363376E-03    0.942845972949210132E+00
    0.310162552019845527E-03   -0.171267044136419671E+02    0.130714737295464722E+01    0.736876671974740827E+00    0.497063639306248842E+04    0.375685763040594528E-03    0.806576188870991584E+00
    0.312504893522306290E-03   -0.171456578774840764E+02    0.175090032558918951E+01    0.542171467086918546E+00    0.440322133355503138E+04    0.329964375134400893E-03    0.733216500949979921E+00
    0.312659282961765417E-03   -0.171505519604304268E+02    0.872199941165638482E+00    0.892832952824020198E+00    0.477465525348862866E+04    0.895499258226166157E-04    0.405102302725734997E+00
    0.314237748975115252E-03   -0.171645298443268572E+02    0.111838003229024818E+01    0.882572292327341246E+00    0.451847798087056435E+04    0.369145159853162205E-03    0.309924384479674686E+00
    0.315804892745627139E-03   -0.171783855605928082E+02    0.177821915955086451E+01    0.503422474882513016E+00    0.460164651215455251E+04    0.601606236335755083E-03    0.430562148481970663E+00
    0.316411994265648766E-03   -0.171861329082863392E+02    0.181787926398535959E+01    0.767236562764524344E+00    0.442773375885070527E+04    0.300463569911547858E-03    0.838411084730220524E+00
    0.315979271080922010E-03   -0.171873020980138271E+02    0.117665036820858671E+01    0.695334394993778027E+00    0.462361496727293797E+04   -0.309402163610333686E-03    0.505148647754123714E+00
    0.316665770965366355E-03   -0.171955488556177087E+02    0.143405640139326396E+01    0.713549150812728739E+00    0.484733172478649249E+04   -0.668538804100335241E-04    0.229369365931780533E+00
    0.316617452579505279E-03   -0.171991499127172425E+02    0.133135784897115550E+01    0.828800356790840409E+00    0.478288731649311012E+04   -0.878340733982694769E-04    0.976885210293330641E+00
    0.318210684895552142E-03   -0.172130950098764437E+02    0.940581411786585830E+00    0.971423162403430629E+00    0.482857721241724630E+04    0.160273691395888541E-03    0.160507570232738539E+00
    0.318135953413234201E-03   -0.172165315065805729E+02    0.123555089080966218E+01    0.737655636101760326E+00    0.427297051634184572E+04    0.318742996557535988E-03    0.504862762201476634E+00
    0.319171621407504105E-03   -0.172269380333503861E+02    0.168408425461399780E+01    0.686283762080857729E+00    0.460400859915875662E+04    0.266977342818947006E-03    0.399713859596046661E+00
    0.323071808214482343E-03   -0.172551356007687140E+02    0.182706364004443644E+01    0.694666704435952354E+00    0.435468257439064200E+04    0.113488040747295005E-03    0.536911152090390531E+00
    0.322579220333352233E-03   -0.172559901218630181E+02    0.114554448127746578E+01    0.894873313605785370E+00    0.499903533607721329E+04   -0.267756862585538332E-03    0.915984511375427246E-01
    0.323065069470072908E-03   -0.172629063836363272E+02    0.139354202747344980E+01    0.764445021748542786E+00    0.462968984574079514E+04   -0.556478277303488231E-03    0.495255947113037109E+00
    0.323276456624410375E-03   -0.172681208408508553E+02    0.173102804616788442E+01    0.590170185404106373E+00    0.420149465935051467E+04    0.238004203294858263E-03    0.299931949961487809E+00
    0.323087220191787172E-03   -0.172708560074820809E+02    0.147892685466424778E+01    0.811966565476458957E+00    0.446548273642184813E+04    0.454366505670433741E-03    0.899143876104710360E+00
    0.322718266112020599E-03   -0.172724770237531686E+02    0.167589025717046125E+01    0.581138354353525566E+00    0.466674096748608008E+04    0.585286756253765414E-03    0.822011909969910026E+00
    0.324203223533777601E-03   -0.172855649754192164E+02    0.127068276405334468E+01    0.805116117000579834E+00    0.489086405843496323E+04   -0.394649874735115974E-04    0.578199326992034912E+00
    0.323951360770738264E-03   -0.172879168877237603E+02    0.169435578803536790E+01    0.612038432243350417E+00    0.464653679084699161E+04    0.574913869385610516E-03    0.803396073479190398E+00
    0.324248034515518823E-03   -0.172936538939241231E+02    0.150959241617504070E+01    0.757916117055869920E+00    0.473831510317168886E+04    0.266809684540479110E-03    0.755713733357127548E+00
    0.324715941144068871E-03   -0.173004441666259794E+02    0.122094912418543222E+01    0.763141516898587557E+00    0.456320717499326838E+04    0.422852373480243310E-04    0.594034594510052361E+00
    0.324471756249469355E-03   -0.173028458600418347E+02    0.137356364484929538E+01    0.728917427889609226E+00    0.473454652571004863E+04   -0.539644963930449389E-03    0.586711140157439748E+00
    0.323883646738687956E-03   -0.173031237934157325E+02    0.172415166232295447E+01    0.485368336873411521E+00    0.481104873071526708E+04    0.273126511235399229E-03    0.590274029269683309E+00
    0.323779334859653574E-03   -0.173063858078617123E+02    0.113903659132766188E+01    0.932902115687037514E+00    0.420250273479495263E+04    0.299424386369262822E-03    0.853116042468728963E+00
    0.323905778471010293E-03   -0.173110729534565344E+02    0.106538017385054395E+01    0.907367483703738764E+00    0.491573008758318974E+04   -0.110187608749852454E-03    0.968694704292786951E-01
    0.331243797733326770E-03   -0.173597831774360429E+02    0.139972745660780484E+01    0.580293298234105359E+00    0.441960705110947310E+04    0.229797741779204720E-03    0.362941661028345131E+00
    0.330942415612836170E-03   -0.173618688994019692E+02    0.178983329001025115E+01    0.669129124194148717E+00    0.461943965775306333E+04    0.546010892559581785E-03    0.296976570261270334E+00
    0.330645193681222010E-03   -0.173639781269218929E+02    0.111061372995486840E+01    0.734841881184810863E+00    0.468378028402862856E+04    0.274579957537083208E-03    0.403276834701966957E+00
    0.331296523682249712E-03   -0.173718202534145654E+02    0.173440439077053377E+01    0.644546954247022130E+00    0.478376670695302164E+04    0.286788041278027768E-03    0.870470981512400210E+00
    0.330997852672429383E-03   -0.173739226467566752E+02    0.168311083951634188E+01    0.552705163627993379E+00    0.487353135492463753E+04    0.374657014951060004E-03    0.588695728869922608E+00
    0.330673716922942422E-03   -0.173758694002916414E+02    0.123892236122094923E+01    0.713882834857963999E+00    0.494073562556546131E+04   -0.918003596913290307E-04    0.445310651496955145E+00
    0.333045533791171495E-03   -0.173940698083221648E+02    0.106791606549041340E+01    0.755534270615866754E+00    0.407772912620310763E+04   -0.164659669689148181E-03    0.404220500831967144E+00
    0.332679511674881885E-03   -0.173957768191277538E+02    0.159729793071746817E+01    0.593845009803771973E+00    0.439683886724710464E+04    0.698845917291920503E-03    0.543724894523620605E+00
    0.332529235378835482E-03   -0.173987794351977172E+02    0.165121602267732426E+01    0.675967427517813579E+00    0.458744671085643313E+04    0.614163950395229402E-04    0.890546446951013815E+00
    0.332188719752656752E-03   -0.174006366016528204E+02    0.126675035433817218E+01    0.677983166024237360E+00    0.464525621324866370E+04   -0.241440642762594498E-03    0.699722875109748288E+00
    0.331851322792871078E-03   -0.174025104622352664E+02    0.137115812603958842E+01    0.662441043363109494E+00    0.473599699679202968E+04   -0.360415835905853810E-03    0.439731539512724257E+00
    0.332618272867698616E-03   -0.174110336302728825E+02    0.126838050470824992E+01    0.544669315101417362E+00    0.445240395431409252E+04    0.112481883935061224E-03    0.198700775738064273E+00
    0.333196626327526856E-03   -0.174184144411815431E+02    0.867722777022032488E+00    0.721981962743145744E+00    0.408062218424667117E+04   -0.456385363249544039E-04    0.165634343839059200E+00
    0.332765733696433472E-03   -0.174197326008203746E+02    0.166372409881557592E+01    0.660648964101473224E+00    0.438326021824124837E+04    0.149809891180149033E-03    0.788166211312870346E+00
    0.334763462800365867E-03   -0.174356097733124535E+02    0.117005926454187281E+01    0.824698239438310776E+00    0.464039205941839464E+04    0.412528275718075329E-03    0.653012163071066354E+00
    0.334490348326842255E-03   -0.174378836710768930E+02    0.887467908859252974E+00    0.877545386552810669E+00    0.410333101397752762E+04    0.688301149806597027E-03    0.515228331089019775E+00
    0.334163549030786552E-03   -0.174398349526044285E+02    0.124770374779168991E+01    0.769927175728653879E+00    0.413961233780118891E+04   -0.267871853087599189E-03    0.599980288441699261E+00
    0.334231465457696358E-03   -0.174441476474501869E+02    0.177485752105712891E+01    0.618547677993774414E+00    0.447075476431846619E+04    0.159872979501901710E-03    0.697452008724212646E+00
    0.333990806091852656E-03   -0.174466133026870978E+02    0.162271277449329387E+01    0.558165405338590492E+00    0.439594812408854159E+04    0.291824731164761213E-03    0.633183297479564255E+00
    0.334204690807602908E-03   -0.174517999248180260E+02    0.105875914096832280E+01    0.905791245400905609E+00    0.470070569497346878E+04   -0.171512603309399828E-03    0.125642180442810059E+00
    0.333648698971221751E-03   -0.174523761507538211E+02    0.124220635797714762E+01    0.839927336353272547E+00    0.458187317573493328E+04   -0.813183375205549447E-03    0.146301873069837163E+00
    0.333322449184983687E-03   -0.174543257955053690E+02    0.958325305239838943E+00    0.788649790603628054E+00    0.427127591868458694E+04    0.418743150977414122E-03    0.494740932135012801E+00
    0.335262766407705762E-03   -0.174698405742303216E+02    0.151206569026952242E+01    0.492952303819956805E+00    0.494762725509547818E+04    0.870149827160260580E-04    0.629552858791674774E+00
    0.335377198879689828E-03   -0.174744293512434439E+02    0.100617557165594707E+01    0.754963349173660259E+00    0.470519785148382289E+04    0.780005606053309382E-03    0.431050319666428594E+00
    0.335083965707682837E-03   -0.174765861594789271E+02    0.977663803100585982E+00    0.767631113529205322E+00    0.399274228459596634E+04    0.252538136824241729E-03    0.329910457134246826E+00
    0.335256188171898287E-03   -0.174815200815764982E+02    0.123037393612425050E+01    0.750843184152651055E+00    0.477158254465557548E+04   -0.151154648457705687E-03    0.383631153515022028E+00
    0.335668442545889378E-03   -0.174878841601134383E+02    0.143505108348803745E+01    0.733633818634251811E+00    0.456963123884946981E+04    0.103189918592022249E-03    0.786292175370956525E+00
    0.336441793198606935E-03   -0.174963929348356189E+02    0.103295490130232914E+01    0.825413584868368688E+00    0.467959913944305481E+04   -0.102336806836841727E-03    0.146149303605901726E+00
    0.336418208931515972E-03   -0.175001589817203715E+02    0.177023904423552469E+01    0.555836031235145134E+00    0.460211410252722908E+04    0.176869495245688822E-03    0.586778302851697964E+00
    0.336298779452463034E-03   -0.175033550996299532E+02    0.132656283378601092E+01    0.752409689128398895E+00    0.498764737969636917E+04    0.383358702710680102E-03    0.380935847759246826E+00
    0.336373911351592716E-03   -0.175077081160913792E+02    0.983426174580905754E+00    0.758725528190009824E+00    0.398293121368473521E+04   -0.522538908200197898E-03    0.431920582897516780E+00
    0.336442143716647254E-03   -0.175120200185116417E+02    0.176193308031470774E+01    0.598854882848527392E+00    0.401232043186807186E+04    0.794502680288351575E-03    0.476101497793311734E+00
    0.336851015870088762E-03   -0.175183553572251078E+02    0.120526924882961706E+01    0.791474042776086462E+00    0.475535573510720587E+04   -0.463750801991440241E-03    0.616281490623056927E+00
    0.339882423632750688E-03   -0.175401796107502150E+02    0.129119052529535794E+01    0.741522495337107124E+00    0.460850503208069313E+04    0.892241953893298332E-03    0.807925508075625243E+00
    0.340271981953392142E-03   -0.175463768603234946E+02    0.116504896805518543E+01    0.757398734189726364E+00    0.462046876763183627E+04    0.652564417131084999E-03    0.539997293928025868E+00
    0.340036540611404325E-03   -0.175488987892775086E+02    0.890270357241369270E+00    0.801152379429140860E+00    0.474427483699541517E+04    0.375282143104795974E-03    0.312391024029807673E+00
    0.339463791120517809E-03   -0.175494334463597319E+02    0.144964496022415901E+01    0.546199969195210189E+00    0.450458499683261289E+04    0.369163507397463986E-03    0.522428817264982248E+00
    0.339748274330222777E-03   -0.175550150684021631E+02    0.179303823745820146E+01    0.648134188338620243E+00    0.407027831331053039E+04    0.488777651211696465E-03    0.874931304675516164E+00
    0.340485926536842763E-03   -0.175632589567909783E+02    0.169326667594955760E+01    0.676326621255176619E+00    0.439105319093103572E+04    0.252305785035484512E-03    0.960643164847361009E+00
    0.340199460385450046E-03   -0.175654818084175091E+02    0.115812685971795237E+01    0.732077949169079090E+00    0.452776756697272958E+04    0.586723681060371443E-03    0.282282939445190673E+00
    0.339889846225024310E-03   -0.175675670376850093E+02    0.916114882820319720E+00    0.859948277789134297E+00    0.489666669784929763E+04   -0.203974987638195479E-03    0.129620645149663788E+00
    0.340882591395660233E-03   -0.175773063433111147E+02    0.122649288644680365E+01    0.956596059907968810E+00    0.439624844942252912E+04   -0.422415517313294673E-03    0.547788254888883164E+00
    0.341163665735527862E-03   -0.175828610114519606E+02    0.147006950583397078E+01    0.653717961983556139E+00    0.414326516025396631E+04   -0.879055197905193893E-04    0.776762653509036394E+00
    0.341868700583924045E-03   -0.175908961146867817E+02    0.127119521556287252E+01    0.940654442409862623E+00    0.430264795749227505E+04    0.447943176648148112E-03    0.991749670290350993E+00
    0.341890484562701400E-03   -0.175949298012419817E+02    0.170473620891571054E+01    0.716565348207950592E+00    0.446222214335203171E+04    0.454815685091499442E-03    0.663198113441467285E+00
    0.342289355914164096E-03   -0.176011680193769493E+02    0.120229201091520377E+01    0.841026515402243824E+00    0.484797524618861553E+04   -0.717164119274095436E-04    0.500474582381329580E+00
    0.344747915861841185E-03   -0.176193883134221494E+02    0.119260780811309819E+01    0.853845067322254181E+00    0.421905690282583237E+04    0.130486667736598027E-03    0.428831100463867188E+00
    0.347092311541421963E-03   -0.176368491649630563E+02    0.148766411917606334E+01    0.746084843777368723E+00    0.476793737835092270E+04   -0.141972314704885878E-03    0.716698609041887424E+00
    0.348537219267194950E-03   -0.176490639167719578E+02    0.127136955261230478E+01    0.762376487255096436E+00    0.486665436726808548E+04    0.165561440211000813E-03    0.921412289142608643E+00
    0.350372309193679665E-03   -0.176634727801650762E+02    0.187325543685682172E+01    0.705619243592592427E+00    0.451963943538826061E+04    0.305247756560888509E-03    0.539977154718314312E+00
    0.350510106653503361E-03   -0.176681654528715981E+02    0.149524449981756780E+01    0.583512911902638876E+00    0.462902927472243391E+04    0.871866452284814856E-04    0.196336501235027244E+00
    0.350184874136789991E-03   -0.176702150745298177E+02    0.144656193256378174E+01    0.480230145156383514E+00    0.484140526127815247E+04    0.705136303310597754E-03    0.265189349651336670E+00
    0.352711437088281819E-03   -0.176884993987502703E+02    0.135122485160827654E+01    0.740387134253978729E+00    0.453825889974832535E+04   -0.511785111885854917E-03    0.928387284278869629E+00
    0.352704035820982102E-03   -0.176923636804771789E+02    0.174013034141568390E+01    0.534712583249500106E+00    0.483276120160151731E+04    0.191842300701391966E-03    0.683357779154933898E+00
    0.354622132488914825E-03   -0.177071169849510355E+02    0.136222700269790931E+01    0.522141007591209072E+00    0.486625283616680917E+04    0.361913967369976281E-03    0.244292929732409958E+00
    0.354347198166548520E-03   -0.177094720573513449E+02    0.894738077420820899E+00    0.977438457987892972E+00    0.426369735557239619E+04    0.662697988097694013E-04    0.417666112052900385E+00
    0.356858148720977418E-03   -0.177275005914334116E+02    0.158780648708343497E+01    0.542658194899559021E+00    0.416804151713848114E+04    0.453517912143528367E-03    0.567880988121032715E+00
    0.358262545648104641E-03   -0.177392622915338336E+02    0.934153451318935457E+00    0.977932507489162273E+00    0.470410261965819336E+04    0.124069085416001076E-03    0.716388641945313043E+00
    0.358889837818873562E-03   -0.177466673367423091E+02    0.119655412320192900E+01    0.862073864464917961E+00    0.478039366075759426E+04   -0.363938539638425699E-03    0.372964295877365681E+00
    0.358891580307145561E-03   -0.177505832971540300E+02    0.110837371349334712E+01    0.720863886177539825E+00    0.486747320079803467E+04    0.273537102855330664E-03    0.291143178939819336E+00
    0.358869294710908397E-03   -0.177543653520521367E+02    0.124815442497534379E+01    0.830894293662682637E+00    0.436945946460923551E+04    0.915214171496406156E-04    0.398147681327602476E+00
    0.361842407515612153E-03   -0.177747726782012982E+02    0.172305926660326625E+01    0.629931501499443436E+00    0.470724047141289429E+04    0.492398229484536325E-04    0.644931005953462311E+00
    0.361877626956364515E-03   -0.177788735860198486E+02    0.104658638150654060E+01    0.839187408890561315E+00    0.467511470020443539E+04    0.370363397496112920E-03    0.221614512383842999E+00
    0.362453851219500154E-03   -0.177859619392532871E+02    0.176822173595428467E+01    0.771790660917758942E+00    0.498678532415628433E+04    0.626206076557007290E-03    0.810307443141937256E+00
    0.363273877352429263E-03   -0.177943879365338624E+02    0.969667816162109397E+00    0.914247557520866394E+00    0.464949268037080765E+04    0.104779503012478059E-03    0.266449809074401855E+00
    0.363033967433978757E-03   -0.177969729290042622E+02    0.968534421920776434E+00    0.818904869258403778E+00    0.458014043140411377E+04    0.643054152400897376E-04    0.133939445018768311E+00
    0.362597201630323479E-03   -0.177984715323924760E+02    0.160842846002899975E+01    0.791135833504816866E+00    0.470939853052360922E+04    0.112889060303013447E-03    0.453387427927928854E+00
    0.361941669235025425E-03   -0.177987587490981980E+02    0.121510207025144767E+01    0.970640478985917099E+00    0.480179061866687516E+04    0.168464321371075942E-03    0.911259259950538025E+00
    0.361652538418609515E-03   -0.178010666953597578E+02    0.130593369570483953E+01    0.750014029149783878E+00    0.462597475643984944E+04   -0.866605607892545791E-04    0.810545207264632639E+00
    0.362914865717532318E-03   -0.178119416749429931E+02    0.152945323468363181E+01    0.489172670361066431E+00    0.448445323131909936E+04    0.173578495184129375E-03    0.471512116941533943E+00
    0.362400357881632234E-03   -0.178130104942344687E+02    0.115785410453866655E+01    0.943143087313791928E+00    0.403287103619425079E+04   -0.151798438792737767E-03    0.186224808041443507E+00
    0.364876754055597457E-03   -0.178305368937152586E+02    0.159639885425567618E+01    0.620100930333137512E+00    0.449357062017917633E+04    0.531151641397911668E-03    0.645829916000366211E+00
    0.370119938652899573E-03   -0.178629780940968068E+02    0.923696103280938097E+00    0.746892551457573384E+00    0.485969822428416774E+04    0.102128190992047097E-02    0.399702660604360382E+00
    0.372421741675498094E-03   -0.178792839734055740E+02    0.111554843261040548E+01    0.752194894391880253E+00    0.467648069017517901E+04    0.132281594773280909E-03    0.274250114434120840E+00
    0.372782856590807884E-03   -0.178851285632624197E+02    0.126795927304664779E+01    0.691723002713880430E+00    0.482439852788271673E+04    0.127432340975630403E-03    0.685023057615410935E+00
    0.372296957336218912E-03   -0.178864262372984086E+02    0.955055914921619564E+00    0.813104906402808747E+00    0.465636501498989401E+04    0.240307508791492297E-03    0.170004851525125067E+00
    0.372921779983764225E-03   -0.178936862558641785E+02    0.140861395223163743E+01    0.715160336275231345E+00    0.491116544600035104E+04    0.152014409120991464E-03    0.791524766036481142E+00
    0.373572588339216450E-03   -0.179010797847932785E+02    0.160980543591642311E+01    0.601510754582413099E+00    0.453113804820379755E+04    0.171106877473453162E-03    0.429998191262532636E+00
    0.376244814178465666E-03   -0.179192414369410642E+02    0.145393040803324558E+01    0.543695232242241810E+00    0.462568625451933167E+04    0.274347853455844930E-03    0.707209901252728423E+00
    0.375966623436823906E-03   -0.179216683648227750E+02    0.129250544976684756E+01    0.977418520252845147E+00    0.402445942158540538E+04   -0.370771739977751361E-04    0.495571150372511648E+00
    0.375575737919463498E-03   -0.179234941702719475E+02    0.169610875356532942E+01    0.719861650060517499E+00    0.416880347753292153E+04    0.138167977718873115E-03    0.707339795902890534E+00
    0.375033253859611486E-03   -0.179245095188292751E+02    0.109646012658384384E+01    0.930674601595696593E+00    0.442067497820072094E+04    0.218160518319628603E-03    0.140944944187999854E+00
    0.374530055782452314E-03   -0.179257304818293406E+02    0.102286700491339566E+01    0.829229786976614203E+00    0.441941342620603973E+04   -0.232311576729841827E-03    0.323035894053929962E+00
    0.377024366428852864E-03   -0.179429122564270713E+02    0.112100127812948402E+01    0.929121201630484839E+00    0.407364816421339901E+04   -0.133976898117591859E-03    0.220309559619444151E+00
    0.377808241521112231E-03   -0.179509724095085446E+02    0.113931189581394943E+01    0.819534890953871442E+00    0.418989235042354358E+04    0.536849463647018940E-03    0.563527781612496836E+00
    0.377668671298111991E-03   -0.179541396814022605E+02    0.148423803757091188E+01    0.477433467863773109E+00    0.492135410974929164E+04    0.783813376139876582E-03    0.588896426650173721E+00
    0.378568421436636265E-03   -0.179628050238705406E+02    0.157891914844512948E+01    0.736115403473377228E+00    0.401234898072481155E+04    0.191625432992742310E-03    0.822222828865051270E+00
    0.378091622473198795E-03   -0.179641907283210145E+02    0.174182650675846151E+01    0.666565748826767224E+00    0.437391351408568789E+04    0.582959578835629466E-03    0.925619812495553029E+00
    0.381827564894731363E-03   -0.179877620826244566E+02    0.176559733583169476E+01    0.579001409529164457E+00    0.424801964997952382E+04    0.476155114048592426E-03    0.739939026155460811E+00
    0.382402302052399804E-03   -0.179946765231748813E+02    0.981628833641429277E+00    0.910744275708818107E+00    0.422960970665249260E+04    0.665740749431459171E-04    0.190757326739473099E+00
    0.383564184098033668E-03   -0.180046503124616777E+02    0.875814626607060331E+00    0.831715097519283741E+00    0.493281338369721379E+04    0.129820660331635130E-03    0.384071236615918854E+00
    0.383105907182328456E-03   -0.180061655628622148E+02    0.149628097850333663E+01    0.638592035329328067E+00    0.418370994227074607E+04   -0.102061277566711176E-03    0.469878405659579168E+00
    0.383272962630368903E-03   -0.180109437338259752E+02    0.142619085611436081E+01    0.579855147132340432E+00    0.447320607623249634E+04    0.631254094030356890E-03    0.713554732877849762E+00
    0.383096167359888730E-03   -0.180139272155844061E+02    0.145358463944140759E+01    0.666206892381767779E+00    0.460577530477756864E+04   -0.121263420541030596E-03    0.782181814410918053E+00
    0.382453950185730870E-03   -0.180144778795288971E+02    0.102940189838409424E+01    0.971573114395141602E+00    0.467047920191287994E+04    0.655787170321144437E-04    0.186585545539855957E+00
    0.384111430835014172E-03   -0.180270330107507348E+02    0.147163907355234902E+01    0.756037697953374055E+00    0.412867740397200032E+04   -0.521688921424333938E-03    0.407876054711821423E+00
    0.384779576420379442E-03   -0.180344151539383546E+02    0.128462983601381486E+01    0.841715958212492454E+00    0.462237229976808067E+04    0.118867478433870916E-03    0.896061800021815236E+00
    0.385280427240082015E-03   -0.180409230240092455E+02    0.166616256947698882E+01    0.617190375215667886E+00    0.451087024306586682E+04    0.386969054837496388E-03    0.862939808107095807E+00
    0.385087898153825775E-03   -0.180438296010792349E+02    0.878990727021315532E+00    0.911829540746200373E+00    0.450641048857965598E+04    0.616098042623489193E-03    0.675406978887639342E+00
    0.385500902251130842E-03   -0.180498796877746344E+02    0.140282988896426808E+01    0.686673799929249484E+00    0.457411479710405729E+04    0.496718415030820743E-03    0.425319329995998086E+00
    0.385270466783342179E-03   -0.180525900683694225E+02    0.176109626182740309E+01    0.509444863061107811E+00    0.491526670557582565E+04    0.561931128460264125E-03    0.388437563585889212E+00
    0.386548896271027081E-03   -0.180631218616923981E+02    0.911471560394521707E+00    0.824022428172127785E+00    0.465266287195181121E+04    0.761266854504102827E-05    0.161113907380957100E+00
    0.385900454838500198E-03   -0.180636702652062553E+02    0.110587885220875282E+01    0.848359478987237514E+00    0.446693334189689995E+04   -0.786212424698976399E-04    0.242397818560886463E+00
    0.387428847279807124E-03   -0.180754820448538887E+02    0.942387485162226479E+00    0.787992997595098221E+00    0.430470525731543239E+04   -0.289603740438990921E-03    0.414824310863943002E+00
    0.389383976667642575E-03   -0.180894557574697288E+02    0.117765813674563780E+01    0.803197481364735899E+00    0.418525177311897733E+04    0.367744791765043334E-04    0.549829386394543262E+00
    0.388706450485601786E-03   -0.180898789863213665E+02    0.901079972494488901E+00    0.834662976922140643E+00    0.429687766784342330E+04    0.981552346979895022E-03    0.536872876921962727E+00
    0.389350771709433881E-03   -0.180970976989667705E+02    0.113413605990303212E+01    0.721089953908723880E+00    0.490595788527811055E+04   -0.368470116675667691E-03    0.395381113086439973E+00
    0.391937611978245991E-03   -0.181142479688486873E+02    0.158435720036228123E+01    0.774091664850385053E+00    0.420402569813318041E+04    0.111955735242900601E-03    0.585547634790394622E+00
    0.391344549738905127E-03   -0.181151256175008513E+02    0.919567816135422267E+00    0.866027951484877212E+00    0.494805081629169035E+04    0.612622407227005322E-04    0.658377713092947459E+00
    0.390601621042066104E-03   -0.181152314579680969E+02    0.164336939379527935E+01    0.608227487933700850E+00    0.466607903951110256E+04    0.146580595414098799E-03    0.676793417630118466E+00
    0.391215319904166675E-03   -0.181222775682397916E+02    0.119167922685890737E+01    0.813491475143226395E+00    0.408945837898477566E+04   -0.390308973379129161E-03    0.579135453091032315E+00
    0.391504217229275784E-03   -0.181276601955346983E+02    0.111857204437255864E+01    0.793782152235507965E+00    0.439596727305650711E+04   -0.597113571710321364E-03    0.268386900424957275E+00
    0.391038515913982182E-03   -0.181291859934492194E+02    0.169033015255216101E+01    0.645844478947947387E+00    0.465015604155327765E+04    0.419947619962191009E-03    0.269127240263060230E+00
    0.391433057682034934E-03   -0.181351091438188305E+02    0.100445166749998394E+01    0.809410611131552882E+00    0.460470894713871621E+04    0.282622722910406076E-03    0.382538399450241373E+00
    0.392790350388155785E-03   -0.181459383907475313E+02    0.158407234744083514E+01    0.635133891494999325E+00    0.446152421476145810E+04    0.398034192745002811E-03    0.717107519786762460E+00
    0.393114751987861375E-03   -0.181514957389126899E+02    0.101183277466948085E+01    0.787404960640506912E+00    0.460316601904450727E+04    0.326584368111050094E-03    0.396694624022978448E+00
    0.394332794072950303E-03   -0.181615892864038742E+02    0.175641145995941850E+01    0.512851267083625273E+00    0.499986157089864264E+04    0.262440312310321662E-03    0.445063178902434631E+00
    0.394047627927808725E-03   -0.181640486909489489E+02    0.111112280672852970E+01    0.712600710648764291E+00    0.473799946990407443E+04    0.893511335727155566E-04    0.296587381205426437E+00
    0.393889129947325709E-03   -0.181671503180853620E+02    0.149316476292850453E+01    0.623922910025523469E+00    0.474399940835129109E+04    0.584714626221809718E-03    0.553667394243433253E+00
    0.393219540799395273E-03   -0.181676537885996865E+02    0.152124287268101610E+01    0.667988617738953017E+00    0.394647131434253924E+04    0.643372988104596021E-04    0.741707782534105520E+00
    0.394277641698250099E-03   -0.181769345418188095E+02    0.133528394014995322E+01    0.968701182533732830E+00    0.441317130793916567E+04   -0.280077850648368851E-03    0.995276389902429282E+00
    0.394099822856508540E-03   -0.181799385902579829E+02    0.110583818577683624E+01    0.858986402168317897E+00    0.420309937173444087E+04    0.118022028252563879E-03    0.280835264235564375E+00
    0.395776859460986185E-03   -0.181923375032872912E+02    0.131828505498831383E+01    0.655558598491528977E+00    0.486703756587032240E+04    0.179107504867601831E-04    0.856625359071293446E+00
    0.396486441212335423E-03   -0.181998263094424537E+02    0.963908000222409633E+00    0.880820642495947714E+00    0.425091594416936186E+04   -0.314391088218987636E-03    0.700552486957630838E+00
    0.396168058297718235E-03   -0.182021258925683149E+02    0.115925206577849083E+01    0.955071714162548879E+00    0.461149717331621923E+04   -0.607801794167424684E-03    0.826260863073690621E+00
    0.395479843205670284E-03   -0.182025547619595329E+02    0.897107801072615230E+00    0.922133231874986414E+00    0.457225277779279895E+04    0.434494119109043813E-03    0.215758079618488002E+00
    0.396874482579291491E-03   -0.182135015026514360E+02    0.141672210160456791E+01    0.702888842910062817E+00    0.442920190207015094E+04    0.661727590669961702E-03    0.592258468784662595E+00
    0.396243549523685298E-03   -0.182142257133424366E+02    0.144574441406892928E+01    0.804000294396424620E+00    0.406862511556086520E+04    0.530179977698494193E-03    0.941681424527589406E+00
    0.397672186118586102E-03   -0.182253298966887876E+02    0.972506737709045499E+00    0.868330389261245728E+00    0.486318200039863586E+04   -0.982218925033581316E-04    0.728795409202575684E+00
    0.398372449536713870E-03   -0.182327548619336000E+02    0.114783794879913326E+01    0.885562404990196228E+00    0.494920095455646515E+04    0.742538886128561964E-03    0.855467081069946289E+00
    0.398023385318096393E-03   -0.182349078921114831E+02    0.130893863719381143E+01    0.974850245234804014E+00    0.489580218100172078E+04   -0.262096342229425590E-03    0.373947138909155985E+00
    0.399044141916401844E-03   -0.182439367051138177E+02    0.890701776077958307E+00    0.735836941472684414E+00    0.486257010170903413E+04   -0.512711418901521982E-03    0.415531333544499226E+00
    0.400608201485388809E-03   -0.182556666628858721E+02    0.944648699590674212E+00    0.890124076554894117E+00    0.475060078371145210E+04    0.251106393805732779E-03    0.520084387270105974E+00
    0.402026566769322436E-03   -0.182666414666861456E+02    0.152868191042672841E+01    0.756247629356165407E+00    0.467873955595440930E+04    0.568417399555808025E-03    0.589593122635312605E+00
    0.403810103091447865E-03   -0.182794008220416373E+02    0.972030489158153821E+00    0.923456723146388048E+00    0.449600276305593979E+04    0.172384626155050344E-03    0.381407905174360518E+00
    0.405540043755958353E-03   -0.182918568613053125E+02    0.129176724947996524E+01    0.822817740872719527E+00    0.419985415057433329E+04    0.586504982837232451E-03    0.261846376660497870E+00
    0.406626072550382578E-03   -0.183011119157921236E+02    0.124930968845154533E+01    0.704274036144214244E+00    0.423584451474407888E+04    0.781567408419844866E-03    0.911531478189292144E+00
    0.407543907230060781E-03   -0.183095274701943680E+02    0.160118151259503128E+01    0.538180631424293843E+00    0.489588340681236150E+04    0.388485592138860519E-04    0.608487888445460534E+00
    0.407197978438203056E-03   -0.183117353721961393E+02    0.174241179023682191E+01    0.612909635514394591E+00    0.440514094322698020E+04    0.286500754195907520E-03    0.337246327090347631E+00
    0.406555183133360811E-03   -0.183124819641135801E+02    0.991749301267830785E+00    0.835959947807643267E+00    0.405255571580038395E+04    0.195102760912580560E-03    0.243009255493336018E+00
    0.407610420734076195E-03   -0.183215726050364864E+02    0.957977473970223814E+00    0.802703236462746994E+00    0.444785960484013776E+04    0.137709494147941633E-03    0.230107546128036189E+00
    0.407867494133263729E-03   -0.183267398255816047E+02    0.126827248000312154E+01    0.682495443004966229E+00    0.491517541428612185E+04   -0.366679993860027388E-03    0.802820159276781853E+00
    0.409110032618749408E-03   -0.183367296673713085E+02    0.141252976902270122E+01    0.524208500794016041E+00    0.437338896649556773E+04    0.841609976895049553E-03    0.419258045744717589E+00
    0.409087503546350540E-03   -0.183405257773554524E+02    0.127735773378389705E+01    0.678136697152310841E+00    0.480856861732543348E+04    0.358582434621604090E-03    0.943818242336203705E+00
    0.408404618754587892E-03   -0.183410906620653051E+02    0.158755170615976882E+01    0.508425338385794734E+00    0.480862074879898773E+04    0.380515947800245512E-03    0.496615949004021617E+00
    0.407832276998822054E-03   -0.183421921290297369E+02    0.940759968757629461E+00    0.996986068785190582E+00    0.431006457120180130E+04    0.184797524621143022E-04    0.682638287544250488E+00
    0.407997619783599934E-03   -0.183469090518804983E+02    0.123212712154137627E+01    0.810412974737241387E+00    0.473356549541287586E+04    0.184963699663841442E-03    0.627630046839085742E+00
    0.408247652450638313E-03   -0.183520405839536878E+02    0.146820223991096288E+01    0.507797181085124949E+00    0.477143956995213102E+04    0.163895131504189810E-03    0.566587555730380332E+00
    0.412463729406063772E-03   -0.183764954172259571E+02    0.119719903958999674E+01    0.901321439943768232E+00    0.442172256705223117E+04    0.539046578551544944E-03    0.924953638693120084E+00
    0.411944469221291892E-03   -0.183778822344775001E+02    0.168634468355344946E+01    0.794659926495454139E+00    0.494859408760377937E+04    0.214020524668262111E-03    0.878726998888990640E+00
    0.411982573577874135E-03   -0.183819734734614499E+02    0.144690784444302123E+01    0.516315237036829022E+00    0.464275561442579237E+04    0.524982234725312113E-03    0.262544096028165086E+00
    0.411341576212964296E-03   -0.183827655308578031E+02    0.185124215373749479E+01    0.701129864052666862E+00    0.474192603388300722E+04    0.169692933760652175E-03    0.607257591408315034E+00
    0.411103264803740741E-03   -0.183855127418364859E+02    0.173098121915438297E+01    0.594367221905628407E+00    0.425552777322985276E+04    0.459756775600394477E-03    0.653469159591374749E+00
    0.411236776601984100E-03   -0.183900684156401795E+02    0.186535396874400483E+01    0.710283825719510542E+00    0.476825780474965904E+04    0.614728677777801697E-03    0.919699049636221511E+00
    0.410593507365017245E-03   -0.183908437546436545E+02    0.164131879243025436E+01    0.748496916993650840E+00    0.488818097541384577E+04    0.191133076621981181E-03    0.583461187283390137E+00
    0.413011065934882628E-03   -0.184064913941001151E+02    0.960719222345724932E+00    0.830456846367826573E+00    0.447291934517514801E+04    0.370688323797368244E-03    0.380316824625667516E+00
    0.414428602464442751E-03   -0.184172502907424693E+02    0.164252237292899572E+01    0.717371610665669679E+00    0.447259272695382970E+04    0.328415666236909261E-03    0.810501934832607240E+00
    0.417350610509027156E-03   -0.184352084430701808E+02    0.106037902673218865E+01    0.911033353860212780E+00    0.462036256204246274E+04   -0.455095230281565768E-03    0.214730903402693046E+00
    0.416858369243227017E-03   -0.184367544148431790E+02    0.158587072115846883E+01    0.796257495492650680E+00    0.461574270641660496E+04   -0.637127526669596851E-03    0.785816119953180237E+00
    0.416246005590103899E-03   -0.184377205109709621E+02    0.123727642898918666E+01    0.746522183780927495E+00    0.483496109623678331E+04   -0.100073333361075359E-03    0.983983484380035467E+00
    0.417828513733179069E-03   -0.184492160590748213E+02    0.140304225455772302E+01    0.635082144143962246E+00    0.493439989541687737E+04   -0.402521042629723784E-03    0.739236375436991944E+00
    0.418868403990564934E-03   -0.184580937187730960E+02    0.126352064799222474E+01    0.916129347250738357E+00    0.485654188736742526E+04   -0.176556656811158164E-03    0.841037267402267474E+00
    0.419433050179853525E-03   -0.184646942085212018E+02    0.130358341081802642E+01    0.810046536124652494E+00    0.490314944618519166E+04    0.593656893831966473E-03    0.650270546591089627E+00
    0.418768142499897163E-03   -0.184654274359809421E+02    0.960346031188964888E+00    0.803904108703136444E+00    0.433639869868755341E+04   -0.107570705912856071E-03    0.346334397792816162E+00
    0.418560041148229630E-03   -0.184683395651092610E+02    0.120819896516783465E+01    0.760382805173484999E+00    0.494573982606193294E+04   -0.392641348288785450E-03    0.341691574751857741E+00
    0.419908957687724132E-03   -0.184786809615732182E+02    0.169951479310046105E+01    0.623144736176069580E+00    0.430865787409378208E+04    0.278119510756958657E-03    0.558242414159012768E+00
    0.419200338336964617E-03   -0.184792092510497596E+02    0.986219065056637811E+00    0.742574680806235565E+00    0.468358675321863848E+04   -0.761904387526677837E-04    0.253859498623415503E+00
    0.422525774044094755E-03   -0.184989185180161257E+02    0.163651233816316433E+01    0.494195458013464206E+00    0.489644130963321459E+04    0.779953440262718539E-03    0.534102115886145534E+00
    0.426700368130884843E-03   -0.185224879766994732E+02    0.180348577499389640E+01    0.653940312564373016E+00    0.455613880205154419E+04    0.827211763929417532E-04    0.376212954521179199E+00
    0.429444322470291047E-03   -0.185392143201485240E+02    0.151079300609942635E+01    0.667473697884876094E+00    0.458888570825239367E+04    0.489754136770706238E-05    0.281652835773481436E+00
    0.430076017511118525E-03   -0.185460603267787292E+02    0.130575132015936601E+01    0.765350239406666688E+00    0.416898257946094600E+04    0.482952434974532284E-03    0.886699638896479292E+00
    0.429494489571305036E-03   -0.185472604437798410E+02    0.149864842297489398E+01    0.685556227541356922E+00    0.445021127451600842E+04   -0.501979930092143656E-03    0.305553000282743847E+00
    0.428788396183315092E-03   -0.185478759673351661E+02    0.918229198455810636E+00    0.933036319911479950E+00    0.476268069201707840E+04    0.662384231896190096E-03    0.292240619659423828E+00
    0.430851855165112821E-03   -0.185613837358385183E+02    0.102402663866306209E+01    0.889284993418765879E+00    0.461837357159902785E+04    0.773884204718838038E-04    0.119368479275121703E+00
    0.430070799903912646E-03   -0.185616610629805407E+02    0.137953776621361435E+01    0.490422589246215401E+00    0.493215761763190130E+04    0.407392847642956061E-03    0.430436368237266553E+00
    0.429454993411569651E-03   -0.185627015160375741E+02    0.152976933118238567E+01    0.727775843725092852E+00    0.425004353037345936E+04    0.546549204818870429E-03    0.693502427477744599E+00
    0.431381276736700987E-03   -0.185755585345266105E+02    0.138048846995677410E+01    0.559779989944129808E+00    0.478033707118007351E+04    0.812146862193136791E-03    0.448189480072894941E+00
    0.430638674230846398E-03   -0.185760189121255408E+02    0.121600282549706518E+01    0.905568181402329975E+00    0.474375852460052101E+04   -0.588660972284577684E-03    0.262310633479503619E+00
    0.430696968929027884E-03   -0.185801958798125604E+02    0.173260999124993664E+01    0.702959214203802141E+00    0.412697891912410614E+04    0.783196623937399360E-04    0.861433852330854122E+00
    0.430510958504520271E-03   -0.185832381785113050E+02    0.163060766814901204E+01    0.601773437316151405E+00    0.465145694057388937E+04    0.318706089277472060E-03    0.349231522855032783E+00
    0.429990918059542011E-03   -0.185847270461792746E+02    0.176882000915341742E+01    0.632904824510417630E+00    0.482742987200304560E+04    0.990124426879540501E-04    0.686464825380121657E+00
    0.429800939752767992E-03   -0.185877494622227282E+02    0.158501568312614083E+01    0.649269585140125338E+00    0.457087234198455826E+04    0.278184208895426400E-04    0.477646209795110299E+00
    0.429403214669873100E-03   -0.185898041145121553E+02    0.111020739951859815E+01    0.881576207775972676E+00    0.427100243339379904E+04   -0.645695096747698778E-03    0.301091157578403323E+00
    0.429461473363400412E-03   -0.185939816933695923E+02    0.116150645678731768E+01    0.836853145482599814E+00    0.448767482925377772E+04   -0.684346328823760060E-03    0.466215581501852716E+00
    0.430317464315280391E-03   -0.186018703216167758E+02    0.127184500429972358E+01    0.753459591700284315E+00    0.408419565457457793E+04    0.692229873789383557E-03    0.918294788040783461E+00
    0.429702761692956497E-03   -0.186029175564056111E+02    0.106193172931671143E+01    0.968055792152881622E+00    0.410290415936708450E+04   -0.742361874361660958E-03    0.197380900382995605E+00
    0.432209275950047231E-03   -0.186184561828593260E+02    0.102605806016203926E+01    0.897940762372435142E+00    0.453883581354663693E+04    0.656536140419553335E-04    0.736480782338637230E+00
    0.432757715608203693E-03   -0.186248986671296173E+02    0.893776523289602665E+00    0.754984694612949481E+00    0.463026175310015969E+04   -0.289213811226674672E-03    0.317877186679279333E+00
    0.434255148190177667E-03   -0.186357133916559548E+02    0.141282939648452044E+01    0.708952823823192579E+00    0.413770019376164510E+04    0.259039488953551771E-03    0.848368263774192055E+00
    0.436193362229969899E-03   -0.186485263936115331E+02    0.124995020629436726E+01    0.769077206361155841E+00    0.483295429080692338E+04   -0.213295964627450789E-03    0.351691285113951091E+00
    0.435514179962432561E-03   -0.186493160827371618E+02    0.137926757843481740E+01    0.633487881919593265E+00    0.460946672536859569E+04   -0.139839764904983185E-03    0.757668660443062580E+00
    0.434906072928493363E-03   -0.186504277877762803E+02    0.103777413180904965E+01    0.790430080293059278E+00    0.467525449293434303E+04   -0.234835380549687869E-03    0.389172717918731093E+00
    0.435152723213311839E-03   -0.186554679854704872E+02    0.116508446107908847E+01    0.984761919560566135E+00    0.459152051771783499E+04   -0.237332655101515315E-04    0.667122844738794241E+00
    0.435349276491704825E-03   -0.186602774075794997E+02    0.102086630755566965E+01    0.864136196823538372E+00    0.443962149138180666E+04    0.345989248808182387E-03    0.313830303165968383E+00
    0.435328111637309494E-03   -0.186640864236111028E+02    0.120571682621192222E+01    0.836892241463082831E+00    0.492434823823728311E+04   -0.429973042266518408E-03    0.646574946135575868E+00
    0.434681070626684644E-03   -0.186650178032620957E+02    0.131629946914431106E+01    0.899907865504757654E+00    0.408900080633335892E+04    0.923300105916314456E-04    0.769942961219557187E+00
    0.433870535536842945E-03   -0.186651912396014446E+02    0.945427799224853538E+00    0.892779588699340820E+00    0.413869973391294479E+04   -0.213447186231363492E-03    0.220585465431213379E+00
    0.434383866999045519E-03   -0.186714623795254262E+02    0.935459490414006778E+00    0.975952900859446637E+00    0.455969758523741439E+04    0.201672560178081347E-03    0.660304291698007528E+00
    0.434419550390723682E-03   -0.186755329170545785E+02    0.954490960995016291E+00    0.905006818582423711E+00    0.445823503385500044E+04    0.239399419966616743E-03    0.358337945380948986E+00
    0.434322336884654131E-03   -0.186789915611183197E+02    0.146336593913926238E+01    0.516239583191741458E+00    0.496753078718346842E+04    0.101560589680977135E-02    0.666123489153666704E+00
    0.434587029019485929E-03   -0.186841163140067295E+02    0.132437136368017461E+01    0.870220357756516183E+00    0.452768903292329469E+04    0.146109026351451301E-03    0.656552995989444166E+00
    0.436605337579571676E-03   -0.186972894595781725E+02    0.161894538349607231E+01    0.653829527397358112E+00    0.396539342421652327E+04    0.162089971962459681E-03    0.709617744343398082E+00
    0.436231074539293281E-03   -0.186994805516951175E+02    0.114127669116899688E+01    0.970999051440200045E+00    0.421972009889946548E+04   -0.184171051808473590E-03    0.374613425879035677E+00
    0.435579546799638782E-03   -0.187003974925721685E+02    0.159610095024108878E+01    0.578571952879428864E+00    0.481907349193096161E+04    0.107584589786949715E-04    0.527608096599578857E+00
    0.435442312897198680E-03   -0.187036735223219495E+02    0.160276849269866961E+01    0.738303735852241516E+00    0.476609284615516663E+04    0.271970050380430093E-03    0.733453094959259033E+00
    0.436161843791214919E-03   -0.187108818724872705E+02    0.148305073628692563E+01    0.747031695212580726E+00    0.455833192612713174E+04    0.176223694334318241E-03    0.856208734174815134E+00
    0.436444094573841025E-03   -0.187160819518324857E+02    0.109270383784946223E+01    0.822933044563687210E+00    0.416517920695705379E+04    0.653716858171874424E-03    0.278559382307404180E+00
    0.436506768376875552E-03   -0.187202753831885111E+02    0.105503320448730920E+01    0.872409447695824070E+00    0.453033136497283249E+04    0.136844216222425686E-03    0.253650625005579999E+00
    0.436193052817601614E-03   -0.187227437249173363E+02    0.110829932053654989E+01    0.942657262273495333E+00    0.428595915781959866E+04   -0.835583051674975563E-04    0.526529017080796247E+00
    0.435655056169541636E-03   -0.187241816701252262E+02    0.116383578777313224E+01    0.830654866993427277E+00    0.491972205322980881E+04    0.877839457484639414E-03    0.330945014953613281E+00
    0.434955691647145642E-03   -0.187248747060702740E+02    0.160375776290893546E+01    0.616671696305274963E+00    0.483468319541215897E+04    0.308208626487433790E-03    0.630586385726928711E+00
    0.435779578540507618E-03   -0.187325657442485252E+02    0.124417043152951945E+01    0.942560031263895981E+00    0.394630247579416209E+04   -0.759502359188756653E-04    0.689605892172589052E+00
    0.438424813268208449E-03   -0.187485755381140784E+02    0.178385061254491761E+01    0.693285892116552893E+00    0.496280851171181894E+04    0.706458795375171302E-03    0.329885666866963301E+00
    0.438010820587671885E-03   -0.187505923500522371E+02    0.101265078294660293E+01    0.872862284137008615E+00    0.468669783200886195E+04    0.758900714431741483E-03    0.265563609263615552E+00
    0.441811448389238515E-03   -0.187717777782510673E+02    0.139699856372495623E+01    0.719030233495228766E+00    0.430607889529941622E+04    0.251042946304114156E-03    0.957120184235397575E+00
    0.441725997099644784E-03   -0.187752971684058316E+02    0.168072406267637842E+01    0.572984120707064948E+00    0.462233830374110403E+04    0.381908933168827126E-03    0.582974370923283081E+00
    0.441173809725751889E-03   -0.187767017191569821E+02    0.107883691221784650E+01    0.957031546671865740E+00    0.491008230423995246E+04    0.511410323750159288E-03    0.118292316083679058E+00
    0.440521464453065342E-03   -0.187776484641632635E+02    0.178954868004553025E+01    0.625270699786225181E+00    0.473624814238302679E+04    0.351764793569582187E-03    0.453302037641451494E+00
    0.441768898472206292E-03   -0.187872101532466438E+02    0.155295220196810346E+01    0.693496607060074544E+00    0.498437529913896560E+04    0.574073411472225356E-03    0.170612545958438555E+00
    0.442294173392959310E-03   -0.187934930435533545E+02    0.167095120079554960E+01    0.602412291423164992E+00    0.449064738584032784E+04    0.160605078603407554E-03    0.700455571154603218E+00
    0.441498352118865716E-03   -0.187937974459875292E+02    0.104718190032471359E+01    0.992034939471157173E+00    0.496129552811469694E+04   -0.559135899661438547E-03    0.793724307408315677E+00
    0.444522970507402345E-03   -0.188113585824350764E+02    0.163581593869186692E+01    0.763224528910350530E+00    0.448508535294890044E+04    0.395009431814341864E-03    0.925010986081916231E+00
    0.445120719559083616E-03   -0.188179524214026586E+02    0.127138359740141160E+01    0.814797114200589645E+00    0.465552058232767013E+04    0.234186423817387215E-03    0.872355682543647371E+00
    0.444540297441524965E-03   -0.188192490383455642E+02    0.965240711192792311E+00    0.979160775043745324E+00    0.428889751290721779E+04   -0.452629299170064718E-03    0.693000639729229095E+00
    0.445612326982775127E-03   -0.188279725748653632E+02    0.120026949197546484E+01    0.883234442044657952E+00    0.453224276522282162E+04   -0.354540873076460931E-03    0.705566375982041749E+00
    0.444950981041769740E-03   -0.188289083631065139E+02    0.175858800066744769E+01    0.690204851201799308E+00    0.442527840053749060E+04    0.391703977341659670E-03    0.885423123210463237E+00
    0.446444019668202502E-03   -0.188395144039801465E+02    0.171328456415615737E+01    0.592818274830718583E+00    0.489110031984646503E+04    0.389048024919068510E-03    0.859508279185244639E+00
    0.446316126270164017E-03   -0.188428476293015095E+02    0.969935229976720326E+00    0.928660037111637138E+00    0.444271791490458509E+04    0.197723686233511982E-03    0.700802858645374172E+00
    0.445821112091087225E-03   -0.188445344260219798E+02    0.162563872506072782E+01    0.556243674173196312E+00    0.494585157772909406E+04    0.308279588406175299E-03    0.448440506240687653E+00
    0.445321258487729743E-03   -0.188461970226069049E+02    0.172511130254911627E+01    0.632759833096393942E+00    0.456284663541478039E+04    0.488202498361799120E-03    0.645316964938526860E+00
    0.445271909480326404E-03   -0.188498816270374441E+02    0.144975765898919762E+01    0.699878742256844766E+00    0.444966575364645814E+04    0.991816013308112064E-04    0.794729262997447505E+00
    0.448492335979311634E-03   -0.188682008073043264E+02    0.154887656366957316E+01    0.761172608825781305E+00    0.487411885735513351E+04    0.272890374052083659E-05    0.668107821635023025E+00
    0.448347371227856217E-03   -0.188714604991666590E+02    0.120338256418718337E+01    0.899699512400107149E+00    0.448451382564944834E+04    0.177779026479273160E-04    0.453906442350743289E+00
    0.447710669067244622E-03   -0.188725245124403394E+02    0.154804630534269805E+01    0.679474054478997225E+00    0.483374789643460736E+04    0.266054377968705919E-03    0.458308859264481061E+00
    0.446860059225372098E-03   -0.188726273288098270E+02    0.935532277119344058E+00    0.907645948821064419E+00    0.452338522416464639E+04   -0.205483672464067474E-04    0.608116546075943676E+00
    0.448861674864795880E-03   -0.188854721537936001E+02    0.121982217528177062E+01    0.885116188668107040E+00    0.453238217926819652E+04    0.282396332485013559E-03    0.639743437782305246E+00
    0.448546025457721297E-03   -0.188879714650299313E+02    0.152321305595737133E+01    0.536950402702353280E+00    0.483591214909200426E+04    0.372015444172901647E-03    0.402666131333069721E+00
    0.448283567646706716E-03   -0.188907071121839394E+02    0.114360382315632081E+01    0.874273028344944914E+00    0.455211066984511945E+04    0.328208888024782586E-04    0.761155947234725128E+00
    0.450706370366332158E-03   -0.189053934987925807E+02    0.123711490371602495E+01    0.995664701829520160E+00    0.432468770788066740E+04    0.534689435422565818E-03    0.954076491817861916E+00
    0.453987767553042055E-03   -0.189238081287588074E+02    0.148349428421378260E+01    0.765157891411873070E+00    0.495179538134956601E+04   -0.675295059003929311E-04    0.386550944537302321E+00
    0.453110410277852548E-03   -0.189238455249997450E+02    0.118178151556724575E+01    0.798005791358124883E+00    0.461797057050486910E+04    0.131785271766689054E-03    0.769192818714702908E+00
    0.454023415730475069E-03   -0.189317776672538542E+02    0.104777677762950616E+01    0.851814313588655225E+00    0.407352929500831578E+04   -0.391637181109796503E-03    0.521003235258520325E+00
    0.455768812125825306E-03   -0.189433577508312929E+02    0.166522202562907329E+01    0.671993558661751256E+00    0.431635034443021505E+04    0.597641253939801173E-04    0.879195090505340393E+00
    0.456238124097542495E-03   -0.189493223711989174E+02    0.117870319478034946E+01    0.896836708794434223E+00    0.425973083744571704E+04   -0.769078117474795053E-03    0.148632707326910141E+00
    0.457857716634673089E-03   -0.189603158177914182E+02    0.129301133962579073E+01    0.821610170295356435E+00    0.456020084820530701E+04   -0.344594284141333280E-03    0.923943573402781770E+00
    0.457652800308700077E-03   -0.189633267582320286E+02    0.178274663832773683E+01    0.627041663901224622E+00    0.482632378412763319E+04    0.491227577213541509E-03    0.631957438582734232E+00
    0.457528164569012349E-03   -0.189666882602739904E+02    0.120923541537273138E+01    0.760314149186521959E+00    0.435837970418187615E+04    0.164079293430938211E-03    0.750318462695359956E+00
    0.456761447285610649E-03   -0.189672401356723341E+02    0.126451337575499445E+01    0.883726537211804386E+00    0.411208580430055190E+04   -0.118864945925395500E-03    0.965281414327385789E+00
    0.456860665114831171E-03   -0.189715807789659188E+02    0.151028066841392317E+01    0.505727455006511839E+00    0.491341821477045778E+04    0.370613358498478405E-03    0.496465996772646023E+00
    0.456394492666056979E-03   -0.189734452228603878E+02    0.115478339007875519E+01    0.870472653372788008E+00    0.493533339942042130E+04   -0.240871049877774333E-03    0.758346887299161554E+00
    0.456614009003206102E-03   -0.189783132003403949E+02    0.903694966477714412E+00    0.993450229375735905E+00    0.480543333256097594E+04    0.179686786321121253E-03    0.546368897752182225E+00
    0.458752045880063950E-03   -0.189915623389194721E+02    0.185033541769943732E+01    0.662433186301090382E+00    0.474107871209089353E+04    0.241491750193432829E-03    0.784789679580630062E+00
    0.458699059566219924E-03   -0.189952375736049959E+02    0.155606335400061990E+01    0.531084232875895457E+00    0.495575480864242127E+04    0.589094139181126335E-03    0.184521036999883148E+00
    0.462343229794219231E-03   -0.190149701946027463E+02    0.150737312762236364E+01    0.782012765303216173E+00    0.483833434753109577E+04    0.769376248699654316E-05    0.721821026463665971E+00
    0.461692060465706264E-03   -0.190160576369525174E+02    0.985211483731580517E+00    0.895706181804161283E+00    0.424371731117127456E+04   -0.515266638061519862E-03    0.630508300722906423E+00
    0.463693145019043913E-03   -0.190286136369619499E+02    0.976510524897521326E+00    0.893434731081876321E+00    0.490833016077384309E+04    0.548173442466625077E-03    0.762053881525904142E+00
    0.463128969701421958E-03   -0.190300850059709319E+02    0.889661506011894421E+00    0.948590517893872276E+00    0.470478309361938409E+04    0.328661623744126447E-03    0.620171134863836460E+00
    0.464915382122203661E-03   -0.190416909510282863E+02    0.117687299653935762E+01    0.811576905294447259E+00    0.410358539466304956E+04   -0.576783699448093069E-03    0.694785910288893471E+00
    0.464200470587306923E-03   -0.190425193860329145E+02    0.926444338182628391E+00    0.802485565068528639E+00    0.457705958637563435E+04   -0.364010877668240499E-03    0.493396109129394356E+00
    0.466139901879813036E-03   -0.190547642362241447E+02    0.151942553595047314E+01    0.647617257662568391E+00    0.442588001849637749E+04    0.360731085063069204E-03    0.405781148254082846E+00
    0.466174647648328656E-03   -0.190588195593820515E+02    0.180342591670775287E+01    0.757904948779352106E+00    0.470910649056311559E+04    0.216992007823066114E-03    0.838336625958512327E+00
    0.465895884542002331E-03   -0.190615294917000639E+02    0.157045484785416822E+01    0.781457468002987987E+00    0.478765490931831755E+04    0.208808036980900490E-03    0.971086742412705428E+00
    0.465466038378906165E-03   -0.190635896443536623E+02    0.107818951549847419E+01    0.896596148040075258E+00    0.462574658628369161E+04   -0.209630744142886021E-03    0.232125062071222438E+00
    0.465754117196530177E-03   -0.190687333195750952E+02    0.110872875006709481E+01    0.854225241789722589E+00    0.480516405971081076E+04   -0.701220332226359607E-03    0.126627755523011892E+00
    0.466338511746511872E-03   -0.190751474517679185E+02    0.148483211999356035E+01    0.780550786201346769E+00    0.448953584478791799E+04    0.493023896256692491E-04    0.966218898815340843E+00
    0.465889402496490385E-03   -0.190771266653515994E+02    0.145553553104400635E+01    0.736343264579772949E+00    0.481854051983356476E+04   -0.194780159874174028E-04    0.988263130187988281E+00
    0.467878296912604442E-03   -0.190895527963673679E+02    0.116046477893806776E+01    0.891620661565573291E+00    0.430866953093275424E+04    0.218333465105162959E-03    0.967939585652277112E+00
    0.467075096163102285E-03   -0.190900227212925628E+02    0.125008882874541127E+01    0.775644494916163496E+00    0.442841519278559645E+04    0.159734554029538500E-03    0.734883286532536650E+00
    0.467849574491996346E-03   -0.190972425152833338E+02    0.113160786546354020E+01    0.772906967975597214E+00    0.460884837867384522E+04   -0.115523193521390941E-03    0.402039916453730273E+00
    0.467798959910202712E-03   -0.191009323824003410E+02    0.148069825867639304E+01    0.664644167651984197E+00    0.408410223914497647E+04    0.324247172091134258E-03    0.455151066406329408E+00
    0.469525683408977780E-03   -0.191122073726308024E+02    0.137318009002402452E+01    0.814451247850047411E+00    0.493623558218041035E+04   -0.498202515574223503E-03    0.689271634168943770E+00
    0.469218599664698952E-03   -0.191148051352790276E+02    0.121858781362903490E+01    0.789663744783795085E+00    0.484825030651376346E+04    0.109354108807792837E-03    0.860329201735150706E+00
    0.468698378592107131E-03   -0.191164927619339124E+02    0.164371881502820916E+01    0.540678845662144525E+00    0.495471824366541023E+04    0.296531801914725647E-03    0.502667638919364945E+00
    0.469458135400910336E-03   -0.191236383732283919E+02    0.111245036315008106E+01    0.979507224209546057E+00    0.438164019376224496E+04   -0.758222991830448411E-03    0.542885695965078741E+00
    0.471094912474251946E-03   -0.191345055436329261E+02    0.976070333805975965E+00    0.755061673838032688E+00    0.463337522748307310E+04    0.286472983835506462E-03    0.172743770343865066E+00
    0.470305919866807634E-03   -0.191350593734306926E+02    0.957467419784006180E+00    0.752710277710725961E+00    0.456047192445706423E+04   -0.829354046562905090E-04    0.340543640171543260E+00
    0.470969491638818533E-03   -0.191417855074893808E+02    0.117608328342466573E+01    0.869110972943302418E+00    0.430215043527732723E+04    0.218720280057229407E-03    0.321496826819823167E+00
    0.470852693641404417E-03   -0.191451957063245857E+02    0.151092257499694815E+01    0.577394939959049225E+00    0.479212352532148361E+04    0.308692966423366035E-03    0.764352083206176758E+00
    0.470380842698717345E-03   -0.191470967112328623E+02    0.115313359870884113E+01    0.879401145714649779E+00    0.398567474895629084E+04   -0.296870499577242661E-03    0.207610252698991221E+00
    0.469582772255942426E-03   -0.191476067845220115E+02    0.163902973428716359E+01    0.639791451989031756E+00    0.444247411681000813E+04    0.114369287350802768E-03    0.855205344373304532E+00
    0.471387163774975384E-03   -0.191591833910833351E+02    0.155520976685544010E+01    0.676382621297546338E+00    0.447049320603571869E+04    0.649996839314338532E-03    0.809277999499808498E+00
    0.472967075971627291E-03   -0.191697816793214884E+02    0.130738272685641133E+01    0.835580081494509352E+00    0.395673501449113837E+04   -0.106078549880252968E-03    0.893079637060386511E+00
    0.472291926575919515E-03   -0.191708309366509120E+02    0.161417180211928368E+01    0.718820829623033841E+00    0.416424402406312583E+04   -0.787273507992817742E-03    0.528282573555156953E+00
    0.471472973298279823E-03   -0.191712661803301252E+02    0.949713138661232081E+00    0.759660870111967035E+00    0.479377667125341850E+04    0.144318103133535725E-03    0.423975332372787617E+00
    0.474619408614153598E-03   -0.191884753465204625E+02    0.939446678889359177E+00    0.878196413650360386E+00    0.414102782221600137E+04    0.622078262143288931E-03    0.359151050314089448E+00
    0.476469409516211667E-03   -0.192001621663264004E+02    0.896702633142904326E+00    0.908415984099186224E+00    0.488875005298068936E+04    0.265538335502402828E-03    0.492093758291848982E+00
    0.477325706027475322E-03   -0.192076595302977431E+02    0.114528916742259623E+01    0.797389271748756734E+00    0.499400069884022560E+04   -0.169964440538966541E-03    0.179938638392686617E+00
    0.479148163608566135E-03   -0.192191873571936576E+02    0.146046232927161612E+01    0.523680178808358932E+00    0.445946760216569965E+04    0.603478597523209688E-03    0.289045077823577079E+00
    0.478254932331130327E-03   -0.192193617139488282E+02    0.145150585328441561E+01    0.733078452548416637E+00    0.498446059957293619E+04    0.858295550510817401E-03    0.751946757135729116E+00
    0.477425515843961856E-03   -0.192197964408178166E+02    0.121520260030698579E+01    0.835215077973009312E+00    0.476069017458990947E+04    0.806195874579905677E-03    0.531326821456144183E+00
    0.480066857841624146E-03   -0.192347371335784416E+02    0.112078790664672856E+01    0.881189286708831787E+00    0.399867800796031952E+04    0.644618362383684597E-03    0.623815774917602539E+00
    0.480638584821715606E-03   -0.192410238303718089E+02    0.105486164133319860E+01    0.897837002366469128E+00    0.409853843093058549E+04    0.186849625290405852E-03    0.458441744044833011E+00
    0.480630070916917911E-03   -0.192448946525869005E+02    0.102027769941491209E+01    0.948222444575459567E+00    0.467667608651937462E+04    0.406489780869598695E-03    0.133204051622618808E+00
    0.480219242809884603E-03   -0.192470906317829176E+02    0.109413331400827962E+01    0.823260566230971769E+00    0.455238934724950923E+04    0.122698909750594814E-03    0.287109242743002979E+00
    0.482210065636538366E-03   -0.192592710506955562E+02    0.105104751464673396E+01    0.959501661696402053E+00    0.457617265647820750E+04   -0.287748567619769543E-03    0.176381898431148265E+00
    0.484535587151051759E-03   -0.192727993806847593E+02    0.937992715835571311E+00    0.904091700911521912E+00    0.460007233589887619E+04    0.573606900539218008E-03    0.488640725612640381E+00
    0.485225835689476485E-03   -0.192795527171483911E+02    0.166719858578561597E+01    0.676077450517343137E+00    0.475133055103525294E+04    0.350715157297588995E-03    0.418157475701279702E+00
    0.485132072185751289E-03   -0.192830724561373188E+02    0.171960130344984030E+01    0.666689615755335918E+00    0.433722385244083944E+04    0.299180332988708457E-03    0.533282408297940602E+00
    0.484745071710982877E-03   -0.192853826256533765E+02    0.120169369468245280E+01    0.955367464785178422E+00    0.446213000095789903E+04    0.371124331572608257E-03    0.400239474778676274E+00
    0.484369108888179191E-03   -0.192877370963101313E+02    0.109697636528594167E+01    0.983100533871603899E+00    0.420053577367900925E+04    0.634844071856305271E-04    0.800430858790294075E+00
    0.488437603999752759E-03   -0.193083723379118055E+02    0.141068632483462353E+01    0.736533852585076643E+00    0.497417968750298587E+04    0.372017532179408708E-03    0.515596969086304369E+00
    0.487864829292124680E-03   -0.193099318774917563E+02    0.148514938128241258E+01    0.616937843628228122E+00    0.466304598823943070E+04   -0.211862236860674329E-03    0.790306703717217451E+00
    0.487333586809103050E-03   -0.193116591143727874E+02    0.163375749131414749E+01    0.654039350424690968E+00    0.465642667060728309E+04    0.470617598238088351E-03    0.771586613524235188E+00
    0.488122695547915772E-03   -0.193188012199419994E+02    0.107440999662245451E+01    0.798045098464780112E+00    0.467910439588066038E+04    0.547785313673698846E-03    0.319843757738444201E+00
    0.487887963861798697E-03   -0.193217454653229659E+02    0.116981918811798091E+01    0.983669780194759369E+00    0.426687654250860214E+04    0.711111576702991408E-03    0.745598912239074707E+00
    0.488661967341977614E-03   -0.193288220750455864E+02    0.159118712373980165E+01    0.606833538506585057E+00    0.477444211918207384E+04    0.661948294303183480E-03    0.284498593422147117E+00
    0.488721237063297824E-03   -0.193329708899725716E+02    0.160401367887033941E+01    0.493335160895274294E+00    0.486993144101203870E+04    0.477704201543545977E-03    0.382101766453211478E+00
    0.490823689620709320E-03   -0.193454625788991912E+02    0.157698139358465195E+01    0.595364148892186695E+00    0.495115289758868585E+04    0.484157058962144974E-04    0.784708273290494418E+00
    0.490266140250735123E-03   -0.193470956448827138E+02    0.146755776405334482E+01    0.698758438229560852E+00    0.462019054216146469E+04    0.107360603227782479E-03    0.353283524513244629E+00
    0.489794972568004423E-03   -0.193490788812548189E+02    0.920410905802577672E+00    0.896775791636100439E+00    0.481862084903906725E+04   -0.768362866222742759E-04    0.318287534643334036E+00
    0.489012578786514741E-03   -0.193497877961012961E+02    0.160540460069417223E+01    0.715765767384904272E+00    0.456217838860669326E+04    0.149772828505391925E-03    0.822395677831737171E+00
    0.488871272178156304E-03   -0.193531160363132813E+02    0.147193205356597900E+01    0.604171045124530792E+00    0.496889260429143906E+04    0.301286526572949823E-04    0.277487039566040039E+00
    0.490643934478021573E-03   -0.193642612315509197E+02    0.139631970086808632E+01    0.493816134464452883E+00    0.483662087839508968E+04    0.187018749853001690E-03    0.345176984140720400E+00
    0.490185221779589997E-03   -0.193662967674558253E+02    0.160097228620633447E+01    0.752276359696712582E+00    0.482773401903523245E+04    0.348379627101503761E-03    0.634605185186221332E+00
    0.489956594836762796E-03   -0.193692699812641145E+02    0.110540062004432293E+01    0.747970848756015938E+00    0.491355634520785679E+04   -0.492144939461454834E-03    0.334668553771940491E+00
    0.489347763878660849E-03   -0.193706894414071442E+02    0.121049846324798582E+01    0.905365015741169676E+00    0.431073039225243701E+04    0.686256508556816556E-03    0.734683932910180748E+00
    0.492230412439323222E-03   -0.193863427204971863E+02    0.951136994808230773E+00    0.988921194649972524E+00    0.491882997855168378E+04   -0.344048614132069536E-03    0.759400518708718941E+00
    0.493123227644883888E-03   -0.193938733157619652E+02    0.111287190596256380E+01    0.968936354025722091E+00    0.415237656816909384E+04    0.633363455686822112E-03    0.681850244390125537E+00
    0.492566838168175328E-03   -0.193955216976749938E+02    0.109859175386709862E+01    0.981164114234736262E+00    0.474407788215359142E+04    0.281228614957662875E-03    0.786508056464900074E+00
    0.492901989369907197E-03   -0.194007883203434517E+02    0.120552705842044738E+01    0.828852154477976333E+00    0.421079118916136122E+04   -0.405437707958523756E-03    0.608310554458280750E+00
    0.492356057462243731E-03   -0.194024781683956284E+02    0.952939316271851355E+00    0.878733481539025085E+00    0.428893589247946511E+04    0.556482248020784536E-03    0.472261217600784544E+00
    0.491668723166602565E-03   -0.194035904464512186E+02    0.182884351614110097E+01    0.675002461444060065E+00    0.491358662081900729E+04    0.440519879209286648E-03    0.741771164602671340E+00
    0.491302347385890446E-03   -0.194060058049747397E+02    0.163025724852896792E+01    0.686463508053035243E+00    0.417699398386919256E+04    0.417021900111553818E-03    0.462285650712967788E+00
    0.491130765125898940E-03   -0.194092134536773813E+02    0.905345796537558978E+00    0.971362865252839214E+00    0.457713274484730482E+04    0.201799551398968189E-03    0.330224322317087093E+00
    0.492596867628628757E-03   -0.194190811244584545E+02    0.161238680130555734E+01    0.733171353553940253E+00    0.432236941765322536E+04    0.846860161822058391E-04    0.685376374345182393E+00
    0.492382701225075920E-03   -0.194221176451211406E+02    0.166864744466435044E+01    0.712519460761793177E+00    0.447603047018051529E+04    0.211787603985577410E-03    0.809831581508700826E+00
    0.491636309002703355E-03   -0.194229898384301229E+02    0.901197869770135718E+00    0.791275213134294941E+00    0.495963700962034181E+04   -0.335919325889728513E-03    0.465233784029060460E+00
    0.490913948768739727E-03   -0.194239553315237075E+02    0.160953116922862938E+01    0.509033225981275983E+00    0.493602518628469079E+04    0.359420238898449577E-03    0.548861139373647555E+00
    0.492017641862900370E-03   -0.194323530174223293E+02    0.123351329502409368E+01    0.816154820460514796E+00    0.491883279396001763E+04    0.344889494538957932E-04    0.792005207639426501E+00
    0.491108936152386704E-03   -0.194325620589870383E+02    0.114669825490289812E+01    0.957067665599269257E+00    0.476254484434548885E+04   -0.248127102898995685E-04    0.507086686063170311E+00
    0.492808949829614661E-03   -0.194433795173028230E+02    0.142474479224227046E+01    0.704605535158953522E+00    0.453065174199652938E+04    0.697568613295338424E-03    0.818802867952175273E+00
    0.494553869818827757E-03   -0.194543547870028100E+02    0.150133046202467613E+01    0.681836202137209413E+00    0.494781427461736621E+04    0.916383398733698509E-04    0.699364244862706430E+00
    0.493883286482645089E-03   -0.194555473250190296E+02    0.162217215908021073E+01    0.714246657116834993E+00    0.459702473292683953E+04   -0.407134993838506739E-03    0.492377670989324556E+00
    0.494111813566340259E-03   -0.194603787904892869E+02    0.981001385529619463E+00    0.765913306618195344E+00    0.419580987939669285E+04   -0.103899463061296816E-03    0.305981041751153260E+00
    0.493213492326923745E-03   -0.194606456260756318E+02    0.115661609682112632E+01    0.987087186594185262E+00    0.429440618161014754E+04   -0.188228371440803978E-03    0.390946309925633284E+00
    0.493273185777002633E-03   -0.194647939207032081E+02    0.117923946789358314E+01    0.881154796508667348E+00    0.479187345902073685E+04   -0.313925397203864472E-03    0.872089117274517656E+00
    0.494654714392712492E-03   -0.194742938158104053E+02    0.132547973347293935E+01    0.806696582281809293E+00    0.432442108559360167E+04   -0.252458627479066808E-03    0.893935583690642965E+00
    0.494089542742666529E-03   -0.194759136435833504E+02    0.117561850188755557E+01    0.990560871750017613E+00    0.416162346377736139E+04   -0.174764074969580642E-03    0.424567860467318425E+00
    0.493837963561470856E-03   -0.194788012796262358E+02    0.177165559826171526E+01    0.635813741802517596E+00    0.469390893230069469E+04    0.757567229122542343E-03    0.640125720972044676E+00
    0.495001553531821846E-03   -0.194874144228573627E+02    0.145902526364972629E+01    0.679945049232308696E+00    0.413786997342327595E+04    0.467767656869136187E-03    0.451737618892692760E+00
    0.494427649508503812E-03   -0.194890005307556038E+02    0.183860018284103299E+01    0.711167505462913851E+00    0.444361278224805483E+04    0.985348058125247277E-03    0.685172667299741467E+00
    0.495225752644950883E-03   -0.194961325699368579E+02    0.110301556301067283E+01    0.923313057319296138E+00    0.417875057852779537E+04   -0.321450993659798113E-04    0.788011210264275785E+00
    0.496327327320136781E-03   -0.195044826571882801E+02    0.123461679577693073E+01    0.857762904446594865E+00    0.463762781806138992E+04   -0.422366788752375074E-03    0.487214248086291934E+00
    0.496244551332539912E-03   -0.195080553253507034E+02    0.155871438980102539E+01    0.607184819877147675E+00    0.431144201195240021E+04    0.503646064477247498E-03    0.628882706165313721E+00
    0.495713218291105625E-03   -0.195098190119935921E+02    0.122562068701353066E+01    0.904322708225247074E+00    0.481118005480530974E+04   -0.435606991324015555E-03    0.331696728366619897E+00
    0.497409293754473851E-03   -0.195205565525615157E+02    0.118996629568350909E+01    0.735911106819454597E+00    0.476012686073174973E+04    0.731293207256860809E-03    0.485234182550061566E+00
    0.499223111880277314E-03   -0.195317425984748070E+02    0.178441295226088936E+01    0.677606768588131847E+00    0.479693265436831462E+04    0.484271889614471646E-03    0.779344310205960955E+00
    0.500410375164174860E-03   -0.195403996450719717E+02    0.125953155025506058E+01    0.963274506387494567E+00    0.463636215420908320E+04    0.549046937889006667E-03    0.160289179215431010E+00
    0.499553787863184977E-03   -0.195408794222355127E+02    0.133199202003191863E+01    0.812411688617780570E+00    0.456853894883237444E+04    0.324147795030080518E-04    0.810467219957136553E+00
    0.501110981559342843E-03   -0.195510103140965086E+02    0.164045912964264806E+01    0.661311744940717761E+00    0.486697507603506710E+04    0.150920668105104333E-03    0.597690193807551062E+00
    0.501348938142798565E-03   -0.195558660547773400E+02    0.982667004752776574E+00    0.752775292979022570E+00    0.492287694528604334E+04    0.319417151756046214E-03    0.395484141788203458E+00
    0.501322282884447863E-03   -0.195596659677935136E+02    0.164510570758752239E+01    0.725273652257023116E+00    0.481079273170892702E+04    0.109345151124994793E-03    0.936775471663363168E+00
    0.500755396152456080E-03   -0.195613093720907436E+02    0.120231752702026617E+01    0.978283808165405278E+00    0.460012837773502179E+04    0.437298180245301133E-03    0.423593229691161977E+00
    0.499975358468660730E-03   -0.195620977491237014E+02    0.136869939123940609E+01    0.683277507692210517E+00    0.489479504707703654E+04   -0.148005500786007867E-03    0.788951820779290713E+00
    0.499141160769082546E-03   -0.195626642569520754E+02    0.126672671360260702E+01    0.922981892517491520E+00    0.444088764520892528E+04   -0.417443324129132911E-03    0.717643634331583624E+00
    0.499375927594491705E-03   -0.195675109688929822E+02    0.145056460490891448E+01    0.536118392531304444E+00    0.499743481755325229E+04    0.470463238436481508E-03    0.272240109742486247E+00
    0.501059369699840391E-03   -0.195781480637513710E+02    0.163660890435483442E+01    0.622969137110982674E+00    0.489290143927617100E+04    0.576265794147302890E-03    0.948222395576310939E+00
    0.502032998239464959E-03   -0.195859368229857829E+02    0.103844130746465879E+01    0.964131649833008586E+00    0.495432536639114551E+04   -0.787057147636593648E-04    0.802974815351763627E+00
    0.501233560900220384E-03   -0.195866557345814130E+02    0.115854189395904550E+01    0.816335812211036682E+00    0.477785102140903473E+04    0.153087656989629983E-03    0.248129248619079590E+00
    0.500952633439436575E-03   -0.195894407259980383E+02    0.873411667070351116E+00    0.821220475415744389E+00    0.464561934707525688E+04    0.330793715561498796E-03    0.322567622382129493E+00
    0.502112877587088157E-03   -0.195979737711668385E+02    0.130652298632384611E+01    0.960788530835605670E+00    0.434418718879368407E+04   -0.136281587040372020E-04    0.290419737562556624E+00
    0.501818616439678720E-03   -0.196007075859654876E+02    0.928044090448123304E+00    0.789362348219871723E+00    0.474912942542329529E+04   -0.680526611728818082E-03    0.370771928901454606E+00
    0.501139578747570647E-03   -0.196019056959886768E+02    0.143387239069378625E+01    0.664203546667993305E+00    0.497375943271563210E+04    0.318843004153753482E-03    0.798175945624349681E+00
    0.500244557908192467E-03   -0.196022368101544373E+02    0.100752067788222077E+01    0.916581420143890213E+00    0.441424924002759326E+04    0.143781181625220775E-03    0.582028437552812972E+00
    0.501717397555716694E-03   -0.196120228870294078E+02    0.107639555349908012E+01    0.964025452437388020E+00    0.445751510815387792E+04   -0.139743448933066618E-03    0.300008810738655818E+00
    0.501131003827675410E-03   -0.196135902240129809E+02    0.108057144192646293E+01    0.979625726072304137E+00    0.448666800299564784E+04   -0.181306244078074119E-04    0.713508088246406214E+00
    0.500883550054223559E-03   -0.196165086489258975E+02    0.156327854670338073E+01    0.727706568277544319E+00    0.447468726282592706E+04    0.434959455018603966E-03    0.668726756880199003E+00
    0.500160845969124649E-03   -0.196175270980909247E+02    0.157725886610318522E+01    0.642425965363882856E+00    0.446641231377707845E+04    0.393670003385457269E-03    0.976873414258272676E+00
    0.499682503771907210E-03   -0.196195196793794082E+02    0.125086340513442140E+01    0.752276666482153855E+00    0.473763382890480443E+04    0.663327034106840033E-04    0.889772919083077096E+00
    0.501609771516873257E-03   -0.196311250604825887E+02    0.110421379249230656E+01    0.838969528155488087E+00    0.467878646832729646E+04    0.247851133741651972E-03    0.519136216493924718E+00
    0.500857549240905204E-03   -0.196320298264378366E+02    0.110207299317693930E+01    0.867580973839275460E+00    0.460108439296870802E+04    0.110820983012250389E-03    0.274238455540028236E+00
    0.500181253772482670E-03   -0.196332337013879048E+02    0.105817749500274649E+01    0.789852969348430634E+00    0.460566884100437164E+04    0.175961861318446123E-03    0.348958671092987061E+00
    0.501690214823044501E-03   -0.196431645253532281E+02    0.896827551776368304E+00    0.940162451910622421E+00    0.444572138516305949E+04    0.735573654330143887E-03    0.353759362440957625E+00
    0.502357536050284932E-03   -0.196497292996113657E+02    0.160803401338116947E+01    0.653911445388529300E+00    0.393156729707903469E+04    0.804484839285028578E-03    0.744641794263352641E+00
    0.501416747047825047E-03   -0.196498865423145013E+02    0.121706281432657137E+01    0.772868861590391032E+00    0.467914676466880428E+04    0.167482335270115537E-03    0.552048532694686234E+00
    0.500957512768560585E-03   -0.196519602061046825E+02    0.108460080583293106E+01    0.934888737745890763E+00    0.449606611721541231E+04   -0.495473119078407539E-04    0.182242419669910949E+00
    0.500399642421095491E-03   -0.196536379988462571E+02    0.118365468262557938E+01    0.994321365917129496E+00    0.478189228616977198E+04    0.171102804959109774E-03    0.904065423836048598E+00
    0.499682884366902400E-03   -0.196546774527261157E+02    0.146998844037384391E+01    0.659089677934155738E+00    0.444176354259406980E+04    0.248537982998255341E-03    0.906494203748194005E+00
    0.498915387627144741E-03   -0.196555094058345716E+02    0.168156167782896571E+01    0.689749156848141420E+00    0.461551855802498085E+04   -0.310679873533679810E-03    0.948844635265545633E+00
    0.498329349569613320E-03   -0.196570650267336298E+02    0.100522741259723247E+01    0.838515059021512466E+00    0.432809710141319374E+04    0.151335654832630097E-03    0.342962700560409284E+00
    0.500189891646889194E-03   -0.196684244900666627E+02    0.106140088891581819E+01    0.975422507217268864E+00    0.430231532599533421E+04   -0.567717364322951391E-03    0.142597198978789419E+00
    0.499259239619071816E-03   -0.196686060790802486E+02    0.111027729124808383E+01    0.879944993792792896E+00    0.401393195812601607E+04    0.761338924220096201E-04    0.413047854223024424E+00
    0.500852282077494265E-03   -0.196788837937465573E+02    0.161458812120144657E+01    0.664776085540682349E+00    0.493804885115710931E+04    0.186628283910472730E-03    0.402866145645134677E+00
    0.499930705800815571E-03   -0.196791066216726733E+02    0.100895190839237303E+01    0.818104033085567561E+00    0.431862491710952145E+04    0.836665492576413170E-04    0.467521683131928545E+00
    0.499479807126212375E-03   -0.196812082130289525E+02    0.128787772655487065E+01    0.727284468710422516E+00    0.491014405578374863E+04   -0.474391923085829622E-03    0.769344031810760498E+00
    0.500932260741251772E-03   -0.196909218885178170E+02    0.110688298867170998E+01    0.910794174518512856E+00    0.478103224998562200E+04   -0.983006902638631212E-04    0.316889516308803354E+00
    0.500168408588318723E-03   -0.196917760886108653E+02    0.113361210592916839E+01    0.825712693483202531E+00    0.497311765319334154E+04    0.301996647802580472E-03    0.335718440988541811E+00
    0.501327212809620382E-03   -0.197003106353849482E+02    0.123092754566766316E+01    0.865374651498327374E+00    0.440229389872226511E+04   -0.317498007944514717E-03    0.653652000634946995E+00
    0.502523896596359710E-03   -0.197089852592698378E+02    0.152272038031238566E+01    0.759091571312792812E+00    0.465010616868168654E+04    0.621712728824459836E-03    0.762246287452682969E+00
    0.502514484425064861E-03   -0.197128540493221678E+02    0.183712753935073403E+01    0.638470253187086945E+00    0.498523174919800658E+04    0.586991216063951593E-03    0.700866471207332253E+00
    0.501618990434482049E-03   -0.197131930674734264E+02    0.158387343767245636E+01    0.637152518452790417E+00    0.454146660720139880E+04    0.362719079702947050E-03    0.729117122506848903E+00
    0.500707993388109594E-03   -0.197134637881025832E+02    0.161346349993012272E+01    0.712317353838990197E+00    0.469165917322208861E+04    0.198693119695252546E-03    0.616467566590780502E+00
    0.500227819599364512E-03   -0.197154511385313960E+02    0.167691850458252389E+01    0.614820184228301536E+00    0.477916684716255986E+04    0.462741947418875144E-03    0.582302518979615158E+00
    0.499701643029626798E-03   -0.197172525335872457E+02    0.110003913418762744E+01    0.819378832093944243E+00    0.451560414962956384E+04   -0.104526663283066206E-04    0.553742493862739438E+00
    0.500251072095113359E-03   -0.197233566039940484E+02    0.140833052979016693E+01    0.717715347027093831E+00    0.472206521925237121E+04    0.526662705961430881E-04    0.346999797889787631E+00
    0.500459266353574261E-03   -0.197280950399062291E+02    0.112131676959200322E+01    0.809618190847048225E+00    0.417615412748588187E+04    0.401271013595182625E-03    0.441556570985863206E+00
    0.503886874209041359E-03   -0.197456524447194397E+02    0.110934220417598794E+01    0.799592003933193851E+00    0.484761987788404440E+04    0.630501029034110131E-04    0.334051568267069887E+00
    0.503228922205083769E-03   -0.197469454814230190E+02    0.113941788673400879E+01    0.973136954009532928E+00    0.421135861569643021E+04    0.432719845320634212E-03    0.175618588924407959E+00
    0.504132188693124077E-03   -0.197544383965040495E+02    0.945623840055457410E+00    0.813339670234970336E+00    0.447543982714197955E+04   -0.617410393820596671E-03    0.429566105025834089E+00
    0.507669794168412762E-03   -0.197723300703334353E+02    0.142357962492005541E+01    0.778859558807260877E+00    0.476653759582019029E+04   -0.829714582668688639E-03    0.824702132021607914E+00
    0.506760961186295141E-03   -0.197726527017553408E+02    0.100344027953033299E+01    0.815323062967850509E+00    0.474764157956729468E+04   -0.167695751071735363E-03    0.141042655330317346E+00
    0.506706979190714728E-03   -0.197763458932323246E+02    0.940968900793730745E+00    0.935737807906714680E+00    0.474808350404305293E+04    0.177439599193853680E-03    0.367166740957171611E+00
    0.506207830913995432E-03   -0.197782810068163251E+02    0.157389448850225744E+01    0.633432351063781818E+00    0.482848018703419166E+04    0.313588885319790575E-03    0.772625305924868000E+00
    0.506008795733460634E-03   -0.197814007248512596E+02    0.156965247531755914E+01    0.678633287021863763E+00    0.418777226414091365E+04    0.632275541362496240E-03    0.673878086264952270E+00
    0.505274281754655523E-03   -0.197824016988733469E+02    0.161272421420933099E+01    0.589584794987801697E+00    0.444363397547304430E+04    0.254388025089162116E-03    0.579295012859609826E+00
    0.504477879960153492E-03   -0.197831531075574958E+02    0.123435283240375337E+01    0.872007491873368235E+00    0.461549521588543212E+04   -0.273497674750083593E-03    0.290232309334212402E+00
    0.503899397181360210E-03   -0.197847646495931073E+02    0.118171123261288402E+01    0.947795493974692205E+00    0.464343949979335230E+04   -0.508971204828431657E-03    0.810417226369531118E-01
    0.503863009369016966E-03   -0.197885264694689980E+02    0.142552607170925616E+01    0.731492128864698610E+00    0.474898159807684715E+04    0.719596267126200798E-03    0.953084149454519802E+00
    0.503265120241682090E-03   -0.197900580893499374E+02    0.156205316877257228E+01    0.707136368256254810E+00    0.495140033582976685E+04    0.285482190011058959E-03    0.374395570173622128E+00
    0.503494104647258145E-03   -0.197948741275251372E+02    0.937758725068924770E+00    0.911943905596635629E+00    0.479484397760385764E+04    0.478364858770917499E-03    0.156994241434982640E+00
    0.503645936240954277E-03   -0.197993833983114342E+02    0.174373143935689390E+01    0.672200206010858836E+00    0.482296518248339726E+04    0.457916069808083791E-03    0.994394760289118884E+00
    0.502811675428708766E-03   -0.197999740153681643E+02    0.102779352938038127E+01    0.898012622455732545E+00    0.441960184967471469E+04   -0.297802061538127410E-03    0.376253459381056143E+00
    0.503082269079817746E-03   -0.198049562979225726E+02    0.165464711856153190E+01    0.570495560932744117E+00    0.472190615188376796E+04    0.567576552715300803E-03    0.500980708140312481E+00
    0.502437442862308566E-03   -0.198062974015679671E+02    0.121300457075194212E+01    0.851751715994157221E+00    0.407732435891162231E+04   -0.110031769447643503E-03    0.649597785870824396E+00
    0.501707076223738366E-03   -0.198072942425994754E+02    0.112834737312361089E+01    0.803011383857823113E+00    0.469932252664128828E+04    0.815905939112261035E-04    0.400008037207880918E+00
    0.501730635104816972E-03   -0.198112944052791420E+02    0.123267760210042998E+01    0.972556009517013709E+00    0.487181688806857346E+04    0.815247628240548840E-03    0.475514359992960989E+00
    0.501779836970486890E-03   -0.198153967742717683E+02    0.122676924661480125E+01    0.948373970788627840E+00    0.464520048374317230E+04   -0.255939898768563971E-03    0.764487101740584651E+00
    0.501462954447873320E-03   -0.198180395911890699E+02    0.100953555818597818E+01    0.796861110208735401E+00    0.486807248403666563E+04   -0.219554053887947441E-03    0.233539757685924471E+00
    0.501570943741960892E-03   -0.198223764918169110E+02    0.171608157455502086E+01    0.643402645608878498E+00    0.487604832564781282E+04    0.276716080253533187E-03    0.709911522334517153E+00
    0.500808732064941592E-03   -0.198232411325651512E+02    0.133609387702637084E+01    0.543562038673484516E+00    0.484560260129487688E+04    0.277102880938285309E-03    0.400725157408248434E+00
    0.500850391975870115E-03   -0.198273137461910807E+02    0.148968558382917160E+01    0.619896472828434519E+00    0.496165638787570515E+04    0.701056486597809929E-03    0.984430818910363103E+00
    0.503242069102253966E-03   -0.198407477309057256E+02    0.127811571689505143E+01    0.890690789651463422E+00    0.461271443673333306E+04   -0.249722983101710504E-04    0.549401109557732914E+00
    0.503175415339433873E-03   -0.198443890659417050E+02    0.139922918042203448E+01    0.757300616852950470E+00    0.493458091237406188E+04   -0.253835618321095440E-03    0.582351380048037548E+00
    0.503691198116109902E-03   -0.198503443771178461E+02    0.119510519810893889E+01    0.894215692330688317E+00    0.414405831001971637E+04   -0.532205921882421032E-04    0.757660262621604019E+00
    0.503005408498104212E-03   -0.198515257158800722E+02    0.123108055575458408E+01    0.905284821428070208E+00    0.494328058971795417E+04   -0.134319141217699819E-03    0.361901947474337127E+00
    0.507100847628262738E-03   -0.198716499094745416E+02    0.175646275412638797E+01    0.596055694784113022E+00    0.477702054070716440E+04    0.249619030198135086E-03    0.461283470058353073E+00
    0.507089772932475683E-03   -0.198755124805228789E+02    0.122762589986067572E+01    0.867468059578473727E+00    0.499235136618968409E+04    0.683598187239178802E-03    0.506100673100967180E+00
    0.506231389293248786E-03   -0.198760303325438841E+02    0.118714892774404235E+01    0.894865128444791602E+00    0.480618764410372478E+04   -0.414460337950277530E-03    0.138993962291872608E+00
    0.505720570128475222E-03   -0.198779174384396029E+02    0.143885945869363630E+01    0.803891248273970849E+00    0.462998469197911072E+04   -0.111204155922613513E-03    0.872686951213763273E+00
    0.505077954462719949E-03   -0.198792806861034990E+02    0.107278430209118447E+01    0.836409242374426265E+00    0.456048656748258418E+04    0.717435114320950484E-03    0.332457534586815817E+00
    0.504818781373565220E-03   -0.198821604030506052E+02    0.164782562882129646E+01    0.677866963089241548E+00    0.413610368803945221E+04    0.195653606862515594E-03    0.508441890825526155E+00
    0.504045936488555163E-03   -0.198830024363226769E+02    0.157880674165458101E+01    0.757525930500303923E+00    0.484073642376303997E+04   -0.477982560550710997E-03    0.753329888334977049E+00
    0.503068877329809674E-03   -0.198830280584066053E+02    0.114311293604634678E+01    0.857216990170529214E+00    0.448215743468913024E+04    0.150064780032503235E-03    0.891418066187378511E+00
    0.503408632605084529E-03   -0.198882845831412993E+02    0.134348696364585507E+01    0.790318714723845073E+00    0.459783637792349327E+04    0.458950553284371242E-03    0.694700845537858047E+00
    0.502841506025764658E-03   -0.198899364169972728E+02    0.942049331094193976E+00    0.849153970599008878E+00    0.488337320783874929E+04   -0.128198970746789507E-03    0.673458702165657952E+00
    0.504412062535973017E-03   -0.199000796576896946E+02    0.151875050049198768E+01    0.737041880477758649E+00    0.417669716823699218E+04    0.463443010293854894E-04    0.917625408251733554E+00
    0.504543236532700094E-03   -0.199045059465757923E+02    0.162446980394072638E+01    0.762806257544919708E+00    0.420200831546961399E+04    0.468964133672521231E-03    0.980730544735217480E+00
    0.506244315722889876E-03   -0.199151439011455906E+02    0.117464224996690936E+01    0.803272173318649529E+00    0.417602171544106568E+04   -0.146178795557684300E-03    0.767173749356684254E+00
    0.506066815611383772E-03   -0.199183487852993473E+02    0.181328826106123131E+01    0.610593684723347296E+00    0.491889861417254178E+04    0.351358928534421138E-03    0.681743215489296062E+00
    0.505975617805045491E-03   -0.199218945847744280E+02    0.110635447502136230E+01    0.998450554907321930E+00    0.450717154347896576E+04   -0.725407166295938786E-03    0.437245488166809082E+00
    0.508499186348910517E-03   -0.199357511016073019E+02    0.141046253968798774E+01    0.769260617815269887E+00    0.488668964876198061E+04   -0.741345431600561596E-05    0.503865072950354098E+00
    0.507907808381473456E-03   -0.199373300239236926E+02    0.156411375484739157E+01    0.658140351712562910E+00    0.495831629601063014E+04    0.104410139728922306E-03    0.386408565397336590E+00
    0.507724505064281501E-03   -0.199405143460497385E+02    0.181788788654633993E+01    0.663033609504748433E+00    0.489659449938116904E+04    0.706071903471056929E-03    0.799680033849502259E+00
    0.507074890180332053E-03   -0.199418600309735972E+02    0.174739035135381071E+01    0.692817638116601464E+00    0.491515585840418589E+04    0.106232184122993892E-03    0.774734470322499535E+00
    0.506400777560036815E-03   -0.199431056834233402E+02    0.119838876325873200E+01    0.971702382502063422E+00    0.465631229837054070E+04   -0.276658726610019433E-03    0.510619233882516954E+00
    0.506849475653653914E-03   -0.199487832554497544E+02    0.116138573855389571E+01    0.847191947602987439E+00    0.464494643423856360E+04    0.250926124164696160E-03    0.902281357137176165E+00
    0.505932445984560650E-03   -0.199490676796643385E+02    0.110926695773387607E+01    0.760658420557336235E+00    0.467410264104920770E+04   -0.564269049752592319E-04    0.325427436179910101E+00
    0.507389626263099339E-03   -0.199587260249670315E+02    0.116480792720907722E+01    0.915487842410714014E+00    0.413975526036603969E+04   -0.710433539278713217E-04    0.438536447029554854E+00
    0.507487984076724122E-03   -0.199630199387126552E+02    0.863229790629683191E+00    0.755875222299013938E+00    0.499974481092363931E+04    0.332188338131682184E-03    0.318824833710520561E+00
    0.506879346459716937E-03   -0.199645261205254414E+02    0.907730667367273036E+00    0.797033717204212899E+00    0.495613585576459627E+04   -0.169682738122037524E-03    0.495117970274817631E+00
    0.506258072990657237E-03   -0.199659795007172107E+02    0.100353611631511841E+01    0.836830195364752671E+00    0.490747662570754892E+04    0.788548359203220363E-03    0.361187319108809080E+00
    0.506817604746678850E-03   -0.199720949906593219E+02    0.104458408412437920E+01    0.952151696911264778E+00    0.451844905880619535E+04    0.193405029785530178E-04    0.419327832936555400E+00
    0.505999495084355597E-03   -0.199727702136934511E+02    0.101735754492129149E+01    0.775306152794778547E+00    0.477303612775400234E+04   -0.890107283030177915E-04    0.400044173630945687E+00
    0.505130733049659396E-03   -0.199732396670304517E+02    0.105745885241333548E+01    0.854361803258897767E+00    0.439210337148882718E+04    0.171344882025874110E-03    0.530066060802974248E+00
    0.504301618027588709E-03   -0.199738604459134308E+02    0.130416828557807252E+01    0.756534681859081015E+00    0.494938433301429268E+04    0.511906108015417263E-04    0.871050810934808073E+00
    0.503807155223929951E-03   -0.199758047534865000E+02    0.118206601142883305E+01    0.932384029030799866E+00    0.489617291361093521E+04   -0.278124562999467923E-04    0.306372702121734619E+00
    0.504480955143646976E-03   -0.199823840490697648E+02    0.125542161772570893E+01    0.784117702699149488E+00    0.436645770319490293E+04   -0.699543475316298792E-05    0.520160188514518396E+00
    0.503804923669043760E-03   -0.199836083947007452E+02    0.102698622449285648E+01    0.828003595113606550E+00    0.475629413317348644E+04   -0.240548571205532162E-03    0.276497318689439497E+00
    0.503192858372054929E-03   -0.199850833965558472E+02    0.112713344321526310E+01    0.970337169023188117E+00    0.448782284601270567E+04    0.393754724567963203E-03    0.734648246770457147E+00
    0.502649526867984548E-03   -0.199868289439849747E+02    0.175151884987924000E+01    0.740274985328870483E+00    0.493489523236099012E+04    0.427411167843638501E-03    0.838083287180068304E+00
    0.502615188459263262E-03   -0.199905985596907279E+02    0.118589048385620122E+01    0.915091358125209808E+00    0.456332855987548828E+04    0.308443177198821576E-03    0.873924851417541504E+00
    0.501891522744528731E-03   -0.199916231332146310E+02    0.146608580759239082E+01    0.700185567373730611E+00    0.450055406903358744E+04   -0.318661440712067674E-03    0.525823346513295542E+00
    0.501162075244462662E-03   -0.199926204753352721E+02    0.146239430360152012E+01    0.673180452851555700E+00    0.455391581928456253E+04   -0.395888150269869846E-03    0.937361591815979223E+00
    0.501200168609212677E-03   -0.199966787396993517E+02    0.906132365570578080E+00    0.742959906742188592E+00    0.497737146101900180E+04   -0.408615684037839965E-03    0.389342878583403884E+00
    0.500520161596335663E-03   -0.199978696325409189E+02    0.114729809546522388E+01    0.884243600095435456E+00    0.451003248375011390E+04    0.466012106134671767E-03    0.296758472467493983E+00
    0.500201843810876455E-03   -0.200005035300015734E+02    0.116950654983520508E+01    0.943173818290233612E+00    0.473303754705190659E+04    0.234071050386392110E-03    0.842343449592590332E+00
    0.499893667563049062E-03   -0.200031771926974109E+02    0.123970393007019664E+01    0.889908757258476180E+00    0.427539146757792969E+04    0.634813169474335412E-03    0.989561818323720810E+00
    0.501136224254301009E-03   -0.200120485584829844E+02    0.146459714962163412E+01    0.762700025394638437E+00    0.495354508801100383E+04   -0.605103939604219174E-04    0.752322596119956444E+00
    0.500293748918056980E-03   -0.200125897183316219E+02    0.169387959721866466E+01    0.662492827345848911E+00    0.409201124359350251E+04    0.626974506536122703E-03    0.621735861882140473E+00
    0.501060779973027900E-03   -0.200195599429094955E+02    0.124377857441538153E+01    0.923703181731073464E+00    0.491950413779314113E+04    0.188553324486979897E-03    0.989111178071661046E+00
    0.501374154356002766E-03   -0.200247166457117487E+02    0.179723661822670877E+01    0.741521583700975984E+00    0.481544911481590043E+04    0.243407157593244263E-03    0.956354469346524128E+00
    0.500433103120937026E-03   -0.200248654802814698E+02    0.100689322455291319E+01    0.966591667358737361E+00    0.393466197991122272E+04    0.269878158519896787E-03    0.527642182990174402E+00
    0.499865546524434485E-03   -0.200265021814518320E+02    0.962172578405349865E+00    0.966570767875871151E+00    0.409568480946180489E+04    0.134390622562674175E-03    0.487877636612517263E+00
    0.499142462640260248E-03   -0.200275132233901694E+02    0.106321588746806195E+01    0.869267438967953998E+00    0.430278703655511890E+04    0.264881758046497983E-03    0.316119691039847939E+00
    0.499343785393875552E-03   -0.200322259852744722E+02    0.109056255547869352E+01    0.905092357249203228E+00    0.459924881303631264E+04    0.750225660631778050E-04    0.333305780494304482E+00
    0.499163709305167503E-03   -0.200354108542468268E+02    0.138063135076159194E+01    0.654142690064991705E+00    0.473511979458679252E+04   -0.533517106072193300E-03    0.857746229197265064E+00
    0.499977374650738249E-03   -0.200425745642332345E+02    0.143474254668035228E+01    0.732562199244111589E+00    0.438162047385350070E+04    0.522832253432908649E-03    0.930146404110840486E+00
    0.499764231627323639E-03   -0.200456280217704190E+02    0.897732413955673714E+00    0.918811760541260125E+00    0.491595744697470855E+04    0.371865145775539892E-03    0.509316463700104749E+00
    0.500594288676715709E-03   -0.200528533107871247E+02    0.112858076737361257E+01    0.930079097428048729E+00    0.474855279693102875E+04    0.312632563568375911E-03    0.266652161537448640E+00
    0.499897119778169819E-03   -0.200539722544474408E+02    0.152527019375531459E+01    0.619273966600946468E+00    0.466852203004402600E+04    0.758171672187024225E-03    0.209412542952616632E+00
    0.500346798564797767E-03   -0.200596767810824730E+02    0.126336101294789538E+01    0.923599306546714516E+00    0.441641662789923430E+04   -0.252796113120737885E-03    0.686451374006301185E+00
    0.500601902759725847E-03   -0.200646024807310539E+02    0.102039633060538404E+01    0.960502239790829160E+00    0.490708507907258263E+04    0.207041308449733012E-04    0.773160250466955468E+00
    0.499773788513447909E-03   -0.200651975169834174E+02    0.126366096221762358E+01    0.905890504038186495E+00    0.401390830220981616E+04   -0.737768352602608110E-04    0.834864246850847702E+00
    0.499677113333527587E-03   -0.200687168538092955E+02    0.901323055459665512E+00    0.765134859430039560E+00    0.483990381894371694E+04   -0.228487889224209846E-03    0.261909844767999112E+00
    0.498736247071027540E-03   -0.200688536568915481E+02    0.136709053528006086E+01    0.554893557210337285E+00    0.457438458601597995E+04    0.833560450667441253E-04    0.604467809290162306E+00
    0.498049189194311667E-03   -0.200700028120924543E+02    0.103654621052822482E+01    0.859838581604819852E+00    0.408441580908599190E+04    0.297119837948501371E-03    0.468723454787673466E+00
    0.498261835500267338E-03   -0.200747627967351399E+02    0.167022520032829291E+01    0.612156727113395083E+00    0.451919585456282493E+04    0.617839075879644925E-03    0.249999449821244696E+00
    0.497495554225516317E-03   -0.200755908614907526E+02    0.866930198669433660E+00    0.795215345919132233E+00    0.483653369361162186E+04    0.430605858649852908E-03    0.433382987976074219E+00
    0.496896940721607851E-03   -0.200770891545552246E+02    0.122266969507836398E+01    0.948665066983597982E+00    0.402498633634354928E+04    0.485010574084383092E-04    0.848274804680920425E+00
    0.497478702687083308E-03   -0.200833356148598732E+02    0.131005947792267330E+01    0.891414005410055998E+00    0.438577999703761725E+04    0.341233093705430545E-03    0.991813123069569369E+00
    0.499757664168821699E-03   -0.200963829893707064E+02    0.956319856643676802E+00    0.915985383093357086E+00    0.495626581567525864E+04   -0.483011188187998754E-03    0.543407201766967773E+00
    0.499713562093016058E-03   -0.201001127377379518E+02    0.147838315419657729E+01    0.658718603429580774E+00    0.432938639002682885E+04    0.388811149373616098E-03    0.885121772602521228E+00
    0.499637060819489460E-03   -0.201037127838014129E+02    0.968146204640711328E+00    0.908062910536734158E+00    0.431659342343423123E+04    0.496024196630320499E-03    0.262804785413691677E+00
    0.499028378942037248E-03   -0.201051810523570040E+02    0.110012147972662255E+01    0.990448966579887791E+00    0.441943066965109574E+04   -0.462177210406783105E-04    0.701222775856222391E+00
    0.498935514752811386E-03   -0.201087150877304630E+02    0.159725192089249113E+01    0.623471178555158101E+00    0.481922488253873962E+04    0.292552495160569462E-03    0.524199977047985821E+00
    0.500576542768739214E-03   -0.201191886601678434E+02    0.100096334604127812E+01    0.845529944359485031E+00    0.407795195901031275E+04    0.190285312069264553E-03    0.511360932500301346E+00
    0.500169468956753707E-03   -0.201214678286519586E+02    0.116159459250166153E+01    0.778225657368959101E+00    0.496646578800605585E+04   -0.444845904532779922E-03    0.469149542177199841E+00
    0.499943204135965490E-03   -0.201244691213176949E+02    0.106944273635043530E+01    0.865987453419639674E+00    0.478723764015118468E+04    0.384319875920606762E-03    0.315653789661049122E+00
    0.499144095477242300E-03   -0.201251760159483268E+02    0.150137275418658023E+01    0.772792171125707084E+00    0.499084598088316670E+04    0.447373292435663671E-03    0.619250597245620038E+00
    0.500122365663338672E-03   -0.201329982204476394E+02    0.108029268996836292E+01    0.738373796306300068E+00    0.484966681820036320E+04   -0.557208894485768341E-03    0.372929767905029297E+00
    0.499279771052665118E-03   -0.201335320749749727E+02    0.124170395249224352E+01    0.911843759326153691E+00    0.427535858661262228E+04    0.230788068908801571E-03    0.399501275440397097E+00
    0.498591846360795735E-03   -0.201346807566111252E+02    0.951720512925068873E+00    0.847326907104562377E+00    0.439759413269639299E+04   -0.637002459961539895E-03    0.430636172861644573E+00
    0.498030291746669250E-03   -0.201363331747842551E+02    0.106217384338378906E+01    0.899195477366447449E+00    0.413846931588649750E+04   -0.597561464752993597E-04    0.361160159111022949E+00
    0.497061676592753859E-03   -0.201363458531721164E+02    0.109002512898014792E+01    0.998668308783890124E+00    0.478661726284708675E+04   -0.105659859772135219E-02    0.661824094761696791E+00
    0.496517581298218575E-03   -0.201380616574895939E+02    0.149029130935668963E+01    0.533336959779262543E+00    0.495774072951078415E+04    0.642848421229586810E-03    0.235838890075683594E+00
    0.496817740421282321E-03   -0.201431765995622207E+02    0.161519409455125351E+01    0.572556692791775013E+00    0.480349720219831488E+04    0.185489287471308611E-03    0.646916794527741978E+00
    0.496800635230772321E-03   -0.201470139893602358E+02    0.112481912411480711E+01    0.747415748421496384E+00    0.499439464085289183E+04   -0.271548791688496589E-03    0.302588501049504854E+00
    0.496378230846621993E-03   -0.201492190174593766E+02    0.114598730783466052E+01    0.973151265688571132E+00    0.497513953574635434E+04   -0.137697750861407223E-03    0.904759799119262520E+00
    0.495707054770558168E-03   -0.201504191445556486E+02    0.130429692477423242E+01    0.881827060608733171E+00    0.463206306743919777E+04   -0.309820581795793167E-03    0.389380733653623912E+00
    0.497299087512921264E-03   -0.201607383825065192E+02    0.177445718007365905E+01    0.665155729381625260E+00    0.466884726665864582E+04    0.154525074096421329E-03    0.625922595242021873E+00
    0.499020225196609491E-03   -0.201715546236060703E+02    0.120841803855596996E+01    0.913671793653127118E+00    0.416121287600279629E+04    0.351434312094858715E-03    0.760624640350358816E+00
    0.498237116859268254E-03   -0.201723198247903568E+02    0.118174679225259105E+01    0.901176820314144700E+00    0.485192125292485071E+04   -0.504809723160960745E-03    0.714177565178853002E+00
    0.497588988626017294E-03   -0.201736226952598088E+02    0.172220492131843828E+01    0.758118032517850149E+00    0.489175681645851455E+04    0.183285448119718271E-03    0.820379762239238142E+00
    0.497298753730948174E-03   -0.201763620401268398E+02    0.984310698122435657E+00    0.852473174443296511E+00    0.424841688396030531E+04   -0.251728887385760684E-03    0.183992201189581650E+00
    0.496809718019335903E-03   -0.201783005541505034E+02    0.108638187347321513E+01    0.906174369086089171E+00    0.438080931666834203E+04    0.830961277224270844E-03    0.729453085422225644E+00
    0.497105783989465434E-03   -0.201833983178286438E+02    0.102907792025364531E+01    0.861263557258586054E+00    0.481913452551087175E+04   -0.249114006920669103E-03    0.294509668487615006E+00
    0.496536524766842615E-03   -0.201850129613626592E+02    0.139018711418634622E+01    0.752103014890370347E+00    0.461383905459198286E+04   -0.219728943879140382E-03    0.502338045242138542E+00
    0.495789716749302656E-03   -0.201859088781585498E+02    0.114526489382219498E+01    0.965186329051100800E+00    0.484700743236933067E+04   -0.382384678527305242E-03    0.319722263526928785E+00
    0.494912113364697316E-03   -0.201862717669272129E+02    0.126796282668424798E+01    0.938901706468242780E+00    0.404635240249198068E+04   -0.413520615511750683E-03    0.614796985819707542E+00
    0.494795561834089257E-03   -0.201897069625580485E+02    0.947552830873954144E+00    0.937260346714513304E+00    0.459690322724758971E+04    0.273311412984214324E-04    0.346612441435932173E+00
    0.496013061251721261E-03   -0.201985283899275032E+02    0.956659332911516613E+00    0.935361457081803183E+00    0.417794923682557692E+04    0.191163078677485689E-04    0.479688181804398317E+00
    0.495654737754726770E-03   -0.202009893030397407E+02    0.162071806262323959E+01    0.650709311187142259E+00    0.498848483906986075E+04    0.389124704885412907E-04    0.667609820425930423E+00
    0.495359291065559579E-03   -0.202037030504542727E+02    0.155471547756503581E+01    0.593487821469828480E+00    0.496414412963232917E+04    0.690515756533707369E-03    0.695398501838503380E+00
    0.494603412349559589E-03   -0.202045551293818271E+02    0.943961133895308890E+00    0.836436346006448783E+00    0.465009019719679509E+04    0.329930500809701307E-03    0.170740985629959846E+00
    0.493731014838127763E-03   -0.202049305998642303E+02    0.108127087722218151E+01    0.937875384732394624E+00    0.490498619901003349E+04    0.152029183074541723E-03    0.201405956624345461E+00
    0.493122246529489449E-03   -0.202063693365684252E+02    0.139611415432206742E+01    0.741909932011701745E+00    0.440675121568740906E+04    0.246355845558273703E-03    0.714674020159800638E+00
    0.493510963817039155E-03   -0.202118515209828580E+02    0.160494561115411494E+01    0.719557304758980720E+00    0.436952975742464423E+04    0.524824349768401676E-04    0.825917862595312080E+00
    0.492960308451841404E-03   -0.202135249419572958E+02    0.925617740833004410E+00    0.968158014138954970E+00    0.492485504536176813E+04    0.316004030546481840E-03    0.462416870156298287E+00
    0.493680530019982577E-03   -0.202203510860787574E+02    0.175578042829373304E+01    0.668401073268867774E+00    0.488832199763277367E+04    0.549837591413972660E-03    0.885766298060713275E+00
    0.494344883846607307E-03   -0.202269469589059838E+02    0.151526629728292628E+01    0.531118919491410102E+00    0.497547803743390614E+04    0.565149205523726760E-03    0.310326587053023406E+00
    0.493890947603828497E-03   -0.202290158487931251E+02    0.143560980040307640E+01    0.722640331878563358E+00    0.429818344250783775E+04    0.107454956311131404E-02    0.699296285710852672E+00
    0.493833075415168739E-03   -0.202326877329687989E+02    0.880030395699242241E+00    0.812452016866903826E+00    0.490288069955725314E+04   -0.390243304906921621E-03    0.460635594921266489E+00
    0.494415788334882618E-03   -0.202389525507693833E+02    0.128307408318568683E+01    0.948973893173877814E+00    0.447074578605102033E+04    0.202409036034120504E-03    0.645051582053120187E+00
    0.494195454213656169E-03   -0.202419673113126919E+02    0.121342649548998871E+01    0.882211670103759338E+00    0.474732324893082387E+04   -0.252019093212057505E-04    0.301507166088188616E+00
    0.494622733271792361E-03   -0.202476020047823937E+02    0.147830945800116265E+01    0.657923484919325952E+00    0.482596796542090306E+04    0.166438678908684297E-03    0.864797239660732076E+00
    0.494488015484919512E-03   -0.202509634511277170E+02    0.159575084523565458E+01    0.723211053768570755E+00    0.483028908903169759E+04    0.142147186423619183E-03    0.766536798026626665E+00
    0.493950638467738909E-03   -0.202526950509642134E+02    0.126379216479318579E+01    0.796880095550681178E+00    0.404643806263639908E+04   -0.456265567028451180E-03    0.919652873682157868E+00
    0.492997274227925534E-03   -0.202527374109895497E+02    0.163013289392890215E+01    0.651489627235228075E+00    0.460840541195697915E+04    0.605325851273279714E-03    0.470208350950996445E+00
    0.492941807479038057E-03   -0.202564186298493141E+02    0.123215046479654200E+01    0.763386636551455111E+00    0.498136490526756734E+04    0.613518744337651265E-03    0.807998845731301540E+00
    0.493122304159787444E-03   -0.202610570703047870E+02    0.101137356293598124E+01    0.919016031399851996E+00    0.468695749408618758E+04   -0.261062242335315174E-03    0.256377382763770423E+00
    0.493373056323861015E-03   -0.202659800596813540E+02    0.115873371146694848E+01    0.853417983552395953E+00    0.456799871508232991E+04    0.308952233211937154E-03    0.721483779750910048E+00
    0.492766215389126732E-03   -0.202674248277031452E+02    0.105655794143676762E+01    0.905646882951259613E+00    0.487857499766349792E+04   -0.869995488885379995E-04    0.734870076179504395E+00
    0.491924097935782559E-03   -0.202679102350392810E+02    0.163848035682731852E+01    0.692256666973479540E+00    0.484548437886241481E+04    0.122721177552539545E-03    0.751865862653131267E+00
    0.491576356168631234E-03   -0.202704021825640588E+02    0.107490115803295105E+01    0.887719011727534646E+00    0.497485774653112094E+04    0.124407313718387195E-03    0.236056909514231139E+00
    0.491666616150394464E-03   -0.202746756255552185E+02    0.121282435624928508E+01    0.940093911142873107E+00    0.485107407875608442E+04    0.105090301087073420E-04    0.553899339599914331E+00
    0.495313192428540813E-03   -0.202933606697690152E+02    0.933017926649393647E+00    0.837501407151804877E+00    0.455914917325680017E+04    0.134296494726209709E-03    0.420382523444664646E+00
    0.494550711748502651E-03   -0.202941857655714557E+02    0.103310519578243221E+01    0.772969613494763896E+00    0.494782218407670734E+04   -0.988350297837689009E-03    0.265985284405494293E+00
    0.493762585787466081E-03   -0.202949022330193998E+02    0.927603976725332569E+00    0.797494102732923982E+00    0.423656397466850285E+04    0.318904322540877099E-03    0.413246499015737401E+00
    0.495210009720445312E-03   -0.203046627401465649E+02    0.125538686531734411E+01    0.823477927932299902E+00    0.416966943344167157E+04    0.435097340223802593E-03    0.574546016112775004E+00
    0.494813612350899568E-03   -0.203069674227419554E+02    0.149317793680406163E+01    0.702205693328540548E+00    0.444121956640671397E+04    0.413198434142325426E-03    0.671994657150133956E+00
    0.494304172633804701E-03   -0.203088134943895149E+02    0.102700124848299112E+01    0.923381673415297533E+00    0.410733827692016075E+04   -0.140405293646279325E-03    0.236197410787372913E+00
    0.493493076340743527E-03   -0.203094352789743908E+02    0.119374024159587422E+01    0.811192771303464899E+00    0.496940083674193011E+04    0.660535275702377802E-04    0.294371984612109561E+00
    0.492924531731140725E-03   -0.203110360361773985E+02    0.113458829018300089E+01    0.912101278723578046E+00    0.468160012132825341E+04    0.496243186228875798E-03    0.298753382792580902E+00
    0.494981775796915556E-03   -0.203232720114716194E+02    0.118951193805090494E+01    0.944049109198243697E+00    0.491539826499908395E+04   -0.848413961019788227E-04    0.365218290075569607E+00
    0.494304063924657657E-03   -0.203244380545423198E+02    0.149156809906739429E+01    0.768097715925154967E+00    0.445397466674413499E+04    0.160494666094974816E-03    0.901509692789987493E+00
    0.493963262834573591E-03   -0.203269649162154522E+02    0.122077105595966495E+01    0.972182613457727496E+00    0.462491793175450039E+04   -0.187319568773686786E-03    0.751072630352829118E+00
    0.495096869215555426E-03   -0.203354557484491707E+02    0.117893921239466626E+01    0.816360816723137095E+00    0.451251187711911189E+04    0.455547237547210663E-05    0.585858230563911619E+00
    0.495126692996679819E-03   -0.203394824713696813E+02    0.102985004524982715E+01    0.949207034607122302E+00    0.469565522552251605E+04    0.153549089909231620E-03    0.237372960330918120E+00
    0.494168251223315604E-03   -0.203395134682762766E+02    0.106311698705835411E+01    0.917479312551506498E+00    0.467293844791276297E+04   -0.351656383813617087E-04    0.255873511741123605E+00
    0.493957879468325260E-03   -0.203425681194706769E+02    0.110176556618846666E+01    0.957702931002432645E+00    0.414229399982893483E+04   -0.279059314779657756E-03    0.181651838091331286E+00
    0.493155608629805846E-03   -0.203432233916455125E+02    0.893593465852799751E+00    0.839954607712283252E+00    0.466810405093818918E+04    0.518507057034413299E-03    0.293529633094577136E+00
    0.495464274690196301E-03   -0.203564706241445208E+02    0.122437706521154599E+01    0.890040850943788597E+00    0.397907329211876777E+04    0.381942780171158440E-03    0.586981336022481814E+00
    0.496386640855283690E-03   -0.203640966526577074E+02    0.127010034099114355E+01    0.896680322677130714E+00    0.498473608587567287E+04    0.578977048734490357E-04    0.791131212093615921E+00
    0.496401924039443099E-03   -0.203680644794514123E+02    0.122682201197370566E+01    0.931141577685913324E+00    0.450276848456317930E+04   -0.882143189739702845E-03    0.317635856756447732E+00
    0.496306185074003392E-03   -0.203715849606041530E+02    0.149131954079133977E+01    0.650492922559751663E+00    0.486808832239418371E+04    0.950903981364973754E-04    0.386099723732944322E+00
    0.497430382355908206E-03   -0.203800163445212554E+02    0.161045935070654922E+01    0.662866360089504281E+00    0.445359733209198021E+04    0.149628738994712196E-03    0.493147167277619314E+00
    0.496717581586815743E-03   -0.203810546073921692E+02    0.177725373827258926E+01    0.692613507895281200E+00    0.482151872173205265E+04    0.739538492276159702E-03    0.601596109291332892E+00
    0.496463847546729678E-03   -0.203839389532842041E+02    0.119971365927614415E+01    0.996803065841096458E+00    0.418141227392826295E+04    0.783586370214830541E-03    0.530331691597634269E+00
    0.495607352095975328E-03   -0.203843918395987274E+02    0.154855700062194357E+01    0.767997255289262215E+00    0.494310968603494803E+04   -0.159635867019587458E-03    0.837304875693364314E+00
    0.495020256535247567E-03   -0.203859274888831905E+02    0.131630138928569052E+01    0.992080018415641307E+00    0.415319200769179497E+04   -0.159856904280176478E-03    0.460278300842140053E+00
    0.494722392387467527E-03   -0.203886299344109965E+02    0.870203650896429259E+00    0.855257061180276668E+00    0.492763480553458521E+04   -0.982445514801027169E-04    0.298001707471134136E+00
    0.496930311610818123E-03   -0.204014422171901728E+02    0.119412307535030471E+01    0.915046742021809245E+00    0.453042677166496833E+04    0.642713114392604300E-04    0.678179948127183296E+00
    0.497031476685855385E-03   -0.204057555857597670E+02    0.101174558134268966E+01    0.803265797725838837E+00    0.425943656323402411E+04    0.402606681267059490E-03    0.358066638127422454E+00
    0.496481816660704128E-03   -0.204074488403829335E+02    0.103043390682968905E+01    0.830156455324004283E+00    0.498845789797798716E+04   -0.322633054609548612E-03    0.243284369590339944E+00
    0.498448190810162777E-03   -0.204192606784946804E+02    0.114178633150514486E+01    0.925962207183111730E+00    0.456499762451617335E+04   -0.171800149025937697E-03    0.415391385181705819E+00
    0.498945014400206601E-03   -0.204251594170279951E+02    0.101300988132185332E+01    0.915826313591981855E+00    0.409057273688414898E+04    0.466926721493597663E-03    0.505803534925883147E+00
    0.500362920209637295E-03   -0.204347412219270304E+02    0.146932030488040954E+01    0.719800997574957080E+00    0.470281240610618534E+04    0.328252868673872486E-03    0.865391832836269748E+00
    0.499853144914562527E-03   -0.204366088110536843E+02    0.107118480880531353E+01    0.964526353013215099E+00    0.436364331142061110E+04   -0.103891708039245516E-02    0.229773147784590792E+00
    0.500279611925041954E-03   -0.204422207027633647E+02    0.155527816130023688E+01    0.647068898613065491E+00    0.471368046315753782E+04   -0.155757396813162000E-04    0.600712397748997873E+00
    0.499858020696856173E-03   -0.204444408198176433E+02    0.134353716686408209E+01    0.701456630314625573E+00    0.482982242542048607E+04    0.503030432572530137E-04    0.900318732100648944E+00
    0.498950874130060502E-03   -0.204447141553695069E+02    0.119442581860418007E+01    0.959973306210324395E+00    0.477821603916939875E+04   -0.405935977214715949E-03    0.760250940462332658E+00
    0.498597192959134711E-03   -0.204472022032901641E+02    0.125439029217545106E+01    0.807773471407199128E+00    0.437909325847614127E+04   -0.675408851453322516E-03    0.646883689935007444E+00
    0.497817562397467254E-03   -0.204479787095100534E+02    0.112582224539550135E+01    0.861009936663493125E+00    0.481010188039030072E+04    0.216479380748798401E-03    0.482104704300450493E+00
    0.498925548802426244E-03   -0.204563313884800344E+02    0.104533903832162478E+01    0.850687316331834920E+00    0.495310104266977760E+04    0.442474179495328369E-03    0.640581159069542716E+00
    0.498266184772106825E-03   -0.204575927544353000E+02    0.144476154182245287E+01    0.742823099427967648E+00    0.430287396159070158E+04   -0.900170803946130421E-03    0.723328798432076980E+00
    0.497466335443719253E-03   -0.204582858945521338E+02    0.124656646058404852E+01    0.850104403483378013E+00    0.479798247680619352E+04   -0.538954352133298232E-03    0.952422425346586943E+00
    0.497669993969981905E-03   -0.204630107601450639E+02    0.162688981821392398E+01    0.756914584456552797E+00    0.486764626013156521E+04    0.416317385333002138E-03    0.825716438358949145E+00
    0.498666803729966518E-03   -0.204709189102851497E+02    0.114076027766837762E+01    0.958112552471204637E+00    0.396581784538964803E+04   -0.193621495316497448E-03    0.644182551008792847E+00
    0.497855193007420006E-03   -0.204715673861280578E+02    0.128093799325301849E+01    0.903912390635083551E+00    0.496499815769738507E+04   -0.589057367607842314E-03    0.847040317017074162E+00
    0.497311149195379314E-03   -0.204732868906840153E+02    0.117771561029165062E+01    0.889237935238101351E+00    0.453795061954751054E+04   -0.538822849928372797E-03    0.284035760266960924E+00
    0.496923670677142646E-03   -0.204756342391846502E+02    0.178949353913772713E+01    0.694790650637736151E+00    0.492354791884033057E+04    0.620304438911377203E-03    0.925035373163424324E+00
    0.497087846604085453E-03   -0.204802011492496909E+02    0.116544981270689907E+01    0.966615249345358807E+00    0.426466530957367286E+04   -0.318668690637469989E-03    0.516446530294841000E+00
    0.496254780112914380E-03   -0.204807527996822607E+02    0.156138022772220442E+01    0.678383980741235071E+00    0.414901649736674608E+04    0.281471164594018850E-03    0.546967457762106979E+00
    0.495939731422796281E-03   -0.204833889410612713E+02    0.117155539280068588E+01    0.975391881581366138E+00    0.416564688604551702E+04   -0.171667394405222425E-03    0.242294073483670408E+00
    0.496053035727355308E-03   -0.204877520665902075E+02    0.108148977013949144E+01    0.990411581040500422E+00    0.482821354862601311E+04    0.197383067686450036E-03    0.783724127749203081E+00
    0.496067625194758261E-03   -0.204917171379331435E+02    0.132086459741230455E+01    0.878461265038202876E+00    0.414298943868428250E+04   -0.476349481586286084E-04    0.915272735281327798E+00
    0.495221025358175419E-03   -0.204922072284040233E+02    0.143413528070508400E+01    0.545848804956766909E+00    0.492014731531993766E+04    0.219564182313623942E-03    0.505060793551175613E+00
    0.495764469842500293E-03   -0.204983070303437458E+02    0.113182518964817747E+01    0.873217794265920610E+00    0.491283936784451180E+04    0.790434855751014445E-03    0.508221131539573712E+00
    0.495368762404991398E-03   -0.205006162903704627E+02    0.153584299419370485E+01    0.570239632783809958E+00    0.491198207440207898E+04    0.213911263492538395E-03    0.571583068809001893E+00
    0.494666708289354085E-03   -0.205016860592378478E+02    0.112784320369958646E+01    0.777090057510683607E+00    0.482905844669693397E+04    0.791628750089006075E-04    0.399445096283709278E+00
    0.493783851448301972E-03   -0.205020196183545771E+02    0.100920776880536955E+01    0.917049913269578076E+00    0.499268570829225246E+04   -0.222687635580833302E-03    0.112394630275811230E+00
    0.493746572456902721E-03   -0.205057748694970954E+02    0.116747826563498092E+01    0.889654824270469380E+00    0.420643741292398954E+04    0.917828098814490507E-04    0.495087683059795225E+00
    0.494647331561824948E-03   -0.205133264651457381E+02    0.156242814649167761E+01    0.766117208684395590E+00    0.430367094580550201E+04    0.104672724937059244E-02    0.988733807772089968E+00
    0.494967199546981389E-03   -0.205185256144969017E+02    0.116340493934609213E+01    0.885633967801214061E+00    0.399465159427483286E+04   -0.637523705967501554E-03    0.630335787806172720E+00
    0.494052201553828998E-03   -0.205187312363669569E+02    0.111020061234630241E+01    0.934611945532324073E+00    0.469468734282704554E+04   -0.210915492530912833E-03    0.407026413153758648E+00
    0.493788284037179406E-03   -0.205215688218334620E+02    0.112789657292953205E+01    0.838126497751769506E+00    0.491972642082627408E+04   -0.616116302088960070E-03    0.459125569445030135E+00
    0.492917347616362504E-03   -0.205219443870210405E+02    0.117486131160446083E+01    0.847328657241973593E+00    0.457075760873425315E+04   -0.325344075671018043E-03    0.473799646086385362E+00
    0.492827100359299582E-03   -0.205254844274725663E+02    0.167534530753162114E+01    0.709796046937037350E+00    0.490278818086165120E+04    0.247574919073674667E-03    0.518783655985501357E+00
    0.492336622211854208E-03   -0.205273992188886183E+02    0.169980832311916363E+01    0.683271165391723945E+00    0.473060494224089507E+04    0.133701719136309407E-03    0.996297450908225524E+00
    0.491547126931725928E-03   -0.205280957585940236E+02    0.162140489040559732E+01    0.681449867721111935E+00    0.498884712534803930E+04    0.465066836295828726E-04    0.805423255007246097E+00
    0.490835561235568123E-03   -0.205291047025679241E+02    0.109646034092253819E+01    0.828974425598361764E+00    0.472178650473155085E+04    0.749812869703217521E-04    0.598941460986107677E+00
    0.492418282532528298E-03   -0.205394496669404845E+02    0.137200781475354794E+01    0.706764032367252049E+00    0.423589559761070814E+04   -0.319553850094673293E-03    0.651557561899247517E+00
    0.492288863976686323E-03   -0.205428302030485774E+02    0.106579675674438468E+01    0.922626994550228119E+00    0.461604003685712814E+04    0.102856285771465257E-02    0.457978963851928711E+00
    0.491371524644538854E-03   -0.205430061428370543E+02    0.132979029872747700E+01    0.720662529208938252E+00    0.480937014805702620E+04   -0.664007434803846533E-05    0.972292402478789453E+00
    0.492830788098202349E-03   -0.205528431430663900E+02    0.166573741628742056E+01    0.626395803245451632E+00    0.395511209884423397E+04    0.713571146341557445E-03    0.509588582586293248E+00
    0.493173758918665937E-03   -0.205581407490610033E+02    0.108407624665252578E+01    0.923357827898762196E+00    0.426039126189512444E+04   -0.108574265452492379E-03    0.409851868208465420E+00
    0.493834150317680140E-03   -0.205647233362671678E+02    0.919621773222870753E+00    0.873028576288813252E+00    0.481956811740168087E+04    0.937710080507014431E-04    0.674727738795444676E+00
    0.493079075292910903E-03   -0.205655692354581205E+02    0.140421925343256637E+01    0.744913906124398895E+00    0.454794641658535147E+04   -0.377372556041482719E-03    0.855352599499562882E+00
    0.493402747639800536E-03   -0.205707879165682357E+02    0.123502998171331102E+01    0.968575276551716491E+00    0.478213500112168822E+04   -0.251623018505532528E-03    0.801592705201265798E+00
    0.492466202626815498E-03   -0.205708942891323439E+02    0.122390611171722408E+01    0.931603752076625824E+00    0.412871664190292358E+04   -0.512284246933485815E-03    0.340278029441833496E+00
    0.491706863334078338E-03   -0.205717143362289683E+02    0.112875985764121123E+01    0.952692300284654792E+00    0.464028873268533425E+04    0.936474698659861050E-04    0.870464468440173111E+00
    0.492222596085039785E-03   -0.205777172113203477E+02    0.121720497330075128E+01    0.806805356773131588E+00    0.457278715406075753E+04    0.390173270062627215E-03    0.548379122524700002E+00
    0.491333741777297836E-03   -0.205780086015893353E+02    0.177385160513045914E+01    0.598173643235984320E+00    0.485372419520023868E+04    0.746230167031394212E-03    0.640010132586538161E+00
    0.490834751478782844E-03   -0.205798826530618264E+02    0.109592537377386812E+01    0.923080405446419561E+00    0.418520819168981416E+04   -0.597851861169659284E-03    0.699733182799065712E+00
    0.490303597308728938E-03   -0.205816234420028046E+02    0.111003376611912175E+01    0.880212211200584127E+00    0.410196364164755323E+04   -0.130196334983934348E-03    0.499593758904350871E+00
    0.489418282440354561E-03   -0.205819151351468008E+02    0.132800393104553227E+01    0.862134747207164764E+00    0.498785126835107803E+04   -0.130229789702329939E-03    0.510559499263763428E+00
    0.489447811830710138E-03   -0.205859420528890169E+02    0.113402577482646549E+01    0.820126657358134836E+00    0.464561696345586734E+04    0.934343579882782331E-03    0.431028100996116326E+00
    0.488781480357096420E-03   -0.205871236591598894E+02    0.174451462684315262E+01    0.643806294548608049E+00    0.493455981757201607E+04    0.596148802355973991E-03    0.570368526043775637E+00
    0.489187661624450841E-03   -0.205926912347509443E+02    0.130022309507013167E+01    0.899007859018064903E+00    0.472696352275126264E+04    0.736658545743800310E-04    0.924561762393261377E+00
    0.492184018164847884E-03   -0.206088104552821072E+02    0.170851362771694637E+01    0.691709470874616761E+00    0.468732482673788400E+04    0.307289400491530433E-04    0.837999991214854356E+00
    0.495730663717025132E-03   -0.206270768959103528E+02    0.170884784649301968E+01    0.680749612296108864E+00    0.467366364533461274E+04    0.114392545267270060E-02    0.743821377006870232E+00
    0.494887543726393723E-03   -0.206275787255681067E+02    0.986369679009356792E+00    0.867537074297285882E+00    0.482021368068708944E+04   -0.645081861366734706E-04    0.573975067417201390E+00
    0.494388818489635779E-03   -0.206294684499619549E+02    0.108239662897339417E+01    0.871747421895172625E+00    0.430314208955724826E+04    0.417920690885778285E-03    0.436656684508182236E+00
    0.493532166275643404E-03   -0.206299061941122091E+02    0.118200929225930373E+01    0.808303072469483963E+00    0.495319958025634241E+04   -0.557122257100284160E-03    0.407993350143304290E+00
    0.493473832686529778E-03   -0.206335760378927517E+02    0.103526806014715556E+01    0.856948511727074425E+00    0.416106091267804277E+04   -0.132580020924776219E-04    0.451199011551268292E+00
    0.492937065485310358E-03   -0.206353056401886406E+02    0.125798018261676869E+01    0.880053638922273507E+00    0.449282544118354417E+04    0.393332650301697238E-03    0.552595057651882215E+00
    0.493219068966735028E-03   -0.206403557394403769E+02    0.119653890047024758E+01    0.860940486585125342E+00    0.440358463364045383E+04    0.524058170534117415E-03    0.948339948981880787E+00
    0.492322360772314807E-03   -0.206406225343558134E+02    0.125529534358063843E+01    0.926401884787180552E+00    0.467725781308254045E+04   -0.385342000864793749E-03    0.366811198124100457E+00
    0.491608727510853684E-03   -0.206416276324556556E+02    0.101470988784784599E+01    0.813522392178535836E+00    0.463016396201145471E+04    0.326414891602473027E-03    0.330136408525499525E+00
    0.491547848908261017E-03   -0.206452861961597591E+02    0.128516803888767628E+01    0.824009901835156766E+00    0.481450952719098223E+04   -0.429214961652101673E-03    0.523639330344607412E+00
    0.490750237413089055E-03   -0.206459445046984982E+02    0.122042924630839322E+01    0.884114463505431880E+00    0.453769279142319192E+04    0.125455177989808721E-03    0.384367902145661744E+00
    0.491126274145233899E-03   -0.206513826652641157E+02    0.121908347954511287E+01    0.867609909291949588E+00    0.425756276779720793E+04   -0.411607747503011398E-03    0.369411492622173099E+00
    0.492638305504384914E-03   -0.206614368599292391E+02    0.954313371088573503E+00    0.918174206015819006E+00    0.480398141044139538E+04    0.156119177137924365E-03    0.658859592791760429E+00
    0.491999551496616729E-03   -0.206627482306329178E+02    0.981253953360878839E+00    0.829016690795595368E+00    0.459367633868199118E+04    0.271560710476563441E-03    0.536391450822401472E+00
    0.491414548727348846E-03   -0.206642750035107383E+02    0.128463096540048682E+01    0.808074702954599378E+00    0.496027660300537173E+04    0.494200208872406762E-03    0.606099270482757024E+00
    0.492671574873773015E-03   -0.206732906714770905E+02    0.907784363032449249E+00    0.760085669242810846E+00    0.498204388945246683E+04   -0.279715202672451888E-03    0.279728617247019307E+00
    0.492605196416180430E-03   -0.206769274400090310E+02    0.117630318660585687E+01    0.810069838684586929E+00    0.476835946489301477E+04   -0.196545187831184318E-03    0.558280905539244143E+00
    0.491684623310733259E-03   -0.206770926236872157E+02    0.145357052308377965E+01    0.703481524814345893E+00    0.461370496285691206E+04    0.581632455396666344E-03    0.507299258055750046E+00
    0.490946726432299431E-03   -0.206779951143736724E+02    0.134292677545109007E+01    0.501245520446213400E+00    0.498452947198506354E+04    0.764435718253327090E-03    0.647014841307098298E+00
    0.491023251427434365E-03   -0.206822130846788284E+02    0.112337104719402414E+01    0.923168715687015751E+00    0.425805342690614088E+04    0.189405337345403511E-04    0.341650182745071418E+00
    0.490218419836614423E-03   -0.206828384639417777E+02    0.973229783764898770E+00    0.781953438006064649E+00    0.485315329419351019E+04   -0.106066487107326127E-02    0.147040615694953830E+00
    0.489453302336118317E-03   -0.206836207382722179E+02    0.169048101332055278E+01    0.639769515938820588E+00    0.476145422385311758E+04    0.666522194572219460E-03    0.695657649509471954E+00
    0.489271716102682250E-03   -0.206867848544466852E+02    0.989274582449757744E+00    0.960564719635706998E+00    0.467164400091380048E+04   -0.730046169949707230E-03    0.195488523791737479E+00
    0.488456467199222086E-03   -0.206873558253524834E+02    0.117244101055792438E+01    0.867066282021925705E+00    0.408740462830445676E+04    0.133040677083491149E-03    0.461619109800494698E+00
    0.488902429123338035E-03   -0.206930872470749847E+02    0.104069176188388868E+01    0.923502765623678057E+00    0.438075544118264042E+04    0.479869018707907683E-03    0.655225177999381070E+00
    0.490422496907627148E-03   -0.207032021371886330E+02    0.971918911385473594E+00    0.834947273526557732E+00    0.447415884377916154E+04   -0.171384755360123447E-03    0.279594649661645489E+00
    0.490182684441103000E-03   -0.207061301648587346E+02    0.145222292625302551E+01    0.697789118426838550E+00    0.494978321248987777E+04   -0.244757142938859874E-03    0.819398393511973855E+00
    0.489516143414223700E-03   -0.207073150024786443E+02    0.155559278830565928E+01    0.612029152933845078E+00    0.477238834075515479E+04    0.648011311378315479E-03    0.809601349236706236E+00
    0.488562119952957183E-03   -0.207073196270175401E+02    0.105985125217625886E+01    0.869121990044647519E+00    0.487647645673012266E+04    0.869269053077829365E-04    0.311515374606359197E+00
    0.489134939500554186E-03   -0.207135694234467280E+02    0.163941949081440930E+01    0.705377380993470804E+00    0.424989487606501643E+04    0.888932182924720746E-04    0.791232061630972261E+00
    0.488676262448086004E-03   -0.207155993313258655E+02    0.935295719394073299E+00    0.883445420814839566E+00    0.462012493678352530E+04   -0.814718505137241472E-03    0.530846802709468490E+00
    0.489903197389361558E-03   -0.207245207513127880E+02    0.107740418456622389E+01    0.861814228841669250E+00    0.490425992997845333E+04   -0.104735360626320126E-03    0.298396614709585117E+00
    0.492169035402719476E-03   -0.207376558215897688E+02    0.170734920061991202E+01    0.628827899703453319E+00    0.482541350826819962E+04    0.908834217818758547E-03    0.624282189420694356E+00
    0.491873907700517599E-03   -0.207403624178017800E+02    0.122411029172687646E+01    0.802902834876429994E+00    0.467252867785252329E+04    0.546042554254094065E-03    0.918146619834459776E+00
    0.494782843316807480E-03   -0.207560618027164168E+02    0.113943411130990868E+01    0.903462200637711876E+00    0.417309760857673064E+04    0.296342948189770667E-04    0.625610809445286575E+00
    0.494203254513773255E-03   -0.207576238787359770E+02    0.956129892101850842E+00    0.981182224038930961E+00    0.489044712164232715E+04   -0.266723401550723269E-04    0.703555545584137354E+00
    0.493502144625477331E-03   -0.207586907800530120E+02    0.168493054167099787E+01    0.660245015252127865E+00    0.471651891510718724E+04    0.983177999411889193E-03    0.577689179027765731E+00
    0.492840283813023136E-03   -0.207599129280912607E+02    0.163691095508937945E+01    0.672864192653696236E+00    0.413999860405542677E+04    0.661094737204919705E-03    0.610223015372719058E+00
    0.494887674528305560E-03   -0.207721105041807235E+02    0.119704222444991082E+01    0.774782979437806496E+00    0.485327139577413800E+04   -0.298337908495038286E-03    0.498456963599039460E+00
    0.494397579084405038E-03   -0.207740351397486087E+02    0.931895804405212469E+00    0.792142376303672791E+00    0.473040011018514633E+04   -0.349175291503798710E-03    0.273380935192108154E+00
    0.493446432413848141E-03   -0.207740899842497342E+02    0.983997650005144275E+00    0.971230251377004139E+00    0.454648579847806741E+04    0.215674575229279176E-03    0.246098379736945622E+00
    0.492645572124393539E-03   -0.207747476105438622E+02    0.954243216570251906E+00    0.851593440345166708E+00    0.469129792300664849E+04    0.928078982911547767E-03    0.588802750333656699E+00
    0.491864874713654650E-03   -0.207754819385926481E+02    0.100620637581787564E+01    0.882070635764650390E+00    0.479640760655465601E+04   -0.545338989849726520E-03    0.238669427943436013E+00
    0.491437896271329023E-03   -0.207776512730392007E+02    0.101209931642474027E+01    0.811113447879856841E+00    0.495000499889647290E+04   -0.706917802587797919E-03    0.345888154481675980E+00
    0.493605038631984372E-03   -0.207903577317625192E+02    0.118154742551906899E+01    0.972003810449367345E+00    0.481095613593771850E+04    0.393731963823829316E-03    0.383503437181020757E+00
    0.493830045582994092E-03   -0.207951754622578378E+02    0.115266506272253122E+01    0.902060312708193202E+00    0.480257710524506547E+04   -0.600119872646007584E-04    0.205702618626907641E+00
    0.493680882918327347E-03   -0.207984775157411619E+02    0.121897010735103661E+01    0.992114062935583463E+00    0.492678237130973412E+04    0.151517038487186846E-03    0.967915884034862617E+00
    0.496560339497328527E-03   -0.208140151324409217E+02    0.106213135252653323E+01    0.926132605994838265E+00    0.418190598567533652E+04   -0.727807111492108209E-03    0.276263230906579449E+00
    0.496440710740300825E-03   -0.208174394947023700E+02    0.926648924079365388E+00    0.808121453544969226E+00    0.424811855959389322E+04   -0.233523253248426292E-03    0.243157760444160903E+00
    0.496279850972001168E-03   -0.208206975874024778E+02    0.114173511540599648E+01    0.940334831806853066E+00    0.445780525693230175E+04    0.500657371443494832E-03    0.956256378232655968E+00
    0.495858198018399375E-03   -0.208229038603502161E+02    0.123360961411501568E+01    0.914188493970652827E+00    0.460089250963428094E+04   -0.227524836985165013E-03    0.788383472990212830E+00
    0.494963305227962870E-03   -0.208231973787700824E+02    0.104470059169747298E+01    0.854372401738583198E+00    0.472043998270213615E+04    0.399721764561359824E-03    0.559367530384769829E+00
    0.494780250802536619E-03   -0.208263638232865489E+02    0.949723689822416284E+00    0.931576935724563904E+00    0.448544009788679796E+04    0.198905802665099785E-03    0.347589172732562068E+00
    0.494072168989707992E-03   -0.208274058160134530E+02    0.927541103840869630E+00    0.836394213206690385E+00    0.491569127304686208E+04   -0.364766399954044042E-04    0.232774548382941149E+00
    0.493423445751446166E-03   -0.208286843142669440E+02    0.120202146011974986E+01    0.891827389119709157E+00    0.409052728536925270E+04    0.196854099428548941E-03    0.700011273319938732E+00
    0.493527258967079341E-03   -0.208330113075341288E+02    0.108674326016954792E+01    0.910573196648979399E+00    0.448997602472314793E+04    0.577967468651097941E-03    0.846116598637219330E+00
    0.493397772310781536E-03   -0.208363927490514520E+02    0.105439699179586288E+01    0.991371214095283726E+00    0.430231654712737691E+04    0.621688593424855494E-03    0.324560340484125409E+00
    0.492890887230773610E-03   -0.208382432717763670E+02    0.936515520390019729E+00    0.910151014090510579E+00    0.419761089941111004E+04    0.435208705155820750E-03    0.254851702978420136E+00
    0.492470403265807093E-03   -0.208404425986627757E+02    0.106904805171143402E+01    0.813530021345080012E+00    0.449161072765735116E+04    0.189532829142631765E-03    0.357618820878493782E+00
    0.492403071206239454E-03   -0.208440753838516244E+02    0.109352814673471332E+01    0.899736667471983442E+00    0.475746592891523323E+04   -0.403744229082363948E-04    0.285432921736924361E+00
    0.491744344178552751E-03   -0.208453042824070742E+02    0.114423338274769826E+01    0.963534623813176894E+00    0.479372179739066542E+04    0.759341226408594448E-04    0.227246645817532233E+00
    0.491306869006112893E-03   -0.208474304615605064E+02    0.937658637577112097E+00    0.894870701881991693E+00    0.481255042482030149E+04   -0.963306881021002296E-05    0.484795814217519994E+00
    0.490625573101494497E-03   -0.208485613841154418E+02    0.115205243649000466E+01    0.920872421939352037E+00    0.399468215807067463E+04   -0.143463712765364070E-03    0.670926401372184511E+00
    0.490139147453582985E-03   -0.208504837712067825E+02    0.111022392164205574E+01    0.958238032567348630E+00    0.488877505718449174E+04   -0.600097056311336410E-03    0.197696171841269919E+00
    0.489607856977580997E-03   -0.208522209284688955E+02    0.125738999527264395E+01    0.905051335905110665E+00    0.463224270957080989E+04    0.137791722400902215E-05    0.303680392819010048E+00
    0.489301565990616283E-03   -0.208548756183561288E+02    0.125260682752599450E+01    0.868017299801485676E+00    0.464244776640903365E+04   -0.236310385051816650E-03    0.864970594627232914E+00
    0.488417331917550624E-03   -0.208551643283207362E+02    0.122243759242851713E+01    0.865714280114190715E+00    0.463498949004655879E+04    0.469471493052053563E-03    0.543253990853414082E+00
    0.488462847005854506E-03   -0.208592569474960285E+02    0.154027171634046134E+01    0.685698336712220025E+00    0.496383984780988976E+04    0.322509402510349553E-03    0.824786923904269553E+00
    0.488357124844920995E-03   -0.208627302736640132E+02    0.105311129744246523E+01    0.826754920343082511E+00    0.498440743272363488E+04    0.210803363014292719E-03    0.612784372783626852E+00
    0.488764136728893437E-03   -0.208683026911031035E+02    0.131013330549969353E+01    0.815662823899134470E+00    0.485010424125521695E+04    0.785928612932209030E-04    0.530923677787439874E+00
    0.487899473852894503E-03   -0.208686676476934210E+02    0.124758244547036878E+01    0.914028486436961662E+00    0.470013875952174931E+04    0.190600230589306897E-03    0.979113071195967244E+00
    0.487629552604140076E-03   -0.208714671289625251E+02    0.103052069649437339E+01    0.850723134917697577E+00    0.430414496240561493E+04   -0.158489703680398124E-03    0.555852031194195129E+00
    0.488157272488210078E-03   -0.208775366380758562E+02    0.120763762158753196E+01    0.982853377502369785E+00    0.491591256069785140E+04    0.601070644901783007E-03    0.918451254430998953E+00
    0.487532066060721719E-03   -0.208788797504525867E+02    0.111721266026046706E+01    0.904848732112417453E+00    0.442976764761885988E+04   -0.149060003954325026E-03    0.716693259907683511E+00
    0.486728945996107640E-03   -0.208794886489765830E+02    0.169905398465754587E+01    0.706638762991177338E+00    0.427044603530788299E+04    0.276089076877734300E-03    0.618998460777170134E+00
    0.486180811668974989E-03   -0.208811413111970197E+02    0.165942849361268197E+01    0.663970547198485361E+00    0.499550424256168844E+04    0.245115589718871135E-03    0.693827223537789139E+00
    0.487168909118011729E-03   -0.208891081686739071E+02    0.102693232688927094E+01    0.892174463589076483E+00    0.406041525719445372E+04   -0.219558125568250263E-04    0.477657554862024880E+00
    0.486413903342644170E-03   -0.208899124496701205E+02    0.993405357088275376E+00    0.845373272154916533E+00    0.428175116340047680E+04   -0.283637895223524104E-03    0.418720909042566314E+00
    0.486061691185412758E-03   -0.208923699757140220E+02    0.116357326722824350E+01    0.921131767586948369E+00    0.471455310570423444E+04   -0.309343261012280375E-03    0.857301438016366490E+00
    0.485250912909441676E-03   -0.208929373275638000E+02    0.156392915547128020E+01    0.648419329992127258E+00    0.454607665734742659E+04    0.175338554349098479E-03    0.668247450035531765E+00
    0.484799649822446345E-03   -0.208949827957164196E+02    0.121244674762043148E+01    0.879263433648720949E+00    0.476864821431676501E+04   -0.238397988674931909E-03    0.802035078619635855E+00
    0.487875668910489905E-03   -0.209115388139720864E+02    0.102631303380349292E+01    0.826811524515553398E+00    0.409580269441311975E+04   -0.219198871519562346E-04    0.494802726973208484E+00
    0.487829276790811795E-03   -0.209152548748378848E+02    0.115347147908545034E+01    0.858979384335137985E+00    0.497479773356171154E+04   -0.881068632215515333E-03    0.287328959926620775E+00
    0.487244516945159380E-03   -0.209167622913566902E+02    0.126712435539797186E+01    0.945013216037328574E+00    0.414353770074103613E+04   -0.133233329298844470E-02    0.865175611089511909E+00
    0.486494998602386187E-03   -0.209175896132497705E+02    0.102005064487457275E+01    0.904636554419994354E+00    0.443468823248147964E+04   -0.284009591748735296E-03    0.367868602275848389E+00
    0.486598609746928437E-03   -0.209219217673726554E+02    0.130427714743254342E+01    0.819135025750236778E+00    0.477391820702192672E+04   -0.210005599290464374E-03    0.812506264813867340E+00
    0.486293243802559197E-03   -0.209245725193302690E+02    0.100715483829424945E+01    0.954500079460724904E+00    0.423570898429276349E+04   -0.447766691089496334E-03    0.268076544210637535E+00
    0.486163324787524200E-03   -0.209279443741911777E+02    0.973428895151142282E+00    0.953317494884250549E+00    0.478743441742307368E+04   -0.448605297202087083E-03    0.176311338201955381E+00
    0.486025788667341838E-03   -0.209312847420219867E+02    0.124714251324856873E+01    0.918011648360428478E+00    0.410047142490697661E+04   -0.419784312194743613E-03    0.620825878427519906E+00
    0.485574991890015120E-03   -0.209333350988663049E+02    0.101818944571761638E+01    0.952186765078495867E+00    0.439722249712567282E+04    0.209492983792291398E-03    0.683441992760514871E+00
    0.486165345978388833E-03   -0.209396714390375180E+02    0.984715200260476653E+00    0.944887865453098552E+00    0.467722587999180450E+04    0.773245223795766546E-04    0.252321463925795131E+00
    0.486934446068143045E-03   -0.209467391335519899E+02    0.118565819963986807E+01    0.835474502084695647E+00    0.494826781602238862E+04    0.475320204160084451E-03    0.477125766261524031E+00
    0.486166355402094317E-03   -0.209474880916274131E+02    0.126884166567718060E+01    0.807718529364438664E+00    0.484134398454059465E+04   -0.772254999158911067E-04    0.633648962202774113E+00
    0.486194959327712010E-03   -0.209515120095156746E+02    0.122592748674237706E+01    0.965380364412035230E+00    0.395620852795792052E+04    0.251503674865994611E-03    0.662494468987018581E+00
    0.485376202614776827E-03   -0.209520474023357721E+02    0.124125507334082452E+01    0.865656612332148079E+00    0.412674785438317303E+04    0.758142919844246731E-03    0.680311438841190830E+00
    0.484761484446763144E-03   -0.209534190914853653E+02    0.110512561028637024E+01    0.967851550975850183E+00    0.470387280637509957E+04    0.365639050615251587E-03    0.518995329509295722E+00
    0.483891805832034638E-03   -0.209537340509498087E+02    0.113263300118019949E+01    0.850888531408838356E+00    0.487152612834665160E+04   -0.183201058228233070E-04    0.616866315392247899E+00
    0.484786964079515564E-03   -0.209613367110708779E+02    0.110925854849820271E+01    0.899188603339158066E+00    0.480097051882630694E+04   -0.421152083700466150E-03    0.935659324294618955E+00
    0.486538008872865614E-03   -0.209724539223412876E+02    0.118037978793057330E+01    0.915296456191483032E+00    0.410725511533434110E+04    0.552094114921712354E-04    0.613488522946347925E+00
    0.485653224123747021E-03   -0.209727197980471018E+02    0.100352646574658677E+01    0.835732925463801957E+00    0.415372441996311227E+04    0.170327393440091254E-03    0.220612945171058616E+00
    0.485381753829935059E-03   -0.209755077760711863E+02    0.171533480014799866E+01    0.667016549676352599E+00    0.481152102480252415E+04    0.570314666612945658E-03    0.380731155227597484E+00
    0.484461342452242069E-03   -0.209756179000481531E+02    0.160266070365905766E+01    0.550821401178836823E+00    0.481739349710941315E+04    0.433921288409771795E-03    0.693504393100738525E+00
    0.485995683960577056E-03   -0.209858483570765877E+02    0.119654434534633181E+01    0.784508019047949645E+00    0.448934402596926157E+04    0.282317739710105859E-03    0.801467652776094774E+00
    0.485337009471032864E-03   -0.209870421498723161E+02    0.926935695317378849E+00    0.998330636273309535E+00    0.488619056311225268E+04   -0.716976332977726366E-04    0.322860554836560287E+00
    0.484449385987836714E-03   -0.209872872896104212E+02    0.100385140948332241E+01    0.885565741209369817E+00    0.437342660127171894E+04    0.562560233589576861E-03    0.410768289559895250E+00
    0.485191772517900341E-03   -0.209942560609096347E+02    0.118430972523930023E+01    0.987036694043451068E+00    0.477158888174654749E+04   -0.913968657878190728E-04    0.474505361257677782E+00
    0.484692018929406599E-03   -0.209961012242634979E+02    0.950519659987813847E+00    0.927690741973062893E+00    0.480078095318330725E+04   -0.236055283149953614E-03    0.685413057386930258E+00
    0.484966431636157079E-03   -0.210011394716752520E+02    0.948738185043475069E+00    0.952179990143912636E+00    0.450143707767462547E+04   -0.399531493167104004E-03    0.502481166697561377E+00
    0.484816922894727438E-03   -0.210044290530474882E+02    0.900984826361610702E+00    0.900810411279206247E+00    0.495531354482463485E+04    0.364423070867781428E-03    0.315900074879259307E+00
    0.484989279362452457E-03   -0.210090461934052861E+02    0.131717741099670338E+01    0.979841780599468026E+00    0.453652270860663793E+04   -0.554288773050927420E-03    0.695024933094030462E+00
    0.484281709830823440E-03   -0.210100324358316968E+02    0.113347016265677891E+01    0.855808320258300004E+00    0.432265710322018731E+04    0.170168423034746801E-03    0.389340067383904365E+00
    0.483416571422825149E-03   -0.210103626181451020E+02    0.949810633905351365E+00    0.835947063159556358E+00    0.492960097248927286E+04    0.204426129630636097E-03    0.433018726389056030E+00
    0.482648413537067021E-03   -0.210110883034435574E+02    0.993970327559673850E+00    0.850611276844107977E+00    0.438441233742303666E+04    0.113941238872177720E-04    0.241902416035775447E+00
    0.481840089235187254E-03   -0.210116422086978858E+02    0.994491028936488441E+00    0.942718014992380726E+00    0.439515502932109484E+04   -0.183697959977832361E-03    0.307370234047076418E+00
    0.485982956497709145E-03   -0.210326709795351583E+02    0.106010190426254636E+01    0.957285143074207645E+00    0.470426654315281030E+04    0.389625781102760757E-03    0.211136544464898629E+00
    0.485118513148107271E-03   -0.210330165570207299E+02    0.150825498387284940E+01    0.669377318550903322E+00    0.463028545987570487E+04    0.443137553776244881E-03    0.894573348515492861E+00
    0.485555974366201095E-03   -0.210387255174178449E+02    0.114899984812528366E+01    0.924415396898573549E+00    0.454143823188018450E+04   -0.276781523586724411E-03    0.575806437953345629E+00
    0.485187235719083238E-03   -0.210411123597680145E+02    0.122542902675115473E+01    0.965273108855196571E+00    0.424808480792370119E+04    0.469545680712952726E-03    0.559377801599782010E+00
    0.485031569188269405E-03   -0.210443768306915473E+02    0.126547196482151492E+01    0.890354636212489559E+00    0.453716448289092568E+04    0.664912481145497230E-04    0.780691515727427121E+00
    0.484642439944621666E-03   -0.210466778844673321E+02    0.105693782049983054E+01    0.981695892071776877E+00    0.429563393986139363E+04   -0.456466385182954424E-03    0.286048494821398214E+00
    0.483753618742633208E-03   -0.210469128206754874E+02    0.119333221738107031E+01    0.848130746860451090E+00    0.481902415454391212E+04    0.112253027264181001E-02    0.740843169075900754E+00
    0.486503051487411665E-03   -0.210621539687017219E+02    0.112184245581686604E+01    0.988289912341326793E+00    0.496368743492056001E+04    0.756930995308172853E-04    0.403541510342491194E+00
    0.486549773562860001E-03   -0.210662522825825960E+02    0.120185210632550699E+01    0.855348587028915586E+00    0.465536608151832206E+04   -0.170099792421185688E-03    0.853853167193797113E+00
    0.486323595764772841E-03   -0.210692285953089247E+02    0.172537415745106948E+01    0.698875203181438587E+00    0.473184082714518809E+04    0.517581134136744928E-03    0.603184370807590242E+00
    0.485752521070754084E-03   -0.210707849274380088E+02    0.106178828494749133E+01    0.884685081730301803E+00    0.426607376089785794E+04   -0.205590647577856886E-03    0.675569589870964049E+00
    0.486406984695225849E-03   -0.210773840018952008E+02    0.105164826412457924E+01    0.796278829735050597E+00    0.475108780414164994E+04    0.107013455106327990E-03    0.414550694304774203E+00
    0.485675660749239910E-03   -0.210782809436336294E+02    0.107817988610050519E+01    0.965935255843879070E+00    0.428651916523150157E+04   -0.405294197215779351E-03    0.811517600869252176E+00
    0.485648753500700727E-03   -0.210820763872000470E+02    0.156629288196563721E+01    0.664684206247329712E+00    0.494779966717958450E+04    0.970264617372814281E-04    0.546003460884094238E+00
    0.485576701205563056E-03   -0.210856858892311507E+02    0.114527246128569860E+01    0.878480738853441134E+00    0.405306720274693680E+04   -0.355200194583194115E-05    0.333093326698988501E+00
    0.484745587741582096E-03   -0.210861660047325365E+02    0.124079821265363965E+01    0.871628973254325312E+00    0.468544975555151086E+04   -0.532876125496044056E-03    0.864040954223888047E+00
    0.484566228278437896E-03   -0.210893321029579184E+02    0.121383643107233730E+01    0.884067364336397876E+00    0.460287311343088368E+04   -0.361071134455110863E-03    0.709184176716980086E+00
    0.487396108982791128E-03   -0.211048844367293569E+02    0.118052385144926375E+01    0.937355268052515789E+00    0.469009697939665966E+04    0.619127443279749844E-03    0.506768172237241576E+00
    0.487205666217372063E-03   -0.211080090638236797E+02    0.153949576496539109E+01    0.709020860078461879E+00    0.413431807280844805E+04    0.191790269412597922E-03    0.705178789298101627E+00
    0.488314858931383267E-03   -0.211164634218886924E+02    0.953959606080181266E+00    0.957346756344268579E+00    0.494256219567741118E+04    0.875576132160101094E-03    0.308904062624652254E+00
    0.488068510332994698E-03   -0.211193604428855650E+02    0.113750812044949701E+01    0.964548116068175809E+00    0.497469419178506996E+04   -0.206998522053046204E-03    0.228114401324640365E+00
    0.487341985156737676E-03   -0.211202873306007923E+02    0.110472269115827260E+01    0.944351894278711357E+00    0.498691711862275952E+04    0.216591559016941217E-03    0.855252870807606369E+00
    0.486546071868393371E-03   -0.211209245664269574E+02    0.172864234447479248E+01    0.677629992365837097E+00    0.471914897382259369E+04    0.477431277429065510E-03    0.871793866157531738E+00
    0.485857563463556053E-03   -0.211219986241361326E+02    0.103746245984217422E+01    0.967058490674661653E+00    0.416237244546779129E+04   -0.934579081161847179E-04    0.207843528402883920E+00
    0.485153965166720141E-03   -0.211230064598568710E+02    0.129975982218741137E+01    0.967487025917249777E+00    0.414248873009072577E+04    0.632066566820717074E-04    0.850481471323533467E+00
    0.485530364048402502E-03   -0.211284637760035388E+02    0.109094570315150596E+01    0.930206033326854698E+00    0.408905738745534018E+04    0.277325173028812719E-03    0.694459263661188708E+00
    0.484673294414820837E-03   -0.211288364592145186E+02    0.111298630921051700E+01    0.941876495785408552E+00    0.421852265977288062E+04   -0.962686648722261570E-04    0.333607570759634875E+00
    0.484857150832524581E-03   -0.211335012472091464E+02    0.105711511531574409E+01    0.878297642385753363E+00    0.481804904911627364E+04   -0.135775292706206882E-03    0.527126229473861674E+00
    0.484457656743673482E-03   -0.211357589342929124E+02    0.946304283955183512E+00    0.865172528861289480E+00    0.489580726142072490E+04    0.272904992607521705E-03    0.373964543588192200E+00
    0.486145860346631721E-03   -0.211466225269180654E+02    0.996055388515307061E+00    0.933938567027665090E+00    0.424437005474181296E+04    0.272870596057597087E-03    0.512909728329911552E+00
    0.485227051674459329E-03   -0.211467452291793769E+02    0.124893008866277833E+01    0.897973587385530347E+00    0.477505519898269904E+04   -0.117567325750757041E-04    0.866748770982243344E+00
    0.486820441377942717E-03   -0.211572083239509681E+02    0.989065840319796719E+00    0.893526455271337783E+00    0.442075297488506749E+04   -0.164696947965469641E-03    0.729808086164283276E+00
    0.485986438825733826E-03   -0.211576853105544131E+02    0.146603955025309229E+01    0.690169582045601970E+00    0.493232384888448087E+04   -0.332433924066821034E-03    0.506984463350684700E+00
    0.485811666255569650E-03   -0.211608721824401727E+02    0.959306836128234863E+00    0.901053518056869507E+00    0.471917908018827438E+04    0.392720136316635220E-03    0.618193447589874268E+00
    0.485984718361223331E-03   -0.211654907302434339E+02    0.976464921848044343E+00    0.807342296785368285E+00    0.447695426766613127E+04   -0.420411384686306664E-03    0.384547607382051571E+00
    0.485737151556879325E-03   -0.211683778951847827E+02    0.121413446597057928E+01    0.934508329512382940E+00    0.441302023583967093E+04    0.154939617371804729E-04    0.895951925007957506E+00
    0.484857644136704095E-03   -0.211686595320514570E+02    0.924007785349064359E+00    0.817836345225277483E+00    0.466947745778521676E+04    0.292268198796304492E-03    0.393298269532167843E+00
    0.484245415323817827E-03   -0.211700387901558287E+02    0.173077673150770006E+01    0.771827327725634449E+00    0.456634729123669968E+04    0.167634466887242356E-03    0.968290175175902768E+00
    0.483423395711031782E-03   -0.211705471015175242E+02    0.119906865120876738E+01    0.866660433498997795E+00    0.405374238223606062E+04    0.425184822596824045E-03    0.455662288771623403E+00
    0.482612788265789712E-03   -0.211710969238849103E+02    0.109804091916449909E+01    0.893011088125675867E+00    0.425883950344427740E+04    0.606943953116930059E-04    0.457063463965743433E+00
    0.482552721204122976E-03   -0.211747542339418331E+02    0.971107185180515087E+00    0.934973959626484885E+00    0.472194671124354045E+04    0.450763137249252132E-03    0.285373181824505884E+00
    0.481847280095456035E-03   -0.211757345559719958E+02    0.119354480514659667E+01    0.942182299424886183E+00    0.407090346230058276E+04   -0.586499314135900110E-03    0.393800854757475394E+00
    0.483150714507967394E-03   -0.211850436574285652E+02    0.108206788401932874E+01    0.981928068054485959E+00    0.495735291714020059E+04   -0.795076465335465719E-04    0.121435801719355252E+00
    0.483041027607646555E-03   -0.211884958074977945E+02    0.117396883184588496E+01    0.831942754012910735E+00    0.435481991502293022E+04   -0.929439283702321004E-05    0.992201988037734739E+00
    0.483310631834519199E-03   -0.211935180248839643E+02    0.977672028311924901E+00    0.859467238941327150E+00    0.456615855394887058E+04    0.295110753467466762E-03    0.531104918147836003E+00
    0.483543660856399513E-03   -0.211983883458020408E+02    0.109141094888259182E+01    0.926159693470635870E+00    0.464770385737159813E+04   -0.335784906676131359E-03    0.575036028946053546E+00
    0.482888393039154827E-03   -0.211995824841123977E+02    0.118372855186462411E+01    0.819047667086124420E+00    0.486131749230623245E+04   -0.205402981940513882E-03    0.873263657093048096E+00
    0.483121461033737918E-03   -0.212044538091501735E+02    0.157326943447692891E+01    0.606363495325795476E+00    0.495707145272804428E+04    0.461382576875522376E-03    0.332112526426529997E+00
    0.482316104828578592E-03   -0.212050233073168144E+02    0.985307648133355918E+00    0.869405866169701724E+00    0.434058146541825772E+04    0.197621631273372752E-03    0.455272205794347906E+00
    0.481509422340139614E-03   -0.212055817203730754E+02    0.115448800606516033E+01    0.893450367616475893E+00    0.490117952835719734E+04   -0.622669059339269051E-04    0.271258959519508291E+00
    0.480885098172978442E-03   -0.212068930916972604E+02    0.113176338351168315E+01    0.993420900118069383E+00    0.470859635907206575E+04   -0.512482909085963494E-03    0.404045762673175157E+00
    0.480032556058318668E-03   -0.212072504742803218E+02    0.100758784734090523E+01    0.959483233500503796E+00    0.450477845374549997E+04   -0.336587901952756089E-03    0.417205469803789586E+00
    0.481746186958919122E-03   -0.212182836554020184E+02    0.162442483104455304E+01    0.656230132631029139E+00    0.448926222068614879E+04    0.431385921071644957E-03    0.638374300949759999E+00
    0.484268656354322122E-03   -0.212326347764968482E+02    0.105711577483563457E+01    0.903924138371015706E+00    0.474585271604202535E+04    0.463034744595620593E-03    0.453280655969836022E+00
    0.483501243837935362E-03   -0.212333691457550131E+02    0.100289433564978747E+01    0.856828272635786203E+00    0.492994158525475450E+04   -0.209319684583018358E-03    0.325308699921837086E+00
    0.482618261041716271E-03   -0.212336196035363045E+02    0.114783182016989738E+01    0.906188892173314553E+00    0.482709678007302773E+04   -0.336714144670258278E-04    0.884118463282834055E+00
    0.481739388060811854E-03   -0.212338804291440297E+02    0.106044292581543820E+01    0.993903248118104932E+00    0.448514882209668303E+04    0.276467494482784439E-03    0.458136146451877946E+00
    0.481133563192022548E-03   -0.212352699402619436E+02    0.125065231323242188E+01    0.896234117448329926E+00    0.399274824625253677E+04    0.155981818630157663E-03    0.986759364604949951E+00
    0.480642916447074191E-03   -0.212371356047500726E+02    0.124910241177330694E+01    0.876768661566610152E+00    0.490518342176339138E+04   -0.252355703388842240E-03    0.729088702802948685E+00
    0.480523057850162710E-03   -0.212405430497538461E+02    0.116001777852648735E+01    0.876757266136625857E+00    0.481869968787747075E+04    0.274452207927327436E-03    0.668556106635340264E+00
    0.479840564120449884E-03   -0.212416066521192270E+02    0.124894553014543330E+01    0.978254283540733960E+00    0.436536483175921148E+04   -0.664378819446320343E-03    0.680203732383344861E+00
    0.479865889036159470E-03   -0.212456184548770679E+02    0.113172134419275716E+01    0.835342469911885099E+00    0.468185926518987617E+04    0.622249019779524222E-03    0.574291470515713609E+00
    0.478967774536009938E-03   -0.212457780080435086E+02    0.107979356294171680E+01    0.974912924795809266E+00    0.450362449269705030E+04    0.130446022045976309E-03    0.422045793582373263E+00
    0.479294918568648671E-03   -0.212510498294998555E+02    0.109858556091985626E+01    0.862312231479023361E+00    0.472780496358721120E+04    0.199304787559132358E-03    0.562096263147159769E+00
    0.478483332051653568E-03   -0.212515666239104313E+02    0.101684769888152071E+01    0.876637173473790887E+00    0.465602496771006736E+04   -0.111233603439827455E-03    0.632398520725406033E+00
    0.478364295393192440E-03   -0.212549752537851049E+02    0.105448246415968150E+01    0.835636173711850061E+00    0.408330426633101297E+04   -0.145515627994677939E-03    0.376898635908173518E+00
    0.477983995885657761E-03   -0.212572908718739413E+02    0.128718883153101737E+01    0.879302294687510866E+00    0.432132589556446965E+04    0.216223170148078305E-03    0.954922308755589588E+00
    0.477224567071743075E-03   -0.212580169620496591E+02    0.117397309447113041E+01    0.965279571964779981E+00    0.441013917051822864E+04    0.239344788223115851E-03    0.883288553214341743E+00
    0.477176224146183114E-03   -0.212617206014649192E+02    0.116916405535463497E+01    0.964177580869574946E+00    0.429887391137975374E+04   -0.251174784769039091E-03    0.922714703587067531E+00
    0.477240853166931232E-03   -0.212658977142664796E+02    0.120071079090731248E+01    0.945671699462927617E+00    0.480185479607815614E+04    0.438428999322606854E-03    0.946914851774162458E+00
    0.477203906652151350E-03   -0.212696491244418908E+02    0.118124830849107654E+01    0.949458869651724435E+00    0.412713566646252457E+04   -0.178477444481858050E-03    0.806487261166939029E+00
    0.477065603396839642E-03   -0.212729756503499701E+02    0.148827936926648663E+01    0.584144149105416677E+00    0.473655347353066645E+04    0.665378106646147423E-03    0.407287583486378058E+00
    0.477151670130823539E-03   -0.212772426849913572E+02    0.155334889110858443E+01    0.681705904255743955E+00    0.474152242519457195E+04    0.975572257484346497E-04    0.685063539245617914E+00
    0.476528526731860266E-03   -0.212785352978845168E+02    0.120926830398516683E+01    0.914897829161571696E+00    0.419156565769107874E+04    0.119244962028928469E-03    0.539661752563727504E+00
    0.477407008632102687E-03   -0.212861251601036550E+02    0.107817375882842548E+01    0.879485766813652314E+00    0.477295426260528529E+04    0.914639736677434517E-03    0.442313538939663964E+00
    0.476950100533649730E-03   -0.212881163695848485E+02    0.111579561511307523E+01    0.898360806405689161E+00    0.413896003442533674E+04   -0.205528387817447821E-03    0.686278477245264584E+00
    0.476492112156612900E-03   -0.212901012093255737E+02    0.121034707338400405E+01    0.962725098782431177E+00    0.453395618690854462E+04   -0.114956283014544758E-03    0.856690077986945964E+00
    0.476271145121832094E-03   -0.212930797701559875E+02    0.978320246223751133E+00    0.905971039869627459E+00    0.430366135244867382E+04    0.208118798501501169E-03    0.512427355660778572E+00
    0.476434755398281496E-03   -0.212976729489468255E+02    0.917778447542522025E+00    0.781935344367096885E+00    0.480344694430824802E+04    0.255822282558967494E-03    0.185228075677634274E+00
    0.475588753803152969E-03   -0.212980246572379741E+02    0.149858322307540970E+01    0.694259554218713104E+00    0.488650727841507796E+04    0.631936683759956250E-04    0.680751425815913302E+00
    0.475577976594187169E-03   -0.213018855851777005E+02    0.116092500727913905E+01    0.935522045587340201E+00    0.418659991423141855E+04   -0.494517358127416376E-03    0.620026765490655274E+00
    0.477597694470365236E-03   -0.213142675903202949E+02    0.103142727252554867E+01    0.868426318761698957E+00    0.399216049483369443E+04   -0.454237805441781354E-04    0.548985714168855998E+00
    0.477070096527710315E-03   -0.213159632367937490E+02    0.989899852922982770E+00    0.973196707130026040E+00    0.452795446045149492E+04    0.420520317031906226E-03    0.579677855559409982E+00
    0.476868539652344000E-03   -0.213190243302156830E+02    0.117637147695584177E+01    0.948904228933327709E+00    0.436831736059617742E+04   -0.252048856171695088E-04    0.356378706688186386E+00
    0.476886475079824589E-03   -0.213230058004858591E+02    0.997777283043362662E+00    0.869633955751513588E+00    0.443702800697002931E+04   -0.217225586364029740E-03    0.634394408301834911E+00
    0.476115528452821803E-03   -0.213236761840666063E+02    0.117487609831269779E+01    0.898819466416563406E+00    0.484777835524966849E+04    0.605650426219289155E-04    0.812707667583810078E+00
    0.475489824048777186E-03   -0.213249523332898328E+02    0.119210120300399236E+01    0.869443604155915373E+00    0.419301939277820384E+04   -0.126391519048505243E-03    0.644834734225853690E+00
    0.474946675041385111E-03   -0.213265726901574126E+02    0.114126661502276749E+01    0.945010988060458024E+00    0.417381367118615708E+04   -0.933080825462248418E-04    0.725263319089677783E+00
    0.474576177128741407E-03   -0.213289181649507817E+02    0.160152784200888076E+01    0.736110099372615068E+00    0.412632210918961573E+04   -0.449163436979910524E-05    0.800684475948286400E+00
    0.474052033881913369E-03   -0.213306143044181908E+02    0.112364850044250497E+01    0.929666124284267426E+00    0.410134727275371552E+04    0.316298164353962161E-04    0.645368099212646484E+00
    0.473420529203701969E-03   -0.213318544940114165E+02    0.123208560651409327E+01    0.987792248006623574E+00    0.485932608008097395E+04   -0.490441147971851341E-03    0.964991815385667917E+00
    0.472837340722135604E-03   -0.213332955024574886E+02    0.111050802706774210E+01    0.846889985825381220E+00    0.468369441436766829E+04    0.350784477836066431E-03    0.466000634533075830E+00
    0.472501166486905488E-03   -0.213357793022057365E+02    0.120402743816375724E+01    0.906189389526844025E+00    0.487564991086721420E+04   -0.142353681905029795E-03    0.742582798004150391E+00
    0.471876070318853584E-03   -0.213370378972857750E+02    0.996216607093811102E+00    0.852148912847042084E+00    0.485523481410741806E+04   -0.344533899695433174E-03    0.291647493839263916E+00
    0.472468686269478938E-03   -0.213434543154178407E+02    0.106434224671817601E+01    0.927058958199157401E+00    0.493207280006572546E+04    0.428769836529232183E-03    0.336901377393524604E+00
    0.472236440038770785E-03   -0.213463772057263697E+02    0.168825435638427734E+01    0.624387525022029877E+00    0.464374773001670837E+04    0.265271936489276726E-03    0.636822998523712158E+00
    0.473473154944074577E-03   -0.213555143029836465E+02    0.108462127303803180E+01    0.943982465492920642E+00    0.418952324034953654E+04    0.856902111306882510E-05    0.377832301761753864E+00
    0.473394585690597395E-03   -0.213590886407205147E+02    0.961601862965885346E+00    0.948416020406115834E+00    0.457941797362146372E+04   -0.609096202225301443E-03    0.660189350771891892E+00
    0.474891755889669180E-03   -0.213693101622894801E+02    0.928634845896345373E+00    0.921204274419296421E+00    0.490455390461318711E+04    0.243377559868201466E-03    0.749976204843909144E+00
    0.474798563136606862E-03   -0.213728238937958253E+02    0.117169997768470302E+01    0.917107088600023990E+00    0.486993843341571846E+04   -0.634844084526693989E-03    0.147597377722375522E+00
    0.475878736135061761E-03   -0.213812750023471061E+02    0.105898982348094828E+01    0.980220829214122125E+00    0.415799660091475926E+04    0.406780246897101916E-03    0.415561002587478190E+00
    0.476166998047041206E-03   -0.213863923787056720E+02    0.128280633284463219E+01    0.844931953978436678E+00    0.414263784964387287E+04   -0.649825758281615050E-03    0.799181712908464403E+00
    0.475309125360449600E-03   -0.213866921360235835E+02    0.107634085856879902E+01    0.984393673609541997E+00    0.421080846026269774E+04    0.121772672011024693E-03    0.624684707320542154E+00
    0.476200976635715362E-03   -0.213943475907228446E+02    0.986446877999303418E+00    0.965627613780012606E+00    0.438121454319485110E+04    0.221797501043728619E-03    0.477164835893128747E+00
    0.475798502562310222E-03   -0.213965627721616798E+02    0.121791151733479941E+01    0.926348180544900979E+00    0.419180833294749755E+04   -0.460828537722552154E-04    0.574681917041911738E+00
    0.475990816084331217E-03   -0.214012772410432213E+02    0.967480135228623084E+00    0.943910104998190835E+00    0.464616716372262363E+04    0.764655299613949796E-03    0.438492418215967128E+00
    0.477123080336745318E-03   -0.214099353461543629E+02    0.120069401513992524E+01    0.818209840161227220E+00    0.494747503400550522E+04   -0.194016964663936643E-04    0.441382304267378234E+00
    0.477113446459736677E-03   -0.214138012125524000E+02    0.992441175718238089E+00    0.970192087485137966E+00    0.462141774828584857E+04    0.594192701857484355E-03    0.648123089173013422E+00
    0.476399124587563048E-03   -0.214147108706772542E+02    0.114340234267614216E+01    0.814286702381154415E+00    0.489201520024394267E+04    0.641603071098970274E-03    0.573875178931603225E+00
    0.476104733018492510E-03   -0.214173808355910076E+02    0.976836549461932435E+00    0.835754347962699429E+00    0.495391423151755680E+04    0.371915118791051654E-03    0.386449233955219351E+00
    0.475370116425944756E-03   -0.214181987570284740E+02    0.119410912425284765E+01    0.989472719158663971E+00    0.440339486864002811E+04   -0.286520479734120567E-04    0.337503381010827996E+00
    0.474506862771034764E-03   -0.214184697830511048E+02    0.121753512133655084E+01    0.852964261025783488E+00    0.418296791035333990E+04   -0.697557477661997754E-03    0.789783185640411722E+00
    0.474516563966071293E-03   -0.214224169222209895E+02    0.114311710613383521E+01    0.938756371677549550E+00    0.406513268768131957E+04    0.674394651263463630E-04    0.306990007355425365E+00
    0.473960482289534964E-03   -0.214239780158782089E+02    0.999042178254179514E+00    0.894951670765684271E+00    0.457166532538302272E+04   -0.905174091058617803E-03    0.510699474709454648E+00
    0.473062006542998516E-03   -0.214240893147478850E+02    0.118604531127848722E+01    0.955604312842235792E+00    0.497138695514731717E+04   -0.232913483224247438E-03    0.642194331093667636E+00
    0.473319004009045848E-03   -0.214290817973307455E+02    0.120692804408139875E+01    0.857989109514410764E+00    0.460108546167607528E+04   -0.234895803128459346E-03    0.882127968866296630E+00
    0.473181389810676666E-03   -0.214324064767356077E+02    0.115434049070395495E+01    0.901537013527989317E+00    0.418267442141799529E+04    0.661633349151015513E-03    0.739052187170560093E+00
    0.472306479134570914E-03   -0.214326113109710974E+02    0.152146442817605365E+01    0.692067582560102479E+00    0.449889181263697537E+04    0.245947141443397517E-03    0.768907747543458142E+00
    0.472048041024420871E-03   -0.214354228953086334E+02    0.950776678977004908E+00    0.951113321346820584E+00    0.475153741801897922E+04    0.603604127770207056E-03    0.356761735357840615E+00
    0.472191562487423127E-03   -0.214399371327879535E+02    0.160265860713280794E+01    0.698385984781713542E+00    0.409334897379962058E+04    0.832067001558388320E-03    0.811238616721608241E+00
    0.472094026395252300E-03   -0.214434302192549424E+02    0.997507992172466662E+00    0.783680757191384525E+00    0.489514600016801433E+04    0.225151278334218262E-03    0.230008556996002894E+00
    0.472170534182776843E-03   -0.214476605639668492E+02    0.118351977637348704E+01    0.897012383330044405E+00    0.488806927085234292E+04   -0.386501736141596660E-03    0.531038548714114600E+00
    0.472391029481834031E-03   -0.214525005606342631E+02    0.116228858477698571E+01    0.861659091344474604E+00    0.477954217696842079E+04   -0.479175590886488968E-03    0.551942947160967368E+00
    0.471515728548679977E-03   -0.214526975409353966E+02    0.165028726899525680E+01    0.639634213593690881E+00    0.425852959449643913E+04    0.159138007811456157E-02    0.727164154530750673E+00
    0.471041227196311954E-03   -0.214545901136098429E+02    0.119007843135352442E+01    0.915674527811402683E+00    0.477211714686929554E+04   -0.403056850386429349E-03    0.884917287018007204E+00
    0.472537649264023274E-03   -0.214648399703164614E+02    0.971312558681741489E+00    0.815765078698606816E+00    0.498995920377910261E+04   -0.550378866155608738E-03    0.245384293742518161E+00
    0.472874405201773799E-03   -0.214701710210704277E+02    0.149543815534992253E+01    0.582269498684647502E+00    0.488372258071511715E+04    0.733812364354655741E-03    0.643855024938400300E+00
    0.472457076825700444E-03   -0.214723114210543855E+02    0.143573954105377188E+01    0.567911922931671143E+00    0.473449964332580566E+04    0.106166514478768471E-02    0.398079216480255127E+00
    0.471843159360150457E-03   -0.214736171525814932E+02    0.100693923922620998E+01    0.925550269021685579E+00    0.458037428852949142E+04    0.291295662817352499E-03    0.517063436517992914E+00
    0.473219754825143454E-03   -0.214833498779110137E+02    0.115612039963599522E+01    0.966718644160636131E+00    0.463906981161647309E+04   -0.272026800431974256E-03    0.697137929118766597E+00
    0.472419499277038080E-03   -0.214838710918703129E+02    0.953711182993652762E+00    0.819994044038564129E+00    0.458553089541473946E+04    0.583059026686294480E-03    0.362880174205767958E+00
    0.472123482321519278E-03   -0.214865237537500278E+02    0.118195240937228174E+01    0.845649779203664465E+00    0.475146836141912627E+04   -0.215891710074257866E-03    0.446976123153978944E+00
    0.473489681331187493E-03   -0.214962091109484987E+02    0.998183558286866779E+00    0.900915259438082261E+00    0.497848767898227470E+04   -0.856543548369096417E-04    0.155237725485289885E+00
    0.473839740404450303E-03   -0.215015934490608984E+02    0.160458134450716861E+01    0.763413310314268734E+00    0.493718182738956875E+04    0.249652381510413540E-03    0.887551441138759833E+00
    0.474335730622183296E-03   -0.215075920976859756E+02    0.113527427044421758E+01    0.894971273780634125E+00    0.445323055736178321E+04    0.326445431391372896E-03    0.340173361811730912E+00
    0.473421883940550767E-03   -0.215076414671890674E+02    0.113115358524613230E+01    0.924533087637957052E+00    0.483366557170307351E+04   -0.382503991118860126E-03    0.503912308289935273E+00
    0.473082136070210053E-03   -0.215101119160609500E+02    0.167738239137060274E+01    0.717464976043872715E+00    0.480132740453213864E+04    0.251008327762109005E-03    0.907011643938909873E+00
    0.472893727472384036E-03   -0.215132214920333524E+02    0.124267286175470648E+01    0.858917161317326650E+00    0.452455297330545181E+04    0.128113263210152988E-04    0.706196045868663691E+00
    0.473336940854068682E-03   -0.215190013376751885E+02    0.102046387346682454E+01    0.923301632783803505E+00    0.407079809522417008E+04    0.123276049507071365E-03    0.274503822982626988E+00
    0.473359110176834201E-03   -0.215230012579624450E+02    0.115815923939468490E+01    0.914728626414931578E+00    0.474370985916102745E+04   -0.271645188641735633E-03    0.380741299089669805E+00
    0.475379852723607495E-03   -0.215354272196284384E+02    0.118993241231952052E+01    0.901527828100752382E+00    0.483561978553379504E+04    0.837010884730972847E-03    0.456362860326419595E+00
    0.474623287551629127E-03   -0.215361479419187418E+02    0.155607071683447629E+01    0.567591455455716432E+00    0.480257666154634262E+04    0.941318648720436543E-03    0.647078616307512844E+00
    0.474204021174256022E-03   -0.215382866778481805E+02    0.152208946578933935E+01    0.716397658957795058E+00    0.486280029121014104E+04    0.232688158811253501E-03    0.532243435180875468E+00
    0.474391258711945915E-03   -0.215429824638877392E+02    0.117965178794629666E+01    0.829949739381566354E+00    0.477154704100364143E+04   -0.231634486828532956E-03    0.507038561985359126E+00
    0.473643687753984126E-03   -0.215437345216685721E+02    0.106888317202053540E+01    0.950626458765874927E+00    0.421595297729041431E+04   -0.959023514332435199E-05    0.361811248284542530E+00
    0.474438858521985423E-03   -0.215509956312536524E+02    0.115065333465534070E+01    0.829171204005212936E+00    0.490187331929179436E+04   -0.133862786845811895E-03    0.527804983807761086E+00
    0.473542896004684754E-03   -0.215511213748048611E+02    0.111176159102622152E+01    0.930077730610593512E+00    0.457451658950723504E+04    0.468047841020992838E-03    0.864908707686498524E+00
    0.472640771981715940E-03   -0.215512138861963862E+02    0.162660057831782812E+01    0.718412003659884224E+00    0.467136558407340090E+04    0.675912583188038960E-03    0.816775584842618141E+00
    0.472960953621655083E-03   -0.215564745400368416E+02    0.140219148573657204E+01    0.695919495024699963E+00    0.460911042104033186E+04   -0.101145581597730040E-03    0.869717007338152603E+00
    0.472109457892138555E-03   -0.215567768428619537E+02    0.993710603625265199E+00    0.954933344237003601E+00    0.434425146040659638E+04    0.867532373034387194E-03    0.165157276393497032E+00
    0.471998774433711769E-03   -0.215602141489204300E+02    0.898422971308464047E+00    0.840890761545527221E+00    0.480492168672113621E+04    0.416422113530038132E-03    0.512072724019982495E+00
    0.471907858045890016E-03   -0.215637351218814466E+02    0.972319278883018612E+00    0.986320771442874111E+00    0.444305799468278474E+04   -0.152459045267081179E-03    0.700075600521600561E+00
    0.471316960668509476E-03   -0.215651355113783509E+02    0.124558689591021610E+01    0.984704834575495291E+00    0.496033119797514246E+04    0.324482305202429262E-03    0.443529512497274570E+00
    0.470470284727836103E-03   -0.215654457213049540E+02    0.972199632872536412E+00    0.861854802593309044E+00    0.459012127765765490E+04   -0.187759722886019208E-03    0.220606824871313445E+00
    0.470014847561279342E-03   -0.215674149403556150E+02    0.100171308576575613E+01    0.958490910493378867E+00    0.410262242314616469E+04   -0.494414657429079695E-03    0.541453635894365348E+00
    0.470121600301569569E-03   -0.215717753914069412E+02    0.117494499462783875E+01    0.849350670230801574E+00    0.497354076194551089E+04   -0.549736511020656993E-03    0.866166731983491256E+00
    0.471243379531345195E-03   -0.215804482506808988E+02    0.125193411457152792E+01    0.811311238113871180E+00    0.454654356594425008E+04    0.166397127236962001E-03    0.933869801389204501E+00
    0.470445232789612239E-03   -0.215809642210389114E+02    0.101262884239023476E+01    0.794142136473663496E+00    0.446837931899413252E+04   -0.192068525177762652E-03    0.196968402439972184E+00
    0.470659691604069649E-03   -0.215857819903079005E+02    0.102368406478258778E+01    0.866794169219309185E+00    0.426685752216563287E+04    0.410977268338707353E-03    0.498588815834639543E+00
    0.470551488708439265E-03   -0.215892283949581483E+02    0.109542590452623934E+01    0.903790207379255639E+00    0.480921510255070916E+04    0.200805322057757442E-03    0.395470779715445808E+00
    0.469919641698457729E-03   -0.215904472807866306E+02    0.940414750578505765E+00    0.791748561630038927E+00    0.497087379963280455E+04    0.779447536651032782E-04    0.467953707658563700E+00
    0.469052986617371644E-03   -0.215906616006874010E+02    0.116547746159748988E+01    0.891546352201894821E+00    0.429583671374254573E+04   -0.496818374459694696E-03    0.881314849599223349E+00
    0.468940609960382976E-03   -0.215940886292602769E+02    0.903999650280176370E+00    0.948511985436651384E+00    0.489510383733813887E+04    0.795340564221550948E-03    0.402385615031346511E+00
    0.469658125748687255E-03   -0.216010526968377583E+02    0.106530273366895600E+01    0.872472213642939143E+00    0.484560388466056520E+04   -0.809991401124086994E-03    0.393970961550322407E+00
    0.470946298829618033E-03   -0.216104370154184409E+02    0.956914403754351217E+00    0.848186710585052905E+00    0.490797265802911534E+04    0.326611786445643831E-03    0.573892488004344004E+00
    0.470462698349732259E-03   -0.216122884708546508E+02    0.111345895168627784E+01    0.816833950447404367E+00    0.477435220972394472E+04   -0.647507896680574483E-03    0.476862551729574036E+00
    0.472565029479596213E-03   -0.216251121028177096E+02    0.109302928351275841E+01    0.895430250390104376E+00    0.452413647965029850E+04   -0.198852171710306360E-03    0.665715778077638598E+00
    0.471747009368118214E-03   -0.216255533104061648E+02    0.127434292541565686E+01    0.932596383374671545E+00    0.463512549211834084E+04   -0.284613294509095734E-03    0.586588190516681873E+00
    0.471282414698259787E-03   -0.216274889126380856E+02    0.155080322887700017E+01    0.716224659507948780E+00    0.465530236980872542E+04   -0.187237346480147453E-03    0.735865098860551958E+00
    0.471876837178364643E-03   -0.216339161475412283E+02    0.126874341652592837E+01    0.962319326603010561E+00    0.489558843299270575E+04   -0.171422091551316558E-05    0.376437903613966618E+00
    0.470971678315089144E-03   -0.216339822933188124E+02    0.110912444163646784E+01    0.870659334271932206E+00    0.474770593977448971E+04    0.563637231429248349E-03    0.534410945034029528E+00
    0.470468286575927521E-03   -0.216357497270121826E+02    0.116266373048249538E+01    0.885153678091316731E+00    0.474315837942708185E+04    0.316354886215925216E-03    0.543155731765385785E+00
    0.470427452160872967E-03   -0.216394823789677595E+02    0.119905758514196670E+01    0.909100370576897521E+00    0.492156700518772413E+04    0.666753748262790180E-04    0.385030971169686986E+00
    0.469511241471567010E-03   -0.216394896045497660E+02    0.121339713031154695E+01    0.875252318103845517E+00    0.436852724991466857E+04    0.825744209191863458E-04    0.591449812976971967E+00
    0.470207884648588372E-03   -0.216463611801891709E+02    0.156633063408589512E+01    0.708604624032278863E+00    0.483741505745938230E+04    0.264234370379752223E-03    0.619802809089787132E+00
    0.469823849786843884E-03   -0.216486332943656663E+02    0.122663043089029022E+01    0.832462500466438104E+00    0.485233184017914027E+04   -0.142594059632636703E-03    0.755326426506093274E+00
    0.469049390445734691E-03   -0.216492400168742769E+02    0.114460940801414579E+01    0.985091312625936522E+00    0.450323512078238491E+04   -0.146814251238886921E-03    0.583311637112487347E+00
    0.468134550502175570E-03   -0.216492416321738474E+02    0.105725134458705217E+01    0.864289141235345060E+00    0.495336336294263492E+04   -0.122833631344885179E-03    0.489802788430346581E+00
    0.467825455713770757E-03   -0.216518269077836081E+02    0.110565424358930597E+01    0.951675941025385108E+00    0.457656199699320950E+04    0.593204251518653880E-04    0.779321612792762686E+00
    0.467175298125654980E-03   -0.216529517367409419E+02    0.990652589240887838E+00    0.890493017323208069E+00    0.432994896313781101E+04    0.101924978713666489E-03    0.628975549726702665E+00
    0.466295395148528949E-03   -0.216530875277684842E+02    0.147596597124994355E+01    0.721290518573395878E+00    0.413666791522918447E+04    0.269487831224775429E-03    0.858772237297674379E+00
    0.465460196839973959E-03   -0.216534082944531967E+02    0.992072198837247732E+00    0.876957616260046313E+00    0.492948551502804003E+04   -0.516624429358656409E-03    0.310984447984856915E+00
    0.466121942416834680E-03   -0.216601559286330243E+02    0.118267331881890669E+01    0.898778114445188514E+00    0.485684021116259464E+04    0.135690681266831275E-03    0.523688497983934909E+00
    0.466816775713732883E-03   -0.216670412957470546E+02    0.102312718500909638E+01    0.979978495009282691E+00    0.490846808043299643E+04    0.103177811296001668E-02    0.619025025193292611E+00
    0.466150907442054686E-03   -0.216680927056630708E+02    0.162336367790749403E+01    0.647803562822943380E+00    0.482778826822722203E+04    0.680033196449990850E-03    0.564923094086027588E+00
    0.465379821683402340E-03   -0.216686879068241396E+02    0.115825075910579423E+01    0.970307978098561952E+00    0.483314412811779403E+04    0.479413223592113397E-03    0.815828956826092577E+00
    0.465007050396761120E-03   -0.216709915060655121E+02    0.960046885432974784E+00    0.939580504529805571E+00    0.466868887542061475E+04    0.226175500457125321E-03    0.593502008330816344E+00
    0.464345116074549400E-03   -0.216720487416314569E+02    0.112823152417247363E+01    0.872892984446111964E+00    0.426288197274150752E+04   -0.710030604458166629E-03    0.829619027533179954E+00
    0.463525145683879624E-03   -0.216724201413924682E+02    0.106890476588042205E+01    0.883535073885417188E+00    0.445927833337088487E+04    0.399508578945707046E-03    0.696684943941790591E+00
    0.462845305982873781E-03   -0.216733908926540622E+02    0.109564919116600468E+01    0.876976816557675676E+00    0.488399261978335562E+04    0.413543731142945715E-03    0.553853751738095812E+00
    0.462773920720579892E-03   -0.216769886561387395E+02    0.102485931385129780E+01    0.958171144270383413E+00    0.438796782411962340E+04   -0.379881975076271723E-03    0.594630447393736716E+00
    0.461911704191794140E-03   -0.216771651335308562E+02    0.121735883912648202E+01    0.968819563251127946E+00    0.481852324768331255E+04    0.173996238316991405E-03    0.636280399448553080E+00
    0.462936098795025438E-03   -0.216855019288329451E+02    0.115816822277667941E+01    0.828371041397614971E+00    0.488316408756558030E+04   -0.160805106503970468E-03    0.823085583479875593E+00
    0.462226803354489366E-03   -0.216863414947803683E+02    0.944768680618614853E+00    0.768377639720287275E+00    0.467492830069879892E+04    0.242669178782273156E-03    0.358301724020861134E+00
    0.461705237496909046E-03   -0.216879897176098453E+02    0.103365304307633976E+01    0.959663051374748388E+00    0.401257451303481093E+04    0.760843713237711682E-04    0.533767871427377583E+00
    0.460885487895565979E-03   -0.216883418463966109E+02    0.115655239103477525E+01    0.931658444469811942E+00    0.456237555980699290E+04    0.469538933345878316E-03    0.948094867638358818E+00
    0.462613756824045447E-03   -0.216997338456530144E+02    0.116112210911222391E+01    0.986125403913858944E+00    0.459943303167563136E+04    0.634098207242692828E-04    0.819319439944329431E+00
    0.465766221620897197E-03   -0.217172227966445988E+02    0.105077465358360733E+01    0.967037118593033651E+00    0.457611480542670870E+04   -0.277291582560318329E-04    0.679965811004655252E+00
    0.464926580473009232E-03   -0.217175203741640459E+02    0.123910432536925197E+01    0.875739728274868345E+00    0.463064123542264679E+04    0.480718165120255008E-05    0.973687916162924494E+00
    0.466336298374132993E-03   -0.217274817091886803E+02    0.100886374939296886E+01    0.787348095228864620E+00    0.440541333538155595E+04    0.142010509560971438E-03    0.443517407048527823E+00
    0.467196269372143803E-03   -0.217350727636443182E+02    0.112466480375628808E+01    0.983641541912345985E+00    0.430000934990202950E+04    0.356908592362558329E-03    0.139842849170944583E+00
    0.466334970887803256E-03   -0.217352885159230382E+02    0.113893793167558810E+01    0.918891167910171891E+00    0.416902092901928791E+04    0.387438279634023727E-04    0.508754416234561635E+00
    0.467052797981464462E-03   -0.217422709889425079E+02    0.129283335118971854E+01    0.908724319635751066E+00    0.403997215008928697E+04   -0.152063010334287460E-03    0.489272297166659598E+00
    0.467462763481714459E-03   -0.217479320113334964E+02    0.116690556470348272E+01    0.878963312979229361E+00    0.493266769494158689E+04   -0.122894255637101754E-04    0.563782779261460476E+00
    0.467523483616920940E-03   -0.217520980304391358E+02    0.157881581377438840E+01    0.716098355502783668E+00    0.433705181050627743E+04    0.571678750049633999E-03    0.964522313544333598E+00
    0.467177174099508996E-03   -0.217545222678593788E+02    0.117378709902106015E+01    0.929705838621289860E+00    0.479052629444472586E+04   -0.492148285444871819E-03    0.326854998490541893E+00
    0.466687944699069649E-03   -0.217563330141925242E+02    0.104417050609504325E+01    0.989716289654051673E+00    0.477585935965307635E+04    0.478822518576035036E-03    0.384875255257089766E+00
    0.465967001997968705E-03   -0.217571472617440094E+02    0.102184492190414478E+01    0.999015919716170986E+00    0.483361363769533000E+04   -0.463735263820481362E-03    0.548918662467525520E+00
    0.465671946479452180E-03   -0.217597866882439597E+02    0.113053775281551494E+01    0.883950722712581904E+00    0.447979064902797381E+04   -0.597518753157513682E-05    0.359971108394977923E+00
    0.465554672414532497E-03   -0.217631891980666126E+02    0.117911919529477283E+01    0.945305025787504971E+00    0.460083649934581354E+04   -0.420523263012115788E-03    0.700295831146777070E+00
    0.465150703225507289E-03   -0.217653592629108132E+02    0.124781355081939438E+01    0.996451817877923474E+00    0.416459155154288874E+04    0.211772932452230912E-04    0.614344993770985059E+00
    0.466998184798797619E-03   -0.217771933622752734E+02    0.111264403262925948E+01    0.830260163868012824E+00    0.467477077701890994E+04    0.378497355788976289E-03    0.455302086253383254E+00
    0.466276223342655574E-03   -0.217780052957747650E+02    0.145725262817771695E+01    0.676129512900169760E+00    0.470880284503428811E+04    0.747212827204832655E-03    0.614978309904351428E+00
    0.466055898615660503E-03   -0.217809662829186905E+02    0.120544917488727266E+01    0.887145446950464267E+00    0.489033284165680288E+04   -0.517307150354791713E-03    0.669098909188193147E+00
    0.467203543721779750E-03   -0.217897914038458893E+02    0.109297938784464832E+01    0.878438511931411647E+00    0.425768430549273398E+04   -0.175568280563604952E-03    0.659722868837832488E+00
    0.467041969897951683E-03   -0.217930058706986074E+02    0.117145310785799506E+01    0.986007841119649897E+00    0.476628233542888665E+04    0.170680607747958708E-04    0.851948322526171808E+00
    0.466260725883686734E-03   -0.217935638213729632E+02    0.118853284889695754E+01    0.883257791352629718E+00    0.418257354422450044E+04   -0.168815812834192209E-03    0.884177469303615182E+00
    0.465414866760121019E-03   -0.217938385096463314E+02    0.112481987662796179E+01    0.916867524581641891E+00    0.418209910774806667E+04    0.214440464554843446E-03    0.683664778077657687E+00
    0.466174307959112502E-03   -0.218010056020339995E+02    0.984292196901092931E+00    0.895929812739897469E+00    0.456226033719140923E+04    0.226928344057557042E-03    0.354638109101242049E+00
    0.465535425352364110E-03   -0.218021690119238727E+02    0.108449592334969580E+01    0.989933623314255828E+00    0.457617836533447735E+04   -0.568426973309296571E-03    0.627902206291554910E+00
    0.464905350716247380E-03   -0.218033665468777897E+02    0.118627297066911552E+01    0.867633397782966220E+00    0.448470140563586028E+04    0.128843973481912580E-03    0.687759214320526890E+00
    0.464265586866158373E-03   -0.218045186687606822E+02    0.962568502414715033E+00    0.907650924015086291E+00    0.430235056366170829E+04    0.313547764797360436E-03    0.482502899117075335E+00
    0.463483093895212725E-03   -0.218050511897638586E+02    0.107112246767578445E+01    0.915644488485981678E+00    0.472682036059264919E+04    0.610791360679389310E-03    0.547791646591231252E+00
    0.462868366136164912E-03   -0.218063030353577254E+02    0.980083592232806167E+00    0.871420071173365396E+00    0.464290315598386678E+04   -0.589952827222784337E-03    0.291242016847127583E+00
    0.462145204924373600E-03   -0.218070821469815925E+02    0.119022899534650284E+01    0.954525213085741009E+00    0.419670192959759879E+04   -0.229556689559038947E-03    0.556914690712970617E+00
    0.461333180998553896E-03   -0.218074711554414620E+02    0.127794077165031550E+01    0.868829091882422300E+00    0.461576325460971384E+04    0.207820204408805175E-03    0.871358519953736588E+00
    0.462404792447480492E-03   -0.218160177340215284E+02    0.102533598214907906E+01    0.871900125159292494E+00    0.458505601781333917E+04   -0.327025268192288304E-03    0.301884585169478803E+00
    0.461895288376941448E-03   -0.218177190545501780E+02    0.116261803239859463E+01    0.903186889083158695E+00    0.428607273388202611E+04   -0.251601351780348184E-03    0.577840557667014254E+00
    0.461686440355535941E-03   -0.218207207910957734E+02    0.153685129398100884E+01    0.673538126227477218E+00    0.496156229153859294E+04    0.311009780991513055E-03    0.511881952459677825E+00
    0.461695655794543591E-03   -0.218246669614669564E+02    0.916502943034387618E+00    0.875848731741005970E+00    0.445663872184845513E+04    0.364542256693568251E-04    0.616386496207937951E+00
    0.461056685319491746E-03   -0.218258033650034911E+02    0.122339761442173112E+01    0.913690294048909113E+00    0.420226143789463276E+04   -0.771846778826269829E-04    0.481204266034650885E+00
    0.460516718162229020E-03   -0.218273659396456878E+02    0.968094038963317916E+00    0.941181063652038574E+00    0.473143088060617447E+04    0.730797408069343768E-03    0.177919447422027588E+00
    0.460862181061739529E-03   -0.218327719544698411E+02    0.116009414057736060E+01    0.884653498734333743E+00    0.462266635093751847E+04   -0.335690647248925659E-03    0.563053317733632874E+00
    0.460564353910023633E-03   -0.218353853085055789E+02    0.126045740619858115E+01    0.819992212059113212E+00    0.440312393139321921E+04    0.201631531118100639E-03    0.833960316931699142E+00
    0.459837401387793603E-03   -0.218361322743377251E+02    0.105550109940271364E+01    0.985496115799562200E+00    0.406854469475491896E+04   -0.412361423085945704E-03    0.477129683145461114E+00
    0.459744846404486316E-03   -0.218396359285554098E+02    0.107682833227704000E+01    0.951593783816932604E+00    0.463426741656969716E+04    0.378785639181843101E-04    0.307447275671244469E+00
    0.460541702789764881E-03   -0.218470056936317860E+02    0.102668912272258961E+01    0.975221394523449581E+00    0.420696772105812397E+04    0.352385736893214818E-04    0.378392922964993939E+00
    0.459680443240856687E-03   -0.218471682397702907E+02    0.101672334905331585E+01    0.975218350585827842E+00    0.490160937461657977E+04   -0.371779665004862787E-03    0.188793731058798320E+00
    0.459162778685423155E-03   -0.218488209405342246E+02    0.125781499609796299E+01    0.855116125562872531E+00    0.454917874249833858E+04    0.248842479375371416E-03    0.892196688954797090E+00
    0.458558407066078459E-03   -0.218500929625525302E+02    0.155871115283540718E+01    0.654688285212501775E+00    0.469113198924212884E+04   -0.332742958610800839E-03    0.420975677023503914E+00
    0.457989056652541608E-03   -0.218515144509473913E+02    0.985001452690396295E+00    0.812279343318230262E+00    0.456875899240605031E+04   -0.873844508569828100E-03    0.397568200950188078E+00
    0.457628230694485071E-03   -0.218538443830612721E+02    0.128991210204502771E+01    0.921819613736267973E+00    0.471600421155561708E+04    0.418322270132875321E-03    0.978690140397823094E+00
    0.457541483472034003E-03   -0.218573714805550239E+02    0.114959100015922666E+01    0.981075330142473057E+00    0.405925563130475211E+04   -0.335069974110687255E-03    0.512943974348492926E+00
    0.456665311839541852E-03   -0.218574441475834718E+02    0.120373566263887222E+01    0.971064644976184499E+00    0.432480991587620611E+04    0.373004111913227405E-03    0.705007295746039597E+00
    0.457123364707959288E-03   -0.218633554690777316E+02    0.121937031433962551E+01    0.877159751404904875E+00    0.441356050810340639E+04    0.723204875711178996E-03    0.707784764777399822E+00
    0.457832041883357924E-03   -0.218703599129875492E+02    0.918990504416849263E+00    0.826360136341940055E+00    0.498839061300875346E+04    0.115666973238349069E-03    0.303045404148045483E+00
    0.457355213480589490E-03   -0.218721820935553346E+02    0.105143267058972523E+01    0.942584693985679567E+00    0.428163566543395791E+04   -0.899320606772921515E-03    0.584612698403755626E+00
    0.457419344521514757E-03   -0.218763687669250260E+02    0.113035469146096701E+01    0.865359466587429349E+00    0.485793308524474742E+04   -0.997704656029518551E-03    0.587304830963666702E+00
    0.457045742642990830E-03   -0.218786408292253292E+02    0.116287039503678225E+01    0.861323021911030606E+00    0.481955447691432801E+04   -0.192299653159346158E-03    0.614087724795670309E+00
    0.457047799596951724E-03   -0.218825560802908967E+02    0.984336036434968698E+00    0.928431009979243438E+00    0.435563242362509482E+04    0.620053291606875034E-04    0.421507706273348326E+00
    0.457577779847403098E-03   -0.218887801325551692E+02    0.112408501489282364E+01    0.890918324509750503E+00    0.474312479202489521E+04   -0.485105443122488028E-03    0.756238086390532471E+00
    0.456825805909043335E-03   -0.218893969199170684E+02    0.112892905070193228E+01    0.932502579481174099E+00    0.495936193370376895E+04    0.100669396087444345E-03    0.757966555812039311E+00
    0.457904083084199594E-03   -0.218980183440360818E+02    0.145359970291579477E+01    0.733067827603959277E+00    0.468000070762904215E+04    0.128138478962872102E-03    0.647418219695090058E+00
    0.457227964955616705E-03   -0.218989693123231675E+02    0.968989486992103632E+00    0.928316832305424278E+00    0.461345839594474637E+04    0.334771633977439431E-03    0.456025736792673442E+00
    0.457709222646480616E-03   -0.219049795657094748E+02    0.111540095806121831E+01    0.899828836321830750E+00    0.449624978864192963E+04   -0.745965448276782791E-03    0.435745298862457275E+00
    0.458854224262114218E-03   -0.219138827516668115E+02    0.115348218746270081E+01    0.911395721701705575E+00    0.426308062545580378E+04   -0.364997681071669794E-04    0.975705388095853055E+00
    0.458000013849115884E-03   -0.219140622995383723E+02    0.166700070772230724E+01    0.692923538055872479E+00    0.490554909934812258E+04    0.104750450683212498E-02    0.477006060133497556E+00
    0.457122517469224119E-03   -0.219141330122466762E+02    0.104064860637267298E+01    0.786677244895215289E+00    0.466833123325210181E+04   -0.245704916156041836E-03    0.448359391109413308E+00
    0.456791479991059334E-03   -0.219165903841528724E+02    0.163925809829489921E+01    0.733709906185611827E+00    0.492728564381093292E+04    0.117437247316712554E-03    0.922233002475872476E+00
    0.456040874937748938E-03   -0.219172075078706001E+02    0.112037047518345467E+01    0.919808879256402978E+00    0.432491101400430489E+04    0.377095512862825823E-04    0.478562180878765120E+00
    0.455276334590385843E-03   -0.219177579975766079E+02    0.121869678291265404E+01    0.920549951961511015E+00    0.476095126450747557E+04    0.609273111492420608E-04    0.905007220812016233E+00
    0.455400740160219204E-03   -0.219222106786839603E+02    0.969024660426592299E+00    0.837763817407543465E+00    0.489625280424532684E+04    0.145663487043245907E-03    0.479878085168794155E+00
    0.454775527693036168E-03   -0.219233692738061094E+02    0.114157782573989053E+01    0.982149478369473972E+00    0.479515850481494635E+04   -0.876757296580047449E-03    0.414442432065429467E+00
    0.455018106783377672E-03   -0.219283420474083854E+02    0.106875654318667235E+01    0.866577765030612235E+00    0.498217415649751456E+04   -0.427391059705633342E-03    0.371939096486029075E+00
    0.454546254276008623E-03   -0.219301732268805942E+02    0.981288405798477426E+00    0.840667083735429532E+00    0.497929524998720353E+04    0.483669311387421578E-04    0.571489922538599537E+00
    0.454089206148857393E-03   -0.219320674569425513E+02    0.119788063211360196E+01    0.848427945101408287E+00    0.493876415965448177E+04    0.399407150250906395E-03    0.671553008536866614E+00
    0.453272960245935778E-03   -0.219323753813639044E+02    0.112169164773744168E+01    0.997820749616603164E+00    0.495612848665297406E+04    0.596011598081432276E-04    0.642870719929435008E+00
    0.454356529529002242E-03   -0.219410570151964954E+02    0.109377012858759226E+01    0.918391915331128295E+00    0.423614953028136097E+04   -0.390179286095668795E-03    0.374953642257576658E+00
    0.453669101152666995E-03   -0.219419350312593586E+02    0.114352936713079290E+01    0.958911740076346608E+00    0.454962539282226498E+04   -0.569863722742037539E-03    0.250730082715127423E+00
    0.453304551983930428E-03   -0.219442335203850973E+02    0.101676470190485113E+01    0.831327715943372958E+00    0.464399750147445502E+04    0.746363774356986162E-04    0.131620802902812861E+00
    0.454090059577827952E-03   -0.219516024657994429E+02    0.952030411474170335E+00    0.807340529440048527E+00    0.445407075926074140E+04    0.429904551932371872E-03    0.456647871394804561E+00
    0.453240486602141330E-03   -0.219517633410733737E+02    0.120939382562998077E+01    0.889635951243496925E+00    0.459360112020128963E+04   -0.479536249227590359E-03    0.711007717933477057E+00
    0.453214726458947862E-03   -0.219555559168715924E+02    0.989790584540681584E+00    0.969962533045153341E+00    0.487925276569658763E+04    0.146853627812035254E-03    0.635968173232846823E+00
    0.452882950950843236E-03   -0.219579975321806344E+02    0.965716792227479637E+00    0.951489420950307641E+00    0.424819028701860316E+04    0.102938601707425553E-03    0.633061641827816435E+00
    0.454880017481249855E-03   -0.219707037434998682E+02    0.114317409118864255E+01    0.871793534449596175E+00    0.495457883033469625E+04   -0.450079719265257365E-03    0.842038508035748867E+00
    0.455932726517216218E-03   -0.219792331589601631E+02    0.957944931388097443E+00    0.939240236429931596E+00    0.467678598732893261E+04    0.102789082710349534E-02    0.269954100216279802E+00
    0.455065282447139619E-03   -0.219793306439630989E+02    0.916909531509234488E+00    0.802092634664893889E+00    0.498826364101228501E+04   -0.211223493880323133E-03    0.291815512225881701E+00
    0.454997888986292194E-03   -0.219829406795327884E+02    0.125197169069694270E+01    0.875441443777728368E+00    0.451272549617130790E+04    0.252986512773556546E-05    0.689717067774578529E+00
    0.455126419189448377E-03   -0.219874118202970692E+02    0.112477243865174614E+01    0.937717133120710478E+00    0.494187761278959897E+04    0.174350066025122418E-03    0.237090770958054725E+00
    0.454643455136027842E-03   -0.219891946141905734E+02    0.988752860355296304E+00    0.887386414530675127E+00    0.496713246939590681E+04   -0.209448272604063446E-03    0.350437271305989562E+00
    0.453806539076378492E-03   -0.219894158345169615E+02    0.112489550009573502E+01    0.933546240223929180E+00    0.481894651444551073E+04    0.202844188205901342E-03    0.707797164210695384E+00
    0.453293109910885581E-03   -0.219910580368088446E+02    0.153402608661297357E+01    0.706411501017467636E+00    0.483689968850804871E+04    0.216891938772696109E-04    0.765487159068498513E+00
    0.452668698426480370E-03   -0.219922073865619083E+02    0.969081189100008955E+00    0.858051158532771696E+00    0.484337301256070350E+04   -0.135525501556019265E-03    0.398042346014756521E+00
    0.453278792574413210E-03   -0.219988073654864991E+02    0.107849026756442812E+01    0.958222462720747181E+00    0.416171052938567937E+04   -0.333520723915247969E-03    0.549361669124823315E+00
    0.452991786146594735E-03   -0.220014468572173563E+02    0.140690928732314857E+01    0.723373438931410262E+00    0.474080983133337941E+04    0.933490615508937664E-04    0.665044285159136273E+00
    0.452545801859241168E-03   -0.220033830760256244E+02    0.117711238461542700E+01    0.959827480179297865E+00    0.408730460559800531E+04    0.289653837879050226E-03    0.784152400615780176E+00
    0.451711852115028859E-03   -0.220036003332834085E+02    0.105476177689523798E+01    0.892324025825364076E+00    0.439818695148477946E+04   -0.166156220638181377E-03    0.527073614930940404E+00
    0.451166161676743794E-03   -0.220050890230088783E+02    0.113577699006088251E+01    0.838113751423261388E+00    0.442830913452445566E+04   -0.124312241717422999E-03    0.492566737405052912E+00
    0.450858357412729620E-03   -0.220076303244096039E+02    0.113659773093039074E+01    0.896816290282967610E+00    0.476168276586040793E+04    0.287014007775395514E-04    0.635301561751677624E+00
    0.450223729745054073E-03   -0.220087193936814387E+02    0.919684252616431497E+00    0.850977322233644418E+00    0.484908717346153844E+04    0.553373924717391759E-03    0.363914615778641259E+00
    0.450010796367961846E-03   -0.220116795196442858E+02    0.125093069398658607E+01    0.959609615059467069E+00    0.420229932614389963E+04    0.170781577863105325E-03    0.702846897207345278E+00
    0.449915843770946618E-03   -0.220151637236990538E+02    0.116075926791080986E+01    0.900836651643665109E+00    0.492000036918324531E+04    0.610698554161362103E-03    0.430142160831125442E+00
    0.450635210940770667E-03   -0.220222652054144277E+02    0.109293104853778056E+01    0.857833603090380148E+00    0.499905187312718772E+04    0.170540476314211817E-03    0.354092075614421076E+00
    0.449972675517288951E-03   -0.220232288405297041E+02    0.110967946999321976E+01    0.889355363918255204E+00    0.486979365440313813E+04    0.248188844303188333E-03    0.182885501153413593E+00
    0.449284998491098441E-03   -0.220240762246223483E+02    0.118033877881537563E+01    0.869504295857886245E+00    0.485899845482668388E+04    0.633957300231882638E-03    0.954437045423880082E+00
    0.448491966417037676E-03   -0.220244491592831260E+02    0.106562696272045887E+01    0.943879114886346016E+00    0.467287236955409116E+04   -0.328135200105655965E-03    0.390264718248569342E+00
    0.448331682211996531E-03   -0.220276405119585874E+02    0.111231428890577999E+01    0.976393406617191983E+00    0.460068688564918193E+04   -0.552929060138111902E-03    0.453891643354434549E+00
    0.449926150423809654E-03   -0.220386470390885307E+02    0.104559973141623042E+01    0.903028321953188717E+00    0.488120379693601626E+04    0.341516193477894338E-03    0.453294050648991753E+00
    0.450603988401887404E-03   -0.220455641293785334E+02    0.122770214868060745E+01    0.875548501509484267E+00    0.484093121405958937E+04    0.720887368575474528E-03    0.711214715937244613E+00
    0.449987897095922721E-03   -0.220467339949540531E+02    0.119705674282881924E+01    0.855293840276838857E+00    0.450135349462471731E+04   -0.354042208937697651E-03    0.725847372905185417E+00
    0.450309274238494788E-03   -0.220520681164012373E+02    0.112596349060342105E+01    0.939198034777023461E+00    0.494259399532992211E+04   -0.132072016224194330E-03    0.800331817169091075E+00
    0.450922052668731820E-03   -0.220586941055242889E+02    0.107583521584903230E+01    0.905853392459141427E+00    0.458945617281127306E+04   -0.654739444450069569E-04    0.662834987515141583E+00
    0.450659903704843444E-03   -0.220614372933337748E+02    0.118560074476156085E+01    0.953707785977776279E+00    0.497238086820258650E+04   -0.920467490096601223E-03    0.641347982875697609E+00
    0.449821566467193182E-03   -0.220616195911698512E+02    0.972489011704187001E+00    0.890006724650350023E+00    0.493693526627728352E+04    0.391806608726095947E-04    0.211434766070293212E+00
    0.449454024332225264E-03   -0.220638910046004995E+02    0.123243799990309033E+01    0.933809607110072548E+00    0.436257277564530705E+04    0.113257125488374334E-03    0.979329169056462834E+00
    0.448658768374983810E-03   -0.220642553557586112E+02    0.103382787221682260E+01    0.818400139352742251E+00    0.496254849415576882E+04   -0.321197997162544710E-03    0.398505822722249547E+00
    0.448112343706202573E-03   -0.220657243071924647E+02    0.102425114331416811E+01    0.931768285878279090E+00    0.489048843664522610E+04    0.376273415362127119E-03    0.710358780642884491E+00
    0.447937927415807539E-03   -0.220688519567133667E+02    0.126550681299135737E+01    0.936136095720156103E+00    0.459349302421079938E+04   -0.260232250982536672E-03    0.988370499741141106E+00
    0.447977993959592215E-03   -0.220729370919987176E+02    0.153997029264780227E+01    0.721520467420764366E+00    0.479568418686666882E+04    0.333943018371991493E-03    0.993321931158011928E+00
    0.447904707765085580E-03   -0.220765161286502689E+02    0.103677024680615526E+01    0.991855434480818476E+00    0.467836859969455327E+04   -0.790754795938348066E-03    0.519944092544518677E+00
    0.447515771641881306E-03   -0.220786849328062260E+02    0.111787910212599217E+01    0.898364783701055214E+00    0.459060641730470434E+04    0.434150004681311608E-03    0.756590571950538582E+00
    0.446993619962891484E-03   -0.220802562638296216E+02    0.124720950091826865E+01    0.868426651804303562E+00    0.495312103319619746E+04    0.102907370817321208E-03    0.941887828204291289E+00
    0.446698873584288714E-03   -0.220828432842672555E+02    0.109089517933830327E+01    0.990255731541791695E+00    0.473555040521981300E+04    0.135265511198899156E-03    0.851639618530738329E+00
    0.449415652839576444E-03   -0.220988765001801539E+02    0.156429494254687729E+01    0.729951420214597801E+00    0.493613901241842450E+04    0.684976377162162297E-03    0.568916458313895701E+00
    0.448666455599815324E-03   -0.220994458730437913E+02    0.118289365864131124E+01    0.989506300237263603E+00    0.471325159213548250E+04   -0.587669212220459387E-03    0.867357236830787359E+00
    0.448114384487499834E-03   -0.221008896655184692E+02    0.116092037980867380E+01    0.944455890986237834E+00    0.432085230939950088E+04   -0.240706655778155068E-03    0.460012443140169314E+00
    0.447773701955582796E-03   -0.221032748212947432E+02    0.108030247571887061E+01    0.896586629886635289E+00    0.483643504097522236E+04    0.484023214107297142E-03    0.258369292426823050E+00
    0.447477212051190787E-03   -0.221058563480888033E+02    0.118209264859873864E+01    0.838612528979923000E+00    0.486853113656562346E+04    0.111334523383090937E-03    0.922379348896506968E+00
    0.448697721264040752E-03   -0.221152102397136119E+02    0.957726248617065790E+00    0.791220821334528313E+00    0.494133296228838390E+04    0.187092334586406707E-03    0.438550314109448780E+00
    0.447889602305086266E-03   -0.221155111780767228E+02    0.945593865882208284E+00    0.914950133714141689E+00    0.487400598488873584E+04    0.265803332212116333E-04    0.729586426323576509E+00
    0.447999779885571139E-03   -0.221199093530095396E+02    0.126906165398096604E+01    0.812120340506127025E+00    0.430647743053696468E+04   -0.619272544478745432E-03    0.727069346518902537E+00
    0.447344176711572802E-03   -0.221208866580545447E+02    0.116708089583000896E+01    0.815079986871910855E+00    0.483618030775473562E+04    0.577336071081207668E-03    0.539963255476170856E+00
    0.446656993831683969E-03   -0.221217182677168580E+02    0.103141450707558757E+01    0.979695306740819616E+00    0.470011483608563412E+04    0.647110623339848382E-03    0.453957200190652999E+00
    0.445825751554853190E-03   -0.221218989890318980E+02    0.113670859447453898E+01    0.891989215396933877E+00    0.437996634998263653E+04   -0.133701511974509133E-03    0.698115406966646534E+00
    0.445856772069890071E-03   -0.221259443940079095E+02    0.147726465756831948E+01    0.675102289750871831E+00    0.466884785249702691E+04    0.858660899765554837E-04    0.784250994075793240E+00
    0.445137397084688770E-03   -0.221266211048417745E+02    0.107700645923614502E+01    0.946005731821060181E+00    0.465523584222793579E+04    0.237593550216515768E-03    0.595982611179351807E+00
    0.444520121277555713E-03   -0.221277520131245495E+02    0.112811356912236405E+01    0.855061177004622364E+00    0.445650087409215121E+04   -0.304513340560873139E-03    0.836168745649548795E+00
    0.443870765212852790E-03   -0.221287345222793448E+02    0.118587501487706559E+01    0.929973405162505817E+00    0.469939075673012667E+04   -0.292218646636728931E-03    0.766322973608086544E+00
    0.443407039164459536E-03   -0.221305502158005218E+02    0.124800834195343224E+01    0.995694382802641109E+00    0.442470196098650376E+04    0.168382952187932548E-03    0.582126205024530941E+00
    0.442580274409932149E-03   -0.221307238390152392E+02    0.156156304694331372E+01    0.655585972471109946E+00    0.494877032476350905E+04    0.305649261097184631E-03    0.939509899194127418E+00
    0.444070987532269956E-03   -0.221413552337973414E+02    0.103631856024881497E+01    0.932892334571532422E+00    0.459957147311399331E+04   -0.568261193385806202E-03    0.695894516491333937E+00
    0.445893779735709154E-03   -0.221534541440883572E+02    0.939252879800406504E+00    0.808058570206181881E+00    0.489940137696479360E+04   -0.513190469329995722E-03    0.249217559866084570E+00
    0.445534832671586121E-03   -0.221557497341722502E+02    0.148171447591652639E+01    0.703098315874128077E+00    0.489807839638182668E+04    0.352334483839585033E-03    0.471997420385967481E+00
    0.445065579581676511E-03   -0.221575484031431778E+02    0.125783273479632918E+01    0.905613114935178598E+00    0.425969458928049789E+04   -0.387803228247476245E-03    0.947614070143341203E+00
    0.444658637418768332E-03   -0.221596251325635905E+02    0.121340199825997264E+01    0.940393116792439865E+00    0.481534977892176903E+04    0.145082212946561200E-03    0.315036257824202581E+00
    0.444131776523181375E-03   -0.221611602455710113E+02    0.107047561801751057E+01    0.975458130943326562E+00    0.447420449732312318E+04    0.760327483357048383E-04    0.622662569318965353E+00
    0.443773063970265508E-03   -0.221634505000000104E+02    0.954684563430260313E+00    0.891001954743147806E+00    0.457466304860832861E+04    0.411154158903600565E-03    0.462686358068227832E+00
    0.442911937485874401E-03   -0.221634720479751977E+02    0.125515289752731807E+01    0.895457189530164843E+00    0.492223975573038479E+04    0.188297096713603709E-03    0.835602503749031444E+00
    0.442193047342081657E-03   -0.221641294616712443E+02    0.117821195853034166E+01    0.982158091702025171E+00    0.464475244972241671E+04   -0.219584459870935213E-03    0.707266643608427503E+00
    0.441382634505579246E-03   -0.221643669232226586E+02    0.996462565101482456E+00    0.889174714094794205E+00    0.496361481420957989E+04   -0.331255550765641724E-03    0.613180136992062974E+00
    0.440788277411832609E-03   -0.221655781980170588E+02    0.103060059287056749E+01    0.880338248341578256E+00    0.469871402461281195E+04   -0.481709056761140579E-03    0.271071932559766249E+00
    0.440430757350155201E-03   -0.221678616048092110E+02    0.103489156424984086E+01    0.940128060211369188E+00    0.405380217253844512E+04   -0.214907211501716498E-03    0.358499367904648536E+00
    0.439655406951029195E-03   -0.221682438789479122E+02    0.998437333106994673E+00    0.860822811722755432E+00    0.464109717750549316E+04   -0.657098633564450309E-03    0.520498037338256836E+00
    0.439248283298935573E-03   -0.221702972584424280E+02    0.100489673119882128E+01    0.983415279243151641E+00    0.408487067284483601E+04   -0.466958102100939096E-03    0.340034534823907886E+00
    0.438725636926995085E-03   -0.221718223605671163E+02    0.168948194105624783E+01    0.711049576348530721E+00    0.495560985739963780E+04    0.610487269032400251E-03    0.590246571383842955E+00
    0.439081301932475569E-03   -0.221773493087375044E+02    0.104605701111395288E+01    0.936571647618369973E+00    0.419192056860068897E+04    0.185644226175082772E-04    0.707397190707118706E+00
    0.438972849591508295E-03   -0.221807615010927677E+02    0.116827989094493145E+01    0.873921929446789147E+00    0.476800063134673110E+04    0.113278143695112865E-03    0.994142332148193253E+00
    0.438178543583633785E-03   -0.221810455429714821E+02    0.105643093916965336E+01    0.995229913763815421E+00    0.490249876032894554E+04   -0.439513362735395694E-03    0.242316555172854609E+00
    0.438485955613828480E-03   -0.221863544369388244E+02    0.148856909315138508E+01    0.591711362804315688E+00    0.492028850980201332E+04    0.691565804253186506E-03    0.418770377621542733E+00
    0.437680218595283121E-03   -0.221865822192262030E+02    0.107285739650369694E+01    0.993435337579196776E+00    0.486159479009680672E+04   -0.824445952060363528E-04    0.729466321062434808E+00
    0.436854545759271734E-03   -0.221867119557472705E+02    0.120215222141772915E+01    0.998637750300068627E+00    0.465005494345279931E+04    0.298563614870077821E-03    0.738782282502733256E+00
    0.436507851649480037E-03   -0.221890303465537428E+02    0.108815017433319050E+01    0.956149772940703024E+00    0.467966197994544473E+04    0.503830908520282476E-03    0.414747924989248062E+00
    0.436537677876703688E-03   -0.221930732502618255E+02    0.116575006994049013E+01    0.885030688060415516E+00    0.441302668177475061E+04    0.683854505921313105E-03    0.407530931125383244E+00
    0.436086863034962043E-03   -0.221949130221342301E+02    0.129959599767361333E+01    0.974481272713533242E+00    0.453658399294064384E+04    0.161262546709482239E-04    0.682250079123790432E+00
    0.435378051402326831E-03   -0.221955658455088098E+02    0.128408086299896240E+01    0.917947888374328613E+00    0.412693023151159286E+04   -0.244490265416596347E-03    0.913610875606536865E+00
    0.434956640743865532E-03   -0.221975353201730492E+02    0.975080208668076764E+00    0.981646952438575249E+00    0.457417146789940307E+04    0.377606289605384544E-03    0.366121871288443868E+00
    0.434414802265429970E-03   -0.221989485573051439E+02    0.123845728942876376E+01    0.996168989412528627E+00    0.489909719766681246E+04   -0.380626528459951808E-03    0.480352864933131674E+00
    0.434154834114907533E-03   -0.222016575830532545E+02    0.110755016761741687E+01    0.990802478720538060E+00    0.476502085389442254E+04   -0.105424724840417016E-03    0.659650625774257593E+00
    0.435700193700012972E-03   -0.222126701262240758E+02    0.113255068877557963E+01    0.906109066464024338E+00    0.484788495542046621E+04   -0.491823556923169864E-03    0.539333409540321274E+00
    0.437094673831828510E-03   -0.222229672539446526E+02    0.114757823467700049E+01    0.973946399398098128E+00    0.493117082021812621E+04    0.515313390368294104E-03    0.899925867401982327E+00
    0.436695791819310117E-03   -0.222250475190848249E+02    0.106627257991930513E+01    0.910874112612544251E+00    0.491077948285478942E+04   -0.311070824360778467E-04    0.306358269083477630E+00
    0.436353373661424395E-03   -0.222273849310904374E+02    0.105132941151557713E+01    0.933982059824023825E+00    0.414208087197381701E+04    0.342238517982889246E-03    0.374132557259492127E+00
    0.436110930680582700E-03   -0.222301796491418244E+02    0.107872893807521941E+01    0.909132291646691515E+00    0.482653521663447918E+04    0.344919751946514178E-03    0.425725853736193649E+00
    0.435519022492580541E-03   -0.222313695708337207E+02    0.101566082966320814E+01    0.835304965957650247E+00    0.494827838806197542E+04    0.232056121576264967E-03    0.301277077247291691E+00
    0.435390059070234453E-03   -0.222346835044782516E+02    0.114603866988096836E+01    0.985163912026368993E+00    0.457401950125701023E+04   -0.152865455426930971E-03    0.339398775958893617E+00
    0.434661948551173566E-03   -0.222352423192323094E+02    0.986076505387469826E+00    0.939632215159099116E+00    0.477964925011924061E+04    0.220803714495396191E-03    0.276565898957517819E+00
    0.434181608912449009E-03   -0.222369371714102613E+02    0.107360348320618693E+01    0.840305474500816274E+00    0.497526076282818667E+04    0.347027688216546926E-03    0.488047921780781213E+00
    0.433454028380829534E-03   -0.222374891068989982E+02    0.147208879590147967E+01    0.684687826855156945E+00    0.454745352260430172E+04   -0.451367677382035490E-03    0.578144018506599244E+00
    0.432826036486782650E-03   -0.222384956387615134E+02    0.111604311833108105E+01    0.868050343385847523E+00    0.427255126140621542E+04   -0.338498258720617640E-03    0.649335859679465388E+00
    0.432006836498073361E-03   -0.222386129475252972E+02    0.920501048981752445E+00    0.823835121921123514E+00    0.479358833777979726E+04    0.342848590413851741E-03    0.306043920800238123E+00
    0.431413019694124489E-03   -0.222397681980280879E+02    0.125880813232262523E+01    0.890982469876649863E+00    0.447081349313396186E+04   -0.321585617047479510E-03    0.736310424669370467E+00
    0.431050423972727682E-03   -0.222419927733070253E+02    0.109512038962853686E+01    0.892830294442185646E+00    0.477186242715327353E+04    0.437499406606288942E-03    0.708719695304296682E+00
    0.430286461572900879E-03   -0.222423512240058159E+02    0.117184243938267008E+01    0.876965848559544514E+00    0.495871264964689362E+04   -0.269951018614929413E-03    0.742963907480240215E+00
    0.429629794906548899E-03   -0.222432029124061472E+02    0.115564532651258456E+01    0.887523973615922279E+00    0.443822617450888720E+04    0.411398824742077564E-04    0.723898846636716442E+00
    0.429274656032753237E-03   -0.222454552466829867E+02    0.158456831203499870E+01    0.739584225868913814E+00    0.497868445891611282E+04    0.300822604820229179E-03    0.625566800909667986E+00
    0.429069749578667549E-03   -0.222484066051189977E+02    0.110107563694807165E+01    0.919287109781345091E+00    0.458542639031728686E+04    0.154380476826461584E-03    0.617447848783987618E+00
    0.428365290786443531E-03   -0.222490265002695793E+02    0.111953935577639352E+01    0.946430634093368695E+00    0.494518310066257163E+04   -0.273298666368759053E-03    0.324203769166244771E+00
    0.428043371921426187E-03   -0.222514291742587353E+02    0.108323507114093220E+01    0.894363776799896870E+00    0.494309012655781407E+04    0.199052900045918401E-03    0.525223271262480362E+00
    0.428689976488807784E-03   -0.222583543551377936E+02    0.989479094535917314E+00    0.843319538482738884E+00    0.493387521716770425E+04    0.419871542617986072E-03    0.616084605610014879E+00
    0.428570841691838756E-03   -0.222617047192500621E+02    0.107117489197221949E+01    0.916090659892636605E+00    0.462399218465504600E+04   -0.305180207512781049E-03    0.544677419473903468E+00
    0.428742905368562966E-03   -0.222664137730292744E+02    0.950652762726183154E+00    0.947720546024730104E+00    0.466330085884779328E+04   -0.130891378699402326E-03    0.175131738359153466E+00
    0.428369488494442546E-03   -0.222685773489044081E+02    0.115570353752775912E+01    0.858646731853045408E+00    0.480997010583567226E+04    0.335825149650799122E-03    0.917029696142902306E+00
    0.428356886234824096E-03   -0.222724247597697769E+02    0.117327927570813006E+01    0.978593572298724790E+00    0.467953821972728292E+04    0.598761699131660288E-03    0.903681922738229226E+00
    0.427651939596157798E-03   -0.222730368998178392E+02    0.116213993429632634E+01    0.858067000437575333E+00    0.453649000806178628E+04   -0.110659461767021646E-03    0.623750421870328586E+00
    0.429218394129726884E-03   -0.222842556040688180E+02    0.116554407474345822E+01    0.958670466206581917E+00    0.476593797161959083E+04    0.344886166394232951E-03    0.873530888761059554E+00
    0.429440973314430634E-03   -0.222891987224621069E+02    0.102780777215470698E+01    0.871005384644703895E+00    0.492081319699502365E+04   -0.370033149324196372E-03    0.309874073415102425E+00
    0.428707001511215754E-03   -0.222896837816944497E+02    0.123748908997881335E+01    0.888710252855452909E+00    0.440504349254069075E+04   -0.480055606798668940E-03    0.351572821556352166E+00
    0.428659539933779561E-03   -0.222933686021182211E+02    0.110275095959607561E+01    0.979065225405591599E+00    0.499817599564153988E+04   -0.544047488397500262E-03    0.348008392015967005E+00
    0.427987087798078006E-03   -0.222941349236947168E+02    0.112655875920590076E+01    0.919271404853609142E+00    0.435813230649942216E+04    0.391863397222715385E-03    0.657587630660726896E+00
    0.427252407647085014E-03   -0.222946050352300773E+02    0.113093474874672828E+01    0.989656867502738291E+00    0.479787076783523389E+04    0.808432635391702754E-04    0.880804168101867346E+00
    0.426768250758396202E-03   -0.222962436260777750E+02    0.105619267065758060E+01    0.946416742222789154E+00    0.470336725903610750E+04   -0.385249727497927945E-03    0.529864372013414742E+00
    0.426064783596923709E-03   -0.222968504385903756E+02    0.111258710375988401E+01    0.977738196294142714E+00    0.481924675560656578E+04   -0.605110434707145889E-03    0.420422159646236637E+00
    0.425774872166117071E-03   -0.222993953458069960E+02    0.100843669438109607E+01    0.882088059825088533E+00    0.442576736972213439E+04   -0.320377730689044859E-03    0.592919152516715564E+00
    0.424988027311282905E-03   -0.222996021158241859E+02    0.113191763890384345E+01    0.849396328043959925E+00    0.473082466366038625E+04   -0.414162226861806938E-03    0.389416958606705832E+00
    0.424361091407946260E-03   -0.223005558177923433E+02    0.161617649687588116E+01    0.683758984751024368E+00    0.480624342667760266E+04    0.542446388744161133E-03    0.748888716244122898E+00
    0.423856685566194487E-03   -0.223020834055435486E+02    0.121057097406456093E+01    0.896238812112672201E+00    0.486210286515806365E+04    0.396163406366779685E-03    0.908496558450076153E+00
    0.423556220677379644E-03   -0.223045713863659998E+02    0.120313534531474220E+01    0.830551021252429966E+00    0.490503325410735852E+04    0.273884902941543484E-03    0.693161196484039843E+00
    0.423522384255642457E-03   -0.223083178569945879E+02    0.960307478233288214E+00    0.892095613856554670E+00    0.444712093406237545E+04    0.564380393260643736E-03    0.573302139852660098E+00
    0.423123610338954636E-03   -0.223103400895954174E+02    0.901255152928274850E+00    0.921201485208119064E+00    0.465226227090283192E+04    0.187814842219451367E-03    0.396046309783245509E+00
    0.422413282593367119E-03   -0.223108859756958537E+02    0.967919076729992556E+00    0.836228999266628970E+00    0.466390506933860161E+04    0.473998104223360571E-03    0.374656054450027254E+00
    0.421949997242051220E-03   -0.223125975049690446E+02    0.104742363976245767E+01    0.994430212915398792E+00    0.497137441567054702E+04   -0.485659824737017009E-03    0.388457552054510769E+00
    0.421389180967944013E-03   -0.223138437748743677E+02    0.105899477426019262E+01    0.872495748728617349E+00    0.457436368331802078E+04   -0.555331851959596674E-03    0.266999890476821600E+00
    0.421660532678828318E-03   -0.223190375015954778E+02    0.170661845645042165E+01    0.659123992457425811E+00    0.498059446644779200E+04    0.901156771713846976E-03    0.621680320391627572E+00
    0.421426628397889361E-03   -0.223218340002068416E+02    0.990192796787090823E+00    0.955652909099353631E+00    0.446589124799816000E+04   -0.756752551644331039E-04    0.623809072657796615E+00
    0.420652784587992215E-03   -0.223220643782365116E+02    0.118684262431784071E+01    0.958669105259126741E+00    0.411393009130687642E+04   -0.472606666372889792E-03    0.523358688868777788E+00
    0.420017641914280804E-03   -0.223229485507395857E+02    0.118631515847422886E+01    0.974373011659378729E+00    0.398561132327255518E+04   -0.272597029078219940E-03    0.655213859556669553E+00
    0.419476095879102191E-03   -0.223242744545813423E+02    0.112911998620844489E+01    0.881930773922480649E+00    0.495122303850949447E+04   -0.606884412708273507E-03    0.290349368407906872E+00
    0.418659518540177909E-03   -0.223242835901609809E+02    0.123101739030296997E+01    0.939897097329250975E+00    0.455795464744198853E+04    0.126317759370482135E-03    0.712424316245694689E+00
    0.418247538593046148E-03   -0.223262207805054373E+02    0.123179115811698114E+01    0.939282177310630462E+00    0.472538962187208381E+04    0.115644744815931945E-03    0.639410579081633679E+00
    0.417498291082267318E-03   -0.223265410229663317E+02    0.111881401407122838E+01    0.949984563168547402E+00    0.497669362203572928E+04   -0.302786089137324892E-03    0.871798094211873598E+00
    0.417034946362639558E-03   -0.223282264158622539E+02    0.114806659197375227E+01    0.971523239375681080E+00    0.450007680774524488E+04   -0.141363854043525551E-03    0.634097639599157992E+00
    0.417223001015134631E-03   -0.223330343277823857E+02    0.117565979093713202E+01    0.925882624617760830E+00    0.492032124064945310E+04    0.462907836008363859E-03    0.475083828398873087E+00
    0.417090218845976937E-03   -0.223363039719268919E+02    0.101172896903210008E+01    0.956834964916750463E+00    0.430382128093856772E+04   -0.226151111082591405E-03    0.477241885228732010E+00
    0.416552508548083302E-03   -0.223376301700423028E+02    0.946975902634261568E+00    0.901039493017785076E+00    0.486376506318050906E+04   -0.306425581184413916E-04    0.495103653756305273E+00
    0.416651571447219276E-03   -0.223420119957240644E+02    0.100187974162808091E+01    0.968579539143823109E+00    0.486251528501751091E+04    0.280787884230561445E-03    0.322046356673414191E+00
    0.416207373231959154E-03   -0.223437848796350806E+02    0.116842928119298062E+01    0.906473628804355891E+00    0.446573051395723724E+04   -0.975008568547676034E-03    0.424434371572252500E+00
    0.415897554598133781E-03   -0.223462018047301356E+02    0.118929972904175552E+01    0.817998050986726066E+00    0.490544439596963548E+04   -0.396435189602782959E-03    0.666653428425158290E+00
    0.415159543091314284E-03   -0.223465558959055066E+02    0.952722356775071333E+00    0.857097524031957159E+00    0.493231247343747327E+04    0.127836719701690212E-03    0.521239534291275008E+00
    0.414545276536368616E-03   -0.223475007714376162E+02    0.116178683310459885E+01    0.798496875392144756E+00    0.466355778688457303E+04   -0.118874243667509290E-04    0.439284930147316954E+00
    0.413911826744742749E-03   -0.223483485653627625E+02    0.122625924705907474E+01    0.865249635229259240E+00    0.485283212624681801E+04   -0.118415176771769921E-03    0.895231540061170672E+00
    0.413745514644075921E-03   -0.223514510426197432E+02    0.102977558889923881E+01    0.906165764885100256E+00    0.475827480259316053E+04    0.603949743543715748E-03    0.399155017511591326E+00
    0.413105301897946729E-03   -0.223522601783096491E+02    0.115788425350922708E+01    0.996160162461682930E+00    0.450252116998098791E+04   -0.831512051726714671E-03    0.654066859552489333E+00
    0.413257249409015349E-03   -0.223569019287871953E+02    0.986226953810181772E+00    0.985442622091000975E+00    0.429428767421275461E+04   -0.628554477866172549E-03    0.411205514288866592E+00
    0.412598701375833357E-03   -0.223576185272643357E+02    0.115844292167376750E+01    0.871829776533645351E+00    0.446380811698551770E+04   -0.100060378763990035E-03    0.953478446647186173E+00
    0.412629750139111061E-03   -0.223616752750482490E+02    0.110844652071571947E+01    0.951111868289426621E+00    0.498197731987393399E+04    0.207906873361893003E-03    0.370478001516820310E+00
    0.412088080821370229E-03   -0.223629543506363788E+02    0.110163688458480546E+01    0.968277178412546236E+00    0.468187764488225821E+04    0.251845342323367947E-03    0.850058619712910746E+00
    0.411436482884921443E-03   -0.223636956770814805E+02    0.100570974105564015E+01    0.920856527742352160E+00    0.471363219517365724E+04   -0.217732988399426753E-03    0.506628961803802569E+00
    0.410870012062664373E-03   -0.223648464050694642E+02    0.153869247462622916E+01    0.673660136263716680E+00    0.488986321945523468E+04    0.219700488385540967E-03    0.955064368486236104E+00
    0.411099583868456623E-03   -0.223698698341616975E+02    0.104885512957189020E+01    0.920195865537490443E+00    0.468107632374672266E+04   -0.753151873555169986E-04    0.354624506264527573E+00
    0.410492962507738699E-03   -0.223708226909079109E+02    0.112267976848522300E+01    0.953851255562964351E+00    0.463139943647258769E+04   -0.228785792904305540E-03    0.702165325195142742E+00
    0.410161811976731219E-03   -0.223731148612277302E+02    0.992138491380087251E+00    0.959464301684043841E+00    0.432967151302585171E+04    0.442445392317348716E-03    0.623575179466419494E+00
    0.409962831839110170E-03   -0.223760506239096415E+02    0.948044606210853624E+00    0.932670773416011567E+00    0.457702758264963359E+04    0.211102461913458857E-03    0.586570991335844893E+00
    0.410398379731736259E-03   -0.223820805624869088E+02    0.103547185909504313E+01    0.900836368474860816E+00    0.410772903685309939E+04    0.215713633760410199E-03    0.430513064090826902E+00
    0.409644704695798592E-03   -0.223823105410204199E+02    0.112089134128270462E+01    0.873730539318024024E+00    0.497824381365746922E+04    0.501216974084433523E-03    0.439997833461055032E+00
    0.410555669829739203E-03   -0.223906594396063667E+02    0.150491829765010743E+01    0.641776613806429364E+00    0.477702561091977623E+04    0.372016442579263626E-03    0.903555199032069822E+00
    0.409947697516188007E-03   -0.223916017898880924E+02    0.153078081187564585E+01    0.656355886170544744E+00    0.483773582455854648E+04    0.446805199061307357E-03    0.875206872233135535E+00
    0.409180926431115290E-03   -0.223917637131163190E+02    0.132655802175888193E+01    0.884688855974764543E+00    0.419926501739564719E+04   -0.307107518747358043E-03    0.822222191312218076E+00
    0.408532838890425900E-03   -0.223924997208928751E+02    0.116179795918295659E+01    0.953618654951837730E+00    0.399269174377557738E+04   -0.110925175720813767E-02    0.445572661751652888E+00
    0.408619896841636260E-03   -0.223968321235458419E+02    0.124578040090787567E+01    0.928312842762949897E+00    0.430021735662601077E+04    0.162022385342175081E-03    0.290676291155233413E+00
    0.409114025328078800E-03   -0.224031554362758385E+02    0.122928313851298010E+01    0.914846303815277873E+00    0.416955673686007412E+04   -0.177623906271908691E-03    0.818181755575424385E+00
    0.408321733841422968E-03   -0.224031847248100497E+02    0.121398614415743777E+01    0.877841480381694517E+00    0.467684551962168825E+04    0.458945389427422429E-03    0.951089471535958020E+00
    0.408103217709331024E-03   -0.224060203748148226E+02    0.112434747459096895E+01    0.882565393135026577E+00    0.463336766362180788E+04   -0.266252505012647719E-03    0.333957024256636481E+00
    0.407836672412285970E-03   -0.224086199339187999E+02    0.113641042547382454E+01    0.961034326925033544E+00    0.491208828835591521E+04    0.307089447480998572E-03    0.875009203590169538E+00
    0.407050020914712996E-03   -0.224086647796358243E+02    0.954568730670231513E+00    0.930110484679024241E+00    0.476166543335251299E+04    0.198906893971831941E-03    0.679498495175242412E+00
    0.408326244692365416E-03   -0.224188318192794576E+02    0.109740128458557540E+01    0.839410548772963505E+00    0.490296098697575144E+04   -0.934277145317331234E-04    0.539442715489506286E+00
    0.407624256155813614E-03   -0.224192967393996945E+02    0.119370098756900811E+01    0.988023704755527588E+00    0.462118368898841072E+04   -0.784063480447478450E-03    0.767477377664292137E+00
    0.407355331868418412E-03   -0.224218830824910675E+02    0.105831019702109064E+01    0.925778749238450271E+00    0.472681936393515389E+04    0.435508594115531381E-03    0.574342590240047302E+00
    0.406908076209982052E-03   -0.224235922267438319E+02    0.121157689113423550E+01    0.924596704961691773E+00    0.495017849746947286E+04   -0.142539782987877346E-03    0.751406527648759703E+00
    0.406641426187210860E-03   -0.224261874315939664E+02    0.102482919692993169E+01    0.930737160146236420E+00    0.444302918618917465E+04   -0.605318601090180255E-04    0.379011392593383789E+00
    0.406195417325458949E-03   -0.224278988553624714E+02    0.117127416268252138E+01    0.887628878140698352E+00    0.432965278797052088E+04    0.460083790575511105E-05    0.943344192224028655E+00
    0.405516521344146535E-03   -0.224284596025688003E+02    0.972492099707664481E+00    0.875389712160534073E+00    0.447689788703607519E+04    0.523056281604597105E-03    0.485916291476696460E+00
    0.404760400821932767E-03   -0.224286331990968080E+02    0.107835516044549728E+01    0.906891760906914257E+00    0.483076676492634851E+04   -0.159037370374105844E-03    0.786587419384793485E+00
    0.404643120536484380E-03   -0.224319598603840689E+02    0.118845796004286042E+01    0.839295631124568176E+00    0.494921412675726424E+04   -0.366769011159248680E-03    0.593285968136410991E+00
    0.403860717562816863E-03   -0.224319952408543095E+02    0.110735471885923387E+01    0.862808475491137816E+00    0.495224663516374403E+04   -0.230668163278885890E-03    0.662653042740747100E+00
    0.403638934914831750E-03   -0.224348028766176881E+02    0.928331100611179849E+00    0.937426535262043670E+00    0.473555350698393340E+04    0.412482990190410283E-03    0.437062467596772808E+00
    0.403110085298331638E-03   -0.224360869991455445E+02    0.137200880099072364E+01    0.590472460892142559E+00    0.479791986245126827E+04    0.619602571207835177E-03    0.491695282473994522E+00
    0.403730412629369081E-03   -0.224430685903306326E+02    0.113644813442621873E+01    0.906861273575738425E+00    0.473467177058021389E+04    0.151057926236428173E-03    0.738619597864728417E+00
    0.403149094996373668E-03   -0.224440930334285156E+02    0.109845314265766736E+01    0.875498818086939412E+00    0.490109904805510178E+04   -0.145072451801816333E-03    0.678046362661142932E+00
    0.402570368708790810E-03   -0.224451261921694396E+02    0.122954337992197305E+01    0.900339402728474347E+00    0.465940550860908115E+04    0.789440447772982298E-03    0.721095031047362833E+00
    0.402101478670342219E-03   -0.224467016033658169E+02    0.108771097599135702E+01    0.947235847988912583E+00    0.430604709187668868E+04   -0.176689583987968716E-03    0.213443223066745735E+00
    0.401412144076118086E-03   -0.224471762512431887E+02    0.107280693902526636E+01    0.897272771472732433E+00    0.467112677649488342E+04    0.971067049751669356E-04    0.607248668333675634E+00
    0.400755288623754651E-03   -0.224478070972694042E+02    0.120922866432482667E+01    0.974781080438043568E+00    0.488423679585636000E+04   -0.453053155065123205E-03    0.892494976598149137E+00
    0.400953910555232947E-03   -0.224527043396928363E+02    0.118754695561880785E+01    0.872262694901970947E+00    0.477402080375426158E+04   -0.406649916207657135E-03    0.656336280384941628E+00
    0.400447768785523858E-03   -0.224540843068059139E+02    0.939145511326378246E+00    0.828597708762348617E+00    0.486867580925197944E+04   -0.624576886750274397E-03    0.258724991428745943E+00
    0.401261522617424467E-03   -0.224620506525044057E+02    0.104897776037574952E+01    0.896289899732540918E+00    0.489235148745381230E+04    0.674762021690592060E-04    0.262323501912495316E+00
    0.400562331706358322E-03   -0.224624688990756596E+02    0.990917615773799665E+00    0.841343978849972030E+00    0.477629467418713284E+04    0.460080569320894491E-03    0.563512908146836966E+00
    0.400211972144623245E-03   -0.224646250450455369E+02    0.999381598598828691E+00    0.969009970350741545E+00    0.446079159743073069E+04    0.385671518468998665E-03    0.613171865584456688E+00
    0.399631172912031057E-03   -0.224656267288777052E+02    0.107815635893071127E+01    0.928374933663182911E+00    0.486153122587541020E+04    0.215757873677619740E-03    0.537596953623369456E+00
    0.399122608238808079E-03   -0.224669861878442454E+02    0.117645088664812203E+01    0.947400695621751332E+00    0.494358742914968116E+04    0.243500835808982120E-03    0.741791073739293982E+00
    0.399501690635094275E-03   -0.224727911149834441E+02    0.101349844313487591E+01    0.823266570475786330E+00    0.499707892889101004E+04   -0.157561829034623033E-03    0.333264622234824004E+00
    0.398917457243183897E-03   -0.224737704136560126E+02    0.117254502895837565E+01    0.974919709701302817E+00    0.494481121282179356E+04   -0.965327280000036133E-04    0.547062309117185896E+00
    0.399063038945524388E-03   -0.224784064143435955E+02    0.119585590677241771E+01    0.897873553781743383E+00    0.486419743530822234E+04   -0.236433216556896416E-03    0.602105871364128187E+00
    0.398351233496986362E-03   -0.224787420955078296E+02    0.107438312996422369E+01    0.957576875067472688E+00    0.488269741495413200E+04    0.544711911333518764E-03    0.786453417043053493E+00
    0.397639250941288994E-03   -0.224790704999959203E+02    0.110921781212570814E+01    0.879900127782247021E+00    0.467771467531864346E+04    0.738594036302461982E-03    0.668081106926653678E+00
    0.397030032750629938E-03   -0.224799102249771821E+02    0.122241112549031650E+01    0.971996408846278026E+00    0.444967696180593157E+04    0.239859976556014909E-03    0.828286896086855240E+00
    0.396283886093888897E-03   -0.224800542978160536E+02    0.107293177689973063E+01    0.989884944902107433E+00    0.409332805059738803E+04    0.334447810115767619E-04    0.659248056035976360E+00
    0.395591853082333006E-03   -0.224804648822539193E+02    0.105271093872340726E+01    0.873653924526808678E+00    0.493409163123952749E+04   -0.397115825083537485E-03    0.508607871743563811E+00
    0.395563868611321142E-03   -0.224842296457159421E+02    0.104686611713964495E+01    0.904340683225959063E+00    0.484613588715703372E+04   -0.456558842097753862E-03    0.373470201023548110E+00
    0.394932159102597544E-03   -0.224849393729199534E+02    0.102986530210790206E+01    0.908463091377762377E+00    0.455657521495699712E+04    0.553362157233827905E-03    0.389850965281236472E+00
    0.394232236082008166E-03   -0.224852979554966126E+02    0.118778599822463171E+01    0.844659549593188008E+00    0.499766508023552706E+04   -0.269244572236404013E-03    0.669539532200855603E+00
    0.393463503273223806E-03   -0.224853004999695152E+02    0.109503378907858639E+01    0.961030380138603091E+00    0.497305272924646033E+04   -0.645318101192730794E-04    0.778806550265263797E+00
    0.392824137175742125E-03   -0.224859541680617951E+02    0.102283612535753088E+01    0.896512684661058046E+00    0.455682094318213422E+04   -0.326504572861483161E-03    0.358359220799805200E+00
    0.392505752732805256E-03   -0.224882387583518053E+02    0.107391249990603832E+01    0.872310345998029923E+00    0.474165830910579825E+04   -0.941138139621564229E-04    0.259936596540884635E+00
    0.391963093210512660E-03   -0.224893779916032770E+02    0.108150093824908455E+01    0.953560491047131809E+00    0.473920801727921662E+04    0.608803025611572750E-03    0.341842334378624768E+00
    0.391827515844109426E-03   -0.224925923355447530E+02    0.101736026782721267E+01    0.890638688790364563E+00    0.423638927342236184E+04   -0.275310174273403778E-03    0.342048990828376032E+00
    0.391441322785141303E-03   -0.224945263733427012E+02    0.116142100677932802E+01    0.943691220564017219E+00    0.463469179182463631E+04   -0.323650080546324798E-03    0.764881074853864695E+00
    0.390773992738041478E-03   -0.224950201091883031E+02    0.114906381533011759E+01    0.994773088438463349E+00    0.476778622287188045E+04    0.156150259557190574E-03    0.464184809449132540E+00
    0.390508357684899029E-03   -0.224975663639792174E+02    0.117976121142454637E+01    0.961831781559786325E+00    0.486411189260985157E+04    0.132462795102958401E-03    0.433573339981583872E+00
    0.390140310259111075E-03   -0.224995867594678245E+02    0.111105768970889196E+01    0.996245020577928964E+00    0.444737839099371286E+04   -0.549810304245409000E-03    0.602395849394288030E+00
    0.389730956023431289E-03   -0.225013934102597091E+02    0.100216236169075312E+01    0.916866766361356555E+00    0.417306694509510362E+04   -0.177458292120266284E-03    0.389828586263740839E+00
    0.389554070500050097E-03   -0.225043917227508672E+02    0.119381909654348428E+01    0.945928129382019311E+00    0.449080041539917238E+04   -0.764427559897484880E-04    0.424117701495508870E+00
    0.389084854118010466E-03   -0.225058875284538118E+02    0.100340527427365345E+01    0.919152235649215665E+00    0.478305224343122245E+04   -0.131945442524886782E-03    0.490566862641690915E+00
    0.388366736692646788E-03   -0.225060990525669524E+02    0.107037300506300381E+01    0.961162490931816382E+00    0.465991272273252616E+04    0.150685163891971810E-03    0.199492339207167357E+00
    0.387627070305369037E-03   -0.225061925576474948E+02    0.112777446053437336E+01    0.953657479437458155E+00    0.442021707168022294E+04   -0.391037734825137428E-03    0.529473536131603639E+00
    0.386931890193312916E-03   -0.225065087372503818E+02    0.994984683535294012E+00    0.872360425968825681E+00    0.420433272306842355E+04    0.203208157143969329E-03    0.454752708894129998E+00
    0.386687508053280198E-03   -0.225091514090685294E+02    0.147397944987921115E+01    0.702342361600738485E+00    0.475832080948460043E+04    0.252793660813054846E-03    0.981678207668834180E+00
    0.387107527270521439E-03   -0.225152288761962183E+02    0.104610460744800382E+01    0.996002024608019565E+00    0.449720402806246057E+04   -0.895322386571179517E-03    0.685275159798754419E+00
    0.386842782271138743E-03   -0.225177668470886374E+02    0.115154596371797080E+01    0.932160472392546069E+00    0.495332866985756300E+04    0.226110304610194261E-03    0.814334082694505357E+00
    0.388653961034941603E-03   -0.225310151456402394E+02    0.148338203090053500E+01    0.737635374945324385E+00    0.469193474261295705E+04    0.334046802043452492E-03    0.781469824973834659E+00
    0.388182865569191996E-03   -0.225324956840500441E+02    0.107972903735815784E+01    0.902827262210877945E+00    0.486144505643818684E+04   -0.305144438638979391E-03    0.634707422589770087E+00
    0.387573900518523680E-03   -0.225332619540852797E+02    0.102190288859192568E+01    0.820177146734627938E+00    0.495186329544631826E+04   -0.234555875282435459E-03    0.541704033904131355E+00
    0.387183147319269559E-03   -0.225351507807731579E+02    0.112810783000687076E+01    0.929639810757926899E+00    0.499525034007002705E+04   -0.913115590854005277E-04    0.991289707917241802E+00
    0.387060965619258216E-03   -0.225384257998785245E+02    0.102756645369712696E+01    0.905828739969632202E+00    0.414321044623523721E+04   -0.800229277012576518E-05    0.630707057921370051E+00
    0.386678474260089696E-03   -0.225403546845247220E+02    0.115453503408132274E+01    0.913855066320180320E+00    0.442797953621538181E+04    0.141567787145020085E-03    0.518843861401168893E+00
    0.386434349002766255E-03   -0.225429978574777792E+02    0.921187328270420380E+00    0.834258340393981834E+00    0.470454868371775410E+04   -0.251217805008745242E-03    0.416370743593055481E+00
    0.387163174833084743E-03   -0.225506726099535406E+02    0.104427870842440984E+01    0.911196684841254378E+00    0.405671611144140343E+04   -0.134915464260334866E-03    0.397642100456104652E+00
    0.386428764360899465E-03   -0.225507814538244631E+02    0.126933179795507822E+01    0.845674881475516615E+00    0.467766106239231704E+04    0.478504060957446418E-04    0.816377004719530230E+00
    0.386530405389080704E-03   -0.225552136877716052E+02    0.117740355750485626E+01    0.880341383588008730E+00    0.482425316348801698E+04    0.474006100935807633E-03    0.580402369057690715E+00
    0.386103092543994169E-03   -0.225569076967036892E+02    0.100584771881484225E+01    0.898454549252329704E+00    0.498582393546088133E+04    0.225175345982286371E-03    0.381484771737875594E+00
    0.385776063371859139E-03   -0.225591192296527154E+02    0.151550777900989386E+01    0.751187619889617242E+00    0.488489854196992474E+04    0.158141676863890528E-03    0.762201203461488119E+00
    0.385627336121685863E-03   -0.225622542761443015E+02    0.116769432857187128E+01    0.924848096635513262E+00    0.440373556056398593E+04   -0.520532164311820317E-03    0.329815553720891441E+00
    0.385563746885229561E-03   -0.225658307026387952E+02    0.102260093777161321E+01    0.948032879563798003E+00    0.469356908848234434E+04   -0.322757485233139219E-03    0.370729263213285809E+00
    0.385870230485676677E-03   -0.225713261158105638E+02    0.959729517830537393E+00    0.875966161079658634E+00    0.430635710073608698E+04   -0.185551261285329743E-03    0.419702395131926975E+00
    0.385724989832241557E-03   -0.225744794287713937E+02    0.126438190270111672E+01    0.865177800337986191E+00    0.424968171905394775E+04   -0.168585554406854260E-03    0.506963389764472305E+00
    0.385060228227023329E-03   -0.225749358888456868E+02    0.116231177898745197E+01    0.870033783797789728E+00    0.498016870344619383E+04    0.543283286130792720E-04    0.605420064933169244E+00
    0.384862504116171851E-03   -0.225778148975036999E+02    0.124679402444072940E+01    0.838328816605973026E+00    0.430666533708137467E+04    0.348135499526949495E-04    0.757009485629319467E+00
    0.384247552217470911E-03   -0.225785228950575885E+02    0.122340378073020895E+01    0.978567113852611636E+00    0.499264555027495044E+04    0.123196636275762198E-03    0.935128873808303895E+00
    0.384069209622515647E-03   -0.225815006603127131E+02    0.112534663009554614E+01    0.925971212382581177E+00    0.490791507678792823E+04   -0.334199471906845662E-03    0.724602698886576690E+00
    0.383392526193752990E-03   -0.225818800446852350E+02    0.114447601404820976E+01    0.887218039541659786E+00    0.425933115292636830E+04    0.330571007474742657E-03    0.636760261298429442E+00
    0.382870312966332210E-03   -0.225830602676272214E+02    0.110574153040620216E+01    0.992307596333948827E+00    0.436816794655870854E+04   -0.372174328207603095E-03    0.602116306695281933E+00
    0.382804074310718755E-03   -0.225866204767676564E+02    0.962474906208178771E+00    0.910384737119281029E+00    0.477774394205776116E+04   -0.220796136401830333E-03    0.695679306483538706E+00
    0.382588302281739086E-03   -0.225893990853576163E+02    0.119225951940102837E+01    0.880061029176472998E+00    0.469150175866611153E+04    0.561325590102348832E-07    0.952090465588900980E+00
    0.382197388341395960E-03   -0.225912607679490591E+02    0.110315134780871649E+01    0.928335147549530060E+00    0.496296379159625849E+04   -0.155870156977838812E-04    0.810389115716328989E+00
    0.381538944732174603E-03   -0.225917184782169969E+02    0.101204619161921738E+01    0.945165538774597414E+00    0.427230617052214711E+04    0.122209418523496155E-03    0.218348705752746064E+00
    0.381012856850260955E-03   -0.225928651099758397E+02    0.114275588775558967E+01    0.963698310820425896E+00    0.477883479957531017E+04   -0.320928036784243350E-03    0.736327703571819647E+00
    0.380358779873380412E-03   -0.225933350505246437E+02    0.901878771558730752E+00    0.779392185011567928E+00    0.488925536869127336E+04    0.107580899563849961E-03    0.383353632169998293E+00
    0.379857679039986341E-03   -0.225946046782832113E+02    0.106844087341161376E+01    0.947341651861167144E+00    0.474551469329359679E+04   -0.218629543493256717E-03    0.445690307392068941E+00
    0.379670573361697179E-03   -0.225975255498908609E+02    0.938712951370305970E+00    0.942897004130789695E+00    0.495106678176719561E+04    0.707159415465030499E-03    0.360283005270752632E+00
    0.378981007149787133E-03   -0.225977960523644583E+02    0.978780505074131391E+00    0.984974011433083385E+00    0.460891415018554380E+04   -0.211712264847558159E-03    0.539754545224995441E+00
    0.378423608978019832E-03   -0.225987585744783033E+02    0.975186074204482001E+00    0.978769569060798927E+00    0.472797651669047173E+04    0.603419834647019580E-03    0.630316198221557267E+00
    0.377964869313477704E-03   -0.226002388767862534E+02    0.103509878338650751E+01    0.892007292008142327E+00    0.494005769195160065E+04    0.281583686829821550E-03    0.426611510220713142E+00
    0.377277259748874454E-03   -0.226005033291262656E+02    0.933520683079568370E+00    0.858989346428654987E+00    0.497492817333360654E+04   -0.414000911793037320E-03    0.573098218318734753E+00
    0.376780667832517973E-03   -0.226017753412515852E+02    0.118519293885659827E+01    0.880096037778867912E+00    0.494162816409959851E+04    0.464733528129447778E-03    0.953109914134216751E+00
    0.377297439682127258E-03   -0.226084228029396392E+02    0.104054347659774860E+01    0.973743713733256744E+00    0.471051844219092072E+04   -0.100618345456192913E-03    0.517090800773917558E+00
    0.377003591501235791E-03   -0.226107707986956612E+02    0.123793737397399939E+01    0.894199332512172873E+00    0.483596256466963132E+04   -0.745086900269843430E-03    0.789479780394146347E+00
    0.376645586625343567E-03   -0.226127769343549261E+02    0.119619722583065236E+01    0.933318898961583265E+00    0.498354663203013752E+04    0.467413985820498766E-03    0.957727823893218089E+00
    0.376499869793292703E-03   -0.226159092736442560E+02    0.152895615757696768E+01    0.674154470111741233E+00    0.444883343817140212E+04    0.224359699494884525E-03    0.909105780577213363E+00
    0.376347027823014854E-03   -0.226190034489827596E+02    0.115435268317460760E+01    0.931323050613146575E+00    0.444235244256132046E+04   -0.476098505909169044E-03    0.267108647880214822E+00
    0.376134495329109462E-03   -0.226217799303810310E+02    0.103800931784391914E+01    0.942099367958616374E+00    0.485667899759485317E+04   -0.107883797525474735E-03    0.719661881049542540E+00
    0.376812211347425262E-03   -0.226292865212568088E+02    0.142859021480049364E+01    0.755701064808468992E+00    0.490270938309482699E+04    0.215131330019943743E-03    0.915955294022041788E+00
    0.376360951729990724E-03   -0.226307961926554455E+02    0.141695443304282920E+01    0.750115192361401117E+00    0.480950915213741882E+04    0.553783891010821948E-03    0.813705206033114248E+00
    0.376559933666014291E-03   -0.226357595627036154E+02    0.111095201022948897E+01    0.923504313430133728E+00    0.438552673089253040E+04    0.412270045188695730E-03    0.748158943316082903E+00
    0.376043996113164126E-03   -0.226369236658013477E+02    0.102282930806567229E+01    0.911761726253923821E+00    0.460795808289089109E+04    0.831609060191351740E-04    0.219269278388526667E+00
    0.375628470221817297E-03   -0.226386187083816921E+02    0.106629470629206180E+01    0.965808717375035819E+00    0.470426476842310512E+04   -0.160210174696275321E-04    0.742043149256853440E+00
    0.375198971737040370E-03   -0.226402368239442282E+02    0.972248509661592153E+00    0.851337314795829192E+00    0.484724772535428565E+04   -0.549843077590193982E-03    0.493445371717041725E+00
    0.375004487233473527E-03   -0.226431061045429445E+02    0.101236281889388580E+01    0.833619991530375470E+00    0.494396998007679213E+04   -0.590288151197507866E-03    0.394092063433589546E+00
    0.374645238860224353E-03   -0.226450954678250831E+02    0.114710434042203513E+01    0.891513327506299746E+00    0.488313387309638802E+04   -0.295363340706468644E-04    0.704685239272824560E+00
    0.374816520457934980E-03   -0.226499158757447638E+02    0.957204674427682423E+00    0.860638629676914069E+00    0.409594200021988763E+04    0.720832798483833767E-03    0.473242340568576614E+00
    0.374257779111732722E-03   -0.226508384887403302E+02    0.110088119122670891E+01    0.992077689341621993E+00    0.451954161716552335E+04   -0.666587245393828799E-03    0.291594284674815740E+00
    0.373769764767865442E-03   -0.226521351320909616E+02    0.108685435830908483E+01    0.860645973475962611E+00    0.482196444082514881E+04   -0.471569321761764664E-03    0.458819956600115764E+00
    0.373132839948519407E-03   -0.226526303618603606E+02    0.121845462326496756E+01    0.918277323942455870E+00    0.444947372213187919E+04   -0.204924130185695061E-03    0.702172745986936797E+00
    0.373408880340353390E-03   -0.226580156472412710E+02    0.108750630179723418E+01    0.838290430087096361E+00    0.463211662516572051E+04   -0.218806108895474715E-03    0.371255503444536283E+00
    0.373010202093480901E-03   -0.226597854122871283E+02    0.103468603003728399E+01    0.873512244586748920E+00    0.459273746158283666E+04   -0.309753124773965262E-03    0.669704825988057029E+00
    0.373187175537690967E-03   -0.226646403305769759E+02    0.117670720407662377E+01    0.924646816162271623E+00    0.467724766530295437E+04   -0.216744894516301143E-03    0.891517397178972382E+00
    0.372842123597570620E-03   -0.226666965086555123E+02    0.101925259042235083E+01    0.942370236578141784E+00    0.422056945760901635E+04   -0.112806986766551015E-03    0.469787610907797859E+00
    0.373556163785855198E-03   -0.226744293505337993E+02    0.110504428126373755E+01    0.934888119962948183E+00    0.425385924412682652E+04   -0.391753716268623895E-03    0.602615253694725905E+00
    0.373263035667463917E-03   -0.226767655919766540E+02    0.113819572458516571E+01    0.968281690131278960E+00    0.436568124627817451E+04   -0.560904991036225613E-03    0.292101414579842289E+00
    0.374339684968558498E-03   -0.226864323884042491E+02    0.106798223841850115E+01    0.911593854068713849E+00    0.431076514741900792E+04   -0.909014527559938180E-04    0.694224537527481589E+00
    0.373777571291162485E-03   -0.226873331534834648E+02    0.109277240883869609E+01    0.906394711777156692E+00    0.427561170148470683E+04   -0.518768338623177747E-03    0.638923532330890720E+00
    0.373061060913351401E-03   -0.226874018376868349E+02    0.116110129382455307E+01    0.920041714074026018E+00    0.438547499439913281E+04    0.268407750969257537E-04    0.760733700855657391E+00
    0.372476920621120572E-03   -0.226881740265055356E+02    0.105124144130931318E+01    0.901116313031746996E+00    0.473112804944909203E+04   -0.881488264955320177E-04    0.366273715809913081E+00
    0.371884516871341198E-03   -0.226888968559518815E+02    0.116987719691909220E+01    0.984037612395818884E+00    0.493974449211879710E+04    0.214777487048796131E-04    0.500466440815597546E+00
    0.371339310442379584E-03   -0.226898688269005113E+02    0.103187872333957564E+01    0.991308376786450673E+00    0.479649555781618710E+04   -0.185846914676607522E-03    0.582267369814153612E+00
    0.370920335904740010E-03   -0.226915172438945909E+02    0.108973914337200650E+01    0.955599836012790305E+00    0.463097285668184122E+04    0.659976517757595205E-03    0.382264229399349675E+00
    0.370477316414338277E-03   -0.226930333080516320E+02    0.117858552472271327E+01    0.951641851846541154E+00    0.455179923061150294E+04   -0.223523318583628602E-03    0.835198314471756520E+00
    0.370123852595437644E-03   -0.226950304935751248E+02    0.122356251157295293E+01    0.883590255660998691E+00    0.485941841415956696E+04    0.109689753857024629E-03    0.961911242309292813E+00
    0.370602568759555878E-03   -0.227015218611946921E+02    0.116217403304415612E+01    0.971009759077521295E+00    0.491902659938452689E+04   -0.415010382836286109E-03    0.594720367492867052E+00
    0.370247284409378245E-03   -0.227035098581187853E+02    0.948695091661402312E+00    0.953028386083820123E+00    0.482977277223984402E+04   -0.262076122931504849E-03    0.619637050369910014E+00
    0.369826735584478006E-03   -0.227051430983450757E+02    0.103662357991148202E+01    0.835784399648490273E+00    0.449162688638597774E+04   -0.455525428105183763E-03    0.430523269805856645E+00
    0.369831848021762557E-03   -0.227090769958970888E+02    0.104822224828767441E+01    0.904877879067648716E+00    0.463460680885265356E+04   -0.109235527601916167E-02    0.685012904084799201E+00
    0.369407179512496429E-03   -0.227106853771961106E+02    0.102566536991493384E+01    0.869995343824600198E+00    0.455706332243643465E+04    0.686672141059496591E-03    0.385833380123499048E+00
    0.368797721109945275E-03   -0.227112892457542053E+02    0.105836998407073946E+01    0.923450795286046899E+00    0.491427346061980006E+04    0.388083185238672225E-03    0.357590117071428848E+00
    0.369286952328192679E-03   -0.227178468516622729E+02    0.115940802894567341E+01    0.966144172078803987E+00    0.499764920041453115E+04   -0.610954990771030743E-06    0.358889268719958299E+00
    0.368650930105331339E-03   -0.227183055357058841E+02    0.933220944722687795E+00    0.839912167794474640E+00    0.496699923749585287E+04    0.968565898412632599E-03    0.492137837709344439E+00
    0.368014642283919196E-03   -0.227187568232181683E+02    0.109452087092755623E+01    0.952100474957927045E+00    0.473657251368024663E+04    0.275643122101990414E-03    0.411033978600067185E+00
    0.367752308116968516E-03   -0.227212368923987356E+02    0.924850530873021603E+00    0.967420129406927898E+00    0.498942238961511066E+04    0.826181246441912826E-03    0.405743328952050453E+00
    0.367054925991612232E-03   -0.227213468687511408E+02    0.111265905998030612E+01    0.961895348348952406E+00    0.495038552022011754E+04   -0.611108526699001705E-04    0.721890299389347345E+00
    0.366976504910591884E-03   -0.227248257742096449E+02    0.110162446017107696E+01    0.918437376629231972E+00    0.422525629734576978E+04    0.598537710619579056E-04    0.613326432063440508E+00
    0.367457069889687044E-03   -0.227313493612386779E+02    0.114489047770461871E+01    0.935815146487350313E+00    0.478713613417774923E+04   -0.300010552306946294E-03    0.749573903868132829E+00
    0.367144566680421250E-03   -0.227335539911357145E+02    0.124497060497147860E+01    0.959931983253042631E+00    0.395569776153872090E+04    0.324011206652442200E-03    0.882137141783413070E+00
    0.366822110879215036E-03   -0.227357029089199045E+02    0.108380460955238678E+01    0.969789780203447971E+00    0.430317124355142641E+04   -0.636921464126057935E-03    0.709293796100573304E+00
    0.366198164834184475E-03   -0.227362043625375634E+02    0.982901882663001825E+00    0.838792486398824311E+00    0.425935676958711429E+04   -0.114862956582603573E-03    0.577912034990373247E+00
    0.365817781949164217E-03   -0.227380320626320298E+02    0.103077470935744664E+01    0.984587241299812010E+00    0.463021072449335134E+04    0.144504433240282189E-03    0.568399637719939732E+00
    0.365816901419618781E-03   -0.227419334985927009E+02    0.123644109357809273E+01    0.932623091434035767E+00    0.489979253320747466E+04    0.367539882342099184E-03    0.488265505875625450E+00
    0.365275443732930908E-03   -0.227428772895311084E+02    0.109850649970072900E+01    0.942361526082592604E+00    0.421866775094145851E+04   -0.326088668332028485E-03    0.636018771655682769E+00
    0.364567798742650303E-03   -0.227429051986992476E+02    0.106414335892653034E+01    0.949265213840064348E+00    0.446027582089786483E+04    0.992132794691431944E-04    0.387370946064854449E+00
    0.364027683375961399E-03   -0.227438462067845251E+02    0.119200500710004609E+01    0.915029412953765497E+00    0.469887042094692879E+04    0.220119569943001253E-03    0.633754269628009070E+00
    0.363502977627497433E-03   -0.227448675978084331E+02    0.120952495266395088E+01    0.903747715820239605E+00    0.495635726916009753E+04   -0.727432714577448507E-03    0.867224489302701906E+00
    0.362856823368794637E-03   -0.227452155317877640E+02    0.106488646338105197E+01    0.978645895742460414E+00    0.492995396315214566E+04   -0.283202735033233040E-03    0.859056883775738522E+00
    0.362260635100667143E-03   -0.227458329992850850E+02    0.113486289888457481E+01    0.875354347141216294E+00    0.486840136177772456E+04    0.381742590665201176E-03    0.814152453488217964E+00
    0.361680035481423375E-03   -0.227465312530095431E+02    0.120980888313273205E+01    0.909742345277497311E+00    0.463380508602730606E+04   -0.384753101640750985E-03    0.512138387163403319E+00
    0.361451107422650249E-03   -0.227491711873839044E+02    0.113072122255788554E+01    0.925821321541608677E+00    0.444224859091711551E+04   -0.822013006446773364E-03    0.220593438602432107E+00
    0.361721347138595987E-03   -0.227545721830800858E+02    0.126318192355334968E+01    0.944950515094010735E+00    0.469894632287344484E+04    0.387080032145529335E-03    0.985022961278111064E+00
    0.362302789018353639E-03   -0.227616907127581491E+02    0.110488251755364764E+01    0.909450546036492891E+00    0.484773329833195294E+04    0.912024597341195294E-05    0.724346316601253148E+00
    0.362414557780595505E-03   -0.227662138585100209E+02    0.999927246506129186E+00    0.908293001450787507E+00    0.495943008509680385E+04   -0.590286523657488336E-03    0.372781467698811153E+00
    0.361979533404542878E-03   -0.227677179661753506E+02    0.117795643553247276E+01    0.984264616445613916E+00    0.487469317185035925E+04    0.235463068406042731E-03    0.659652290030143806E+00
    0.361540567388342186E-03   -0.227691973806550507E+02    0.123609549292689325E+01    0.918675971239882871E+00    0.435219060161235666E+04   -0.226578753960531335E-03    0.457363869094026931E+00
    0.361036723013605546E-03   -0.227703144787507625E+02    0.157118518550933883E+01    0.744893143340577102E+00    0.430646122720460244E+04    0.854823939642131137E-03    0.713193417798132945E+00
    0.360713273564605675E-03   -0.227724281442149774E+02    0.118802060240307372E+01    0.884819082415731373E+00    0.467651185621412787E+04   -0.113492767538039084E-03    0.783645634938817448E+00
    0.360833908911530586E-03   -0.227770031535198640E+02    0.114161280701593792E+01    0.972999827510982573E+00    0.424819950441561923E+04    0.257827989831583692E-03    0.644928071293268124E+00
    0.360354165746069660E-03   -0.227782485539961570E+02    0.109106583374384392E+01    0.961021405695414721E+00    0.474086531921570077E+04   -0.347485105267605421E-03    0.389507589659953524E+00
    0.360013886880859182E-03   -0.227802653315839478E+02    0.110520358125490681E+01    0.943067726266368034E+00    0.493203989252832525E+04   -0.441325556893000580E-03    0.463762518931269518E+00
    0.359530613177325262E-03   -0.227814850276534884E+02    0.961069890646605529E+00    0.950342646345752939E+00    0.482371363096914411E+04    0.720027629336747574E-03    0.516455808690981844E+00
    0.359185002364191834E-03   -0.227834677861788926E+02    0.108673934204829981E+01    0.933967344282266687E+00    0.397979957386632304E+04    0.167325216965087079E-03    0.508618028724673765E+00
    0.358780167185681047E-03   -0.227851185773427503E+02    0.114465977580503342E+01    0.894889640412070753E+00    0.497004077326076458E+04   -0.399730943278466346E-03    0.563546184588962440E+00
    0.358235239667670409E-03   -0.227859848501388029E+02    0.973043191011677244E+00    0.945827096812489332E+00    0.469384027226328817E+04   -0.293273179895815511E-03    0.560509064587643047E+00
    0.357976384698712477E-03   -0.227884454102258722E+02    0.116978425429138477E+01    0.877186167382655535E+00    0.425994999127824758E+04   -0.693709692075521818E-03    0.707575684514774927E+00
    0.357398052550035920E-03   -0.227891179283811063E+02    0.103878655751500704E+01    0.913784679232494845E+00    0.416984392245952222E+04    0.496236608185880710E-04    0.484976949771936283E+00
    0.356763295318872342E-03   -0.227894689179335153E+02    0.101184100566198687E+01    0.963913729400698971E+00    0.497216847875844724E+04    0.478955796258258464E-04    0.494304788206557877E+00
    0.356389151157343077E-03   -0.227912766309505557E+02    0.105042011031885441E+01    0.876438168910768312E+00    0.416425266759280566E+04   -0.621512818260516373E-03    0.341606505262383564E+00
    0.355885627447190896E-03   -0.227923551868687113E+02    0.933054257359620109E+00    0.919310266217128857E+00    0.491501674575941433E+04   -0.176699534849812792E-03    0.478188248231375734E+00
    0.355805775430272997E-03   -0.227958126355094279E+02    0.113988173752784894E+01    0.955989502945799874E+00    0.485637628967705496E+04   -0.234218487264950434E-03    0.595139797952777494E+00
    0.355876545860144336E-03   -0.228001166496690253E+02    0.114933927353355725E+01    0.963158246310932276E+00    0.474891543607080803E+04    0.336646525234805696E-04    0.968186940309816668E+00
    0.355953326563051284E-03   -0.228044543550275876E+02    0.118199890688862674E+01    0.906440908506884302E+00    0.473257768605949605E+04   -0.662974425045564133E-04    0.532903110886617903E+00
    0.355578212738290691E-03   -0.228062518363290856E+02    0.115233920405648593E+01    0.928434824382186163E+00    0.497025697723557460E+04   -0.261611791982258339E-03    0.464181964208317810E+00
    0.355711850911544984E-03   -0.228109096119395574E+02    0.115504643996592771E+01    0.942918005499662648E+00    0.483553507128641377E+04   -0.398039617786364398E-04    0.555440845417589979E+00
    0.356234977095258522E-03   -0.228177549931065329E+02    0.103619812125897348E+01    0.989626728529532596E+00    0.411425254971948743E+04   -0.325219797032728084E-03    0.403781771286613078E+00
    0.356056012490738039E-03   -0.228206562346989799E+02    0.951854392215720102E+00    0.822168453898208584E+00    0.491068152629728866E+04   -0.115425473706369622E-03    0.347674111142998565E+00
    0.356457189238141669E-03   -0.228268146635432458E+02    0.108580317828058193E+01    0.995062850640876628E+00    0.494611325368023881E+04    0.419836376202129165E-04    0.592442541053268990E+00
    0.356241778790067896E-03   -0.228295119293056317E+02    0.118553640094760393E+01    0.933296337511786533E+00    0.436532821324503948E+04   -0.876922504942747910E-04    0.743046518579978721E+00
    0.355549721542339203E-03   -0.228295290771431247E+02    0.128497784947195681E+01    0.900940701679874056E+00    0.440507644848719974E+04    0.988215916794008762E-04    0.578861321369849802E+00
    0.354928106050015897E-03   -0.228299356224271968E+02    0.122738577754595179E+01    0.905343720039220923E+00    0.497003516765589211E+04    0.192659796519369953E-05    0.966232586578962382E+00
    0.354301444425703712E-03   -0.228303075482469744E+02    0.100066289423271670E+01    0.941342838370007873E+00    0.482658747275715541E+04    0.337494071829660795E-03    0.669766760136002892E+00
    0.353706997484117024E-03   -0.228308553802051435E+02    0.111809524883733236E+01    0.894150389084600872E+00    0.482202834574365534E+04    0.849783477317496975E-04    0.426145564433245361E+00
    0.353288960629365926E-03   -0.228323964856881645E+02    0.111780523766813600E+01    0.985031558678643782E+00    0.405320043882020309E+04   -0.368421464894814663E-03    0.314163380382674273E+00
    0.352654571122827459E-03   -0.228327081723908840E+02    0.112499581937491344E+01    0.928040339598312003E+00    0.441093585318029272E+04   -0.334711190008078567E-03    0.740774865965253548E+00
    0.352352005660319981E-03   -0.228348977548246452E+02    0.969612256577538023E+00    0.942439940674775434E+00    0.497231544250626303E+04   -0.514726117581118634E-03    0.436514003635811221E+00
    0.352166850821484937E-03   -0.228377527634482007E+02    0.979236289696052808E+00    0.833306971033353827E+00    0.494960268865387388E+04   -0.426930465681229642E-03    0.280276152675637713E+00
    0.351494069452048326E-03   -0.228378345488229186E+02    0.104366153533688433E+01    0.895674054205198633E+00    0.481477345796392092E+04    0.134213726640919985E-03    0.298975127099319837E+00
    0.351378265092736183E-03   -0.228410817638621140E+02    0.104189226424434667E+01    0.890636390606443507E+00    0.477759869155390516E+04   -0.440857441341510613E-05    0.335257176985525707E+00
    0.350740353719429933E-03   -0.228413538043041200E+02    0.979818993369642510E+00    0.963441978742362259E+00    0.465198642674086750E+04    0.435715437111592729E-04    0.350931951055435620E+00
    0.350715641292289107E-03   -0.228451191335488986E+02    0.149450262635435038E+01    0.721536468786175167E+00    0.482908046486938565E+04    0.539705371154648814E-03    0.806110990922359272E+00
    0.350043271922378463E-03   -0.228451874326441811E+02    0.129837051051351482E+01    0.921673307521611029E+00    0.410573022850340749E+04    0.399992471603865119E-03    0.805445938429885988E+00
    0.350393567243854377E-03   -0.228510941219762742E+02    0.117659457048350391E+01    0.942034387284895858E+00    0.486598055120586559E+04    0.829302514582302736E-03    0.616331726602659447E+00
    0.349962331226446439E-03   -0.228525374180818659E+02    0.105732391209922860E+01    0.931884550096626407E+00    0.483889104571493317E+04   -0.478881941079127614E-03    0.446716875083303266E+00
    0.349442628084301195E-03   -0.228534714087011892E+02    0.105393378962818951E+01    0.955186171005758755E+00    0.453937344317603493E+04    0.698839949984540287E-03    0.291024806788010404E+00
    0.348858867992446811E-03   -0.228540337722502542E+02    0.113465136127212651E+01    0.919530680789966803E+00    0.491333232747909915E+04    0.466419395147007977E-03    0.559423552366327570E+00
    0.348605198369918840E-03   -0.228564852110509520E+02    0.109209330464009580E+01    0.859647043206348660E+00    0.457449520560520887E+04   -0.241499893556920947E-03    0.527164624158223960E+00
    0.348033353391672621E-03   -0.228571080073561710E+02    0.112972391487757173E+01    0.958095650795759868E+00    0.428618278428974099E+04    0.812284307914799239E-04    0.860321520185164168E+00
    0.347592239957829135E-03   -0.228584777578531160E+02    0.131536685864992009E+01    0.964016629925572133E+00    0.484980247516896998E+04   -0.104913292198453596E-02    0.828274529162644768E+00
    0.347242931854598632E-03   -0.228603731244273511E+02    0.110227044383985895E+01    0.925951184575668385E+00    0.495646292009981698E+04   -0.338426598233785496E-03    0.618375290966963087E+00
    0.346687434424049505E-03   -0.228610773381643355E+02    0.117202260295733662E+01    0.871505527330612706E+00    0.476026410817654414E+04   -0.202472153736437083E-03    0.790995756545021189E+00
    0.346011274397091601E-03   -0.228610790898126019E+02    0.113133914155320392E+01    0.921399319979540943E+00    0.460116396354717290E+04   -0.269487527224572109E-03    0.621174206591746270E+00
    0.345786766670721807E-03   -0.228636872283932036E+02    0.127461700630701613E+01    0.845863285345727300E+00    0.427013063520524884E+04    0.325172344162901828E-03    0.758491889119103035E+00
    0.345359934649291608E-03   -0.228651231948780875E+02    0.108726662605077506E+01    0.971164457471266784E+00    0.451047760745083815E+04    0.139032029362286263E-03    0.673755341666285923E+00
    0.345220399300279451E-03   -0.228682212240582956E+02    0.122041045219760247E+01    0.836624741420298745E+00    0.474181726353122576E+04   -0.173288969792175667E-03    0.736233234041170470E+00
    0.344590240813224754E-03   -0.228684733775529381E+02    0.119350983156417145E+01    0.881480163904997394E+00    0.466365078759706830E+04    0.148533831988541872E-03    0.440881018144581249E+00
    0.344598055128161960E-03   -0.228724249812827480E+02    0.108420307354244772E+01    0.974841611025050403E+00    0.494584542639461324E+04   -0.110985436631518521E-03    0.324721308375987561E+00
    0.344020711887636570E-03   -0.228729775999067186E+02    0.100475507304880129E+01    0.924013252931190743E+00    0.482350959298548514E+04   -0.105372910028405368E-03    0.603490310404983465E+00
    0.343621606447810273E-03   -0.228745622622207563E+02    0.118015769635230372E+01    0.897970189447989231E+00    0.496365418145386775E+04   -0.774830352373789008E-03    0.893953958212056143E+00
    0.342956750986472608E-03   -0.228745950684283343E+02    0.129070216060255927E+01    0.947014615585104913E+00    0.477470927622196268E+04    0.507494398896406510E-03    0.932729113100202012E+00
    0.343662704807592989E-03   -0.228826139549924505E+02    0.963117894455337464E+00    0.927537743817313798E+00    0.445940965611395404E+04   -0.485129081681704460E-04    0.499491914067383913E+00
    0.343157499995477931E-03   -0.228835779217008266E+02    0.111544121195132306E+01    0.952869801361512891E+00    0.481152782148168717E+04   -0.224524200884272955E-04    0.267758154168910412E+00
    0.342679294805327912E-03   -0.228846951392588664E+02    0.104314359092255371E+01    0.967394370023241579E+00    0.493262652489499487E+04    0.285345374809402048E-03    0.666258290377309104E+00
    0.342021816736948496E-03   -0.228847604241465241E+02    0.112792507468226466E+01    0.886235311457636454E+00    0.487778788258586337E+04   -0.421047282913069513E-03    0.679516785628204278E+00
    0.342155358171250274E-03   -0.228894474159829748E+02    0.101944135388950596E+01    0.976975651400161627E+00    0.496838718222998796E+04   -0.351886141097180962E-03    0.223941230077076114E+00
    0.341501207648125767E-03   -0.228895263014525128E+02    0.102996330429429439E+01    0.870914497170363733E+00    0.459393996453403633E+04   -0.278280998650973547E-03    0.392582963131299256E+00
    0.341414861584413468E-03   -0.228929268022509973E+02    0.111723631090049258E+01    0.963211982743188866E+00    0.393137873683284352E+04    0.138345028601668342E-05    0.514193707967803615E+00
    0.342382909610258117E-03   -0.229024958298342796E+02    0.103422069218838208E+01    0.956359779966991175E+00    0.488298900095703266E+04    0.799072082086723414E-04    0.758769466969724915E+00
    0.342246672263803967E-03   -0.229056061028455105E+02    0.100851430278537491E+01    0.915005161409997325E+00    0.496571048001193776E+04   -0.387643471642390035E-03    0.437863916629175454E+00
    0.341921898286239251E-03   -0.229076135576307891E+02    0.102597296080325551E+01    0.808603966403324881E+00    0.485097164555496147E+04   -0.472806919156196182E-03    0.465663560049340675E+00
    0.341541692361398087E-03   -0.229092946359068783E+02    0.102398736342328678E+01    0.972980072469959656E+00    0.474019265379806529E+04   -0.265309371783266205E-03    0.730980522983614045E+00
    0.341076145195661211E-03   -0.229104728749332054E+02    0.933317090334168209E+00    0.860332581270795593E+00    0.448422997477111676E+04   -0.842662569271294563E-04    0.489749832047914224E+00
    0.340674311723640564E-03   -0.229120214674385920E+02    0.125559314787946108E+01    0.891381266805489458E+00    0.460783030056689677E+04   -0.186637133598631956E-04    0.688103812539614723E+00
    0.341223758380396658E-03   -0.229191507608801786E+02    0.917127296953907267E+00    0.796163758166762214E+00    0.494855814916687359E+04    0.540660253228853702E-04    0.439591592773276807E+00
    0.340708042264719615E-03   -0.229200319798521335E+02    0.111836570228344789E+01    0.983301882180202647E+00    0.499556162258036784E+04    0.313024003229384876E-03    0.656854855492722489E+00
    0.340638864936646164E-03   -0.229235321088140509E+02    0.971769545119390954E+00    0.944111364575622281E+00    0.478257250814964391E+04   -0.752065196072045918E-04    0.411585974345664019E+00
    0.340171741470113938E-03   -0.229246938449334152E+02    0.972629454074573352E+00    0.856218150897932406E+00    0.482918402064092697E+04   -0.240603617144287375E-03    0.589773052619816718E+00
    0.339627154178682577E-03   -0.229253956919170534E+02    0.102668407449253385E+01    0.914426607511209300E+00    0.477993370646845324E+04    0.514617471626370969E-03    0.543048252193181202E+00
    0.339180432831068040E-03   -0.229266695528827924E+02    0.970751977572489100E+00    0.856512162856674975E+00    0.496674043495827846E+04    0.818199774819397611E-04    0.290683338702008798E+00
    0.338708999683059379E-03   -0.229277940322789320E+02    0.106917996108623026E+01    0.921071628815016141E+00    0.462207008507487899E+04   -0.344944587375831157E-04    0.483990866579577683E+00
    0.338166539162996517E-03   -0.229284946079410972E+02    0.943717944330925707E+00    0.950193642351859658E+00    0.435469802284215621E+04    0.412746475621328206E-03    0.573504096311780565E+00
    0.337911855605601164E-03   -0.229308940293163985E+02    0.109337422847747812E+01    0.926174566149711609E+00    0.452799978303909302E+04    0.133721564670783929E-03    0.245176017284393311E+00
    0.337760484047390974E-03   -0.229339041552523497E+02    0.119241621447602464E+01    0.938211606253896213E+00    0.486481711019612885E+04   -0.273554168186893947E-04    0.586740436425904122E+00
    0.337202318297195446E-03   -0.229345025733215166E+02    0.109222232522649154E+01    0.976038533763265770E+00    0.455255476985206406E+04   -0.753133702057522727E-04    0.670455571532802219E+00
    0.336922714077730401E-03   -0.229367497587737503E+02    0.120392566122082756E+01    0.901555040288364751E+00    0.497043186524014436E+04    0.172707763166759305E-04    0.974332078244628863E+00
    0.336906878287546738E-03   -0.229405620040558382E+02    0.112360531050683377E+01    0.973180779060209611E+00    0.498462034784335901E+04    0.918295038875612787E-04    0.280486854771515526E+00
    0.336287082504291973E-03   -0.229407855355854977E+02    0.112576001288032579E+01    0.835507282360397951E+00    0.446842304298609815E+04   -0.690590920727663965E-03    0.446937896884324837E+00
    0.335692107541132585E-03   -0.229411501573479057E+02    0.117125672253666879E+01    0.885549719088313037E+00    0.498109827640139429E+04    0.133319800254765790E-03    0.751607649804110323E+00
    0.335390853049370751E-03   -0.229432607753340783E+02    0.107677856906434122E+01    0.967229691622415788E+00    0.486891626647387238E+04    0.236774350868914496E-03    0.396239831841940005E+00
    0.334933098312174468E-03   -0.229444354815339935E+02    0.111667442294230579E+01    0.963553607042221483E+00    0.498633813247498074E+04   -0.136513481009547106E-03    0.771889535476559141E+00
    0.334486957066723991E-03   -0.229456758937962420E+02    0.110108433885625567E+01    0.934873357203441779E+00    0.480496975745874806E+04    0.539821036102235697E-04    0.765453908401874217E+00
    0.333881282838361087E-03   -0.229459573492114828E+02    0.112881494963115592E+01    0.996639970196641412E+00    0.499171688323706712E+04    0.427457786755388550E-03    0.595431712486962694E+00
    0.333650711171559907E-03   -0.229484819625076710E+02    0.120988245010375972E+01    0.874327063560485840E+00    0.473991640448570251E+04   -0.610570646662795527E-03    0.718766033649444580E+00
    0.333165545638853557E-03   -0.229494778718351640E+02    0.108934889809047908E+01    0.913862743917464582E+00    0.467155510119557857E+04   -0.217773267464100120E-03    0.573205258115423444E+00
    0.332537693979556646E-03   -0.229496115588786154E+02    0.111247650402592368E+01    0.964929039721821646E+00    0.479077960217299005E+04    0.368394497106710583E-03    0.591011310547948088E+00
    0.332060146625536002E-03   -0.229506436049193034E+02    0.150519565587966309E+01    0.697314584479982735E+00    0.482971510417187619E+04    0.521193144785502471E-03    0.748928313349820796E+00
    0.332944270865606531E-03   -0.229598678632677178E+02    0.108824294724696879E+01    0.836096540166616831E+00    0.498526721934372654E+04   -0.145740050499944745E-03    0.381654238759389974E+00
    0.333486773030031722E-03   -0.229670302778130093E+02    0.117098280068745253E+01    0.956234961572365982E+00    0.467608961604393062E+04   -0.117984923794481030E-03    0.543943991061946575E+00
    0.334191684099066091E-03   -0.229751595865229206E+02    0.118406182968894114E+01    0.913356437262469845E+00    0.487774130822647930E+04    0.150340207153788481E-03    0.782977293316875933E+00
    0.333717994386911548E-03   -0.229762289871295131E+02    0.101683180450685606E+01    0.961631726257138997E+00    0.469820988420194590E+04   -0.425283762512512049E-03    0.676648457886785293E+00
    0.333143384687903214E-03   -0.229766885847411793E+02    0.107724999218575301E+01    0.900194638310417461E+00    0.493359598253641616E+04   -0.249659368107604351E-03    0.354628272933983080E+00
    0.332632638326594947E-03   -0.229775262564575158E+02    0.102854079010553745E+01    0.949110490697984033E+00    0.474378012291520736E+04    0.442958968725538774E-03    0.707089493591070650E+00
    0.332326110968480962E-03   -0.229795886183657849E+02    0.988441575771096592E+00    0.874385197197301789E+00    0.493470280473908133E+04    0.292502757989522208E-03    0.427505947933007335E+00
    0.331891014387214033E-03   -0.229808746610456254E+02    0.117625368486020743E+01    0.927985647156415072E+00    0.493317119404346340E+04    0.168351168904199886E-03    0.518244512965524651E+00
    0.331622522872735944E-03   -0.229831623063658235E+02    0.103092024504165791E+01    0.854227154902123975E+00    0.438425475681506487E+04   -0.664218364408333752E-03    0.367545567195963541E+00
    0.331735667427017185E-03   -0.229877508095258065E+02    0.111683795264215302E+01    0.901038213062287152E+00    0.435866296627705924E+04   -0.228729019561260352E-03    0.961436924349516109E+00
    0.331829256292982019E-03   -0.229922212175349898E+02    0.146661062792053576E+01    0.732464856538267872E+00    0.492510757183094211E+04    0.444679149367094013E-03    0.963751309417001600E+00
    0.331280129279976196E-03   -0.229928150297956009E+02    0.118577328444780816E+01    0.926166748993219491E+00    0.473241896962040937E+04    0.216707994606576146E-03    0.585033795420443981E+00
    0.332221897155059989E-03   -0.230023988420035366E+02    0.124813839035022967E+01    0.979345998833960785E+00    0.486429389525078386E+04   -0.238850442845942647E-03    0.759988012605002483E+00
    0.332093811947359763E-03   -0.230055338610509637E+02    0.105416267625165028E+01    0.968202933193977877E+00    0.497172805625541605E+04    0.203998890519879294E-03    0.589842420214804042E+00
    0.331632284636641567E-03   -0.230066586782431699E+02    0.109156546004168198E+01    0.941145860787490740E+00    0.437970903414273653E+04   -0.262163900583891306E-03    0.731384542248473712E+00
    0.331542055932392986E-03   -0.230100207051072942E+02    0.117826914799470339E+01    0.962682883138878620E+00    0.491387811586581756E+04    0.204250450439318661E-03    0.712294809635002912E+00
    0.331311362023674425E-03   -0.230125348288133509E+02    0.102519280454849659E+01    0.950199708619154260E+00    0.437108395582401499E+04    0.621355935370987455E-03    0.315495726988705039E+00
    0.330719781374421969E-03   -0.230128667405810177E+02    0.111374389533399398E+01    0.945633006997556369E+00    0.463320199713726652E+04    0.297985933558270145E-03    0.278941718658889393E+00
    0.330078199560761070E-03   -0.230128893103412508E+02    0.104859304731747405E+01    0.901580217426773856E+00    0.455727717934741577E+04    0.380279675734838713E-03    0.479466398069768540E+00
    0.330071221731314060E-03   -0.230167532800379142E+02    0.112892559054704567E+01    0.961443812328848790E+00    0.487450424943689268E+04   -0.476063661312362549E-03    0.917933808195118828E+00
    0.329954608750276349E-03   -0.230199528123498460E+02    0.102422801278837605E+01    0.885846360786224807E+00    0.498493371277255665E+04   -0.460894770068302794E-03    0.218205257492357474E+00
    0.330715461163449259E-03   -0.230284656142987672E+02    0.982468465254523582E+00    0.889821316219274072E+00    0.494903270629158760E+04   -0.148039922286827893E-03    0.676886989824803664E+00
    0.330425856817816535E-03   -0.230306197162706141E+02    0.118770750483146958E+01    0.941979163401193031E+00    0.491440853397423143E+04   -0.557575586065141445E-03    0.522502760478198991E+00
    0.330567290939859371E-03   -0.230353818548659959E+02    0.108548743213679755E+01    0.915220998993832913E+00    0.467798620567259240E+04   -0.596678390067590162E-04    0.309008992065831767E+00
    0.330232057645839456E-03   -0.230372588454637395E+02    0.114451586736041366E+01    0.907606976367905438E+00    0.436297969451887548E+04   -0.174770141112335937E-03    0.534892533663865910E+00
    0.329756957938627190E-03   -0.230382856548788162E+02    0.996228403669324303E+00    0.873510170460168434E+00    0.476710571456438902E+04   -0.353661974661450716E-05    0.335010034939406953E+00
    0.329171179811010817E-03   -0.230386359584963643E+02    0.998139995947181280E+00    0.995672278587454662E+00    0.456136157482535691E+04   -0.240451479962703241E-03    0.423085231528030348E+00
    0.328581077665755707E-03   -0.230389536093125855E+02    0.118877722482257697E+01    0.992990943295056772E+00    0.487728430000666776E+04    0.228518379016330185E-03    0.738470084205972599E+00
    0.328065239750055689E-03   -0.230397176013991043E+02    0.110236686674091078E+01    0.957407907963202187E+00    0.476048420778062609E+04    0.354870772738333359E-03    0.790378219360841072E+00
    0.327705624870534297E-03   -0.230414303113382815E+02    0.104672512503874460E+01    0.882003456949030373E+00    0.460535657426393573E+04   -0.375036442221912550E-03    0.668839918543063461E+00
    0.327109677172529871E-03   -0.230416961585518436E+02    0.117713226870064980E+01    0.869835245919685196E+00    0.489802566426327940E+04   -0.409099877609881801E-03    0.924305031761863960E+00
    0.326811096747695235E-03   -0.230437760072047908E+02    0.125002072310094303E+01    0.960937808917575409E+00    0.459212474177388503E+04   -0.256436895313998987E-04    0.937968074181626532E+00
    0.326211825934833246E-03   -0.230440115071574780E+02    0.154806199915215803E+01    0.666837460940190918E+00    0.477940164087352969E+04   -0.665084276546071826E-04    0.802668684380637321E+00
    0.325870611729731779E-03   -0.230458246829292328E+02    0.109581780880349688E+01    0.936680180168332988E+00    0.479216597958301827E+04   -0.233118667990216458E-03    0.779876772199651125E+00
    0.325330890114839397E-03   -0.230464156964812474E+02    0.113867610844037337E+01    0.831045218912035422E+00    0.481710109892098353E+04    0.368927805389236327E-03    0.574146755553117116E+00
    0.324801871268436679E-03   -0.230470671099642672E+02    0.955623546656454215E+00    0.935902071196745844E+00    0.495360455773966532E+04    0.984586988571689971E-03    0.388034817021785772E+00
    0.325035981893752497E-03   -0.230524144002748983E+02    0.109213646168884604E+01    0.980655554177112476E+00    0.479383540264744443E+04   -0.555752649091782562E-03    0.336863071265841862E+00
    0.325045346379822546E-03   -0.230563782706719422E+02    0.119922946987602841E+01    0.949811894169387827E+00    0.495746594227667083E+04   -0.556735822893595755E-03    0.285909111380072356E+00
    0.324796368802952667E-03   -0.230587519776957564E+02    0.105842920797727569E+01    0.942978118198964599E+00    0.413674990525412431E+04   -0.118355371961107708E-03    0.350520296516650953E+00
    0.324294193829225059E-03   -0.230595635897341502E+02    0.106889635383362580E+01    0.905043240653122472E+00    0.474827978813655955E+04   -0.434506634487365185E-03    0.665585098229111161E+00
    0.323699934934767780E-03   -0.230598015406883974E+02    0.101782813501422686E+01    0.973622070215134583E+00    0.467662122942177120E+04   -0.221729688166141846E-03    0.340606406030234621E+00
    0.323631702856468453E-03   -0.230632861701491052E+02    0.112778344818018161E+01    0.991548837517534420E+00    0.473269472941004005E+04    0.130813776210098661E-03    0.658379040076267130E+00
    0.323113262896959012E-03   -0.230639859625931365E+02    0.113044526481167718E+01    0.925454000606434679E+00    0.460529906768702222E+04    0.487158868826000782E-04    0.694996144657032633E+00
    0.322518842705704742E-03   -0.230642094938803943E+02    0.109548359257501793E+01    0.977892412701117264E+00    0.483052547267071805E+04   -0.363942605417148129E-03    0.984791093563091913E+00
    0.321905494153369688E-03   -0.230643086329290696E+02    0.109692310702531404E+01    0.922038506625036058E+00    0.408313170033942743E+04    0.324423192631841800E-03    0.541346405915029805E+00
    0.321522578142890362E-03   -0.230658344082673636E+02    0.113302148604150843E+01    0.955734422371265824E+00    0.493165263525846331E+04   -0.148210333080605410E-05    0.797755574186608696E+00
    0.321057087553489170E-03   -0.230668430211606861E+02    0.105390106579686815E+01    0.883094560417842844E+00    0.488260172310582129E+04   -0.226320974586311299E-03    0.424854165432502096E+00
    0.320660813882508978E-03   -0.230682791906442723E+02    0.995130246616960812E+00    0.894194382583160419E+00    0.457240498432832374E+04    0.279083792803427058E-04    0.607530209166414870E+00
    0.320143435930963529E-03   -0.230689558861329189E+02    0.974892461200596805E+00    0.925539789109780742E+00    0.472786140004634763E+04    0.105965753503787366E-03    0.364218503010328098E+00
    0.319980636321823232E-03   -0.230718448357705910E+02    0.101959421640834758E+01    0.978174672458302030E+00    0.474820389778505887E+04   -0.335586125785358172E-03    0.468603743996139910E+00
    0.319615411373107814E-03   -0.230734669879264800E+02    0.108771667191778620E+01    0.978172411563103084E+00    0.494845567395510534E+04    0.375953215224807049E-03    0.301769440836035463E+00
    0.319105823350977758E-03   -0.230741819356647255E+02    0.101554881323027502E+01    0.892697678730493438E+00    0.494625924715948531E+04   -0.484175735836942693E-03    0.698445737466245720E+00
    0.319282515544910090E-03   -0.230791952998626222E+02    0.113457597721329173E+01    0.973837874201936127E+00    0.487711040932525520E+04   -0.664469111412805817E-04    0.405038661820650514E+00
    0.319132621551278077E-03   -0.230821623866901007E+02    0.111562247215678645E+01    0.917546230261455764E+00    0.473003731645693915E+04    0.188175098835979067E-03    0.437441818723176223E+00
    0.319064008686410728E-03   -0.230856385945251716E+02    0.109384507524325536E+01    0.927911709002388951E+00    0.457263815323355448E+04    0.545729335046114664E-03    0.694743240055548328E+00
    0.318871866502085772E-03   -0.230883400702047368E+02    0.998099334710628394E+00    0.858729387141823231E+00    0.494124403939975764E+04    0.133560608891900847E-02    0.431514528514161833E+00
    0.318432077165512536E-03   -0.230894860083582074E+02    0.100266438553292225E+01    0.974612997005414261E+00    0.481918309976178352E+04    0.122075805007911350E-03    0.540647896522584936E+00
    0.317862639337003938E-03   -0.230898125462168657E+02    0.109568973639188227E+01    0.981049610510987935E+00    0.457286436094245073E+04   -0.681306546792330800E-04    0.709039270178809522E+00
    0.317484079544141657E-03   -0.230913354686484098E+02    0.104550667255446839E+01    0.986459713940408101E+00    0.498544352769493798E+04    0.691551302717019564E-06    0.517890527989435245E+00
    0.318212835572729343E-03   -0.230998272771465558E+02    0.101197050349554885E+01    0.991207629962981507E+00    0.453607472727120603E+04   -0.775011408159635197E-04    0.453532165368279228E+00
    0.317761705397449174E-03   -0.231008961163894995E+02    0.119767448097518470E+01    0.926926836013524880E+00    0.437903671963400757E+04   -0.973142871524113024E-04    0.685252622752694718E+00
    0.317497922682178626E-03   -0.231031414219896050E+02    0.115972815432740517E+01    0.899842100470249817E+00    0.496975184496499605E+04    0.595542958431838029E-03    0.599919298722893291E+00
    0.316892855936715969E-03   -0.231032325665414895E+02    0.100340875917416050E+01    0.947231529485544788E+00    0.450057227241651526E+04   -0.219719063507696228E-03    0.549513376979386292E+00
    0.316927307121376775E-03   -0.231073562358455931E+02    0.112233555764277315E+01    0.935706564416766029E+00    0.494497927129204618E+04   -0.119020395073700990E-03    0.569022616608111376E+00
    0.316607226896747104E-03   -0.231092415683758716E+02    0.100367176586598528E+01    0.953623018755664908E+00    0.468589852262759996E+04    0.262796646385151115E-03    0.437636934844533365E+00
    0.316164662159954543E-03   -0.231103501921436774E+02    0.121530800172077602E+01    0.873987870641875553E+00    0.459007182811878283E+04   -0.607973857111696492E-04    0.559688259429671819E+00
    0.315552630019778565E-03   -0.231103810862574406E+02    0.100138518801507015E+01    0.889217541333848449E+00    0.445965933370379571E+04    0.474365593226123527E-03    0.541216636361078307E+00
    0.314959411388855996E-03   -0.231105239264126823E+02    0.115062303979658020E+01    0.900613268370769271E+00    0.479065950964394233E+04   -0.322574172521086723E-03    0.794718571580510402E+00
    0.314471931387072425E-03   -0.231113322684051212E+02    0.107344855615625301E+01    0.873638173418281538E+00    0.486572495719116978E+04    0.442910611299095127E-05    0.513279443397443025E+00
    0.313915695288365408E-03   -0.231116977978666007E+02    0.117484861154165032E+01    0.836467117840990038E+00    0.484957246224000573E+04   -0.410164144622618052E-03    0.538017076801368899E+00
    0.313735029792419607E-03   -0.231144526718307155E+02    0.112806505336113982E+01    0.851836469915935646E+00    0.492715594652520758E+04    0.470942430256981510E-04    0.562860196542701474E+00
    0.313237851780095360E-03   -0.231151869944243202E+02    0.115647010033254438E+01    0.914944224646213278E+00    0.482917394736991628E+04   -0.925313705028795824E-04    0.584639378389434250E+00
    0.313234739300147105E-03   -0.231190733713764871E+02    0.106125209952161637E+01    0.904874430227646576E+00    0.486721709171249768E+04    0.108974817809817862E-03    0.541938996717053256E+00
    0.313121288766913728E-03   -0.231222551098884708E+02    0.127195007134427041E+01    0.922608534653334145E+00    0.452783941590501672E+04   -0.142552574505373639E-03    0.919684757478051562E+00
    0.312647620165105078E-03   -0.231231336051661813E+02    0.118562747536786528E+01    0.943305982258745179E+00    0.496096687225978530E+04    0.602359927009505410E-03    0.617464994086478480E+00
    0.312085969104305950E-03   -0.231234437545449509E+02    0.121133411325133467E+01    0.982564802052437347E+00    0.488778300157506146E+04    0.759355935329654192E-03    0.939361006112546582E+00
    0.311512662158240682E-03   -0.231236725936024143E+02    0.107873428462259913E+01    0.944635619375252866E+00    0.430369199611700878E+04   -0.229393817618028719E-03    0.433229169783888424E+00
    0.311145596952170668E-03   -0.231252207908938985E+02    0.115660886888585557E+01    0.905673119279572725E+00    0.496220325152167970E+04   -0.478287680148926529E-03    0.441709621699367339E+00
    0.310785032669045095E-03   -0.231268080406301877E+02    0.118796494406627606E+01    0.957182348351141021E+00    0.445909857841082066E+04    0.533135295521663141E-03    0.821960615306066789E+00
    0.310676101699165384E-03   -0.231300131624986776E+02    0.114147849445970939E+01    0.892888438076564706E+00    0.480188209311246828E+04    0.558841099177535025E-03    0.834773625161207455E+00
    0.310571373931475239E-03   -0.231332451062179274E+02    0.113337089017388237E+01    0.978797957006240060E+00    0.486156993788108139E+04   -0.494375522589201211E-03    0.703898355752567539E+00
    0.310181547256926059E-03   -0.231346393955811749E+02    0.113434458979767139E+01    0.962612039452679813E+00    0.457363535778600090E+04   -0.390430966530203082E-03    0.860734006838002164E+00
    0.309882312953939061E-03   -0.231366153003672856E+02    0.104916842076073391E+01    0.860347305878373936E+00    0.480269232363487663E+04    0.147874666142223374E-03    0.537399030900987840E+00
    0.310542925552135336E-03   -0.231447806475596316E+02    0.973723815088262667E+00    0.945695757020247330E+00    0.480929501186343987E+04    0.565304135315377373E-04    0.366701990057296145E+00
    0.310736690101816066E-03   -0.231499344167189882E+02    0.121201507035002920E+01    0.913379821789478186E+00    0.488958834956292867E+04   -0.128054966292238720E-03    0.648765201713853545E+00
    0.310846971390852397E-03   -0.231545503461846778E+02    0.118605513558450326E+01    0.967248412712645500E+00    0.490510152900566936E+04   -0.114209070931640304E-02    0.361875563932703759E+00
    0.311029075299769397E-03   -0.231596279158718588E+02    0.103004266010485157E+01    0.913759582426336148E+00    0.453677645565226248E+04   -0.423950309565044597E-04    0.220094330676046029E+00
    0.310679279090418160E-03   -0.231612836170813488E+02    0.105832793784665169E+01    0.863057162347949158E+00    0.493087328919772881E+04   -0.630270069971643329E-03    0.310541490232088213E+00
    0.310192531977398535E-03   -0.231620539720121030E+02    0.103454859009233013E+01    0.838252174686382245E+00    0.479434113802086904E+04   -0.217781789863847187E-03    0.386362823124209220E+00
    0.310503676438369299E-03   -0.231679653542027744E+02    0.118937947986755099E+01    0.958923277367833116E+00    0.489247717388722594E+04   -0.893065482290692045E-03    0.578127025940673112E+00
    0.309921981101712190E-03   -0.231681213047106098E+02    0.110926207473519378E+01    0.971764215969162626E+00    0.482648316219249682E+04   -0.483970522555794821E-03    0.386629693686305176E+00
    0.309369902397400767E-03   -0.231684616830092480E+02    0.112264133473692063E+01    0.859386933043699841E+00    0.498408361603650792E+04    0.657767157290741947E-04    0.533913453953161699E+00
    0.308826567096816176E-03   -0.231688523164225906E+02    0.106003605952108604E+01    0.869309866076347526E+00    0.459307526640987635E+04   -0.145080355621556440E-03    0.447195759728639342E+00
    0.308282482897816136E-03   -0.231692319006575786E+02    0.110268550844101210E+01    0.878581462910271394E+00    0.458175000183451903E+04   -0.484384659693222930E-03    0.707218279978432784E+00
    0.307740563774077747E-03   -0.231696193260521568E+02    0.999302735807117370E+00    0.950597477852078154E+00    0.487258784233394272E+04    0.384691200496723113E-04    0.604185844689832940E+00
    0.307427727984748746E-03   -0.231714914281905635E+02    0.117017579675519023E+01    0.948398912091500512E+00    0.467640095377843863E+04    0.173852737842579598E-03    0.632783446343556655E+00
    0.307605404484538494E-03   -0.231765532354791759E+02    0.129695473728286492E+01    0.961719094613115111E+00    0.453643638929217650E+04   -0.906033116672902693E-04    0.803335020101527908E+00
    0.307188696813522912E-03   -0.231777482835730311E+02    0.106333419995569201E+01    0.994048589725408882E+00    0.492037035644010939E+04    0.283583708561365247E-03    0.419939453559545095E+00
    0.306937411336565577E-03   -0.231800178307027167E+02    0.986341051816434389E+00    0.898883727921618525E+00    0.425906390254220696E+04    0.278531324912273891E-03    0.653900805677707253E+00
    0.306344184141149709E-03   -0.231800548800953337E+02    0.112518595517787201E+01    0.886798023363736476E+00    0.475293630104756539E+04   -0.267799478356744720E-03    0.765342395521384500E+00
    0.305855305702435593E-03   -0.231807668867106429E+02    0.103240413811814946E+01    0.861056367612758500E+00    0.457281182463818004E+04   -0.132042370559005295E-03    0.531571757263279876E+00
    0.305293171334382926E-03   -0.231809939356803909E+02    0.111409909749978597E+01    0.904738725951976464E+00    0.498390878420962963E+04   -0.642059855135709585E-03    0.505029802171967024E+00
    0.304816199050525754E-03   -0.231817730586164075E+02    0.120019358179109781E+01    0.976876935685886849E+00    0.491196194997164457E+04    0.317496820601304746E-03    0.531359620987536085E+00
    0.304319666606492985E-03   -0.231824187384743503E+02    0.103916473308510704E+01    0.950528133062365832E+00    0.496703882467924268E+04   -0.110217831551833202E-03    0.577876522296247974E+00
    0.303849012860888052E-03   -0.231832294404433696E+02    0.108944942316338200E+01    0.905561904275277052E+00    0.485023090600265368E+04    0.695209355899800642E-03    0.342532043303892197E+00
    0.303298850617100433E-03   -0.231835111210265197E+02    0.985701203836122364E+00    0.967806147008622775E+00    0.477172483455572001E+04   -0.291056976543217533E-03    0.625226166960828444E+00
    0.302835700953337146E-03   -0.231843609555643297E+02    0.104861096063097192E+01    0.913648456766806616E+00    0.499882448292555273E+04   -0.507166983811790473E-03    0.672458040815563041E+00
    0.303098662974061680E-03   -0.231900031165994847E+02    0.148447647277217265E+01    0.644709260877323609E+00    0.460962233825701605E+04   -0.696233891609344962E-04    0.549920278101131643E+00
    0.302589428908095536E-03   -0.231905463539017944E+02    0.103155623248346151E+01    0.948452750553123947E+00    0.434896762917622345E+04    0.455710229959610869E-05    0.581159376742970357E+00
    0.302165821240852304E-03   -0.231916507581209146E+02    0.119230348491895199E+01    0.926835890484949410E+00    0.491349675374897379E+04    0.456001838436724874E-03    0.995426218912578320E+00
    0.302013420226609109E-03   -0.231945480292814494E+02    0.969934431015705090E+00    0.899097529037634180E+00    0.476133824886847196E+04   -0.487770284403222165E-03    0.548174291425790328E+00
    0.301786174436824970E-03   -0.231969488407053817E+02    0.960864745877224369E+00    0.875830908257662633E+00    0.496263868520747474E+04    0.744991268109363673E-03    0.571997448443527512E+00
    0.301321748586893981E-03   -0.231977748728935715E+02    0.160156881019012642E+01    0.631129645445868692E+00    0.480411042952688149E+04    0.324142254868888772E-03    0.533049482337098812E+00
    0.302220932094262034E-03   -0.232076404971113881E+02    0.113637082852606497E+01    0.954868726518568023E+00    0.469382583158473699E+04   -0.818379522381897659E-03    0.676721620516081979E+00
    0.301690641658204997E-03   -0.232080343748013078E+02    0.107255695164296205E+01    0.932723833932312840E+00    0.495451178998447540E+04    0.289368646507373974E-03    0.712837286409729098E+00
    0.301387331227856361E-03   -0.232099288752792816E+02    0.115471524858611696E+01    0.968667352349565802E+00    0.459203513248189938E+04    0.119170096994570672E-03    0.532411966567349237E+00
    0.300940420913318877E-03   -0.232108672368168243E+02    0.115192949129709477E+01    0.976451976928866427E+00    0.467435838691462595E+04   -0.817462104213034606E-03    0.260979988382890438E+00
    0.300645193919560686E-03   -0.232128104942838789E+02    0.107982223309594105E+01    0.922417890529111939E+00    0.473644021331670410E+04    0.241566884045871038E-03    0.494955760317376314E+00
    0.300171468666927325E-03   -0.232135628680330584E+02    0.127826619545475340E+01    0.965886781666831395E+00    0.465923229997716317E+04    0.432776611592459082E-04    0.733861548868391278E+00
    0.300349232528453625E-03   -0.232186531829045464E+02    0.113104635305884993E+01    0.958853847006310489E+00    0.425974802642053237E+04    0.260485840223189687E-04    0.435910337725625541E+00
    0.299842561589451137E-03   -0.232191827052363635E+02    0.957993242439206583E+00    0.872308804021877937E+00    0.489937964684831331E+04    0.522142489538914034E-03    0.310723303245923788E+00
    0.299451514638985131E-03   -0.232204789043683419E+02    0.102548936118584977E+01    0.888703060400115707E+00    0.498664934437531792E+04   -0.191837084576811334E-03    0.528224328162388290E+00
    0.299097926469148591E-03   -0.232220221869228318E+02    0.113774002486701953E+01    0.965386764836087652E+00    0.459377042708823683E+04    0.581969877339990057E-04    0.539395030451811919E+00
    0.298544869809227499E-03   -0.232222268491433823E+02    0.971729555564537328E+00    0.920700865670641910E+00    0.488710751758815059E+04   -0.298546676238262718E-03    0.692156103551751167E+00
    0.298385179337425956E-03   -0.232250630208261981E+02    0.118425090032052771E+01    0.948376441505598966E+00    0.420168631523002114E+04    0.796806330346047393E-04    0.687235279745383232E+00
    0.298274402028876184E-03   -0.232282266208241808E+02    0.100061994744566096E+01    0.975315908470721138E+00    0.462396574181306096E+04   -0.400943472380428136E-03    0.464425780611500527E+00
    0.297898002065669033E-03   -0.232296074267705457E+02    0.110336973480801315E+01    0.903900396196738010E+00    0.425988937608549077E+04   -0.688570302440756442E-04    0.539935801327671716E+00
    0.297354345576787997E-03   -0.232298603916239017E+02    0.114894613117544298E+01    0.981292290372648535E+00    0.419538251225019758E+04   -0.437085396100679742E-03    0.472260214918819532E+00
    0.296858136319604689E-03   -0.232304263592323181E+02    0.121543305282963710E+01    0.968185037806643112E+00    0.473008746886806784E+04   -0.158057549421904749E-03    0.943943083531624261E+00
    0.296400923034808358E-03   -0.232312498859726801E+02    0.117118297234386981E+01    0.936116626437838439E+00    0.469939795779085398E+04   -0.897270587185988559E-03    0.737618836400206757E+00
    0.296108893668298005E-03   -0.232331846622051899E+02    0.118841958635327494E+01    0.876651851886482314E+00    0.477704444874059391E+04    0.424388936097010768E-03    0.726422572552380297E+00
    0.295846646667425445E-03   -0.232353188398101054E+02    0.110506752603937097E+01    0.897577000541979753E+00    0.435239178533049289E+04    0.261094873581963188E-03    0.464195226632284186E+00
    0.295641542180782608E-03   -0.232378380494686425E+02    0.104010592140957314E+01    0.881175902985469106E+00    0.474828368813138241E+04   -0.879566834443680197E-03    0.612079964534151921E+00
    0.295191325443491532E-03   -0.232386962847145995E+02    0.111632032774278067E+01    0.924901058624402861E+00    0.414005744024165506E+04    0.593332378150755166E-04    0.659707481220252689E+00
    0.294699399860076140E-03   -0.232392668274294536E+02    0.102963991832445378E+01    0.921376966680794163E+00    0.455668285375345749E+04    0.761660685420828190E-04    0.451869113483403306E+00
    0.294314712498588451E-03   -0.232405606618141576E+02    0.112257346800380553E+01    0.998030030797592449E+00    0.488230469805003759E+04    0.120085588348006002E-03    0.822593168728029789E+00
    0.293748314923978910E-03   -0.232406142788592973E+02    0.112346383013151185E+01    0.919362141874646488E+00    0.474015204151342550E+04   -0.693608630828787526E-04    0.774254778167144275E+00
    0.293257502286719271E-03   -0.232411760117369965E+02    0.100609509695421218E+01    0.888519446811705138E+00    0.446010472790739095E+04    0.900123106536228666E-04    0.495973152212546564E+00
    0.292897301982679231E-03   -0.232426242056278411E+02    0.100009185377014265E+01    0.898941228304950712E+00    0.450959479191727951E+04    0.211990407955914474E-03    0.291034157013839112E+00
    0.292697174123792716E-03   -0.232451634491081620E+02    0.106198216499018594E+01    0.960317416464274376E+00    0.407076588167017326E+04   -0.552691086632528636E-03    0.474114264183827516E+00
    0.292287234773148203E-03   -0.232462666198362022E+02    0.105401254550678347E+01    0.971617311517396720E+00    0.484643998688458669E+04   -0.155187503488932773E-03    0.530538715850404796E+00
    0.292511523435109403E-03   -0.232517069953439091E+02    0.118565474410455618E+01    0.957294383508058067E+00    0.477624246504837174E+04   -0.873945698480796634E-03    0.799619362831733849E+00
    0.291951325736516086E-03   -0.232517793122141789E+02    0.112978365018782423E+01    0.966221147576380890E+00    0.497502376053520584E+04    0.367564335684050618E-03    0.392805217302782617E+00
    0.291530273972669715E-03   -0.232527990832771287E+02    0.104262142683148773E+01    0.892241123739408115E+00    0.486412470893446152E+04   -0.958651299061917409E-03    0.304361643352213718E+00
    0.291111760336069752E-03   -0.232538321199904772E+02    0.112484402011527695E+01    0.948442457852614496E+00    0.473623987044313344E+04    0.265627966015906044E-03    0.596108088540337255E+00
    0.290600848384579401E-03   -0.232542252119450765E+02    0.106270190151202670E+01    0.893084246416912308E+00    0.468717036227002154E+04    0.211662260307571526E-03    0.620752165105864617E+00
    0.290277265060966908E-03   -0.232559032261097229E+02    0.126828920563582104E+01    0.992829976542838777E+00    0.480662865097428858E+04    0.233753195361257671E-03    0.822887067017697205E+00
    0.290035870982424215E-03   -0.232581455875814669E+02    0.990197931114363383E+00    0.881999643137456379E+00    0.497958180402702510E+04    0.323652328667707698E-03    0.464007057373262644E+00
    0.289929020101414154E-03   -0.232613148903362017E+02    0.107561452832358029E+01    0.939659703226624177E+00    0.425363660780374630E+04   -0.124198435543822986E-02    0.687229400735474227E+00
    0.289970794073794204E-03   -0.232655092864705857E+02    0.100486904249301512E+01    0.881761576954213755E+00    0.416295774611146499E+04   -0.604600925147700152E-03    0.418894118086875211E+00
    0.289517587657683352E-03   -0.232662872148489086E+02    0.105881333120784982E+01    0.887638080155571219E+00    0.493746106739065726E+04    0.811237805819707672E-04    0.383699358817170766E+00
    0.289022256436698697E-03   -0.232667687649112018E+02    0.104064630029250593E+01    0.857192992073643967E+00    0.435227317181769286E+04    0.253203877322094985E-03    0.540923419803774563E+00
    0.288647118638047902E-03   -0.232680774193482982E+02    0.123635492068759945E+01    0.941378855346739152E+00    0.451100400286437707E+04   -0.998994392617303019E-04    0.928729655444584412E+00
    0.288599807473806521E-03   -0.232716558293047235E+02    0.104603990429071514E+01    0.873337674025111754E+00    0.422527917445826824E+04   -0.759025329057776556E-03    0.455282001488563348E+00
    0.288064199065706016E-03   -0.232718468582675264E+02    0.119239020135053408E+01    0.894501257161417818E+00    0.449136284022121981E+04   -0.179622040310693798E-03    0.809861996641646931E+00
    0.287689686411119014E-03   -0.232731512138341081E+02    0.121708670154323340E+01    0.929904320867642742E+00    0.449025823301379478E+04   -0.578419322074138931E-04    0.832050726443373634E+00
    0.287847660255957747E-03   -0.232781553863214725E+02    0.935402998391545504E+00    0.892047855289784142E+00    0.497418934810085921E+04   -0.645679019180398801E-04    0.484273949880756671E+00
    0.287496810107716410E-03   -0.232796224006301244E+02    0.105209503862751141E+01    0.981813147350491522E+00    0.467691596067802493E+04   -0.145359209589261408E-03    0.548115675520377543E+00
    0.287039883786264821E-03   -0.232803474688352132E+02    0.109863826638638806E+01    0.945715883248595790E+00    0.493911966037487218E+04    0.500185999240268324E-03    0.604972690907279453E+00
    0.287067019139158690E-03   -0.232844427801600347E+02    0.113693324398959050E+01    0.929672522097080956E+00    0.484195442723446740E+04   -0.158045019271096270E-03    0.700490992176590277E+00
    0.286991542847134056E-03   -0.232878231166211194E+02    0.104280178850724070E+01    0.867412395789253887E+00    0.452691206176671585E+04   -0.324136835018790158E-03    0.366559851320835461E+00
    0.286508566840263843E-03   -0.232883607456713513E+02    0.109741529940196303E+01    0.928358862043155764E+00    0.469970788589113636E+04   -0.107127417249601494E-03    0.686192669075837758E+00
    0.286200037042254535E-03   -0.232901121139338763E+02    0.998011827845540989E+00    0.848387815548078406E+00    0.449088798745876829E+04   -0.283599811641718888E-03    0.326754285084322582E+00
    0.286718332447667094E-03   -0.232976369984507770E+02    0.122497052050098398E+01    0.996350049385567926E+00    0.496980444670039924E+04   -0.153154379786384597E-03    0.724141399818835962E+00
    0.286300166421926986E-03   -0.232986242076114678E+02    0.113281137688789824E+01    0.945478250272012821E+00    0.451970399827446545E+04    0.267885844913142530E-03    0.430376944001512163E+00
    0.286734386989892249E-03   -0.233055614835661373E+02    0.999518990158173581E+00    0.958368814724873563E+00    0.496905579079137897E+04    0.124460991508520296E-02    0.302823611368410628E+00
    0.286620331293427170E-03   -0.233086720258178168E+02    0.109519551427787265E+01    0.886868588621849141E+00    0.467701603694831283E+04    0.293011361946601302E-03    0.567181930780482624E+00
    0.286111599962567879E-03   -0.233090252595678535E+02    0.106018499406099265E+01    0.909862059767370113E+00    0.455289877850125322E+04   -0.413640073371229940E-03    0.624196749685000607E+00
    0.285704558446464433E-03   -0.233100841497730826E+02    0.955199566072884809E+00    0.895005590467088052E+00    0.479592809195904101E+04   -0.468978533562568471E-03    0.507895289331101174E+00
    0.285240345036336009E-03   -0.233107381524225374E+02    0.993873139156483121E+00    0.880933664805829131E+00    0.470488020196256639E+04   -0.206519494911903755E-03    0.569431041699754004E+00
    0.284728988708192346E-03   -0.233110557429276710E+02    0.120596669795624356E+01    0.877540162079287533E+00    0.467444781860382045E+04    0.831208191772167456E-04    0.604989254776025165E+00
    0.284198563540375001E-03   -0.233112326933399956E+02    0.120086652019257545E+01    0.908717070377252911E+00    0.483751229563760444E+04   -0.496141892250985951E-03    0.663908794812080316E+00
    0.283731008825450473E-03   -0.233118458954459413E+02    0.971673922945246238E+00    0.962991745915038888E+00    0.442093680109615343E+04   -0.126288379609857987E-03    0.418757183086420071E+00
    0.283548633849113770E-03   -0.233144661836810059E+02    0.106136044548498565E+01    0.918233256567832834E+00    0.488026612116676461E+04   -0.224767129642407959E-03    0.655809098964722281E+00
    0.283179351791237465E-03   -0.233157660184730560E+02    0.102977856518501110E+01    0.857490236018362162E+00    0.450960115175808824E+04   -0.177074468026390991E-03    0.376026999351238955E+00
    0.283062989273875866E-03   -0.233188502704657914E+02    0.124320594284484987E+01    0.986336208661016567E+00    0.480324317476547367E+04    0.244564137787852591E-03    0.485182705346760390E+00
    0.282511061663291544E-03   -0.233188530331337560E+02    0.109867018850870357E+01    0.904277074602974240E+00    0.477151887494668881E+04   -0.443234907026355044E-03    0.662170988272183236E+00
    0.282074851868292537E-03   -0.233196688065820226E+02    0.112020906235199713E+01    0.912676446587886825E+00    0.482222374532756294E+04   -0.236089627583025813E-03    0.389351988295561946E+00
    0.282027737061221479E-03   -0.233232409697821339E+02    0.121899879795483779E+01    0.978434788286847823E+00    0.477667479749128506E+04   -0.595315544211656765E-03    0.843208162252293336E+00
    0.281662417750913900E-03   -0.233245548781679659E+02    0.118224585396109760E+01    0.966868849652104290E+00    0.473931566870462757E+04    0.390967169593532562E-03    0.679108701122804859E+00
    0.281120238645886790E-03   -0.233246075675324320E+02    0.111796903434755213E+01    0.946248876332390298E+00    0.473071200899667656E+04    0.601541686110411682E-03    0.486137850200268451E+00
    0.281427522048050135E-03   -0.233306987586464132E+02    0.993874859622812301E+00    0.818972542450574270E+00    0.486934807387620913E+04    0.144745065111254574E-03    0.575242426126737372E+00
    0.281734546765495357E-03   -0.233367857290099963E+02    0.118649337500457319E+01    0.903517019194768012E+00    0.482418948489834747E+04   -0.835032598543474072E-04    0.824327495298894708E+00
    0.281201740864627913E-03   -0.233369060723510913E+02    0.997293768115739998E+00    0.867125124339221620E+00    0.486888745798473155E+04    0.130846497586609042E-03    0.592241833485855462E+00
    0.280772334980680226E-03   -0.233377559111323407E+02    0.945419768246786085E+00    0.947799749143028225E+00    0.435872720190163272E+04   -0.102886829884655750E-03    0.509100403626555287E+00
    0.280354492665490509E-03   -0.233386835661208281E+02    0.101644536135743602E+01    0.995286845949383214E+00    0.477715631367877268E+04    0.407438985872228836E-03    0.298383472345116807E+00
    0.280211869468208739E-03   -0.233415721082453942E+02    0.962914079705242898E+00    0.921471384915602987E+00    0.476476294670153493E+04   -0.356559839465866665E-03    0.703923181078820681E+00
    0.279763138402727902E-03   -0.233422729926113703E+02    0.117220618407514099E+01    0.952067073958967836E+00    0.482638397155250732E+04   -0.660289581053908649E-03    0.498530650079045512E+00
    0.279446103559121220E-03   -0.233439115055728159E+02    0.947268684335837330E+00    0.908661061141766924E+00    0.487696139610266709E+04    0.175133872604810761E-03    0.446288525318815021E+00
    0.279474940364312664E-03   -0.233480241303767926E+02    0.101895695923466967E+01    0.967872625382695917E+00    0.424921603700285959E+04    0.941988115795025635E-03    0.704229170355219591E+00
    0.279021562953008764E-03   -0.233486832516431058E+02    0.107238471616976150E+01    0.885641924832111238E+00    0.459286716944855016E+04   -0.186096977279854686E-03    0.408858802795858234E+00
    0.278547224104228964E-03   -0.233491865926264737E+02    0.114428863842915751E+01    0.966789426524103823E+00    0.489695947676714877E+04   -0.545784947783613803E-04    0.939755694099127847E+00
    0.278388234046622271E-03   -0.233519509504406457E+02    0.121463205108212957E+01    0.905087000053703350E+00    0.484811976474539733E+04   -0.188129854934738930E-03    0.928914010833333692E+00
    0.278188488077253432E-03   -0.233544216680512875E+02    0.105126950790165852E+01    0.928924390349235241E+00    0.445070984991577825E+04   -0.343403541746098873E-04    0.388094299152313083E+00
    0.279053763345914717E-03   -0.233645390476767645E+02    0.117564927265640073E+01    0.968497032406374858E+00    0.454604550444972301E+04    0.755122135511287929E-05    0.612659495913467356E+00
    0.278834531448893404E-03   -0.233668734281082564E+02    0.106681783600101299E+01    0.938854245505475804E+00    0.487790476187754120E+04    0.269150019037977530E-03    0.373975580619343773E+00
    0.278601180499845062E-03   -0.233691052180212537E+02    0.103846470560782689E+01    0.884937981156313613E+00    0.481185125641887407E+04   -0.356302232177584523E-03    0.326612167308324319E+00
    0.278241814802891372E-03   -0.233704300168770303E+02    0.111013629159105820E+01    0.953253584169174051E+00    0.470931842572134337E+04   -0.123146321321702945E-03    0.772079232462324350E+00
    0.278170603955208166E-03   -0.233738243383457629E+02    0.117269538959728137E+01    0.921166073317300160E+00    0.479071594133598228E+04    0.192733371904089338E-03    0.843871561580625484E+00
    0.277780909531712681E-03   -0.233749267863748287E+02    0.123634065208783150E+01    0.873251015184183910E+00    0.467724578608048614E+04   -0.110383446621720479E-04    0.865612771304108630E+00
    0.277566847372989138E-03   -0.233772912120555247E+02    0.120080326751381983E+01    0.996304388470105939E+00    0.468320129833781266E+04   -0.170423867725294915E-03    0.909777231233805939E+00
    0.277124656147235298E-03   -0.233780087251332631E+02    0.113347037632531533E+01    0.991512683695691899E+00    0.483627823548868673E+04   -0.413501337945789825E-03    0.328526923203516397E+00
    0.277468832749035480E-03   -0.233843973457551328E+02    0.100325584800987433E+01    0.980399671808691475E+00    0.469892094435221497E+04    0.705353892187976202E-03    0.336145161239692292E+00
    0.277224340527978388E-03   -0.233865405148399930E+02    0.114799381810769852E+01    0.936111191357375971E+00    0.462332343738946929E+04   -0.574173806533480606E-03    0.853485709987690688E+00
    0.276819552102877447E-03   -0.233875243357508964E+02    0.107423512004030197E+01    0.936903594932604777E+00    0.489151216517607463E+04    0.193303480740905447E-03    0.169367522979517487E+00
    0.276903776849255715E-03   -0.233920390105191842E+02    0.109086647237820800E+01    0.943362531180727548E+00    0.450123215629441256E+04   -0.408215241012649095E-03    0.617907475021516883E+00
    0.276475988766741428E-03   -0.233928530754100805E+02    0.111111948197873911E+01    0.919840739468481772E+00    0.480340846626041639E+04    0.206947505823250170E-03    0.754552024942772182E+00
    0.276545722674954658E-03   -0.233972637100093692E+02    0.108868449153885116E+01    0.932055412051928101E+00    0.491321084013834570E+04    0.586128707166330156E-03    0.713733541108360847E+00
    0.276046163776659775E-03   -0.233975538444156115E+02    0.107639910025437624E+01    0.964192112079030883E+00    0.491927422564466087E+04   -0.472996250159044381E-04    0.511369714060733394E+00
    0.275596539803034000E-03   -0.233981998386720562E+02    0.108908975896337745E+01    0.907748054908765090E+00    0.421124099767939424E+04    0.634879193891235455E-04    0.591131471528351438E+00
    0.275165989752468960E-03   -0.233989791501810558E+02    0.121982530500337383E+01    0.916965317556020731E+00    0.476765674926632164E+04   -0.220431973899021891E-04    0.829047771288943802E+00
    0.274793285503937559E-03   -0.234001746226936618E+02    0.116725637908804503E+01    0.916097569398605538E+00    0.488862201913710942E+04   -0.491370247507544604E-03    0.912128062465751732E+00
    0.274650673799256063E-03   -0.234030426470077018E+02    0.113950383517734855E+01    0.879653260263129511E+00    0.493763457568809736E+04    0.737705348964229379E-04    0.844015551826502675E+00
    0.274191681194166468E-03   -0.234036037272486404E+02    0.115031291016593262E+01    0.989277273388389444E+00    0.497592433184838774E+04    0.995919098965285406E-04    0.484372969820214938E+00
    0.273694333260982991E-03   -0.234038789441018764E+02    0.112422479499575223E+01    0.982287144541227342E+00    0.497088060632963152E+04    0.365629728915684544E-04    0.630719186328002279E+00
    0.273549510903816696E-03   -0.234067266359320101E+02    0.117913876949507390E+01    0.987728073672812124E+00    0.403972149043521131E+04   -0.176258147260944560E-03    0.657029576948919836E+00
    0.273227722126810298E-03   -0.234082788097582153E+02    0.128388152794612820E+01    0.933412277728330242E+00    0.495551404796335373E+04   -0.532753625720237410E-03    0.827140429769726904E+00
    0.272777321068619588E-03   -0.234088854480350967E+02    0.102917048621906737E+01    0.977451978332553817E+00    0.474167975341835154E+04    0.231384290128634583E-03    0.203221665829662723E+00
    0.272247235952769785E-03   -0.234089013391427088E+02    0.115758388208697571E+01    0.939927459292458245E+00    0.493977967244236333E+04   -0.413147755980770734E-04    0.556127493500050529E+00
    0.271747785432771799E-03   -0.234091351242067773E+02    0.122365746387318275E+01    0.968322068708849404E+00    0.463256609174505138E+04   -0.414191597075896970E-05    0.625962996701547980E+00
    0.271344362471528185E-03   -0.234100700697090005E+02    0.121337667302693442E+01    0.853031998211240428E+00    0.479497864691602172E+04   -0.127949690710701990E-03    0.637942072994612031E+00
    0.270831054334133570E-03   -0.234101892923016095E+02    0.117598909936730633E+01    0.962321710979011424E+00    0.467935547795480488E+04   -0.443245868590976422E-03    0.752821943107521485E+00
    0.270325721053450642E-03   -0.234103603332048067E+02    0.114359300401017494E+01    0.912755155072449531E+00    0.499931056619665651E+04   -0.399031691972322888E-04    0.531490007327173997E+00
    0.270066609394920226E-03   -0.234123486309039990E+02    0.121263074064621312E+01    0.896542670004859765E+00    0.499147145772572003E+04    0.154457577994823297E-03    0.782455563900924300E+00
    0.269748267210243129E-03   -0.234138959816932655E+02    0.964859399136963169E+00    0.805709428898986890E+00    0.466822956799433814E+04    0.514595931073496800E-03    0.498080064979438908E+00
    0.269293432162784167E-03   -0.234144270927685270E+02    0.119993577915796124E+01    0.931599409537096079E+00    0.494465181377197496E+04   -0.513421610385589203E-03    0.949852168726226909E+00
    0.268794320159894081E-03   -0.234146230769698676E+02    0.982560894335211987E+00    0.904545474235545210E+00    0.499088271977606837E+04    0.342528735164078686E-03    0.580784737494462688E+00
    0.268330270935819950E-03   -0.234150735228810092E+02    0.123768596824078458E+01    0.876888321012034733E+00    0.474171998217569126E+04   -0.432619307010231500E-03    0.561560882834144848E+00
    0.268755364101973910E-03   -0.234221456982172569E+02    0.118965981920900110E+01    0.869538990447487503E+00    0.493692306370120241E+04   -0.749506986783528360E-04    0.657144392146109424E+00
    0.268260380514419978E-03   -0.234223650266869612E+02    0.112185243018907177E+01    0.992775463043193196E+00    0.490201108942351311E+04    0.157910906647217105E-04    0.885667955078554003E+00
    0.267755492703983407E-03   -0.234225035676694660E+02    0.117504271441125474E+01    0.866591057344073157E+00    0.494811985903998357E+04    0.363351658171382126E-03    0.727652805789017143E+00
    0.268035632595949003E-03   -0.234285012290741257E+02    0.122670892258917874E+01    0.994047168199349684E+00    0.487706879862835649E+04   -0.285559343120936782E-03    0.715734741855526435E+00
    0.267585320057292606E-03   -0.234290445587662788E+02    0.105118270447757123E+01    0.996794584193605671E+00    0.471910238899119304E+04    0.107538444742840807E-03    0.277856668932514983E+00
    0.267407158342961786E-03   -0.234316187397887923E+02    0.116563337038675341E+01    0.998695885498207758E+00    0.467764099599653127E+04    0.631002235197607759E-05    0.710101085952102862E+00
    0.267846367513649149E-03   -0.234388072420153790E+02    0.120030653113054742E+01    0.973458229777904971E+00    0.452772540777775157E+04   -0.285033319672069001E-03    0.797054246711566217E+00
    0.268175735525991296E-03   -0.234451713612109671E+02    0.968079864148918556E+00    0.988272342504563972E+00    0.448486176885784971E+04   -0.350183431663774445E-04    0.553482106530331475E+00
    0.268082809996171751E-03   -0.234483844714445482E+02    0.987972637350062133E+00    0.883100991040529415E+00    0.462902635875006945E+04    0.264229700253441489E-03    0.403478091161093344E+00
    0.267581446155094665E-03   -0.234485468540371400E+02    0.113491433670993414E+01    0.931941718440981504E+00    0.480444878563657039E+04    0.326133738719560664E-03    0.747471537551624654E+00
    0.267997007602503929E-03   -0.234555567504059397E+02    0.113720595288653947E+01    0.945900215749959861E+00    0.487464253619180090E+04   -0.314530343951618854E-03    0.943962417074064364E+00
    0.267485182670064653E-03   -0.234556397166619561E+02    0.105714466281371511E+01    0.955786484740440256E+00    0.461889112190021751E+04    0.705777605565497448E-04    0.644772092539437902E+00
    0.267086916577304544E-03   -0.234565658921911329E+02    0.113540561294892117E+01    0.943102535754550164E+00    0.495243417415791191E+04    0.315136279256044165E-03    0.717237507995577506E+00
    0.266990377995613315E-03   -0.234597491113960253E+02    0.107000870407639770E+01    0.953643376124038156E+00    0.488080712431860957E+04   -0.957269819559115599E-04    0.490771341697400998E+00
    0.266914225332236309E-03   -0.234630848275335104E+02    0.107809393978547163E+01    0.994020951273284048E+00    0.436211134994093845E+04   -0.246237922545777863E-04    0.668474474567227861E+00
    0.266534647335742159E-03   -0.234641448586735351E+02    0.111981875877175296E+01    0.985656632259892418E+00    0.467450360352026382E+04    0.883514131515523798E-03    0.669649480193088231E+00
    0.266111968755670871E-03   -0.234648769316035199E+02    0.116590540576001733E+01    0.961066292841388670E+00    0.450152532735400746E+04   -0.148707602916070433E-03    0.964493647633442808E+00
    0.265630995593139658E-03   -0.234651650929708495E+02    0.102800125487744265E+01    0.970356486115656836E+00    0.489083108322820863E+04   -0.617472300578550968E-03    0.507059886807877391E+00
    0.265480338695000715E-03   -0.234679366889542393E+02    0.105739533405116304E+01    0.979758807452443814E+00    0.491905332119330978E+04   -0.158127304138059937E-03    0.421365590240904697E+00
    0.265386479446993225E-03   -0.234711357239181098E+02    0.112167042646916215E+01    0.926543604517734432E+00    0.455794657744695269E+04   -0.258849855365861923E-03    0.640587365347749627E+00
    0.265037065621583448E-03   -0.234724069937842046E+02    0.936096617867448577E+00    0.912423065022291313E+00    0.492996263271270072E+04    0.282448020330055974E-03    0.548827094296536977E+00
    0.264818767851012697E-03   -0.234746652650765988E+02    0.102576705345056229E+01    0.970172957700708549E+00    0.486826594530579405E+04   -0.296986176974325716E-03    0.273343246325982947E+00
    0.264333017046727967E-03   -0.234748995936764508E+02    0.120390362739562984E+01    0.860995702445507050E+00    0.498463555079698563E+04   -0.190835060108333063E-03    0.544741630554199219E+00
    0.264406586566772221E-03   -0.234793624089120954E+02    0.110577804800375690E+01    0.990237049434051997E+00    0.496032640733629614E+04    0.111972912277349845E-03    0.646507828747489355E+00
    0.264167237179290795E-03   -0.234814573743339139E+02    0.127964700966023481E+01    0.945582851922725176E+00    0.442444737672970041E+04   -0.234689440324020114E-03    0.958239843226524335E+00
    0.264089110338628166E-03   -0.234847720415419872E+02    0.104530160823128315E+01    0.926444920324074883E+00    0.449192222753847636E+04   -0.727934811583203596E-04    0.282821542567230411E+00
    0.263740207722981332E-03   -0.234860342348022542E+02    0.116246203393479042E+01    0.997915834470210261E+00    0.488239526421564824E+04    0.257834117240619853E-03    0.689332943520539421E+00
    0.263422327279995612E-03   -0.234875284736261563E+02    0.108819577734877759E+01    0.974426402089692889E+00    0.482684544314568848E+04    0.714529877312045320E-04    0.519113525221297945E+00
    0.263106849624525178E-03   -0.234890380648495665E+02    0.117279865453249266E+01    0.917440135525115830E+00    0.499474150484500296E+04   -0.393605732904849274E-03    0.413597536721259373E+00
    0.262639355539290829E-03   -0.234893875096546445E+02    0.109293391100102255E+01    0.897680013679610811E+00    0.477498529970496384E+04   -0.353696487958018687E-03    0.278617598682241618E+00
    0.262861843043095270E-03   -0.234949872858936502E+02    0.988508487107907730E+00    0.989055577889539572E+00    0.479268080251162883E+04    0.905314608856512489E-04    0.485770139186709471E+00
    0.263156756274526252E-03   -0.235011361430007923E+02    0.104731908129993978E+01    0.969418809917013236E+00    0.493440784298476228E+04    0.785191099784370339E-05    0.414305607802928355E+00
    0.262869683784868130E-03   -0.235028594417550245E+02    0.102290787841536712E+01    0.853412557408649741E+00    0.485089939053132275E+04    0.813943986333470759E-04    0.562050747843826359E+00
    0.262423482159185480E-03   -0.235033679568371880E+02    0.976137647644867434E+00    0.893939044377796255E+00    0.432277739163937622E+04   -0.814910182762478615E-04    0.372977483636191542E+00
    0.262204860133755384E-03   -0.235056073351075128E+02    0.104446884310035992E+01    0.970635700194071971E+00    0.467622885023476465E+04   -0.678909019677802791E-04    0.490110702442822510E+00
    0.261735765117025211E-03   -0.235059323003629643E+02    0.145694475152550296E+01    0.756291407123580117E+00    0.483797584107604234E+04    0.196067250493811720E-03    0.794774222104934536E+00
    0.261440473615175660E-03   -0.235075808673005682E+02    0.103556461824690871E+01    0.898546532604135084E+00    0.455241055673197116E+04   -0.466785694787121225E-03    0.569722202757442120E+00
    0.261029600420217584E-03   -0.235083414957610231E+02    0.101984832133586356E+01    0.876927908671811140E+00    0.498449880399630638E+04    0.658120145167995999E-03    0.394322400469788614E+00
    0.260847797545164166E-03   -0.235108542929453250E+02    0.120092069754846098E+01    0.926457654794918817E+00    0.483249719336483759E+04   -0.774828161093407794E-04    0.511011666760681771E+00
    0.260455194479993998E-03   -0.235117480673186634E+02    0.108233472535889685E+01    0.862411344390144774E+00    0.466394540636499278E+04   -0.722542741044829729E-03    0.453528239143555223E+00
    0.260193665390294818E-03   -0.235136450620847164E+02    0.117422073638310320E+01    0.892075505351454745E+00    0.492760199082900635E+04   -0.277603117090045469E-03    0.518995321055260916E+00
    0.260076681130549079E-03   -0.235166519007498493E+02    0.107986466687468052E+01    0.962302256022433689E+00    0.464278979898001853E+04    0.323800609706783443E-03    0.456986556892612028E+00
    0.260094133097863887E-03   -0.235206923525684815E+02    0.102940035040878675E+01    0.961068461908717309E+00    0.495106641964518803E+04    0.208472137661487047E-03    0.222055626499421399E+00
    0.259632400974401235E-03   -0.235210449472157350E+02    0.958885349692952138E+00    0.897852509012518452E+00    0.486832097157678982E+04    0.390255094711549689E-03    0.624367912902066613E+00
    0.259479316653444040E-03   -0.235237716104701455E+02    0.978462323284531976E+00    0.871411261806602555E+00    0.484806520478884704E+04   -0.314655351095536977E-03    0.443943085101452084E+00
    0.259133210059984476E-03   -0.235250083789052695E+02    0.103578917971529449E+01    0.986578782995250370E+00    0.469888702998501321E+04   -0.986517420646505164E-03    0.345224335265255977E+00
    0.258818167190428183E-03   -0.235264816367578398E+02    0.113574669506038983E+01    0.969460685453264692E+00    0.409526506907644489E+04   -0.481611152769438491E-03    0.500453064854192498E+00
    0.258663643258085917E-03   -0.235291934568566248E+02    0.109622235241022725E+01    0.908161708011360980E+00    0.435240292301519639E+04    0.533603316248841249E-03    0.553151630869461619E+00
    0.258766492350763955E-03   -0.235338947830375460E+02    0.118258344500979962E+01    0.902829947466366134E+00    0.459025718235796467E+04    0.772413166587446914E-04    0.526369054009861115E+00
    0.258311405573485875E-03   -0.235342805816965850E+02    0.111690604125310355E+01    0.988018344345207078E+00    0.498817509459985286E+04   -0.560835406758681512E-03    0.734825685432642595E+00
    0.258035221854653184E-03   -0.235360473096739611E+02    0.114423581069771041E+01    0.859631143227388872E+00    0.479415643023390294E+04   -0.357596412844914406E-03    0.600958930155763960E+00
    0.257774575491302510E-03   -0.235379323000013017E+02    0.111373644442912911E+01    0.913554349441948355E+00    0.486498104440698808E+04   -0.729169059402497567E-03    0.420931041965488473E+00
    0.257395083390910169E-03   -0.235388920087018292E+02    0.974391394240027076E+00    0.978968077984996743E+00    0.464452700642308810E+04    0.323343663295555224E-03    0.425961117774456888E+00
    0.257472402437752791E-03   -0.235433989495557014E+02    0.106388507955806277E+01    0.933186082763590385E+00    0.463409462022588559E+04   -0.435467389661921365E-03    0.423122409603249761E+00
    0.257061545497006233E-03   -0.235441111865680668E+02    0.117227913746711199E+01    0.966100066349758202E+00    0.447932738341473851E+04   -0.819364915381931330E-04    0.680673995306343871E+00
    0.257023825860596539E-03   -0.235477239472872881E+02    0.130267371353936645E+01    0.984686282856989115E+00    0.452633491530128958E+04   -0.618390750116034737E-03    0.905791649329900306E+00
    0.256573659485143807E-03   -0.235481242105675399E+02    0.120796748596107717E+01    0.862070449144923701E+00    0.477762792385203920E+04   -0.264786439041648179E-03    0.726255511789267394E+00
    0.256073627883659019E-03   -0.235481288949306382E+02    0.108730354090706838E+01    0.992490762071815191E+00    0.492731101023772499E+04    0.544615766858950068E-03    0.580287055487821446E+00
    0.255721326512460285E-03   -0.235492816873295290E+02    0.118864742016053815E+01    0.928492309800545645E+00    0.490575932689060755E+04    0.658498910443336915E-03    0.687196241984195488E+00
    0.255719559093106131E-03   -0.235531741142707638E+02    0.100630713930543436E+01    0.865911078096066045E+00    0.477724823902215576E+04    0.145866040228482186E-04    0.397877800831005768E+00
    0.255243485665473274E-03   -0.235533534914937732E+02    0.108346274295098666E+01    0.893182711687316999E+00    0.414073077292557173E+04   -0.108607681178699017E-03    0.479909505197004593E+00
    0.255107583384711438E-03   -0.235561945744570664E+02    0.121932413991031097E+01    0.949881121823891394E+00    0.460752202081241467E+04    0.772602519958893948E-04    0.647670623272272317E+00
    0.254947351328095953E-03   -0.235588442377564320E+02    0.107472402827021951E+01    0.926960697602160710E+00    0.409234284137021632E+04    0.844707235788788168E-04    0.583649917128926665E+00
    0.254470970241689909E-03   -0.235590098981066305E+02    0.116542444753305197E+01    0.956638176197317280E+00    0.445901413519158632E+04   -0.147332720506988861E-03    0.957396882133653704E+00
    0.254305288325453111E-03   -0.235616135564915439E+02    0.124103598250198233E+01    0.963435099153333141E+00    0.492687749591474039E+04    0.116681621648946068E-03    0.585486017187271335E+00
    0.254189617549801595E-03   -0.235646098994202013E+02    0.965993378977749062E+00    0.842695348658184740E+00    0.490108834236467010E+04   -0.478251592045870309E-04    0.405969704984745605E+00
    0.253911340099239029E-03   -0.235663254235481574E+02    0.114421183101067969E+01    0.998344688784218670E+00    0.463241113047574163E+04   -0.599027864283380998E-03    0.613102954727234972E+00
    0.253546077116576852E-03   -0.235673525114088207E+02    0.987441509783402172E+00    0.944786357772803287E+00    0.477739537407053558E+04   -0.158778613589596738E-03    0.229107461458951611E+00
    0.253119003280047783E-03   -0.235678871145028062E+02    0.101087405190152690E+01    0.933855082630428157E+00    0.473673031972056015E+04   -0.188619472685231781E-03    0.302343416529786579E+00
    0.252876626156108919E-03   -0.235698773231113279E+02    0.112067003355875294E+01    0.932040281869689236E+00    0.445227672736885324E+04   -0.581812338643499872E-03    0.559762867583113333E+00
    0.252602992212683588E-03   -0.235716182318377498E+02    0.104721461972817931E+01    0.987927781861503429E+00    0.488678115864379106E+04   -0.310872593983007000E-03    0.539600299248204296E+00
    0.252935099234703439E-03   -0.235781522329442623E+02    0.981542034834855137E+00    0.923349322149776830E+00    0.484952311233992987E+04   -0.135303943173362005E-03    0.414161544199234122E+00
    0.252578884794186533E-03   -0.235792398507344316E+02    0.982475263618100558E+00    0.955564034360887105E+00    0.494934686275696913E+04    0.227751242895287212E-03    0.523549329174925915E+00
    0.252521913718417785E-03   -0.235826949347400330E+02    0.113847449652893706E+01    0.938891867977989847E+00    0.474852155624043826E+04   -0.878311872911281453E-03    0.674839644204870415E+00
    0.252116681919858942E-03   -0.235833891285147246E+02    0.986929356386511691E+00    0.976169148629298933E+00    0.492982827027961685E+04   -0.210368240448727636E-04    0.628326937766799265E+00
    0.251637962270634678E-03   -0.235834941645797116E+02    0.110765347029692851E+01    0.871326979247636690E+00    0.491890206618235879E+04   -0.454691946054825748E-04    0.647500058365292452E+00
    0.251271068297205633E-03   -0.235844822403873877E+02    0.122105952781943583E+01    0.970852166567167885E+00    0.488780835208222561E+04   -0.155327874612232002E-03    0.966491556434076693E+00
    0.250846430597457745E-03   -0.235850057140299079E+02    0.112562910679704631E+01    0.953079690822866477E+00    0.487102112777966886E+04   -0.435912828238280907E-03    0.672519738181879156E+00
    0.250456041796181725E-03   -0.235857969673826702E+02    0.116765187452101449E+01    0.902971993158675379E+00    0.489266096635318263E+04   -0.137387137716319323E-03    0.961515477117685369E+00
    0.250154148834045014E-03   -0.235872910171967121E+02    0.114394526177235556E+01    0.952667315498167744E+00    0.493261816220755281E+04   -0.285808510517857289E-03    0.851166493433875737E+00
    0.250309937862894000E-03   -0.235924424237465402E+02    0.944208480090983460E+00    0.864467234227240144E+00    0.488260891797879867E+04   -0.573624091703391200E-03    0.611419735461129044E+00
    0.249984218898526825E-03   -0.235937444537612784E+02    0.104642894658700158E+01    0.871127495327046253E+00    0.453692311077838440E+04    0.664806138397377479E-04    0.400727131642521717E+00
    0.249772866286993630E-03   -0.235959590609180339E+02    0.985215156900885791E+00    0.903362573848809469E+00    0.492303410148468538E+04   -0.169755350271654838E-03    0.615327343386720904E+00
    0.249473627965481266E-03   -0.235974677909691160E+02    0.107112141152487239E+01    0.903812308699569966E+00    0.482212257865179618E+04    0.249205749021469533E-03    0.343815182945319542E+00
    0.249011814609432797E-03   -0.235976683079728744E+02    0.108665663777155030E+01    0.913769729881801829E+00    0.486728026134296852E+04   -0.413184529327620289E-03    0.633136100696657045E+00
    0.248596312860671252E-03   -0.235982345655379504E+02    0.117459501682718392E+01    0.878190419840056968E+00    0.434446352835553625E+04   -0.546682016244626895E-03    0.399944813485298922E+00
    0.248455694041276292E-03   -0.236010091929215022E+02    0.125466732954028326E+01    0.969838446245355534E+00    0.483139580989565729E+04   -0.474628380890733772E-03    0.861506703834985621E+00
    0.248595999647997952E-03   -0.236060445456867001E+02    0.979537956017919265E+00    0.856197776492406026E+00    0.485354107428532825E+04    0.758810358379825335E-03    0.277372107524590683E+00
    0.248261568169594814E-03   -0.236072584222535795E+02    0.121430849026681775E+01    0.900928427824610023E+00    0.489909009243453147E+04    0.123571512179241618E-03    0.756858914653821602E+00
    0.247903461594679961E-03   -0.236082776760679209E+02    0.954329603038490015E+00    0.855271685556927785E+00    0.492536192056991058E+04   -0.599652848475485073E-03    0.466420775141568433E+00
    0.247540256235414050E-03   -0.236092515613107423E+02    0.101290872017330402E+01    0.907192211030731666E+00    0.474021394064250399E+04    0.189143854257968551E-03    0.674295063816601981E+00
    0.247160076709118995E-03   -0.236100837919432749E+02    0.942738840172887671E+00    0.923350791793994596E+00    0.488204121778063018E+04   -0.180258594488927061E-03    0.307510478306366908E+00
    0.246678053391698356E-03   -0.236100857385602794E+02    0.116196673653899496E+01    0.939877835205570111E+00    0.487445241947812337E+04   -0.682435068929350327E-04    0.604419251114122424E+00
    0.246233490477938265E-03   -0.236103843389539421E+02    0.102723413883959558E+01    0.921975566195365137E+00    0.473427857101314021E+04    0.619165522264734062E-04    0.620804198402448271E+00
    0.246006000159888381E-03   -0.236124419738909843E+02    0.106955295379392279E+01    0.893373074409292034E+00    0.490368558130243582E+04   -0.933555371515792687E-04    0.431562219302127903E+00
    0.245894432890717332E-03   -0.236154409893078565E+02    0.954631379234613053E+00    0.940840003057697438E+00    0.498941044174544550E+04    0.354523692348468846E-03    0.329591214935130772E+00
    0.245688549706933655E-03   -0.236176719722371118E+02    0.116166416387302407E+01    0.936066576188415933E+00    0.480534579860690792E+04    0.275517967289478927E-04    0.463644431949677638E+00
    0.245500931514018377E-03   -0.236200503539971507E+02    0.123986102723813940E+01    0.922978025150024139E+00    0.486906189579128750E+04   -0.463968181629040137E-03    0.446334163003208828E+00
    0.245272564802180223E-03   -0.236220953239562910E+02    0.118390399916349764E+01    0.930694997792291034E+00    0.493381466481141251E+04   -0.363883300136128962E-03    0.692324664745790463E+00
    0.245039897664764362E-03   -0.236241034606290548E+02    0.954966760715583174E+00    0.851939752974343434E+00    0.490211907585999234E+04   -0.150172886041089821E-03    0.506454288563675914E+00
    0.244603894063490156E-03   -0.236244479073436722E+02    0.110806428202491691E+01    0.911025310190751170E+00    0.481504497893491680E+04    0.392655951566392536E-04    0.742689080622678133E+00
    0.244232053260759723E-03   -0.236253114934276205E+02    0.104708684288370679E+01    0.886066805860845519E+00    0.495719308769732925E+04    0.157742430729259953E-03    0.290806837947649277E+00
    0.243779809321748112E-03   -0.236255109149412874E+02    0.958151160499183474E+00    0.977066972141063639E+00    0.480112826836107070E+04   -0.558176179050820300E-05    0.537199697940549670E+00
    0.243531999631888452E-03   -0.236273830692623150E+02    0.102177169751563501E+01    0.945393163805865688E+00    0.495608814180848913E+04   -0.350569174310413879E-03    0.380849672997037481E+00
    0.243172100213778487E-03   -0.236283314688244417E+02    0.110664069918066521E+01    0.948013314753558545E+00    0.498001605153648870E+04   -0.763610279634991231E-03    0.324465947871173388E+00
    0.242973340064309834E-03   -0.236306023221379604E+02    0.104308432932317130E+01    0.927921094069558916E+00    0.467690028480521323E+04   -0.425669770112299336E-03    0.490237951453799559E+00
    0.242659324501731660E-03   -0.236319221266267263E+02    0.102734521483786789E+01    0.867794088098251204E+00    0.410559572864008987E+04    0.584733606065855420E-03    0.441072779673443049E+00
    0.242734867533874691E-03   -0.236364509059770604E+02    0.121357766627414154E+01    0.946457260017722901E+00    0.480261885493437148E+04    0.895297108667385180E-03    0.741279398038350301E+00
    0.242436451562109680E-03   -0.236378968620755359E+02    0.110028648469917267E+01    0.908155793435322156E+00    0.488266610280870827E+04    0.912735076094791812E-05    0.750569481275173311E+00
    0.242042376227038196E-03   -0.236385495092398443E+02    0.110936441786842410E+01    0.968638378513256071E+00    0.480416298756793094E+04    0.316830195531018122E-03    0.630560322762136916E+00
    0.241655782260688154E-03   -0.236392587733353956E+02    0.108800658046537602E+01    0.896578086768241023E+00    0.458130725309188529E+04   -0.112653409164162506E-02    0.681969102595726517E+00
    0.241250465655462739E-03   -0.236398077116240657E+02    0.990392088136908932E+00    0.948154197853562475E+00    0.489290249568088348E+04    0.699129351940738536E-03    0.293670356528656140E+00
    0.240838142051903850E-03   -0.236402928170667863E+02    0.107139346042559680E+01    0.861188707397453013E+00    0.496268429059546816E+04   -0.791961507309764281E-03    0.564548366359552967E+00
    0.240781692863373091E-03   -0.236437302392927187E+02    0.125387533053453470E+01    0.855353801427626736E+00    0.483221141885059023E+04   -0.607311628143130419E-03    0.983423759194990255E+00
    0.240892307126386454E-03   -0.236485550712794002E+02    0.114669830771181447E+01    0.945208866323858921E+00    0.496017807191500106E+04   -0.606904077486136880E-03    0.397409331763221241E+00
    0.240509679894762340E-03   -0.236492820463905211E+02    0.122916152484362540E+01    0.859959643820369823E+00    0.479435198997312273E+04   -0.171550156420015431E-04    0.865331201028160524E+00
    0.240253859963539430E-03   -0.236510598491672006E+02    0.110436657460440624E+01    0.922947267000311378E+00    0.496277722283989624E+04    0.411516681798120953E-03    0.506452788189947212E+00
    0.239949884428895371E-03   -0.236524340441484782E+02    0.108209783558899653E+01    0.955694297583683738E+00    0.447906472816000314E+04   -0.207125230292176665E-03    0.337918640256367975E+00
    0.239765400254519570E-03   -0.236548020135110946E+02    0.959225421617740492E+00    0.879888280495985331E+00    0.466341613526742549E+04   -0.480093642785147279E-03    0.261751178317848276E+00
    0.239304494264230236E-03   -0.236548599220664109E+02    0.993858508388651640E+00    0.825065776418217878E+00    0.488925319457687328E+04   -0.446818238241324594E-03    0.422964365643472506E+00
    0.238897661846282355E-03   -0.236553631550712105E+02    0.116815690931085636E+01    0.880529438626184047E+00    0.495733317047441597E+04    0.245155167995503081E-03    0.682486900739359470E+00
    0.238577242069403547E-03   -0.236565851188618055E+02    0.926486021359513412E+00    0.853365882369334861E+00    0.493647395424566093E+04   -0.413844022455921580E-03    0.486900481665118789E+00
    0.238142190297599806E-03   -0.236568409878364534E+02    0.124920096971250216E+01    0.912882417049935446E+00    0.471901923460232956E+04    0.184630717707838445E-03    0.816848899110131255E+00
    0.237808199433421380E-03   -0.236579402989100203E+02    0.121088133530021014E+01    0.899958140839114185E+00    0.491022432526616194E+04   -0.255834214885602019E-03    0.839332117347855400E+00
    0.237377016165779504E-03   -0.236582169462049592E+02    0.104330778485387143E+01    0.897029624843898699E+00    0.492129293616066479E+04    0.194823013331246915E-03    0.611325749679768049E+00
    0.237193813732178147E-03   -0.236605790436261856E+02    0.119891410094016160E+01    0.926192442212558698E+00    0.440588506795969624E+04    0.160504583580071400E-03    0.621707096601087250E+00
    0.236761601844261946E-03   -0.236608375918085159E+02    0.101178849897261047E+01    0.988464622660125691E+00    0.479218257291829650E+04   -0.787272456664050182E-04    0.467552344715417068E+00
    0.236394171442289768E-03   -0.236616376303104943E+02    0.957806036767195224E+00    0.941174994673339538E+00    0.488300166183791407E+04   -0.535687067950541037E-04    0.377713231605283917E+00
    0.236096831986512843E-03   -0.236630266726356666E+02    0.101884791867619762E+01    0.935938831548121186E+00    0.482569162116140706E+04   -0.274055095407595335E-03    0.582751507707375938E+00
    0.235768974578695926E-03   -0.236641536794185185E+02    0.107490468837876696E+01    0.951776707120822296E+00    0.474673905637034113E+04   -0.571930871798320933E-03    0.720017697141978275E+00
    0.235359243420847072E-03   -0.236645812054067335E+02    0.117377929625172639E+01    0.932429808105422753E+00    0.499963105443712993E+04   -0.646377794146847819E-04    0.784949619857882253E+00
    0.234905969654372192E-03   -0.236646319807150718E+02    0.114230027456592564E+01    0.953022259349011969E+00    0.497834475848538295E+04    0.139657488106908578E-03    0.771351427120087973E+00
    0.234675223778385008E-03   -0.236665726844130440E+02    0.120233508896700236E+01    0.955851433111288062E+00    0.463207491584124182E+04   -0.522869966207261115E-04    0.683240895819547722E+00
    0.234467649159939484E-03   -0.236687091142242210E+02    0.112306419993710005E+01    0.959280531362191935E+00    0.446539194083364237E+04   -0.274161761155859078E-03    0.614419454942327969E+00
    0.234079287145869683E-03   -0.236692999046797397E+02    0.107211024607276295E+01    0.948801248359171678E+00    0.458118008894702962E+04   -0.301332990868875524E-03    0.536982665397736203E+00
    0.233941157094155191E-03   -0.236720256074841942E+02    0.100863080077473710E+01    0.970120876180353808E+00    0.482977156589147216E+04   -0.205888913083404748E-03    0.322418467219636740E+00
    0.233649516478387807E-03   -0.236734370202680466E+02    0.103007005668392271E+01    0.981125782855414297E+00    0.473487450831039314E+04    0.416083920301974947E-04    0.573614020240937217E+00
    0.233361480521746461E-03   -0.236748762106483746E+02    0.106642105279795363E+01    0.970531991855885900E+00    0.486765785442243123E+04   -0.280392856722480713E-04    0.449051747392981926E+00
    0.233061366589415572E-03   -0.236762087104506520E+02    0.111479369969420361E+01    0.959484353171393800E+00    0.444535433515780460E+04   -0.200431838683254077E-03    0.360365285325483009E+00
    0.232901517882204607E-03   -0.236787427591976325E+02    0.986813982521620892E+00    0.959778947847448771E+00    0.498711463571002150E+04    0.618208812941170300E-03    0.527260403381668685E+00
    0.232569696002233239E-03   -0.236797975165485752E+02    0.115089222701694105E+01    0.984297280688033904E+00    0.489260591543194096E+04    0.214017887821628844E-03    0.841525356878904951E+00
    0.232328266183886147E-03   -0.236816264948916739E+02    0.123295117698562451E+01    0.966002699228577622E+00    0.489586434051643027E+04    0.289968122220989337E-03    0.516943320614700608E+00
    0.231917149738270796E-03   -0.236819905102116373E+02    0.966194935327021387E+00    0.924729515607358943E+00    0.493267394547674030E+04    0.241129417071467777E-03    0.427322697499438464E+00
    0.231602637665697341E-03   -0.236831826398708500E+02    0.990690931019290066E+00    0.921787883909432670E+00    0.476452859939207428E+04   -0.157609657288427667E-03    0.637679873732384550E+00
    0.231153495733191558E-03   -0.236832065679209052E+02    0.120244557857513423E+01    0.900884486734867096E+00    0.492637406963109970E+04   -0.557926634989679474E-03    0.597539126873016357E+00
    0.230843353580044067E-03   -0.236844275857579412E+02    0.995971528067602696E+00    0.895670359656193016E+00    0.472880856169915569E+04   -0.744199479394679493E-04    0.504037534739994353E+00
    0.230464953275094869E-03   -0.236850527295286142E+02    0.100018700392288462E+01    0.991956021359925888E+00    0.473102952839787122E+04   -0.105946491686424870E-03    0.319989357475214120E+00
    0.230384474014727137E-03   -0.236882604497579869E+02    0.113019622298127964E+01    0.923979648694331468E+00    0.482173971215115125E+04   -0.143163456587732545E-03    0.673872677705799727E+00
    0.230086140699510262E-03   -0.236895751480070302E+02    0.991652124784981881E+00    0.933177184200935539E+00    0.484771131998896544E+04    0.995491830205363806E-04    0.613728778815223919E+00
    0.229806669284271493E-03   -0.236910506450700282E+02    0.961948517731083474E+00    0.871601599311783604E+00    0.492037517874477635E+04    0.716331837001060647E-03    0.558593896174482962E+00
    0.229788354235414659E-03   -0.236947974934409480E+02    0.114658039710263049E+01    0.933878050767911971E+00    0.486803094805846649E+04    0.684863379868405766E-04    0.863768099131025036E+00
    0.229494870258021281E-03   -0.236961477257012660E+02    0.113057592387844386E+01    0.940440869116071609E+00    0.452692864528480823E+04    0.391392756162912731E-03    0.541152523317040446E+00
    0.229434118094209798E-03   -0.236995244631560666E+02    0.108629929375034706E+01    0.984818978021295699E+00    0.499998965729553765E+04   -0.339596513968522099E-03    0.773491755653773816E+00
    0.229043554627317335E-03   -0.237000232315306363E+02    0.108662220837961243E+01    0.975625289892025127E+00    0.463013879945426561E+04   -0.600023625991602831E-03    0.344573293817193926E+00
    0.228706544400059634E-03   -0.237009845533799890E+02    0.958069438888859426E+00    0.907125312785878490E+00    0.484860027452954000E+04    0.227593878595581841E-03    0.413660299953258703E+00
    0.228289822707420617E-03   -0.237012433187333897E+02    0.108013552190412554E+01    0.892478339592302272E+00    0.492727987027704785E+04    0.168472014157689963E-03    0.617504948322966429E+00
    0.228217481227652955E-03   -0.237045156995291428E+02    0.993302093203333514E+00    0.870994779822493514E+00    0.493345235699133718E+04    0.569034930666108361E-03    0.524891515503039918E+00
    0.228085717564803497E-03   -0.237072668958994015E+02    0.114299761219811602E+01    0.926101667571826992E+00    0.474150270449527397E+04   -0.633316239230737738E-03    0.317626485457667918E+00
    0.227703006581938064E-03   -0.237078144750720128E+02    0.108934991530538672E+01    0.976817607556094369E+00    0.495276943909476995E+04   -0.225349132018606645E-03    0.722662884471671596E+00
    0.227513867703682548E-03   -0.237100587577784125E+02    0.107985840136396005E+01    0.927003414783932111E+00    0.479058793425528529E+04   -0.761950992134264996E-03    0.615609868787036385E+00
    0.227383215597068818E-03   -0.237128161579396277E+02    0.105151203378285585E+01    0.869949656699444240E+00    0.449066272983808813E+04   -0.235682242470295982E-03    0.571664841302569671E+00
    0.227139221708687767E-03   -0.237145751527830662E+02    0.109945440944347927E+01    0.904558354768546624E+00    0.499225414095087126E+04    0.249225374344740156E-03    0.490605012522172146E+00
    0.226831112605023759E-03   -0.237157666073201199E+02    0.117946329707743480E+01    0.996094673042350331E+00    0.492711206812392538E+04   -0.215772609550638324E-03    0.793874152111553433E+00
    0.226431537345656117E-03   -0.237161466425488499E+02    0.106826736443282466E+01    0.983037241540470452E+00    0.495641277352055295E+04   -0.791521593533173998E-03    0.450085268758783963E+00
    0.226374401736023460E-03   -0.237195481676324889E+02    0.110950174088662701E+01    0.901543606957875610E+00    0.492617352368097454E+04    0.127546992376959445E-03    0.441987009206775583E+00
    0.225960444030395092E-03   -0.237197937859118326E+02    0.104626127806683700E+01    0.942191448467927906E+00    0.488257507993600939E+04   -0.922614946654870907E-03    0.282988802362317160E+00
    0.225700689822647311E-03   -0.237213996012104893E+02    0.106928651317101786E+01    0.903573477137954773E+00    0.431623284908324695E+04   -0.777726219490895254E-03    0.542312885058530814E+00
    0.225908256622296878E-03   -0.237271443162444626E+02    0.115746981952364947E+01    0.938916190690797903E+00    0.488923796726859473E+04   -0.301633332620895064E-03    0.392295488342724319E+00
    0.225580803746387010E-03   -0.237281494732872389E+02    0.107232256959255912E+01    0.933129840538785893E+00    0.432380891151761625E+04   -0.149155378655774305E-02    0.531971208561056175E+00
    0.225522135264439216E-03   -0.237315355007197581E+02    0.113296059484542488E+01    0.927368531871323287E+00    0.419580247371813675E+04   -0.741163628013373705E-03    0.516633959313243074E+00
    0.225284152609027486E-03   -0.237333301326352704E+02    0.969176252103341129E+00    0.879363185397089353E+00    0.485925694986418875E+04   -0.477580281152677967E-04    0.411623656975807939E+00
    0.225001532897989526E-03   -0.237347258009557720E+02    0.120869516730926474E+01    0.899443529039632428E+00    0.480451064269734525E+04   -0.129615106876617282E-03    0.686688525523161397E+00
    0.225026265096084160E-03   -0.237388518791373713E+02    0.109772647878283802E+01    0.888626139528389869E+00    0.481715658943065773E+04    0.397382805306268987E-03    0.531442846824389581E+00
    0.224740463519767212E-03   -0.237402163527310108E+02    0.102360792083758612E+01    0.997267873007818162E+00    0.483207035858459676E+04    0.141388418102437324E-03    0.334158579673191236E+00
    0.224407553996623378E-03   -0.237411577931704620E+02    0.920450080383449443E+00    0.830563442179308109E+00    0.466320903626765539E+04   -0.257204902443188021E-03    0.390457202951818405E+00
    0.224053441647809921E-03   -0.237419055752025123E+02    0.113791064633166883E+01    0.975698393511474360E+00    0.444292239690028509E+04    0.147764800772532990E-03    0.694722087120210108E+00
    0.223630490689262848E-03   -0.237420328101086930E+02    0.107027270452350165E+01    0.993843127945769012E+00    0.455615602452171788E+04   -0.289466403053111336E-03    0.757034542787040410E+00
    0.223203832999822356E-03   -0.237421196774293506E+02    0.105494005115571587E+01    0.871385228046510307E+00    0.474104576451060257E+04    0.740268309870039764E-03    0.551747359768297807E+00
    0.222915137124283136E-03   -0.237434374168735047E+02    0.124959011331762326E+01    0.928104634921492200E+00    0.467755702396541437E+04    0.407538265919786991E-03    0.944666335050995620E+00
    0.222873085702408934E-03   -0.237469663449089836E+02    0.969871619486981640E+00    0.842449953465085555E+00    0.496609809708527519E+04   -0.895289846784585769E-03    0.356304923451294053E+00
    0.222833780756403240E-03   -0.237505198523414833E+02    0.121847219108085691E+01    0.989779826375819516E+00    0.470932593407393506E+04    0.665363409519948205E-03    0.785514635031717257E+00
    0.222575981670259217E-03   -0.237521109387624492E+02    0.105259970601669850E+01    0.997377731262953038E+00    0.481157242582438812E+04    0.638435858774154133E-03    0.418391265853133576E+00
    0.222226797893048354E-03   -0.237528770658586659E+02    0.101395349374094890E+01    0.967440662814865959E+00    0.467925126281561825E+04    0.140711566737139953E-04    0.559804561706577997E+00
    0.222070845548470372E-03   -0.237553792809439308E+02    0.956295679356668593E+00    0.938045828542270144E+00    0.476017098742646522E+04   -0.894568032629221798E-03    0.482366676663467608E+00
    0.221676206787406910E-03   -0.237557281992341025E+02    0.100375350410917963E+01    0.869228713031551359E+00    0.486592134709634411E+04   -0.275718353096388925E-03    0.454681170131103651E+00
    0.221302009544087434E-03   -0.237562555261310493E+02    0.108064943080092402E+01    0.904346280533159907E+00    0.492233010340432793E+04    0.373751157197847072E-04    0.594265465689363226E+00
    0.221136730831927316E-03   -0.237586675243418952E+02    0.116892122724329317E+01    0.959438269629404372E+00    0.427040186333564270E+04   -0.363576590594176215E-03    0.370548900506890710E+00
    0.220720528312357201E-03   -0.237588060178183085E+02    0.109363355740102830E+01    0.943571319781712603E+00    0.468082625191350871E+04   -0.610265180835487236E-03    0.542984607734557367E+00
    0.220304468588506806E-03   -0.237589386962501976E+02    0.108271271033942784E+01    0.941535049349676023E+00    0.422943552521320362E+04   -0.253334303442648637E-03    0.640448017437903916E+00
    0.219970030276123645E-03   -0.237598064929437029E+02    0.112771484873764627E+01    0.924512311753115545E+00    0.415306632458592867E+04   -0.377392066083501946E-03    0.442661436096920435E+00
    0.219609814726056779E-03   -0.237604349254114098E+02    0.113068351310042225E+01    0.954869996949857414E+00    0.468182574444296370E+04   -0.172113614232600949E-03    0.902983788210271143E+00
    0.219205033978491068E-03   -0.237606514109144271E+02    0.107192714713617265E+01    0.957455145632519988E+00    0.465075697780050632E+04   -0.177686584436739569E-03    0.380330685107296673E+00
    0.218894161907067528E-03   -0.237617192889062707E+02    0.104396077312425062E+01    0.987950799422870229E+00    0.473979035583888071E+04    0.453698104443949737E-03    0.583300156733856823E+00
    0.218781595319781350E-03   -0.237645967719443405E+02    0.107302560101242284E+01    0.865147286461645293E+00    0.489148765431244283E+04    0.297852423834450277E-04    0.684186608578086553E+00
    0.218436704913561273E-03   -0.237653477059151008E+02    0.106103210923020730E+01    0.975644565110071138E+00    0.482714253556160838E+04    0.347154427752898305E-04    0.631471053094881385E+00
    0.218018647830167005E-03   -0.237654225701056312E+02    0.113735302345286082E+01    0.928032522163778517E+00    0.460912199660816623E+04   -0.262142469356857347E-03    0.813102824867894314E+00
    0.217639574634995804E-03   -0.237658483551788642E+02    0.112097560972798949E+01    0.870750918382812933E+00    0.480642086889576422E+04   -0.218291925530225201E-03    0.599449063035575547E+00
    0.217581632754326504E-03   -0.237692220770755895E+02    0.111706527928299892E+01    0.960120437677105532E+00    0.490284805394871273E+04    0.336901876816420108E-03    0.536929059460626301E+00
    0.217164172832713117E-03   -0.237692873694901863E+02    0.111603299387622035E+01    0.973050346415471723E+00    0.472838648400518741E+04   -0.666691438247120523E-03    0.472128045304906707E+00
    0.217121257281192387E-03   -0.237727983444136477E+02    0.110574713959931259E+01    0.970940738562892980E+00    0.488743619393042263E+04    0.170194595878226540E-03    0.633255011030543380E+00
    0.216746361815825078E-03   -0.237732482815461026E+02    0.107896108186143236E+01    0.959239511149931445E+00    0.476773185856482723E+04    0.743387611392132535E-04    0.683274019445964997E+00
    0.216929052448638351E-03   -0.237788395765139384E+02    0.986872818554100584E+00    0.847542605315698916E+00    0.488487509836539448E+04   -0.355421496256744110E-03    0.439149279734246667E+00
    0.216925178395193909E-03   -0.237827101089556407E+02    0.112257346601525088E+01    0.924693506529549625E+00    0.465450432738970994E+04   -0.346663992125702161E-03    0.371837108954649609E+00
    0.216612128758960829E-03   -0.237837280290659479E+02    0.122670703887963550E+01    0.922480822827070335E+00    0.494906824994331510E+04   -0.181543496576540189E-03    0.901582741912585250E+00
    0.216263796253592994E-03   -0.237844155037964242E+02    0.113699584604987525E+01    0.912050552639389167E+00    0.453685796912962815E+04   -0.136894820792455955E-03    0.533367572127181000E+00
    0.215921246736413115E-03   -0.237851513563523440E+02    0.101306314416975174E+01    0.972946188293629888E+00    0.449774534602723452E+04   -0.437725672016748971E-03    0.573635494091627174E+00
    0.215720193906502862E-03   -0.237871944595316549E+02    0.115285443025597489E+01    0.945419686429082140E+00    0.474094606629514965E+04   -0.242047592827495002E-03    0.976840165142794703E+00
    0.215375479813729185E-03   -0.237879022161367786E+02    0.996951929082376176E+00    0.867846357325629314E+00    0.473947351564133078E+04   -0.364423107085172385E-03    0.573482346104201679E+00
    0.215013423925503218E-03   -0.237884435469162341E+02    0.115755347869008673E+01    0.876346371221145448E+00    0.486995673395987524E+04   -0.593937731520832748E-04    0.417010163918034915E+00
    0.214946371579505350E-03   -0.237917259958330405E+02    0.118310378589270360E+01    0.978671414720649668E+00    0.480603646464518351E+04    0.753930197066757647E-03    0.570189025558059948E+00
    0.214621752195219865E-03   -0.237926094941145934E+02    0.124620961559969179E+01    0.945001586711713970E+00    0.430650176751551589E+04    0.713303458997673078E-04    0.629249751492130471E+00
    0.214691567067816459E-03   -0.237971662235670323E+02    0.107325251141832667E+01    0.922264781643322706E+00    0.438422781329693680E+04   -0.267316582671186284E-03    0.514871104216721442E+00
    0.214375320221196259E-03   -0.237981242441580179E+02    0.119106924408473280E+01    0.991536576077103105E+00    0.488233406936555184E+04   -0.216459078348116415E-03    0.874379937950220176E+00
    0.213984695525042281E-03   -0.237983828632861218E+02    0.105867279212046683E+01    0.882850984070668199E+00    0.436640641328132460E+04    0.432728784288575336E-03    0.524395453786843935E+00
    0.213694261832736107E-03   -0.237995727417465943E+02    0.107200848975461005E+01    0.978941742564029882E+00    0.475846301014456458E+04   -0.101018605239655784E-03    0.667507475035465925E+00
    0.213339889265636305E-03   -0.238001596071256429E+02    0.106221759347374567E+01    0.942925250080426158E+00    0.424878674156232864E+04   -0.365375213434780785E-03    0.499684112738348674E+00
    0.212943692196093681E-03   -0.238003481705822182E+02    0.105276315457636449E+01    0.808751065035191341E+00    0.464380951397945773E+04    0.528545726726480848E-04    0.541825330222963530E+00
    0.212701074156637843E-03   -0.238019744154237927E+02    0.101364519572680090E+01    0.960549840453848836E+00    0.454931332538091101E+04   -0.265175116839503819E-03    0.303612435540078662E+00
    0.212887153312875290E-03   -0.238076295781622846E+02    0.113334120875959776E+01    0.906877997245190692E+00    0.477467607119339118E+04   -0.506749243403623740E-05    0.419264585466182504E+00
    0.212551322154665064E-03   -0.238083783212856801E+02    0.131489715764004811E+01    0.965327136727391677E+00    0.430031734372219216E+04    0.377013260390819059E-04    0.888269323318928827E+00
    0.212444753884454078E-03   -0.238112815665196962E+02    0.122151342822444864E+01    0.909708629215137177E+00    0.466857951367866372E+04    0.725397492836276367E-03    0.994085780088596493E+00
    0.212087495640436751E-03   -0.238118216804605289E+02    0.113959880454077123E+01    0.959726110857886949E+00    0.477771847201887886E+04    0.735921708792714466E-03    0.599644584089153887E+00
    0.211766982724278017E-03   -0.238127031850009026E+02    0.105154117811648984E+01    0.953945922840281013E+00    0.445483319313569427E+04   -0.363183523468012205E-03    0.330764049566745433E+00
    0.211811357585285176E-03   -0.238170284825012146E+02    0.129739870789867839E+01    0.985117939386532138E+00    0.440560497572134955E+04   -0.658830395207816891E-03    0.994440264039728405E+00
    0.211403230261062775E-03   -0.238170773281256700E+02    0.982558708429980276E+00    0.797249219148020605E+00    0.495827971546358913E+04   -0.278595739533341166E-03    0.342062317875761801E+00
    0.211119502652198058E-03   -0.238182975437004387E+02    0.101684068879342027E+01    0.882616325867394802E+00    0.494981403389087700E+04    0.403655949554217858E-03    0.573655248090535141E+00
    0.211270946050165536E-03   -0.238236379492777530E+02    0.104172748135670656E+01    0.952352268954677728E+00    0.492732510221656685E+04   -0.516302083513564395E-03    0.321808562580017110E+00
    0.210917428769275103E-03   -0.238241948189101365E+02    0.109313391498983337E+01    0.969352823899019111E+00    0.478440707166389166E+04   -0.365299908223110244E-03    0.362727231820985818E+00
    0.210620393048248258E-03   -0.238252824770323528E+02    0.102438201191654810E+01    0.981133586794456725E+00    0.480497892250671066E+04    0.516699719618376628E-03    0.527809494942700796E+00
    0.210274989549048401E-03   -0.238259061671277053E+02    0.113753668055285462E+01    0.975180282945006693E+00    0.468399056563368322E+04   -0.488741649314498438E-03    0.489798578944035112E+00
    0.210556116007471514E-03   -0.238324845247407566E+02    0.107802380259803154E+01    0.984920254752018831E+00    0.462948057227349727E+04   -0.353182054601104949E-03    0.613405403862443577E+00
    0.210235462222971807E-03   -0.238333426733703888E+02    0.103357963465333280E+01    0.899401548913484006E+00    0.473011310128427067E+04   -0.275932990958830293E-03    0.637352230120041940E+00
    0.209952988940945964E-03   -0.238345599077746471E+02    0.107250272677583380E+01    0.935383180940525527E+00    0.488623767084906103E+04   -0.426942091110263085E-03    0.595046645759803705E+00
    0.209833467822235494E-03   -0.238373272823295821E+02    0.974307786486702132E+00    0.945823581724632878E+00    0.489689469488806844E+04    0.176679220882768924E-03    0.376928636267812534E+00
    0.209427898695588636E-03   -0.238373641631433273E+02    0.114923968859673420E+01    0.898005877868865765E+00    0.488927415016614304E+04   -0.752154197925679747E-03    0.424909097407304537E+00
    0.209023955868409213E-03   -0.238374091043858911E+02    0.114033102148096965E+01    0.984109320577320923E+00    0.493007002784743872E+04   -0.449741540736664730E-03    0.617379256998392356E+00
    0.208928781775718153E-03   -0.238404044945133471E+02    0.968689308924254755E+00    0.979806272108173504E+00    0.466338227943964012E+04   -0.501074361046431258E-03    0.654564285898580844E+00
    0.208669853838250622E-03   -0.238418305834346107E+02    0.963694577666209806E+00    0.899328297399495824E+00    0.478480907588463469E+04    0.334274583415658142E-03    0.603256557875967103E+00
    0.208271710168769737E-03   -0.238419171730805886E+02    0.115479779422060225E+01    0.908408477775370038E+00    0.496890904956661780E+04   -0.497596396916415748E-03    0.719360103737525680E+00
    0.207894072599514154E-03   -0.238421937380987998E+02    0.105175587154776684E+01    0.883674962377750672E+00    0.483125800111893932E+04   -0.187517554423848710E-03    0.645129165433261154E+00
    0.207623997205554610E-03   -0.238435000970074071E+02    0.114571655673432171E+01    0.986786896704810124E+00    0.483705709954102076E+04    0.296734655145746568E-03    0.801806342791551052E+00
    0.207237939586952873E-03   -0.238436840703095321E+02    0.100817978478383585E+01    0.893290032582660598E+00    0.434471399527836729E+04   -0.148537421784699307E-03    0.448337596345669942E+00
    0.206870640544186461E-03   -0.238440424668556190E+02    0.125050341603260229E+01    0.998108359643925636E+00    0.489571365907949621E+04   -0.482311932732715145E-03    0.939702008664649147E+00
    0.206487973563734557E-03   -0.238442457134420849E+02    0.991313348081313661E+00    0.964161456067380462E+00    0.473109943700224539E+04   -0.218515787779230864E-03    0.691217433576315154E+00
    0.206101926329295616E-03   -0.238444092896907165E+02    0.106743704179094845E+01    0.944010758789777693E+00    0.491175796180520501E+04   -0.609022268013043912E-03    0.222604178546114390E+00
    0.205788322661996150E-03   -0.238452700320228672E+02    0.989892230362327430E+00    0.891898904478966137E+00    0.474680248847157509E+04   -0.594378620125939105E-03    0.430924764765543533E+00
    0.205416372106576901E-03   -0.238455581262810377E+02    0.109420321360666217E+01    0.992098617857176790E+00    0.489991162744608755E+04   -0.141723903178658773E-03    0.565937860769628820E+00
    0.205052210364383764E-03   -0.238459156336655589E+02    0.106055962021563066E+01    0.892451433151269624E+00    0.487710239457177613E+04   -0.440341975424916854E-03    0.586996450880893805E+00
    0.204989253919741392E-03   -0.238492077365548738E+02    0.113130580125502567E+01    0.960657546137922536E+00    0.480528312659229050E+04   -0.210775183338762019E-03    0.381187710412293268E+00
    0.204784668070199431E-03   -0.238511169256823976E+02    0.104151829711707156E+01    0.973456444571182966E+00    0.480516572089946476E+04   -0.414011361896866225E-04    0.708173797707421282E+00
    0.204491316567216564E-03   -0.238521561464480669E+02    0.156622828151237425E+01    0.720414533314179151E+00    0.483630529466852659E+04    0.511675471342479217E-03    0.635413934597160113E+00
    0.204201140122984117E-03   -0.238532223489919275E+02    0.110425461000140457E+01    0.965509952738029642E+00    0.498848281877860973E+04    0.307543185628087791E-04    0.550181032749962884E+00
    0.203967007948161003E-03   -0.238548341308752363E+02    0.108566019583812379E+01    0.999479801622448094E+00    0.482201705874369054E+04   -0.288888403238071897E-03    0.371397973523390101E+00
    0.203598560392272637E-03   -0.238551242986064125E+02    0.104832741940803476E+01    0.952278660101499863E+00    0.449025054838054893E+04    0.580264702385021387E-04    0.650110649583886091E+00
    0.203280929891907580E-03   -0.238559079477137637E+02    0.968742945155894652E+00    0.872327895845300350E+00    0.475837980233919279E+04   -0.354453983830207910E-03    0.573651774168438711E+00
    0.203083409587143045E-03   -0.238578699294684995E+02    0.119918250181683561E+01    0.949543163067803286E+00    0.480522946325936300E+04   -0.179804371834524910E-03    0.633959476237795361E+00
    0.202708061559305001E-03   -0.238580762679467142E+02    0.119770836493613131E+01    0.945043936715698529E+00    0.494111436826373028E+04    0.427321404714326651E-03    0.684822696557825572E+00
    0.202364800706691342E-03   -0.238585928963082097E+02    0.102386191141090821E+01    0.930387850347147105E+00    0.474640795809406427E+04   -0.115186081573200876E-03    0.414834756166191698E+00
    0.201993111380862191E-03   -0.238588223103230561E+02    0.113256882107902568E+01    0.936887036348218794E+00    0.493709927401874029E+04   -0.527790073868453441E-03    0.374193249452088039E+00
    0.202040073872534917E-03   -0.238631934972994735E+02    0.995565061763151071E+00    0.959615947670970360E+00    0.481674607353005104E+04   -0.424856612522511972E-03    0.586209316857117191E+00
    0.201742554975286681E-03   -0.238641524293136449E+02    0.118871793989837404E+01    0.939676965949280185E+00    0.471955630035294416E+04   -0.146504414659254028E-03    0.769906644076166158E+00
    0.201404506495494524E-03   -0.238647045825947934E+02    0.110102396334874708E+01    0.940660813449405220E+00    0.479018788765254703E+04   -0.708818914534165684E-03    0.642994688451240970E+00
    0.201091777491775337E-03   -0.238655029374008265E+02    0.100049036095611066E+01    0.862296059681814775E+00    0.480526473290510967E+04    0.487873472921849626E-03    0.604840965716999301E+00
    0.201117536001457038E-03   -0.238696653575973201E+02    0.966473770440414937E+00    0.787665541634299360E+00    0.470907980815289102E+04   -0.570706470832666401E-03    0.361779459435240369E+00
    0.200997117979385010E-03   -0.238723737599238959E+02    0.109970715806700392E+01    0.957018441405888209E+00    0.449219079629798944E+04   -0.408557865638857292E-03    0.499240372771712348E+00
    0.200683738394747909E-03   -0.238731593269912068E+02    0.973354834775014721E+00    0.938156802429731096E+00    0.494780582954304555E+04    0.263676264060145726E-03    0.526281432854998732E+00
    0.200620348387485460E-03   -0.238764337368493358E+02    0.118533200793307048E+01    0.993337246742958646E+00    0.499489760936229504E+04   -0.275301265768610989E-03    0.720147677438919276E+00
    0.200242693443402172E-03   -0.238765715670510517E+02    0.102047847009477821E+01    0.965479237503925392E+00    0.443817140351947455E+04   -0.166091641055651887E-03    0.396036357965175667E+00
    0.199887139418942990E-03   -0.238769234295613657E+02    0.111200117843415258E+01    0.995088447439768320E+00    0.488294524886364434E+04   -0.337735091881167365E-03    0.489846462093268986E+00
    0.199552316184937556E-03   -0.238774767477692578E+02    0.113654296558600643E+01    0.995118254164518934E+00    0.487242650401417905E+04   -0.323328920699917407E-03    0.479494555089622354E+00
    0.199282544337340780E-03   -0.238786773978787252E+02    0.115455869097462660E+01    0.994768662706505546E+00    0.496948699946220040E+04   -0.275290074590634750E-03    0.612769401171603834E+00
    0.199012290928130448E-03   -0.238798695433836770E+02    0.106658101669412053E+01    0.927132114930140916E+00    0.427255026103898854E+04   -0.223270110048106229E-03    0.377689119649053717E+00
    0.198709265733268653E-03   -0.238807281813202295E+02    0.109208898532482879E+01    0.921331882518572343E+00    0.460784415164540405E+04   -0.763541069449991697E-05    0.637320993565479998E+00
    0.198418857034525958E-03   -0.238817093425757179E+02    0.991603726398244234E+00    0.980915312248138438E+00    0.479522706579673286E+04   -0.263180480758166361E-03    0.549838241959306528E+00
    0.198140836005081646E-03   -0.238828112624344655E+02    0.103540312119060829E+01    0.955710712718776723E+00    0.467951820659293298E+04   -0.663988573837912097E-03    0.621970405398044379E+00
    0.197765851946340299E-03   -0.238829289008016445E+02    0.977079180085307808E+00    0.907754687962222140E+00    0.479363782498038654E+04   -0.444781089955782185E-03    0.418058538358462128E+00
    0.197451624872613767E-03   -0.238836548548039325E+02    0.103040051819395218E+01    0.903454080100059453E+00    0.466384032099710657E+04   -0.462386140500034419E-03    0.353142887796520255E+00
    0.197128974555504602E-03   -0.238842902862234752E+02    0.121219622796941850E+01    0.859866846165466825E+00    0.466395785303624507E+04    0.403724203178134689E-03    0.870077753235351414E+00
    0.197145310167450342E-03   -0.238883622646272116E+02    0.105089206885669451E+01    0.862160479991558093E+00    0.449020396033675388E+04   -0.382530082564992182E-03    0.462900403445870468E+00
    0.196796709792965862E-03   -0.238887289027269034E+02    0.107042475150503158E+01    0.982214883711435616E+00    0.491049172956307757E+04   -0.135410000741375229E-03    0.633519770412439343E+00
    0.196523751969607230E-03   -0.238898592191692245E+02    0.110932115079191229E+01    0.915970311761509004E+00    0.477726508948471019E+04    0.258140269191555892E-03    0.672185031315451154E+00
    0.196261360653597519E-03   -0.238910933581690159E+02    0.108211506589160034E+01    0.959392079619568516E+00    0.459367173786879721E+04    0.944896647168225694E-04    0.521762195105690663E+00
    0.195889833470291896E-03   -0.238912099749863991E+02    0.962418065499365483E+00    0.880267606341711750E+00    0.462975140956152973E+04    0.870185737652084940E-04    0.459971846969436937E+00
    0.195923065566934478E-03   -0.238954554899447515E+02    0.110648137833382654E+01    0.956302476413692371E+00    0.476013445531409252E+04   -0.569990034805521349E-03    0.784911191444696010E+00
    0.195904535588477675E-03   -0.238991725753385253E+02    0.106910937804581008E+01    0.964488337812543395E+00    0.478881614223679207E+04   -0.664540280976331750E-03    0.516792454677152180E+00
    0.195610669331063887E-03   -0.239000764764243279E+02    0.998930587455182040E+00    0.963750994510837677E+00    0.497469435087722104E+04    0.441932776236233009E-05    0.608582958226653870E+00
    0.195364861336433989E-03   -0.239014679089205728E+02    0.118664656798929458E+01    0.994592259883751550E+00    0.498429750220280675E+04   -0.756558534480574764E-03    0.533359371795092407E+00
    0.195001218932371268E-03   -0.239016479897923304E+02    0.120315715325951067E+01    0.939530858795755375E+00    0.482493107999289714E+04   -0.937221254489648123E-03    0.775250275195752625E+00
    0.194767674038419982E-03   -0.239031574869871299E+02    0.103369479916703977E+01    0.863505861111653061E+00    0.485080018522705359E+04    0.590809566959918535E-04    0.330205172090742627E+00
    0.194432490141818867E-03   -0.239036188876749947E+02    0.113742842412458733E+01    0.968477289375342831E+00    0.460791960993371777E+04   -0.469829085968577909E-04    0.523007603574330737E+00
    0.194274714971593462E-03   -0.239059015487441329E+02    0.992485713380471424E+00    0.963432847926375180E+00    0.476445052392640264E+04   -0.101671970407849721E-03    0.403030267810364218E+00
    0.194047942159877548E-03   -0.239074718769704546E+02    0.111144644073134669E+01    0.973938554004020629E+00    0.473628876654283249E+04   -0.330962011095459858E-03    0.627521161081590062E+00
    0.193679795807852871E-03   -0.239075801375401866E+02    0.112935199545801401E+01    0.979865881191269827E+00    0.459755399489224328E+04   -0.447218659992940114E-03    0.424195871011808445E+00
    0.193454776036255921E-03   -0.239091614099918353E+02    0.113836444664219405E+01    0.923930391541509577E+00    0.489997142660978170E+04   -0.318712940877470356E-03    0.603041117577354457E+00
    0.193103084977983415E-03   -0.239094284515753870E+02    0.106230850470618643E+01    0.914461622046972789E+00    0.454632355824198839E+04   -0.643661887943858648E-03    0.349759937856044201E+00
    0.193165246687025975E-03   -0.239139784168839640E+02    0.114805602136905693E+01    0.897489325779059488E+00    0.481146825729954980E+04    0.844994275268907936E-05    0.646177145060875757E+00
    0.193099414650239778E-03   -0.239172029370338350E+02    0.104862500642484968E+01    0.930398213549601838E+00    0.474041533002888536E+04   -0.185495502726514835E-03    0.447128679175406885E+00
    0.192965001529889218E-03   -0.239197165373086094E+02    0.110884729044722152E+01    0.935738841416169365E+00    0.498194854446225236E+04   -0.314781832991927097E-03    0.681555624163158957E+00
    0.192825484785967810E-03   -0.239221762327153300E+02    0.109403891113387841E+01    0.978618267327249769E+00    0.469972756173581638E+04   -0.404327927792147641E-03    0.546669257975245126E+00
    0.192498186066665099E-03   -0.239226848321396695E+02    0.961416186715135512E+00    0.943082001080176591E+00    0.483217039178791219E+04    0.316188969384389941E-03    0.450920328145252014E+00
    0.192146231964200858E-03   -0.239229310347381130E+02    0.105682651036653441E+01    0.946793964400640786E+00    0.491116369353986101E+04   -0.478840635177326605E-03    0.742248087911973942E+00
    0.192016409383061995E-03   -0.239254855386586485E+02    0.104128310177856442E+01    0.877125944747004116E+00    0.465417113056996823E+04    0.806027444844661120E-04    0.486660814432293531E+00
    0.191808756820092778E-03   -0.239272277556403665E+02    0.111890133923897905E+01    0.971253099823107258E+00    0.465977757284951258E+04   -0.662501468402018363E-03    0.704436535428164090E+00
    0.191683707366168625E-03   -0.239298296831825752E+02    0.101459302970685838E+01    0.992063613066314187E+00    0.479539416085249195E+04   -0.110357924780980733E-02    0.398228763753092907E+00
    0.191375378825614490E-03   -0.239305162877726580E+02    0.124458724718013469E+01    0.890221402266949347E+00    0.466802396884453628E+04   -0.581734295414053013E-03    0.752741039944563872E+00
    0.191004523492997069E-03   -0.239305430927846352E+02    0.104264844107382726E+01    0.886753600675834641E+00    0.493165240465398983E+04   -0.118952045502261888E-02    0.557727008381643130E+00
    0.190731279008448859E-03   -0.239315861632828053E+02    0.108660367031245242E+01    0.951078771547057222E+00    0.457219800909452078E+04    0.102426919336842613E-03    0.452504240748145992E+00
    0.190447654047914028E-03   -0.239325161206465893E+02    0.100864907025624251E+01    0.986114622942009689E+00    0.450620384593081963E+04   -0.694457202246112973E-03    0.417996358638884569E+00
    0.190229184934572279E-03   -0.239341267843124044E+02    0.105996564187727627E+01    0.979533479618735159E+00    0.445027111978138146E+04   -0.263996436428658578E-03    0.458426115401086243E+00
    0.189976881412568270E-03   -0.239353786467961029E+02    0.102340981538126385E+01    0.918110760465607356E+00    0.451100133005453790E+04   -0.314104076653673318E-03    0.512157412146160063E+00
    0.189675192951404761E-03   -0.239361063178282762E+02    0.119920554593598783E+01    0.898526487097007887E+00    0.495164267910222770E+04   -0.170395067178889456E-03    0.910164574038044960E+00
    0.189358620474032842E-03   -0.239366717307865535E+02    0.124747286678379865E+01    0.972706715619613527E+00    0.456618246775031184E+04    0.483749169635159360E-04    0.591919216785215418E+00
    0.189182607325050987E-03   -0.239387180707029117E+02    0.123860458482961033E+01    0.924020090014368689E+00    0.466832656262530600E+04    0.444272298230929973E-03    0.766704552078117385E+00
    0.188926146251587325E-03   -0.239399112270719030E+02    0.113190134605483483E+01    0.927312404317954919E+00    0.471694743370241304E+04    0.940204027055782594E-04    0.575500696897893627E+00
    0.188742933508203941E-03   -0.239418770189557470E+02    0.966973610154004515E+00    0.901354299417834848E+00    0.475855260454854306E+04   -0.353527430580803019E-03    0.351682701002010767E+00
    0.188561906704435667E-03   -0.239438641118354170E+02    0.103459242294872200E+01    0.869635921020575853E+00    0.494887071305799691E+04    0.197647553573474780E-03    0.647300002237047090E+00
    0.188257948399315784E-03   -0.239445437975562001E+02    0.116031739195410477E+01    0.908221499349614270E+00    0.499449400256449371E+04    0.454800318751661672E-04    0.504775166190705837E+00
    0.187935148923247129E-03   -0.239450177724018403E+02    0.101966619408050008E+01    0.952815916403143337E+00    0.466355278002762134E+04    0.416142747067702284E-03    0.735736636134959654E+00
    0.187592707426421359E-03   -0.239452764464795536E+02    0.116637027549855721E+01    0.887068142813376093E+00    0.479410895838657416E+04   -0.484884381519507452E-05    0.687863579971172312E+00
    0.187307128942966412E-03   -0.239461357115413236E+02    0.987930325710090984E+00    0.950914356842219810E+00    0.495306072017934548E+04    0.583444876550398474E-03    0.427627242756405290E+00
    0.186999498116511583E-03   -0.239467544867975164E+02    0.147376675587242945E+01    0.719176928118497649E+00    0.483778259861938022E+04    0.558125801479925098E-03    0.862020636179623323E+00
    0.186721903146359392E-03   -0.239476895928355802E+02    0.103290511803389751E+01    0.966300262974422508E+00    0.488996677509000983E+04    0.423379526060540655E-03    0.278618325426145841E+00
    0.186390122365859425E-03   -0.239480389393292370E+02    0.112098470999833100E+01    0.919799149164823970E+00    0.475850608778424248E+04   -0.426377285881545461E-03    0.933521000568775072E+00
    0.186057594539017570E-03   -0.239483739185160971E+02    0.101892452563418612E+01    0.867999620107335779E+00    0.484054741030645891E+04   -0.728851665687617529E-03    0.491830558062445578E+00
    0.185764610781131122E-03   -0.239491282984628917E+02    0.100726901465669449E+01    0.874497053709568539E+00    0.473744117837968042E+04    0.125698040036608104E-03    0.391309383566488811E+00
    0.204299121467157557E-03   -0.241393392956082167E+02    0.167339714781864357E+01    0.653106394647416266E+00    0.480303239031062276E+04    0.207174894479767970E-03    0.694506761281767249E+00
    0.225313818852268451E-03   -0.243351572541949679E+02    0.143073807765696936E+01    0.641375615563426482E+00    0.492969479428711111E+04    0.281342308530842385E-03    0.708971369536049667E+00
    0.197539781724600112E-03   -0.240720488734214904E+02    0.149234889344244204E+01    0.701986701017743520E+00    0.497590075040877491E+04    0.115971711604569505E-03    0.939091248303289050E+00
    0.389997146954110610E-03   -0.254324477395882695E+02    0.143221604855148366E+01    0.714896456039864958E+00    0.491899515310495190E+04    0.230532560092749884E-03    0.881279521132046217E+00
    0.240957519854173655E-03   -0.244694101959763515E+02    0.142140683402385237E+01    0.663657480780277864E+00    0.494805630281712547E+04    0.331908698835513011E-03    0.715393357531772134E+00
    0.218761867289122696E-03   -0.242761364408605260E+02    0.149094026089303133E+01    0.668529095071142110E+00    0.488938103626340035E+04    0.121859791011333664E-03    0.870627791815173357E+00
    0.441618904398940028E-03   -0.256810634982410093E+02    0.151442962661900271E+01    0.702063847220036008E+00    0.492779498144928220E+04    0.114706777428800870E-03    0.883656545512960134E+00
    0.212014018344594676E-03   -0.242134736859046740E+02    0.147786313889174670E+01    0.733890654048498514E+00    0.490582762356943931E+04    0.299054747688728788E-03    0.851622186419890292E+00
    0.187629685682562272E-03   -0.239691094189983289E+02    0.112938529094525886E+01    0.883930640935422618E+00    0.446820873424378624E+04    0.291638870415338264E-03    0.552886690925047386E+00
    0.188142840367938732E-03   -0.239745718194538142E+02    0.100765076593603586E+01    0.939379201342809167E+00    0.465007414630959920E+04    0.183664621495508427E-03    0.542022384202560437E+00
    0.226120242796304610E-03   -0.243423027035115886E+02    0.101372763326938431E+01    0.932888716960568298E+00    0.454678146592259600E+04    0.763604809231777131E-04    0.621502019747943280E+00
    0.310445820760522819E-03   -0.249761876840870727E+02    0.107379494142961640E+01    0.959522752962893799E+00    0.467705349743467468E+04    0.256418703668298391E-03    0.530729942082742934E+00
    0.251324026536386459E-03   -0.245536549903152732E+02    0.115490822843718677E+01    0.893512974958769912E+00    0.463692452520560528E+04    0.303706642026030696E-03    0.628855232205348336E+00
    0.190043250170904158E-03   -0.239946722498681382E+02    0.106362163303808588E+01    0.900071464506549179E+00    0.458146206751406407E+04    0.497603396746287068E-04    0.652639250953637950E+00
    0.244160869644561760E-03   -0.244958235121413850E+02    0.116616601555032551E+01    0.924857039649179313E+00    0.446867642315719877E+04    0.188452105859520779E-03    0.480045456896688538E+00
    0.647877119909001935E-03   -0.264475709895993987E+02    0.110879825300699664E+01    0.961525955199135862E+00    0.463639963213027386E+04    0.144273727701832352E-03    0.420226787283446312E+00
    0.842352379621837425E-03   -0.269725657520152531E+02    0.110730334024770416E+01    0.927356950407668856E+00    0.464373983018815034E+04    0.334953855946097464E-04    0.411249971464694219E+00
    0.253949255670957771E-03   -0.245744378248723407E+02    0.102347332794110946E+01    0.973981982240574973E+00    0.454679634242874727E+04    0.241258294715909175E-04    0.479537441735857328E+00
    0.303917303221082965E-03   -0.249336801634422400E+02    0.115121862401380226E+01    0.965177091554002775E+00    0.456605527789202188E+04    0.151381546476724949E-03    0.512649949317343645E+00
    0.279944306217471480E-03   -0.247693502464361259E+02    0.118362811133256973E+01    0.953230202516858305E+00    0.464389485309181873E+04    0.515640301360841964E-04    0.307254732058697522E+00
    0.267543150659732163E-03   -0.246787306208076913E+02    0.106612531520071729E+01    0.940711762013051400E+00    0.430656517054001779E+04    0.517439574162767478E-04    0.632398149951154065E+00
    0.209547298322297534E-03   -0.241900678554563839E+02    0.109923178683757183E+01    0.919107569634032062E+00    0.403976801995504684E+04    0.102814113310073315E-03    0.588341921281307911E+00
    0.226635556577379468E-03   -0.243468553917758257E+02    0.126015709511714791E+01    0.972921579099077838E+00    0.434477459730480496E+04    0.607532047495133365E-04    0.675208901811870321E+00
    0.194200089937671762E-03   -0.240379469303508060E+02    0.120952454175376589E+01    0.966645548023925660E+00    0.410552569696665250E+04    0.108636882576189603E-03    0.691331675564409998E+00
    0.208325800712557871E-03   -0.241783753000687724E+02    0.127076841700935161E+01    0.969871431563451680E+00    0.446886331687171332E+04    0.196249257545467846E-03    0.631545753755354156E+00
    0.199244351519835028E-03   -0.240892328295189841E+02    0.114846272598326848E+01    0.967576621450074947E+00    0.496233312532967466E+04    0.123844342667177038E-03    0.849892842230903334E+00
    0.205149404476169040E-03   -0.241476459244264348E+02    0.123113237423161559E+01    0.971728119386555012E+00    0.495852415964928605E+04    0.210113920531907535E-04    0.914273974235435993E+00
    0.245684189024633539E-03   -0.245082627458438509E+02    0.120805558252654843E+01    0.955578178938666589E+00    0.479431829448926601E+04    0.719731461124952713E-03    0.977374827445989025E+00
    0.220788190901656409E-03   -0.242945765518737815E+02    0.118107373133270177E+01    0.928688560870532531E+00    0.487442536122978345E+04   -0.446951903655539459E-05    0.941633120785169919E+00
    0.247431706686474418E-03   -0.245224381151038529E+02    0.116885444692837748E+01    0.932153261705247815E+00    0.481763678541003992E+04    0.222921703105333967E-03    0.597835474346142037E+00
    0.205258413463572074E-03   -0.241487083699764611E+02    0.113242121476191437E+01    0.922101892588367278E+00    0.492620295497298503E+04    0.138389185001350765E-03    0.626461525012266485E+00
    0.363017816346169195E-03   -0.252890727202066969E+02    0.107814689149439391E+01    0.970740085107191009E+00    0.484975633444924370E+04    0.743164965634150455E-04    0.672619928681004620E+00
    0.186312217844189276E-03   -0.239550166064285861E+02    0.118648992639202167E+01    0.983490288112904620E+00    0.498422294925672304E+04    0.332162239168158581E-03    0.624184084780494808E+00
    0.216277947745551353E-03   -0.242532976435813197E+02    0.101806525342298082E+01    0.872349277328862804E+00    0.495761656694486737E+04    0.317139759364023783E-03    0.668037556599778259E+00
    0.223276802006055136E-03   -0.243169934250574684E+02    0.115745424295958266E+01    0.902692965186200236E+00    0.489198924839126448E+04    0.306425567402718107E-03    0.573574746511454903E+00
    0.295492863214270797E-03   -0.248774582623896592E+02    0.112669949932778080E+01    0.944392137015534372E+00    0.495755215644090094E+04    0.252840211516924850E-03    0.612946000495750876E+00
    0.320465173364019621E-03   -0.250397161064102178E+02    0.110180675418075547E+01    0.906079883213512627E+00    0.489140804163313078E+04    0.326210180409961718E-03    0.693136025920670029E+00
    0.286489146289257957E-03   -0.248155701956590775E+02    0.113765011482525669E+01    0.921530518140582622E+00    0.466896839215234468E+04    0.136785211349335000E-05    0.743916215218334842E+00
    0.274272488790369663E-03   -0.247284130861033908E+02    0.118518703601266107E+01    0.980129083681607671E+00    0.483670207091044813E+04    0.138213190170910065E-03    0.709708205243770762E+00
    0.243020555529687072E-03   -0.244864609532391810E+02    0.112499469947990116E+01    0.951102488479526165E+00    0.494138712322049105E+04    0.716079265517186985E-04    0.730522894666369327E+00
    0.189894505238276883E-03   -0.239931062571431823E+02    0.117161359821922262E+01    0.927703618729273538E+00    0.492644521757013354E+04    0.755787492223510438E-04    0.678230114706668830E+00
    0.347148112473015470E-03   -0.251996719443506549E+02    0.115801825672940750E+01    0.931864404257937262E+00    0.489173371074578699E+04    0.109134413306720055E-03    0.679940752413003335E+00
    0.259414184106299508E-03   -0.246170207940550689E+02    0.125131128503495925E+01    0.934356375976338027E+00    0.495516121254106474E+04    0.506068288576744810E-04    0.718228559258476063E+00
    0.358349126475943861E-03   -0.252631843420165296E+02    0.109190575334199691E+01    0.902183191019695907E+00    0.489141707379236777E+04    0.116802189928751353E-03    0.679769874820953190E+00
    0.295767475235148274E-03   -0.248793160703484588E+02    0.974930808136996174E+00    0.896333552199554351E+00    0.498900047125543642E+04    0.850350633861209894E-05    0.516420269466948523E+00
    0.292233110379638459E-03   -0.248552725063904347E+02    0.107115549178925340E+01    0.900434011333216766E+00    0.485013212200298130E+04    0.304415098089801999E-04    0.497315352567501479E+00
    0.268282710950345040E-03   -0.246842515246178742E+02    0.102645270718396331E+01    0.912751780758206177E+00    0.491124493288961366E+04   -0.160784766084722092E-04    0.667395547402525491E+00
    0.254920481626119742E-03   -0.245820722119328003E+02    0.102362407471666472E+01    0.869986220187962900E+00    0.494862058978206096E+04   -0.388813275144577768E-04    0.539270151302023049E+00
    0.227467314975861334E-03   -0.243541820076662532E+02    0.101408036943300917E+01    0.907703470701467618E+00    0.491071892122480585E+04   -0.911685156547684765E-05    0.567563978689834547E+00
    0.310390138545031040E-03   -0.249758289277050913E+02    0.102815553685993311E+01    0.894949673466813311E+00    0.494146491819824678E+04   -0.351814762300274190E-04    0.477119909351805371E+00
    0.280893446554888928E-03   -0.247761196997325044E+02    0.105561079075245834E+01    0.910339937165880131E+00    0.480646645498152247E+04   -0.238341801617501010E-04    0.642550380593895465E+00
    0.327959080846025846E-03   -0.250859465865660880E+02    0.944163288606498896E+00    0.930948164633912834E+00    0.491893893743187709E+04   -0.176365390979919373E-05    0.518629000000725426E+00
    0.190842294591381169E-03   -0.240030637008294079E+02    0.980082717540107007E+00    0.834819068626785565E+00    0.480311250477991780E+04   -0.279006992204889401E-04    0.527817400720282159E+00
    0.275698430795926982E-03   -0.247387841450087826E+02    0.102080611968085444E+01    0.927452257825765458E+00    0.482178947685211097E+04    0.133560880029346855E-03    0.503711880805528867E+00
    0.337217757204216382E-03   -0.251416266633772523E+02    0.101836409407584760E+01    0.923829268404654735E+00    0.481166413668112818E+04    0.201608336913099807E-03    0.613327770320839294E+00
    0.302494401202362993E-03   -0.249242944301543083E+02    0.102282868159815621E+01    0.915224087981389323E+00    0.480207350732064606E+04    0.203219704636313958E-03    0.567516016282756608E+00
    0.195213060809657266E-03   -0.240483520556512929E+02    0.109300112068968125E+01    0.897955786479947116E+00    0.491177851508882850E+04    0.131420699226819280E-03    0.527953237079806570E+00
    0.231293228277498422E-03   -0.243875414764281757E+02    0.102469297237852297E+01    0.839253201970727614E+00    0.486916234371535484E+04    0.196702929791215308E-03    0.588163411507939715E+00
    0.337075846992941814E-03   -0.251407848329788237E+02    0.111061845199218201E+01    0.969283952147550920E+00    0.495730574266546864E+04    0.177691417708599863E-03    0.567863292214573323E+00
    0.233148921991028850E-03   -0.244035236915435796E+02    0.120256468819782558E+01    0.919348026320108258E+00    0.498740123054616652E+04   -0.277512624188775274E-04    0.397422845116305601E+00
    0.327189878766838296E-03   -0.250812502351709128E+02    0.102142288131455050E+01    0.972186284845481197E+00    0.496202457104120913E+04    0.396662486224399737E-04    0.488065760079999245E+00
    0.212483482952262510E-03   -0.242178974085191214E+02    0.118723916719294365E+01    0.904008686641906367E+00    0.484920074302320609E+04    0.143582542808888853E-04    0.449115632256784081E+00
    0.251285559079597576E-03   -0.245533488484670883E+02    0.101695841747362192E+01    0.933344196681306526E+00    0.490147028819522257E+04    0.466375200297362741E-04    0.595455703530335723E+00
    0.221086167809715346E-03   -0.242972739426352256E+02    0.967108504289768800E+00    0.952499460628697281E+00    0.498992559293536760E+04    0.109821094823909783E-04    0.514525576661075457E+00
    0.297980617155016588E-03   -0.248942257749710407E+02    0.105244553915807382E+01    0.932485996604495826E+00    0.493756179855296341E+04    0.402911607511656248E-04    0.563130683620538974E+00
    0.213176844218010636E-03   -0.242244130439658107E+02    0.110446309391121100E+01    0.931504195499652021E+00    0.488269034539206223E+04   -0.258625509844907637E-04    0.600670991469179461E+00
    0.452569947861400531E-03   -0.257300535566044744E+02    0.104359851749879251E+01    0.933366487054481775E+00    0.489180425145853951E+04    0.341075890432702530E-04    0.544474945766830087E+00
    0.274666131119636703E-03   -0.247312814752635894E+02    0.111506370001522193E+01    0.931263203665152806E+00    0.481789482288583167E+04    0.144212098256331085E-03    0.525155926844009913E+00
    0.222122824169694458E-03   -0.243066298742088094E+02    0.116396352102797884E+01    0.948357164255451579E+00    0.481550155276977512E+04    0.124366927586330738E-03    0.532551241210186044E+00
    0.678059554787929959E-03   -0.265386391384050313E+02    0.108164246036801237E+01    0.920595711747739687E+00    0.498752926133702658E+04    0.150917455591718541E-04    0.408139929226750686E+00
    0.225536144858481632E-03   -0.243371297598365750E+02    0.103023741054976425E+01    0.983880873360909125E+00    0.492257614714423653E+04   -0.148098919094214409E-04    0.624790609153221377E+00
    0.210727277333009466E-03   -0.242012984383143888E+02    0.100855865878875539E+01    0.990616238462446397E+00    0.480361209825328842E+04   -0.904967533292553154E-05    0.529608793397594368E+00
    0.213433941814076395E-03   -0.242268236499383605E+02    0.115768589666090116E+01    0.881729780247062722E+00    0.486955700145918036E+04   -0.736668549636148489E-05    0.601852146900356821E+00
    0.223644254862466582E-03   -0.243202821753507266E+02    0.980332611274604804E+00    0.875837351062931924E+00    0.495164323303734727E+04    0.230106348530050654E-03    0.352080356181249166E+00
    0.217211044424686428E-03   -0.242619077641345129E+02    0.103241061816556767E+01    0.844426720511349149E+00    0.489563043677250789E+04    0.246676887463026225E-03    0.332073585767025059E+00
    0.202563379515485260E-03   -0.241222745380761232E+02    0.101335617086442253E+01    0.891990798629308967E+00    0.477702212099022108E+04    0.212933116563661449E-03    0.418655746944425977E+00
    0.209686263781765851E-03   -0.241913937556430056E+02    0.967849964916760008E+00    0.845306643020561355E+00    0.480591077443126778E+04    0.551014366027062562E-03    0.396235021618312977E+00
    0.222911862749419331E-03   -0.243137218104527975E+02    0.969652244037400024E+00    0.885510426987493382E+00    0.497540967248517609E+04    0.485695339746295134E-03    0.350141059734836557E+00
    0.219898324243336934E-03   -0.242864994463830755E+02    0.941066830038126523E+00    0.874222139267117782E+00    0.481127646745981292E+04    0.310130401675948566E-03    0.418575519893114312E+00
    0.210317537035310332E-03   -0.241974058319878296E+02    0.956083150643797453E+00    0.829008927609315993E+00    0.484948870419801369E+04    0.337371134426972259E-03    0.479755489127511536E+00
    0.253652368530595407E-03   -0.245720982959184440E+02    0.988461142305973928E+00    0.897043106613893748E+00    0.495182202690456688E+04    0.294091392567821146E-03    0.372907147162819419E+00
    0.291376011231891702E-03   -0.248493980282014064E+02    0.962951532548312783E+00    0.887109964149913610E+00    0.481104670072204226E+04    0.895860970688143639E-03    0.444611605800373455E+00
    0.318351874009680576E-03   -0.250264834785567878E+02    0.104330682279157561E+01    0.901748594381055146E+00    0.495844582094439647E+04    0.403428602481689864E-03    0.373595067282201820E+00
    0.194809712987533540E-03   -0.240442153949943780E+02    0.101469388157246354E+01    0.922554238954717998E+00    0.497726251659761238E+04    0.191359455133120911E-03    0.414292005005064856E+00
    0.189232247192040552E-03   -0.239861190559965891E+02    0.102944231519403484E+01    0.910017265397439101E+00    0.493914539345418962E+04    0.174003610815849852E-03    0.511533932550500725E+00
    0.221786291355847265E-03   -0.243035974257498850E+02    0.950552493238353780E+00    0.870137147563204372E+00    0.498945247034676868E+04    0.115021175606098112E-03    0.462204358099376655E+00
    0.357875969027072300E-03   -0.252605418346781221E+02    0.945869088799339730E+00    0.900465186207229373E+00    0.481798664819040914E+04    0.199597301011716319E-03    0.490089443558525961E+00
    0.275197448872095283E-03   -0.247351465642576791E+02    0.991705248214521329E+00    0.911401269562798655E+00    0.498001247950480411E+04    0.298495260597312793E-03    0.394782224369354062E+00
    0.325056735389688380E-03   -0.250681683674467699E+02    0.103613232739299077E+01    0.887657656093512104E+00    0.499479171964739908E+04    0.292830212751187002E-03    0.491788454291467558E+00
    0.350015485160783417E-03   -0.252161236860415165E+02    0.106361890935221992E+01    0.882822112062189523E+00    0.466892635314271047E+04    0.376804933761102571E-03    0.526595671131813048E+00
    0.228647304345004285E-03   -0.243645302135921256E+02    0.105682380485146687E+01    0.918428872686280373E+00    0.481420366742627539E+04    0.249228659386858855E-03    0.449351215786429337E+00
    0.190650470080667560E-03   -0.240010523963471840E+02    0.960455021872619663E+00    0.926961986629497137E+00    0.476067246296294343E+04    0.208406631734153497E-03    0.468421185423629538E+00
    0.209385768986496173E-03   -0.241885255628429725E+02    0.992359923220681783E+00    0.984163785068731256E+00    0.480167528789128846E+04    0.183168998423033315E-03    0.526922347917154088E+00
    0.187078573039175329E-03   -0.239632263029692965E+02    0.101234195649909364E+01    0.962624929434341192E+00    0.474304735683824492E+04    0.143597497062721930E-03    0.446951285264331255E+00
    0.217903094830280378E-03   -0.242682697820670015E+02    0.100318893204143977E+01    0.955596718859931582E+00    0.479591607784637836E+04    0.198024207051753306E-03    0.508567041015855037E+00
    0.207444230038644344E-03   -0.241698939576935281E+02    0.104617684441951009E+01    0.993814026959018548E+00    0.489966088762952768E+04    0.149211339908923170E-03    0.490123315985339647E+00
    0.361640147992811243E-03   -0.252814681945909001E+02    0.103986052524930250E+01    0.986718707551904162E+00    0.488928799397203238E+04    0.188719046049949207E-03    0.506164154877195571E+00
    0.275921735193609919E-03   -0.247404034071289800E+02    0.962794054415340828E+00    0.975476369357208939E+00    0.488252346491145636E+04    0.149209323408163857E-03    0.497157701698709098E+00
    0.264525332763881817E-03   -0.246560429379130497E+02    0.991644320389651224E+00    0.914591146046215386E+00    0.480586399722880651E+04    0.340580655526031293E-03    0.422999680580896043E+00
    0.245126644735637624E-03   -0.245037188809536133E+02    0.102903107839582719E+01    0.941619943527218561E+00    0.491059455637589690E+04    0.273413114130529645E-03    0.458988805939982702E+00
    0.242339510717668648E-03   -0.244808482520192072E+02    0.983230892418983649E+00    0.981184772589953846E+00    0.494889659927869252E+04    0.359704778800216615E-03    0.474507223524901489E+00
    0.202637843766677246E-03   -0.241230096222540737E+02    0.110386282344540909E+01    0.912918105902216226E+00    0.479495473930117168E+04    0.336631736818174233E-03    0.455182999062238802E+00
    0.237679484274895845E-03   -0.244420150150437188E+02    0.974265327664136649E+00    0.926741288508122762E+00    0.480115124414551883E+04    0.387888524970937513E-03    0.468567684996986811E+00
    0.206001121495962659E-03   -0.241559321182588036E+02    0.103379807972095938E+01    0.932341776146733636E+00    0.473625091665082073E+04    0.364707147643322620E-03    0.468279060610815145E+00
    0.263364814459999912E-03   -0.246472492888587098E+02    0.102579695154897688E+01    0.994631862930535515E+00    0.453900725928797692E+04    0.387940553001848933E-03    0.475619775559838587E+00
    0.251150694622947817E-03   -0.245522751643219266E+02    0.104206117236614126E+01    0.990549878818233198E+00    0.453996100437448149E+04    0.347529998291276371E-03    0.457445348002573748E+00
    0.341255745683130475E-03   -0.251654332594471803E+02    0.102756273338747195E+01    0.949968367217774001E+00    0.453622228009867104E+04    0.354828557546819163E-03    0.543479735452697121E+00
    0.187687574699973666E-03   -0.239697263798896181E+02    0.112438711886996701E+01    0.960699890602131124E+00    0.453611116058575317E+04    0.492155843145557909E-03    0.500970181777024237E+00
    0.241060893903250004E-03   -0.244702680391434235E+02    0.102109433136170558E+01    0.987212467405342853E+00    0.482467887932189660E+04    0.213865736203138911E-03    0.411911106252250581E+00
    0.336913948000665590E-03   -0.251398239935323353E+02    0.103990709355197253E+01    0.929766613153634847E+00    0.456647553513681032E+04    0.996810165685833860E-03    0.499616092095040654E+00
    0.232336643843470406E-03   -0.243965436343159432E+02    0.972091502832216681E+00    0.774411233524663123E+00    0.464395786976612908E+04    0.269814537272315886E-03    0.348344004958589304E+00
    0.193382947669379736E-03   -0.240295137080503025E+02    0.950139158168832099E+00    0.841605744894357355E+00    0.480388093634100369E+04    0.196341480482800732E-03    0.415519567902833398E+00
    0.209557605104175913E-03   -0.241901662249270935E+02    0.992822410814812484E+00    0.842502598848400619E+00    0.485314107237247117E+04    0.228765496200454859E-04    0.326617791876910646E+00
    0.198727589505688401E-03   -0.240840388723445358E+02    0.114752994661859176E+01    0.916071262893870863E+00    0.489500847316073941E+04    0.207778432192747264E-03    0.445137316291809637E+00
    0.223503877143007646E-03   -0.243190264149972961E+02    0.109034677733296270E+01    0.942930457514129183E+00    0.496016440143761702E+04    0.876001781282220536E-04    0.422840447037875156E+00
    0.258606015404189626E-03   -0.246107803473809525E+02    0.109783096654860790E+01    0.952784204501182841E+00    0.491104759108822418E+04    0.119435833397642466E-03    0.419756372262962030E+00
    0.210542589838458977E-03   -0.241995448117602479E+02    0.107442579555237216E+01    0.932840480421628815E+00    0.497569047393243818E+04    0.106727116151712444E-03    0.430679884269187685E+00
    0.211259172020805360E-03   -0.242063402586884067E+02    0.106696591770752724E+01    0.958492919632307760E+00    0.498763615971988293E+04   -0.260818678587902040E-05    0.261072814466260572E+00
    0.187353725868544653E-03   -0.239661657169002034E+02    0.102711578032852957E+01    0.911946272154589677E+00    0.483759188989560698E+04    0.527539752946795670E-03    0.443617353680644089E+00
    0.231477358953091703E-03   -0.243891330268887359E+02    0.100068115931814150E+01    0.970343301976299699E+00    0.490224797471023794E+04    0.310659677117912922E-03    0.380641943858442744E+00
    0.254171550208912261E-03   -0.245761877595301144E+02    0.103017639229697711E+01    0.970172720693591728E+00    0.497803832773340491E+04    0.406277060798645984E-03    0.357797178807525929E+00
    0.395565699792260500E-03   -0.254608026758454571E+02    0.109163067157662796E+01    0.946949112421545669E+00    0.498765233705553874E+04    0.354697414908483068E-03    0.279072072653505809E+00
    0.195539967556760622E-03   -0.240516984847217330E+02    0.113250908071973289E+01    0.934339194341474499E+00    0.495746814452371109E+04    0.476699763234115094E-03    0.435951825255411929E+00
    0.361482261232686137E-03   -0.252805948333971671E+02    0.109366473857563085E+01    0.982755287011766954E+00    0.498527244941507888E+04    0.538117520985246329E-03    0.385850671540461820E+00
    0.222733081666465281E-03   -0.243121171151025166E+02    0.975922646258056581E+00    0.981754757219009511E+00    0.496106515387143554E+04    0.787970553010192685E-03    0.403634013080927057E+00
    0.223730429223481601E-03   -0.243210526647426946E+02    0.108635224037584832E+01    0.951712677108003891E+00    0.479423282908233432E+04    0.398026176786721493E-03    0.374423214600693277E+00
    0.224009361222160205E-03   -0.243235445767033056E+02    0.100803902129334566E+01    0.946955181367642340E+00    0.469811603883217413E+04    0.815126465348622159E-03    0.445191743527704131E+00
    0.222147050076366081E-03   -0.243068479930424282E+02    0.101992601914181047E+01    0.952308132207426383E+00    0.470940892979897308E+04    0.101556920176172670E-02    0.310790607884985026E+00
    0.218580427015057440E-03   -0.242744769600663020E+02    0.100776674882037542E+01    0.909173720153842568E+00    0.474155974146918834E+04    0.994820472323246479E-03    0.282702945709347342E+00
    0.249606898298487606E-03   -0.245399434394533209E+02    0.980084669346594550E+00    0.965399119401859629E+00    0.478416221263931220E+04    0.458654766250196123E-03    0.430705134372929122E+00
    0.479004676955486347E-03   -0.258435896151233138E+02    0.100436034424911957E+01    0.944409749272911658E+00    0.479495780785601801E+04    0.783300585660781710E-03    0.414157157503409368E+00
    0.490476697185076487E-03   -0.258909244315780782E+02    0.107071086471619137E+01    0.937042251616884592E+00    0.464394576380886429E+04    0.513979961273096841E-03    0.368310312260968109E+00
    0.221922410064160410E-03   -0.243048245255308686E+02    0.987340868439854469E+00    0.963202708535567997E+00    0.468736509822544213E+04    0.346941546081767070E-03    0.333347413006066406E+00
    0.214485831558809567E-03   -0.242366562580941043E+02    0.102720860086496701E+01    0.997053872571829980E+00    0.480368136168563615E+04    0.718335951934652808E-03    0.334696470737272878E+00
    0.265676544020697748E-03   -0.246647280302623813E+02    0.106611833529784206E+01    0.983408705469676625E+00    0.499426896070053954E+04    0.557085496499351205E-03    0.399130287809801532E+00
    0.190814500018601264E-03   -0.240027723964614879E+02    0.955952504714438156E+00    0.936638769167921326E+00    0.488252671696050766E+04    0.631740592467326494E-03    0.339530335493618163E+00
    0.206976513206937903E-03   -0.241653795405180958E+02    0.115737024166038949E+01    0.982206209872993452E+00    0.499436288844494720E+04    0.445511586682511434E-03    0.695775145132594308E+00
    0.298659135897184783E-03   -0.248987747111168929E+02    0.114155047024998035E+01    0.962072171819508548E+00    0.498523463790885671E+04    0.502933438107425125E-03    0.695812283537645460E+00
    0.233496700657622418E-03   -0.244065047865253248E+02    0.110575303723625251E+01    0.952843180701579140E+00    0.466391743186103304E+04    0.631508070319860312E-03    0.710486972482830437E+00
    0.204875074022309311E-03   -0.241449696891363068E+02    0.117231492107692548E+01    0.939235667780561112E+00    0.495143086102693633E+04    0.252257683950452948E-03    0.723951826933465048E+00
    0.272710431493650499E-03   -0.247169899759094527E+02    0.119365256183896729E+01    0.916138074688084614E+00    0.495515578721879046E+04    0.523027921696446831E-03    0.716653098928453303E+00
    0.212520247283042789E-03   -0.242182434227138828E+02    0.110537917878091241E+01    0.984147369909135428E+00    0.490374007614043057E+04    0.283888460708656598E-03    0.761430524682280896E+00
    0.205883383925939862E-03   -0.241547887144970232E+02    0.124103219645911045E+01    0.923732204397977430E+00    0.495735937389008086E+04    0.362503399039497106E-03    0.784468665249123398E+00
    0.305756554765558813E-03   -0.249457473177088218E+02    0.117375452818140324E+01    0.929334768473573547E+00    0.495533798266908707E+04    0.287216792988354203E-03    0.735443124851379637E+00
    0.191194172360837706E-03   -0.240067479341359160E+02    0.113826804496666889E+01    0.955619578036104311E+00    0.499956393101399499E+04    0.423732406938110394E-03    0.764188903658643115E+00
    0.231971041822646399E-03   -0.243933939806903766E+02    0.118440750611925205E+01    0.963952628588278460E+00    0.481190885500922195E+04    0.463902277608748467E-03    0.812179089492464423E+00
    0.216422177443202678E-03   -0.242546309429690190E+02    0.985412729589511871E+00    0.944030127574485345E+00    0.497543180923561431E+04    0.438491734460152690E-03    0.316385829698680177E+00
    0.199086204304473253E-03   -0.240876447291700764E+02    0.100696195581538350E+01    0.957347039552498891E+00    0.485989158771480834E+04    0.681684233262728144E-03    0.519754178386527821E+00
    0.211325000262727855E-03   -0.242069633605154273E+02    0.107745390614132952E+01    0.960942078948612943E+00    0.484017294907305859E+04    0.313796934706207483E-03    0.523640597225923932E+00
    0.490159156879962574E-03   -0.258896291890478523E+02    0.108258656811409160E+01    0.923437718960563814E+00    0.498598677615756424E+04    0.366041017010679866E-03    0.517014063198741991E+00
    0.385069009097766684E-03   -0.254070140176693791E+02    0.107666170040980447E+01    0.931630757597898929E+00    0.495797927270101809E+04    0.303397658311655306E-03    0.549332274466127202E+00
    0.314246877891631961E-03   -0.250005267170206480E+02    0.103695611095874085E+01    0.892152025193115872E+00    0.485368037116183586E+04    0.295162254284526450E-03    0.535766621289685108E+00
    0.309859125237705191E-03   -0.249724044113496895E+02    0.963516861696066096E+00    0.892152128216934237E+00    0.483640433928615039E+04    0.405367126491750732E-03    0.539372431739969294E+00
    0.226621007808026670E-03   -0.243467269985389621E+02    0.957777541659595832E+00    0.892278257572599487E+00    0.490385462411378103E+04    0.334935155156313921E-03    0.597007815410954490E+00
    0.198503971954294223E-03   -0.240817871119436866E+02    0.106496118129198614E+01    0.916154806114273690E+00    0.497522175201702066E+04    0.449198890395903700E-03    0.603250237757072982E+00
    0.315537691306709805E-03   -0.250087251727195792E+02    0.988735226191787886E+00    0.897353459481727733E+00    0.498431235302133973E+04    0.832538496783808172E-03    0.569287043427144979E+00
    0.252315095335588571E-03   -0.245615262619095773E+02    0.931926104039472403E+00    0.923749851217102180E+00    0.491819700171310433E+04    0.606966272001010923E-03    0.576656217730155185E+00
    0.229315826459664359E-03   -0.243703693088777698E+02    0.956087254975154455E+00    0.954178572618477716E+00    0.496164623432502322E+04    0.229694015752909001E-03    0.541198026503618590E+00
    0.429608249555978581E-03   -0.256259163841736175E+02    0.991288137414859105E+00    0.915746295523380605E+00    0.479425633981522242E+04    0.745878802914663091E-03    0.489532010573472620E+00
    0.191809236673615906E-03   -0.240131715306575337E+02    0.105192502572717395E+01    0.962244343988503781E+00    0.497615623156648962E+04    0.101839435258476688E-02    0.674772498857116876E+00
    0.189477771327781636E-03   -0.239887123242824387E+02    0.101359234792928321E+01    0.966454444711933647E+00    0.488297195479648417E+04    0.737369269332564803E-03    0.650695729617337348E+00
    0.194940681095731870E-03   -0.240455595179522099E+02    0.992001183883074789E+00    0.942938405491124731E+00    0.492700503380041391E+04    0.659191637231949334E-03    0.692564932956367230E+00
    0.194035908398279187E-03   -0.240362553659427292E+02    0.105674255395032501E+01    0.952631262101314658E+00    0.496139548426993406E+04    0.383512258502096760E-03    0.617943131519265831E+00
    0.249307468074961756E-03   -0.245375427849149190E+02    0.115061512552206313E+01    0.951017837426134993E+00    0.495714521946197328E+04    0.418951902106679919E-03    0.559105661663760856E+00
    0.202235568778671721E-03   -0.241190352924224101E+02    0.967978231256867661E+00    0.933999890785099707E+00    0.491066253780444822E+04    0.511509792610438164E-03    0.564644705911706013E+00
    0.496929133140882988E-03   -0.259170637457510793E+02    0.105691703134720583E+01    0.957335841913913299E+00    0.484926892611590301E+04    0.386858402141309634E-03    0.504501557977092285E+00
    0.255632532685908670E-03   -0.245876508805646381E+02    0.107655910446212988E+01    0.977315152300201606E+00    0.485341193272286819E+04    0.635108204576320949E-03    0.635420179329399648E+00
    0.187711738885661686E-03   -0.239699838570329895E+02    0.975997786127147604E+00    0.957865207288003173E+00    0.494743777111869167E+04    0.380230795828443249E-03    0.504697209701279181E+00
    0.218194630413748336E-03   -0.242709438214854316E+02    0.102299651361984179E+01    0.955624118332003669E+00    0.498267594092700710E+04    0.316527389166244356E-03    0.500307342516020603E+00
    0.311805107737861778E-03   -0.249849255682892029E+02    0.100385784767836017E+01    0.940393844239928223E+00    0.487201072891266722E+04    0.103418264846948257E-02    0.466487948820893727E+00
    0.201007170679268009E-03   -0.241068500572869056E+02    0.102541546127209182E+01    0.947072802868930363E+00    0.473604306360418468E+04    0.721366389524804533E-03    0.555443443188972319E+00
    0.291629083224878008E-03   -0.248511343561428788E+02    0.100789261435599298E+01    0.938771127903857971E+00    0.473745916549507456E+04    0.680327125401301207E-03    0.574768341337402178E+00
    0.201559394206452718E-03   -0.241123370889654360E+02    0.986107763025926287E+00    0.982971251159304948E+00    0.478433512238670301E+04    0.463391428747223877E-03    0.549209771470484998E+00
    0.204991796109580619E-03   -0.241461088111189071E+02    0.980406282526526174E+00    0.971801680733776818E+00    0.496166122318724229E+04    0.436776440950207819E-03    0.658338511600838228E+00
    0.204493342674897093E-03   -0.241412397339909148E+02    0.977568754685474772E+00    0.904212456366429773E+00    0.491860623830407621E+04    0.496107365825721358E-03    0.518248078089322939E+00
    0.188740983438638046E-03   -0.239809201266521583E+02    0.950713617684227907E+00    0.908024313710068642E+00    0.480162889685043319E+04    0.363319713819927181E-03    0.556984242363279591E+00
    0.240067580324560600E-03   -0.244620098291792303E+02    0.108579459946872059E+01    0.929120704270664288E+00    0.480516456962020402E+04    0.470647351325889586E-03    0.627726083546556679E+00
    0.189212723897283741E-03   -0.239859127031974708E+02    0.985668421488495206E+00    0.970781487996535630E+00    0.480107706672380027E+04    0.600973826950472055E-03    0.600838877363107038E+00
    0.226178922889250917E-03   -0.243428216528948944E+02    0.101443444306925801E+01    0.917154264452896273E+00    0.494738082393062359E+04    0.481208887221276269E-03    0.657163500570314807E+00
    0.221045174900018332E-03   -0.242969030762807776E+02    0.988745252409738651E+00    0.857415157330052025E+00    0.484903415599046093E+04    0.584133311058685455E-03    0.605720460781743797E+00
    0.270635689218115983E-03   -0.247017160848835111E+02    0.101095542501703228E+01    0.883517427484940665E+00    0.480353587798622539E+04    0.381116852109622040E-03    0.604421739344009223E+00
    0.215329413191535455E-03   -0.242445069123107828E+02    0.104399329249284945E+01    0.856659862849993958E+00    0.466845575634563556E+04    0.597107487682995049E-03    0.585965809113364600E+00
    0.264368082957534302E-03   -0.246548536638074793E+02    0.100728244923564558E+01    0.945674078298196052E+00    0.488727722550194449E+04    0.321308777995830052E-03    0.548979206140356002E+00
    0.293518041066818339E-03   -0.248640471045799707E+02    0.105817807247243234E+01    0.944682279016449300E+00    0.480204346228308441E+04    0.532768338474805887E-03    0.551660043709054193E+00
    0.282588114415132871E-03   -0.247881497151728816E+02    0.107971895194726630E+01    0.926718572153220066E+00    0.499436756590397363E+04    0.505886385833477135E-03    0.646283098029208691E+00
    0.309578968101863292E-03   -0.249705953062400319E+02    0.100255457758565680E+01    0.926943996122970737E+00    0.483620964620691029E+04    0.723980242008644831E-03    0.602079712545212642E+00
    0.274651178623610854E-03   -0.247311725946893617E+02    0.980249919233403655E+00    0.972807865518874548E+00    0.496196730216660671E+04    0.208971550884988087E-03    0.548843236089876729E+00
    0.234574396632175597E-03   -0.244157144803956498E+02    0.106410187657473898E+01    0.951053149448163992E+00    0.497523295737251101E+04    0.602688731637831578E-03    0.619851057410376716E+00
    0.192632578128523280E-03   -0.240217381608419913E+02    0.112916091469849511E+01    0.941108744063117397E+00    0.473073671211055625E+04   -0.120537487422986225E-03    0.561400142508193478E+00
    0.255385379512895511E-03   -0.245857162854251392E+02    0.117801121708778123E+01    0.987191188639658934E+00    0.479481019312812805E+04   -0.168601599735819648E-03    0.559279265815346038E+00
    0.242643819248086322E-03   -0.244833580996906761E+02    0.101100986692966388E+01    0.969935490256790489E+00    0.485818597570100792E+04   -0.356484603420583748E-03    0.535293715727269026E+00
    0.382730944124109584E-03   -0.253948333855097097E+02    0.110662474129379840E+01    0.982942171616422611E+00    0.480645655794377217E+04   -0.156119913300900375E-03    0.553092599527673867E+00
    0.188474986391537431E-03   -0.239780994921884663E+02    0.969173237178921343E+00    0.953090516487436701E+00    0.491583572213388925E+04   -0.292315513337970353E-03    0.358902782779182528E+00
    0.282304291020381065E-03   -0.247861399631145858E+02    0.113616366742853758E+01    0.950990039394669195E+00    0.496926769343813703E+04   -0.553538508385583846E-04    0.509552864855259635E+00
    0.215492886878610390E-03   -0.242460246953493481E+02    0.104122692447072707E+01    0.973077336958353412E+00    0.492030963834326667E+04   -0.532352575480317440E-04    0.390207772524766239E+00
    0.303104587326871874E-03   -0.249283247296928145E+02    0.105396982895115277E+01    0.970176374758616511E+00    0.482434162660030324E+04   -0.127651951790268834E-03    0.487754333307424237E+00
    0.265524865293040888E-03   -0.246635858741677652E+02    0.101717443049236689E+01    0.956372052463007050E+00    0.498884791188538384E+04   -0.125686533931860546E-03    0.389666862086961385E+00
    0.283586745871147511E-03   -0.247952050089463611E+02    0.101778165021299416E+01    0.937495620810928743E+00    0.497871895062400472E+04   -0.146919606345404815E-03    0.364471580081426161E+00
    0.192570241442243837E-03   -0.240210908479599823E+02    0.104266173965815723E+01    0.945114216852478095E+00    0.483189719482307555E+04   -0.650768011698322298E-04    0.371637565253895352E+00
    0.251844824728689350E-03   -0.245577951383150612E+02    0.989526637779300833E+00    0.929338250951225131E+00    0.479484284104374092E+04   -0.199138849321468911E-03    0.437757660107852220E+00
    0.457478221468420032E-03   -0.257516274528685329E+02    0.102712756144401629E+01    0.956623759142489427E+00    0.481174811519583000E+04   -0.524637071698527349E-04    0.543955510748983850E+00
    0.261808908396463395E-03   -0.246353986531695206E+02    0.991571864736609077E+00    0.940315521604796256E+00    0.491029799894007374E+04   -0.190048149079939400E-03    0.380381735049442171E+00
    0.389878885420593421E-03   -0.254318411737777339E+02    0.108454245422241491E+01    0.929418019485037994E+00    0.485373625196274043E+04   -0.249961503896124792E-03    0.578292764736784259E+00
    0.267893148682697669E-03   -0.246813452965272475E+02    0.979936102363393680E+00    0.949127326707566721E+00    0.468737034690760083E+04   -0.297253538154409525E-03    0.526050802584151489E+00
    0.333033044798652683E-03   -0.251166523297723643E+02    0.103023132579646637E+01    0.934169773471555276E+00    0.489950537418375552E+04   -0.252551076692158322E-03    0.508381571138200705E+00
    0.301738353941560160E-03   -0.249192894207506939E+02    0.963858710498631033E+00    0.955671477663517233E+00    0.492794763926625365E+04   -0.144037287714166500E-03    0.381069033973093885E+00
    0.194275685758707190E-03   -0.240387253142472446E+02    0.106053916534594217E+01    0.937953269252258526E+00    0.477713473351406992E+04   -0.141274534598852562E-03    0.373757125206456431E+00
    0.212242473064431586E-03   -0.242156276163363273E+02    0.113179067702131686E+01    0.971154966853484902E+00    0.478480274667011781E+04   -0.254909878830695061E-03    0.484633797101975072E+00
    0.195057455389624664E-03   -0.240467572087764268E+02    0.115315090716232826E+01    0.985866721396212675E+00    0.480529901125323704E+04   -0.913985945663373209E-04    0.523110694967905077E+00
    0.326693046146156203E-03   -0.250782109588884836E+02    0.115952566232997323E+01    0.950374169644866873E+00    0.489163866807300747E+04   -0.154706009916858654E-03    0.460476311192252963E+00
    0.444132860713546249E-03   -0.256924163994218233E+02    0.108924335092831992E+01    0.950500621241788801E+00    0.485384464763362121E+04   -0.245772282326910932E-03    0.508502792425531536E+00
    0.186006780531546874E-03   -0.239517351474378337E+02    0.104260131431287606E+01    0.971202100786156430E+00    0.495397866065819289E+04   -0.235207286996567434E-03    0.420457011133622216E+00
    0.417588404385434576E-03   -0.255691614302122687E+02    0.985172972900314692E+00    0.969657961927191669E+00    0.490328605623060776E+04   -0.259510648791977405E-03    0.525038996768411592E+00
    0.329614229544448762E-03   -0.250960148309289259E+02    0.107102209157113437E+01    0.953428332720400395E+00    0.496007108551245710E+04   -0.231802084506003243E-03    0.467417071733426837E+00
    0.324912107095787488E-03   -0.250672783044970764E+02    0.984771916507088729E+00    0.968304586892366426E+00    0.490286905535245478E+04   -0.254593179380986580E-03    0.516105816252297789E+00
    0.335009471022487768E-03   -0.251284864986676588E+02    0.113981170587854264E+01    0.944555821460200007E+00    0.495703155494452312E+04   -0.252307131750718417E-03    0.505537904281492034E+00
    0.393404544780453851E-03   -0.254498458093124498E+02    0.106678084763211656E+01    0.988257506608176906E+00    0.480366823937074332E+04   -0.172931199193636007E-03    0.458015787519266859E+00
    0.341778038468416271E-03   -0.251684919244748961E+02    0.998979578598024220E+00    0.976581782392624165E+00    0.493607687587731562E+04   -0.230919768950827033E-03    0.498482736255242642E+00
    0.226642769327892993E-03   -0.243469190414153687E+02    0.107550182585551979E+01    0.977552060931090039E+00    0.485072285947244836E+04   -0.185063464518231782E-03    0.457938575009134929E+00
    0.294839365441791222E-03   -0.248730302606123530E+02    0.105762788978110200E+01    0.955103906606169506E+00    0.491357641473751391E+04   -0.703297983180858964E-04    0.506939817325102959E+00
    0.289758590130136258E-03   -0.248382651493515709E+02    0.101569301416490410E+01    0.940708812414973505E+00    0.497818924588217578E+04   -0.183110001519976663E-03    0.544374949629032767E+00
    0.284483031481854375E-03   -0.248015161093792216E+02    0.108483154002511473E+01    0.985013584349961224E+00    0.496292523523288401E+04   -0.306023987908646592E-03    0.452560446324633991E+00
    0.503280290418552318E-03   -0.259424633970254703E+02    0.990740313673813211E+00    0.961196449579994394E+00    0.493756550948104359E+04   -0.336815927762311061E-03    0.461056491118055134E+00
    0.189020127103203724E-03   -0.239838758963974641E+02    0.999328510447810792E+00    0.973822900036296013E+00    0.475763132931792188E+04   -0.414378901964678465E-04    0.530121869051861760E+00
    0.208507415015056393E-03   -0.241801181008546813E+02    0.102491890787808981E+01    0.934223420947205119E+00    0.498101534618083224E+04   -0.191285274538339703E-03    0.497554206171328728E+00
    0.354015028690378420E-03   -0.252388476247194724E+02    0.992964123345450811E+00    0.951348601667169502E+00    0.498905630572992231E+04   -0.913211559561051013E-04    0.567850043597473819E+00
    0.279532521709865717E-03   -0.247664061775388404E+02    0.966059079943764942E+00    0.984417424623177162E+00    0.466337094657897796E+04   -0.275712554820906454E-03    0.378489052282504956E+00
    0.246062133861558953E-03   -0.245113370538254607E+02    0.103859996875707683E+01    0.969749387722158129E+00    0.477141687018787525E+04   -0.272201406372644158E-03    0.524457108349227097E+00
    0.265474200035494814E-03   -0.246632042143042511E+02    0.108967703583646203E+01    0.947771120002065981E+00    0.495713238248309790E+04   -0.159631920673244677E-03    0.333294478747791389E+00
    0.247513116074468166E-03   -0.245230960420887136E+02    0.115585483242151965E+01    0.943430157476718545E+00    0.491146000373469724E+04   -0.492897394327274115E-04    0.681854586395228779E+00
    0.319468828021168393E-03   -0.250334883007566731E+02    0.111587770484073046E+01    0.956313927632833516E+00    0.490319311776332052E+04   -0.723311991685862281E-04    0.692789257076803389E+00
    0.295354521968961765E-03   -0.248765217007576283E+02    0.110951757461551748E+01    0.956402519651995076E+00    0.492796281043994168E+04   -0.938619152966108306E-04    0.732614604596909968E+00
    0.278394880032018562E-03   -0.247582499676020937E+02    0.113244951815980177E+01    0.997047596497244393E+00    0.481751877799411614E+04   -0.165258071216024664E-03    0.711518945194561381E+00
    0.197793511088685433E-03   -0.240746161188676666E+02    0.107722316306923038E+01    0.973368213226121770E+00    0.482409943729994302E+04   -0.974064313894019789E-04    0.688121485363082375E+00
    0.254458445286030971E-03   -0.245784439780786528E+02    0.110821606611213430E+01    0.987787643543052263E+00    0.480331164200592048E+04   -0.188475242878527552E-03    0.665197790369267294E+00
    0.270003064454836213E-03   -0.246970355099323484E+02    0.117921901809924856E+01    0.981925943560979508E+00    0.480357619114579302E+04   -0.171009651391225236E-03    0.630016424302469957E+00
    0.278126726680870493E-03   -0.247563226147829702E+02    0.117976618933453192E+01    0.991824278932116776E+00    0.498564514696141305E+04   -0.325284661517051760E-03    0.692288351231137078E+00
    0.199559353440753801E-03   -0.240923922985260113E+02    0.115694600289789151E+01    0.968231081001849958E+00    0.489958793848144796E+04   -0.174304084850141822E-03    0.620622689245254766E+00
    0.450767926323765553E-03   -0.257220741549676362E+02    0.114046078690783381E+01    0.962006284557269886E+00    0.495523535954028921E+04   -0.244776554891133302E-03    0.710508259298053391E+00
    0.211294160050295445E-03   -0.242066714644976102E+02    0.118504388322796483E+01    0.981788770835752223E+00    0.497521514112723435E+04   -0.201163226634017757E-03    0.652607163969914028E+00
    0.259540497863796791E-03   -0.246179943955226364E+02    0.108803544169639754E+01    0.955787263995702685E+00    0.497847043199298332E+04   -0.201533591035079815E-03    0.676528393782526050E+00
    0.204154504066491818E-03   -0.241379230525131057E+02    0.106612971563401371E+01    0.975604321405464714E+00    0.492075843975252428E+04   -0.191508625397158550E-03    0.689424031027071393E+00
    0.330532858988030309E-03   -0.251015810452014136E+02    0.107803432268502708E+01    0.987208294534190012E+00    0.494864175014090233E+04   -0.114162615091091053E-03    0.562511455545459782E+00
    0.292251810721742605E-03   -0.248554004846594054E+02    0.112789585836129813E+01    0.972926645124674749E+00    0.485354794759123342E+04   -0.106809471278801005E-03    0.602642600606865919E+00
    0.201822318617885974E-03   -0.241149442914271077E+02    0.104718229432519339E+01    0.995196191095253591E+00    0.483280433759743573E+04   -0.150964989549489780E-03    0.612118750972459269E+00
    0.471768146828062851E-03   -0.258131441935048436E+02    0.119181887863451186E+01    0.963734912343582550E+00    0.498742971525482062E+04   -0.538817662269338722E-04    0.526542138002008775E+00
    0.200997188421746833E-03   -0.241067507324184334E+02    0.117433691006848417E+01    0.979696756969421934E+00    0.492765048231353740E+04   -0.246480033621615303E-04    0.731131075608989600E+00
    0.308857998159042671E-03   -0.249659321291741634E+02    0.104290458270005204E+01    0.943258722814603545E+00    0.473720541064916233E+04   -0.383226906622051000E-03    0.623641931423586926E+00
    0.247298046895284168E-03   -0.245213574459629768E+02    0.119395298175868358E+01    0.908528044740138485E+00    0.470937391389162713E+04   -0.361743649906367745E-03    0.586664507087002463E+00
    0.205258108629008314E-03   -0.241487053997226724E+02    0.105465603425368615E+01    0.946849632685451859E+00    0.476484331888428460E+04   -0.512059655824873938E-03    0.575450566133637986E+00
    0.200417349690826469E-03   -0.241009727739325825E+02    0.993981942684890707E+00    0.949606241905139092E+00    0.479574543553307467E+04   -0.825401387444684104E-03    0.603925838713655905E+00
    0.220224894739833829E-03   -0.242894674384575104E+02    0.105246824086110102E+01    0.950574977259181053E+00    0.489688258672586198E+04   -0.507952048333570861E-03    0.537844012957748085E+00
    0.220077050470522998E-03   -0.242881243212946138E+02    0.107989579947596881E+01    0.939129519597749929E+00    0.492562277579035708E+04   -0.539625050103542366E-03    0.547292695528105000E+00
    0.221298287790739110E-03   -0.242991919123522422E+02    0.102924815191798169E+01    0.987474789017586452E+00    0.480414156073272443E+04   -0.488042802261936029E-03    0.566435172859999669E+00
    0.210175394735571025E-03   -0.241960536826943340E+02    0.101131691607783392E+01    0.974738606473239289E+00    0.477107309742783946E+04   -0.536421348842161462E-03    0.585474388684246394E+00
    0.280977232819441748E-03   -0.247767161805117979E+02    0.999983205495462490E+00    0.966262144439931525E+00    0.482990127694784587E+04   -0.940343738558786454E-03    0.572241953181564900E+00
    0.219397433416070557E-03   -0.242819385915548622E+02    0.111444051735897443E+01    0.930662535550818681E+00    0.477306822773501790E+04   -0.743687854799675741E-03    0.521228079373996067E+00
    0.253214611162336700E-03   -0.245686436816339260E+02    0.119128336874894436E+01    0.936004281274869232E+00    0.471925665163821577E+04   -0.667630074610440116E-03    0.568893361239405815E+00
    0.369561408580117027E-03   -0.253248027330013059E+02    0.106684748446188027E+01    0.924556979755773889E+00    0.467491901064976264E+04   -0.661254437064379922E-03    0.619735065949383657E+00
    0.245837771646604468E-03   -0.245095125994761034E+02    0.110384973071852266E+01    0.907098732991509227E+00    0.480304251213460520E+04   -0.375173885133610254E-03    0.452159832147061347E+00
    0.191864037605659829E-03   -0.240137428598179454E+02    0.113454593183716934E+01    0.953721563470731781E+00    0.474748102807808027E+04   -0.307252490997391987E-03    0.464468654631477573E+00
    0.394864549437272351E-03   -0.254572544789510538E+02    0.110120338028856879E+01    0.905125549163236176E+00    0.480612752943663691E+04   -0.314335443570821626E-03    0.488009621806689942E+00
    0.197031739822995934E-03   -0.240668985556249524E+02    0.103459797944000131E+01    0.992103018098759559E+00    0.462960188064401336E+04   -0.384320666266711351E-03    0.415123542367577480E+00
    0.320014227277930555E-03   -0.250368998024969187E+02    0.117307113809548902E+01    0.979332845244994421E+00    0.483654510488467895E+04   -0.720820908430252409E-03    0.510182053002928182E+00
    0.603495141240025868E-03   -0.263056448714707116E+02    0.111381507903574306E+01    0.964268714455354226E+00    0.484914463643656291E+04   -0.895094012821365096E-03    0.532941456280004000E+00
    0.200101875978643654E-03   -0.240978221259016756E+02    0.119180242480574838E+01    0.989508197085880337E+00    0.483636621564181132E+04   -0.403380099806333124E-03    0.503046202282952937E+00
    0.213564285508473949E-03   -0.242280446732598236E+02    0.122295032480981836E+01    0.919842425256277685E+00    0.470917556857476575E+04   -0.426531688944704792E-03    0.459978053369441975E+00
    0.580979420429614864E-03   -0.262295995629534993E+02    0.107333871504857647E+01    0.946813157735729161E+00    0.479429748669944547E+04   -0.455762379081800636E-03    0.456246801256616152E+00
    0.211733003681120377E-03   -0.242108210210828503E+02    0.122944245596215906E+01    0.922076477120734039E+00    0.479492830092361783E+04   -0.941354655479447779E-03    0.555325703272603444E+00
    0.546175095838718236E-03   -0.261060481177683386E+02    0.107619637766857545E+01    0.966355516503776379E+00    0.474196080714544223E+04   -0.409294931132874514E-03    0.509901545933930000E+00
    0.267284144786917980E-03   -0.246767935028238696E+02    0.119232584730786062E+01    0.915502635871407122E+00    0.474152241669880004E+04   -0.112891115603568938E-02    0.504718866999190108E+00
    0.385478633916567701E-03   -0.254091404266518808E+02    0.115243999665044883E+01    0.944662064854082884E+00    0.474139550903260715E+04   -0.727802397034822278E-03    0.503191879231769335E+00
    0.446530415645166067E-03   -0.257031839286838242E+02    0.107626734580451089E+01    0.982562273318596024E+00    0.463620842477373935E+04   -0.631650829125398857E-03    0.435370120377557790E+00
    0.192473978697750011E-03   -0.240200908303883445E+02    0.113215962489004829E+01    0.929490502191244072E+00    0.460763962985862054E+04   -0.580801831027148718E-03    0.459381387538079222E+00
    0.195966646248180702E-03   -0.240560578374918137E+02    0.107544160040850767E+01    0.970288175604190561E+00    0.498290470915508376E+04   -0.147212524732159172E-03    0.590892121191007758E+00
    0.269816883995025001E-03   -0.246956559353706595E+02    0.105798708342123327E+01    0.897958790985634581E+00    0.494131481898042694E+04   -0.349020492596998472E-03    0.569339520987941605E+00
    0.201322924020825737E-03   -0.241099893044925651E+02    0.103668711795573887E+01    0.903438741251920363E+00    0.493622963483577223E+04   -0.241807952009215923E-03    0.558972393382207389E+00
    0.221652458887404961E-03   -0.243023902017764968E+02    0.102164612171538227E+01    0.884552246113843088E+00    0.488452171982256186E+04   -0.167578783497776248E-03    0.593729769989892575E+00
    0.200463101483255591E-03   -0.241014292870151614E+02    0.977391151588955287E+00    0.905177099952967912E+00    0.479348415733288766E+04   -0.250635805892601867E-03    0.410077644437559563E+00
    0.252735892786046397E-03   -0.245648589753007016E+02    0.101535122800109345E+01    0.894593685839079167E+00    0.477722244936119114E+04   -0.297240475736250463E-03    0.397386468275237326E+00
    0.212305407976404160E-03   -0.242162205757196531E+02    0.953441853422546726E+00    0.853917497378942070E+00    0.498478027714992913E+04   -0.344542603834810640E-03    0.380457141932879050E+00
    0.226613084380432133E-03   -0.243466570706343148E+02    0.926434864164366823E+00    0.873024611855159671E+00    0.490398890115284485E+04   -0.232419286285387417E-03    0.428614396920409813E+00
    0.209945851217116443E-03   -0.241938681846410226E+02    0.103068905044639458E+01    0.820837943783818025E+00    0.495535129046949714E+04   -0.283106896666138566E-03    0.477432579359185039E+00
    0.299817871784421311E-03   -0.249065192848950829E+02    0.102782532535006133E+01    0.907670375842394406E+00    0.494724063331411435E+04   -0.125563449308807693E-03    0.476138188432790543E+00
    0.193880775846275416E-03   -0.240346557177030462E+02    0.100410444786715147E+01    0.919850282867517022E+00    0.479291224450239588E+04   -0.283614536505753139E-03    0.516969374110335611E+00
    0.204324450874447374E-03   -0.241395872441754236E+02    0.942694508676333420E+00    0.880642977935268911E+00    0.488263195651840488E+04   -0.218342316811291154E-03    0.552620805493623468E+00
    0.350152068477361102E-03   -0.252169039753742652E+02    0.973890475379836085E+00    0.922486422947713325E+00    0.491826924805048930E+04   -0.143814432687798408E-03    0.524541268306706332E+00
    0.433990452268522963E-03   -0.256462139613532258E+02    0.958461524057428460E+00    0.911141899824328472E+00    0.481722343699642988E+04   -0.965742568981775904E-04    0.442916926246866849E+00
    0.301508711270873065E-03   -0.249177667101067613E+02    0.103092010136607515E+01    0.898163413663611743E+00    0.480253564577325324E+04   -0.998993525839932789E-04    0.513611244356094510E+00
    0.235145530803546570E-03   -0.244205780973679865E+02    0.103061719883085612E+01    0.886130730321985860E+00    0.481159971983658124E+04   -0.133777534083180910E-03    0.446244349986176236E+00
    0.552305826881382164E-03   -0.261283727465233859E+02    0.103705792143263720E+01    0.917022270789303318E+00    0.495528993983330565E+04   -0.187465424082596915E-03    0.423243997134385708E+00
    0.211070850257840260E-03   -0.242045566130509897E+02    0.996215095902526659E+00    0.932240582678349528E+00    0.499094363438875644E+04   -0.299190911215212023E-03    0.516479270350213793E+00
    0.187315906904574839E-03   -0.239657619589140722E+02    0.103431060375936390E+01    0.913047397679450867E+00    0.484189276667344438E+04   -0.185056832113623162E-03    0.426769761556920479E+00
    0.196593665191241668E-03   -0.240624468631575468E+02    0.984190882951399670E+00    0.896073793792700246E+00    0.482432086830516982E+04   -0.863005441323601654E-04    0.472484976890871045E+00
    0.346234241696724869E-03   -0.251943999826403164E+02    0.107325738172710095E+01    0.914404876090147645E+00    0.492648140284011060E+04   -0.210209804141566668E-03    0.415111230021448785E+00
    0.268074224035646841E-03   -0.246826966874443485E+02    0.108245680520026299E+01    0.898966893354763985E+00    0.495736633246792644E+04   -0.690138785193749753E-04    0.442024068837052142E+00
    0.207621173795743377E-03   -0.241715991710520335E+02    0.993684798035893602E+00    0.858389945309259494E+00    0.494115787848489254E+04   -0.134011471525974341E-03    0.593517458666218189E+00
    0.245679010370933987E-03   -0.245082205884034394E+02    0.101564283087978091E+01    0.838104365945796959E+00    0.495821932840950740E+04   -0.120832562307783775E-03    0.431982763601322484E+00
    0.221973542693416014E-03   -0.243052852878258534E+02    0.104039881374641219E+01    0.880282419010445349E+00    0.488403594283780149E+04   -0.125296430210073215E-03    0.536618121074620147E+00
    0.234242637048445013E-03   -0.244128838696006056E+02    0.105668935965055533E+01    0.917015513123537795E+00    0.498987335936879481E+04   -0.188121863556391729E-03    0.551351597491979040E+00
    0.272520066182420058E-03   -0.247155933899167231E+02    0.106339910222036105E+01    0.919530789415871075E+00    0.498013630399734575E+04   -0.180786770450436820E-03    0.476399421581773952E+00
    0.199735121805964550E-03   -0.240941530879930355E+02    0.108249429708618172E+01    0.874708096314305572E+00    0.479477787810501286E+04   -0.195979428722336402E-03    0.576641485562971123E+00
    0.201817292039682743E-03   -0.241148944788906689E+02    0.988874284743016640E+00    0.876824760530987013E+00    0.499188556240773414E+04   -0.119729581286066798E-03    0.593517795691029137E+00
    0.552423969335915049E-03   -0.261288005161205774E+02    0.106574988839561691E+01    0.893566927014178614E+00    0.495543775005542284E+04   -0.178788152030907296E-03    0.528560973420903135E+00
    0.189477073098276037E-03   -0.239887049542275008E+02    0.100513772817357250E+01    0.865714302017658421E+00    0.490153409567983726E+04   -0.122696854818213981E-03    0.522197707798748967E+00
    0.206310557476124747E-03   -0.241589340806483115E+02    0.102651099633972009E+01    0.883168964948405466E+00    0.496274134950152074E+04   -0.273353514340984676E-03    0.343935440276041504E+00
    0.199800995026421234E-03   -0.240948125850275048E+02    0.104261275093411721E+01    0.847517929268451042E+00    0.463626583055049286E+04   -0.450584430210761026E-03    0.641964717229743465E+00
    0.195854833324288018E-03   -0.240549163694227346E+02    0.105149728079126303E+01    0.856781499015417891E+00    0.479453637139003149E+04   -0.469999948439814665E-03    0.589207959223017941E+00
    0.192844487378066059E-03   -0.240239370908417413E+02    0.105413830410477538E+01    0.855644487271418508E+00    0.491148481891944812E+04   -0.652740806660717784E-03    0.574728241096479020E+00
    0.239651307515236650E-03   -0.244585388554539307E+02    0.101330371700770372E+01    0.850045515380829286E+00    0.471979043295625706E+04   -0.343178501527744817E-03    0.449197971815024522E+00
    0.255806850207096156E-03   -0.245890142290572911E+02    0.997432059398047133E+00    0.829007821445480464E+00    0.474139886679372103E+04   -0.396076480475065422E-03    0.440839556654332831E+00
    0.219783285023506322E-03   -0.242854528779569137E+02    0.102675963049494401E+01    0.906432495793660364E+00    0.464249282404467340E+04   -0.620723032127022288E-03    0.489223958295960326E+00
    0.250025963348770024E-03   -0.245432984241288352E+02    0.991582872225736045E+00    0.867523596706973654E+00    0.466386012345013114E+04   -0.613279362187346623E-03    0.519040113903141975E+00
    0.232139119790339480E-03   -0.243948425848274368E+02    0.105046616080351729E+01    0.980866020661732563E+00    0.495482804868373296E+04   -0.715501076640952596E-03    0.517965395753014257E+00
    0.534383821148709504E-03   -0.260623975863341002E+02    0.114575523014862801E+01    0.918470477585919154E+00    0.495573473946554896E+04   -0.888514807587735154E-03    0.530829111585035873E+00
    0.204390266714157446E-03   -0.241402313691598849E+02    0.106101836031922292E+01    0.950982524618589786E+00    0.498164503712409078E+04   -0.376947173095792726E-03    0.489794759860474160E+00
    0.239910578710899811E-03   -0.244607014228169426E+02    0.115913943544230480E+01    0.994283724982503392E+00    0.495760830354524478E+04   -0.330870822870229456E-03    0.500594391018345464E+00
    0.255431167600218292E-03   -0.245860748336178645E+02    0.101516658197532106E+01    0.966793702955530021E+00    0.497464227264403598E+04   -0.821848991791625304E-03    0.531192472715370845E+00
    0.306593683034494168E-03   -0.249512156182908171E+02    0.969674401795397656E+00    0.954645372495686928E+00    0.493651814072499656E+04   -0.422374837583818267E-03    0.550529671357212091E+00
    0.189119940647335919E-03   -0.239849317331623340E+02    0.106200304633769860E+01    0.948038355003047450E+00    0.494936373765080498E+04   -0.331523297891829385E-03    0.322795471419404789E+00
    0.249525692845350706E-03   -0.245392926668506561E+02    0.108105536169339267E+01    0.997571765361732754E+00    0.495569264277260118E+04   -0.639656358535845276E-03    0.253732497024749426E+00
    0.209800757018646639E-03   -0.241924855008846613E+02    0.117666658594557583E+01    0.949524745824937844E+00    0.486928936704514490E+04   -0.449267829235706190E-03    0.327531459657696367E+00
    0.210420467904897480E-03   -0.241983844064967357E+02    0.108697607921634520E+01    0.996000823038364347E+00    0.498469967880725835E+04   -0.375800436737892243E-03    0.373675182258077110E+00
    0.197776491677452047E-03   -0.240744440187475881E+02    0.112098856390596247E+01    0.960243383744103562E+00    0.491189533964105158E+04   -0.297527120571665674E-03    0.367264415976432224E+00
    0.194556353124089755E-03   -0.240416126011584161E+02    0.117020007299715023E+01    0.911652565727104069E+00    0.498467563901895483E+04   -0.610485379498572453E-03    0.460708950037213794E+00
    0.287125795335879024E-03   -0.248200097544072307E+02    0.108602204456887352E+01    0.933002837256939443E+00    0.498906108387116365E+04   -0.110840632832787936E-02    0.415635053202889404E+00
    0.187853182640220119E-03   -0.239714903210623902E+02    0.111635510542897354E+01    0.941943418377921726E+00    0.479795546400115654E+04   -0.826626010595801156E-03    0.428904783321341521E+00
    0.197632357569353786E-03   -0.240729859419771088E+02    0.124706618698371030E+01    0.952510345596933816E+00    0.484962913726875104E+04   -0.661307370691031774E-03    0.395874213374755590E+00
    0.315005506350565464E-03   -0.250053491307006368E+02    0.104698724728890924E+01    0.988570090057462991E+00    0.481101558417891556E+04   -0.601786711720975979E-03    0.361373101693306276E+00
    0.598871024549246377E-03   -0.262902614063657154E+02    0.113246888087332254E+01    0.989913112597916367E+00    0.498725671392977347E+04   -0.790014102421076302E-03    0.382628384301195890E+00
    0.261771817946851904E-03   -0.246351152932381297E+02    0.104493727759543775E+01    0.950596956692499107E+00    0.486591917604251739E+04   -0.431852965357922437E-03    0.457634804516296789E+00
    0.419656096967530707E-03   -0.255790400106387672E+02    0.103107814997159997E+01    0.946199388195487434E+00    0.496175501333359171E+04   -0.111846283908032299E-02    0.435090143047610844E+00
    0.252664042542426496E-03   -0.245642903148076428E+02    0.101668821797058495E+01    0.945431047527150348E+00    0.497889846609388769E+04   -0.648666558653506159E-03    0.444037369089293810E+00
    0.342773250165220888E-03   -0.251743071930426936E+02    0.106786787486427692E+01    0.910614066582166481E+00    0.496931505297012882E+04   -0.675213351651557077E-03    0.485176867721008542E+00
    0.241871768953979920E-03   -0.244769843031290115E+02    0.115744635358668146E+01    0.940871358191908147E+00    0.497856328975495035E+04   -0.773406969047177491E-03    0.483350392654393390E+00
    0.695279591584061830E-03   -0.265887970018326740E+02    0.108536946576255589E+01    0.977630691844983302E+00    0.495571289798426187E+04   -0.448471433462440945E-03    0.415654942183641074E+00
    0.220654739416384734E-03   -0.242933673220488444E+02    0.118841629494227963E+01    0.944980833834929479E+00    0.480600278524793248E+04   -0.549493365093390597E-03    0.407659861528228307E+00
    0.401634402539835283E-03   -0.254912533492057705E+02    0.111621956296253755E+01    0.964315828031168554E+00    0.492695835831665681E+04   -0.480702547562704495E-03    0.455262945538263408E+00
    0.236160812280680884E-03   -0.244291948542821551E+02    0.120246992754315718E+01    0.939404675147710422E+00    0.495789525430482263E+04   -0.862677704200079279E-03    0.457790389360698491E+00
    0.207820959961749197E-03   -0.241735227716228280E+02    0.117657853346902019E+01    0.999019869014313944E+00    0.495509811594327948E+04   -0.474269980710255283E-03    0.404043579916184337E+00
    0.222432291398790786E-03   -0.243094143863491254E+02    0.109617379579834662E+01    0.948592715954403753E+00    0.499216446280911168E+04   -0.564155793556484408E-03    0.341973449110760441E+00
    0.202717457935710935E-03   -0.241237952458265106E+02    0.115210218579894685E+01    0.986967946306500643E+00    0.498073916223207743E+04   -0.425108778735399674E-03    0.723068424448867209E+00
    0.298292296652161572E-03   -0.248963166264473656E+02    0.111871278975132515E+01    0.971420998219145071E+00    0.495189295217967265E+04   -0.373732529588220329E-03    0.546711428632542407E+00
    0.194632807474535996E-03   -0.240423983820502798E+02    0.107092399355085788E+01    0.936342319005361912E+00    0.495013575741958539E+04   -0.672255147761835828E-03    0.556860685473832273E+00
    0.323876196508399790E-03   -0.250608915588547632E+02    0.121777648004417416E+01    0.949878136055321565E+00    0.495570804915427107E+04   -0.677062650379164238E-03    0.519710540005091093E+00
    0.438553382926920967E-03   -0.256671319809163450E+02    0.112589265439144315E+01    0.991731621879531233E+00    0.498517000972591268E+04   -0.676794116603876713E-03    0.539696413699022437E+00
    0.276224353165213318E-03   -0.247425957110013393E+02    0.105167606054694152E+01    0.999185721885966771E+00    0.499423379606889284E+04   -0.100835834130994883E-02    0.587194787041836586E+00
    0.233084400152594619E-03   -0.244029701331788580E+02    0.117488730034820077E+01    0.972606282613909245E+00    0.491042407327404726E+04   -0.624959825053751357E-03    0.659838475867029928E+00
    0.200266438409494089E-03   -0.240994662364289454E+02    0.114090107641122618E+01    0.979445720680915732E+00    0.486510081803593403E+04   -0.548799916719959913E-03    0.606453964294326853E+00
    0.200062491876246883E-03   -0.240974284466469726E+02    0.108590215630808085E+01    0.993397814133645807E+00    0.486714879880246554E+04   -0.100094301751228135E-02    0.620074156222825468E+00
    0.228821060335031252E-03   -0.243660494967758190E+02    0.115604491115896635E+01    0.965605959172252448E+00    0.491079749457270827E+04   -0.586553478038663850E-03    0.579854127177135914E+00
    0.304075784919200333E-03   -0.249347228180697229E+02    0.117620467474457935E+01    0.966809192947034157E+00    0.490576437975551835E+04   -0.764951778165387964E-03    0.690860902921628273E+00
    0.300711086786029265E-03   -0.249124688108757901E+02    0.109863972531571275E+01    0.969933414662452642E+00    0.496959760241690219E+04   -0.406294957805200356E-03    0.628966399028439982E+00
    0.330290994908340456E-03   -0.251001170297058245E+02    0.116459482140182846E+01    0.996123403622993786E+00    0.498520978373265461E+04   -0.560400262769974577E-03    0.536786655557297321E+00
    0.189609816860762984E-03   -0.239901056227436484E+02    0.120940108767733445E+01    0.985719605307274982E+00    0.489919812848347919E+04   -0.547734501592761383E-03    0.587126987125076605E+00
    0.191089290429243561E-03   -0.240056505083308842E+02    0.122217738444293267E+01    0.927391753644892902E+00    0.483207913597307470E+04   -0.735282853749544881E-03    0.653742750140446249E+00
    0.270572208918000315E-03   -0.247012469099093437E+02    0.119882965107775430E+01    0.910964070263197478E+00    0.495742532918211600E+04   -0.650505336778305445E-03    0.591697880493033290E+00
    0.267740771553774844E-03   -0.246802073765615653E+02    0.105427193266590935E+01    0.925546055583131744E+00    0.484057931401591577E+04   -0.331848805892897105E-03    0.438088897335481842E+00
    0.205307004179543272E-03   -0.241491817728897118E+02    0.101820840964642789E+01    0.894325335642330632E+00    0.481792617423095999E+04   -0.560231958470427276E-03    0.360545165624025277E+00
    0.241378180150178810E-03   -0.244728987240090454E+02    0.102321227693940453E+01    0.898956629630974224E+00    0.481503767601068830E+04   -0.463651797099047340E-03    0.301212376308613583E+00
    0.212030722532779986E-03   -0.242136312559588092E+02    0.986699395081230834E+00    0.935728951871010017E+00    0.472862219245594497E+04   -0.347461106248522918E-03    0.373192703848902019E+00
    0.256110863106303536E-03   -0.245913897118901055E+02    0.100989977723693425E+01    0.922808723915518825E+00    0.473001049392454024E+04   -0.975063190938208358E-03    0.341374810607764867E+00
    0.270472969045219456E-03   -0.247005132198003778E+02    0.974544866945071364E+00    0.914673740337712093E+00    0.482968078429792058E+04   -0.491818042092504923E-03    0.433552766730045724E+00
    0.498783621738900637E-03   -0.259245136482785767E+02    0.107319642800481341E+01    0.879722903173774884E+00    0.489161450865951701E+04   -0.442484633782956767E-03    0.431264211727351299E+00
    0.188458054812599979E-03   -0.239779198148760742E+02    0.104940372350804112E+01    0.893003569540168463E+00    0.498026536478992875E+04   -0.108936480948151958E-02    0.310260153609821399E+00
    0.247875600189838361E-03   -0.245260229087545198E+02    0.991889067514826528E+00    0.928563457735322229E+00    0.490325099047246931E+04   -0.541270413695778426E-03    0.306976194043197981E+00
    0.283738469599208436E-03   -0.247962747567914477E+02    0.102708188138158851E+01    0.860477296100726874E+00    0.499247781596396180E+04   -0.116395117204482835E-02    0.349372753427370397E+00
    0.355594395007092069E-03   -0.252477503752854275E+02    0.100947394177130434E+01    0.824527164763130149E+00    0.495522515798821678E+04   -0.439687075290271108E-03    0.396877414305766618E+00
    0.258404576071245666E-03   -0.246092218544103361E+02    0.102146645630037147E+01    0.835813982507303654E+00    0.489501021060166931E+04   -0.473448706015401589E-03    0.392363681410048515E+00
    0.196528503159283836E-03   -0.240617838424703336E+02    0.991561684687702560E+00    0.790697892217454124E+00    0.498595693093128739E+04   -0.583086669925320968E-03    0.373157135047012312E+00
    0.204211077531798487E-03   -0.241384771978007393E+02    0.100338153188922474E+01    0.949545285743113587E+00    0.482993744782708927E+04   -0.404175533519856873E-03    0.340811687889093162E+00
    0.203539768656430176E-03   -0.241318917107251849E+02    0.101243449088274651E+01    0.922887357375214878E+00    0.480232872558322379E+04   -0.654376291453182468E-03    0.442243401126268587E+00
    0.249849920576158231E-03   -0.245418897322070926E+02    0.102118753840361975E+01    0.887738467033457601E+00    0.488481512036470667E+04   -0.727521588350848146E-03    0.406020362754391906E+00
    0.284855161424044795E-03   -0.248041305835165318E+02    0.101207657181863198E+01    0.966163751037571572E+00    0.477760260172339713E+04   -0.832387202618473619E-03    0.319608462846349195E+00
    0.454037840434094730E-03   -0.257365299794825475E+02    0.999566800436178404E+00    0.939349741716642650E+00    0.481146917805664907E+04   -0.632784415891054944E-03    0.425641830752761186E+00
    0.273117088775494735E-03   -0.247199700920962258E+02    0.103854389729779295E+01    0.939687710510610286E+00    0.479725471721262875E+04   -0.777096392369103152E-03    0.364847632620005413E+00
    0.511408765268520299E-03   -0.259745072973208160E+02    0.104455016300499137E+01    0.941606357311092323E+00    0.474178410125132086E+04   -0.539531649540942295E-03    0.405920065821920639E+00
    0.237827845244691403E-03   -0.244432630376536721E+02    0.100242692745682049E+01    0.939626719615972328E+00    0.492950495552934353E+04   -0.943648350781357251E-03    0.418410758682618733E+00
    0.197452448124801704E-03   -0.240711644651256123E+02    0.103107122142074803E+01    0.912953441866996007E+00    0.489644366445213836E+04   -0.587183551213479394E-03    0.491882835075039493E+00
    0.231274501643631401E-03   -0.243873795400658580E+02    0.103517009222500023E+01    0.886986763212997742E+00    0.497084441610196063E+04   -0.677619900998058461E-03    0.413769219164087210E+00
    0.208983155613676609E-03   -0.241846761995329125E+02    0.110404079317463477E+01    0.931523127426162945E+00    0.420177661939760492E+04   -0.257484499654159020E-03    0.592710511201988921E+00
    0.236258024798648717E-03   -0.244300179587962845E+02    0.107984905585758550E+01    0.949433911967841548E+00    0.419526175841186796E+04   -0.426510011998968612E-03    0.507992351838834066E+00
    0.189241522623063952E-03   -0.239862170858392361E+02    0.110636461069087910E+01    0.944381071542695238E+00    0.414013560859775043E+04   -0.572577439301906813E-03    0.375258037363339181E+00
    0.187456980367254570E-03   -0.239672676544874079E+02    0.109100181468960988E+01    0.932049518008857936E+00    0.406505262630815696E+04   -0.463434798033018609E-03    0.462793817654191586E+00
    0.216414817037766387E-03   -0.242545629228549267E+02    0.116420229456587587E+01    0.988849543069579173E+00    0.403937853592871807E+04   -0.778551106759854260E-03    0.460271383291146197E+00
    0.188780444400470841E-03   -0.239813382323178672E+02    0.107550234882024753E+01    0.924832583581326251E+00    0.408069715103572571E+04   -0.282591580535750499E-03    0.410021954545570666E+00
    0.256598878816342640E-03   -0.245951970579771029E+02    0.109906855654882918E+01    0.930791672600863706E+00    0.406061963697328974E+04   -0.195598525637066811E-03    0.451314815010652959E+00
    0.215266884626599602E-03   -0.242439260567326720E+02    0.110175269540425247E+01    0.909085467050818608E+00    0.406006719688733892E+04   -0.109047684990618661E-02    0.548210798062318982E+00
    0.219900120799454971E-03   -0.242865157861963539E+02    0.106115217285777685E+01    0.974393301866851802E+00    0.408011140675352362E+04   -0.569815837155244749E-03    0.446779689129293112E+00
    0.268043016434498600E-03   -0.246824638458281669E+02    0.110386509628524765E+01    0.948755938487920392E+00    0.395579856698028016E+04   -0.422573577699180195E-03    0.377151151505287774E+00
    0.201197177365024596E-03   -0.241087397106515731E+02    0.107804123191851886E+01    0.937578288409448346E+00    0.419334765337044337E+04   -0.833165027360987251E-03    0.499311485091175511E+00
    0.210999680219504086E-03   -0.242038821282540511E+02    0.105120564249833026E+01    0.911428428290869452E+00    0.420152502895334874E+04   -0.324169710327430142E-03    0.516661749693379524E+00
    0.189392020599484011E-03   -0.239878069923548054E+02    0.110529975984971651E+01    0.973241864556104286E+00    0.427220317334461924E+04   -0.264221894924583363E-03    0.617678677983193314E+00
    0.188610864463956363E-03   -0.239795408411862248E+02    0.107364963075596753E+01    0.996590042618219374E+00    0.425905325026778701E+04   -0.158142199768488594E-03    0.443383106514695591E+00
    0.222649118510428090E-03   -0.243113630377550294E+02    0.115477166762241068E+01    0.977055022336166368E+00    0.427090607347826426E+04   -0.306973022796836620E-03    0.454017889198241598E+00
    0.287057052868818277E-03   -0.248195308653731601E+02    0.113827385076599819E+01    0.928450650631736485E+00    0.440581152147084595E+04   -0.415187846124470911E-03    0.520830791590070064E+00
    0.236078608634018915E-03   -0.244284985663921432E+02    0.118744494915008536E+01    0.956333383917808533E+00    0.435279861974716187E+04   -0.891317663283089237E-03    0.487450480461120605E+00
    0.203970184514147031E-03   -0.241361165500393895E+02    0.119838091565020832E+01    0.943236578859426245E+00    0.424946095897286978E+04   -0.820372251802557522E-03    0.461746984135087857E+00
    0.187295970415199208E-03   -0.239655490827016351E+02    0.117567094480502998E+01    0.910593677982449501E+00    0.427076556822417388E+04   -0.320901892771941670E-03    0.472667606671563045E+00
    0.248715485482407957E-03   -0.245327881215634847E+02    0.115703207784834650E+01    0.956839040290563880E+00    0.434438668608013813E+04   -0.342092855902710472E-03    0.377655403624667207E+00
    0.417268430429055561E-03   -0.255676283579119499E+02    0.106318589429695276E+01    0.894105508957659167E+00    0.430032105243926253E+04   -0.159310122148910986E-03    0.379414476316201177E+00
    0.215993712803234613E-03   -0.242506674921351717E+02    0.111589274059531673E+01    0.944612320099036840E+00    0.442775108805357559E+04   -0.779823634612268461E-03    0.500428374695952138E+00
    0.189626849424578178E-03   -0.239902852737673058E+02    0.115383613200840252E+01    0.940974185713245315E+00    0.430623490893062080E+04   -0.297660540240944421E-03    0.456579195884309341E+00
    0.190540643962366994E-03   -0.239998999442852821E+02    0.109380494203335177E+01    0.939487421341957285E+00    0.437163578223394688E+04   -0.736671419361789918E-03    0.577401138173733397E+00
    0.203592030517978117E-03   -0.241324051745414820E+02    0.103872485590501373E+01    0.942196950164236324E+00    0.453994869874650703E+04   -0.540188970774718572E-03    0.271934858382346212E+00
    0.223018031370097802E-03   -0.243146741451052577E+02    0.110513454841486003E+01    0.960365161165557479E+00    0.436213702081485189E+04   -0.143998372833493678E-03    0.597569892564542515E+00
    0.215979007599933690E-03   -0.242505313242466727E+02    0.107685952653931927E+01    0.951133430521027057E+00    0.441316760130335479E+04   -0.152835695816544122E-03    0.524887561090645383E+00
    0.250009741010886045E-03   -0.245431686546923871E+02    0.107054999142231289E+01    0.977713948548639911E+00    0.440519498092844242E+04   -0.233206104705928833E-04    0.538745249809811200E+00
    0.250913618352943083E-03   -0.245503863522195864E+02    0.103615475626494091E+01    0.929066918850616652E+00    0.430679239360835072E+04   -0.186965178690052456E-03    0.693615786926115585E+00
    0.289383465008788193E-03   -0.248356742466845617E+02    0.111211760626272893E+01    0.956525754820655827E+00    0.441396548251533932E+04   -0.140053633516071425E-03    0.620726392152747941E+00
    0.296423727465450703E-03   -0.248837487771900854E+02    0.106046892993821951E+01    0.940762114305077946E+00    0.453998971287564746E+04   -0.161785554390732686E-04    0.636059819587266539E+00
    0.211746172847124080E-03   -0.242109454112936362E+02    0.110724151073636556E+01    0.955197870956082107E+00    0.419996079524026300E+04    0.261487131728894650E-04    0.679822364728945083E+00
    0.264118016385288127E-03   -0.246529609624386445E+02    0.111264234693144370E+01    0.939788186797010150E+00    0.444227113551197544E+04   -0.134171146160084646E-03    0.629343666592200979E+00
    0.233962069600438552E-03   -0.244104869053872591E+02    0.103165435794936711E+01    0.949520024663669249E+00    0.427091181481623971E+04   -0.240290368312812071E-03    0.699936286750530989E+00
    0.207834628474700480E-03   -0.241736543085330631E+02    0.112875871977576137E+01    0.962922765476997844E+00    0.419964508429108992E+04   -0.133281288266874089E-03    0.664750903592259634E+00
    0.253633677598596281E-03   -0.245719509160947709E+02    0.107139558995052253E+01    0.913472985002836357E+00    0.430606452685750446E+04   -0.187557051761338115E-03    0.532013128641942945E+00
    0.204371653695427526E-03   -0.241400492287224964E+02    0.112509523883074647E+01    0.946639426584974575E+00    0.440377379339034724E+04   -0.337317700229589057E-03    0.533913437406241531E+00
    0.222934077688055903E-03   -0.243139211164160471E+02    0.105463306641546462E+01    0.983056049849443170E+00    0.454683469796976351E+04   -0.232263883769232704E-03    0.599648913094613212E+00
    0.232455908700422888E-03   -0.243975700264895465E+02    0.116232590458336271E+01    0.956910090343580655E+00    0.452609443462400577E+04   -0.402051619695199618E-03    0.570249658249659230E+00
    0.224022183522899830E-03   -0.243236590534707879E+02    0.104227775064995587E+01    0.956547231869863790E+00    0.454642117958166455E+04   -0.163515725633519996E-03    0.674054892346810708E+00
    0.271026626565659169E-03   -0.247046030305249680E+02    0.111704784153708148E+01    0.943505530025421590E+00    0.453996018616419224E+04   -0.246046715481260971E-03    0.611776285072557546E+00
    0.247125978580312001E-03   -0.245199653750841122E+02    0.112143922437476040E+01    0.932782997792669599E+00    0.444246311848308142E+04   -0.127394091083096598E-03    0.618811989307583743E+00
    0.389587189969806266E-03   -0.254303442749460160E+02    0.103508857208574323E+01    0.940608908121767451E+00    0.453978444872262662E+04   -0.272000890827531802E-03    0.606762215964909535E+00
    0.226232948362495127E-03   -0.243432993191714360E+02    0.105559875463229735E+01    0.899771156089073210E+00    0.452644271088231835E+04   -0.525362636828157511E-03    0.639680182702660471E+00
    0.260322645013257492E-03   -0.246240125004822445E+02    0.101143699466774040E+01    0.883896906332047538E+00    0.453969275179510896E+04   -0.430768694531228122E-04    0.569804223518058484E+00
    0.210241405614659544E-03   -0.241966817344712943E+02    0.950116838835826871E+00    0.968106254116466447E+00    0.451938911695586739E+04   -0.197129647171780185E-03    0.548726518974965050E+00
    0.216206431957674609E-03   -0.242526362019951272E+02    0.987423478647817987E+00    0.961198841483184463E+00    0.445353015663336828E+04   -0.983223686442291276E-04    0.513282440952403940E+00
    0.267160615386085958E-03   -0.246758689589814573E+02    0.102890399536323174E+01    0.932473316217008463E+00    0.451957038628540249E+04   -0.240971996137205011E-03    0.506646777225791323E+00
    0.296285315808831262E-03   -0.248828146820504479E+02    0.108064515052297883E+01    0.872018893102994630E+00    0.458197109698739951E+04   -0.429228814285434902E-03    0.496277231175061617E+00
    0.196580393736228861E-03   -0.240623118445344559E+02    0.101452864960706512E+01    0.915851906369611779E+00    0.447938210931500089E+04   -0.193813155907527593E-03    0.571610517689177811E+00
    0.234838476179114684E-03   -0.244179647772246824E+02    0.984932232323241341E+00    0.898084683501898628E+00    0.440307263889429396E+04   -0.133129467040543316E-03    0.550649712199263619E+00
    0.543036607652397038E-03   -0.260945223625373899E+02    0.113010221754770845E+01    0.985194013246001310E+00    0.463636412802241011E+04   -0.434683828015208399E-04    0.479598950787149536E+00
    0.197045530720350284E-03   -0.240670385372822651E+02    0.119272695761942504E+01    0.945200141593194987E+00    0.463281479324704014E+04   -0.293924892806567920E-03    0.520747810255574595E+00
    0.192078786110436362E-03   -0.240159801567684887E+02    0.929090166535221584E+00    0.899678735257430806E+00    0.451999359246550739E+04   -0.136939776334343014E-03    0.437801152023229334E+00
    0.235243537125751317E-03   -0.244214115038419450E+02    0.106041144643095042E+01    0.961626074886276494E+00    0.451917929516113054E+04   -0.156398006040698787E-03    0.468642543775776854E+00
    0.386924324305672673E-03   -0.254166271513563444E+02    0.102028805220615171E+01    0.916326672584532709E+00    0.453960578652262120E+04   -0.151426210324310265E-03    0.443735575498741597E+00
    0.197241593143275779E-03   -0.240690275694085400E+02    0.103653650535525932E+01    0.894549017518242562E+00    0.452731273586276438E+04   -0.692577819204857480E-04    0.415545343772998343E+00
    0.209763645817408764E-03   -0.241921316939259796E+02    0.106770262493952384E+01    0.975110213612933041E+00    0.463096310581161561E+04   -0.801559481199976134E-04    0.418925149505218086E+00
    0.199349406612816231E-03   -0.240902870868250290E+02    0.110516838839034559E+01    0.886181089953112844E+00    0.463243658075310123E+04   -0.284515370941527043E-04    0.525076396589761574E+00
    0.235908087300822609E-03   -0.244270534295517692E+02    0.103425340717467673E+01    0.940267647437992182E+00    0.457201380964717919E+04   -0.183243696604669594E-05    0.580794024970770706E+00
    0.287494762546157900E-03   -0.248225781780803914E+02    0.113431926933921989E+01    0.912997642312054047E+00    0.479470446791138147E+04   -0.348958461894656490E-03    0.627551064372084855E+00
    0.251553258130681173E-03   -0.245554783505437939E+02    0.106885804626247305E+01    0.895120843216828943E+00    0.488905381246535580E+04   -0.495990691572982230E-03    0.697358057696462863E+00
    0.215340443097905218E-03   -0.242446093565028811E+02    0.111507354812216763E+01    0.898014653834618759E+00    0.492792657787900498E+04   -0.347938313091951835E-03    0.734644784621052427E+00
    0.403816833498226314E-03   -0.255020916778432181E+02    0.105209463945599824E+01    0.943307942974043634E+00    0.493775306900426767E+04   -0.404289326139803970E-03    0.587717033385347309E+00
    0.234261846531224743E-03   -0.244130478764220022E+02    0.997736142108073487E+00    0.913505148660721966E+00    0.491011862672017651E+04   -0.689480922665115662E-03    0.621201626521809214E+00
    0.205398294145535458E-03   -0.241500708772462218E+02    0.106096379541850583E+01    0.976098215755954124E+00    0.482912803781801358E+04   -0.410636316100807886E-03    0.626736784176169182E+00
    0.228733333132152947E-03   -0.243652825741523600E+02    0.108849448045169339E+01    0.928452433505759456E+00    0.496057084885562108E+04   -0.584685723213697849E-03    0.681970693332304645E+00
    0.230721380471153066E-03   -0.243825905671925405E+02    0.102746573577928957E+01    0.932689583165764335E+00    0.488221030402347878E+04   -0.457799822700071966E-03    0.713740203717620147E+00
    0.355094511984306322E-03   -0.252449368623668740E+02    0.108239118127798362E+01    0.943354697326678759E+00    0.492634716996529278E+04   -0.705017923602903524E-03    0.640901751636921979E+00
    0.293345639078206727E-03   -0.248628720310533318E+02    0.104732642732686121E+01    0.946224003668930669E+00    0.493614400495225436E+04   -0.372392900217064339E-03    0.620606496537199570E+00
    0.397600932670708529E-03   -0.254710665334608564E+02    0.105636735894209099E+01    0.921948959454477968E+00    0.499215625308072049E+04   -0.880160269093855545E-03    0.634809222376338522E+00
    0.200376929831603553E-03   -0.241005693763650513E+02    0.103341224597524395E+01    0.948410828705125053E+00    0.499999850963135577E+04   -0.543632201194734648E-03    0.743804464642883634E+00
    0.193935535606855260E-03   -0.240352205187114265E+02    0.104111063503991397E+01    0.868486937856355334E+00    0.480227302145332669E+04   -0.125483455693214149E-02    0.644101137930402023E+00
    0.317021048449408235E-03   -0.250181052335329710E+02    0.108014594657012153E+01    0.929441835117130077E+00    0.497570388250799897E+04   -0.767117767772067163E-03    0.666873017566165016E+00
    0.264856152731553533E-03   -0.246585426098494516E+02    0.113423391718850697E+01    0.926676180487751799E+00    0.496195631780932672E+04   -0.689603136093992742E-03    0.704012231754386320E+00
    0.208217020701447245E-03   -0.241773307014537799E+02    0.106901370554669328E+01    0.960642708207125384E+00    0.484137720442876071E+04   -0.700993120000724650E-03    0.646173619924784948E+00
    0.255977047407390302E-03   -0.245903444561891860E+02    0.108108568446391029E+01    0.892005869730067569E+00    0.481725476688405161E+04   -0.472995866193755483E-03    0.643172113541386925E+00
    0.291362771417427420E-03   -0.248493071482746828E+02    0.108068350223171628E+01    0.930704386641050485E+00    0.477773354732039843E+04   -0.635048144551600868E-03    0.695752366191961902E+00
    0.198097864869082680E-03   -0.240776912435997588E+02    0.108781913868143287E+01    0.967032649526420984E+00    0.465275044561049344E+04   -0.601742814062021080E-03    0.672468678456752733E+00
    0.203670944682952259E-03   -0.241331802429446221E+02    0.113843548829375596E+01    0.893404431981159486E+00    0.489163652607510903E+04   -0.344299871912338504E-03    0.757018345179320984E+00
    0.390730764132605005E-03   -0.254362063724435536E+02    0.114110370294765717E+01    0.909469579642772086E+00    0.481754887865985165E+04   -0.646349683960713967E-03    0.759376674494037007E+00
    0.409003159562137551E-03   -0.255276146546064915E+02    0.116801348730534471E+01    0.961652910593489341E+00    0.466897251572082405E+04   -0.659608850696424549E-03    0.786257267997528597E+00
    0.315939326121523556E-03   -0.250112692708126936E+02    0.122204278272979572E+01    0.967896253085062108E+00    0.479475644883243331E+04   -0.751164339559510304E-03    0.702255172614929424E+00
    0.277227085349762475E-03   -0.247498428384776972E+02    0.128079548703427459E+01    0.936906936295723636E+00    0.480383827250428658E+04   -0.737811036822094745E-03    0.878909761186513872E+00
    0.375144929216756923E-03   -0.253547937508357855E+02    0.117786451546210902E+01    0.970165341067618092E+00    0.483668388669371689E+04   -0.367311731312103262E-03    0.738868205587861371E+00
    0.186908811300011228E-03   -0.239614106080241456E+02    0.116524921622572819E+01    0.959326319247593373E+00    0.495430664666992652E+04   -0.259007632256790009E-03    0.952238376155457811E+00
    0.191137355787154915E-03   -0.240061535120711049E+02    0.110552917797165962E+01    0.929849300609374652E+00    0.488630385857418969E+04   -0.672803071342587900E-03    0.803186809275336699E+00
    0.208362508611239979E-03   -0.241787276775937059E+02    0.111784896211899398E+01    0.950160075463839737E+00    0.498123087947244130E+04   -0.385339655360369276E-03    0.794510945865371077E+00
    0.277710986168533739E-03   -0.247533308020271789E+02    0.114092506039256580E+01    0.977114290845400246E+00    0.499984000494779684E+04   -0.531084262388081666E-03    0.813118460712898949E+00
    0.191826321719343009E-03   -0.240133496689490933E+02    0.117882708383005275E+01    0.936324745189668795E+00    0.492643592348017683E+04   -0.489946610180244440E-03    0.785260904743821042E+00
    0.225334888188368984E-03   -0.243353442675895408E+02    0.110616045898931881E+01    0.943771690946585196E+00    0.499951529834453868E+04   -0.544943837946592637E-03    0.836275946520373070E+00
    0.229689020351806058E-03   -0.243736215096069557E+02    0.118400292493589276E+01    0.952675962419001321E+00    0.479301702550975187E+04   -0.695847320830176208E-03    0.860129934320566059E+00
    0.191637354231839643E-03   -0.240113785043809642E+02    0.114988087567823616E+01    0.960686602719884597E+00    0.485801687982081330E+04   -0.649530028050488849E-03    0.936678716424814151E+00
    0.206486105339138455E-03   -0.241606351396869101E+02    0.120064826978933659E+01    0.977762977811648337E+00    0.490371298089484935E+04   -0.491408874279053052E-03    0.900659228261046496E+00
    0.270685975338152149E-03   -0.247020876652097634E+02    0.118653013188406486E+01    0.964106085288422565E+00    0.491049268979589488E+04   -0.539878325857703705E-03    0.895626752781470969E+00
    0.356384034761270205E-03   -0.252521866898979468E+02    0.118361199678733486E+01    0.942606849316628193E+00    0.481752221624640151E+04   -0.353898900378509169E-03    0.796465141840214663E+00
    0.413724824259577826E-03   -0.255505710466569340E+02    0.116378423343280657E+01    0.916076295865161261E+00    0.490380433070091385E+04   -0.671590105402811491E-03    0.942216136894231004E+00
    0.230786038429903515E-03   -0.243831509738644634E+02    0.113997100100612592E+01    0.996927900951601553E+00    0.493612662161653861E+04   -0.500633054749479584E-03    0.802761710685849339E+00
    0.215303737920236548E-03   -0.242442684237386601E+02    0.117908198082271309E+01    0.966485780344899292E+00    0.468345537336197049E+04   -0.608834449382861156E-03    0.880984839612418469E+00
    0.264640181458952425E-03   -0.246569110874336594E+02    0.118697310905028752E+01    0.987661446284906708E+00    0.495772657117036670E+04   -0.221222462680839012E-03    0.853988477177932914E+00
    0.220176042682704336E-03   -0.242890237331591905E+02    0.111638108160413863E+01    0.957253214328842583E+00    0.475857174572854819E+04   -0.447439310469046085E-03    0.799267466696439000E+00
    0.339711156461481548E-03   -0.251563603258541164E+02    0.118306999712492877E+01    0.968224922614112082E+00    0.497552980890310664E+04   -0.758649235532860922E-03    0.884506650842641795E+00
    0.250035310621357697E-03   -0.245433731931467563E+02    0.118205762294293493E+01    0.976979768472663213E+00    0.480585022961836330E+04   -0.481300596997232455E-03    0.996922200303676065E+00
    0.281213070661185771E-03   -0.247783941735623223E+02    0.122199456904935300E+01    0.976695646732750222E+00    0.481581671850137172E+04   -0.370445504993155319E-03    0.994864218289687519E+00
    0.344554552162034203E-03   -0.251846737516418102E+02    0.117312180039952429E+01    0.915349393329630168E+00    0.488208656746606084E+04   -0.716327253168856106E-03    0.812258851856545783E+00
    0.259027478564777703E-03   -0.246140371942321217E+02    0.123153806323548931E+01    0.984449809312295421E+00    0.495758505488708852E+04   -0.855827972981655833E-03    0.772338337360693128E+00
    0.255821680113533351E-03   -0.245891301718209370E+02    0.112739556402194396E+01    0.930768170687738206E+00    0.467401964674127430E+04   -0.302475040465716518E-03    0.648709404449840710E+00
    0.186406805565417639E-03   -0.239560317166571295E+02    0.103065910124317073E+01    0.907473499429684471E+00    0.480215990319779667E+04   -0.772224667389584635E-04    0.701858328278836541E+00
    0.201085184606341461E-03   -0.241076261369813025E+02    0.104958249005077953E+01    0.955476261134488580E+00    0.482953665078146696E+04   -0.202581093061698746E-03    0.668988424454310393E+00
    0.223540049999798970E-03   -0.243193500776592764E+02    0.101359498385156233E+01    0.934532677644256626E+00    0.477773464745510955E+04   -0.212840577461573813E-03    0.722928843745240135E+00
    0.297504041118016628E-03   -0.248910245093657636E+02    0.106989680299149992E+01    0.970361191134750611E+00    0.471971383510973192E+04   -0.189563488113787251E-03    0.636928313870510632E+00
    0.388455699069951619E-03   -0.254245271575944258E+02    0.112469747446108581E+01    0.943882071046261983E+00    0.481791474348708834E+04   -0.251085187051524022E-03    0.592577502202865980E+00
    0.298624810034947856E-03   -0.248985448314256104E+02    0.108941820683715207E+01    0.937684487665300659E+00    0.491840246785060572E+04   -0.240161564433553654E-03    0.618702228142845922E+00
    0.202391441914213319E-03   -0.241205761993725929E+02    0.105111495795916476E+01    0.963844231955379716E+00    0.484016291002246635E+04   -0.320429491804801261E-03    0.624419339892922753E+00
    0.220086713206285405E-03   -0.242882121316648565E+02    0.108557524552005824E+01    0.886773679258460734E+00    0.481548497510461493E+04   -0.290940237888410525E-03    0.628393687684245861E+00
    0.196932154162735181E-03   -0.240658874410136683E+02    0.119296230851238838E+01    0.890789639555832458E+00    0.486979561938829283E+04   -0.825462289886850207E-04    0.576005535736814900E+00
    0.187082382857528865E-03   -0.239632670321613048E+02    0.987404788260458521E+00    0.891704476483764497E+00    0.490237713197383891E+04   -0.243383109400965674E-03    0.672347666877164185E+00
    0.198103761374013353E-03   -0.240777507739453256E+02    0.100394528531104865E+01    0.896794082430653949E+00    0.496180088277432333E+04   -0.213841202259308736E-03    0.611492535657285008E+00
    0.317565633359696462E-03   -0.250215379248237753E+02    0.123145754376199323E+01    0.985635884360887227E+00    0.463658719865958028E+04   -0.142600269517757745E-03    0.699748779114633512E+00
    0.248227401206262393E-03   -0.245288594251586005E+02    0.117650115837711855E+01    0.941479320117488805E+00    0.459000690043071245E+04   -0.166357396410647858E-03    0.698061384967841869E+00
    0.258856271048166025E-03   -0.246127148316518962E+02    0.115141667632237277E+01    0.920853746856363675E+00    0.451927193982211429E+04   -0.197376524583259456E-03    0.788940951625258680E+00
    0.265039104026705389E-03   -0.246599236473287498E+02    0.109157178982212244E+01    0.963797277625537463E+00    0.455699971807152269E+04   -0.194682958804131661E-03    0.754979852956253583E+00
    0.243305582666330117E-03   -0.244888052826666325E+02    0.128746795898478728E+01    0.955024522593113878E+00    0.434461234890158266E+04    0.147022833622419357E-04    0.905200535869314149E+00
    0.192408144527587169E-03   -0.240194066295192243E+02    0.114877413656744687E+01    0.915988197508136759E+00    0.473192389865141286E+04   -0.221482168642856764E-03    0.745237779941555933E+00
    0.219534682799688876E-03   -0.242831893488635302E+02    0.115483616480504137E+01    0.953435461618785340E+00    0.480450980066387820E+04   -0.209695198702748839E-03    0.757929431400180542E+00
    0.365958626042080367E-03   -0.253052094592201300E+02    0.115431404250331116E+01    0.949731613970084210E+00    0.492747962912489857E+04   -0.120810935471585195E-03    0.787837444169216083E+00
    0.247802031832053795E-03   -0.245254292296891592E+02    0.117210126840901863E+01    0.974447362394105121E+00    0.483226579691729330E+04   -0.156320178404173996E-03    0.748199040019147055E+00
    0.191340358039536652E-03   -0.240082765353386591E+02    0.118472885554368701E+01    0.901064646086372045E+00    0.496136204591959086E+04   -0.779352472744391703E-04    0.907095457742144062E+00
    0.203256871199334834E-03   -0.241291100013895274E+02    0.122052540265140586E+01    0.878401758355746298E+00    0.495768593202817829E+04   -0.100907501704700463E-03    0.862267021582682647E+00
    0.372140227214846952E-03   -0.253387103686432162E+02    0.124711400126626915E+01    0.958260477223666474E+00    0.484908502084660176E+04   -0.157036601214744729E-03    0.867890912596958608E+00
    0.271108318929424476E-03   -0.247052057761333259E+02    0.118736964659851396E+01    0.933987066250438924E+00    0.492778888928554352E+04   -0.803296382195382088E-04    0.938446545588013326E+00
    0.220931813528505713E-03   -0.242958771280801571E+02    0.153478005429695541E+01    0.641761963933773494E+00    0.473133210083956874E+04   -0.187150116249882193E-03    0.656162168829384496E+00
