{
  "injections": {
    "__dataframe__": true,
    "content": {
      "simulation_id": [
        1,
        2,
        3,
        4,
        5,
        6,
        7,
        8,
        9,
        10
      ],
      "mass_1": [
        1.346437581018064,
        2.4184864226948193,
        2.580268866739763,
        2.9822167732396503,
        2.9525804498105255,
        2.8113950353170942,
        1.918722481414303,
        2.752828929301745,
        1.8215764340073044,
        2.0336956075824544
      ],
      "mass_2": [
        1.2434617726541626,
        2.3846380040402404,
        1.448290922195018,
        2.6460798253830378,
        1.678501728797049,
        1.8702470403694247,
        1.263270794224304,
        1.3036275725290065,
        1.0255245866331426,
        1.167012756695467
      ],
      "luminosity_distance": [
        349.89743955461546,
        364.3693749175483,
        310.165960426652,
        87.71801970549426,
        243.3804777377737,
        432.04518446784914,
        372.7124388661829,
        472.3551683177743,
        263.2335096768443,
        330.22411846346375
      ],
      "psi": [
        0.0,
        0.0,
        0.0,
        0.0,
        0.0,
        0.0,
        0.0,
        0.0,
        0.0,
        0.0
      ],
      "phase": [
        0.0,
        0.0,
        0.0,
        0.0,
        0.0,
        0.0,
        0.0,
        0.0,
        0.0,
        0.0
      ],
      "geocent_time": [
        0,
        0,
        0,
        0,
        0,
        0,
        0,
        0,
        0,
        0
      ],
      "ra": [
        2.207588313901808,
        0.6996059617515885,
        2.000305162457728,
        0.925834109252132,
        5.231168436105747,
        5.963888642247662,
        0.7720976656235331,
        3.0778661575928403,
        3.1998926266333765,
        6.238802912940542
      ],
      "dec": [
        0.437755981228374,
        -1.4965749205715446,
        0.5343497316962562,
        -0.06425922514346616,
        1.1713111599747243,
        0.9700099620608591,
        -0.31232090718330574,
        -0.23761885105106373,
        -0.39705196504656026,
        0.02924590082669276
      ],
      "theta_jn": [
        0.7785240213760628,
        0.6850140542549454,
        1.0693456035145534,
        1.2901030258416442,
        0.8644883354034347,
        0.5643135315316653,
        0.32672698733704053,
        0.23411004881597564,
        0.3100917168794166,
        0.41349079585864473
      ],
      "a_1": [
        0.025449114098685124,
        0.048336076819576475,
        0.028828529102918474,
        0.00209275324773342,
        0.022005359296045107,
        0.03688624597944262,
        0.029982309461591836,
        0.016816044669936567,
        0.012587831979636817,
        0.04351878403296923
      ],
      "a_2": [
        0.04499574168430553,
        0.005478583964998125,
        0.033520031685407875,
        0.020454748025538875,
        0.016419454973089852,
        0.009586213411000577,
        0.008144517549597816,
        0.007148897033247677,
        0.04898409823513899,
        0.004493261924091836
      ],
      "tilt_1": [
        0.0,
        3.141592653589793,
        3.141592653589793,
        3.141592653589793,
        0.0,
        0.0,
        3.141592653589793,
        0.0,
        3.141592653589793,
        0.0
      ],
      "tilt_2": [
        0.0,
        3.141592653589793,
        3.141592653589793,
        3.141592653589793,
        3.141592653589793,
        0.0,
        0.0,
        0.0,
        0.0,
        3.141592653589793
      ],
      "phi_12": [
        0.0,
        0.0,
        0.0,
        0.0,
        0.0,
        0.0,
        0.0,
        0.0,
        0.0,
        0.0
      ],
      "phi_jl": [
        0.0,
        0.0,
        0.0,
        0.0,
        0.0,
        0.0,
        0.0,
        0.0,
        0.0,
        0.0
      ],
      "KNphi": [
        49.79708752735198,
        63.261236931082856,
        57.06972545524409,
        47.42335189930839,
        20.020484010292126,
        60.81367503904778,
        32.01017700910545,
        33.292665876866565,
        34.15146522034014,
        39.20979574937161
      ],
      "KNtheta": [
        62.025856212573,
        12.503643404211953,
        35.55899675369223,
        36.3914968096862,
        17.934200163838845,
        53.79082382218951,
        83.5294392037159,
        41.0807209428048,
        84.62107894794312,
        19.095204776423014
      ],
      "timeshift": [
        -1.422387449504193,
        -1.7259116075118492,
        -1.9468775605572162,
        -0.6731217491075643,
        -0.6292867826647428,
        -0.6626585585208589,
        -0.6604396658057301,
        -0.4087209406730079,
        -1.8761771477020808,
        -1.705830692842457
      ],
      "log10_mej_dyn": [
        -2.3901380457191284,
        -1.395633937377829,
        -2.8093398846180664,
        -1.9115178994237658,
        -1.8549906354318904,
        -2.2583227136387096,
        -1.8410636743737747,
        -1.1657578606391992,
        -2.872457759023474,
        -1.8618944650894615
      ],
      "log10_mej_wind": [
        -2.0978073112336273,
        -2.13263436791264,
        -2.0743555211252658,
        -0.5738639836316173,
        -2.707414111643083,
        -0.8953514381107106,
        -0.8772728648738064,
        -2.2347484727640143,
        -0.5977402261578044,
        -2.120291176035682
      ]
    }
  }
}