chirp_mass mass_ratio EOS alpha zeta
0.8247371643001409 0.539880892278267 3965.0752795008325 0.0005494713972530092 0.15173553319214536
1.1176022501974936 0.49037604079290936 4922.635968742468 0.0002881796593539784 0.3818785183486723
1.2027244826099124 0.6932516176747061 4638.435285482599 0.00022839546288667975 0.4097813379122975
1.3377435684204102 0.535972461104393 3986.3412539362907 -0.0004081587313089328 0.7274836897850037
0.9816187644859389 0.7927434345471449 4985.487970467307 0.00035631840680906533 0.3333328838453653
1.164448323485311 0.7882289623981964 4288.025901988129 -0.0002852549078992916 0.684882017376553
1.005763455133366 0.570983515244164 4266.674513436088 0.0006329597329232889 0.14655320739473113
1.0281764008003764 0.5436471783928766 4907.478218373006 -0.00020247894394953808 0.29808753772803337
1.6456258214260973 0.6958405289928228 4221.861568665647 0.0002769505561365058 0.926876900150908
1.1698644638061524 0.5625417232513428 4719.552876055241 -0.0006584688123508385 0.3380196690559387
1.3013304710388183 0.665089912712574 4533.91464060545 0.0002978591119969211 0.8382977247238159
1.4034099618575233 0.627542524586816 4685.023619532564 -7.991840428878335e-05 0.7859651546462634
1.2575445952404616 0.7479830346550567 4551.809174008188 -0.00012879524071171983 0.5263208963756892
1.434881841384024 0.7144280270045889 4705.10180353083 -0.00024560812553488053 0.6494518876283979
0.9724154083211206 0.5446624985299605 4476.159336491366 -0.0007469602676439715 0.250256355204851
0.9778154702608095 0.6213725889739885 4934.345067630739 0.00012718449725300762 0.13290134639563214
0.91836032295749 0.4676032592584618 4794.95078714441 0.00010636013254224746 0.24190866101988212
1.2817461175698965 0.5469754170667972 4632.0992027205075 0.0003496589956278677 0.38742861339437845
1.2493878317738276 0.7070606854594467 4185.020726219455 0.00017582123280961184 0.7104023674153294
1.3517572666567657 0.5528080444115857 4637.405586858953 0.00010705743688697687 0.6296669365998816
0.977663803100586 0.7676311135292053 3992.7422845959663 0.00025253813682424173 0.3299104571342468
1.3309696032689706 0.6263949347797595 4781.101894115472 -4.842280371380732e-07 0.7317091465472819
1.295217449226362 0.5578463479196251 4927.564715149921 -0.0002072810427483324 0.34182979586913553
1.486932406619529 0.5335801828742985 4324.517043211172 -0.00018040061979505308 0.41761913524442545
1.23493507291441 0.48065722998891386 4246.406854648927 5.7237321786831686e-05 0.6280286477303765
1.0102209083339575 0.6207461263210088 4511.37208548002 0.0003322543361581624 0.2568444255175927
0.8640700510595957 0.7513293063973677 4652.787168118457 0.00011468563336845006 0.18457738260456624
0.9775901950180963 0.7391453819192138 4748.229995137541 0.00014083853917047257 0.30585710764879426
1.5340493679046632 0.6093428507447243 4633.177116751671 0.00019751000221825092 0.6778467893600464
1.3226779477613253 0.577124436488035 4646.779800073889 -0.0003276745601124756 0.6417992864356481
1.2611932692712828 0.5734280335072663 4662.697263303709 -0.0007979278139155631 0.31795908621503416
0.9548457670398636 0.48277405137063173 4162.672977638221 0.0003976981416656885 0.22170071795273494
1.3377186775207521 0.5498491451144218 4416.817570745945 -0.00038683797936920955 0.3832377791404724
1.2810404528994797 0.5671977631607084 4288.815201637025 -0.0008107654114972119 0.37246686000110946
1.2803776425334659 0.7660413514881419 4035.8183028898916 5.8794868346261764e-05 0.8871699745049085
1.2993860818302911 0.6603889584978619 4139.399767983845 0.00031119038116799466 0.8432233534026248
1.2963905079207103 0.4991769773175934 4555.77969987517 -0.000629573063573455 0.5790544521924607
1.4075267405907335 0.51168199320095 4324.572338212776 0.0002642553739056414 0.6915288624730924
1.056024557338123 0.5282812650750794 4440.220495183891 7.08801553302374e-05 0.2127791299535438
1.2206509559412169 0.7145286377451538 4017.543977448329 0.00022060323914206657 0.25432802160987844
1.1725339955194967 0.6970614884668941 4173.106207974976 -0.00023948887647826417 0.2315668942558518
1.4497475385665894 0.6602146029472351 4814.280618131161 0.000681434995609918 0.8692418932914734
1.3256300687789917 0.6099105998873711 4191.21864938736 0.0007435347325594787 0.6538050770759583
1.1492138283727373 0.5089313646452439 4928.981292684312 0.000517008995558568 0.2650539688419074
1.1539328013865753 0.6433358360694162 4993.195329881106 -0.00028609023308554335 0.31022889482257066
0.9289179758022832 0.4946083092060465 4915.025104402695 -0.0003028540742509251 0.21763543470468788
1.563825263321466 0.6920162708111026 4899.903769140413 -0.0003719020260742737 0.563626441087067
0.8667776602498568 0.6117157817909515 4320.0259799798205 2.87078264811325e-05 0.19838495835906628
1.0527609803860365 0.7617561720824249 4208.6608208945045 -5.003750478686653e-05 0.31867748869760537
1.307339908368139 0.5976906190768796 4632.25004471436 -0.0003437889877872311 0.377242192284281
1.3463104009628295 0.5143260210752487 4660.436195254326 -0.0007599767199502527 0.6107988953590393
0.9869776242740276 0.6499936404078779 4786.262497611044 7.652082082122318e-05 0.23239275199849527
1.2653731416633311 0.607933661001854 4162.902045349199 -0.0006842698302591602 0.5756641269797877
1.268324227805577 0.4938922033116025 4556.972309826201 -5.6998794894960285e-05 0.39801193815871344
1.3324520340640629 0.5541611800458989 4589.25376967638 6.513373339427097e-05 0.44337562144528303
1.260833645441756 0.5421320255775606 4849.606990849487 -0.00047109675842749887 0.439699670729706
1.3239021861252838 0.6807839364134561 4539.438343976205 0.0002460954154638016 0.9551742472461108
1.1044273082347627 0.5023145845968569 4037.395582269958 0.0007988235423325641 0.20790645717063294
1.0518893940608778 0.6838108343462197 4631.914363065376 0.00015758496436686984 0.26522875924892775
1.3419129699333567 0.5204911092241975 4141.087237575214 0.00023057912305046147 0.46643314313753104
0.9064989082419145 0.7476688174015073 4718.505987694884 0.00010063437334501586 0.24869535003545534
1.2205144488607296 0.7912990989928975 4355.141838318696 -0.0007389369540737904 0.5468231742002307
1.1664562398661962 0.4798690004460354 4836.24118693612 -0.0007109922173773022 0.24115666552805273
1.0933742284774781 0.9261745661497116 4527.999783039093 0.00013372156467078393 0.2451760172843933
1.241528436547994 0.6701638935702172 4746.328467322092 0.0009975087146180323 0.6639214187681297
1.127394805144548 0.5030434383803875 4483.416446261652 0.00020145835235927311 0.3087744444483097
1.2923590702917307 0.5895758485678784 4392.775964265109 0.000107822143104933 0.3615917847608926
0.8562647446472956 0.733110118410451 4937.058776500835 -0.00016475812876103342 0.17850599640029305
1.4052284185852049 0.7437939396078517 4351.651478466152 0.00013515700520447707 0.9241190678534695
0.9391895071150498 0.7525356020048561 4513.801925325894 -0.0005059518573678999 0.30075234736786727
1.016499051142507 0.5155905022474727 4548.166930479598 -0.00026222699613707973 0.24056067360245176
1.0879311323165894 0.5098583474755287 4080.2781822681427 -5.94184665273123e-05 0.19617056846618652
1.3510134657193515 0.607987142855607 4564.4922297517705 9.501939890119306e-05 0.6242827550754659
1.3421576957699126 0.6884477725778523 4911.388634877981 -0.00018301292584305 0.914506274629286
1.2633681364798406 0.5717108001838642 4695.676825774757 0.00015626491195332268 0.574508573198382
0.9927536175355127 0.523998799714722 4547.587588180423 -4.8619596488727995e-05 0.20909371224558915
1.1544711744606881 0.7776128491114729 4904.261715072361 0.00036337434670473525 0.35876791449320955
1.3132256554298287 0.51130736161401 4292.329497776737 0.00043675606065833253 0.5672379345349666
1.3476064183038012 0.5354769642757311 4556.40032245905 -0.00041514970502861 0.683521143688827
1.1005301788023971 0.5962392729682106 4997.10494232317 0.0005107114706314395 0.2763255655336
1.4556812475000864 0.5214977013623433 4615.219089591722 8.78650697080359e-05 0.45663612737231624
1.3423954347384592 0.6894088801297358 4699.818913123834 0.0008109763684726563 0.9715558329686467
1.1154009580612183 0.8998288363218307 4496.24978864193 -0.0007459654482767828 0.4357452988624573
1.2936885229375306 0.48412817657067914 4943.070398319982 0.0005586391445807896 0.5805650054893574
1.249594242938981 0.7305207851410025 4143.582468953949 -0.0003357364017054913 0.26394579516305905
1.1603625774383546 0.5265498384833336 4243.846365094185 -0.0002784503903628873 0.21350711584091187
1.0527323961257935 0.7852919399738312 4114.991119980812 -4.193879214071137e-05 0.35916030406951904
0.9129613890316821 0.5813788928251395 4617.418943958094 -5.393457356663007e-05 0.20638507268894213
1.0614500045776367 0.5109122768044472 4302.366880238056 -0.0005007103789404353 0.22594773769378662
1.1573974336214432 0.5152609172844813 4745.948610403377 0.0003172416221919347 0.36702847814432515
1.365962215498035 0.722223555201299 4340.935744629891 0.00016776208013792525 0.8512403572944582
0.9334654563550996 0.8172826779230148 4870.487436711658 -0.0008538781731362088 0.26576639586425144
1.122943401439573 0.8851168362190477 4915.992686078685 -0.0002041045261798837 0.5797653986162834
0.9328688383102417 0.5902279168367386 4024.0105771422386 0.00012302633489296355 0.19889754056930542
0.8737770911031746 0.7729834559291672 4925.492796184068 0.00016903493234898776 0.2570794471521219
1.1010631751592546 0.9435461785871874 4649.565696866285 -0.0001972948794758803 0.2994844581895587
1.5705598520751383 0.6896670572065904 4256.782705639138 1.5584053564956773e-05 0.700676168253417
1.3277528704709711 0.5275124342786057 4798.165382974923 -0.0005695428939931 0.49593213868618224
1.0272706642321314 0.6289737794170336 4738.136749699998 -0.0002716229808721604 0.22541191251132353
1.2156530780050738 0.48516008760776846 4182.33465240727 -0.00020824190270023448 0.4261421987961606
0.8442241251965868 0.6175390846690046 4873.793311478436 -6.125486932195046e-05 0.1819160576458971
1.3246400473178461 0.5858759587295801 4723.718927423238 0.00018790846000494668 0.39063430953015965
1.309541554601307 0.5397352898191837 4525.45643922083 -5.830048200197736e-05 0.4488572137755376
1.1268580594300004 0.4982348818319967 4803.362812743874 0.0005775747671081697 0.27956133809022254
1.233906509450897 0.8947290545276361 4440.672453449854 0.0005834281157097818 0.7697120491768681
1.2158880182049234 0.4916023044810101 4618.773489575063 0.0003984852621877032 0.38652074107215795
1.0084461335103974 0.7095543040541459 4101.171471216344 -9.796908112932591e-05 0.16893709132835105
0.9316396713256836 0.5226615965366364 4730.2442128658295 -8.686272623867671e-05 0.18168771266937256
0.8382597446441651 0.6379828378558159 4919.5190588235855 0.00011980638504045145 0.18037676811218262
1.1507233129037922 0.5938844270477989 4355.973071797811 -0.001035744848505179 0.198010241311993
0.8634423642915825 0.5926393445772424 4876.8530518621565 0.000584046602640271 0.19055685894369817
0.9596365118196115 0.7300388969797572 4736.205370483982 0.0002310076756038843 0.1679634228523396
1.4455341838693527 0.4943614753194361 4046.2251673077994 -7.961511265376266e-05 0.46755524131507703
1.294906437238465 0.5714444794666643 4667.082246022577 -0.00012081705379028683 0.37779156246849077
0.944040232723907 0.8570848490833296 4139.79191436558 0.0005757098129981622 0.3699261346908129
1.0778866574526735 0.9221106981147298 4719.5840126119965 -0.00041281993806452616 0.252795973350876
1.2601571949864248 0.5590999562967587 4928.256907590453 2.2203743921055946e-05 0.49138082655121534
1.4594574769556425 0.6778411349931979 4458.108588492022 0.0005476471278251625 0.8696671973411773
1.1535656197020976 0.8600720960326688 4544.897716122346 -0.0005525054012153821 0.7015311423542897
1.5181435491025823 0.6497921274753141 3931.789787050887 -0.00043734010628078564 0.803317962694869
0.9258651703694594 0.7632871086194937 4552.013121536312 3.607782488677572e-05 0.23129908915333994
1.3907456757884744 0.8033366843308591 4750.24764557919 4.348350931601192e-05 0.940500205008252
1.2184623059900925 0.6058246080058711 4267.159842316286 -6.297230218335345e-05 0.2690834098338718
1.3174855232238771 0.5769927278161049 4920.007914662361 -0.00019382529715960577 0.7007576823234558
1.2946795981543655 0.6794096161741153 4721.413253980084 2.7732853268917475e-05 0.5059539919931695
0.9999572765502718 0.8539471132900219 4708.590406149175 -0.0006939299532142336 0.33632461692370613
1.2335790525939532 0.6171810208558541 4941.371318942355 0.00027750114339892445 0.23138418427544138
1.1585418939590455 0.8163358122110367 4777.851021409035 0.00015308765698962998 0.2481292486190796
1.1116967309250438 0.7414023316350278 4217.440178329476 -0.0002839198376865332 0.29508714219909715
1.347469115257263 0.5270036309957504 4414.325896382332 0.00019276698897371155 0.43639928102493286
1.001168967663732 0.9406242973649 4377.8876024196325 -0.00016833945750481264 0.4277747282700456
1.390322053796345 0.5303091338629018 4369.157930951221 -0.0006100293312369864 0.5072225563636885
1.0536092421629646 0.9324244385764393 4376.926299041796 -5.238799575065738e-05 0.303211361927999
1.1119058277795104 0.8926043288874056 4381.248138125134 0.00011996487522444301 0.5307052157368386
1.1390003241208149 0.7119781672976813 4275.537714842565 0.0006765085973289693 0.16226388516652757
1.1651450343388887 0.7924802237865797 4562.721694653771 0.000624693014492444 0.5067874473406397
1.0497660565153732 0.509886990473988 4814.668796413193 -0.00020008522544561234 0.24212439883452602
1.1587733079864826 0.5873760804165779 4386.479997669776 -0.0004838547391679063 0.3439904388808814
1.0119690470510492 0.7848645307028733 4549.392246110241 -0.00036587162739741097 0.35267532291961273
1.3428749188862026 0.7676161422692769 4798.965140412852 0.000509914368143452 0.7473260847819316
0.9208434689661876 0.7940146907083129 4629.997825041574 2.612458759000157e-05 0.3053347377010861
1.0960831133999989 0.9323298991586481 4927.032445043559 0.0004501365435364812 0.311730905622898
1.1637927809458115 0.883031214681044 4438.801905959599 0.0010849440082138957 0.4246551995240699
0.9599204075959155 0.7761907254977417 4864.120314219488 -0.0006564434703674681 0.2616699516648815
1.4075341656873883 0.7153518997955329 4548.148104975577 -0.0002992618527102597 0.7017121613427659
1.324819928696275 0.5364749276938274 4890.366787488605 -6.0897292261812885e-05 0.41743484448286916
1.2463377006206573 0.504363520031371 4521.107566675508 0.00038334320810656076 0.48302300905397827
1.4310326415019108 0.548798571080812 4176.132992405971 -4.035179629884445e-05 0.5640621572018629
0.9674366196743756 0.5892682176317494 4391.0026233104845 0.00011033981433402991 0.18298630778361574
1.4518310865057678 0.5572507256367303 4112.994543052483 0.0005357643395592071 0.535093185404556
1.4194932132642433 0.6319970642684012 4776.508102856722 -0.0006104032324984641 0.6882337638448377
1.1148145476086206 0.5221231199935306 4866.922956778989 0.00033277301912349523 0.28207157564536434
1.1063544750213623 0.9984505549073219 4507.171543478966 -0.0007254071662959388 0.4372454881668091
1.4984476011277215 0.5992157699110012 4496.133936776475 8.463624367383691e-05 0.593533755907726
1.3975122038881638 0.5499223925250135 4660.269449989667 6.437206115323645e-05 0.46073053646591
1.1272548257117407 0.9247349864820832 4295.42577412732 -4.1808867267986644e-05 0.5544219371068707
0.940380628062919 0.6006565453076029 4384.623586852243 0.0011605675169884366 0.200527850123682
1.2302853345870972 0.5062063634395599 4358.159043252468 0.0006131069367847371 0.5342301726341248
1.345871400440494 0.6101402594357312 4522.413583612717 -0.00014177245778310198 0.6610579580717332
1.2951168260127193 0.5538147842202605 4286.326762594802 -0.00027098433228250646 0.608655810744377
0.983404390609284 0.7532864239634366 4587.513516165791 -0.00025933171927893336 0.2909469519037601
1.1113992217561741 0.5679264957158007 4723.396392245945 -0.0006456219050184912 0.2096290246468161
1.2235615389718428 0.6017264454188264 4988.126006367746 -0.000552839124041513 0.4291555076892971
1.005589227799388 0.6686271705835953 4281.245778787735 -4.295892832589081e-05 0.15677059811265381
1.3142249051723423 0.7204246281708305 4843.593082320063 -0.0003175855519878622 0.8671745275381495
1.2857174396514892 0.753020778298378 4647.6117777228355 0.0006959783340783105 0.5398218631744385
1.374429057326084 0.6301678503934427 4449.805093590933 0.000505612775189078 0.4115690451043164
1.1914420993033306 0.5735322887177243 4679.600421491182 0.0002847240151801632 0.32199584477256527
0.9472446647735815 0.6236880076830128 4521.943425078089 8.976944939936718e-05 0.21540538412528204
1.3714621921521868 0.6980920337793963 4211.016273788777 -0.000149618463193937 0.9659631982913717
1.3862996505153347 0.71740946469235 4544.0254397466615 -0.00036724796981972644 0.738912833919005
1.2821166717080212 0.8752742019767236 4496.979700464089 0.0005828740041137593 0.7858389702406324
0.9634922243177738 0.7133777986679463 4676.580996674001 0.0003430246195505199 0.27521592519560023
1.0004981079887763 0.6628373892282005 4035.8176005331293 -0.00031088114203225005 0.22176029274317172
1.0693101490147223 0.9160968243484111 4254.708193853856 0.00016886896473642597 0.5746720666372258
1.336509773606191 0.5897713613948505 4164.331348876868 -0.0008689112632553451 0.27362641302471086
0.9617473487007414 0.6464906130227611 4506.71094297455 -0.0001863382049065934 0.22950374958444197
1.0583316228848132 0.8487991750832652 4593.5623588545595 1.1717325906626506e-05 0.3737754348272518
1.2298891805357737 0.6299008806435162 4723.051345641307 -0.0006711919068863214 0.27091671661255223
1.1005096912384034 0.9576446413993835 4285.067345201969 -0.00028808599885130347 0.5859991908073425
1.2704209785861527 0.5515009104997747 4721.909058908731 0.0005463146814431236 0.6179084164071886
1.1231623387207583 0.5482803779547462 4340.7684787668795 0.0005554761988411956 0.39424407137288386
1.6643980219402548 0.6990474847929129 4304.369260167058 -2.1051450467061936e-05 0.9819725205600887
1.1754715893536969 0.8904283172426557 4398.020108486287 7.38320098018892e-05 0.5083320045303794
1.1258317470550536 0.8180438578128815 4510.888338267803 9.092670695098807e-05 0.4099099636077881
1.3656537649267027 0.5309422673606056 4355.378652438795 0.0008908723188668475 0.43601395086726863
1.3664804732729379 0.481328978270944 4549.96637168356 -0.0003484796139897139 0.4718102570574086
1.1759404207688642 0.5133851366999888 4680.127575412003 -7.456667024579153e-05 0.3551426962125227
1.41274471282959 0.5707342401146889 4112.7471524477005 0.0005727889829925713 0.51898592710495
1.3385888594443847 0.538829394189412 4138.032162575752 0.0004362115536225778 0.38034339967414127
1.1629634955237762 0.9160960237415341 4956.68503725762 -1.5057750109079285e-05 0.3585392733084448
1.1049637527307052 0.9972626997757519 4700.30321956738 -8.076094068350407e-05 0.4370802398213258
1.2224057197570801 0.6014360338449478 4254.681079745293 -0.00042935257554396435 0.5653703212738037
1.2261337570604596 0.5763185675879716 4540.721726952206 -9.565377408501997e-05 0.2558506141484861
1.39133914037686 0.6553292377170584 4990.573046410243 -0.00015478296141878902 0.7980350378615975
1.2065077063777112 0.4885859593367636 4910.560311900731 -0.0006455699320090092 0.42962497374707376
0.9309416932227117 0.8280298842527756 4252.422855998919 0.00035057964898569906 0.2720183427119479
0.9214997146802688 0.8337505267978358 4705.816236077991 7.46582390879274e-06 0.2980387263322458
1.473888954490135 0.6656494661207937 4726.674984813675 -0.00033633688086896014 0.791175498686236
1.335549235343933 0.7338365837931633 4056.0649141073227 5.426200379097723e-05 0.5709271430969238
1.3233206837591296 0.6902058385974343 4659.548611245164 0.0005189248404861735 0.42343642169031503
1.1382389902948826 0.6638209614202888 4566.4081249303945 -0.0005943071150163734 0.2542476419334042
1.4449225279842517 0.5765702484922932 4853.245841142585 -0.00015435264496957505 0.3842152265826916
1.328044092716547 0.5394012427786878 4521.623450441441 0.0003189938570326262 0.4396711018988001
1.0009887522949454 0.7356308250185934 4735.342817781946 0.00026114040008819774 0.29254044733205165
1.0169976996970764 0.9887296501772802 4687.320640952791 0.00021378174974866264 0.41180678863279824
1.2874667313259507 0.5885531409996942 4887.279160642598 0.0007366571510222652 0.6083573885300091
0.9917675680235547 0.5847887954630464 4527.009779991298 -6.595165897831432e-05 0.21183780133581237
1.0607651472091675 0.7090422809123993 4680.7481553554535 -0.00025050765847893026 0.27263450622558594
1.0372276293649598 0.9644766163723043 4516.1457281619405 -0.0004387710224842465 0.37942054543774406
1.3214468865517968 0.6976893637356735 4668.973399022638 1.4285744957643519e-05 0.7358575507452689
1.4265230235527255 0.6863676547821816 4703.032831920909 0.00019614537529991007 0.9615870258879065
1.445537310090484 0.6881839206372262 4935.073662487869 0.0006512765018663783 0.835527272421916
1.3240494876225424 0.5281982093014786 4654.222602955617 -0.0002744133523803992 0.39378946770252415
1.4865030339260128 0.5986267195616156 4399.971143952957 -0.00011142610706585306 0.4157230804583785
0.9329123011939269 0.8276997162827588 4906.731132127842 8.0824476476394e-05 0.3202531511217122
1.36953125 0.653513066470623 4657.6810156702995 -0.00024547835093841384 0.43520164489746094
1.3474073665776638 0.5481166964882412 4195.026558684439 0.0003794747480435507 0.40759681276242554
1.2222625286329136 0.7823155248763474 4378.060542409076 0.0005412594529664498 0.683789534096724
1.3587490647864957 0.6581794667824307 4869.0964933117975 0.0006932945945127804 0.38931408953104996
1.2928129853532515 0.5762395145369855 4966.256913306435 0.00014575391851088864 0.6321448433497292
0.9332804390309237 0.7807915051735005 4704.059118352332 -0.0008481727844573366 0.3142303075927632
1.2831714564615084 0.5025516021331049 4802.556975506511 9.037752231274448e-05 0.3577801547223495
0.9195996407596727 0.7019644660891525 4340.811770759572 -0.0001499448024081751 0.25274684955218985
1.3099289723748866 0.6196937732024479 4899.631087458485 -0.0003875739199555225 0.5429448036491733
0.9487768411636353 0.7194060757756233 4622.748987078667 0.0002494625701177654 0.18163448572158813
1.0647005138855867 0.7523239607438958 4221.257460671524 0.0005825533894004048 0.19853374717211492
1.32364963217325 0.7445778063196486 4552.548170456322 0.00022328235618431243 0.5025865949336944
1.2674463349863738 0.5262537632462567 4467.674126452704 -0.0003230228188038261 0.49923417712201135
1.0617845536487112 0.5528404198766066 4500.434903051615 0.0006960054185376438 0.1974400852119492
1.2284212401662085 0.49400226543532344 4794.752614879999 -0.00038327370950949483 0.40571928648257954
1.3730506861918497 0.6437023415163672 4843.484422041178 0.0003415734877353829 0.44189914020573323
1.2127758015338677 0.5854634794098608 4650.912779352894 -0.0005746770994664761 0.20476635192773796
1.2720736201363994 0.5186800877119232 4684.356168578454 -0.00020842913426255053 0.5263273008234374
1.0044547791905762 0.6298781802682273 4900.772269567898 -0.0004965031062617607 0.15339883766879892
1.0783060827346875 0.7838404776642169 4212.386288000201 0.0006814572733394369 0.32880283631050966
1.427448957124418 0.630921600074397 4234.505743593428 0.00015959155957677966 0.5322114898257029
1.2855344150053163 0.5970747237049898 4255.0721719213325 0.0003996133857348846 0.29110376349165107
1.296083286031372 0.6326666906058305 4114.562712968528 0.00045062123822012224 0.5318246145970005
1.290256724147837 0.7797800940549474 4976.687790671814 -0.000318733728292306 0.9662278819561403
1.5212720394134522 0.6119126379489899 4104.545105338097 -0.00044152120971324086 0.5059539079666138
1.2709783792495728 0.6178089678287506 4752.724129378796 0.000261258658762201 0.6918708086013794
1.0227406874533775 0.8947609491682553 4744.364506760018 -0.00023233922510288831 0.42245442334244904
1.146656879014026 0.5777873830307694 4450.382685543116 -4.1768217313870224e-05 0.18322901615270637
1.0118641564602944 0.7917262824860867 4657.267417371274 -2.7849728740207576e-05 0.27092034840682844
1.1277358308231942 0.9480331130048621 4923.304383855019 -0.0006142514179541842 0.35624540999378607
1.2865727430821359 0.532187116467128 4371.271305632039 -0.0010506278846984937 0.3440765824240468
1.0846915374398773 0.9775551726896831 4429.453019098349 0.00018765580107184534 0.3672398438062876
1.168774144967839 0.5395315579592853 4866.684006473346 0.00023873010673794228 0.37748485669144605
1.2561061957820658 0.5307112945068486 4971.667925783126 1.948340158450121e-05 0.4628564570000569
1.0407163122998422 0.9535036065825522 4927.380008130006 0.00032623253694826415 0.28675859835527
1.3870534818479503 0.5824615864252118 4941.028470235738 2.2601960007713924e-05 0.6490644310783402
0.8710025185607388 0.6738343643181278 4567.652375966822 9.616193872286354e-05 0.18349332664681656
1.1899598625709968 0.8056461458739298 4603.061200440103 -0.00011233577838492442 0.23605251762004037
1.2161224400950785 0.5611839963655485 4438.765494742969 -0.0002095641484683417 0.4903967128681556
1.4129671634538132 0.5999395416801332 4229.899326782323 -0.0004029186662261789 0.5606757318205431
1.1878678030609788 0.5923915785411027 4107.536633446848 0.0006541231575247256 0.22077666645291116
1.2007206169704194 0.7343165464123429 4746.327224990999 -0.0003977634810473278 0.31290644197686424
1.0130471443586262 0.9084670107125951 4963.152503164184 -4.29633912251256e-05 0.4470679264457319
1.1821885365223546 0.4951858025552891 4752.825153664921 -0.00012015520848888762 0.5562939210652653
1.0452025413513184 0.6376832127571106 4648.240732491016 -0.0003199077313966599 0.1584351658821106
1.2479818817360337 0.7876102457243483 4961.851366303555 0.0005464013833433218 0.669544268887221
1.3120673277545296 0.6671497430165149 4717.611953132834 0.00033451801472054955 0.33085275951162
1.0333317695544564 0.6404211807040069 4012.611744695215 0.0005514640386848239 0.21123889794781933
1.1806794325406365 0.7786367765601396 4813.370725460657 -7.028318148964017e-05 0.3485442067741943
1.2449882704944744 0.7477456309545809 4286.798587623663 0.0003665057400890716 0.9621939659219928
1.361563520181873 0.5964395328724601 4604.5999603888185 -0.0008047282619982926 0.4111454243718718
1.404178764446358 0.7180680145871765 4103.481400440926 -0.0005220876685490259 0.7983282522429068
1.1919084068388852 0.7585938536083036 4867.4135418596625 0.0007266176169155183 0.6205750556662099
1.2446438340292978 0.7468387689051963 4953.676861969523 -0.0006693594828690064 0.2917902229172888
1.0553726982683767 0.9664149667230999 4539.999620387115 -0.0006570739487994032 0.4117159766721553
1.0741197619545262 0.583880349984961 4233.4411734562045 0.0003627740546479821 0.17940176077358738
1.3395273873536486 0.6815065392713595 4203.732107890788 0.00027042555327846246 0.48847578349287296
1.2009045878405424 0.6699590737682037 4710.096766051763 4.518922186335956e-05 0.32736458233770704
1.1260424785309802 0.6951729891233027 4399.114982094397 -0.00019959827328633662 0.25420420943431826
1.3327702825386472 0.6695157445374442 4334.337064185573 -0.0005504000706570328 0.4133852970215168
0.9791530124744474 0.6723997740723389 4219.6332086159455 1.3774295366602879e-05 0.22418221486062864
1.0716743787245684 0.7875475066085594 4261.352830298439 -0.000319764122749637 0.22410030180781332
1.4381985149567074 0.5263722597167418 4449.96755222395 -9.964471782219044e-05 0.5249823084920711
1.4012429213204212 0.5539520857788832 4634.952269909579 -7.980809821391013e-05 0.46977654365970445
1.3075029728586172 0.6442820475164223 4965.560821292428 -0.0005603960874250291 0.7121925078496691
1.2142675239786476 0.548004980825592 4629.148220871757 -0.0006768926203261613 0.5038691420410764
0.996986074981455 0.8716837000177079 4786.08629298968 0.00019085835079848463 0.33724556020754703
1.0388013148319017 0.7332055947524725 4371.570155859104 -4.6827418013534225e-05 0.28439698890929904
1.4642968416213988 0.6906234472990036 4765.748560488224 0.00010838779291707926 0.9375407695770264
0.9086730474004086 0.7112638421674613 4677.30553033693 -0.00038540237084458407 0.24295215237082005
1.0518487647850594 0.8168262430247104 4064.371893029692 -2.4018480283293994e-05 0.24792216311057313
1.278829683053015 0.5924990262085494 4969.030836377438 0.00010981851129966021 0.31652576636204205
0.8755647953471322 0.6068329382646793 4793.550420659771 0.00012138381036458732 0.1794917721806157
1.2953359551989645 0.6491365038645659 4949.87371510183 0.0011742997960922567 0.3347547261048816
1.2530713206618909 0.631625930610527 4645.736903763348 -0.00014635794235165093 0.3209968978563137
1.3238543557689937 0.529527939213221 4569.981951535932 0.00015543688360851397 0.5553571207603305
1.0383103363542359 0.6016513971548055 4673.046281901081 -0.0007111668579515221 0.21062450852139253
1.3260582239175718 0.7320177091010113 4738.320236076351 -0.0003311963434946915 0.7698119883369101
1.3334528210642387 0.6803251474603461 4783.85603431681 -9.24454739100881e-05 0.49686469698516644
1.0789102576347394 0.736941891954754 4634.226229984743 0.0003399079585729686 0.28598825994527516
1.4149951053904526 0.5735484986045974 4206.487637067345 0.00024083250436242546 0.5424456815095267
1.3684865797378931 0.5803006763611147 4550.993811913689 1.7367776759902616e-05 0.5730912891281257
0.9635172227279243 0.7848649677215515 4064.2824330283956 0.00026876333612662603 0.23172239910792386
1.5090779607410267 0.612466296076155 4506.3106274968295 -0.00025235421885498946 0.4117272492262357
1.205900508097444 0.7562544711164684 4883.47996264747 -0.00027105730517137727 0.7921881917724621
1.191103023836553 0.6199561318130412 4103.68638850466 0.00029675590780688685 0.24947839833737112
1.1518950616027102 0.509582698631918 4837.053649567386 -0.0001952576398308142 0.3284058776382535
1.080456336471318 0.8291078036956934 4629.042606198887 -0.000738790732907544 0.4319898794369843
1.5986363397251901 0.6644412256673349 4379.436107208561 -0.0005090946915020523 0.506895278466823
1.1807186766664628 0.8761029079160966 4554.463886275677 -0.0005186301421073377 0.5186129178713571
0.9158303007410609 0.6600962739365802 4225.641904685787 0.0003510520012130164 0.21441049066341086
1.5899065970671447 0.7107246911338032 4328.899949470707 0.0001812849217732599 0.8078808549072888
0.9492410250120873 0.8766533283508472 4693.513962108576 0.0011951510368646502 0.36470929566755833
1.0558578247530965 0.8028228461462878 4878.070034436087 0.0005939940077695354 0.36700947680945084
1.3106970787771233 0.5604211631974116 3955.174079325645 0.0004593316267132456 0.4963805017469096
1.189003814348432 0.679849443494103 4704.906442864713 9.638670196614375e-05 0.17829268240417617
0.9692710709470339 0.6258301446235442 4833.752267754407 0.0006099897259092125 0.16003918813996149
1.3031940902189956 0.694488037582287 4951.500340265789 -0.0003178682508961439 0.4071076775914504
1.4293175225720685 0.7347406861008766 4332.186621933333 6.226479367939147e-05 0.977893198922335
1.4354095220565797 0.5868709161877632 4523.600676655769 0.000544369118267156 0.5308893322944641
0.9677913657872337 0.603962162042296 4210.681203554618 -0.0011836182605452633 0.20480544562378877
1.2588672083816748 0.5245736343869443 4577.538972437088 -0.0001843316880559465 0.5714872583514402
1.3694256429417222 0.5498503024905368 4235.827284434031 -0.00015923353623502787 0.5568437078554751
1.365473199694646 0.5847153837695236 4168.656688175604 -0.0002922599120315424 0.5559361763843899
1.393862779556236 0.7052047663846027 4581.787390738716 -0.0003796266793533352 0.5055381445445072
1.316850905353944 0.5445116395188598 4767.679681134818 0.0005111047268241982 0.5957377179669495
1.2079774873438418 0.8894489682924992 4621.3963905501905 -0.0004000931974905694 0.6292556945632364
1.2470322871327792 0.5421105848380372 4964.424269274331 0.0003457320733160359 0.3664415036688478
1.2913638378716898 0.6584522518961724 4142.11183380157 0.0006544647310322525 0.22353112910233636
1.4385099157382697 0.6705580257954488 4729.6158130653375 -3.0380234116367078e-05 0.5330213769087242
1.4811740628605277 0.6595303362927701 4598.480590370813 0.00031737014260690006 0.4844429624834734
1.368634580142999 0.6342499260814275 4514.60483661935 -0.0005853676178790288 0.6711240827665617
1.3067779155052452 0.6163171406355796 4441.881016450537 -0.00012284178207118534 0.40217503333848664
1.3119723320007326 0.5855121463537216 4945.574180781841 0.0003429840463109072 0.5445441603660583
1.547049069404602 0.6051088273525238 4635.85509288311 -0.0009225244832288151 0.6391655802726746
1.1987048513582608 0.8989665589611324 4147.635442185335 0.00015893703450682987 0.7982270433736506
1.3135267012305385 0.5648037389049035 4397.107749320948 0.00052008369401658 0.4941957683463192
1.106300361328822 0.9407756137512844 4453.5518187579 -0.0003359154740060624 0.32341790987716046
1.184186562178256 0.5788731681035817 4285.809984690996 0.0009684914660990549 0.46004978206356745
1.1258401590748526 0.8219255554253247 4973.573277855316 -0.0004239179415103652 0.2688807508016687
1.0615701931453705 0.7375202057854949 4399.222925399166 0.00015744082281998295 0.19854642641325332
0.9537213013322455 0.7424539178144267 4133.179406472115 -0.0001289671540711788 0.2058412509758629
1.0854482636494502 0.8829718862531551 4591.468205206329 -0.0010088993321845253 0.3240944319420509
0.9816767454147339 0.8203189745545387 4651.96438318491 -0.0006597400749160823 0.3458394408226013
1.3479422171795643 0.6128200917807556 4592.408840389192 -0.0009621951281214802 0.5822841887746373
1.4756436749869832 0.6850408430987223 3956.0036749592487 -0.0004082404276554841 0.5769739386483558
1.2267660442486767 0.6595038301174831 4589.0672180092215 -0.00041495187446343227 0.25006602250521215
1.3800997003715707 0.609440652862056 4470.418021834878 7.060298361375926e-05 0.4110128289176873
1.1965731761899274 0.49933284139221146 4955.3385820024605 0.0001543915680375696 0.2986842656321088
0.9904814272820546 0.6465673563086743 4619.955126397959 0.0005413186038182912 0.22728744201170253
1.0604248265567344 0.9714219034669889 4013.437087023523 1.9187940304866195e-05 0.4017039627131501
0.9298311536634397 0.7367281650244053 4399.675370165731 -0.0005836905955400109 0.23314439946618462
1.0578871974397737 0.9252096045727826 4098.393582875144 -0.00011078904232469765 0.3195810784668618
1.2307632417603882 0.6423577269643801 4318.870411928356 0.0004182842993160341 0.5980436994717864
0.9865712246995693 0.8068776538807194 4826.046556145011 -0.0003363538231429275 0.3296370352376931
1.3433633243921168 0.6574185342841765 4169.649132986124 0.0006668231636470524 0.3570778085875765
1.3659147721416054 0.8558839537909526 4468.050382826812 0.00011181960358959367 0.9744057006891316
1.3560291528701782 0.5715120136737823 4334.620634615421 0.00025031565851388684 0.4722517728805542
1.0917523793818407 0.7349726975824333 4812.296272909124 -0.00013266481571182925 0.3144487027294971
1.0694158811918442 0.8153922611209923 4342.992298881333 -0.0005495247405778344 0.30886154854090464
1.5311184220382639 0.6266679952636034 4580.110368615069 -0.0004889068707591369 0.708099879778413
1.2194268941879272 0.6055908873677254 4229.305586636066 -0.0004766010026292057 0.2258186936378479
1.0964328375713963 0.98275305861662 4227.502285596224 0.0004462139514738499 0.47885723418387904
1.3292896389379312 0.5259857395439169 4468.235387962512 -0.0003221927514534606 0.3325018665582583
1.1715217168372334 0.8087390943490222 4073.7814644052546 4.077522438751882e-05 0.270805762084239
1.2434395046466031 0.5567395509972592 4684.473676264451 0.00012488304946244432 0.5086589398150679
1.1326121816955677 0.5968925806332748 4076.940950821422 0.00022813768569495077 0.2124562507518411
1.2943007946014404 0.5564573779702187 4392.479405879974 -7.393464201070515e-05 0.5079382658004761
0.9746130322047758 0.9220211181048868 4453.6288238074 -0.0002034423294408894 0.3487395567057586
1.0571019950063791 0.8864829017638232 4030.8381080800627 -0.0001418324536318133 0.4292156321022931
1.1642049010536037 0.5364565626288799 4848.386255114863 -1.518509095897128e-05 0.26123009429352795
1.2742649502642616 0.5851021970975732 4497.826813381758 9.403709945064032e-05 0.528653968602586
1.4193721881285688 0.5290509387644226 4526.839361403292 -0.0005208550815104789 0.5385114333088701
0.9469539282976629 0.7640383409961267 4424.880716970054 0.0003150295839653822 0.22724085013554846
1.4319855822242844 0.574242432695403 4635.546948663703 -0.0004450300628406214 0.5585182891531264
1.0921433148577737 0.7051863934265793 4355.086872767371 -0.00020874530786096958 0.17995151904824935
0.9571079497941559 0.6073952956415335 4782.1053170461355 0.00037299172720445446 0.2089827514441648
1.0464769155702485 0.8671055118952247 3986.089838383895 -0.00042287706856542607 0.30190847950291605
1.18158316540316 0.9513481325263772 4771.7196012192235 -0.0005185575016045208 0.625586498056121
1.1722337277716657 0.7430922817192565 4262.520035971933 0.00039464561982735605 0.4884016738016176
1.5511005866746161 0.7004639957924629 4635.057264567116 -0.00020194618904575094 0.6547006075755943
1.1023203098731023 0.9200273609103257 4284.448310225431 -0.0003269121677382004 0.3257114611663636
1.4406296044605127 0.6238744506668695 4305.612294950589 -0.0006538559682249738 0.4891328991230024
1.10733248375008 0.6618181017788044 4994.93269585865 -0.0001542299246610607 0.25540878846945614
1.4598354418825195 0.5483194385034427 4796.01043358556 -4.9143469574377524e-05 0.43111822341911554
0.9361277989050469 0.654103780378303 4340.758912729869 -0.00016353024158754663 0.22261125242049334
1.3235491930289527 0.6561263635472769 4948.485278867332 -0.00029950140175378836 0.43762262246756684
1.4910927367101978 0.5723969169556197 4351.092465421956 0.0005310185649057712 0.5462351256162046
1.0746029717583352 0.8683810190000937 4756.392431272293 0.0002779228923967105 0.3834007528562108
0.9868907677800182 0.8640507536164479 4739.842556164972 0.00021477436499745017 0.2861757345257804
1.4216576958754805 0.6071469105906917 4597.0480792177505 -0.00013368738634443326 0.4254010889747605
1.321511404316131 0.5099678225766388 4438.678789754349 0.0009265862524045229 0.5499515135430353
1.0574257650092433 0.9372843452051676 4840.193440838568 -0.0002198508145920635 0.3760897791646484
1.4412754779025327 0.6570421862787885 4881.875055307925 0.000624483217973925 0.766253926966052
1.1279842002131553 0.9742741183528091 4101.489064697806 0.00044742595177114214 0.4027165071297793
0.9680442214729307 0.9061569081794352 4310.027984467269 0.0003618761663552984 0.3758458451837586
1.341913671025543 0.5125254647230371 4944.35295817878 -7.920065842564658e-05 0.44724042737961167
1.4749611830709255 0.6025756253824738 3992.341791671496 -0.0008051280443832258 0.5853420115517443
0.9586782913988015 0.8256771486140128 4810.793693423084 0.00016750423065000716 0.331539280708966
1.2939130178829945 0.7647301413648423 4841.865632494529 -1.9083662578785393e-05 0.4606378385089786
1.5174215166608074 0.567386060106392 4877.483990997073 0.00018700418603665136 0.39112947009052385
1.3315995364742883 0.6448181362534974 4413.894189870067 0.00017807919051196093 0.30847220742623127
1.4110995083844866 0.5622520243282495 4576.737696601585 -0.0013056096671565098 0.5545145022444498
1.2195106599582604 0.7143271243907864 3986.3536630598683 -0.0006167978814103843 0.21131454248107834
1.2771232649529796 0.586508291081799 4484.621689006784 -0.0002180888617537313 0.3905585238821262
0.9803981143029235 0.6105978993650676 4509.998825030022 -0.0003410091823054971 0.14868201930176178
1.2731119518223568 0.6068854847283309 4797.0949078993635 -0.0003069677713041006 0.3686843580111602
1.1066767268828168 0.8229477753517301 4717.614938916266 0.00011721092001473189 0.273760498354888
0.9913544157159606 0.6384598924801426 4637.139290900012 -0.0005244342608552334 0.17366826158830856
1.114832082826007 0.5413625385826821 4957.573294070326 -0.00043723046466826707 0.2458302314235332
1.5639502791747737 0.669300382079341 3990.4445433600326 -0.00032183333329575297 0.7797079372026414
1.4110040436021445 0.7046302758796975 4298.482665520918 -0.0003196352655550794 0.7189871795848546
1.0975873448841198 0.9413369446749901 4199.956707959376 0.00014811614458952503 0.4092191553941547
1.227664572078651 0.7325346497032432 4980.493859355162 0.0002011745900576017 0.30916622055105314
1.3984352497093036 0.7200791957033298 4284.3222998648835 -0.0003794589924292437 0.816371847282658
1.431159809801236 0.7116852600553589 4399.206036305783 -0.0002780956057278116 0.8088295775019652
0.984376621246338 0.6865641921758652 4201.601768553257 -0.00018945996383309277 0.2332478165626526
0.9850351074819735 0.7445811566940325 4893.462859643922 0.000395942584677982 0.28173299954390224
1.1803425312042237 0.8202034011483192 4122.227676808834 0.00015012652450471531 0.4015955328941345
1.115326307896737 0.6220056670074082 4414.824157977585 0.0002611606403997977 0.2138839716986296
0.9197242203241204 0.71652033043547 4762.093782968511 0.00023849608825456985 0.2091265643004194
1.3539726218769643 0.65074993479121 4059.551088388144 -0.00023232623974811195 0.5356672720432828
1.308508571249672 0.5434250683781023 4848.683588945157 -8.391906691606712e-05 0.5649006566099298
1.0275402765216624 0.994987542299608 4329.095804442579 1.3838889437338307e-05 0.4277170768747855
1.4176927890474493 0.652178287971737 4698.478695803632 0.0005201820955208814 0.46274035561001375
1.538798419973653 0.5628878647104474 4434.504761165183 -0.0003226710443714274 0.44286881028734437
1.244358136260964 0.5357272801346699 4933.2868617297845 0.00037891362357441425 0.29360473746303767
1.126619536805952 0.7417233708554607 4967.208424973111 0.0005200650549424652 0.19952171436159424
1.283900441465311 0.7813177032301443 4218.309472441611 -0.0002555250032922136 0.6370666398177502
1.5043436935664465 0.618604123926562 4863.283227292343 0.00010368054522506587 0.43753352829974657
1.3730994727336396 0.6193183050619396 4716.751159472688 0.0006912987482604895 0.5311988181811886
1.114592803987548 0.9977006037097582 4251.679520809544 0.00035066628637532354 0.48962967838879085
1.1921974176344956 0.619899846922793 4115.679477009792 -8.235162995880009e-05 0.27957952783605344
1.0659905861089505 0.6604856351139292 4600.175655684304 8.25824893188737e-05 0.21502121780017336
1.2887181920189879 0.6545228740245553 4150.481715941945 -4.250280159613309e-05 0.41457885256377097
1.3319948972847113 0.6931070960117112 4758.034993857637 0.0005567057157037347 0.6146164734970565
1.3360171139883232 0.593600336747398 4265.54511010438 -0.0004449314590779796 0.43411055156887124
1.3010468620329632 0.6274308449407371 4336.4949742436365 0.0007522962457983437 0.5909609037053333
1.2579895017451612 0.5762338839814564 4295.221440670329 0.0004798117495641215 0.434327451798951
1.1577455943734198 0.9526673215688293 4875.770442649171 0.0005547011679369094 0.6601668295836718
1.261474699349547 0.5222001789411826 4794.890044840968 0.0003610629246703349 0.44243746891736785
1.1368166305195133 0.6486601340340953 4258.725214269619 6.259273517262394e-05 0.25203557431329277
1.197503663642151 0.7656125774728072 4898.850691838535 0.00025866030398129073 0.5452603442748806
0.9920863181705615 0.7707321819291519 4595.81697880692 7.914510549899062e-05 0.22847235178272987
1.1341122306256761 0.8446371152757489 4295.501634250894 0.0006613771158440295 0.4703380312020599
1.4774660470200986 0.6487971642483494 4906.6108155543725 -0.0002733231077978501 0.5824882572145522
1.343642282485962 0.6106133237481117 4024.21595621109 0.0005177239246290284 0.3823873996734619
1.4583275151462018 0.5672910299024785 4093.097487869973 -0.0002483085398618461 0.45582896781684185
1.3604958632673894 0.58229506763961 4973.388559648475 0.00043846877618976916 0.5936072179341568
1.2506884503170763 0.7006375201245988 4965.553306075499 0.00024834672396820064 0.47720702219421207
1.4846678630323065 0.5795891077366973 4598.346564411655 -0.000608129194759208 0.5811951556917845
1.1271048198620592 0.9787924007026877 4564.229170763377 -0.0007267261732776737 0.34044768844396023
1.1873375124384713 0.7930956796973909 4982.89971064019 -0.00019689031893562346 0.4107553700274223
1.6179010152816773 0.6534922569990158 4612.971870303154 0.0010205945491202652 0.7028329372406006
1.2744267955867188 0.6307227445130127 4720.380345957471 -0.00015326247499942053 0.30782592457651287
1.3749087146322752 0.5967636295198011 4977.938815537737 -0.0002012957230051303 0.6032912002413251
1.4390486001968386 0.6406141147017479 4450.286906898022 0.0003514450316774057 0.7084880471229553
1.4482826741345165 0.5838583810644231 4416.752896306722 0.0009557544413971103 0.4802524166491978
1.4145704632536624 0.680737096616641 4251.686062347573 0.00016547445741819326 0.5739846467664532
1.3626748462078888 0.6085010454160404 4414.637371582257 -3.8738814434513286e-05 0.5889471250630127
1.536343550682068 0.7234421223402023 4070.5207389593124 -1.3421629169155647e-05 0.9289662837982178
1.1869279623031617 0.6880772858858109 4887.750881373882 -4.4989051864874204e-05 0.31262803077697754
1.139792634684869 0.5824285887398652 4489.355106072526 -0.00041305683565084927 0.29632918251091317
1.0520835838714604 0.859555489808464 4296.248430850421 0.00036909652104728536 0.43155439398856377
1.1537059050747351 0.7569548536754932 4792.499255274442 0.0004218007756831722 0.3874987199794989
1.4839273439318514 0.5620166504634257 4249.56574846452 -0.0002977693560011035 0.5630356184203691
1.618518022218265 0.592177586457788 4080.4136688055482 3.252423954048818e-05 0.5650092693161758
0.8878536117763274 0.7283860274870072 4886.835804727096 0.00013635831478305536 0.25817139381011006
1.034938242626427 0.6038068785645618 4046.5187871182243 0.00017095031272567636 0.18017576529105106
1.3029723943266238 0.5579035531070876 4503.989255863829 -0.0004178397044096665 0.4445803571982968
1.1191257821169764 0.7412446788901369 4328.781148324351 0.0004982798725930931 0.19412482347252374
1.140123835630149 0.9285778752688736 4134.472179927852 -0.0004355641788374509 0.3588086219157821
1.010378705382009 0.7859639478585099 4997.225349701035 0.00017960782586729133 0.33762773326648865
1.3058398756132346 0.5971791009379153 4721.485489214161 0.000122273902516684 0.41121660386680275
1.2523138529371556 0.6414850826069575 4620.606550512499 -4.980886094976815e-05 0.5797973993810308
1.227913348474117 0.6855214404407711 4089.5823273055144 0.00022256527366912047 0.254507588342432
1.032457839251293 0.6103177459941556 4951.9858552921105 -0.00012231374671372704 0.15749161099548784
1.4869742159988393 0.6724303379851473 4604.241818415896 0.0002533141178346677 0.8378271411863967
1.3174814220257747 0.8283919878678364 4566.003099350673 0.0004359913188399061 0.33139190276380304
1.040179271694197 0.957344065274278 4638.846146482461 2.9806145287076975e-05 0.3355298108730289
1.0273212575352375 0.6287188113633467 4416.2263439123935 0.0005415744750093764 0.17649571213742365
1.1225632420656093 0.8944327735358188 4929.16508568073 0.00030372922286286556 0.8640265531904086
1.0157892768519583 0.7421962625146846 4856.800654836482 -0.00012332595253220055 0.28541710389733044
1.1613986846175237 0.9675622088341843 4046.9090090959903 -0.0005220129546397857 0.5242514157063314
1.4393500315450931 0.7043977913131524 4637.836880439811 -0.00045144053609623197 0.9927933216877133
1.1841419763783898 0.9607879295245785 4266.455900954191 -0.0003935049897558901 0.46724692790935823
1.3197722166414758 0.6611204376940237 4484.063874226363 -0.0005537155354921082 0.7784613574455054
1.27002264013518 0.6088387243195044 4525.252242342543 -0.0001864000898174724 0.4197706748762157
1.1324645912743756 0.6790985343144004 4065.7212571727655 -0.00042650492105924 0.24426553390119043
0.9700717235372834 0.7546537466256356 4799.554092719092 -4.124666750261349e-06 0.2904173351356353
1.0468581966249815 0.8120292710813649 4378.36404648097 -0.00018668132109447554 0.25907524695450196
1.513357986380604 0.6815355109606956 4120.273006358898 -0.0001606310238602825 0.9146616325499415
1.0610142758973542 0.6361306070143955 4414.087705305718 -0.0005073503070363123 0.18699325890936777
1.2315489415669736 0.5814829817823752 4794.5721731497 0.00046554267037870675 0.23207234606078597
1.0320614480965387 0.9859536525425492 4292.093437977918 0.0008071559705061797 0.40346407635593545
1.0557193139851406 0.6911025366005721 4291.456651206283 -0.00013050270758291872 0.17444768750841552
1.2272420606547487 0.7103359338628978 4666.722600833802 -0.00027419068412708604 0.7877909192406167
1.100608562659218 0.84397777706934 3990.093974376286 -0.00010309614284771759 0.28939191573044576
1.3700510034192552 0.5759025684484113 4864.320458743214 3.448052765841152e-05 0.4532442355804741
1.393496703702994 0.661960984446993 4733.695645534647 0.00014579140132369144 0.7054257541469374
1.014182618411842 0.8471502375180339 4261.721643291708 -0.0003487366365273863 0.2974898519621721
1.217184340124839 0.5647755939282239 4484.841923334811 0.00015095788366115712 0.4662275361579449
1.2652523342211959 0.6634442233582779 4327.627475463636 0.0005302541450323114 0.5397911660546618
1.1502655726608424 0.9019993906526986 4200.135267121862 0.0002898419236693089 0.39477562699041613
1.434276341147647 0.5947015732214357 4136.47756976815 -0.0002993610158281889 0.3982794114859506
1.3532633352915084 0.6854919242329539 4910.776549571034 -0.0003429739872701515 0.5222292912008895
1.0515871831083814 0.7685369515932399 4406.824269131517 0.00021677250165802754 0.214487301915819
1.4217398405075072 0.6810869723558426 4813.133893489838 -0.0007504532643516467 0.5353724360466003
1.0133984432357088 0.8818985401983724 4448.732169376037 -0.00046050698662271756 0.3087457350779692
1.2961889404712943 0.6556337199060859 4606.284733011354 -0.0005782978623376195 0.5378662227539182
0.9823361048732405 0.9559793535778367 4764.257824140339 -0.00012099803101265721 0.3100402803126734
1.2107769937745485 0.9458393608757265 4020.128926470667 -0.0005949907656964654 0.7115549700856565
1.1751693642375847 0.8374537156394805 4084.053148246389 -0.0006388364334671112 0.5998109395936855
1.392362856864929 0.5989779606461525 4709.081226289272 0.00011177982729483378 0.63785719871521
1.1288103043105864 0.702373783416673 4948.507729773764 0.00021713384864519578 0.17340896558572677
1.0103194577304024 0.679786331209439 4103.983755092363 -0.0008959857916799262 0.21426671809219924
1.3042624226829809 0.6737238719096947 4473.5275073930525 -0.0005283082743748975 0.8035867457967483
1.1911429189716294 0.7439224199088019 4537.146914414247 0.0006103977183796987 0.3019749204635351
1.0734608300761836 0.8813223273675301 4178.144182208307 -4.2957541150058035e-05 0.3215919979949744
1.329133279454223 0.6305540723591226 4739.265508586549 0.0002995300630638963 0.6258675210334906
1.1095501332965774 0.9069947851170472 4997.676072094162 -0.00020526493453127377 0.30522253541413596
1.3691616782192142 0.5951697729602973 4056.4608193722424 0.00028863451589272157 0.47572836343510977
1.3695900440216064 0.6615109965205193 4635.077692866325 0.00010715753005306484 0.5375772714614868
1.3130778724599774 0.7279125770755617 4453.617738510433 -0.00033517476043405436 0.7063802078742474
1.0546787071947374 0.9296817318416646 4285.110296043361 0.00017229533207092023 0.5279697868099354
1.2412991541997394 0.6180568279380173 4056.855816956873 0.0007508849823195907 0.25040936119370205
1.3390585088547906 0.6071950808442286 4462.766692091008 -0.0003365251173395466 0.47704081768095014
0.8723694229815319 0.6563123033544158 4619.32767470554 0.0010408232066330511 0.18232490158345782
1.5251908779619887 0.6951520853547758 4013.9467696748384 -0.0003519893447627917 0.9195312612123936
1.205217723431517 0.5742444941051978 4337.879006105158 0.00033166577018496174 0.41925188622209136
1.5632260374352787 0.6816932388858725 4080.876506416464 -0.0005481359013505715 0.6059980560578777
1.2646075508405608 0.7717831589056945 4569.305407795545 0.00029215617467886313 0.3075662038412638
1.2514757204907934 0.6877441482200459 4507.587526874215 -6.769130968735501e-05 0.6031766434886656
1.4033931189037512 0.7369140058896958 4073.5155891780923 -0.00045676113393071285 0.9755853004406507
1.0878883542695128 0.9028070316493334 4307.283713503148 -6.688970487659178e-05 0.32698929293017776
1.2806937826029827 0.6063401657199093 4518.127994336791 -0.0005086323325945326 0.45914456157569444
1.1094705423036022 0.5930090871528431 4963.870799429484 -0.0004133619829235665 0.19244602725490395
1.2385547034317235 0.5558172755018606 4804.038520082041 1.704797332960206e-05 0.37957239459648456
1.0889091167032796 0.9867576031216798 4164.488935615269 0.0005100918388721415 0.34503165529251056
1.2692160737550682 0.6348013568913011 4617.457668809235 0.00022348147264082972 0.590028173944319
1.1136132365375915 0.9675170335894595 4143.792294163907 -0.0005536157794501159 0.3284581552503075
1.4856872081756594 0.6186915710568428 4813.624537825584 0.0002466839454554816 0.5949249267578125
1.0849737897359448 0.7255494414629403 4612.662729432793 -0.000736536809093322 0.18790563355522072
1.2197939298150264 0.6879709858279675 4533.178332445711 0.00011608726479847156 0.4188744063331932
1.3301965475082398 0.6537502110004425 4160.027858376503 -0.0008660450731807478 0.3491860032081604
0.9785582114361762 0.8104540209206388 4354.423214652436 2.5634985530789707e-05 0.3583398737451559
1.1578757880813668 0.7951448102058789 4210.899499463453 0.000729247565422783 0.3743356861232159
1.3867601203620126 0.6265384405833953 4950.02370944953 -0.00022055098892464185 0.6344353288754385
0.9331885075827595 0.6244178584940479 4671.902618529153 -0.00013492442083616908 0.19795358047051687
1.3488315855760193 0.5897912557487419 4324.473021809107 0.0005805603040972236 0.38447235872084046
1.025372972277238 0.9608229276822551 4262.105463993688 0.00032084227831194944 0.4434507494995742
1.3557153932898376 0.6946822636077605 4644.236055375689 -0.0001584668207436833 0.9872357424486311
1.4997323641220288 0.7104713225377799 4743.757079839041 0.00015878653699156117 0.9430017235592463
1.2683514994242566 0.5341024966608884 4459.837389775046 0.00034914417904393144 0.4487871608667865
1.033723623485077 0.8784037943265554 4606.840512778245 0.0001964705984734534 0.3240012589412252
1.0533825461580784 0.9851770797258602 4459.127371927843 -0.0001117020088178621 0.402960087600562
1.3476310491561891 0.6986800506711006 4733.066163003445 -7.548066051784076e-05 0.7361137270927429
1.460561318317724 0.6913355495749985 4934.248073310124 -0.0005340450773505234 0.6127855123137891
1.5386321446740427 0.6658911811328885 4390.892844270414 -0.000688960307493089 0.6052418782356563
1.0917570286939526 0.7868184269851832 4615.811483111197 -0.00048825480342307354 0.22137195750059044
1.0319921281725326 0.7426719456481007 4808.552323686627 -5.065136602777373e-05 0.1909455220419085
1.1377668755697226 0.5903015627548763 3955.4202526518693 5.2805710733392875e-05 0.19312301115384647
1.093240666124084 0.6848547129036897 4254.14403252896 0.00020995964098877038 0.20601821807156645
1.2223007236945223 0.6131953559755319 4227.230916806962 -0.0002559313906094797 0.371144797335729
0.9736645565525898 0.7723021567701697 4038.4720506058475 -0.000437141893234063 0.24084761363282847
1.445143200699063 0.5630049990229338 4739.575601745206 0.0004698573185081663 0.38890425062352285
1.3912770353506247 0.5594141796919592 4743.695464471712 -0.00015325038108635522 0.5632016487355266
1.2501064842035234 0.5622264206828024 4652.57297278294 0.00046297662671148184 0.5395725108265839
1.256966058101571 0.610451044086123 4875.567177724651 0.0005548437032231906 0.3391047326712049
1.2897542944601643 0.6266314981503439 4644.682210636502 8.699921425374235e-05 0.4011012765451444
1.2295792204900562 0.5722296142438292 4760.778811385475 -0.0001303324528688993 0.49214302169577395
1.226021160846049 0.5583169692065199 4403.445853701352 -8.297070022552512e-05 0.347602049781761
1.1105051040649414 0.9720529317855835 4137.945882439613 -0.000675522887345997 0.4913496971130371
0.9294345003509712 0.7033360094691509 4186.182573482175 -0.0001550616919880601 0.18328784137932652
1.354830246531864 0.6160864357301419 4938.343012186394 -0.00027011867623005743 0.4061166370913708
1.1053306819438338 0.6969197631163644 4165.39562072234 0.00020588166863686041 0.23410092646385008
1.2851929184744177 0.536637140368825 4947.905062082972 -0.00041266967353615594 0.48247130594959586
1.042547292424724 0.9843711363372581 4959.237482212671 0.00011626446880010644 0.35700952326250973
1.4128986720540113 0.7001425506513848 4563.369222123004 -0.0006420276637066112 0.942530116811227
1.2950842598396834 0.719456306144872 4927.343163773075 -0.00014906939637011882 0.608924573828429
1.4635060866207625 0.5792808431860146 4568.869967204071 -3.0994247515268225e-05 0.5368915273813416
1.0382962536198748 0.7848698509014728 4162.129814257811 -0.0003157336064611939 0.343182309744535
1.2412476927915868 0.5683852596109351 4484.702320114161 -0.00015324103656617308 0.49976309647963524
1.1437474012374877 0.6497919261455536 4695.15420037508 4.240645733488768e-05 0.1735832691192627
0.9238003969192505 0.66755810379982 4569.8619393110275 0.00020638492172202167 0.21968340873718262
1.2025677882785712 0.907450623499199 4817.497994938252 -0.00018730553690649067 0.8284215797441974
1.4037885150424918 0.572089011155829 4949.733404780737 6.010382302887404e-05 0.5899069403848731
1.2687203884124756 0.6944635510444641 4504.15613758564 0.00011237745072264631 0.7812272906303406
1.2161766877839781 0.7900840471334933 4713.425358311013 0.0006407036751460583 0.32237732781708955
1.3303260943824924 0.8459085621191896 4023.1268458917793 0.0005681273966209363 0.646356871826723
1.541226512520855 0.6851776083684581 4445.205034946436 -0.00011726148943556265 0.600188576713554
1.0615542916103708 0.9314524923407586 4681.581388852359 -0.00021332293009744676 0.3172677518947253
1.2271768400397898 0.8521124288569464 4243.498557765935 0.00021873958205937189 0.5237467989050955
1.485649331595821 0.652942163157277 4530.9472951263 -0.00018341312845586357 0.6542346445658087
1.4606349208325657 0.6434804736159568 4332.386100251389 -0.00018544395692827458 0.6562388429134063
1.2485246419906617 0.6389280781149864 4912.161480367184 -0.001165917675690119 0.6576589345932007
1.4077619603702636 0.7205647729763163 4120.109712012387 -3.256288714111762e-05 0.9770949893901062
1.2309751717965876 0.5849007705057137 4853.371214614128 -0.00038389414710670374 0.2968651110744082
1.5096991383250478 0.6497320958303882 4864.59714849072 -0.00033582341579140593 0.7351331970682043
1.12756335810717 0.7701580163365841 4369.547069699691 -0.0001816512856595963 0.21594473070380182
1.1530924279160932 0.7839875687056476 4516.44391014703 -0.00046545745220325483 0.3641284905729042
1.2951452626456161 0.5479921668117953 4623.130734655339 -1.0851422291346174e-05 0.5347908630718909
1.165516598057323 0.7307166111615346 4488.904483912232 1.4695240556521272e-07 0.28304410465135454
1.1141939064985484 0.8276850317062044 4229.710746359186 -0.0002383725787608459 0.38907001561584
1.606835584295545 0.6971323573011162 4196.2498642797 0.0006910200135077773 0.9204995845196607
0.9807841034877832 0.7611376483845385 4384.921510002742 -0.00020863734901035316 0.24448315980184476
1.123306241920103 0.6890932191323658 4717.540367517362 0.0002793632546773385 0.20074556455080378
1.043466564418515 0.6771713570515976 4793.650965013235 -0.0006556232783262852 0.24129172735412918
1.4356198664221824 0.6459565160886336 4322.666161197506 -0.0004870246063091782 0.47540231812120387
1.2077955812434236 0.6390218832945035 4305.313710230827 0.00013382329717565543 0.19879214302796389
1.2600812410472377 0.5451196855416008 4915.312300669893 9.97954179899064e-05 0.5192184063636878
1.2330584499499064 0.8098348980825112 4200.204125063449 0.00015832111042797848 0.9275215332163436
0.9166406985166621 0.6746082185627281 4616.706927245772 3.490351787726907e-05 0.19780954575318926
1.4460767745971679 0.6838488429784775 4652.486028134823 -0.00012122930736620051 0.7142933011054993
0.9210103599684508 0.6878005800094773 4846.832039333391 -0.00030951609450329497 0.1830756850474126
1.2799840661919872 0.6697656091178925 4889.319595232951 0.00039256370873863507 0.3821646172541192
0.9466749475853524 0.6473401320008315 4841.4878818362395 -6.369488504105581e-05 0.21386651784156202
0.999235771996561 0.7754696148526197 4726.18281090931 -8.379666007968405e-05 0.2515054211885327
1.2249374064535041 0.8358568032783477 3956.0660249595994 -9.077608449121448e-05 0.2960726682334934
1.2645380178818457 0.630302429830712 4346.024123396137 -4.475852694748422e-05 0.3702527476675786
1.2147826572671716 0.7558287098574756 4471.18790433804 -0.00016403021980404252 0.49478837200551345
1.1457135677337646 0.5688031315803528 4811.917715549469 -0.00022447612200843665 0.2797173261642456
1.428249536883063 0.7339478553007937 4454.190291598024 -1.329004167470055e-05 0.9244998695009636
1.2171188947712224 0.6094182461269577 4567.015332486093 0.0001261202150553422 0.37730982622412473
1.2689531270407202 0.608616115988954 4858.255250441046 -0.000564671905178392 0.5302967423863185
0.94153869477511 0.796464324337865 4792.090087633448 -0.0003458535769882934 0.23890453686496546
1.108374108081835 0.9462745956132765 4200.717761534923 0.00013068106148979584 0.3621237834569535
1.2936529257227467 0.7520823583974429 4147.736293311245 -1.602381569597753e-07 0.9215416202330478
1.037084217186968 0.9917719544889088 4500.815645669294 1.292460042116246e-05 0.34274432143249434
1.00910091784869 0.658936067563279 4346.2158107645455 -0.00027395773008559947 0.1822419760359354
1.3283035527682427 0.5989156688798027 4248.387724345402 -1.0350540213028185e-05 0.5251492311780057
1.3168603119589792 0.5792930762535798 4953.215212660884 0.0007672497003992256 0.5408618788271455
1.4540884256362916 0.5752632990479469 4510.759566485882 -0.0003356269937051401 0.5319865942001343
1.4391493207073123 0.6414282030952613 4903.045490956312 -8.158013959873241e-05 0.7397882490160559
1.4105702846902248 0.5951854336566282 4604.088414901248 0.0002081919582638031 0.448390781519503
1.2912171416045053 0.9236246467116095 4690.047106729303 -6.0514803068152325e-05 0.4580133459271776
1.062173843383789 0.8991954773664474 4138.4693158864975 -5.975614647529936e-05 0.36116015911102295
1.074832471424687 0.690370004675104 4498.750726943474 0.00023418645276957639 0.1667854477330845
1.458118800294272 0.6094577477973353 4537.3889368255595 -0.000498927997860023 0.5360997793138271
1.4578650307757535 0.6452673016385609 4662.6766724419795 0.0003665319094136214 0.7004583845100523
1.0680458160066153 0.8901610723207534 4726.764974016751 0.0005001449031438018 0.35808954289822037
1.548150413101673 0.6281300661610809 4243.363592658805 -0.000647893949907604 0.6173827479593305
1.4616821964534874 0.6996771689534741 4448.350044538516 -0.0001470133911448672 0.6909465524911822
1.278747642286672 0.6240833100438244 4902.159920134618 8.793040689317613e-05 0.39257598213321465
1.3780495027180462 0.6960731402846378 4327.78472763006 0.000421906315551201 0.6485232739718962
1.1611987309720186 0.8517655100764778 4948.502400526351 3.8245589878974724e-05 0.6546885795453898
1.1695434965435698 0.7764567910587089 4671.404326292193 -0.00021124634607999512 0.3612545965763403
1.1415261200757165 0.8314266167166651 3956.7361823656834 -0.00019350949218748366 0.27391892907976034
1.014104374453309 0.7768050639195647 4288.029573730695 -0.0010139903482119512 0.2932997238094813
0.9327780723571778 0.6452520191669464 4588.425047457218 -0.000746092014583253 0.18380653858184814
1.1245865201902678 0.9982665713523873 4525.761243183423 0.0004299062954059907 0.45673055513665384
1.158665151878485 0.8881952321394104 4149.991211713956 -0.0004689857807238296 0.5127790423266123
1.280696988105774 0.5181480273604393 4992.630430340767 -0.00012744606289053455 0.4705284833908081
0.9177878141403198 0.7566197738051414 4861.165768146515 0.00011080769126870551 0.2537127733230591
1.316572586580239 0.6234901136557736 4187.891432408585 4.240543124741224e-05 0.4578659243042773
1.0379835535636615 0.7431314427695338 4849.232327196659 0.0001702663257510789 0.18077334191752772
1.2929686250720587 0.6179106550165301 4615.00865232293 -0.00016424769502329292 0.31953561902007893
1.169640848356507 0.6347204135409737 4230.979756322261 0.00024247788252353193 0.22009922292973863
1.1503129817581719 0.5977300652607644 4199.604080338334 0.00030938572475060926 0.17235591218295074
1.1102208500129642 0.9790051915675633 4408.456288463286 0.00038276274038235496 0.41535090866617286
1.4818148850688866 0.736769407049603 4796.006980105865 -0.0004696899084169668 0.9746348460503573
1.3949477215018273 0.6584435311692434 4632.012141327922 -7.821335594788966e-05 0.5155541832184141
1.3129541997502414 0.5173778973608972 4920.680055067021 -0.0003631174245917524 0.5184468480970683
1.2533465234311167 0.6145220924674606 4275.43184621581 0.0006386879443121987 0.22474599700624762
0.9112691509982407 0.7007270620770031 4468.218199799438 0.00017852311680283445 0.1830145119537802
1.5696566218284513 0.7041618136134771 4266.710395607178 0.00018685150289409193 0.992720395272469
1.018919059847959 0.6985127988107962 4538.243832193415 -0.0009164298409881598 0.23163322727278862
1.1319896487751833 0.9348435105515842 4430.996893463088 7.152752554580695e-05 0.40347594386071806
1.259360493204933 0.6343681327034583 4368.811747427764 0.00017871465456289278 0.27171919861892335
1.1702428340911866 0.786227636039257 4909.313298940659 0.000395823304590994 0.3790985941886902
1.0503587180277247 0.8680387263224905 4322.079686885954 -0.0004805609786965376 0.29254120693353214
0.8855445861816407 0.6814527288079262 4975.503187179565 0.00012106037544316886 0.1771324872970581
1.2134202909102225 0.861359191385173 4622.14593240279 0.00012003670751529672 0.5066525520647371
1.059457485353179 0.9575160139463416 4660.533845701438 0.0011357162250178287 0.3412531813974683
1.122386337287945 0.6026756431667868 4465.09933402209 0.0003428320194889453 0.18706715999209098
1.3965921640396117 0.6699246987700462 4244.579648852348 -0.0001336095843746899 0.5751645565032959
1.1187709215958688 0.6070320697077418 4527.522393414002 0.0007699457420485873 0.1744568555601244
1.3469686285404454 0.6224623488566667 4934.118644270956 0.00018838459405404984 0.658585712585031
1.1941053350457695 0.9784842892334558 4614.152185773842 -0.0006594879456329343 0.42681281427305373
1.2660851890450506 0.5189375954952333 4663.46154108012 0.0004875721815398702 0.5002362990433808
1.3696884495300088 0.5659977349280052 4788.446749944486 5.761495895271503e-05 0.4005485670822231
1.306402743105433 0.9263518015689001 4657.157834830657 -0.00024291951595595718 0.7563967724762284
1.3833797285243978 0.6998766968867466 4456.2005066044285 -0.0005365918351644945 0.6365875730368851
1.4572759455964612 0.6635419375758775 4900.528601756246 9.750396516476185e-05 0.5270949361562829
1.439627741840468 0.7289874849173889 4308.402021278402 -9.292607674408587e-05 0.908656899556965
1.213668157496919 0.6369030367408794 4638.1758901796165 0.0004182045928358519 0.2521103322456022
1.4459466493917565 0.6082865794832267 4192.763867533166 -7.471852241250663e-05 0.4598061181820793
1.217038015767027 0.8836133137600388 4630.877497574512 -0.0005998795430233467 0.7845646208234678
0.9282807331892874 0.7479632301938784 4978.763562872809 0.0007286741008882178 0.19965400977105272
1.085866403993892 0.7806363569359882 4244.46417452553 -0.0006915900695101351 0.31600569931031924
0.9791557463042561 0.7258787452453119 4567.141390818413 -0.0006892782314088156 0.19178604765471335
1.199712874943188 0.5764669241624203 4405.242556428429 0.0001645742783893621 0.18741337224018642
1.0615158400492453 0.7423498661437476 4152.282377523302 -0.00044616022281702164 0.20937164281382042
1.3509305953979491 0.6658720150589943 4438.47090357542 0.0005800152652353207 0.8140325546264648
1.3338232553619709 0.5675881461131783 4679.45969486236 0.00027753087601282056 0.5018954168862974
1.3685023192957715 0.6426703658762872 4508.594184348251 0.00022690607181352483 0.5395985510950099
1.0118349223286054 0.7197539621045281 4457.68153039816 0.00040356294727137787 0.2629470251613197
0.9818645614710994 0.7410794089335028 4288.232487760011 -0.00010619718750868317 0.21434169595894037
1.2749841097598797 0.696498184562642 4969.496957526456 0.00043487246607849334 0.18730768513262733
1.2104748827071437 0.9337008151890982 4160.480004234447 -0.0007873254852423424 0.34572240859876174
1.38513475176178 0.6507724223709034 3994.7213051215185 0.0009097789846387032 0.49608273333436675
1.00216987567735 0.8220020831943344 4606.489861165604 0.00022425729345058347 0.29363411155478114
1.148928701889099 0.9198624213639791 4281.0560405725955 0.00018173346938377897 0.34122903862430826
1.1569095068233355 0.9948538549532578 4789.077887417965 -0.00036927661180247634 0.711291410133892
1.0636580524647776 0.8620472461088108 4215.394561423182 -0.00017926940955388215 0.3873754367131456
1.3173513526460359 0.6475069607490304 4670.209833877837 3.978849465862505e-05 0.46819525560441655
1.4110400829064975 0.6910245745732482 4695.145523398347 -0.00012975400237546925 0.6336481909157698
0.8651374816894531 0.6686734184622765 4737.095646679401 0.0005812629935626275 0.19914543628692627
1.3690267456531187 0.5661436427054596 4449.769518151578 -0.0002617397089452038 0.4991553007127564
1.0248777627944947 0.6774498522281647 4137.586394548416 0.0006492065844927244 0.19024944305419922
1.417982285043609 0.6365288127233949 4488.49207988123 -0.00040542566241961916 0.513727904807361
1.2023676588902563 0.9817756480949147 4964.1184624341395 -0.0006024421742076168 0.6360977045122997
1.1572487015213917 0.6644280019851821 4623.959148238282 -6.445214206747337e-05 0.3241853097288667
1.2324082851409912 0.6349600926041603 4420.719176888466 0.00017257707504073313 0.49616938829421997
1.4555355310440063 0.736343264579773 4818.540519833565 -1.9478015987417403e-05 0.9882631301879883
1.261970670722635 0.9646294243460007 4130.606527034982 0.0003025514738852413 0.38156091929670927
1.0573838766144443 0.879584729987751 4921.113952876995 0.0005438506759462208 0.292899628505364
1.1429908359241998 0.6457028424143074 4304.716202711805 0.00041555840082084245 0.18205916013469559
1.0407672565683903 0.8393420141375816 4103.21132056725 3.1620511454947606e-05 0.365113058774557
1.2266973742376646 0.6410165046285182 4308.517023192326 0.0004732095585477106 0.3794620796085908
1.0581774950027465 0.7898529693484306 4605.668841004372 0.00017596186131844612 0.34895867109298706
1.1780516068333464 0.6622427554787135 4295.835104513178 0.00033546466517793373 0.27452843214105715
0.8770941763045255 0.7160911855860237 4797.290229485441 0.0006149818306418894 0.2279857394078497
0.9778475949361128 0.63933400482612 4784.969856247502 0.0004695475411563525 0.1524016244526481
1.2687670967863074 0.7696159137406572 4605.211603810129 -0.0003001387502990928 0.3897074769235499
1.4817480319351097 0.7249440603951047 4101.050203396891 0.0005476319846708101 0.8753778530848424
1.15207817005015 0.9079742548326749 4462.863552630148 -0.00012543900992489918 0.49773906904814436
1.04512698226022 0.8886595335647559 4425.572191320569 7.386392607557852e-05 0.32133427642759926
1.1705140064234922 0.8571248369442956 4633.930838719494 0.00017357291572399903 0.4396052924194519
0.9020800203385105 0.6141788640329353 4739.968127590723 0.0005792436534707015 0.18607559007337632
1.1036830565858193 0.88891002938256 4622.223907577852 -0.00039562451261166445 0.46126311750684995
0.9971671379216613 0.6163680231481578 4506.8897498815795 0.0003425457582083704 0.17679152880364876
1.0001580100170242 0.801865296658493 4526.215261434252 0.0003306249579336158 0.22901046401614894
0.8654093284313253 0.688602694613085 4811.456095197164 -0.000617060600261363 0.18699386975841734
0.9424100856472074 0.7138586560214966 4128.3935968476535 0.00028052778485802924 0.23400679628252852
1.4709689199738256 0.7215673640514916 4707.460885617254 -0.0011311957792344573 0.8296319187972074
1.2861407995224 0.7318061217665672 4139.082770347595 -0.0001476113443387614 0.7505782246589661
1.351189790252234 0.7272012004655616 4262.729798907786 -5.909125873282981e-05 0.8787848752549934
1.1867770963344846 0.9796537775602584 4953.615371557596 -0.0005088534343028389 0.6827233492244109
1.471061278528007 0.6024699978606223 4416.861514116901 -0.0006699510121738557 0.565002667987676
1.2882407903671265 0.6471340507268906 4839.763122975826 -0.0004581214346617059 0.540910005569458
1.137479619077253 0.6883844155209613 4089.5395276680615 -1.0348757202941075e-05 0.22269478687768596
1.3630587006501242 0.7213208293648318 4677.434518233288 -0.0002407851500087075 0.6291563554854158
1.2235427455921433 0.8039756607275598 4736.351376642145 -0.000593436317018156 0.9317935772877654
1.1574313534523033 0.9525884443372725 4768.866803130181 0.00020097392114827622 0.5287629649884176
1.2371610806156408 0.824472164549305 4442.818614034723 0.0002832617902152243 0.44888112841072125
1.1465108969976185 0.5392866786847795 4918.991443197372 6.685031099767438e-05 0.3511632817027758
1.3972100448364064 0.6095170933003737 4944.873684400988 -0.00025530238812495644 0.4079785289008474
1.4586264349235494 0.5683319625176082 4350.138361897357 0.00010584122713681941 0.5152315316241202
1.4302415069659098 0.7132078433085066 4469.607509603601 -0.0002860210295258919 0.9949328662293679
1.3752812702407877 0.6005199280764222 4324.899475589136 -0.00013375862168440897 0.4702503142776297
1.138648124037279 0.9487129493286853 4481.566533321262 -0.00029498537569472587 0.4093279206344013
1.2468848391663416 0.6292625770554223 4883.222375027026 -0.00026402878743087243 0.5887171069490174
1.49386911218996 0.6869399117993387 4127.494660419233 -0.00034295150512738494 0.8453164225130068
1.4655064251189875 0.6808742318634909 4950.312279539771 1.8359115025967075e-05 0.8793172215963166
1.1699232576925598 0.6385256253653232 4220.316116485185 -0.0007652424086506411 0.22412714636130632
1.2722540472689174 0.8495311682940268 4709.220717319392 6.77602054292209e-05 0.6514010263851737
0.9318958044052125 0.7921423763036728 4730.400110185146 -0.0003491752915037987 0.27338093519210815
0.9538342502633157 0.6628301069871326 4551.8861071837155 0.00012013486830785181 0.21627050214115168
1.2187034620339106 0.6164451179768252 4076.540157562545 0.00038086989316214395 0.3278107971150225
1.091254573625943 0.8827081105490744 4667.965532435545 -0.0009871114517181246 0.4843099029651839
1.0573629258178887 0.9980638585901759 4999.285480544474 -0.0007277269678075656 0.3330813128027492
0.9649920463562012 0.7091705277562141 4488.274284482002 0.00028298043809768113 0.21420001983642578
1.1440183928526675 0.6491073180615501 4098.256625591077 0.00013509563571083186 0.20539911894102605
1.1482420358890715 0.9371357494861803 4566.23653906078 -0.0006782352901290069 0.42038766447125586
1.112250373080554 0.6549705059088715 4489.85564944705 0.0007115480115608868 0.26150612447407645
1.3894122570632859 0.7251382545113108 4406.682068967253 0.0007837194480289597 0.8625281040110158
1.444637298473486 0.6713852220657165 4012.6649572542874 0.001107454667533444 0.5992164104168345
1.4410844326019288 0.5996129885315895 4240.292919695377 -0.00022148495802096568 0.45801210403442383
1.0042225807541132 0.7049473086119036 4115.006661030168 4.863893523476436e-05 0.22075007317977896
1.0411873895975268 0.9614948504822955 4896.985491965501 -0.00015698748444446055 0.31871165751609226
1.4154042156576965 0.5831430466109127 4272.439805582963 0.0005462759001576862 0.43602300077928524
1.3583009637619234 0.6648910474877004 4398.188548301196 -0.0005530485556014807 0.5036669007873481
1.4711581356777441 0.6952011345217682 4474.410620038891 0.000355960235558713 0.6861897526170824
0.9190982753071806 0.7427741956199412 4671.6031491439835 -0.00044290495275016033 0.24618104489000386
1.4109095854061389 0.6667012274595908 4683.707918031396 -0.0005280519699288034 0.8133218924775341
0.9637751391576437 0.7983662074722214 4270.87971015869 0.00030347211013872675 0.2520701498403457
1.0976249755466314 0.7089819995050104 4565.251905396811 4.335997776591933e-05 0.184086002218413
1.4351601590726912 0.6618590253590977 4533.0579579650275 -0.00031557020265039163 0.7593736829938882
1.434763675413018 0.6025364107365963 4781.003544228931 -0.000542336913105153 0.5773767382962816
1.4997601893110435 0.7300350871781627 4621.573431413853 -0.0010366703356327629 0.9693249489840446
0.9856335432750032 0.6948185786048044 4520.06454940732 -0.0003809506530274811 0.2309886841372108
1.3612371294973777 0.7105013467278729 4865.866058327161 0.00015543693157697738 0.8882416418539387
1.2467718139623367 0.620787863416383 4873.211143373081 0.0004121675963524122 0.4058501310197622
1.0441235281613146 0.7589804435810722 4420.602820139129 -0.00025366948268648745 0.2044963249973889
1.1329807784750585 0.8596916886179568 4753.13103846781 1.3799044163980962e-05 0.4253020518534054
1.3996370586975933 0.589586444046331 4288.151082148637 -0.00022746170888778204 0.43357867877058914
1.3878327371774506 0.6465399710678553 4634.914396513668 0.00012484291536618965 0.6448112025500876
1.00655326199406 0.7744386334600415 4601.266354940924 0.00015940759232900814 0.3176174237305419
0.9663507058132264 0.7683418783923879 4100.482051036842 0.00022344526211276708 0.26486749810860155
1.1368802113546672 0.6253662444071044 4557.452657319449 2.2842356338114407e-05 0.19545690844145458
1.3073613282191945 0.7032822009307945 4859.7568433325805 0.0007018769113753378 0.8613871122296226
1.003846445842214 0.6669015694099678 4238.87600224894 0.00010431287006174719 0.19569833749042048
1.2749496530011342 0.6916659241178441 4290.765251066236 0.00021912508726918371 0.7958888890786918
1.3664017539203261 0.6469397790122484 4463.23724949236 -0.0007430269123338476 0.7305338763514364
1.5902349700182041 0.6386916517657517 4271.69477787994 -0.000355404331969464 0.6402181791673307
1.1144508686707348 0.9420169356710864 4773.880728301207 0.00015460537978483153 0.457449659961359
1.3506769310479783 0.6700161067842043 4729.005341401895 0.0004845328293912263 0.7953437227327473
0.904881331974408 0.7016578244108376 4670.612535507179 4.156339347846616e-05 0.21227165712803375
1.0933357359366809 0.9668332434872355 4318.008878639369 0.0002511353084802761 0.5632087649682365
1.122672303315513 0.9990904134525851 4591.437661985654 4.170127667548874e-05 0.4776744645439156
1.3772204053359003 0.6960667289346913 4716.615716868388 0.00024825238916662603 0.4248190422488773
0.9802351866448371 0.8057365453320673 4095.7339031048277 2.2257051575560738e-05 0.2840198999524652
1.1154078023284741 0.6799271370158032 4607.067282473874 -0.00020408157288511478 0.24187681003738598
1.0460917538095589 0.8063009297193655 4867.028119592404 -5.6124794546457714e-05 0.3717614944187683
1.1305463576865407 0.8476820323379841 4664.7742425283495 0.0004549128317666671 0.4339434106421494
1.3519447423221826 0.750794079900546 4141.563225137453 -0.0007414104371543251 0.8137652189113409
1.0569979718120206 0.7503778168197968 4976.387758082889 -5.572675593632132e-05 0.30093078835542675
1.1494432237291083 0.8933171188349033 4553.8187542678725 4.169240621348072e-05 0.3617567713904812
1.2643394117999973 0.6018708510690869 4817.602485183429 0.0003620444524623932 0.56623336878623
1.4423457144008833 0.5915405100696387 4727.619194191462 0.0002084768222714189 0.5831057809294828
1.25767427181981 0.6319857928311334 4152.961258250951 -0.00034993553507034253 0.6133391174345204
1.321941059470313 0.6131114068339868 4880.357965201577 -0.00032888419004682164 0.6132525992551574
1.2948492827269251 0.6102770434854019 4814.732042068826 0.00018963424016345306 0.38908143406079404
1.165776152052624 0.640284019547247 4501.6130335478565 0.0002125562390670289 0.2766715609279441
1.4042511568758154 0.7761535654973193 4585.924340804262 -0.0003560447966521214 0.9329904437381868
1.0604801955097656 0.9697114359798334 4073.882206612851 0.00036101313994645295 0.37144549666608884
1.273202312472303 0.7488812773146181 4848.559305764827 0.00029953873777143446 0.8458039737140092
1.4079645872116089 0.5643813535571098 4500.318023085594 0.0001384711370714027 0.4348362684249878
0.9883688538570363 0.7399329869595859 4955.324081501252 0.0006341497062410157 0.2873005870614632
1.342139056783696 0.6007552367347397 4702.172185502091 -0.00014502572061745204 0.40396580217386246
1.0000749205630053 0.5965313460334671 4837.2425490545265 -8.252398753693235e-05 0.16485149237281793
1.0693918656265455 0.952583875890981 4846.415294818485 0.00021653999625095946 0.3719689499525264
1.04138756158144 0.9466598348023776 4986.630733817591 0.0004850584760481537 0.414240562298533
0.9802427224570508 0.8251880855662308 4804.7156040818145 -0.00037661166512260505 0.2600208990384833
1.3344715595245362 0.5965354293584824 4767.337938129902 0.00028992884226911893 0.4185386300086975
1.0692809016729643 0.9979269879447561 4443.109144521988 -0.0005753399210133215 0.4255801229984524
1.3172050999548 0.6307474800279326 4552.248143601856 0.0007492594126717963 0.36857036403059473
1.238604688644409 0.5868534967303276 4845.3491951823235 0.0002917913505650155 0.43305283784866333
1.5836155984683156 0.7153837723672681 4806.173127609483 2.59143700432774e-05 0.7632289219774124
1.1689741398282885 0.8804610532372146 4380.697170198083 -0.0002567585493648316 0.7224390352811634
1.2000648661502091 0.7203918191730891 4929.935014374916 -6.502125601397383e-05 0.7815476222323545
1.5836174041578746 0.6275046419570005 4671.417939990039 0.00018420903085210872 0.4504190470411037
1.242104748963009 0.9401853916367517 4212.682299222237 -0.0008555305715225549 0.5489311563171945
1.1585783004760741 0.6976150646805763 4142.295507073402 3.5657656844884305e-05 0.2566426396369934
0.9159083297172822 0.7772330931792979 4829.707099097309 0.00031601358708247093 0.230602561224573
1.572270232273883 0.6075987299480294 4369.384086253233 -4.519792674256649e-05 0.5432523634397178
1.1099451642923133 0.5828497958849729 4463.528562917947 2.1477962838490118e-05 0.208884929467215
1.196660254242815 0.8795926179971255 4369.826627772127 -3.641317015385105e-05 0.5144547822653535
1.0592367806437353 0.6701131052676726 4021.9213812846147 -2.3124446149704143e-05 0.1801239000582201
1.5734954873586338 0.6488841830034602 4836.917341426053 0.0007866957784593643 0.4865716596032011
1.3742501785143548 0.6533229144135871 4405.949752155502 -0.00016790144259328912 0.2920886735975579
0.9937170743942261 0.6748711466789246 4858.252902746201 -4.9770831245731894e-05 0.1628662347793579
1.1679535054776835 0.5997149659549419 4852.466029141778 -0.00029795515007116825 0.24026795282117422
1.4232497002204034 0.6990631987288362 4373.72959998725 -4.786264845587035e-05 0.9131222428629919
1.2441706204362155 0.7097073133115309 4835.348036627338 -0.00030991638761264996 0.3605300176122155
1.2521869643896368 0.6109804996647878 4867.444599699376 -0.00012969289031332 0.3808182523330177
1.3668459123228596 0.643047150144903 4779.333976731431 0.0005080837143120091 0.6693531658562131
1.0996327340149303 0.8866105803758658 4840.820908931687 -0.0003287810147286689 0.449988583257248
1.507228220753536 0.6650960804509962 4264.4263571329975 -0.00011130162719678718 0.5987703051468709
1.2895663087635787 0.7157140212484197 4507.265888949285 -0.00011922530513034915 0.9031292847393102
1.279996309325516 0.883884460254811 4510.752758135539 -0.00033869861249158557 0.9112095759623481
1.201244093105133 0.5872438460072645 4684.903452689896 0.00012067618365115885 0.3504909818901777
1.4652459243606366 0.7478608519708195 4201.125165855611 -0.00029260449339752056 0.9560369586441808
1.050192870301235 0.7028076435305808 4193.358502879954 -0.00016023742713520102 0.2469478496540607
1.0887145316369105 0.6374402426158924 4673.25313803817 0.0004941260903507128 0.2105914737650329
1.1810966876823574 0.6282054209594048 4699.745923555566 -0.00011283075050793297 0.23710275182042387
1.2880591614961854 0.6073451351720938 4789.1275975520675 -0.00018630637445412736 0.4545325503336812
1.2476463937010904 0.6462566082518207 4358.2180376076 -0.00043987472966309815 0.6420266071678722
1.1375233259039192 0.9446149366882239 4584.055710354625 0.00046076115734416495 0.7199110933977537
1.3104009970347712 0.6438938166654026 4710.7638061897105 0.00010319287707213926 0.604248189684731
1.3263425304697616 0.8304882052035618 4527.197327637242 1.53296385330045e-05 0.6890130649198474
1.3482498904974458 0.7268380077407216 4733.945922841682 -2.074467407618752e-05 0.8852735894302972
1.1211489965364576 0.9908438839181144 3994.0323115882757 -0.00013012507566853102 0.5179209233274658
1.0643700841291333 0.5875289660470168 4912.806788653823 0.000877768100056141 0.20148727494919066
1.5536607938504319 0.6784122887726292 4272.675550421674 -0.0003199044816412579 0.7957555972274366
1.190208411216736 0.8931068554520607 4468.246397316456 -7.362115865159306e-05 0.49066126346588135
1.2724405835686836 0.6665952400173767 4531.8006459183125 -5.8888571843717245e-05 0.2759095737068352
1.1817543469630254 0.9565046911217622 4452.746856618468 -0.00043316024039486795 0.9167426175338678
1.2277260358845168 0.9158537529337791 3936.412432278058 -0.0004727578444916522 0.500662536832204
1.0001545448813463 0.8340221863739831 4823.5840494546 -0.0005172537636829176 0.3937193042027216
1.426798688611162 0.590542315148298 4940.127810705691 -0.00031443292564755363 0.5086746957019274
1.0646451950073241 0.7740580067038536 4655.931865632534 -0.00018727115818726838 0.2226555347442627
1.1908530736806804 0.7872664006870413 4976.305666023407 0.0003788035889948994 0.5084256408052709
1.147678504844933 0.6460560442515566 4451.977745740973 0.0002870239742768888 0.2046008150307495
1.2818998553246082 0.7844652017082998 4634.016390334267 -5.4883923400250106e-05 0.4403983828518693
1.2182671156215186 0.6924128933628336 4529.270629402084 -0.0007224419145935119 0.2202361166751276
1.441649105576222 0.681834019998613 4804.908851220237 0.000506693462933689 0.5662922813773369
1.123041972294257 0.6964479482063599 4835.484018543034 8.795955258624154e-05 0.1673060347341119
1.3553154692417033 0.6491132911609487 4098.060619069789 6.25282679814792e-05 0.6293853928836878
1.2560118194967365 0.884811563503711 4865.407821152879 -0.0006045225728744914 0.9095839669821784
0.9826421480854813 0.9751743286340319 4937.535337018055 0.0009921722633355122 0.3669075382709919
1.3354346044676029 0.767038655914037 4201.575126167238 -0.0007015107391121731 0.49827776874207547
1.5251722834541277 0.668027263543038 4940.772780477967 0.00022143854612540213 0.5702655920115864
0.9582657791283629 0.8187125477898055 4524.775042040227 9.934909400885692e-05 0.2982350236180422
1.138457447019206 0.9131533427720463 4458.744557498525 0.00011044281033518971 0.4784972121469902
1.1405221741210538 0.8862420384039715 4421.210269613774 -0.0004634952808982683 0.4634612910417211
1.0279221591662733 0.665815852403169 4271.229071781744 -0.0005209231046798844 0.18298626691798078
1.3581007099549383 0.6208669365987584 4746.945705016122 5.762350027456397e-05 0.4549010184230214
1.333501688318091 0.6183266885865807 4872.380403086029 -0.0005923847686111829 0.6055186235032427
1.1861905748270605 0.9509565784355539 4238.746005636019 -9.199823730920543e-05 0.4828625126200972
1.206773806945842 0.6129569963719124 4533.348251037704 0.00016050653328045914 0.30450384292665655
1.45025233222823 0.6216857342249726 4162.56395495117 -0.00028645159150044987 0.644924078304935
1.3386617977914836 0.7213127039852107 4968.216748995293 0.00031591082521416835 0.7439676948195442
0.9702798080527378 0.7035481548454429 4645.600850345737 0.0005542666911176617 0.17382018483325362
1.2763858556747436 0.7165014073252678 4242.980136394501 0.00013436799466452206 0.4640347957611084
1.0524577754929185 0.8518357252722735 4253.1799519574 0.00026746061238183656 0.2802977633190187
1.0553968667984008 0.9792701676487923 4270.052615046501 0.0003086178721537972 0.36090677976608276
1.1573371997580173 0.667716514184989 4613.557908496353 -0.00012485423709955855 0.31335607150754025
1.2563908144636833 0.7232464854984595 4538.7902680402585 0.0003540127957514379 0.7135315159692215
0.9172057283821388 0.7228866409702858 4138.679264073719 8.238243839839851e-05 0.23137544889930847
1.1976125240182178 0.989296423434816 4221.5622301186095 -5.891746146078779e-05 0.4534280380061353
1.4120286562394369 0.6188691410635347 4290.0639018562415 -0.00037631709636697856 0.6062010188340363
1.0707002090256916 0.6503878894303853 4883.248451269257 0.0006461151545898796 0.1666743151712412
1.29567280640351 0.5467819446977928 4889.476664666545 -3.130055146146989e-05 0.5271635933921895
1.1457666624950735 0.6069376075432353 4907.873685820525 0.00031223958094219503 0.21628941483423564
1.302140024560635 0.7715343089880156 4371.115506767127 -0.0005312692412218834 0.6360706514764247
1.0569277725546056 0.7798884357407321 4211.698594161338 9.266502212824898e-05 0.30936341610222395
1.087243622920159 0.9359425070796543 4461.936705729526 0.0004007156249710815 0.4092825723569455
1.1890314091448468 0.6427208553660134 4110.651713393659 0.0005126602543574647 0.30494615027944694
1.1069983104851833 0.8563344991496591 4650.362570287353 2.3367714659323868e-05 0.4371701163026952
1.0085824392729692 0.6103236804830134 4989.155267113681 -0.0006926153472955167 0.16150507299194383
0.979665215099309 0.7989308697662604 4362.443404001507 0.00031690203304310643 0.2710929649556949
1.1125422908342066 0.6565251816963014 4030.559286231892 -0.0003894451547635467 0.1975789676460173
1.3589158999972297 0.7121489538858535 4569.884947981661 -0.000364030184491865 0.8850354548516615
1.2331706762313843 0.5943129882216454 4979.491237342358 -6.543698438947056e-05 0.32485753297805786
1.16100001961918 0.9533187879756682 4310.950707881729 -0.0010470861345502126 0.5855963331517989
1.0134494113807482 0.8147840713871455 4176.342233087196 -0.0003232823594507801 0.3568987568803419
0.8812052264588308 0.6297127566401506 4270.563210516752 0.0006055010560079623 0.17939846572011217
1.288746201430814 0.5591838737883433 4836.808568126802 0.0007023476959360614 0.4142566415349762
1.4698786623959035 0.6528222394569295 4191.549847981574 -0.0007151774952273874 0.7261752840684585
1.1784713506698608 0.97428809851408 4440.981059074402 -0.00030160217494358554 0.46829062700271606
1.0442388953251491 0.9151875557172192 4617.655449106977 0.00033103287376057776 0.3281087380727734
1.1479994674902014 0.9747400505472368 4504.864502004668 0.0007636335140910812 0.610380507790944
1.4210653336129337 0.6921820258272703 4425.493417647886 0.0005233344935294396 0.9327723655084126
1.1743702993680438 0.8782383834640568 4718.805453890717 0.0006450359894591215 0.40654239293934363
1.354256810201825 0.7503660936366008 4849.865634908037 0.0003134194780914471 0.8962800430573086
0.9579907819833744 0.7437909859808193 4926.74563014184 -0.00021319567347502605 0.2630356942258819
1.1248695223433405 0.7316378988700476 4038.6203099273284 7.792933714187786e-05 0.26818070727893895
1.0059874657395698 0.7405608529272162 4391.554392829271 -0.0005892089737223103 0.2576062486166415
1.1413568195735402 0.9739323689205543 4336.515974248017 0.000314109778592984 0.8390678093003736
1.0966007200594023 0.9930489775265399 4875.71119817542 -0.0006181714658223409 0.3535501995432428
1.1336201538608626 0.7892520192257491 4533.040258153348 0.00028968040164176163 0.3675659763072713
1.4123456281981484 0.7170421442192555 4201.279834642835 7.155605581578863e-05 0.7660350848076338
1.201646352336729 0.973952507119604 4604.434509250236 0.00021786055622063772 0.5243537693136463
1.0763115314231908 0.8702615386634882 4185.112617431791 0.00023260502702166953 0.32995870318343434
1.208508194757947 0.6723360127818555 4762.346447366922 -9.306412909748069e-06 0.39027552024090884
1.1417671409560213 0.7599562122831844 4510.35160337996 -0.0003153902949447886 0.20321402712571474
1.4432885646820068 0.651301421225071 4415.684557914734 0.0001007524665494145 0.6340520977973938
1.4090015286411932 0.615930846679389 4834.8716361882 -0.0002762702856102612 0.5107121048661885
1.0318081705701305 0.6480193960814377 4751.11205731616 0.00027244509581843913 0.16035151228366612
1.411609627291197 0.703288689322526 4762.813669992096 -0.0005438003670148243 0.9365073862724
1.268485266717959 0.6825621267244881 4217.403128597734 0.0003204751955443384 0.2684041302765246
1.3675893780852166 0.7078562913101282 4144.54966342998 0.0007666447155689059 0.8006158144774367
1.231394927068064 0.9913977463428831 4821.817421864182 -0.00014176939421226204 0.7801377734281141
1.1186944517091313 0.8646423034087529 3993.9895309174644 0.0003245596182132206 0.3116037939006332
1.314544647835231 0.5897803975669765 4450.118156764005 0.0004947370077145923 0.4528556315563119
1.4613376165584993 0.6125163727189622 4806.395950840269 -0.0008056395495826606 0.6497150140397139
1.3301893198590835 0.8575147430609702 4632.23832877014 0.00018886118701702122 0.45481568909538517
1.4605644274954481 0.7223632158304778 3946.964420909634 -0.000456903947106558 0.9548645829372919
1.2131361210135854 0.6915655256172332 4959.134040005172 0.0001427699595424939 0.3591867664875649
1.0313236073993401 0.9045166811266898 4514.542371402623 -2.3443792983319436e-05 0.3760902447778432
1.4641382369272882 0.6833400119414945 4739.802362505609 0.00018475769486985487 0.9232920650240137
1.2144339734489569 0.8348427058596972 4976.440911363096 0.0008783613001335253 0.9103711995223648
1.2677613263602705 0.5923325504854358 4563.148666491508 5.893671439367454e-05 0.4579402207615669
1.4081368490974704 0.5906310681679265 4643.747538946092 -0.0005069735492524315 0.5534704027105386
1.198240287831284 0.8479555418778351 4723.703040524717 0.0006012724749920714 0.7142965840694169
1.1468892319875046 0.9144832550819845 4233.2540308193 -0.0002169807766639695 0.6907153472222236
1.4448705267583999 0.7331476865013663 4562.688950400764 -6.797057827142673e-05 0.9719530522664884
0.9761837400990552 0.7014647974486501 4421.818338678073 0.00012062310175025697 0.1925593518996488
1.3348482570481106 0.619335955978363 4068.417711328996 0.0002531966458068929 0.44560429749876984
1.1957778013621343 0.74792531541182 4803.084736837171 0.0003571668345063558 0.3231066081687126
1.37142032464425 0.6338183833572963 4038.2384776701088 -0.0008394615155756047 0.5504969518927043
1.5361911361525928 0.6027705544582153 4731.880487156701 0.00018457884659369607 0.4219239499520024
1.433941283613898 0.6153830371541591 4486.533092393731 -1.56109993368383e-06 0.461606901561119
1.357780391065866 0.7219622909653808 4351.337270863831 -4.028918928510042e-05 0.7074925076585148
1.4074172684552426 0.6829347432114843 4383.5784046842755 -6.355947094646391e-05 0.6402179565987146
1.098356056213379 0.6825635582208633 4944.988746106625 -0.0001285316198466445 0.24390876293182373
0.9945229565510901 0.8344397462386626 4556.644927087312 9.238694351228683e-05 0.41063344117943407
1.358148805429951 0.7186119268514273 3979.0125134908435 -0.0005537795862605784 0.32304291951529224
1.3790417458564388 0.6555491758075672 4253.205196994013 -0.0001900595804121567 0.6985351832840456
1.2525918312940614 0.699578916376608 4263.032324672354 0.00019591633011722351 0.5758247783375071
1.057618804841878 0.6275753620916809 4503.487276962468 -0.000427838202116436 0.19799723015608775
1.2417981231160555 0.7294423649787667 4593.927734503236 -0.00017746066642597812 0.330247158214224
1.0875483695979598 0.5801014461583587 4992.05273942604 -8.716620235570588e-05 0.20706833423799523
1.193956753180818 0.7111407719075917 4350.742791945753 0.00022639311859118616 0.37545483131678625
1.397810194470273 0.6354815397443073 4730.149672301492 9.343854766515605e-05 0.4426404815804562
1.1850149825586058 0.9259048085931947 4931.687661446175 0.0004368120762753192 0.8381135420084269
1.0659608866143666 0.659147173175239 4778.672438424029 -0.0002363101618828615 0.17126425285969923
1.1764960375015583 0.8763188397235042 4250.324616180466 0.0004961867785913417 0.8831294785183919
1.1601468982027854 0.8115159583661713 4827.060806096144 -0.000806047676641244 0.2770263187180929
1.2064603473852624 0.7753197274883612 4690.364765750036 6.306552581542293e-05 0.32579202859255574
1.4379004057559968 0.6181089157708549 4920.636988199882 0.00013339567363705357 0.6481190232574194
1.6091380371966348 0.6915520358082835 4585.238906675463 -0.0005913326648645259 0.9189213754808476
1.1733480361975719 0.9939935992987751 4887.627649383471 -5.780501911752202e-05 0.6787895968283393
1.3830372541074336 0.7065936037196574 4742.696905708555 -0.0008266948535374615 0.7604558129468564
1.0710855139403708 0.7988319062071765 4515.114650129124 -0.0006341706270374614 0.3872928943050309
1.169281824577479 0.899339430112249 4181.63888897352 0.0004865881650561474 0.3366376679874165
1.3390721330882642 0.7655659731090451 4135.719818900473 0.0001973712496558566 0.6015706432619922
1.257940863265762 0.7564811788501145 4390.733235050796 0.0006265591591401831 0.34803455405874284
1.2450236417347145 0.6195665249036315 4490.203268247832 -0.00020472971189897067 0.30299937695159174
1.106434476260869 0.686510707849729 4592.2520951209835 0.00032022616497663734 0.16486293302351213
1.536245157796201 0.6261403705989703 4032.0222825928786 0.00040121297370801224 0.4849634084889439
0.9896489094180718 0.7486657545653221 4413.900907075174 -0.0005120250768981669 0.2409124515427335
1.1916408582094293 0.8956799537790067 4690.6832679851605 6.826821612784676e-06 0.4713139517938172
1.0750706633911333 0.9021734351090943 4977.302041646742 -0.0006864471016243648 0.36068375204855785
1.052902668595814 0.682243428851241 4485.764057606127 -0.0001787699034206504 0.2258555575111743
1.446608567237854 0.6367038637399673 4253.15310716629 -2.6810592675482482e-05 0.6716961860656738
1.1524161969277806 0.6951451030217108 4819.384017137352 0.0003266250371297544 0.29840893392844137
1.0424748415862386 0.8797823992205506 4878.230893758648 0.0002953460362952168 0.34248314644281863
1.1687080289730425 0.9404767129123323 4526.86144617765 -0.0007627351707022147 0.48656318970031626
1.2121423510434242 0.5958807647219775 4809.950191521192 0.0005219851216058021 0.38162817249313363
0.99417514883159 0.8721688863032617 4410.092898945193 0.0004349281865197922 0.39910670709891155
1.111530850829306 0.73894057482312 4126.6429675783575 -0.0005598298289744611 0.18976577972933767
1.1785726620086996 0.9624058170565252 4803.839668568161 0.00039498388494677776 0.5327097315381063
1.1649486615283156 0.92573199563988 4880.637962639021 0.0003810988881938706 0.8109872656508259
1.1003373031120809 0.6064592682829886 4832.215947261617 -8.344363978909119e-05 0.21612745593892083
1.2800326585769652 0.6114926934242249 4559.5995436906815 7.542426608477342e-05 0.4558228850364685
1.4523505158112968 0.6826775904847897 4384.2176039152155 -0.00018779066435101974 0.7923177822668794
1.2633309464602438 0.9670512726642501 4557.148002972766 -0.0003261286068961928 0.7317004715233402
1.4204518460241249 0.7143409975370154 4857.594827152443 0.00024064297736934486 0.976965007094919
0.9392173757890123 0.7321772279657068 4899.265521295988 0.00010608743825717555 0.19148929186625865
1.2388855893741677 0.6107277360815261 4210.606615802803 0.0004688121393136024 0.21425308732566306
1.3699651684092986 0.5935190856737238 4675.74108174799 -0.0004201946010734418 0.520221881668517
1.4622530413497117 0.6789827996463466 4756.589471511268 -0.0004945063471206169 0.7672234504129369
1.4622530413497117 0.6789827996463466 4756.589471511268 -0.0004945063471206169 0.7672234504129369
1.4759961262977925 0.6171656643997281 4621.767481123978 -0.00024497945254434167 0.4351705019416114
1.1083737134933471 0.7208638861775398 4867.473200798035 0.00027353710285533066 0.29114317893981934
1.3668962333281227 0.5845099471801223 4253.20680926813 -0.0003483351936887965 0.475548198760345
1.2182613330898546 0.612896448946624 4428.993926099933 -0.00023267291344144844 0.26473713848351776
1.457402755016465 0.7315310905098058 4532.077421058989 0.0005481056894023323 0.932377867384822
0.9987510915171813 0.6062296925397659 4927.547863289237 0.0009714091258236419 0.20869538471125543
1.443154386495633 0.6718051544403706 3993.8872269888257 -6.965656504327553e-05 0.5879628330530857
1.1473140819506598 0.6369784644936596 4651.524823445107 -9.443822166998404e-05 0.22069235124585446
1.3371396527921857 0.6298910681926316 4549.043149523019 -0.0011652140952590206 0.609182129425295
1.4050354602033654 0.705647241286333 4500.7107467351725 0.00016512615876629702 0.7233193017118844
1.1935931428703315 0.6856973648097258 4788.380557860094 0.0010387386195301253 0.4696148127119552
1.2511905244699413 0.7094067784868212 4440.9081654152 -0.00031074727153684547 0.25566702999337715
0.9365662966768379 0.7981384620690662 4576.869196198392 0.00017111107287014443 0.299918511376819
1.5559613961805712 0.676744236824322 4851.842870571842 -6.758771068708086e-05 0.6834508631887097
1.0239104565962944 0.8076306924265876 4637.044165063793 0.0005850314626455338 0.30669852157626365
0.8871422985971659 0.6866926558026339 4925.448049561561 -0.0003234677828205189 0.21349300708153257
1.4235317669308725 0.6009824802303629 4182.242904946036 0.00010277484913454085 0.4161715998403381
1.4196135613656047 0.6652499147622445 4733.4684428377095 0.00019560414873509718 0.6295401541485532
1.4839444875717165 0.6166051998734474 4378.567284107208 -7.662256139429252e-05 0.5079261064529419
1.4048641477937265 0.670196032680816 4829.845568327727 3.947903377473585e-05 0.840550701092863
1.0558781623840332 0.983907550573349 4825.644429802895 0.0002442952183143335 0.3849194645881653
1.2837279861957058 0.7644767011486797 4487.062980684826 0.0002695868079575032 0.5616617526708195
1.5228591108949092 0.6431389906807602 4279.854635614652 0.00023555922746991623 0.5588332326970372
1.1070934832220962 0.9245346565310143 4988.48211845518 -0.00035028687958193555 0.49711115693788105
1.1070934832220962 0.9245346565310143 4988.48211845518 -0.00035028687958193555 0.49711115693788105
1.2725647724077511 0.5827938822353516 4988.3336904034695 -0.00011189673920678504 0.479182327580064
1.0297178268432616 0.8382879793643951 4613.076497375965 -9.905057607549779e-05 0.287664532661438
1.0294529320904986 0.6158383638026164 4405.815433108801 -0.00010683763765054316 0.20267542188665583
1.0789625508060643 0.663524900679069 4690.30715946841 0.00010062805713686932 0.19927987483760184
1.2663382706646245 0.7428984218670642 4929.071241546742 0.000293178263159199 0.9390283864766638
1.2189110605487035 0.9577716762098585 4127.662698633789 6.806290481617937e-05 0.5752607931619862
1.2665908490062383 0.7170478651162546 4731.238228799432 -0.00011186200914062617 0.6437746293776963
1.2357938965306983 0.6867149027993951 4465.890187506953 -0.0002134757697112444 0.39083965818617755
1.1193806148443224 0.6985676030832597 4263.584740148761 -0.000666526293487288 0.2165195925375714
1.0991453690818918 0.8235910758181753 4089.1202964792224 -0.00015492447868015947 0.2862638481261743
1.1983137370053671 0.9674527488623751 4395.944411463207 -0.0002095353598854008 0.5767924500446958
1.196532925762417 0.8787423418173922 4414.853521807852 -0.000892878916601193 0.975964509374442
1.0952556135242946 0.707428015904975 4146.453591265236 4.8387642597652074e-05 0.26142659944785285
1.1889570445839321 0.6289572158204663 4827.697210869555 -7.316531787587167e-05 0.2761485424877451
1.0833421442637035 0.6529304815020952 4771.4274629885 -6.911361984032727e-05 0.16179452355344004
1.330705471967915 0.8123209582402218 4717.423417791058 -0.0001309156237965075 0.7193853678385753
1.1912514975456485 0.9134775095358718 4870.691194390573 -0.0010208824133940946 0.9996178954285151
1.1165841552045235 0.6503627473386023 4789.980687113717 0.00033420409105009834 0.2137724829928786
1.0829302787780761 0.6646402403712273 4979.806012809277 -0.00023694260856553019 0.16244018077850342
1.3207622702068513 0.6395773112000286 4506.077111620015 0.0005100231628145176 0.4437644688493243
1.1474784184088644 0.6545908298541401 4467.61050466267 -0.0009176121704872658 0.18041682176068033
1.4533791065216066 0.6243037655949593 4597.323416054249 0.0003962639171309027 0.5697484016418457
1.2433878268050895 0.9527281091191546 4271.459066804051 -0.00038317024647096783 0.653930382411767
1.2477533946643509 0.6407360753856273 4845.627352760761 7.985774106396806e-06 0.5645065669226443
1.1450432300567628 0.9597378447651863 4944.462927997112 -0.0005756609100814542 0.519788920879364
1.1774989511596647 0.5908274553618336 4722.30891804957 0.00013163870944580365 0.406998169672521
1.1871794952836066 0.6550767220724574 4255.1067481523805 -0.00021673851926901953 0.23811372300874564
1.286659848348614 0.716888524810136 4430.947932860993 -0.000256296875291809 0.6342002254358082
1.3410364592625625 0.651430940420048 4547.884721130372 -4.737671209435106e-05 0.4892551116813114
1.28373627691036 0.6463565406903641 4699.953036701953 -0.0004333881972420902 0.4449062182540972
1.1102008525700753 0.9626133688985994 4845.333382608275 -0.00017533030176550128 0.41511143596665306
1.109145201451243 0.9755642063563746 4744.82119399726 8.186502646707558e-05 0.47185752684600774
1.0853451828613854 0.8185013636829078 4032.2139546865405 -0.0005126535607386263 0.27711075876869984
0.9732921897548263 0.8760318663596056 4879.54166751012 0.000418958759951934 0.3816333070461084
1.5753969579958462 0.6421182193656707 4468.957528497006 0.00030920538685353055 0.4855805948839893
1.0700908660888673 0.9967337474226952 4482.069392323494 -2.785972336467277e-05 0.44737744331359863
1.4768277432376267 0.7131915989719462 4676.088768635951 -0.00048186812183785506 0.875534496065546
1.209676733684411 0.8164970809001079 4961.873019812311 0.0003089861816717638 0.51403196882758
1.3983772568914719 0.6809596817160538 4568.184504158277 4.055296119320519e-05 0.6894352966287984
1.160049749160194 0.6098298630694575 4105.217001569264 0.0005207088094338527 0.18602584614600254
1.2884552955627442 0.7910023927688599 4529.244576931 0.0007769551302753417 0.6759762763977051
1.3752316397766853 0.6616754248146641 4284.648533094505 0.00016119302715809553 0.7184845122861183
0.9472499731310294 0.8291494171066018 4609.942298155099 0.00014126532934151696 0.3463785960550518
1.317354416847229 0.6858378425240517 4380.047265350819 -0.0008331826915067414 0.6224060654640198
1.364960215991525 0.6430734392349483 4321.578348341812 0.0005020388146798386 0.4652144506027535
1.3064273465464056 0.6730994697373666 4527.832518683403 9.142718566930667e-05 0.3759264975308645
1.482351100556511 0.7240124020535139 4324.739428089818 -4.0905105513990336e-05 0.8370904111558712
1.3592989324641818 0.7682296468472598 3990.2496838756365 0.0003060832799435155 0.7049940108839106
1.1349853386866928 0.6725230180725434 4775.457904113332 6.404685000485906e-05 0.1764870678440725
1.2231134877573682 0.998285802244602 3936.3681977799447 0.0006923557127350545 0.4571847199450336
1.3522876393809464 0.6226456732433807 4318.362272397396 0.0004670024299219546 0.46692339440120356
1.3339271591242352 0.6801708165012664 4559.631839734878 -0.00031696305056264155 0.8495440757547468
1.1091060461251108 0.9408770388650256 4399.936750572034 0.0011463862708385732 0.46032086817296997
1.2287222072869415 0.6567095897534259 4686.96296102479 0.00039491488576853324 0.5620540982543545
1.2287222072869415 0.6567095897534259 4686.96296102479 0.00039491488576853324 0.5620540982543545
1.3414588353967645 0.6627674087817312 4162.196301042884 -0.000138373708492584 0.7266272351478122
1.0838796392742283 0.6509610128115139 4989.285620541147 4.008599326337335e-05 0.23434888431696055
1.4215397332224562 0.6831665775617233 4555.576423798758 0.0006736233525215594 0.6460338450325414
1.4515770836054651 0.6453591055015115 4878.239439863811 -0.00032401839311235324 0.5572868501017524
1.092670861219152 0.880119373040815 4035.1755458947564 -0.00024702284192031326 0.3937554642066303
1.350297851606241 0.6623830207628714 4889.917153187134 1.4616191184515903e-05 0.7752458097301338
0.8949103326719906 0.647291626039239 4764.837522895411 0.00010881716617388085 0.1818683446301963
1.336881784614363 0.6008476055846159 4711.521203320605 0.0003203464495285862 0.5460381555062682
1.0982182810166488 0.9107341723673221 4664.7420313259245 -0.0003356048154222817 0.3946819014328214
1.4343134764342724 0.5956431492428915 4404.803725317319 -0.0002486335204810772 0.4625707187159128
1.0089616663475383 0.8417839396503211 4032.437670475266 0.0005021756301164038 0.3383890442571373
1.5476800404709241 0.6529481078055022 4144.361372394585 0.00012493566583014168 0.5799566042563359
1.0509794525810157 0.6724910281346224 4864.251323167839 -5.59899328365349e-05 0.16895032547960695
1.0016349199673065 0.8804889598942902 4889.371173445257 0.00011175192850649449 0.34913873952357083
1.4758899395853877 0.6137387938161665 4909.830998475238 5.871887524580732e-05 0.485049843182611
1.1484167461813535 0.7407633092813022 4776.36223839956 0.00012583593653886429 0.19543500264858926
1.1033948257859625 0.6418398167160745 4644.9015002845645 0.0002933490760481227 0.17663195455480082
1.170214276856929 0.5994050398148032 4802.230746981566 0.000529342826465707 0.19081741916464048
1.0972058847146209 0.9150242765657036 4468.908207823766 0.00045213081944013984 0.3045066075444539
1.2601600098619175 0.5824517572629346 4466.74208149439 -8.259545492718286e-05 0.542287035649839
1.0822325820268364 0.921785315493305 4482.906458307304 -0.0006740649121946597 0.3943333526900808
1.1417551959499526 0.7059990382261422 4037.190662934498 0.00020435269432434057 0.2464293633337285
1.2773554683696493 0.7187348075751023 4516.379960284567 0.0007352901139837659 0.7118444894547564
1.430373974884311 0.6933947390115502 4511.744747723992 0.0001445945380796579 0.9345578370838044
1.2355191893100725 0.7804033702896639 4892.161168615057 3.7392163469033364e-05 0.8321714368931739
1.2383298164340264 0.6127808042167483 4235.645773495441 -0.00025498178642774746 0.41923137058390003
1.3357592351660732 0.6434931192033232 4600.8841946405055 -0.000219527503066334 0.5009791069985774
1.228350989523242 0.9956916864363906 4469.943178367666 -0.00010954083949173195 0.5241291074529255
1.0622453620837975 0.7002412799817056 4899.779586392272 -9.500886403464858e-05 0.1642315535509484
1.2979267071228784 0.7060152102240457 4982.358030762962 -0.0010343348105393212 0.5611879259265471
1.2191553982287644 0.7967161753121712 4419.261940764143 0.00020432065018237126 0.8724138785780859
1.165944168107106 0.7947730547495271 4746.455019937732 0.0005139714458709894 0.32965989909870086
1.0200478891669191 0.7700481516692094 4256.339357732816 0.00023966840668597663 0.23430992049133162
1.207729266878584 0.5970106451272468 4721.486013319005 0.0008423001914960541 0.428314321463065
1.2592925911844488 0.5877047892330194 4601.091498369529 -5.654044234060748e-05 0.49193669623891473
1.369877524523552 0.6070957938963981 4623.647574370439 0.0002495027267964788 0.41276110872446004
1.0716668945346641 0.9548077098761265 4414.528165876889 0.00013170628551777076 0.4342681850596869
1.2129390239715576 0.8760037124156952 4775.457416296005 -0.000656316400349794 0.5654823780059814
1.2059918400885277 0.6063114186011382 4068.3937910101163 -0.00046454215501272013 0.26380920357454574
1.1766101453029536 0.8321013381611623 4754.769944766238 0.0008637230170222566 0.9320603242204621
1.2267664477642997 0.803281961089865 4969.554611029339 -0.0003613208586157011 0.3943312818362142
1.1500372547470643 0.9234554422114698 4224.493458781838 -0.0002119164494670257 0.48242274861543777
1.3189523444736124 0.9252962808343952 4442.410461242258 -7.98553405244263e-05 0.7830082981432556
1.3365948589192733 0.6247965068185706 4629.963858867018 -3.6076384834973274e-05 0.44639333665422326
1.1362318735091848 0.9670862035514833 4595.710893337895 -0.00017625915194568087 0.47332878510191545
1.08333532851608 0.9432887178427741 4032.2476244381583 -4.829828745271427e-05 0.3894145210192261
1.3523459508931555 0.6272809668154837 4855.784420138816 -0.00018310084279871673 0.5152881174664832
1.3324647008717547 0.7023256210972884 4376.49721163748 0.0003380481857693927 0.9918560017938458
1.1725721316171023 0.9946655355159382 4776.226516456288 -0.0002585482173804641 0.3465781353208579
1.568452894211965 0.6428600587745408 4352.217870273718 0.00020278610130930718 0.683205058604957
1.1382038600615483 0.694508124121095 4211.252106868496 -0.00019124639027621285 0.23957023472481936
1.0702652630739888 0.6400257337825886 4554.503893758343 -0.0004954981195701499 0.1827504415148449
1.0702652630739888 0.6400257337825886 4554.503893758343 -0.0004954981195701499 0.1827504415148449
1.2233259135577348 0.6301858996865499 4248.112020459943 -2.8951814316382464e-05 0.2630800751662906
1.2001077206361128 0.5730150825034572 4544.046447750462 -0.0009981302300442986 0.3549739262205708
1.461229992422013 0.6701671087816194 4690.1536416645395 0.0004322187879020339 0.662760174599581
1.1265643518369428 0.9326144880537492 3941.774971726119 0.000528539674117586 0.3814264964960685
1.2069515038403384 0.6169443112899827 4845.104903774942 0.00022483914231137523 0.39756714524722137
1.1167805350796116 0.7586886099662167 4802.549612675306 0.000221588888424996 0.1974621997253535
1.1167805350796116 0.7586886099662167 4802.549612675306 0.000221588888424996 0.1974621997253535
1.3359210252761842 0.7394028306007385 4059.8437101244926 0.0006658708538903945 0.6106980443000793
1.2410328071423804 0.6457596276130557 4425.4185892839705 -0.00010425830145508319 0.3352149869095206
1.2410328071423804 0.6457596276130557 4425.4185892839705 -0.00010425830145508319 0.3352149869095206
1.2110636862361626 0.9919224068801396 4127.092571710682 0.00011672718982110833 0.5874753717319974
1.1655501382139901 0.9917375190124704 4521.792745746675 0.0003829431249386515 0.5049826144918017
1.3745073645472154 0.6946487288499094 4373.076978829704 -0.0004807008249860761 0.7787589234797971
1.0612020647024656 0.7256515548316853 4522.928902695518 0.0002602759983460871 0.18526338445340576
1.1449384881548164 0.8666037508096 4725.873727836472 -0.00044735199822710733 0.30234549897711505
1.2898760874538535 0.8444261279626876 4169.703663335686 0.0006445998617676156 0.848788090764344
1.2905321392988511 0.6216332945319425 4460.034712062397 0.0005330173037683653 0.4392526174824913
1.031467156688176 0.853433713184244 4146.0178702511075 -0.00044010600351825747 0.37695120394395043
1.031467156688176 0.853433713184244 4146.0178702511075 -0.00044010600351825747 0.37695120394395043
1.1781249418325415 0.9103752224156184 4030.448212465258 0.0002161128834890474 0.5025543003947486
1.4152032176053304 0.6485989800587717 4913.461253337155 -0.0004042307438094799 0.7155891235679428
1.1025575354723247 0.7222228944994008 4064.598123815927 -0.0002813443718715427 0.25258490396031774
1.5851647311447254 0.6360297615571371 4196.604748461792 0.00033123962528051047 0.5350932549826135
1.1355019348311488 0.9442829742775065 4473.333432581239 0.00034297200329788826 0.8614192499978588
1.5045007819228031 0.6071749618278279 4635.476896452889 -0.0005328634263838007 0.5167049580205163
0.9820367772153331 0.7739562320343845 4763.593728447132 1.3924953803370958e-05 0.26237652301526415
1.244700675804604 0.8954838502412016 4943.237235916839 0.0004471321951203949 0.880991448858824
1.3783617335317824 0.6855238618225696 4551.434327233138 0.0006468593727048414 0.5501270346006133
1.2513372285709363 0.6866054322780107 4147.950080256146 0.0004893684778508252 0.5495310057145388
0.9186790943145753 0.6670839190483093 4937.6818417310715 0.00035955959693462946 0.2170608639717102
1.212314315984884 0.6757450844032097 4334.799180452335 -0.00010618315997387556 0.24185924031036277
1.5201368570327758 0.6898013949394226 4510.399184346199 -4.192923751485007e-05 0.9166365265846252
1.0941714644722735 0.9033184617410359 4251.234148588963 -0.00015215018992250848 0.46664838964044814
1.1138498021100487 0.6962220491777312 4204.490651308154 5.056459260878368e-05 0.17544070645094004
1.3621470467905268 0.7344521722009628 4723.243319866957 0.0006560534872112507 0.980522946974991
1.3621470467905268 0.7344521722009628 4723.243319866957 0.0006560534872112507 0.980522946974991
1.0377133832093854 0.9073570848005863 4286.5033138544895 0.0006067511701570828 0.45209788240782306
1.0895136056028656 0.6240547787458259 4527.146286419827 -0.0007863637642883872 0.20083847436089966
1.0895136056028656 0.6240547787458259 4527.146286419827 -0.0007863637642883872 0.20083847436089966
1.0481664841528633 0.9153934708663554 4670.63756533346 -0.0005501198210911812 0.44125290435896314
1.2424820433530956 0.5755849240347521 4235.538805311553 -0.00018869825437106021 0.49011958517713455
1.2078200264037466 0.6390357746375299 4963.2751023324145 -0.0001270566558938419 0.2586429194254035
1.3302009454606587 0.5681169572476883 4836.00205376112 -0.00020881861754423614 0.4898642966074666
1.1936398216103175 0.8166011392447018 4767.690393068935 0.00010326373926929565 0.4571069857253794
1.0000486612319948 0.7214143723249435 4378.38754016161 0.00016405238240426356 0.23244237899780273
1.0587373287271895 0.8681288667819023 4307.802691110165 -5.868506692884659e-05 0.3667329957649441
1.2550509100444858 0.9418975989515487 4624.21121314045 -0.0003395757060672964 0.6487560982499022
1.3994115231977389 0.6276452711766335 4363.16502529803 0.00042123022717418206 0.6011145352708553
1.284695903087555 0.6716140220792574 4484.38136177998 0.00019516946407247153 0.4800163055329123
1.0753962453442838 0.8290275953492603 4677.283355133673 0.00026432020804659424 0.3998853797176289
0.9657437905444629 0.6618537784288019 4168.051881550519 1.7883535042209727e-05 0.18762997244603882
1.347777010907548 0.6154974864030845 4890.938003619004 -0.0001392305320391927 0.4675321380282417
1.347777010907548 0.6154974864030845 4890.938003619004 -0.0001392305320391927 0.4675321380282417
1.4192525405127707 0.6243201310605235 4641.759174667652 0.0001961633420943359 0.6216872062640044
1.2974967889712021 0.6824541089551022 4488.69134382405 7.76867106947052e-06 0.4729311214298589
1.1703693316242951 0.8965361795041672 4669.716808077237 -0.00025959238133071327 0.5428026641997039
1.1414831161499024 0.5989261716604233 4883.394698917866 0.0001034114650914518 0.2562318444252014
1.2595003125770354 0.643098098323777 4845.5631018283875 0.0003494262842703749 0.4439414160151343
1.2030166000431493 0.8760661845088081 4200.178600481131 -0.0010807033462028853 0.8431086456735082
1.3455767802618923 0.6600229711184505 4654.774721657274 -0.00010953699780438484 0.4594314595843616
1.184611475068934 0.7944087806856392 4712.345224879221 5.895636192694327e-05 0.3742001328190373
1.3489782870531006 0.6332710632241857 4012.03958250343 -0.000296212426258156 0.5167221277940631
1.1876863916100155 0.6022700708579414 4581.032834607635 -2.5300040109063967e-05 0.2064567714870062
1.275369644142857 0.6737841549788882 4406.570505430361 0.00031048038360531057 0.7752692508920493
1.275369644142857 0.6737841549788882 4406.570505430361 0.00031048038360531057 0.7752692508920493
1.4108241143039701 0.6464204017758746 4518.611279943864 2.423135314068876e-05 0.6301797265671766
1.4285058927758096 0.5493048347358481 4270.315712537887 -0.0011763983469964992 0.44265060853722443
1.3887782329288498 0.5828735713293843 4787.924138504639 -8.753657658200169e-05 0.38926198235295983
1.0295945425747621 0.869836138241611 4757.052791260976 0.00020085485022941263 0.4261641845778332
1.255268144607544 0.6808615624904633 4430.230105698109 -0.00010596838880106979 0.5130956172943115
1.1510220267866762 0.9204815086042402 4206.635471276189 -0.0007607020418034065 0.46618687168300016
1.0639556305781197 0.9388610263407531 4941.973931573039 0.00011412475894435149 0.43478584564016426
1.200152588269497 0.7880074976225626 4147.356063004709 0.000312753252627762 0.564672617245314
1.3270287289897158 0.7479290480135234 4013.6936864253216 0.0007492622915285045 0.9513581213588418
1.2582212640900432 0.7659242770429461 4321.939341894766 7.361673379524169e-05 0.3611671126290004
1.1862653739882896 0.9163292833612493 4320.051935098103 8.88064322950192e-05 0.3357090002999549
1.1800151785772424 0.9013724207702856 4856.874763579677 4.283644995823556e-05 0.6433397458806306
1.3254000953713927 0.7267357208757342 4558.203598877125 -0.0001126636437711076 0.9152396256559319
1.349892242278752 0.6368383840069163 4115.787061744387 0.00037922531112634947 0.5545655889676344
1.349892242278752 0.6368383840069163 4115.787061744387 0.00037922531112634947 0.5545655889676344
1.0517205141240082 0.7777913070572905 4900.376940739904 -0.0004488110625441988 0.31586932457282607
1.4660049814578477 0.6462026963629559 4871.365353636647 -0.00021131488626448684 0.702787956219457
1.339553090685778 0.8530826212621467 4320.982219050165 -5.672936676694285e-05 0.9843927688602303
0.9534646999733025 0.8411004829488573 4800.665201646983 0.00048813477957010865 0.3383633675692145
1.2352901024728813 0.6526212300938599 4581.783938491983 0.00023442815257177478 0.25630464931922725
1.2455134532018826 0.8922165160515753 4305.038229570004 -9.317173540611767e-05 0.5606322414099769
1.0980375043276827 0.8749695836886164 4230.937360002655 -0.00015797858317082402 0.36923824864168775
1.2742721049115868 0.7632320543106532 4093.7101954034415 -0.0002541782633315736 0.45081015389451035
1.2492251099013088 0.7908090937648469 3981.495816443098 -0.0006537798079923278 0.5314078241440388
1.3858035051635271 0.7430885365903854 4334.194889152125 -8.833847216575679e-05 0.9883395481054651
1.3313370048036521 0.8415634975550748 4096.526095743914 -8.381495941356958e-05 0.7684903628725355
1.470028557300286 0.7277076938936861 4307.287347670068 5.3776856833656166e-05 0.9737840743937225
1.303565983356021 0.5969108787010862 4957.44081948618 0.0006627870312318344 0.4976490254284543
1.303565983356021 0.5969108787010862 4957.44081948618 0.0006627870312318344 0.4976490254284543
1.1925963709510679 0.8569646124689088 4369.3438336627 -0.0001207749512362899 0.332883751205869
1.138393315172984 0.6582053046002686 4323.833495639113 2.140804351481227e-05 0.2039457917178545
1.1703264969217497 0.6377800677618615 4467.912843350352 -0.0003197375863265266 0.25260916150003276
1.5849084933052586 0.6237578037732674 4615.190848210411 -0.00041692606678271025 0.4992561351183082
1.2682207891630175 0.8181633224203652 4508.8327071618405 0.000594722688479378 0.5003378943657648
1.2321776645836255 0.6378787626399569 4621.04008328452 0.00044048671093567364 0.21789974621354116
1.4472850790913605 0.5833230837753118 4784.565096203314 0.0002057416718968336 0.5784519559279686
1.283186594504213 0.700084344237646 4430.764958087635 0.0002525637011782223 0.7119150663379625
1.1472814498944999 0.8539665248808173 4487.962963428995 9.916355884416785e-05 0.4236596249995269
1.414101312913376 0.6943348321366822 4053.4953300059206 -0.00011672193636838112 0.5539625362611519
0.9933787951987321 0.6968260366287354 4676.037743511529 -0.00032857437104157945 0.1685192501800327
1.3263669762342363 0.8730178140629942 4659.906768888534 -0.00025891973190097703 0.7596597414468995
1.3290993358471024 0.654468335205851 4334.636080906558 -0.0005728355048500998 0.47845559692165257
0.9838118345509859 0.7718599341371104 4651.200236376818 -0.0006657708746165738 0.23569140792412846
1.2507445295060489 0.612598240268208 4641.411406131173 -0.000124891904895944 0.37081143531157346
1.0613043989865703 0.5997353458018881 4869.374315160513 0.0002895102049653708 0.21044075272700788
0.9851671934127808 0.815509483218193 4139.673272430897 0.00034380173198297887 0.3463882803916931
1.2364403486533968 0.8632997695493558 4248.623272377755 -0.0011132562909332685 0.9059970244098621
1.0710984228635267 0.8007600943380693 4177.50398094154 0.00044606227267189705 0.39459659880318115
1.3190455912514838 0.7218843742348224 4383.679736941793 -0.00041601393884492115 0.43363075063224793
1.3539275699324773 0.710145428186697 4731.180833996709 -0.0004954583608660917 0.659035048241921
1.1880979717295908 0.8024663083418747 4779.294437457955 -0.00053270707595507 0.27774221889084494
1.3098711808077173 0.5829352358615835 4801.2222212389615 -0.0012786748345476804 0.4205476708784882
1.3098711808077173 0.5829352358615835 4801.2222212389615 -0.0012786748345476804 0.4205476708784882
1.0848531330252023 0.9607295136625573 4428.518432300998 -0.00017167328315105431 0.3858092114794899
1.6132577895998594 0.6832167252875492 4690.055906814851 0.00015625240811153627 0.6688744994842917
1.3209402333327276 0.6511792578721625 4971.485341410638 -1.6827613804573507e-06 0.46834981277596477
1.0567080646710134 0.7707655300587473 4969.481651936755 0.000523737074442503 0.21526783272382985
1.2624620433325453 0.6707130460461972 4783.234351774569 -0.00048194138345474625 0.4592144108804876
1.1387299503382755 0.6344977275786403 4926.154932476657 -0.0008220021997469103 0.16578373420041706
1.2491131853761785 0.5965935402789447 4777.184674565859 -0.0004055237046594984 0.4413561260255776
1.1841391262920815 0.8827389634362552 4487.499879469097 0.000787033531322435 0.40745598526615306
1.122633992950734 0.7191348458994339 4474.417116437282 -0.00012929558509048645 0.24202835896649144
1.122633992950734 0.7191348458994339 4474.417116437282 -0.00012929558509048645 0.24202835896649144
1.0036887572015347 0.7333478757196921 4189.7766533854965 -0.0003675531072282418 0.22985164233902336
1.2253001424036887 0.6637467148192236 4520.143721465786 0.00030786927350821527 0.5286800475467913
1.0485890242329092 0.7116958163024737 4012.240996246818 0.000566236843854639 0.22485402149171968
1.4981623329547435 0.6825852292166446 4160.951727032749 -0.0003224472398888561 0.7633017595548333
1.271384042794324 0.6880655520930877 4842.028578536144 0.000237774342874806 0.6415739684961537
1.2277709755720587 0.6697722008427731 4646.412592727062 -0.0002944899738626569 0.40206018551534173
1.2646706628990616 0.8434683385140183 4206.088591447786 -0.0005599246430203481 0.6084039833651762
1.1409752918237608 0.6739482486661402 4021.2220472472286 -0.00023889495568658165 0.22898992695328604
1.1409752918237608 0.6739482486661402 4021.2220472472286 -0.00023889495568658165 0.22898992695328604
1.1609839387289527 0.9982831810856786 4387.416988142331 0.0009581278588020329 0.5037258002658409
1.0655872332492564 0.8284330436615933 4855.927116943469 -0.0001321836992231038 0.35472841584116244
1.207006626785301 0.9849963535381219 4791.267365888323 0.0001887651601694468 0.6808345227417052
1.0692041280333089 0.9068824089563754 4378.4899775608255 0.00031649484188677856 0.4143497243826947
1.0666907557022454 0.857730552332717 4146.378810715103 0.0002709442284289796 0.3423870444061089
1.1166416101803645 0.9642922906618101 4839.150224995132 -0.00040369712444194894 0.3555545851307694
1.388765048980713 0.688752107322216 4540.078993499279 5.7883423258001545e-05 0.5643393397331238
1.3459454503836719 0.6642641503255061 4723.042234243913 0.0001853194362048013 0.688732916413844
1.037376128353247 0.7744357843837881 4649.305333902098 -0.00019413401461280952 0.26995949789650536
1.2699391512941163 0.693015073211858 4012.05490176916 -0.0002782594713227678 0.6110817709520979
1.2404814743121915 0.6621248162509731 4514.2127301517385 -0.00012514788913866017 0.43821183513329526
1.304980474005392 0.7083665028646543 4090.482407018758 0.0005160079212831476 0.228906609358046
1.134537438436312 0.6950129757734265 3934.7094979838457 -0.00023627617716853153 0.24313205139396044
1.1366983395685328 0.8438594786078613 3985.6957696481336 0.00025654326801322487 0.3108888879259363
1.4077297511733073 0.6238685706031797 4796.469433395579 0.0003464441980077673 0.47811776551332935
1.189569317128392 0.7443938314780812 4970.006379397569 -0.0006960553700072981 0.3391036753645627
1.070972432389122 0.9882763142858008 4181.723051151566 0.0002932592336324995 0.32610076695412704
1.1891339376763743 0.7180949435234794 4972.723352492264 -0.0002491739688844778 0.36486429890455463
1.0069356866159824 0.7559385311451068 4397.86564658514 7.787326959792796e-05 0.23066819065499683
1.0069356866159824 0.7559385311451068 4397.86564658514 7.787326959792796e-05 0.23066819065499683
1.11996270750721 0.9161079469002273 4013.448394454663 -0.0009370109360393459 0.40581377313321654
1.0020591735839843 0.9537061750888824 4262.222277224064 0.0008331811222711824 0.3736167550086975
1.2784254436049953 0.657648747240202 4704.474852074757 0.00014351244717464168 0.5156860645929011
1.2732839023737077 0.8084381166916473 4985.951336409071 0.0002683480976952334 0.7734451329006453
1.3067014456995898 0.6350698596533111 4576.239539668147 -0.00024720271875241546 0.4599454282519355
1.0551677703857423 0.8987260907888412 4679.282780170441 -0.0004779115430552595 0.3931681513786316
1.0681777024642412 0.729874345156272 4575.997551599964 -1.6871711608480046e-05 0.20495667121039718
1.3464074113735216 0.6782354652390107 4046.534721456164 -6.098304392756397e-05 0.4817372380800505
1.0402865635549543 0.7053597111616872 4556.674417507493 0.000592985707533835 0.2634586680564044
1.0988382687447866 0.8354015612093673 4449.867872398418 0.0005523129480700616 0.2806444936220174
1.247911460402259 0.7390247695023098 4423.500231641893 0.0008657064957241561 0.8071077144651553
1.1782481211908142 0.6556628828835109 4881.072323073216 -0.0005319887103320973 0.3062028633526581
1.3956451261729907 0.6145480792700222 4288.5656220455385 0.00043672557590340076 0.4863014953260225
1.0136953683908727 0.7505549951423792 4694.719418053983 0.0009265240287812006 0.23093403033765614
1.1385401060523972 0.8123864009948976 4144.374856786193 0.00035038437212761217 0.2745495403881323
1.1230054180348361 0.8717518250702991 4200.629915645811 -0.0003516501326998457 0.36558440729991815
1.1308577679794092 0.7750991729727227 4257.174976306633 -0.0007229633507117242 0.3121391806119951
1.2676185874436694 0.8515247591598368 4264.675817133694 -0.00015246151585749006 0.5570222058074898
1.1067008434963503 0.9364011865861805 3994.4899924886754 -0.0006508630765550411 0.4700593815165925
1.1067008434963503 0.9364011865861805 3994.4899924886754 -0.0006508630765550411 0.4700593815165925
0.9726350199226206 0.7155583290850568 4865.305600216221 7.764843357754268e-05 0.24141790101030344
1.4512525081634522 0.6402484104037285 4200.816618382931 0.00043107607662571144 0.6158173680305481
1.065152168318061 0.6818438332351947 4323.609672668277 -0.00022475952329002096 0.21619463885920134
1.1057372507902101 0.8384223086637849 3981.847306570896 0.0003299531723403967 0.3647089883455593
1.3001954361401777 0.6534593692632091 4956.301693541836 0.0002698809440553469 0.4355367992910402
1.4056618928909304 0.5805676281452179 4077.9018659591675 7.946473903384857e-05 0.49691957235336304
0.9877594445968556 0.7176968608577068 4461.208355706907 -0.00017875144985861 0.21991696679647538
1.4479973010968492 0.7111853211823982 3981.7701349322183 -0.0003783693744782957 0.954857352308021
1.012118263852415 0.8160515536045376 4539.39944206447 0.0014783029801188356 0.36432372283855324
1.1854241336366353 0.9254909081948952 4596.52141019984 0.00016817233433818758 0.6074746041155307
1.149940456479886 0.8184458163842614 4647.499459939513 0.0003095199393786385 0.387144171851699
1.35207822777978 0.6846711002966201 3998.913234117536 -0.0002416714869510376 0.5995482056103072
1.1897513110674462 0.8015990956988382 4557.356531676651 0.0002994751020730119 0.36250201209508814
1.2024000036237008 0.652428020594379 4968.312839521422 -0.0004060721958524095 0.36995275630785196
1.3589392566195848 0.6903617943755105 4147.458731925847 -0.0005890238540314523 0.667119238358967
1.555459189454309 0.6877352202240725 4307.0195665003275 0.00018901481713125254 0.7957235268904229
1.4720055392245177 0.6683696748831972 4379.6537775133165 0.0002734028425657369 0.5560551908589785
1.474549281788006 0.5766588412031752 4782.090645262422 -0.0002616892899047076 0.537871574067612
1.3588574212411921 0.6940494530572698 4525.3002078110685 0.000594905330673098 0.6651406817916411
1.3588574212411921 0.6940494530572698 4525.3002078110685 0.000594905330673098 0.6651406817916411
1.3001016996169037 0.6408492627153335 4192.978383990044 -0.0002111379068169325 0.3767015067291769
1.0279319575898018 0.7642197453633124 4552.227489728728 0.00023583723411301825 0.2869673915597838
1.6383862107860856 0.6658299219609081 4635.895849206895 0.0005458622067759611 0.7536307824219393
1.2839482957010575 0.675051197290737 4100.123834263922 5.866419765918244e-05 0.25130140235125176
1.3514571232081964 0.6593688630477438 4218.568569766043 -0.0005966958034210323 0.535141464496881
1.3514571232081964 0.6593688630477438 4218.568569766043 -0.0005966958034210323 0.535141464496881
1.0059036129644743 0.8138619367932393 4765.897679527472 0.0004480868554023767 0.2813482813429451
1.0059036129644743 0.8138619367932393 4765.897679527472 0.0004480868554023767 0.2813482813429451
1.023317406085549 0.8706951850424052 4269.027587444724 9.392872350742838e-05 0.40164961774096364
1.0646826878936606 0.733084207820272 4458.231354009254 -4.369724785188642e-05 0.21071816745263
1.075523963410125 0.8918654592259054 4765.224688789273 -0.0006060567157228791 0.38029953298904023
1.2406597891463746 0.9237839756510403 4395.102966792174 0.00020547153164913616 0.8172300661056457
1.3842884087311922 0.5949944725448449 4951.17808349742 0.00022044606692420021 0.5628957465470243
1.3089290632781077 0.8393515804069998 4043.223442372239 0.0004688861705023267 0.6290234110900101
1.1363604832352734 0.8515402542448836 4591.508655519499 7.319140303934685e-05 0.4889400231434703
1.1363604832352734 0.8515402542448836 4591.508655519499 7.319140303934685e-05 0.4889400231434703
1.4312984404784095 0.6315421163652183 4943.954182697359 -0.0008551434694466075 0.48677518830225586
1.5301712850249198 0.6392916149309411 4502.562509573296 0.00029235868843600514 0.5014392370634224
1.0845924143752739 0.8468975667253357 4427.547542813687 -0.0005104332117808482 0.2826731540484413
1.0845924143752739 0.8468975667253357 4427.547542813687 -0.0005104332117808482 0.2826731540484413
1.0392948883884077 0.8640992409825652 4110.17590550596 -0.00035304543222754484 0.32398690570741023
1.280356240272522 0.5731765627861023 4984.0378947258 -0.00016281336660864618 0.39372628927230835
1.084788980756029 0.9789767355527836 4811.053889211444 -0.00041245559438803634 0.4372032773500574
1.5088308131280237 0.6215834605561628 4433.421987230888 -0.0005255423289752658 0.4772879123660145
1.120091460657227 0.8663035566516089 4203.835318977046 -0.00013267704558656346 0.3451078065810469
1.120091460657227 0.8663035566516089 4203.835318977046 -0.00013267704558656346 0.3451078065810469
1.2133858755688292 0.74479527513921 4612.836525902448 0.00015754581295220543 0.27631224036458146
1.2133858755688292 0.74479527513921 4612.836525902448 0.00015754581295220543 0.27631224036458146
1.1496986286166697 0.7640299146769296 4152.079993568328 -0.00020842287561644834 0.5284217478542137
1.0616804577057213 0.862722124063751 4762.816785903086 -0.00024367806968239247 0.3713840378606225
1.1169124466236897 0.918556546706902 4746.828346831874 0.00019597314014763785 0.5693330109630343
1.0726765015845783 0.8962781857863071 4778.589688747461 0.00011578792155966928 0.3334947767607903
1.0232197145993138 0.8077690225639176 4591.22718300947 0.00039692840946922394 0.3098989752007133
1.0466944851861566 0.7964599372734519 4236.362184256995 0.00014967930451457336 0.3261929023130513
1.1637783121485015 0.9199311775068685 4351.211974138824 0.00016816231269877523 0.5330525746782323
1.1341661091123314 0.6677811934767639 4803.476698879935 0.0001867980474854855 0.16040897651882946
1.4246495333864049 0.6894783923389278 4328.444641763946 0.0003308376987350114 0.7451206837887494
1.4671415904133638 0.7130891707058123 4493.547541513571 0.00042716617681707984 0.8442717468518675
1.191093945841542 0.691471600582893 4133.179912033543 -0.0003223218171780049 0.2485421627198277
1.191093945841542 0.691471600582893 4133.179912033543 -0.0003223218171780049 0.2485421627198277
1.3774180368421058 0.6474974124889178 4978.74316630777 5.687490056299504e-06 0.4754940094034368
1.1551755176989666 0.9366546565410954 4296.273237081234 -0.0004912256399331353 0.7963042462925809
1.4011358090959711 0.6975135671590711 4270.769780539159 -0.0005275474019522672 0.9286228466893633
1.1366192697135715 0.8964891095233425 4661.679502313745 -0.0006331210935591348 0.39552086965097727
1.0925205317801758 0.7043447649182025 4095.791942260678 -0.00011765370137142564 0.18285117489323746
1.0925205317801758 0.7043447649182025 4095.791942260678 -0.00011765370137142564 0.18285117489323746
1.1335550499704723 0.7767317971234902 4594.944535976029 0.00019001207168562262 0.2853322742822349
1.3524090715241104 0.664769124867991 4080.5212240989695 0.00010587138258576604 0.3573285740903708
1.2922474340670462 0.6179957485706955 4906.554695536768 -0.0003807739381341318 0.503692509184462
1.2922474340670462 0.6179957485706955 4906.554695536768 -0.0003807739381341318 0.503692509184462
1.6669038083344603 0.6708824117850543 4229.26553759671 -0.0001543921826860915 0.6978781673248855
1.338939672465834 0.625214337777025 4310.31081938882 -0.00036905460386422767 0.43758003965103937
1.1691142717085021 0.8493925343291865 4183.67337054857 0.0001483390671366453 0.6175953908311859
1.3019544684191904 0.6830401254751925 4256.825813631072 0.00033826614967068805 0.41754631198520886
1.2427998421825812 0.5895667861558203 4823.296733096937 -4.636183556676947e-05 0.5302442445892673
1.4552163525999422 0.6369290128974854 4914.349524868162 0.00030973568888326765 0.4618509077912762
1.339001766594469 0.7537605763561577 4037.001366665232 0.0004539544946740079 0.5721740644141753
1.1461124715571935 0.7315741180459027 4568.961402634322 -0.00027792484261184795 0.18693866411527355
1.2442140776470543 0.579358247056365 4912.3505230555365 0.0002063920482385645 0.5228387276978472
1.0212548558627477 0.6085721112931703 4926.192773882747 -0.0008051054259155436 0.1788867428829737
1.4596752200369276 0.6584355738593233 4182.826935905244 -0.000311895395983082 0.5401144824966417
1.4795077731436759 0.6558083082819443 4537.862072153312 0.0004453719702894432 0.6526378123668339
1.4795077731436759 0.6558083082819443 4537.862072153312 0.0004453719702894432 0.6526378123668339
1.5840523673543663 0.6791263415180113 4635.23200289172 -6.116228537823352e-05 0.841718697511185
1.4763267826053985 0.6261323207776054 4308.761141115636 -2.834174155722275e-05 0.6168017994390467
1.4763267826053985 0.6261323207776054 4308.761141115636 -2.834174155722275e-05 0.6168017994390467
1.2970541845692667 0.6753482747618414 4879.573262662727 -8.481183994586247e-05 0.5627047735224344
1.2400808247858834 0.6547839025370239 4177.682288297653 0.0003149011373485677 0.6174370852354386
1.00295643372806 0.8108421791566097 4380.489902200869 0.0006352265791541151 0.32212151944957657
1.00295643372806 0.8108421791566097 4380.489902200869 0.0006352265791541151 0.32212151944957657
1.222733681430675 0.8374774308380862 4169.378268918873 0.00017467423222126572 0.46665649614752713
1.2557690110994177 0.5972712275718158 4879.624668898144 -0.00013109803170910538 0.48373396903076443
1.4282665489783901 0.6350586654205732 4456.903887598557 0.0002737807267802224 0.5429026618559301
1.6032221120951338 0.6924051045296853 4089.2548535120727 0.0003572931846065587 0.797546251539196
1.0682078810892799 0.6494865207528394 4894.513952581255 -0.0007340586756064233 0.18603463640232826
1.5750274454354223 0.6962252029901175 4379.482626024284 5.5754691452641795e-05 0.9575666546872776
1.3643308488949804 0.6423347096704821 4169.525889870854 -0.0002888771705630809 0.46963716824809565
1.5268044009397974 0.6021314127965038 4270.393859859497 0.0001880229593346385 0.40854701143606076
1.1296119611438447 0.6342726100561364 4779.8903567867 0.00013645604111679407 0.18441468444622716
1.235710991239233 0.8851777096587415 4295.570939287396 -0.0004504952880105023 0.9628767988097913
1.488002952140363 0.5998812238376938 4526.686255452899 -0.0002500570886629127 0.5029927587375296
1.2910225712331846 0.8035655119260966 4279.527833903484 0.000568072854631627 0.44484676380146654
1.4152206746902016 0.6165071410399874 4988.13309588394 -4.8057735547535556e-05 0.46689837331286715
1.1982553854098876 0.9467452317078756 4275.033022388963 0.0003729550094468879 0.5485806169896734
1.1982553854098876 0.9467452317078756 4275.033022388963 0.0003729550094468879 0.5485806169896734
1.2278865469157294 0.6939260492273625 4336.948992279225 0.000418076456310652 0.5501794096661947
0.993724704522021 0.7524459514662889 4921.363386230347 0.0003926644164633327 0.20879518184236096
0.9444500232659202 0.6621613764868683 4056.948005005947 0.0005982935225092467 0.1914920408095666
0.9444500232659202 0.6621613764868683 4056.948005005947 0.0005982935225092467 0.1914920408095666
1.0803090144307204 0.7357425742730341 4257.226404962626 0.0005379706444848816 0.2651311514932669
1.296985811356503 0.6489834414492742 4970.283933759486 7.813824596731182e-05 0.5302836303505103
1.1091282605118287 0.8638326470874748 4661.457933936027 -8.143980837770045e-05 0.3808336425715212
1.028297601739962 0.7000880225761067 4451.860096490895 0.0004814038373711686 0.21077630150659668
1.2543724925482447 0.8293995327422452 4552.136287328482 -0.0005529075014922323 0.646549185503057
1.2543724925482447 0.8293995327422452 4552.136287328482 -0.0005529075014922323 0.646549185503057
1.2058163016512526 0.8446556211851435 4441.89284756072 -0.0007156382908565993 0.9229770590471298
1.231642772618578 0.7093851909292486 4620.180102123283 0.00016582909981444923 0.6774373159914304
1.2225477695465088 0.9717629551887512 4983.18478167057 -0.00047640744966361925 0.6751503348350525
1.1637608082486555 0.8571207103706393 4533.111611512254 0.0011231785432648449 0.5612574190018644
1.0643751337549665 0.7031282412321418 4157.656845211165 -0.00021140891722159336 0.21661940343732466
1.0643751337549665 0.7031282412321418 4157.656845211165 -0.00021140891722159336 0.21661940343732466
1.1788679629559624 0.9310887415772369 4941.383232007618 8.076363218392768e-05 0.7036157143890784
1.1788679629559624 0.9310887415772369 4941.383232007618 8.076363218392768e-05 0.7036157143890784
0.9918433937630348 0.7275467226283366 4470.325112241638 6.89151296661418e-05 0.2451595332542828
0.9918433937630348 0.7275467226283366 4470.325112241638 6.89151296661418e-05 0.2451595332542828
1.2672780779721238 0.7167706800774103 4647.068513139386 0.0002756062416038625 0.4097396793055408
0.9940255524743433 0.6950015682925881 4526.854973970455 0.00012059857626258229 0.17144898821367457
1.4481270247109177 0.648315734301023 4646.160068172403 -5.792897925202487e-05 0.6050414119560144
1.099876754860465 0.9982396539974884 4674.805824293526 0.0002526157273477031 0.36102343409603455
1.0043279045916957 0.7015997137396258 4252.670135310976 -0.00023518823934451618 0.22010388873680617
1.3893990158383955 0.7235418788083455 4355.1332346332 -1.6325478248042755e-05 0.9957484694797674
1.3078760294381648 0.5967920540477334 4926.346236929092 0.00023060615233038266 0.3426447528957294
1.3804612090838297 0.5809047336572339 4544.581233594875 -0.00032998051463042737 0.5494950784378536
1.4387156380681345 0.6561555935779323 4588.847692232317 0.0004741050050334763 0.535391021873385
1.0871901193752445 0.7957508254483074 4898.103369214188 -0.0001133607266140914 0.3595212850000302
1.436351210653052 0.6936654273654164 3981.645354862876 0.0002906357088716405 0.847482052413087
1.4246356115889642 0.5956460961949239 4162.020535105146 -0.00020874266069202836 0.41476409621418026
1.212993818646137 0.6278630783694912 4530.710291456141 -1.4726731017508924e-05 0.36888812752766087
1.013161237404808 0.6265516089718386 4824.388451973478 0.0008259451491160508 0.19108885723891023
1.0916907276045749 0.8168331180307347 4840.066218479361 0.00029139057606663346 0.37692093409756033
1.294106594170073 0.6807032902016019 4606.15651500528 0.00020545149870761207 0.423874177116726
0.9371027441749437 0.7406574960312692 4837.946892655319 -0.00022029855246597166 0.26397494054714793
1.1899878020769739 0.9112387121568364 4780.729559181438 0.00038633847877544584 0.6109245962824044
1.1218565932806877 0.9662167523334904 4860.508780911665 -0.0004791586007860575 0.5282164472746202
1.0988333105006431 0.9518382758673594 3965.4504782505214 0.0002578685569488396 0.3864330680215339
1.1026485211202555 0.8813986768497 4524.0914782571 0.0002693621215015685 0.4561640957736419
1.1026485211202555 0.8813986768497 4524.0914782571 0.0002693621215015685 0.4561640957736419
1.1883339675440994 0.6759498545790883 4581.510983519895 0.0005569180806719588 0.24509060238652702
1.1876143892306756 0.776331548950766 4378.304678085723 -1.774584080999113e-05 0.4210527096994923
1.1876143892306756 0.776331548950766 4378.304678085723 -1.774584080999113e-05 0.4210527096994923
1.202933157745033 0.6740636128502622 4450.127706166514 -9.113213561319913e-05 0.21836130190688585
1.570272022016514 0.7143710950330793 4023.671787125794 -0.00019835998462376862 0.9205464263119572
1.570272022016514 0.7143710950330793 4023.671787125794 -0.00019835998462376862 0.9205464263119572
1.561549248989833 0.7163053054914661 3985.9678643956554 7.392340595648214e-05 0.8855603884951655
1.561549248989833 0.7163053054914661 3985.9678643956554 7.392340595648214e-05 0.8855603884951655
1.2675833615098422 0.8730774967451504 4682.790045775678 -0.00015345604944762427 0.8046032464855575
1.3023183354474006 0.6589150433991047 4147.3934371917885 -0.00014762653633343273 0.6065239492506556
1.3023183354474006 0.6589150433991047 4147.3934371917885 -0.00014762653633343273 0.6065239492506556
1.3569202872913526 0.6125901824475888 4300.825409222897 -0.00011437645826552187 0.39367994619443797
1.0969583437728108 0.8886331461638125 4406.172131344465 0.0001593285035073083 0.3933442451417954
1.3833493576118139 0.6240800874224752 4470.07567992165 0.00044868422578913877 0.5169686049490501
0.9972590948302464 0.9445091975668588 4912.024445497198 0.00026658357356292077 0.41986868129286187
1.1175610303878785 0.9065569713711739 4173.360805213451 7.218774467358754e-05 0.4914683699607849
1.1175610303878785 0.9065569713711739 4173.360805213451 7.218774467358754e-05 0.4914683699607849
1.4217049780887563 0.7264159921861851 4662.989941968429 0.0003682744594745054 0.9266760288168221
1.3678228742292888 0.7754816830696676 4445.2927622706375 -2.4413512954070087e-05 0.8703777327385457
1.2756577859215508 0.620950518196337 4490.542759947382 -0.00010543740425541339 0.3230981331101399
1.1722184306783294 0.954378491120528 4799.163931944362 -0.00023397068077511769 0.5956576871787058
1.1722184306783294 0.954378491120528 4799.163931944362 -0.00023397068077511769 0.5956576871787058
1.0819562745494706 0.7295932499207091 4110.894022435 0.0005046764968943588 0.26223821122134733
1.4097930109578583 0.6311112010093853 4308.232892276806 -0.00048029119802048075 0.47969946793385765
1.5282252381709087 0.6649181488774236 4674.65999937106 0.00019629428389639312 0.782684349764051
1.5282252381709087 0.6649181488774236 4674.65999937106 0.00019629428389639312 0.782684349764051
1.266960418354026 0.6480676029199479 4875.090636372276 -0.00040754388701947584 0.37235787191289865
1.111325236238652 0.6789911572373384 4604.858679719425 0.0003401757405720537 0.18662087104670919
1.3686722308533301 0.6381697477797136 4138.586928519879 0.00016453850391562832 0.6401015047947427
1.3686722308533301 0.6381697477797136 4138.586928519879 0.00016453850391562832 0.6401015047947427
1.5314053639871048 0.6484375589152269 4939.758829232854 0.0005848485000985327 0.6955153391531059
1.3482292315063655 0.7188254518627186 4103.215242138959 -9.840215656839627e-05 0.8546444232736494
1.3999703948842548 0.6583756793396152 4558.647948965745 -3.4189901884171504e-06 0.5844809966310127
1.2825216770977266 0.7895546987842401 4306.194044051976 -8.103442267983805e-05 0.3750662278907378
1.359539134858431 0.6141950204100777 4712.825979173154 0.0005499184586693483 0.6005239496960811
1.189603765226833 0.6721114355079449 4767.271200898273 0.0005003172959324248 0.26535041825805805
1.284923004716615 0.5980473601146286 4814.944395394104 0.00020733595315333329 0.310204824486521
1.206087885494321 0.8542422407996251 4043.8351458064353 2.926189286845386e-05 0.42254622842953404
1.347840568790766 0.8571667091554253 4105.783863798041 6.474774814842939e-05 0.6945084181738692
1.1860161962429 0.7676116799756852 4629.479664983688 0.0005071989511650665 0.49193351474749086
1.5930119595300463 0.6818825696549501 4266.066774533664 -0.00013710561857394908 0.7453986523560592
1.0621612742291084 0.8454030512695025 4452.708933405747 -0.0003911274836740663 0.38069181993697354
1.096653092575645 0.8933556755850811 4620.807356085061 -1.393436788677503e-05 0.4426504252047334
1.096653092575645 0.8933556755850811 4620.807356085061 -1.393436788677503e-05 0.4426504252047334
1.5020104951468563 0.606749617495395 4775.220207247155 -0.00015018185323961876 0.5160093326160978
1.372888024215639 0.6091535460959092 4450.866701076003 0.0005920600805825885 0.490420414472368
1.2904224286698356 0.6903278733244224 4718.3037203344675 0.0004827312112232132 0.6143641727794708
1.0285455697715133 0.6764948080694146 4705.331835871515 0.00039494882968565834 0.1735212659200574
1.0285455697715133 0.6764948080694146 4705.331835871515 0.00039494882968565834 0.1735212659200574
1.1439115497508106 0.6618973692332706 4201.949011612287 -0.0003381447371924281 0.19831841175123735
1.2823872257959623 0.6844564692976328 4606.698541374552 9.321865250982948e-05 0.4934979531586884
1.136638611745099 0.7880042862636846 4610.064478765053 -0.00014228880746814277 0.28468601188102327
1.0888118291300377 0.887096040379493 4832.985086292685 0.000483098020180218 0.4731790490722202
1.0888118291300377 0.887096040379493 4832.985086292685 0.000483098020180218 0.4731790490722202
1.135940240916479 0.8260423194203459 4518.459011926108 -0.0002100923896151733 0.42372022642812535
1.135940240916479 0.8260423194203459 4518.459011926108 -0.0002100923896151733 0.42372022642812535
1.259500227340563 0.7690971924766284 4260.451011577407 -0.00023853207848334597 0.7854628656134459
1.2208107002241773 0.9657537707573481 4970.52573468495 -0.0011570185316021376 0.7903173664541128
1.4564618628081554 0.6695156659850805 4828.509077397745 -7.622214745435799e-05 0.5875625338052441
1.0717955747980557 0.6264518696366623 4994.437700081007 -0.00020816028074579959 0.2169764791193237
1.193733491192875 0.839848276674712 4472.180729080936 -0.0003537519621367237 0.3042352068966828
1.4894338031121426 0.6412189465913684 4651.380851162645 -0.00041107159144813406 0.601001402670265
1.215588846114168 0.9544928756387704 4592.306360670748 -0.0008884296123984463 0.600440107647437
1.265493155708401 0.730253594359335 4834.365797444371 -1.0336521232545122e-05 0.8043097855531508
1.1429276293707433 0.9328618316847624 4798.175033069769 -0.00013034701131791585 0.3859182237069823
0.9427397186798285 0.6568742201390032 4872.7582905382815 0.00042903985149733774 0.20892110606872763
1.3592900582581016 0.6512584363262344 4714.522034649484 0.0002859029961578524 0.6492837684872457
1.15847535355853 0.6183449582041896 4896.715106259621 -0.0001173977127264393 0.22005979313195131
1.0200082133967816 0.8739967938430364 4824.752944243481 0.0003563191612310183 0.34904548037271566
1.1919001765548016 0.6597985836519358 4721.323601789785 0.0005082232688217289 0.35983730687096954
1.1919001765548016 0.6597985836519358 4721.323601789785 0.0005082232688217289 0.35983730687096954
1.1739358942737013 0.65763903509802 4560.801823411144 0.0004924203472714965 0.22252632572643927
1.152231724572028 0.902766734130403 4621.591645140096 -0.00024118943177053992 0.331922696849852
1.152231724572028 0.902766734130403 4621.591645140096 -0.00024118943177053992 0.331922696849852
1.2717353709205905 0.6983672527383471 4323.225753505358 0.0002304595722342993 0.30420912505977427
1.1609209898917405 0.9018435043619673 4486.245277132076 -4.2436395293618856e-06 0.4463920244157198
1.364961778971714 0.6495116310843947 4587.678656287764 0.0007438903366339526 0.5930188039852964
1.2913982318786985 0.7203472233893723 3965.174513848523 -0.00043519435730818485 0.4809813183341072
1.230645496181445 0.665554010775882 4423.537069419877 0.0007596123130689897 0.5699280728080119
1.5562507996114716 0.6572844044454476 4635.217949187606 -0.00019280845045201934 0.7200659006803118
1.427418760771402 0.7364128043613968 4090.2062098424226 4.3680928082610304e-05 0.6126556509951049
1.3230469226837158 0.8803992047905922 4304.1136456131935 -1.9836127769689907e-05 0.8546505570411682
1.2528968899144728 0.8339990321400101 4118.066256353898 0.0004618396483920711 0.7918462570646105
1.3451186902089107 0.7206055545651634 4828.426802433619 0.0002457058097250103 0.8191626776884015
1.051416515003773 0.7881704794704043 4652.6585008623515 0.0002836696683261004 0.2356191944527019
1.051416515003773 0.7881704794704043 4652.6585008623515 0.0002836696683261004 0.2356191944527019
0.9744235535280854 0.7409019479413103 4602.887247075247 -3.164999342001964e-05 0.2021754036057272
0.9744235535280854 0.7409019479413103 4602.887247075247 -3.164999342001964e-05 0.2021754036057272
1.0530962610923087 0.7271522068933076 4281.310011492122 0.0001344017102497166 0.21194791350590203
1.5473684926064926 0.6799746336320043 4307.990864755206 0.0002412224338100202 0.6780851064668147
1.3327273811583735 0.5726433255877132 4681.133657845708 -0.0005069400857528904 0.5062343346762801
1.3327273811583735 0.5726433255877132 4681.133657845708 -0.0005069400857528904 0.5062343346762801
1.5452745767607667 0.6325307210791709 4607.734785987738 -0.0002972874344116299 0.6375445704532714
1.0603897394295874 0.9030175284659341 4965.657203640579 1.1994815676061178e-06 0.3534451576775868
1.0059047859675985 0.8739205906323319 4438.29585293525 -0.00028879569307107346 0.37351626407023736
1.3269936581110084 0.7234080275601994 4868.526475683376 0.0007008309678834178 0.7940000680232099
1.272111032399724 0.7886780546426676 4248.801131384733 -0.0003549758418069711 0.8895705284411843
1.0258766436051456 0.9329055673674053 4463.785282141157 -1.1442511838368667e-05 0.4231616902543674
1.1874196148730451 0.722294407849746 4755.241559910109 8.398886868791939e-05 0.285356012980716
1.1874196148730451 0.722294407849746 4755.241559910109 8.398886868791939e-05 0.285356012980716
1.358093162613691 0.6045970661846288 4182.591461413021 -7.140559758564343e-05 0.46533758038579504
1.1262515107793756 0.6875147975110275 4855.978246719113 0.00013830349555930414 0.21155421699759785
1.264805240964904 0.6516868618000666 4298.796255499364 -0.0006292733123087578 0.5234252555170524
1.203644993423587 0.8736377003463254 4723.1997652976 4.4922560069332194e-06 0.6573699652304996
1.4172847372724173 0.6330336456908594 4519.0261651259525 -0.0003306990946846015 0.676379680858844
1.2605609760684697 0.8652090657824815 4348.893815452325 -0.0007946079724246777 0.8779830593374993
1.360666292568616 0.7074597758604212 4396.386880122561 -2.9137042032817208e-05 0.9299715395339105
1.3004988899618637 0.5872052023246512 4453.252788366135 0.0004893006820530086 0.44462383778024395
1.052397278030412 0.8241416156434811 4940.6555308789575 0.00010652447599619058 0.3502346078224292
1.202007003337949 0.7472018200245243 4771.207265664318 -0.0009861122889033938 0.3026386418423226
1.2302354721190185 0.6255710339457576 4666.169092860963 0.00023954412243284954 0.5170163390701723
1.0901268904988708 0.8066991127758466 3992.7942294485897 4.442392498160401e-05 0.3332073526141532
1.2361886262893678 0.6792579293251038 4363.237182319164 0.00012636207199603468 0.34984326362609863
0.9920536790459178 0.7741701954898614 4510.828759027491 0.00011031472615225816 0.2668926230622235
1.307316031274981 0.6086327663405341 4736.50734916613 0.00015094386449701966 0.5768257392315537
1.1087533496043906 0.8332942987983905 4328.171811606849 -0.000740409575369175 0.31199051682961576
1.1087533496043906 0.8332942987983905 4328.171811606849 -0.000740409575369175 0.31199051682961576
1.1831423977109958 0.7175966569167309 4668.319350843333 0.00011315253836710349 0.2929526731798154
1.4927565778100282 0.656628468948535 4035.26770397392 0.000392267017808575 0.6272058805184575
1.0321091528865518 0.6650401831249054 4704.222211086358 0.00011153434772995532 0.21905427873397748
1.4388572442459369 0.6239612694296086 4618.213087212585 0.0005112951306726337 0.6219009715760608
1.357330419289909 0.6341542383741485 4691.133233119142 -0.00022942423419264988 0.6460083433613715
1.3151192693585787 0.7000381589876843 4246.762873544015 0.0001009959183361571 0.9305423441238139
1.4495083250964864 0.5901369788215398 4932.440347197601 -0.00014234963760052598 0.5549122417081827
1.4495083250964864 0.5901369788215398 4932.440347197601 -0.00014234963760052598 0.5549122417081827
1.2093313965527157 0.6528257623446487 4316.719004773622 -8.91826974030215e-06 0.25222267247281277
1.4672441054495577 0.6241314043590391 4727.014676559387 -0.000221318030526423 0.6261126452031986
1.203044856413983 0.7404926513210749 4260.605599281892 0.0004353646005963954 0.37101641420158793
1.203044856413983 0.7404926513210749 4260.605599281892 0.0004353646005963954 0.37101641420158793
1.3254669739985654 0.7259431562785453 4453.805832110572 0.0005238201788391552 0.7735746725843502
0.9972947389113735 0.7413706883073297 4257.811760296874 0.00025777507915681984 0.24845250508316222
1.2771530991253381 0.6531511976040297 4176.235882893456 -5.16745273216155e-05 0.45476206065912117
1.3992411051934612 0.6622198830332611 4795.165781501294 0.00035386849657161984 0.5210524545931119
1.3501552767609257 0.5518774066138497 4816.760594593128 -0.0002770486045481514 0.47087504049831774
1.4368493842568686 0.5623063622692932 4522.093794495721 -0.00048616802609228354 0.47790768881220425
1.4368493842568686 0.5623063622692932 4522.093794495721 -0.00048616802609228354 0.47790768881220425
1.4195171290886637 0.6251751711721089 4792.279544178012 0.0001234940755641843 0.6386793033540756
1.4195171290886637 0.6251751711721089 4792.279544178012 0.0001234940755641843 0.6386793033540756
1.4562745102353762 0.6558916713214543 4528.777618743313 0.00035843847969319726 0.6772631432210297
1.4852907084509486 0.6600792408189936 4201.263692368056 0.0007965006725319912 0.6070333522032008
1.5071542237173343 0.6546190153224528 4408.158746291201 0.00046916361337171115 0.5683809775869615
1.5071542237173343 0.6546190153224528 4408.158746291201 0.00046916361337171115 0.5683809775869615
1.0825063409112394 0.9782043165056594 4882.27442534533 -0.00014456084336684802 0.3175396336453131
1.4353506825162938 0.6327142066272575 4037.6096578093525 -0.0004371688782115082 0.5519083701466581
1.146574635279999 0.6880030557231931 4230.65896064645 0.0002611342961497379 0.20257731038032437
1.425624622324439 0.6382016752432969 4610.6590498693 0.00027402981776810395 0.549176640584677
1.482171089742586 0.6742380628200747 4257.314035977031 1.6343809976482867e-05 0.7718552968893935
1.1095227150736502 0.5805311265643088 4955.865570232681 -0.0003403163666309066 0.19090550445940338
1.2484486528910663 0.900236774440483 4671.074947107092 4.4658999301662827e-05 0.6547106053983447
1.0063076680314946 0.7328066691575175 4635.197997060182 -0.0006585002876532996 0.19886835704950878
1.0063076680314946 0.7328066691575175 4635.197997060182 -0.0006585002876532996 0.19886835704950878
0.9872930329008797 0.6452444936968871 4663.380978206165 7.356924641666789e-05 0.214382817724225
1.4958453455900969 0.6126860474241134 4192.551623763332 -0.00011876746467323791 0.5300782955644269
1.2877312280054736 0.7097588084943623 4903.136426654283 0.00020619989333914277 0.550593005038216
1.2463605399803395 0.5886844125498398 4797.0301136448525 -0.0004734968270386885 0.3711784944199902
1.375662570875768 0.6046509091430619 4949.629195013309 0.0006227294587323311 0.5887734932213446
1.2109262828209664 0.9534280410817779 4634.270738863075 7.724902199356422e-05 0.6270729429048663
1.4207546956949364 0.6102846350448636 4835.758594867158 -0.0001315735953125929 0.49308094903521776
1.3054425641267535 0.7311964194625713 3992.7161674209033 0.0003440397467224599 0.41628385227901216
1.1287951674800034 0.8434341041024207 4862.557003256014 -0.0003311281294303485 0.41855341769244564
1.1287951674800034 0.8434341041024207 4862.557003256014 -0.0003311281294303485 0.41855341769244564
1.0572401337639918 0.6396825983613855 4986.915302287477 -0.00032747856252695657 0.20743632272570084
1.2450589077557388 0.6899900003377529 4206.875361594051 7.830397527494361e-05 0.30601096431925
1.2450589077557388 0.6899900003377529 4206.875361594051 7.830397527494361e-05 0.30601096431925
1.4487956738728234 0.6716929646814398 4973.877675037872 0.0003624270923888511 0.5773076883255985
1.3388375052875485 0.7451350295255047 4587.217795759029 -4.129733647527468e-05 0.9776285172888058
1.303702150555007 0.7580793678733769 4649.903241898615 7.005715855141092e-05 0.6141818680743443
1.303702150555007 0.7580793678733769 4649.903241898615 7.005715855141092e-05 0.6141818680743443
1.1916397508259824 0.6024253752548883 4947.407362277975 0.0002025802146452464 0.2565037409410999
1.1124719393026032 0.8372112701445081 3926.828636059728 0.0006990512067413581 0.30047946601595876
1.4072146733087862 0.7158169540697942 3946.2644229750767 0.0001926063078048816 0.855574438791032
1.307801662808842 0.6367190449412714 4368.069120766231 0.0004970621416431764 0.42034696740529126
1.5710588661579532 0.690585395723137 4960.63348833474 -0.0005116818458653491 0.9336222882541312
1.273427128791809 0.7812387868762016 4327.01296466589 4.1210081662711134e-06 0.8662096858024597
1.4097264074108407 0.6107000823594132 4295.058379167499 0.0005427438088647505 0.5505311303695613
1.161220449335809 0.9114245797593785 4601.869722782098 -0.0004703320178127029 0.7949537578875945
1.1799340271734193 0.6428045096250777 4275.393488784572 -0.00014475514410864864 0.19955248658912303
1.207017303621127 0.8149406441601215 4699.831338767803 -0.00039748644086866374 0.49885194429931634
1.130030563402986 0.8295932067099172 4639.387722541429 -0.0004910249454860118 0.3820792648438685
1.447899705466477 0.5640548585029195 4459.450977522662 -0.00044044990714693546 0.3978219237578975
1.1720049913120818 0.9503512952822694 4024.7093192695233 -5.467141717505973e-05 0.36500235478617993
1.1720049913120818 0.9503512952822694 4024.7093192695233 -5.467141717505973e-05 0.36500235478617993
1.0656959038768523 0.7874231535902048 4382.566707541235 0.00017171110939212213 0.2499945703973218
1.0719606659831464 0.8939073697336233 4427.3086384748 0.000334422036406003 0.4281664085060543
1.2688250375339396 0.6690596266351743 4588.286515169787 -0.0002931521824509638 0.5894090340867864
1.0987805814784728 0.8924355690833911 4544.36941360082 0.0003990317681986635 0.5202879772391664
1.0987805814784728 0.8924355690833911 4544.36941360082 0.0003990317681986635 0.5202879772391664
1.483294788194587 0.7256906706105046 4560.735628470726 0.00035960373152714084 0.9305757637879424
1.1806649093627586 0.8494558215163365 4678.282266132349 6.673222086207808e-05 0.7344337521652335
1.2160665139610618 0.842252344703289 4558.702735356302 -0.0008946015390411925 0.5833904652651709
1.4673386267144983 0.7095277854356251 4487.155395258372 0.0003555366355589143 0.8663553414892222
1.0835372548601088 0.7995744180243708 4590.200140983456 -0.0006819535286370546 0.23680099275580757
1.0835372548601088 0.7995744180243708 4590.200140983456 -0.0006819535286370546 0.23680099275580757
1.1792389927521234 0.9521530577987871 4408.653437527691 -7.816642235240923e-05 0.4844096013270004
1.1792389927521234 0.9521530577987871 4408.653437527691 -7.816642235240923e-05 0.4844096013270004
1.031158966089635 0.844165693793858 4475.681677088608 0.0006012115607470519 0.348041122793781
1.031158966089635 0.844165693793858 4475.681677088608 0.0006012115607470519 0.348041122793781
1.1763144252124011 0.7618464993263383 4463.306859702811 0.00027968167046265755 0.504398453594854
1.264320009870196 0.8569789913627657 4234.078581708204 0.000497820049449423 0.353792806139204
1.2141970262384965 0.7434113652898111 4199.3493983855515 0.00011359048326396113 0.19205871906414734
1.2141970262384965 0.7434113652898111 4199.3493983855515 0.00011359048326396113 0.19205871906414734
1.3255092911635822 0.636059640533975 4290.880600497894 9.142636365053456e-05 0.585931441899801
1.142306301511718 0.9757581000964627 4625.9907435977475 -0.0005882430124152819 0.910121454496726
1.286393867206386 0.6945418830741882 4281.348922136655 -9.4505332648258e-05 0.3396246558261593
1.286393867206386 0.6945418830741882 4281.348922136655 -9.4505332648258e-05 0.3396246558261593
0.9941182123119038 0.8375503152921095 4489.483638097574 0.00017454356999130655 0.38564972842698764
1.349463585631962 0.6878358311102772 4522.907071554738 -0.0008420187328117645 0.5962154360140861
1.478259109365017 0.657649432280568 4664.736523783309 -0.0006464896941996837 0.586093368307508
1.478259109365017 0.657649432280568 4664.736523783309 -0.0006464896941996837 0.586093368307508
1.1032264930674571 0.6222005262708847 4883.974638048431 -0.0003028812157430278 0.1997031427472525
1.438852316509246 0.6450217570620866 4244.867616093867 -0.0006028610868857515 0.5799334301493487
1.0265687568583906 0.9419676910824235 4937.466339762746 -0.00016046129347559366 0.3206946633728804
1.1228501804964002 0.9152006222136989 4084.9934254455716 -0.0002261073246216439 0.39602001012601273
1.099847867451183 0.826618176512775 4606.614438115838 0.0002187289554452 0.29139981472361054
1.1619189261381808 0.9195830112118263 4924.369571463438 -3.545760230159688e-06 0.611142605081915
1.227214993239656 0.6928473371905624 4620.79316488643 -0.0004821731333374059 0.514918772575514
1.330023044830618 0.6504361956793926 4521.468583819881 0.00038419898729492164 0.6502227510438399
1.330023044830618 0.6504361956793926 4521.468583819881 0.00038419898729492164 0.6502227510438399
1.3581604927605575 0.6981904248967767 4648.340874447858 0.00011469897512679884 0.7028783609802889
1.3881178063845057 0.6285700476967674 4621.839611985162 -0.0003613364973114648 0.5870063185636539
1.1848294066603242 0.723472640654232 4332.707020779176 -0.00013425956099325393 0.26477203457846504
1.1848294066603242 0.723472640654232 4332.707020779176 -0.00013425956099325393 0.26477203457846504
1.1598652755087375 0.9977608775299633 4572.45291243759 0.00035526930427345904 0.491885308425372
1.1598652755087375 0.9977608775299633 4572.45291243759 0.00035526930427345904 0.491885308425372
1.2586301149854822 0.9643807814191685 4095.22795038883 0.00021942197061837034 0.65809210838253
1.2224418883377832 0.6027494912731512 4728.836034071926 0.0006746106550955114 0.3362550983635224
1.2224418883377832 0.6027494912731512 4728.836034071926 0.0006746106550955114 0.3362550983635224
1.2131948259410494 0.720735977850522 4498.935350159224 0.0013791789095417473 0.4505372459174084
1.0492489408150953 0.928510017573786 4815.235450370996 0.0006888322393239982 0.31971790963648167
1.0492489408150953 0.928510017573786 4815.235450370996 0.0006888322393239982 0.31971790963648167
1.1108185452881032 0.6205342284847657 4869.912737140534 -0.00041665814702846246 0.21846181330765665
1.5303700971145506 0.7143045805142733 4831.78966753711 0.0003586527403106393 0.7972321085902893
1.137895305457649 0.736041038758388 4046.3482365543655 -0.0006527519092167879 0.27506069328099353
1.1597323400883197 0.8154827356969925 4905.453497742134 8.541268363447249e-05 0.4539284336914974
1.1291983245666648 0.836337696617347 3955.3242702980315 0.00015485124352517497 0.2842015076285298
1.1291983245666648 0.836337696617347 3955.3242702980315 0.00015485124352517497 0.2842015076285298
1.2699545625045068 0.7672793969270237 4607.527503926244 -0.00023557311405887727 0.29909575992733595
1.1126066545018136 0.7467050896803401 4808.67240771025 0.0002982853718900581 0.32049526258668193
1.1342254766947413 0.9166721464048337 4699.557417649126 -0.0004520567147135247 0.5045642958115357
1.1342254766947413 0.9166721464048337 4699.557417649126 -0.0004520567147135247 0.5045642958115357
0.9699357104889926 0.6412114837124986 4905.622886048809 -0.00031275085929394203 0.17791709256381158
1.0896906632961922 0.687171767085846 4204.111088875736 -0.0006815698398194452 0.18086735607959228
0.9536553881105906 0.7735775927705331 4988.167516672946 0.00011749100244890412 0.2298035499170044
1.1334692923802536 0.9729744805996922 4651.578191180876 -0.00012486633787626397 0.3857573837570721
1.1334692923802536 0.9729744805996922 4651.578191180876 -0.00012486633787626397 0.3857573837570721
1.160528405564768 0.6618121996701044 4597.644203172677 -2.385167071928949e-06 0.21071613549790627
1.5916750838978027 0.7201938757357593 4344.933823756583 0.00018443777917814445 0.8266214749578188
1.5916750838978027 0.7201938757357593 4344.933823756583 0.00018443777917814445 0.8266214749578188
1.2781189058596483 0.8230661973558602 4603.006625143451 -3.3622455618200094e-05 0.3607570038856462
1.1791408336236244 0.8786793202896486 4738.875021683928 -0.0011522206748921801 0.5491395317397848
1.1791408336236244 0.8786793202896486 4738.875021683928 -0.0011522206748921801 0.5491395317397848
1.2112119562885901 0.9059210535110236 4035.934555352148 -0.0002232564457174084 0.6703218625020527
1.0641802993362983 0.656090046736541 4644.9577352573 -0.00041021816608135186 0.21225513254190148
1.3385787095879307 0.6371836720653296 4186.697456439682 0.0002963350645457362 0.497995706118234
1.1778502345215696 0.8259959476894597 4877.0793463045875 0.00019411892252450683 0.2785753263263195
1.4073339914259746 0.638028492959879 4352.4925399781205 0.00010483824947105245 0.5431448342081502
1.4073339914259746 0.638028492959879 4352.4925399781205 0.00010483824947105245 0.5431448342081502
1.2420335856406806 0.7677607146033405 4731.123293998492 5.318520185854885e-05 0.6516760803285351
1.127804295402771 0.7991477714143173 4513.396002086984 -0.00010296411796957397 0.4072885385301114
1.094290288732937 0.7017750696530166 4467.227331402713 0.0001306726686749068 0.24232786328424666
1.478336914397742 0.7025296391456464 4089.0247068746185 -0.00022076217777738483 0.8755386859097821
1.478336914397742 0.7025296391456464 4089.0247068746185 -0.00022076217777738483 0.8755386859097821
0.964925251453064 0.7614662056054012 4358.384583917402 -0.00030488304410748556 0.2344372548736537
1.4753698436428504 0.6033381230763659 4710.323878933984 0.00020082406333917145 0.4657365431833905
1.01342733547353 0.7861201963986324 4806.325380931069 -0.0005900907618606571 0.28262686642725177
1.2738400796800078 0.9799294573595159 4024.9239859262098 -0.00010910316854007991 0.7662588313180068
1.0284333266116816 0.748901717888622 4820.949929337813 -0.0001139272217772851 0.2792979924717845
1.1056582395013284 0.6240074154675475 4932.613271920262 0.000712716061179789 0.21992596411128668
1.3912103453648674 0.7270221183957102 4916.1267959551 0.0003717745402330652 0.9991152635427998
1.2579832678057719 0.6653038741058017 4819.779394291977 -0.00036017210720249517 0.5888610750984877
0.8873565649158035 0.658527115161879 4936.403372001151 5.433174717530714e-05 0.19324541698755965
1.2043695592157584 0.6501480211594954 4537.094361043966 -6.276573035421492e-05 0.19373411329531348
1.0632613096396943 0.6861749991417027 4502.8112149201825 -0.0001681828145109245 0.18454757094751936
1.2920698270929154 0.7285989290948482 4173.102922001732 0.00028323117319436645 0.880869727738474
1.2920698270929154 0.7285989290948482 4173.102922001732 0.00028323117319436645 0.880869727738474
1.239300164560667 0.6579748822564627 4077.6217371086454 6.256031784862161e-06 0.3346556164618171
1.239300164560667 0.6579748822564627 4077.6217371086454 6.256031784862161e-06 0.3346556164618171
1.4641400159522986 0.5881373009751422 4698.50700716345 -7.115986141226227e-05 0.5072057369615177
1.2881663022643228 0.8423240160488219 4030.0248588132417 6.079219277018472e-05 0.6306941071535643
1.2881412150711353 0.6231188584440694 4403.588045554488 0.00016610863041427066 0.4783590454889982
1.1595184891032493 0.6521666680133266 4812.531232272235 0.0003693588182560867 0.28697571108279724
1.145453833175671 0.8832720924641106 4012.563703168074 0.00022744408478670737 0.5059971965667266
1.0539810094351667 0.7647844124529785 4565.194479355859 -0.0004320452644274293 0.22955208425627527
1.0539810094351667 0.7647844124529785 4565.194479355859 -0.0004320452644274293 0.22955208425627527
1.3092227798925973 0.6576295533320422 4683.650237794181 0.00021478705132522215 0.5775529496233079
1.3489608262772694 0.6894459946835554 4788.398801769651 -0.00044038365891460124 0.9075857437647095
1.2267487401315702 0.6463992880380817 4368.071081381076 -0.0011501288510071257 0.27520638182265234
1.1368582631192035 0.9609299644189319 4510.075879891395 0.00031188912741760135 0.4441427524664673
1.159736723116467 0.6589800350696045 4814.939232452187 -0.0007692655945687655 0.2301096678396931
1.271258271933497 0.6995879180548682 4103.686440527361 0.0007169698824428779 0.6393993883887333
1.512239662206242 0.6097033657284257 4796.233053907319 -0.0002698349587782782 0.45579993773187644
1.331819851274365 0.6170152466899556 4883.83668366798 0.0001702408514992746 0.6065478567770399
1.237740884434618 0.6296972343872341 4544.487997486308 0.0001582091644972683 0.5038494004931778
1.237740884434618 0.6296972343872341 4544.487997486308 0.0001582091644972683 0.5038494004931778
1.0196159675819572 0.8183887201048471 4186.936647105481 -1.6708687691098497e-05 0.34127369706329536
1.5357722043991089 0.6014520972967148 4621.753986597061 0.00014885071363956933 0.4368433952331543
1.1453510137113183 0.9762236212586766 4491.12938114427 0.0001055928543794455 0.346663623361107
1.096019200986948 0.9045030436617296 4919.856600450296 -0.00021010884068657076 0.33443228029442673
1.232227697573637 0.6620823943830794 4872.489146367391 0.0005229354244093209 0.31869791170133577
1.033377526158833 0.75746757077463 4377.335752025882 5.42809973092687e-05 0.21541437690273527
1.1664006916448226 0.96886216822523 4445.710976978428 -0.000132913539804285 0.4274784541325925
1.1664006916448226 0.96886216822523 4445.710976978428 -0.000132913539804285 0.4274784541325925
1.1992063711595495 0.9586935668729315 4558.855834006347 0.00035661901647574635 0.6983543487361421
1.2206516154994977 0.9236739666601581 4224.166408850586 0.0010533231049754729 0.528604716755204
1.146782970312582 0.948339658640195 4120.695806092693 0.0003882804306513282 0.3289515610610621
0.9936387542126639 0.6557900541663788 4618.151297536327 -0.00014284329266527626 0.20140409180645097
1.143089247278067 0.6757877277364107 4663.0662261364605 1.90681368522966e-05 0.2640921677214363
1.1637130137125227 0.7720102573522317 4648.59113116932 0.0003614095883294351 0.4342361856483026
1.1637130137125227 0.7720102573522317 4648.59113116932 0.0003614095883294351 0.4342361856483026
1.1427459393671757 0.7267913368252026 4604.627134574473 0.0006328985670281784 0.2683208612934066
1.23532011307477 0.6355405414971108 4736.067386476996 0.00011377355101166289 0.3326711765478726
1.5459975303988043 0.6563080494328073 4164.786111216233 0.00028933191863035195 0.5559912218562846
1.5459975303988043 0.6563080494328073 4164.786111216233 0.00028933191863035195 0.5559912218562846
1.4474375296434216 0.7133725799958953 4943.507085670254 -0.0002476116610061331 0.7857210273069182
1.4474375296434216 0.7133725799958953 4943.507085670254 -0.0002476116610061331 0.7857210273069182
1.3138077836881656 0.630327362435902 4993.028967047415 0.00018012775951451671 0.4858875172139973
1.332048805375356 0.6296670095088726 4546.08937352379 8.761052636256693e-05 0.4433519409334957
1.2969102196407656 0.8503334181755026 4384.545814537186 -0.00014722537105715735 0.6698140066147396
1.1676724195480346 0.8751448914408684 4800.357169210911 -0.0006460387005382391 0.9031813740730286
1.2531023596901332 0.853248137433958 4035.8928708817407 -8.461372597245664e-05 0.7961907460138911
1.294774243046296 0.6357516027574975 4427.346959880599 0.0003075716476191868 0.32604183166878736
1.4125385596927913 0.6774135000448511 4181.534085565596 0.00037230749948752084 0.7954419413913321
1.1974773855038559 0.9376872010857213 4203.2992052088 -0.0002712626054359714 0.603842280841059
1.1974773855038559 0.9376872010857213 4203.2992052088 -0.0002712626054359714 0.603842280841059
1.2448131796981845 0.614924133742702 4437.560254791861 -0.00013703204408207971 0.5289324892489805
1.089711104474726 0.8424600571058154 4603.502287289739 -0.000167090638286904 0.36167738861708587
1.3476553924586452 0.6612235968587302 4197.44370487767 -0.00047418311537040456 0.6963827928553732
1.3476553924586452 0.6612235968587302 4197.44370487767 -0.00047418311537040456 0.6963827928553732
1.4465991238965357 0.701175456443218 4140.900206711689 -0.0005016828066438268 0.9438328117386472
1.1088550189825503 0.8756455092612064 4616.899219015033 -0.00012890668467502883 0.5267372370960317
1.1088550189825503 0.8756455092612064 4616.899219015033 -0.00012890668467502883 0.5267372370960317
1.283332097054879 0.7827478714571131 4650.686766008971 0.00019417913581616883 0.7811069603803462
1.1597532620555986 0.6672457305136379 4576.698982266676 -0.0004705413139960853 0.25907027014103456
1.2010261276493601 0.9171395187863781 4749.051795840281 -4.790727153119222e-05 0.5478977562703673
1.3567667565356185 0.75842966612162 4165.284085172541 -2.240321440369946e-05 0.6000192189426682
1.2214146601878084 0.5888843190845688 4709.56123225171 0.00011758360002905941 0.21103122507318375
1.1062955679761906 0.9356076857825865 4843.616529515547 0.00015203591441590917 0.36030528311693055
1.1944501926720084 0.944887809361436 4756.4231750514355 -0.000404443477291809 0.41099534083061595
1.1154321487985486 0.9492722070383879 4820.898408526118 -0.00010313537854993116 0.7021289714573522
1.1154321487985486 0.9492722070383879 4820.898408526118 -0.00010313537854993116 0.7021289714573522
1.270302830117038 0.6852291704402169 4642.790011270534 0.00029481899476125375 0.5118857373318966
1.270302830117038 0.6852291704402169 4642.790011270534 0.00029481899476125375 0.5118857373318966
1.5589590490481244 0.6755626851562672 4304.422889576419 0.0001057147000381501 0.7416301683549167
1.0974048121017315 0.9188855266248284 4865.367954786791 -0.00028383281860296105 0.4089118130469364
1.0974048121017315 0.9188855266248284 4865.367954786791 -0.00028383281860296105 0.4089118130469364
1.220623279758044 0.7398589203993949 4997.666613922487 -0.00010997089379131294 0.251299902996518
1.220623279758044 0.7398589203993949 4997.666613922487 -0.00010997089379131294 0.251299902996518
1.2525816218712604 0.5679672882759934 4868.30287487832 0.0004213667175802492 0.43039134136274115
1.2525816218712604 0.5679672882759934 4868.30287487832 0.0004213667175802492 0.43039134136274115
1.0866682052612304 0.8950522541999817 4316.649817049503 0.0002600484202070671 0.35229283571243286
1.0866682052612304 0.8950522541999817 4316.649817049503 0.0002600484202070671 0.35229283571243286
1.3190668861834554 0.8097347373580324 4751.097495698439 0.00016360319012408625 0.6522675206706874
1.2311078927751178 0.5938251827499215 4792.3738960458695 0.0004947954591481835 0.41251859251046363
1.2311078927751178 0.5938251827499215 4792.3738960458695 0.0004947954591481835 0.41251859251046363
1.085676828100317 0.8529682303763131 4565.425900277079 0.00029377864892062553 0.3974242836000881
1.2731480640382409 0.7391909443738895 4932.829041631048 0.0003276104586182438 0.7184773705763983
1.1088858404625865 0.9636515720312945 4839.635607515705 0.0007673488361848507 0.4548190788132945
0.9607418302997435 0.6781257229791584 4910.080988675799 -1.5800251479884173e-05 0.17288896994000627
1.127874158384888 0.8827134497747975 4669.67171500042 -0.00015796623190810565 0.3181265754408306
1.2065883727867086 0.9153797846473353 4035.660939744054 0.000177815265768741 0.6611103348402837
1.2065883727867086 0.9153797846473353 4035.660939744054 0.000177815265768741 0.6611103348402837
1.4180193560144307 0.6789148609622384 4458.295184243478 7.774051114029762e-05 0.7644874541745035
1.2928060718771892 0.6841651869088139 4115.113803189262 -0.0003272800329685443 0.5885962995188911
1.2928060718771892 0.6841651869088139 4115.113803189262 -0.0003272800329685443 0.5885962995188911
1.207231213574817 0.7504822842781417 4820.15773664272 -0.0001075193879333405 0.8786239280408306
1.5094808462431453 0.6620710335862485 4683.153814743213 6.385997506805554e-05 0.5376987663548076
1.2135537980877003 0.656240850378993 4633.546946918818 0.00011982353299943697 0.20934691022652463
1.2135537980877003 0.656240850378993 4633.546946918818 0.00011982353299943697 0.20934691022652463
1.2024861248026248 0.9005019430261947 3955.605790323128 0.0012838684922397443 0.5809146680003379
1.4071226577732094 0.6007579910104539 4905.623578602709 -9.69109953680673e-05 0.4284882009608585
1.186709205943085 0.6535511785324939 4625.13313921847 1.948841375083111e-05 0.3978756049761646
1.078261114599103 0.8248113617949633 4358.46984001354 0.00018295170372522815 0.30598947426849105
1.078261114599103 0.8248113617949633 4358.46984001354 0.00018295170372522815 0.30598947426849105
1.120348125214795 0.9358861625273598 4386.795520075996 0.000362462462279538 0.42675251721994
1.4062140649564197 0.6918858012333533 4183.333849661725 2.9231647237221187e-05 0.7248565171751868
1.1759603786678154 0.9813711762265354 4664.857747086649 -0.00034708874348357094 0.48244596094014325
1.1494710488737432 0.9376542831710729 4468.394619407615 -0.0011283286313660869 0.3424123165632672
1.1494710488737432 0.9376542831710729 4468.394619407615 -0.0011283286313660869 0.3424123165632672
0.9912528038024903 0.6694514006376266 4907.126861393452 -0.00013730025794007983 0.18239742517471313
1.0940403402397463 0.8170330796269596 4816.753230971321 -0.00010208820947606695 0.4035966780249557
1.1251226934839238 0.9225101386531493 4288.434785322828 0.0003616530058524887 0.5842613157307519
1.1265351168268434 0.9005552180510595 4773.0075085305525 1.0020079764649445e-06 0.44989474763277393
0.94169723084401 0.656808189450506 4195.613733243719 0.0005628472923392668 0.19378564144593277
1.1328508934798163 0.8394487090475407 4553.587263144672 -8.094086392593446e-05 0.3148125526853236
1.3147171743948656 0.6147510795570532 4991.879550303934 -0.00024717863347869276 0.5591771740490745
1.4885367712229167 0.7049493676789456 4612.8923619552215 -3.6206448615033134e-05 0.8118705123318406
1.0950525148625592 0.9153575598780136 4861.570401639111 0.0009302773482159284 0.5348838508793052
1.0505445782871699 0.6436238447810444 4859.693877625663 0.0002695463938992748 0.2131961817904877
1.0505445782871699 0.6436238447810444 4859.693877625663 0.0002695463938992748 0.2131961817904877
1.3007631914866806 0.9032731879294826 4612.198577202045 7.38756818344032e-05 0.45101098271653667
1.416915434232132 0.7274249153387655 4965.502475145848 -0.0002748966838466772 0.9987076187373729
1.3745260133730526 0.7423109906160856 4043.3129795023046 0.0005653566084618239 0.5335541742572636
1.0862539235029778 0.7286674642666031 4720.965523224529 -0.0007114039085612282 0.22819533936632067
1.4549529580452383 0.6434379007104238 4098.339335733108 -4.421136706055768e-06 0.5509804212327387
1.3335837975716083 0.7393089053462261 4650.067910064408 7.499509407817766e-05 0.9810117181701925
1.342262072576077 0.5900590195102103 4944.180507878077 -9.740798594020917e-05 0.4970244401976592
1.342262072576077 0.5900590195102103 4944.180507878077 -9.740798594020917e-05 0.4970244401976592
1.5003234889188661 0.6467161356118359 4774.67321224431 6.63068992189869e-05 0.6033797569333519
0.9603425752346861 0.7254265560565447 4861.713213418245 -0.0002197711539978775 0.243640124076986
1.18779047481399 0.6776359557916016 4710.364776754373 0.0005297291780745109 0.22086905839762555
1.4247116748669013 0.7276190419034969 4864.859255899235 0.0003235623956136405 0.780195424671867
1.5969435317572138 0.6618870506039874 4632.512453251676 -0.0005725550919099346 0.7363163383673734
1.3438398686800652 0.6714359100580564 4206.575380742786 -0.00042362653734855283 0.5798703951472193
1.3438398686800652 0.6714359100580564 4206.575380742786 -0.00042362653734855283 0.5798703951472193
1.2012200450503427 0.6715197136962663 4655.349050256188 -0.0011156078307115356 0.22483328779018963
1.2012200450503427 0.6715197136962663 4655.349050256188 -0.0011156078307115356 0.22483328779018963
1.1232341655791256 0.9057729969627354 4258.0150444756655 0.00039735382135286124 0.5077406850216881
1.1232341655791256 0.9057729969627354 4258.0150444756655 0.00039735382135286124 0.5077406850216881
1.3900440776430982 0.695875785449624 4602.026914641676 -0.00036776830067958657 0.9694351280415398
1.3395198426414305 0.6244784868715234 4959.456091453188 0.0005745365857605874 0.5588349905891604
1.1922712679662524 0.790196841992569 4741.5229183544425 -0.0001835286322762697 0.2461257524172536
1.3979478488978772 0.7003665898473082 4141.195652894702 0.00013360037877703745 0.7393097406624969
1.0198071701345814 0.7541010814947833 4183.406293415168 -0.00027437188121343445 0.2459985082417349
1.5303157809790933 0.6535453014561021 4202.637447157941 0.00032426885681857904 0.6673424652153337
1.5303157809790933 0.6535453014561021 4202.637447157941 0.00032426885681857904 0.6673424652153337
1.1636925007664016 0.7150306411768812 3965.182267499341 -0.00013964177333665483 0.24359803125849874
1.1636925007664016 0.7150306411768812 3965.182267499341 -0.00013964177333665483 0.24359803125849874
1.3765130474256706 0.6554041291575478 4133.859283511444 -0.0004405925209321825 0.6442604510926326
1.3176082088927312 0.7160671450983713 4675.926068629743 0.00014395493300411975 0.6962615034627468
1.2663685191584677 0.7068861672978888 4604.709383367558 0.0001681821228013924 0.34481617705266937
1.2176696281560309 0.7162950206820502 4264.0509981253945 -0.00016754694154451138 0.24476041737586135
1.0230829788802696 0.9413180781578302 4544.163206262148 -2.5950651788076528e-05 0.33631272176087346
1.097889759807383 0.8570390016450309 4682.407959216313 0.00018095165227315516 0.34399022956915865
1.097889759807383 0.8570390016450309 4682.407959216313 0.00018095165227315516 0.34399022956915865
1.2771341396083122 0.8380888537441065 4141.537184083588 0.0007082256372943692 0.8499628195829898
0.9119024753570557 0.6400322839617729 4966.303754925728 -9.4628679002909e-06 0.17837786674499512
0.9119024753570557 0.6400322839617729 4966.303754925728 -9.4628679002909e-06 0.17837786674499512
1.303148100255657 0.5878667769994703 4973.879261498476 -7.629373573815177e-05 0.47565503063290426
1.3903872245246576 0.6966823635895406 4281.180573576457 -0.0002592517517335339 0.7313024064427563
1.0096740133120317 0.9108450523165503 4915.142521136336 0.0004305380868746586 0.42545658436769257
1.0096740133120317 0.9108450523165503 4915.142521136336 0.0004305380868746586 0.42545658436769257
1.1204043260896637 0.9349331015394431 4877.928350290801 0.0004818032748897306 0.47646079441734357
1.1204043260896637 0.9349331015394431 4877.928350290801 0.0004818032748897306 0.47646079441734357
1.2542780391786934 0.8818584438660844 4540.346204538567 -8.548991760882322e-05 0.47339995927896916
1.2542780391786934 0.8818584438660844 4540.346204538567 -8.548991760882322e-05 0.47339995927896916
1.1435456038098246 0.8932083950400757 4182.227328994475 0.0003250212210639975 0.36252612865885525
1.1435456038098246 0.8932083950400757 4182.227328994475 0.0003250212210639975 0.36252612865885525
1.1761269390347229 0.8897304275716965 3946.197825104649 3.9396719469163954e-05 0.42933967750052215
1.386939886314615 0.6069310069647212 4804.147157357821 -0.00020225593335870275 0.46811783606469937
1.386939886314615 0.6069310069647212 4804.147157357821 -0.00020225593335870275 0.46811783606469937
1.5293581429173666 0.60475455644818 4933.748357025495 0.00031803994091558486 0.5046410813364957
1.1477949560733145 0.8864331113694326 4249.689770253914 -0.0004142679940097617 0.30507034231158525
1.1477949560733145 0.8864331113694326 4249.689770253914 -0.0004142679940097617 0.30507034231158525
1.4969168186496662 0.6964056976786521 4572.890472660747 -0.00015245225370939225 0.9275561227221384
1.1650022211921565 0.6325397937696673 4039.2656077159713 0.00022959032034885 0.19883868946030284
1.139190666797715 0.6405991110556877 4561.326407285487 -0.0006617797252460124 0.19624918038535286
1.1744319800298126 0.8124980322192425 4398.047154543667 -0.0004567442375413638 0.34956922144139124
1.2389036314943453 0.7734766326312028 4077.2758998849285 -0.00012714862716768795 0.5273596907871473
1.1185768798877285 0.8404636900609664 4762.208008631347 0.0005213182838319815 0.35709882619645517
1.4136628368515591 0.6299771015785668 4843.737344459322 9.045409574710055e-05 0.5451816924086799
1.4136628368515591 0.6299771015785668 4843.737344459322 9.045409574710055e-05 0.5451816924086799
1.1137556272175395 0.7715148320232228 4913.5006014619585 0.00011319957742769168 0.22741657991326097
1.0052316270323085 0.843820792718377 4554.507156892983 2.1994658541030562e-05 0.370936702383577
1.0052316270323085 0.843820792718377 4554.507156892983 2.1994658541030562e-05 0.370936702383577
1.0019813054677964 0.6430556675189113 4581.991276192879 0.00031209345482570634 0.19438975193435998
1.3338935524705822 0.6013048792048463 4986.30771293614 -0.00018565779697938338 0.559611619456522
1.152223127774933 0.6745034791892113 4858.377687141355 -0.001143232602216419 0.256120217567556
1.152223127774933 0.6745034791892113 4858.377687141355 -0.001143232602216419 0.256120217567556
1.3058702049200388 0.6045982590910244 4468.392137571043 -0.00021041132896516698 0.22695263564727125
1.109158696565912 0.6721740063526767 4748.271159753382 0.000629022534076861 0.22835469732305905
1.109158696565912 0.6721740063526767 4748.271159753382 0.000629022534076861 0.22835469732305905
0.9912215100934649 0.7423444460806892 4968.978324539269 -0.0006028949176233728 0.20213164423018581
0.9912215100934649 0.7423444460806892 4968.978324539269 -0.0006028949176233728 0.20213164423018581
1.18109785278881 0.8854345832195166 4362.929084140334 -3.532056577581287e-05 0.6423808877056252
1.0533459500762015 0.7447480375442529 4822.57005892894 -0.000339677238633497 0.2751411898762515
1.1288808027182462 0.7082558965974123 4377.751745014312 0.0004452175998488609 0.20053256799527844
1.209339232106625 0.6918444158214542 4032.146458309821 0.00030263684449339617 0.25528144515775253
1.209339232106625 0.6918444158214542 4032.146458309821 0.00030263684449339617 0.25528144515775253
1.1191552319173697 0.863100911511831 4110.573398891491 -1.6792463925345522e-05 0.3475326378853847
1.1123552630267857 0.9111360321471168 4914.83015995137 -0.00032759953190677663 0.4521205023816261
1.0907301553139435 0.7846781315446548 4698.159205230286 -0.00010265778601197784 0.32693983545558924
1.0907301553139435 0.7846781315446548 4698.159205230286 -0.00010265778601197784 0.32693983545558924
1.5333717615102103 0.6680449394604024 4615.333427554895 -0.00015395466869168648 0.5812376956896386
1.0815621848001686 0.6703325147008571 4468.042891853699 -0.0004395459217789064 0.2280408300703365
1.0815621848001686 0.6703325147008571 4468.042891853699 -0.0004395459217789064 0.2280408300703365
1.2884393248382149 0.6289569396151072 4308.19935052204 -7.148616059321311e-05 0.4808668588827898
1.2025480620894982 0.9480494800476925 4032.459635948452 -0.000488713634446821 0.6556108058225028
1.336415336177185 0.6837403103428374 4707.365969188351 0.00045955425707614296 0.5451966446234275
1.1589429777129692 0.8928486069084595 4197.431964400467 0.00030265337000202257 0.6515400450173855
1.4167940456497892 0.6242381692223008 4641.135671953744 -0.0002747338527603196 0.47072713656871523
1.273144895195145 0.6485474406654086 4921.064767325689 -0.0005016455637180861 0.3716483795510722
1.1398026888697814 0.8002072829977009 4561.499439033176 -0.00013271121387949548 0.3845145175366904
1.174697755137411 0.6467351955360895 4262.971211981736 -0.00013611656580941195 0.3302992981845477
1.2418736279577265 0.641108289931117 4471.663022276839 0.00033882303275620284 0.4938232474710598
1.2418736279577265 0.641108289931117 4471.663022276839 0.00033882303275620284 0.4938232474710598
1.2129760966898335 0.7421636934166622 4128.997090920442 -0.0006190843768491685 0.3336386825136688
1.2323099450650576 0.7932005784442858 4142.000922776849 -0.00020988443220748012 0.2644107028052536
1.2323099450650576 0.7932005784442858 4142.000922776849 -0.00020988443220748012 0.2644107028052536
1.0578245785316769 0.7780543367122339 4211.829357746667 -1.1188315832420132e-05 0.2866453073176114
1.5020013174801146 0.6476477542520845 4510.48057705557 -0.0002033858633306119 0.5301223223771168
1.5020013174801146 0.6476477542520845 4510.48057705557 -0.0002033858633306119 0.5301223223771168
1.3386565818753282 0.5964131490979001 4974.771348983313 -0.0003544473454441599 0.44100335119525014
1.1534895516871608 0.6717933672728892 4843.5042482131885 0.0008002843050001584 0.2047987243177837
1.1311830243227003 0.7229138398373045 4736.933766591305 -2.371478440738405e-05 0.29029714482837343
1.3026528186277333 0.742485145093372 4999.203549052832 -7.499518647485624e-05 0.8972377421540535
1.101563761618514 0.9516784198220556 4178.4156459048845 0.00043694660920480673 0.43268120449210534
1.1846279958498445 0.8071043776189428 4399.042183187816 -0.00045911744175532236 0.4339746623851033
1.4933252476685541 0.5830618132422738 4114.368352116138 0.00022466508904938986 0.493508742473569
1.4933252476685541 0.5830618132422738 4114.368352116138 0.00022466508904938986 0.493508742473569
1.3887089118213716 0.6878419027512099 4673.3120744960515 0.00045696504695797585 0.8600746554409434
1.4739581157138182 0.5596193679781244 4500.257989818996 0.0005271992605034893 0.472692249275668
1.2343539652131883 0.9021557657872938 4032.5644422638393 -0.00018618612733789814 0.7720320796092296
1.4244960673793714 0.650974768416741 4928.130772065891 -0.0001461013274697929 0.5673668142709513
1.4989968181592088 0.7057112221079455 4454.72117082547 -0.00011096018476304439 0.9583454788686648
1.6069114126161863 0.6474986710074285 4747.014720746596 0.0002890233655735525 0.6638615089378302
1.149075720891312 0.8723467810187108 4920.099406818542 0.00013637330494885622 0.3643255541748681
1.149075720891312 0.8723467810187108 4920.099406818542 0.00013637330494885622 0.3643255541748681
1.099626348691906 0.7931577290735079 3985.8295070165796 0.0006764271384014178 0.274307202701685
1.2950867995139241 0.747766533957995 4147.14947814391 3.0747718037562065e-06 0.9453352610201005
1.0725334833169944 0.9158400880616812 4924.30745667999 0.00018172466360882062 0.3746281015311529
1.5248850992948335 0.6994960071663237 4169.023027459593 -7.903619874750186e-05 0.91987269483859
1.4478781930160811 0.6980709705276413 4644.9591620638075 0.0002572422299663315 0.8900415061224383
1.3383142861461723 0.6728966323334439 4845.380768137404 0.00013625289435557146 0.5821006925398997
1.347043842308643 0.6599071602594789 4566.840251842697 0.00015998126619063655 0.26346940920984707
1.347043842308643 0.6599071602594789 4566.840251842697 0.00015998126619063655 0.26346940920984707
1.0417392348535277 0.6933091977098702 4441.60975039967 -9.702957955160517e-06 0.1873800793247455
1.1675050569187655 0.8599186253477734 4243.97471457093 0.0001447276618881971 0.4149884580990675
1.1675050569187655 0.8599186253477734 4243.97471457093 0.0001447276618881971 0.4149884580990675
1.2951732117989239 0.7166624370381353 4328.697609230329 0.000667658357739209 0.3013418322255017
1.3436320108914703 0.6665038154353335 4385.230929009614 -0.00010393563494356573 0.3907274426781344
1.3436320108914703 0.6665038154353335 4385.230929009614 -0.00010393563494356573 0.3907274426781344
1.3101754629216855 0.6748859695145197 4795.753913132282 -0.000682856458593249 0.5397398293540632
1.0595126628875733 0.8304814547300339 4613.305126905441 0.000588257886596442 0.29378777742385864
1.6285670132184102 0.7122908597847893 4526.959742204548 -0.00037584040721113613 0.8049585971411285
1.1983832543898325 0.8277800465931743 4291.663509629528 0.00044749947440912116 0.8644570583189388
1.358782909301002 0.661736794957858 4930.223004475213 8.991177488536406e-05 0.5590326043729643
1.3475172234725572 0.5905704204338744 4712.252097464362 0.0006808799198096014 0.5239904199366934
1.3475172234725572 0.5905704204338744 4712.252097464362 0.0006808799198096014 0.5239904199366934
0.9723553563762672 0.7012235074942095 4707.324323585457 -0.00012906073460999964 0.21714184878307197
1.314885960280931 0.5939489504613096 4987.025546043471 -0.00018058662550477823 0.27938872315768415
1.389822659395969 0.6986107863219102 4378.969544765383 -0.0003172632703304271 0.7422837296893829
1.053691970526194 0.6700538684416919 4730.505877999348 -7.782644186089742e-05 0.2241834380684315
1.0248291969299317 0.9307371601462364 4443.029186189175 -6.0531860109018026e-05 0.3790113925933838
1.0248291969299317 0.9307371601462364 4443.029186189175 -6.0531860109018026e-05 0.3790113925933838
1.0187599863698447 0.7933240092146756 4453.097099247778 0.0001704185391673096 0.24158865432191026
1.290989567239083 0.6610316865096334 4486.294584746503 -0.00027322369987748443 0.5114336021113596
0.9929019891719887 0.6592810470589024 4913.712046739617 -5.1282232254471583e-05 0.20358863474343913
1.2121833615688615 0.9346055983158779 4112.088645725327 0.0003961301950871947 0.4913145583836751
0.9546360582839685 0.7217783702576089 4684.323790172552 6.796777573558728e-05 0.23393261310320815
1.0762076784907868 0.6355215974075025 4932.757932461685 -0.0001922397769985986 0.21057894840870456
1.3127812692002716 0.7830620060334739 4921.4647985247675 0.0001700593814883921 0.7381519454656831
1.0611441765339473 0.8101660349895897 4853.665045938419 0.0007726108257290175 0.3614580793950033
1.19482127375891 0.9961979421265545 4669.270102912649 0.0003343758676787439 0.6372171739027248
1.19482127375891 0.9961979421265545 4669.270102912649 0.0003343758676787439 0.6372171739027248
1.188049784444281 0.8138133928587494 4856.770363630773 -0.0006889749706642717 0.3254702926466998
1.1616424723429122 0.7864914119328766 4381.908294769586 -0.0003193672366050561 0.824498628406892
1.2908926434236807 0.8325134622575028 4204.154696899718 -0.0005423612029166446 0.8296886459594164
1.1133228429241908 0.9126518980706917 4995.631750585093 3.218807445903399e-05 0.5613442614520798
1.272009986733801 0.724146874007624 4594.691552061547 0.0003421842124531355 0.9575383481538805
1.272009986733801 0.724146874007624 4594.691552061547 0.0003421842124531355 0.9575383481538805
1.197529543065928 0.9261766554481903 4718.363017138359 -7.860419537225702e-05 0.7989663847534453
0.991289014445315 0.7813340514116738 4443.442679610727 1.4665486847414487e-05 0.23570390090726487
1.257358996318942 0.7379333181531536 4740.456595441846 -0.0003153206721828749 0.7064457812678454
1.257358996318942 0.7379333181531536 4740.456595441846 -0.0003153206721828749 0.7064457812678454
1.5037057495133301 0.6916699313704336 4474.785236459002 0.0001909091477566925 0.7931236892271963
1.0492240053787387 0.7307967752079282 4471.027315459815 -0.0005221157995978153 0.2559618181882635
1.1673064399260917 0.9109355301394102 4204.227293614374 -9.123599402108806e-05 0.3612945610914603
1.1673064399260917 0.9109355301394102 4204.227293614374 -9.123599402108806e-05 0.3612945610914603
1.4439987845796276 0.6280377270196181 4202.359659626486 -0.0005357965476155789 0.530802707509932
1.2365706035888469 0.8821823766885895 4264.824380407566 -0.0007316637431936996 0.4952042344703402
1.2365706035888469 0.8821823766885895 4264.824380407566 -0.0007316637431936996 0.4952042344703402
1.2921699736246046 0.867322796928843 4445.51517445617 1.2746837328676484e-05 0.9176502184624313
1.06559357952621 0.8263781936122293 4538.3804064940605 0.000153791966810292 0.32085887079504916
1.2006520208263618 0.9834852614067278 4725.551890137185 -0.0006214963560589869 0.442990242941014
1.2098664307698108 0.7796677397129823 4920.834336260232 0.00033385920686490643 0.607757114099221
1.144508981958612 0.6799390442530864 4563.902428077356 -8.906773678701076e-05 0.28640388052194565
1.144508981958612 0.6799390442530864 4563.902428077356 -8.906773678701076e-05 0.28640388052194565
1.2167224428969587 0.6512362086184644 4437.078891981686 -0.0001544772162021162 0.5495181121140927
1.0185686858348348 0.7006176554088928 4752.28359785792 -0.000670524993345353 0.24769413784338057
1.4347726567820038 0.5995303773298067 4618.22220535844 -0.0005246347841487199 0.5271180757160481
1.3273809118266937 0.7200535379241513 4791.428545461126 -0.0002804164050730882 0.6870227552574715
0.9335658214975951 0.6628789400676445 4877.4187580476655 0.0003652861736481157 0.1926405006361545
1.0817095690726488 0.9636539635527716 4772.739151291379 0.0002912204471867005 0.36316528934430414
1.0137847900390626 0.8238434419035912 4963.372408390045 0.000367907001627183 0.2878461480140686
1.0137847900390626 0.8238434419035912 4963.372408390045 0.000367907001627183 0.2878461480140686
1.0469555517891125 0.8706656106254539 4708.600132913737 8.8240704022051e-05 0.3454598209171986
1.4761685518302687 0.6505803350432788 4964.296129758188 0.00019493222546399828 0.5217028506498712
1.4905833368728019 0.5948322030031301 4368.899170543001 -0.00022236419941842433 0.4415157933517391
1.215518071248197 0.797795432818897 4346.395322906021 -0.00041574755214588186 0.348195960467314
1.215518071248197 0.797795432818897 4346.395322906021 -0.00041574755214588186 0.348195960467314
1.1510902089495008 0.9858710527213043 4792.102809852841 -0.0002829396756701975 0.7026008361109014
1.2359609560582494 0.6639991401243754 4957.324171311523 0.00015663571869888957 0.31763150409010277
1.2629765532037902 0.5769371521828994 4777.921401541411 -0.000344609428481549 0.4310360189241657
1.2372238569559806 0.7367324161621208 4539.614657831894 -7.75110385593828e-05 0.46677036470003663
1.476668430781267 0.7229979091636296 4726.032106895025 0.0003093651262284524 0.961765528073057
1.476668430781267 0.7229979091636296 4726.032106895025 0.0003093651262284524 0.961765528073057
1.1902132915908679 0.8743840118346446 4095.006363550789 -0.00029863522425951347 0.34149845261831313
1.0406187981310162 0.8578561339514819 4642.909548038786 9.840822438808848e-05 0.36492532448948767
1.3542968416097203 0.650099266447814 4459.297901554856 -0.000867955565211356 0.47321993688874375
1.3542968416097203 0.650099266447814 4459.297901554856 -0.000867955565211356 0.47321993688874375
1.2236059465144007 0.9727167319680341 4160.112741659128 0.0005749254466261228 0.3966976038794007
1.4630069494247437 0.720681868493557 4165.285443305969 0.00048048455492844265 0.9588049054145813
1.4630069494247437 0.720681868493557 4165.285443305969 0.00048048455492844265 0.9588049054145813
1.240760092165271 0.7441320776122493 3934.078072995308 -0.0004344498949468176 0.3320836090460547
1.2264909512715179 0.8001328148988207 4596.737610331866 -0.0003718097919283677 0.5438510629105888
1.5823500777035904 0.661370349356424 4271.836829203141 -0.0009515134215064791 0.6456288653834031
1.223461888098956 0.7997635142490103 4791.620083941453 0.00010882435519897502 0.5319647954122537
1.367863680918382 0.6748540053720322 4466.997114944148 0.00016296040339674184 0.5820691418218291
1.284829995078062 0.7973317431840743 4592.555562657882 0.0005441717889353382 0.4296757023380974
1.284829995078062 0.7973317431840743 4592.555562657882 0.0005441717889353382 0.4296757023380974
1.064420949984481 0.7468049161176972 4848.468134736205 -0.00032245162210006387 0.2011415428614546
1.4191379340405605 0.6634505444275115 4204.715604180594 0.00030147070393261936 0.6933798383767527
1.3713205693484838 0.6804001256272236 4617.908520226999 -8.116918131958822e-05 0.6104282412026449
1.5971377636082544 0.7065272580276751 4802.67688595648 3.9543528064705444e-08 0.7859993219132373
1.2057524070383132 0.8066410038074721 4220.943534045247 0.0007787043622331805 0.5026574181376184
1.1360652235632005 0.7624647378497129 4767.432667511743 0.0006965951303438977 0.3145345933864351
1.1360652235632005 0.7624647378497129 4767.432667511743 0.0006965951303438977 0.3145345933864351
1.0963722670251927 0.9513865700729643 4146.174143456258 0.0003454775087089163 0.509601633717798
1.1019379355308871 0.67110641027656 4552.818752953991 0.00020096102250718914 0.20004230363009914
1.2810792188093216 0.6092595300584319 4979.218805851878 0.00030513958613111853 0.4345972465189428
1.2245848089736882 0.6409644174043028 4948.931085244009 0.00011997802309102284 0.4583581742653131
1.2245848089736882 0.6409644174043028 4948.931085244009 0.00011997802309102284 0.4583581742653131
1.172564464276523 0.6605813573209264 4366.9668982932635 -5.983566118987296e-05 0.1812459675104887
1.172564464276523 0.6605813573209264 4366.9668982932635 -5.983566118987296e-05 0.1812459675104887
1.2578591207880208 0.8633852556311366 4523.312196434614 -0.0008051002501650061 0.9371035578911906
1.1419872798922674 0.9258677515378613 4695.104019724761 0.00022042783513716866 0.3923566830276746
1.1962844461333775 0.9674359150759657 4706.789750529987 0.000448821933674172 0.6662744776082532
0.9421063395414642 0.7820275139498949 4629.808851329985 0.0011438144600645068 0.2886487723647556
0.9630083971766518 0.8441173692323027 4809.177291154157 -0.0003580170413635501 0.31402785857997867
0.9630083971766518 0.8441173692323027 4809.177291154157 -0.0003580170413635501 0.31402785857997867
1.2291520931947748 0.7020173756903484 4266.678534814051 9.475443193094858e-05 0.2173006006345276
1.1698130563368117 0.9715310991682552 4638.139040896225 0.00022026614766233423 0.5903390120061196
1.3122990374909067 0.5894148280515934 4692.1029313940835 -0.00025393899356998333 0.481844220257425
1.3122990374909067 0.5894148280515934 4692.1029313940835 -0.00025393899356998333 0.481844220257425
1.3739858277737653 0.6981760190493088 4502.127409415294 0.00044498847259180114 0.6356009048084172
1.346537987011815 0.5838692437495805 4874.47843744185 -4.445947154412228e-05 0.4964209015103974
1.1843795909007082 0.7352755076457687 4954.485372683582 0.0004040804329582495 0.2569566257130226
1.0984923109586697 0.9635086051520184 4548.782519504048 -0.0001817161350185648 0.42037857916430776
1.0984923109586697 0.9635086051520184 4548.782519504048 -0.0001817161350185648 0.42037857916430776
1.5223477720962186 0.6726798025637605 4669.324898433831 -0.00043005069672545393 0.600278945658896
1.1931194613005913 0.8594253515176443 4793.280369478131 0.00024000693469225688 0.4835817424971557
1.002700417051664 0.9231752644634178 4952.9632723002505 0.0003552532038604411 0.39994394052351234
1.2878751534240969 0.6295688193490148 4509.821956951517 9.094462865335274e-05 0.44469605606830553
1.09356953387198 0.9504480626365223 4459.81893194223 -0.0005127604241407465 0.33932691808256227
1.09356953387198 0.9504480626365223 4459.81893194223 -0.0005127604241407465 0.33932691808256227
1.464495865265993 0.7033661343708628 4236.214774450625 7.271165907744281e-05 0.9659690020614342
1.464495865265993 0.7033661343708628 4236.214774450625 7.271165907744281e-05 0.9659690020614342
1.4196611547978042 0.6002793545876423 4348.767481433784 -0.00017605607241308338 0.4961893586857117
1.216523814201355 0.9380696043372154 4676.74430680275 0.00035737874730016 0.7683139443397522
1.459230137299286 0.6842452112738407 4346.989341803671 -0.00011957672510106478 0.7788354416351476
1.3321462710853427 0.6984755511793547 4820.697149503961 0.00018859774757714462 0.957473661996037
1.444280673879864 0.6717065958882437 4178.636332168471 1.3892437901539615e-05 0.6926119871668702
1.3117887869162095 0.6139686422363797 4515.709519240945 -0.00015077415150108262 0.47642094276492203
1.225364168369205 0.7727460021898128 3985.020619429128 0.0003414350283985829 0.2393911372260044
1.2672943775264218 0.9335774657494641 4774.159867528652 3.6961588711347894e-05 0.4100507148235559
1.0566371774167347 0.7530166299649769 4538.395670576925 0.0004889516428558421 0.23988867715201176
1.3153149317515695 0.5838043473393458 4888.236824483938 0.0004629341314873688 0.4883532869897277
1.3536381658107053 0.6394792551592773 4588.440142628349 0.00037127624103354244 0.6165620637206367
1.3536381658107053 0.6394792551592773 4588.440142628349 0.00037127624103354244 0.6165620637206367
1.2680218544957156 0.8407739299829665 4238.242570904617 -0.00044640223427865955 0.40860913285319606
0.9673635778415508 0.7199877447572878 4348.973891826422 -9.04315583685898e-05 0.21164393348160065
1.4592738799176839 0.6438762755254234 4849.450466152989 0.0001619495157878036 0.5063736672155233
1.4592738799176839 0.6438762755254234 4849.450466152989 0.0001619495157878036 0.5063736672155233
1.145202969793889 0.6237665288730683 4310.402031597981 -0.0003934862722770664 0.24002366772112638
1.145202969793889 0.6237665288730683 4310.402031597981 -0.0003934862722770664 0.24002366772112638
1.1415693501126816 0.929947316836069 4796.653750285436 -0.00046509172925941425 0.4974001190003767
1.277336891840449 0.832917353425419 4434.351910786103 -0.0002254696245936291 0.5178580785407016
1.277336891840449 0.832917353425419 4434.351910786103 -0.0002254696245936291 0.5178580785407016
1.3431310088014945 0.6730019663122728 4290.173301226132 0.0003490405306517433 0.7544016969240801
1.2906321021944693 0.619419836008652 4671.7999639689015 0.000539926786786335 0.37929037972013707
1.0752092873287817 0.7415549176248452 4585.550480746227 0.00034760819997030974 0.26638044907887554
1.1824355168482732 0.7045767020030209 4451.245878394006 -0.00026780468285688514 0.26636897227736
1.1148710256710013 0.7241120437154096 4160.736793963271 -0.00022960284632893592 0.21532958348211606
1.1148710256710013 0.7241120437154096 4160.736793963271 -0.00022960284632893592 0.21532958348211606
1.2698501836474723 0.8200055133140554 4206.179527157572 0.000567928180339119 0.5697373764969222
1.1244904043032187 0.7873317161047685 4305.872156009742 0.0004589661437480034 0.2996252904236419
1.481474850227874 0.6139636904454082 4767.277066793889 0.00043725556551141537 0.5940860146280931
1.481474850227874 0.6139636904454082 4767.277066793889 0.00043725556551141537 0.5940860146280931
1.0046142421194757 0.8329635863879061 4740.155545112286 0.0001471990133739105 0.3005111156475043
1.0046142421194757 0.8329635863879061 4740.155545112286 0.0001471990133739105 0.3005111156475043
1.0753771448790381 0.783384465432122 4775.231103800888 2.262474950363599e-06 0.23898812798870828
1.5252713739485082 0.6146933182545797 4210.0607714733505 -2.323393077381112e-05 0.5746202580069425
1.277400391353651 0.6953299221396008 4594.6489629962125 -0.00020301693466239464 0.6461984291874732
1.1087214455019265 0.6682309133963371 4949.461975733437 0.0004859004190006072 0.16894235619652695
1.2596025620632767 0.6800613500058349 4638.483313049739 0.00012942586017525323 0.43289540042144914
1.3316884279251098 0.7121433615684509 4600.019277155399 0.000110315816202352 0.6377158164978027
1.1513076059825913 0.8938964913506151 4408.16158680533 0.00044502743162385956 0.36717403770040474
1.0135526630524894 0.8771375206672039 4845.216474078793 0.0011457351483470093 0.39270377078515745
1.121677940895157 0.8972079036660678 4942.0998401918505 0.0005306237531717685 0.5236419354595496
1.3875282138756595 0.7309787822641178 4217.477058345794 0.0002213857184731526 0.7472381430758417
1.172686145533729 0.9844507058720182 4846.047512698392 0.0004229954567075903 0.5790295834970667
1.2411257220110468 0.8952398523330567 4953.982422649519 -0.0008090477315970331 0.7977099334714344
1.1923825763152684 0.8170048080481698 4481.3926688315805 -0.00040425951108662655 0.40320799450577227
1.1240159464036261 0.7797236685991887 4116.482181135321 0.00014709707244961923 0.2656000907442965
1.3058822772839513 0.6262084931741215 4908.917334974987 0.00017583652944331012 0.5939850173857977
1.3118581124194795 0.8247050326825427 4189.832876965098 -9.002546908569762e-05 0.8410340111561581
1.3705182011385888 0.6718400722759951 4460.644673706019 -0.0003650456528155916 0.5829904119049398
1.4344507153704948 0.7045997082315525 4395.3589016442365 -0.00024442589087740385 0.7265778946780561
1.311917775933958 0.8050396454330865 4557.409677096486 -0.00021085119157877538 0.6414547213088779
1.1629117856001945 0.9607552121730497 4037.8957401448306 -7.504412552043744e-05 0.4402631651603986
1.485334601843677 0.7014960377444461 4135.0268820592555 -0.0005610952071630546 0.7762121810515927
1.2247542348693032 0.8827661705415147 4161.7306846118845 -0.00017501927418899976 0.5611536188193417
1.3831599504064322 0.6272901983486999 4705.175439950493 0.00028554702774698264 0.4609403865618954
1.1866596806738061 0.7613253644769977 4269.319371751811 0.0004880359436920924 0.3476786190020983
1.5880613176233442 0.6656913282646593 4597.743264731048 7.901993535573831e-05 0.7311893561544516
1.3421149969100954 0.6094650477170944 4286.309754431248 0.0003776682980671922 0.5044947266578674
1.134577021089181 0.8536703493896162 4797.977331418801 -0.00044940844251122405 0.4883780649864491
1.134577021089181 0.8536703493896162 4797.977331418801 -0.00044940844251122405 0.4883780649864491
1.242625250059093 0.9672544356094035 4493.382721235381 -0.00014226026729330127 0.4869711488663186
1.242625250059093 0.9672544356094035 4493.382721235381 -0.00014226026729330127 0.4869711488663186
1.152258528862998 0.9039631707649258 4423.778960877921 -0.0007642576599315429 0.9342943140226876
1.152258528862998 0.9039631707649258 4423.778960877921 -0.0007642576599315429 0.9342943140226876
0.9907302589663868 0.6523015509133349 4969.82438890312 -0.00040135619928882173 0.1732800982163725
1.2776531457901001 0.6287596002221107 4405.767342209816 0.0003149159672083646 0.23510390520095825
1.067701118528539 0.8368996812647889 4942.646382029912 0.00011014123668722764 0.29708166297154565
1.067701118528539 0.8368996812647889 4942.646382029912 0.00011014123668722764 0.29708166297154565
1.3779919775101792 0.5913748278773336 4294.040817532698 -0.000370832713486028 0.4695083217238617
1.3779919775101792 0.5913748278773336 4294.040817532698 -0.000370832713486028 0.4695083217238617
1.421705761367328 0.7053759793666302 4547.937313939846 0.00014263385431398956 0.9596814718243757
1.3946076477114282 0.6389490677865646 4437.883789830174 -0.0004101846052341799 0.5871700617514534
1.029694793083755 0.8670533383030586 4549.041645587496 8.132087094981738e-05 0.3842958476963404
1.0600804321970558 0.7202671106168472 4073.4660743958193 8.391801875538455e-05 0.2135203224443858
1.1093624259919508 0.7160887394744075 4839.99295920518 -0.00030830524417597375 0.24631400453566393
0.9958166573080602 0.7356706517157635 4385.273893274729 -4.451447704627549e-06 0.2341613229823988
1.3006135977431832 0.6195096389838602 4721.133446232365 0.0008541631228787944 0.5007926260997622
1.1250192913980723 0.7087442504948097 4893.060600652335 -0.00042205793575477346 0.2103052735097291
1.0956255820089074 0.9448366873576862 4833.842002340634 -0.00011973016900137 0.4573142601083836
1.0956255820089074 0.9448366873576862 4833.842002340634 -0.00011973016900137 0.4573142601083836
1.0399876387508509 0.9361613086101503 4386.148243810195 6.116931988234465e-05 0.4018202912551622
1.0399876387508509 0.9361613086101503 4386.148243810195 6.116931988234465e-05 0.4018202912551622
1.3425077354254147 0.7348719695419558 4398.9412004213855 -0.00019099267219616767 0.6027859386462164
1.3425077354254147 0.7348719695419558 4398.9412004213855 -0.00019099267219616767 0.6027859386462164
1.4733374117790228 0.6717225502185445 4782.87773348567 -2.030084764208599e-05 0.758047073989238
1.1313978985235376 0.7065136347621064 4909.805680657086 -0.0005562424840132753 0.2260108356516229
1.1313978985235376 0.7065136347621064 4909.805680657086 -0.0005562424840132753 0.2260108356516229
1.0556556017674406 0.7822916625098018 4912.597535015989 0.0004843017867725044 0.335640068508816
1.3152832722094645 0.6030366788912715 4988.218214300142 0.00028496035986348396 0.5245738087361982
1.0743237648380135 0.780169745675332 4456.01081842012 -0.0005018139798915483 0.34545990530007376
1.0743237648380135 0.780169745675332 4456.01081842012 -0.0005018139798915483 0.34545990530007376
1.397165087089988 0.7019569914108073 4842.168212794922 0.0004113582612584173 0.8071684172985315
1.0370869249238757 0.8068428187342627 4651.5641892483645 -0.000968437553669702 0.3153235160322495
0.9747607946395874 0.7747992724180222 4931.105836451054 -3.006608355507739e-05 0.2614285945892334
0.9747607946395874 0.7747992724180222 4931.105836451054 -3.006608355507739e-05 0.2614285945892334
1.4449222711118357 0.7269609826295665 4727.241423051785 0.0002689509423851736 0.9223854715471921
1.4449222711118357 0.7269609826295665 4727.241423051785 0.0002689509423851736 0.9223854715471921
1.2069375310109993 0.7901722756448902 4189.841833075151 0.0005138815916277821 0.3390232064648277
1.139474458907325 0.7706245786704866 4553.74561584574 0.0002150487850400039 0.32197830732374144
1.3457779398985728 0.6492032989406934 4102.27317667861 0.00019851505120715374 0.5846424945978562
1.4508929439143454 0.6918432752923209 4189.49662629338 -0.00013762824748758917 0.6955114808632676
1.4508929439143454 0.6918432752923209 4189.49662629338 -0.00013762824748758917 0.6955114808632676
1.034271001815796 0.8362324312329292 4210.362720966339 0.0001089783751332774 0.30252599716186523
1.081198390551478 0.8535036801268824 4285.069386819537 0.0006491577808975655 0.42373647001682146
1.081198390551478 0.8535036801268824 4285.069386819537 0.0006491577808975655 0.42373647001682146
1.1599103244125615 0.9244038625014498 3956.106732046827 -0.0003137241224498349 0.41125699560957846
1.423730226642347 0.6707411862911687 4200.950019942057 -0.0004227299837046494 0.6626797107254536
1.5439141896697175 0.662719904391281 4039.6336262878835 0.0008223444087294393 0.7348810601347104
1.5439141896697175 0.662719904391281 4039.6336262878835 0.0008223444087294393 0.7348810601347104
1.035562238154894 0.8983544949262816 4447.869193128205 -0.000280506023897031 0.3690288824857376
1.292112100146066 0.8523180298700554 4434.101002238854 0.00013827961333951627 0.9526023828622788
1.0888726588959996 0.9788524575931578 4139.8586839193795 0.0008541826184904646 0.4868313100873583
1.1194570054996091 0.7978974179762354 4752.8144983900775 -0.0005350922454094706 0.31697172120798833
1.15283100605011 0.9688689783215523 4396.6966817379 0.00027715603885645503 0.45212793350219727
1.15283100605011 0.9688689783215523 4396.6966817379 0.00027715603885645503 0.45212793350219727
1.2375190619259626 0.8048373069197218 4700.503251605522 0.00035454005375731975 0.39013374556720426
1.381610642784107 0.6904613035208879 4855.153382507282 -0.00016557336990599296 0.681020644998588
1.0641281273363448 0.8740311770421505 4650.5547193780185 -0.000205667566807253 0.36738352429021004
1.002170099504715 0.9350506492637308 4886.664075904617 0.00024509876649559184 0.3383318286169598
1.4649690221458864 0.6201624847584203 4128.826612566547 0.00022849555343501293 0.4746433582659556
1.4649690221458864 0.6201624847584203 4128.826612566547 0.00022849555343501293 0.4746433582659556
1.0918203633627708 0.7990170078172877 4685.342623293341 0.0003772125158618169 0.25906949688545
1.406311048200359 0.6979462272167899 4650.376863125606 -0.0004700687947667735 0.6670865249681583
1.1161663567413278 0.9509547202473877 4953.1791884318345 0.0006274376271205912 0.48398907220193865
1.1161663567413278 0.9509547202473877 4953.1791884318345 0.0006274376271205912 0.48398907220193865
1.3568484243162149 0.6655396439395833 4766.5839533706 0.00034280360672155714 0.7102465450732552
1.1456185309648408 0.9106857208057817 4975.714236083064 -0.0002893505510974626 0.5222396685744463
1.1456185309648408 0.9106857208057817 4975.714236083064 -0.0002893505510974626 0.5222396685744463
0.9876955502682265 0.7053405094731199 4257.685368837749 0.00011320343185955316 0.2063872025745654
0.9876955502682265 0.7053405094731199 4257.685368837749 0.00011320343185955316 0.2063872025745654
1.2736264442780039 0.7949562993283352 4821.146903711438 0.0007687046744878338 0.3987229032397961
1.4633220663869348 0.6557728438773608 4707.400142572467 -0.0005851403921707163 0.5445250568681341
1.1843965077479872 0.7396732507093006 4639.475952172615 0.00019787346392591238 0.286521060105032
1.1484931626347605 0.757564688028358 4408.145429881085 8.675127956415263e-05 0.27734569849456525
1.2599891978302793 0.7868616412135598 4671.781043090634 0.0003915322782570258 0.5838653548780112
1.2203362921481433 0.6789883399269916 4974.523923731708 -0.0004925095539752115 0.4155640350005656
1.4775519785037932 0.68383471929097 4663.288234246132 -0.00012851638395584668 0.8889176407902613
1.3957015380274853 0.7158350834165377 4768.54948426014 -0.00023452180982083082 0.831502129029718
1.3957015380274853 0.7158350834165377 4768.54948426014 -0.00023452180982083082 0.831502129029718
1.1816281689430996 0.8136873776521575 4768.133106505536 -0.0005810190933784845 0.6113764410506499
1.241377996933613 0.9171402072184314 4127.5809270069585 6.62328854350448e-05 0.7689124019767755
1.241377996933613 0.9171402072184314 4127.5809270069585 6.62328854350448e-05 0.7689124019767755
0.9329554868033507 0.6969097648168647 4920.294420577303 -0.00023406551374381617 0.1811365910959874
1.4018947955290249 0.6453113154783086 4468.325626945488 0.00022819541283683562 0.4312145421537282
1.2954647927709382 0.6651750764332669 4083.034955667946 -0.0005332740275078059 0.21556705995882905
1.2829677108994215 0.6717989130752404 4897.3563594376055 -0.00021327662260649556 0.46925071878163876
1.2829677108994215 0.6717989130752404 4897.3563594376055 -0.00021327662260649556 0.46925071878163876
1.0706873433975894 0.7583005946024266 4591.953194533439 0.0005003095414068924 0.26089943586653974
1.5903333014304128 0.6609630455189914 4169.45796310397 0.00036433827308813947 0.668387400781518
1.5903333014304128 0.6609630455189914 4169.45796310397 0.00036433827308813947 0.668387400781518
1.3355619112127182 0.6670203142792396 4164.295395778458 0.0002621229889422445 0.30423607845909684
1.1936174631118774 0.8880763351917267 4233.747616946697 0.0002032417088095524 0.9059914350509644
1.1936174631118774 0.8880763351917267 4233.747616946697 0.0002032417088095524 0.9059914350509644
1.2570732289891056 0.6896313724378373 4773.275493670299 -0.0001597279609768561 0.2816377092961211
1.3042900509300082 0.720537343388343 4186.846009391744 0.00048225279238303475 0.7934997054729382
1.1822490292029064 0.9287616586922431 4321.103082275848 0.00012881911705805884 0.3541865850684054
1.3189389744301572 0.7033203785396249 4623.339450688805 -0.00045138535804350327 0.9911401986127947
1.1125462711494112 0.9463175014021497 4512.584937642352 -0.0003312552546862334 0.38325952339004105
1.3334550818663828 0.7079954831556412 4421.817454156735 1.6580102964739783e-05 0.6086180754679734
1.3334550818663828 0.7079954831556412 4421.817454156735 1.6580102964739783e-05 0.6086180754679734
1.5359437582854922 0.6922002385800075 4219.268434143186 2.3677205415157307e-05 0.8403311205592101
1.5359437582854922 0.6922002385800075 4219.268434143186 2.3677205415157307e-05 0.8403311205592101
1.1191485470457359 0.7638439540394854 4165.995902044997 3.3406713999690845e-05 0.23932638478357748
1.094024151351793 0.7266107748263775 4559.198865228734 0.00035611827040849783 0.21599769690993764
1.2392854345303386 0.6724948216571048 4392.624319743305 0.0007959683968570721 0.42083458834912935
1.207164786025765 0.9191401619414239 3981.7863763416544 0.00029360004804067184 0.748198096231218
1.3591004886427116 0.6719532806442956 4340.640216912562 -0.0003492620385610854 0.6178193458194605
1.3591004886427116 0.6719532806442956 4340.640216912562 -0.0003492620385610854 0.6178193458194605
1.38919171113425 0.6275146912421283 4971.801211010266 5.014615074306643e-05 0.5285022481349156
1.38919171113425 0.6275146912421283 4971.801211010266 5.014615074306643e-05 0.5285022481349156
1.367370903717644 0.6629693571873423 4419.6687413769105 -9.814963966816906e-05 0.685997624611721
1.367370903717644 0.6629693571873423 4419.6687413769105 -9.814963966816906e-05 0.685997624611721
1.080193538926518 0.7730510479241921 4718.442178143383 0.00022537010535107248 0.2439874137461708
1.496376782340555 0.622358273582518 4848.063846547843 0.0005558744460228595 0.4569334353344514
1.496376782340555 0.622358273582518 4848.063846547843 0.0005558744460228595 0.4569334353344514
1.4671650323566856 0.6302608825642032 4618.80270477845 0.00013501767208884508 0.48505349928711605
1.4671650323566856 0.6302608825642032 4618.80270477845 0.00013501767208884508 0.48505349928711605
1.1472722843702963 0.6738161980080408 4892.016648775172 8.295796658138577e-05 0.2585040519001709
1.3631797827653864 0.581447962590717 4735.661444742783 -2.700200112534989e-05 0.5075959340851048
1.3111093115835377 0.7401988785447357 4732.018844932958 -0.00018736029944343603 0.7192681917500572
1.238951235046911 0.6739949163123405 4182.867634697799 -0.0002759480966046376 0.29834666529873133
1.3428750611363327 0.7210413298724808 4351.62434965949 0.00028722474174659783 0.912424979604165
1.2184503205637185 0.7479383604292074 4615.405397521149 0.00010269703817720522 0.303226233628993
1.3340636292045875 0.8183066450494652 4112.525324531478 0.0002329160380867919 0.6735219394610533
1.0547251159572328 0.7412186557747473 4351.113479173708 1.826272388108486e-05 0.2116885166138779
1.127977282916951 0.8360712542034456 4152.302318631544 0.0007492823836461013 0.492571014304915
1.5766830751389205 0.7192351154142702 4053.3956977629873 0.0003579393677205193 0.9192260299268771
1.5766830751389205 0.7192351154142702 4053.3956977629873 0.0003579393677205193 0.9192260299268771
1.3624487580467526 0.6455955219066781 4668.967291048891 -0.0005362901594661768 0.4891142618064144
1.3624487580467526 0.6455955219066781 4668.967291048891 -0.0005362901594661768 0.4891142618064144
1.1081388535028953 0.8579612236211718 4547.206389772559 -0.00021694952421692247 0.3506816932916794
1.4012760478903012 0.7003030318875539 4821.981522291895 0.0008341107249317004 0.9093646141925664
1.4012760478903012 0.7003030318875539 4821.981522291895 0.0008341107249317004 0.9093646141925664
1.5455399318552838 0.6920795418574287 4773.880275136055 -0.0005288644255290628 0.8962048786519694
1.5455399318552838 0.6920795418574287 4773.880275136055 -0.0005288644255290628 0.8962048786519694
1.4251907068069336 0.726503744379861 4943.682792810302 -0.00047274372584557816 0.8859260392286609
1.456541622094887 0.6328839552906174 4814.075373152624 0.00030472175708972765 0.6270165567379996
1.206079253679563 0.9323050710734164 4020.837187772969 4.1563433170405315e-05 0.5338779913768682
1.3465153725511576 0.6180280750571465 4825.382563338154 0.00012147166489770164 0.5050230992751996
1.2940966901519357 0.753245828979243 4630.424622799355 0.0003593557034940904 0.5918321480836612
1.276641730751672 0.6714934291399139 4758.207941874259 0.0007226844009656009 0.5415857272527723
1.484540057632172 0.638158994556367 4561.675150773711 -2.4215497366078476e-05 0.5102028604026716
1.484540057632172 0.638158994556367 4561.675150773711 -2.4215497366078476e-05 0.5102028604026716
0.959774051574702 0.7516683903571566 4692.387517011983 0.000585441500786358 0.2446181738883551
0.959774051574702 0.7516683903571566 4692.387517011983 0.000585441500786358 0.2446181738883551
1.1699090128293452 0.953384818921917 4385.87837326484 -0.00021111539895358284 0.3715296119120477
1.1699090128293452 0.953384818921917 4385.87837326484 -0.00021111539895358284 0.3715296119120477
1.1892422270553116 0.984276462384736 4460.629901194823 -0.0003112196681597003 0.563589486785451
1.1372298151576692 0.8813411480443667 4202.653973255217 0.0001565995177993426 0.4373513629637678
1.1372298151576692 0.8813411480443667 4202.653973255217 0.0001565995177993426 0.4373513629637678
1.2791352822416568 0.6524149303935961 4901.48357206067 -0.00013289831919754855 0.2904983730069209
1.2791352822416568 0.6524149303935961 4901.48357206067 -0.00013289831919754855 0.2904983730069209
1.009091369995926 0.766558212202878 4641.90068617665 0.0005300794717653836 0.2336896881378251
1.5537303529202284 0.7273278800252314 4120.103088637701 0.00027156378482129617 0.9534077176291937
1.5537303529202284 0.7273278800252314 4120.103088637701 0.00027156378482129617 0.9534077176291937
1.4986687182101455 0.5995850885754064 4260.137084860779 -0.00010400677078023222 0.4634537695427706
1.1926078081130982 0.8538450673222542 4219.056902825832 0.00013048666773659803 0.4288311004638672
1.3777325848862052 0.6710251433646274 4242.458731044469 0.000803565884079275 0.6639270964444838
1.3777325848862052 0.6710251433646274 4242.458731044469 0.000803565884079275 0.6639270964444838
1.0836184998192813 0.9352048071431464 4722.139252379496 0.00024077439003572808 0.574596003192175
1.2055519748234769 0.9852600924187707 4445.216186466693 -0.00048467782008665454 0.4047193415291571
1.2055519748234769 0.9852600924187707 4445.216186466693 -0.00048467782008665454 0.4047193415291571
1.4747366294200615 0.6790658400193319 4474.914779377118 0.0004724829570639326 0.7269133088052421
1.4747366294200615 0.6790658400193319 4474.914779377118 0.0004724829570639326 0.7269133088052421
1.3914986848831177 0.6909486278891563 4762.124469459057 -6.864739918452579e-05 0.7928422689437866
1.1625883563240171 0.646358105906238 4984.892609786743 7.166798667123944e-05 0.18045791811126474
1.190129738923426 0.8318798424639349 4807.481371328568 -0.00044088689201892057 0.3871402633257335
1.395359347451952 0.6641774748130784 4877.997121079026 -0.00014417847093133518 0.5064337124170986
1.3259885171028638 0.8603704703674865 4305.218073107005 -0.00037270931547044077 0.9562040121345021
1.3259885171028638 0.8603704703674865 4305.218073107005 -0.00037270931547044077 0.9562040121345021
1.5089059021076063 0.6948149614120613 4525.61659825724 -2.323937795312368e-06 0.8616658513487022
1.5089059021076063 0.6948149614120613 4525.61659825724 -2.323937795312368e-06 0.8616658513487022
1.215242679835526 0.6560904650603566 4890.979033786793 -3.670321098943562e-05 0.30477918782786273
0.9481184618018296 0.6866008368662431 4799.611229351124 0.00019461716204912692 0.19028823161490563
1.113132050097937 0.9997717762407431 4329.250003125678 5.748687279498599e-05 0.45025120353711945
1.113132050097937 0.9997717762407431 4329.250003125678 5.748687279498599e-05 0.45025120353711945
0.9947077007671344 0.7922923675637392 4821.658018020391 0.0003363131230050239 0.2600829723212271
0.9947077007671344 0.7922923675637392 4821.658018020391 0.0003363131230050239 0.2600829723212271
1.1514672057852713 0.6853989565378453 4745.289651505818 -0.0006336880225005098 0.2251112367315921
1.1514672057852713 0.6853989565378453 4745.289651505818 -0.0006336880225005098 0.2251112367315921
1.3000025095869012 0.7661934995273866 4279.463436872133 -0.000687313441586959 0.4764714088420917
1.089978025568846 0.8324206237211513 4797.481694949791 0.00010764089244651105 0.2772385705726885
1.089978025568846 0.8324206237211513 4797.481694949791 0.00010764089244651105 0.2772385705726885
1.3262024461084965 0.7211158012019874 4639.013354761924 0.0005611630295723765 0.5922719979375386
1.1579852894428728 0.9539928086786269 4965.98011512822 0.00017559162288455996 0.9195773686006188
1.430849792687236 0.6900495722509479 4219.0099885945665 0.0003696493003973979 0.7343843833451247
1.430849792687236 0.6900495722509479 4219.0099885945665 0.0003696493003973979 0.7343843833451247
1.2303086965929342 0.7083389813120909 4820.537213072002 0.0003801043831247887 0.7838869035670211
1.1244339117604722 0.7060373310335292 4912.509486231517 7.944041222722613e-05 0.220695957739978
1.049621865252534 0.8636042989751275 4521.368888171197 -7.671114248334665e-05 0.3304276729285457
1.3685012668570355 0.6875802129956913 4972.793382384078 -0.00038874878258592647 0.856816099689997
1.3685012668570355 0.6875802129956913 4972.793382384078 -0.00038874878258592647 0.856816099689997
1.4518657465039586 0.6511031222451527 4837.873353028469 0.0004767549963070217 0.5014800440185503
1.0768204809054613 0.7909364730808147 4391.119441150518 -0.00017055154422979135 0.2771169197887212
1.0768204809054613 0.7909364730808147 4391.119441150518 -0.00017055154422979135 0.2771169197887212
1.1826093433168219 0.7734252168299872 4807.711760929064 0.0005278354598766702 0.30547544450492
1.1826093433168219 0.7734252168299872 4807.711760929064 0.0005278354598766702 0.30547544450492
1.1279443599620342 0.8173091911795516 4147.264350778617 -0.0001601292228244011 0.3300951207812207
1.1507027951832551 0.9711335486240393 4070.6776735441476 0.00017951254456732298 0.40414489484638993
1.2879170250614072 0.6981854519405434 4665.76212289097 -0.000529865283239905 0.4335874795247873
1.1296914849836548 0.9348403542803034 4977.7208247326125 -0.00027236889357250206 0.4869456367490163
1.1296914849836548 0.9348403542803034 4977.7208247326125 -0.00027236889357250206 0.4869456367490163
1.3717314527784639 0.7190618015658389 4264.147765779403 0.00027355604164150784 0.6077843045548688
1.3717314527784639 0.7190618015658389 4264.147765779403 0.00027355604164150784 0.6077843045548688
1.198897572575407 0.7592152375097695 4941.942808833214 0.00013310728405784673 0.39875130555319566
1.1313541543445504 0.8174385970229756 4940.465626745828 -0.00041949612005126466 0.2801712399993508
1.1313541543445504 0.8174385970229756 4940.465626745828 -0.00041949612005126466 0.2801712399993508
1.1471894507450993 0.7673624918727281 4805.02681407458 -0.00010357540885547467 0.3348218890142626
1.1471894507450993 0.7673624918727281 4805.02681407458 -0.00010357540885547467 0.3348218890142626
1.4077724022438707 0.7226854615633673 4306.248879357816 -0.00012361347298785882 0.7337672839087406
1.4561559202222145 0.6841576027119048 4120.572148358147 0.0003330386189069192 0.7936356035815184
1.0932100069346242 0.6880051276750718 4142.258616924375 -2.2581995186312836e-05 0.18677495084397855
1.0932100069346242 0.6880051276750718 4142.258616924375 -2.2581995186312836e-05 0.18677495084397855
1.2286805879233051 0.9916784687415339 4593.704439179044 0.00010825860764221323 0.5601451682829185
1.096260017699561 0.824377220303446 4447.622606457465 -0.0002908833592595627 0.2988084863159296
1.2710261705358334 0.6200385182785995 4995.60954979402 0.000380190521295948 0.5570574044112513
1.1995624236235427 0.8224946105010426 4878.985687041151 0.0004776859732130235 0.34697817903271944
1.1995624236235427 0.8224946105010426 4878.985687041151 0.0004776859732130235 0.34697817903271944
1.1104818537868115 0.8071994888581966 4587.762466772445 -0.00011503561916695305 0.3259468548014744
1.5189433494962494 0.7268680919550278 4324.364267819883 0.000433786086877705 0.9455085444559741
1.1424207297245477 0.9637603217523439 4736.981452165723 0.00033339740388448855 0.618692352254725
1.159153693599751 0.933126068721834 4487.353912584722 0.00046626246220989644 0.4598562619690268
1.159153693599751 0.933126068721834 4487.353912584722 0.00046626246220989644 0.4598562619690268
1.442627572269385 0.717085427980372 4589.171507096844 -0.0003337999948582534 0.7234639790287798
1.442627572269385 0.717085427980372 4589.171507096844 -0.0003337999948582534 0.7234639790287798
1.1333303547145297 0.8414797907500408 4203.4475631408495 -0.00010683027194037925 0.3627453489883372
1.1333303547145297 0.8414797907500408 4203.4475631408495 -0.00010683027194037925 0.3627453489883372
1.0511360911761158 0.8823179785031054 4858.359749480176 -0.000791008452936943 0.3931280258675842
1.0511360911761158 0.8823179785031054 4858.359749480176 -0.000791008452936943 0.3931280258675842
1.2706128720549583 0.8616634822539662 4476.872327965831 -0.00021948653213790838 0.939191200837775
1.5614550021426394 0.6706048635026354 4747.003282652881 0.0001210189082184741 0.7548031210016557
1.2115162074239816 0.8010185015340741 4980.0419683106975 9.562194808719051e-05 0.632435967784027
1.2393575719723087 0.7692747658892911 4116.288221736375 -0.0007137950706004692 0.45643340660761983
1.3858482323054298 0.6944648059468539 4740.413641606109 1.7608153521859474e-06 0.9390822460018267
1.3858482323054298 0.6944648059468539 4740.413641606109 1.7608153521859474e-06 0.9390822460018267
1.0848225266563394 0.9170334157421411 4826.424031312392 8.757186071285328e-05 0.3629834157677929
1.0848225266563394 0.9170334157421411 4826.424031312392 8.757186071285328e-05 0.3629834157677929
1.0798524952339172 0.9084973611089773 4860.294468336531 0.0004746495351843752 0.43174960000742524
1.0611185247322856 0.879579428369251 4973.0921913682205 -0.00021212121530003123 0.4186731916444677
1.0611185247322856 0.879579428369251 4973.0921913682205 -0.00021212121530003123 0.4186731916444677
1.3243102416010368 0.6475596255640013 4790.730496504092 0.00017480820253069784 0.46853331070438653
1.3243102416010368 0.6475596255640013 4790.730496504092 0.00017480820253069784 0.46853331070438653
1.3593259918495257 0.723064756485569 4365.869262886539 -0.00040078988178889817 0.672217246892047
1.3593259918495257 0.723064756485569 4365.869262886539 -0.00040078988178889817 0.672217246892047
1.2274891199669171 0.9964323731666241 4767.940773832859 -0.00013986140194242796 0.6472906202554907
1.504087141278358 0.7092524375373844 4344.763029029597 -5.577510902681856e-05 0.7184675975211953
1.5845104175177025 0.7162716030778222 4324.236003224624 6.841847198408354e-05 0.89475433258425
1.5845104175177025 0.7162716030778222 4324.236003224624 6.841847198408354e-05 0.89475433258425
1.0168597387871574 0.7157055587733523 4905.436841404041 -0.00015525862091849058 0.2490765700563149
1.0168597387871574 0.7157055587733523 4905.436841404041 -0.00015525862091849058 0.2490765700563149
1.2560436267290964 0.8146383359227087 4037.6029663622962 0.0004111965246899846 0.48548393286648484
1.2560436267290964 0.8146383359227087 4037.6029663622962 0.0004111965246899846 0.48548393286648484
1.211269226090906 0.9786333509200777 4700.5943529026035 -0.00013333384861400108 0.6881203395430581
1.211269226090906 0.9786333509200777 4700.5943529026035 -0.00013333384861400108 0.6881203395430581
1.1644816527653574 0.6750879724927971 4537.884215888229 0.0007483398611770962 0.20295335990426358
1.1644816527653574 0.6750879724927971 4537.884215888229 0.0007483398611770962 0.20295335990426358
0.9669394525246523 0.8080621780976587 4463.600577751756 0.0001655739980292402 0.2786060442743978
1.1126557843367664 0.7201411164149442 4255.443429055339 -0.00018157675257211527 0.2460009898725743
1.0755133441185516 0.8905711625196108 4138.662749411027 0.0005055551593296593 0.5157327676351422
1.0755133441185516 0.8905711625196108 4138.662749411027 0.0005055551593296593 0.5157327676351422
1.2965872629186035 0.8671056713054215 4614.460102465214 0.0008006309576715341 0.5940285592144835
1.2817357424744995 0.6828205606641121 4382.991378775833 0.0003896231137357355 0.5349461463123657
1.2817357424744995 0.6828205606641121 4382.991378775833 0.0003896231137357355 0.5349461463123657
1.232375864575282 0.8102991240430651 4642.146876753827 -0.00022446273373377226 0.46629221217833333
1.4746196635622728 0.6738433387682523 4675.977268467093 0.00017966912586302639 0.7438853600935168
1.3092711055106534 0.6079189755614034 4984.880623448085 2.1612928481133502e-05 0.42432386258649124
1.3092711055106534 0.6079189755614034 4984.880623448085 2.1612928481133502e-05 0.42432386258649124
1.5890100427224318 0.6905733460337947 4814.247731127629 -0.000232945738123518 0.7221974834320153
1.119425646379379 0.6980935324430116 4704.010960626597 -0.000347437653377478 0.17890633552558272
1.1238322216846859 0.9604552069927734 4953.647831046293 -0.00014443530309743424 0.3468750173940397
1.0835983903020379 0.685053238176906 4636.164843583245 0.00011146842114148624 0.23895643326453958
1.0835983903020379 0.685053238176906 4636.164843583245 0.00011146842114148624 0.23895643326453958
1.351010734709012 0.6837718988930042 4475.792057953187 -0.0008114179167408889 0.6593233663307223
1.4475207179202143 0.7181213149753242 4905.392863025653 0.0003971956323155896 0.8367642567652038
1.2231517199132547 0.8795705392419468 4741.766468028547 -9.266610160532097e-05 0.6672753203607912
1.2231517199132547 0.8795705392419468 4741.766468028547 -9.266610160532097e-05 0.6672753203607912
1.2712321305213967 0.9241385473421364 4850.16119099485 -0.00042462593047501765 0.38901290666197186
1.1441307726168959 0.6686404570309863 4253.626637163062 0.00046609645199708445 0.19107924595172565
1.3519697716207137 0.8049871226508574 4264.875518199631 0.00021276376974199178 0.8735109603172311
1.1728816986083985 0.8673753440380096 4387.402459144592 -0.00023053669192864358 0.39261603355407715
1.0637144390886857 0.6970416756351108 4483.530788519465 -5.076607620252214e-05 0.21277785177940195
1.0637144390886857 0.6970416756351108 4483.530788519465 -5.076607620252214e-05 0.21277785177940195
1.145618724822998 0.941044420003891 4908.210392475128 7.129620349652806e-05 0.6524149179458618
1.4459897652643485 0.7273179898328784 4576.895292985727 -0.00037028999776585387 0.991287407723553
1.1960338248061881 0.7594451303401523 4930.093276793165 0.0007773611513172175 0.31503123766895247
1.1512400566751813 0.8760025369253813 4746.816800862813 -0.0006934491681541497 0.6382424944072851
1.1512400566751813 0.8760025369253813 4746.816800862813 -0.0006934491681541497 0.6382424944072851
1.2423193303926119 0.951359287727499 4046.8025671777264 0.00017889332918750078 0.7849846841830371
1.2423193303926119 0.951359287727499 4046.8025671777264 0.00017889332918750078 0.7849846841830371
1.0414474412255958 0.6871967208636056 4438.151544393666 -0.00012886874643656387 0.1753258529733926
1.2852183190994835 0.7032752675856067 4350.034038849007 -8.856704308138695e-05 0.7633103127137046
1.3205743798675615 0.6520982218071147 4800.128641917789 0.0006273278512154728 0.6825219085652197
1.0712235076739565 0.7233438190564899 4735.8905889936905 -0.0004511322863586564 0.26733429327475333
1.0712235076739565 0.7233438190564899 4735.8905889936905 -0.0004511322863586564 0.26733429327475333
1.6235612643144184 0.6949705528828385 4060.322360301996 3.683670180758462e-06 0.7607409524678272
1.1192773612767817 0.8932841730502221 4763.642888033872 0.00026143215706067406 0.48643594052607586
1.239461350440979 0.6633778512477875 4867.039788365364 0.0005652921405540075 0.5594955682754517
1.239461350440979 0.6633778512477875 4867.039788365364 0.0005652921405540075 0.5594955682754517
1.1977168393925586 0.7959698744087621 4643.446834650775 6.535613482077271e-05 0.36568755504927974
1.3936297920511804 0.72131964171655 4750.067895801397 -0.00010615499595316662 0.7304404150977941
1.3936297920511804 0.72131964171655 4750.067895801397 -0.00010615499595316662 0.7304404150977941
1.3144356843521348 0.6724924978522248 4460.552257176445 0.0003108483657051631 0.5827081213320493
1.1579822991700974 0.9125293818446983 4504.763486139247 0.00020225165092032271 0.7407625758308953
1.498100851066953 0.6966083542709557 4947.168488414582 0.0001469171258219461 0.9671722209244894
1.498100851066953 0.6966083542709557 4947.168488414582 0.0001469171258219461 0.9671722209244894
1.283746332704073 0.9473537952116573 4160.042521134805 -0.00047158581712878294 0.6019239825004641
1.283746332704073 0.9473537952116573 4160.042521134805 -0.00047158581712878294 0.6019239825004641
1.1127151369486632 0.6849277790553019 4825.244077843333 0.00033562414818319865 0.22353142138691093
1.1662491666768184 0.9179354572595628 4589.710716677097 8.993324493824707e-05 0.36655480087011827
1.1662491666768184 0.9179354572595628 4589.710716677097 8.993324493824707e-05 0.36655480087011827
1.3396331119234337 0.681053395747707 4352.1610174458465 -0.00018200789183063943 0.3131388632576935
1.3396331119234337 0.681053395747707 4352.1610174458465 -0.00018200789183063943 0.3131388632576935
1.1430277972958516 0.9380116252018206 4728.0660571824465 -0.00017657150721907275 0.5773933257632655
1.295478584687248 0.7274077852392826 4073.3553679970028 -6.098911896681544e-05 0.6766741341733096
1.0470222046732514 0.8094553365117563 4509.445542653037 -0.00021930133824270382 0.348012818051999
1.0470222046732514 0.8094553365117563 4509.445542653037 -0.00021930133824270382 0.348012818051999
1.117280554557765 0.8716183648758815 4258.232166763914 0.0004554106881696714 0.4583905345983158
1.3289221996110827 0.6250355191509672 4246.803280899352 0.000386511844878067 0.5511107617851322
1.463741466617769 0.7102808103025889 4086.74109775736 -0.0002012711465559298 0.972494220743273
1.2976543577646942 0.5985387964850858 4772.094544246592 -0.00030132374026976664 0.4708623617683171
1.2976543577646942 0.5985387964850858 4772.094544246592 -0.00030132374026976664 0.4708623617683171
0.9862664161265173 0.6705805172158388 4479.013679666814 0.00016895075030458838 0.20124677138591474
0.9862664161265173 0.6705805172158388 4479.013679666814 0.00016895075030458838 0.20124677138591474
1.4957531985826693 0.5981924017279779 4302.8974298657695 -0.00017840753704816337 0.5179654017467017
1.3765602998968824 0.6735203733912576 4095.7322803117904 3.6332737653255656e-06 0.6009376597840426
1.174367642402649 0.9678931757807732 4638.129166781902 0.00010114596691121594 0.5867181420326233
1.4901224586552195 0.6593356786867038 4679.92598982379 -0.00028795494477706744 0.7256833843330726
1.3347342375145308 0.579758331643622 4498.335420530312 -0.0003344841505029078 0.527716802272225
1.3848657837732183 0.6849565610328996 4308.561093903528 3.187148932355111e-05 0.8356898787100432
1.3848657837732183 0.6849565610328996 4308.561093903528 3.187148932355111e-05 0.8356898787100432
1.2794045498201805 0.881286785395033 3985.0075480244936 0.0009006870692902429 0.37701901481505085
1.3475629527346338 0.647016398142006 4982.541780931354 -0.00028388999190406567 0.5768357406195306
1.3475629527346338 0.647016398142006 4982.541780931354 -0.00028388999190406567 0.5768357406195306
1.2294127375754909 0.6470708042758009 4858.521279687794 7.195365367380455e-06 0.3088593431709226
1.1121089137708258 0.802969097929786 4861.48169187665 4.699345558326766e-05 0.27904121953532485
1.5090185158778209 0.692902482738261 4199.870739213891 -0.000606232439429685 0.8957695216415588
1.5090185158778209 0.692902482738261 4199.870739213891 -0.000606232439429685 0.8957695216415588
1.1512634417263499 0.8929297540604157 4886.43957990176 3.0847367750809464e-05 0.7790803185747521
1.2611659646711864 0.6614042312248372 4873.933994440408 -0.000433325705751738 0.43805976005151515
1.1650588561142399 0.9519574380057814 4914.597950981943 -6.318119239426143e-05 0.5341687300129273
1.2600848127820283 0.6829938646474258 4380.932477017573 -0.00016810329011868647 0.5843758501235072
1.1058871466121492 0.8849919655074472 4526.579119569006 0.00022238573386278097 0.3059155767844136
1.1058871466121492 0.8849919655074472 4526.579119569006 0.00022238573386278097 0.3059155767844136
1.4073229470673487 0.6542798036451578 4743.389583311447 0.00039040696680879864 0.7170521245963634
1.3180636399197332 0.7449047376153995 4070.102441350927 0.00024311423450033926 0.5291093296996988
1.3180636399197332 0.7449047376153995 4070.102441350927 0.00024311423450033926 0.5291093296996988
1.0670097861473256 0.7473043065224486 3926.710812125236 0.0003529560927769906 0.2396959354632438
1.1107599582420355 0.9119605555706297 4263.674936640579 0.0001427346447357105 0.5349333123775029
1.1545367690383928 0.8876413591109369 4792.4987963618805 0.00015164108047684195 0.6552673525651931
1.157909991301946 0.9471312162611657 4225.922948673355 9.348431758388467e-05 0.47587233339889545
1.1480144518378563 0.8978111354743016 4380.727941378024 0.0008730208925317186 0.6223437037603681
1.2195660288407462 0.7050688582458755 4513.425574440498 0.00026878799560364856 0.5814163050981282
1.2662183821874868 0.6547126534438981 4850.560234877684 0.0003444125907363722 0.22104264734270723
1.2662183821874868 0.6547126534438981 4850.560234877684 0.0003444125907363722 0.22104264734270723
1.1155634375777281 0.826966732508092 4520.589693014935 -0.000141748374289432 0.42404669671217365
1.5064101423221095 0.6250716128843707 4449.71286023939 -0.0003877540479514308 0.4802015731300777
1.5064101423221095 0.6250716128843707 4449.71286023939 -0.0003877540479514308 0.4802015731300777
1.288577536702546 0.7356034830583301 4818.4793652183225 0.00016165811896881884 0.48582051433674045
1.3487871077671567 0.6918009869028862 4272.012711046378 6.318908431752598e-05 0.6476420170352933
1.3487871077671567 0.6918009869028862 4272.012711046378 6.318908431752598e-05 0.6476420170352933
1.1271483555611423 0.7169467589463014 4964.836438627535 0.00023248947505762738 0.1872868210650434
1.229839194000792 0.6602284865575895 4680.274412872079 0.0005139610945188055 0.39907548690869304
1.229839194000792 0.6602284865575895 4680.274412872079 0.0005139610945188055 0.39907548690869304
1.3511633845547593 0.656099214796099 4707.189437038836 -0.00028248988007284747 0.6256189024821216
1.1802262590042347 0.804672339255259 4753.14260900933 0.0002253914482291878 0.35046775010409204
1.1802262590042347 0.804672339255259 4753.14260900933 0.0002253914482291878 0.35046775010409204
1.1428310541943 0.8007881700569386 4733.672299970195 -0.00100842643319657 0.2807918666279425
1.1428310541943 0.8007881700569386 4733.672299970195 -0.00100842643319657 0.2807918666279425
1.360637964969822 0.6562950236068603 4871.90635048025 4.923513187851929e-05 0.5194634383419899
1.360637964969822 0.6562950236068603 4871.90635048025 4.923513187851929e-05 0.5194634383419899
1.312477768592844 0.6449310451094106 4253.809520499029 -0.0005503716624395858 0.466496715913123
1.312477768592844 0.6449310451094106 4253.809520499029 -0.0005503716624395858 0.466496715913123
1.3653399483018003 0.7047142963989337 4092.5239223972626 -0.00021807393353777036 0.5993180338949438
1.3821252180393016 0.6495059040805596 4877.304424241478 -0.00088200609967502 0.4794564729342939
1.3873880100485645 0.7188582644852741 4371.743294391182 0.00042345433693866737 0.6823513389989581
1.3873880100485645 0.7188582644852741 4371.743294391182 0.00042345433693866737 0.6823513389989581
1.4292850156042323 0.7101944917969699 4474.459058111457 0.0007740934195827926 0.8124609755864057
1.4292850156042323 0.7101944917969699 4474.459058111457 0.0007740934195827926 0.8124609755864057
1.1450880683504023 0.8616489720918268 4133.980158868038 -0.00011288332649597371 0.39223202244121647
1.4141754153259107 0.6735894910291481 4654.418326797174 0.0007180206061635091 0.6679081626043841
1.455248317517996 0.6942054447542069 4351.669159734146 -0.0003517364114927575 0.8818250773762065
1.455248317517996 0.6942054447542069 4351.669159734146 -0.0003517364114927575 0.8818250773762065
1.142601346333697 0.7328762906998184 4397.75656786485 -0.0006702518606010755 0.2874996800040876
1.0120708038429387 0.7635193056300837 4746.6189409096305 -0.000987426455157567 0.2758003850520021
0.9735566235151714 0.6751571018897701 4705.239141131284 -7.39479823628691e-05 0.19617061958795576
1.1021292366691902 0.8327484736700372 4083.1136902894236 -3.6915847140872094e-05 0.2798287484802015
1.1021292366691902 0.8327484736700372 4083.1136902894236 -3.6915847140872094e-05 0.2798287484802015
1.2391423477388805 0.7418848864148472 4857.43361198638 -4.9381233114343415e-05 0.8479566136677383
1.3833299224579187 0.6591965595137544 4998.282253823813 2.3417082015404362e-05 0.6990804984504666
1.0717084108207655 0.9375903065546822 4859.942443040772 -0.00011982269593583386 0.43511254830655544
1.2626917345457975 0.7997604067818571 4855.316934154984 -0.00010227654937122033 0.8069235314331349
1.2626917345457975 0.7997604067818571 4855.316934154984 -0.00010227654937122033 0.8069235314331349
1.3666381762742499 0.7209873428921675 4944.171797810902 -0.0007683378691917933 0.7801146102729234
1.206925068875523 0.7546344275561955 4279.372093537959 0.00032921623499195603 0.26156741703616426
1.361275929701705 0.6789295849272621 4143.6128360193325 2.5594519503679752e-05 0.6813129171366988
1.361275929701705 0.6789295849272621 4143.6128360193325 2.5594519503679752e-05 0.6813129171366988
1.4723181798154943 0.6777630369322705 4611.817280951919 -0.00018269452469322686 0.6999242015518101
1.4132549047470093 0.5980464890599251 4803.163320958614 -0.0003691163664193331 0.49460119009017944
1.4132549047470093 0.5980464890599251 4803.163320958614 -0.0003691163664193331 0.49460119009017944
1.522478752803765 0.7149781456678096 4832.905102088633 0.0007778222809107869 0.8293892482844962
1.3440564410327047 0.7049747134341756 4956.037926555543 0.0005622103523622888 0.6744182156805782
1.3209121207842016 0.7921354469567113 4624.3383051268365 -0.0003356139794909154 0.9209791494119858
1.3209121207842016 0.7921354469567113 4624.3383051268365 -0.0003356139794909154 0.9209791494119858
1.4052634043180745 0.6315532685564541 4829.539959071432 -0.0006903210671678596 0.4624409017179364
1.4052634043180745 0.6315532685564541 4829.539959071432 -0.0006903210671678596 0.4624409017179364
1.04563762073595 0.9112737262402764 4898.94114274642 -2.8707703156815263e-05 0.40650022526804475
1.238830126167648 0.7655644447913578 4382.304159964829 0.00012558472283831425 0.7161030430863263
1.238830126167648 0.7655644447913578 4382.304159964829 0.00012558472283831425 0.7161030430863263
1.268164584745903 0.9362535051118761 4864.563022734048 3.39793518373252e-05 0.7974054463408555
1.5707628622984133 0.7105615790476667 4469.581022658111 0.0005460890482025671 0.96407787991073
1.2734015938787366 0.6362566048628188 4778.967261450113 -9.055642248664044e-07 0.5015731207711559
1.1750029110538707 0.8966396683736692 4903.021600596012 -0.00014636579049564035 0.5156155096127537
1.5353608114447095 0.7127066725081117 4492.233164242709 0.0011283100645280153 0.8360933822007411
1.0858138220899824 0.629450221170914 4985.1737405605545 0.000683737003712143 0.18276283044116987
1.3843410843667923 0.6794197117607844 4970.282019726234 0.00019860409546026614 0.6063535012005887
1.3843410843667923 0.6794197117607844 4970.282019726234 0.00019860409546026614 0.6063535012005887
1.2648641769096391 0.9922448948516474 4142.489281199634 0.00010472484880308395 0.6232974365259428
1.2648641769096391 0.9922448948516474 4142.489281199634 0.00010472484880308395 0.6232974365259428
1.3758536985721572 0.7283631748136719 4657.386516177861 9.231429346208108e-05 0.445976063176817
1.2434696073079778 0.8248971907412277 4858.627836940043 0.00024082268392573562 0.8728006318237315
1.2434696073079778 0.8248971907412277 4858.627836940043 0.00024082268392573562 0.8728006318237315
1.2812330064906923 0.8843964605885601 4275.156118446297 0.00041013889041567494 0.700316488515466
1.2812330064906923 0.8843964605885601 4275.156118446297 0.00041013889041567494 0.700316488515466
1.3673416938779779 0.8275383966135982 4612.465445026662 -0.0001254885671481191 0.7777623359627294
1.0368964268637315 0.9335040440263191 4764.2686849183465 -8.653687517088306e-05 0.34759064660360256
1.2054570283306896 0.6788649820557345 4775.334092175872 -0.00018504562209323153 0.2284318285097273
1.4838262970197902 0.616955460694251 4926.274324704159 -0.0002327545415477782 0.5545724040842995
1.2444072875095638 0.6517287938693888 4684.927730189394 -0.00013449206210055078 0.49712523925956803
1.258424031774982 0.693427082748636 4303.419235556946 2.2168865102995383e-05 0.4899407035998554
1.258424031774982 0.693427082748636 4303.419235556946 2.2168865102995383e-05 0.4899407035998554
1.3778569205007858 0.6959466620578874 4334.325515051277 -0.00018902048117376438 0.6955368656232823
1.4466271585688832 0.62673292569588 3994.7295756176613 -0.0005645449372082263 0.5327411395814035
1.293411566001079 0.7069166837523057 4147.139578226193 -0.00027226113735542536 0.7808964788891691
1.4085306563175017 0.7349974468872931 4101.484931281428 -8.349743230411185e-05 0.8540834926799626
1.43092024690393 0.683374995449039 4596.159399954581 0.0003573077999565336 0.7428211041060739
1.1191443413796391 0.7860551178150895 3993.9614879388073 9.814757343097165e-05 0.25655736218965053
1.1463042786882462 0.9281313445366417 4220.44865366251 0.0002541699688171244 0.4365277530355233
1.2464483717424555 0.6773027715327008 4631.559217839765 0.0006430861265006832 0.523844153969286
1.037685388041566 0.9083416223482872 4899.307905262791 0.0003139049447229897 0.376664371564081
1.1568386128769073 0.7295340047933421 4858.182010416097 6.699701649607497e-05 0.21407990829903648
1.1568386128769073 0.7295340047933421 4858.182010416097 6.699701649607497e-05 0.21407990829903648
1.1807186764623405 0.7974448244267045 4596.555587258188 -0.00018970731395375243 0.34532871182088054
1.0417651903398426 0.9006950814875532 4757.448273408777 -0.00011959188967824126 0.3724717991587777
1.2698905289560862 0.951518108709763 4229.852998830074 0.0002717576633531288 0.45866139551845564
1.1211757665190425 0.9553663142877469 4567.911783165136 9.972354250217808e-05 0.5326299978684976
1.1368005655281515 0.7461194410227204 4461.885472531959 -0.00045416453551900713 0.2757820962006419
1.0879482578334247 0.836202619597614 4839.52433678647 1.9418320200358015e-05 0.3051287063444347
1.0879482578334247 0.836202619597614 4839.52433678647 1.9418320200358015e-05 0.3051287063444347
1.1828791109055063 0.9857078089081757 4365.7944558768 6.433009819222836e-05 0.4233486290851858
1.2778598474809386 0.640312270255129 4808.287410710024 -0.00030551900616748864 0.5990703136100164
1.2186950564396706 0.8141378289054008 4836.447888153978 0.0007008218929979072 0.5215501181496425
1.5572629082319431 0.6473317511634942 4526.383735202335 0.0001025564515304428 0.5339470321633595
1.2384345201944436 0.829311443825299 4841.383799674571 -0.0002882278814489038 0.6106704068023414
1.3749423116813624 0.692705987748609 4510.863330568387 -4.040651355897918e-06 0.5236748890648939
1.3749423116813624 0.692705987748609 4510.863330568387 -4.040651355897918e-06 0.5236748890648939
1.2736416896341656 0.889515769950682 4142.706327011084 -0.00035615927068535 0.5278216284421225
1.2736416896341656 0.889515769950682 4142.706327011084 -0.00035615927068535 0.5278216284421225
1.2853739883280972 0.6431747126933373 4908.635623864999 0.0004029883119245829 0.6146798874024342
1.16562473268336 0.9033803446010034 4114.376302656687 -0.0006606493418130106 0.487654141700369
1.0647279584012124 0.8909868763400031 4491.254705135378 6.234795768890465e-05 0.3835756091876612
1.0647279584012124 0.8909868763400031 4491.254705135378 6.234795768890465e-05 0.3835756091876612
1.0210641763357775 0.7101447807031132 4485.439750930075 -0.0002545777918521417 0.20876878187175774
1.0431435519658427 0.9408876489306152 4684.486251264299 0.00034380042873853963 0.41543632777624107
1.4833618968694775 0.7216411661238408 4585.270126495168 -0.0003431186558285544 0.85035398726683
1.4833618968694775 0.7216411661238408 4585.270126495168 -0.0003431186558285544 0.85035398726683
1.308901928636025 0.7356528650714393 4104.761580249254 0.0003265524478871553 0.3617925896909142
1.308901928636025 0.7356528650714393 4104.761580249254 0.0003265524478871553 0.3617925896909142
1.1364587911582644 0.7607697678609049 3990.9589492751275 2.7521711626674247e-05 0.2509110207720709
1.1217357322679011 0.7697136864002893 4961.882052137487 -0.0005233122696110053 0.2300457789575144
1.1217357322679011 0.7697136864002893 4961.882052137487 -0.0005233122696110053 0.2300457789575144
1.0144913654776306 0.7002566421124815 4768.140046842924 0.00019990183449858994 0.2226526998231262
1.2470259829381305 0.620105390389759 4790.658643293954 0.0006391100232357529 0.39935276817655657
1.2470259829381305 0.620105390389759 4790.658643293954 0.0006391100232357529 0.39935276817655657
1.1203535271783462 0.999457611389021 4995.3041215306575 0.0002959355402725073 0.557992404449593
1.1203535271783462 0.999457611389021 4995.3041215306575 0.0002959355402725073 0.557992404449593
1.1908898340319258 0.9361337764888197 4470.981437754314 -4.5035040776097666e-05 0.385487358695184
1.1908898340319258 0.9361337764888197 4470.981437754314 -4.5035040776097666e-05 0.385487358695184
1.1815702676773072 0.828935295343399 4410.367058336735 0.00041304799256953795 0.8423959612846375
1.1815702676773072 0.828935295343399 4410.367058336735 0.00041304799256953795 0.8423959612846375
1.1210449285324608 0.8222141246560642 4442.424215486287 0.0003261231350453013 0.27119340162401795
1.1210449285324608 0.8222141246560642 4442.424215486287 0.0003261231350453013 0.27119340162401795
1.1234252712760582 0.7520633659996642 4149.07323898833 -0.00016175885588845429 0.2287165187721074
1.1234252712760582 0.7520633659996642 4149.07323898833 -0.00016175885588845429 0.2287165187721074
1.2398394174115805 0.7472415146686321 4332.0301595288465 0.0005121703262526562 0.37838629008676977
1.4725282619506244 0.7382384224388677 4969.753865824078 1.7653194757597983e-05 0.9311322764606371
1.1545279981612722 0.7626393919981189 4603.077718727925 0.00028609895357878135 0.22625298394546622
1.1329112075518075 0.790178551908291 4515.535304793728 0.0003838741682079165 0.43811420753465186
1.1329112075518075 0.790178551908291 4515.535304793728 0.0003838741682079165 0.43811420753465186
1.3412161509382208 0.6264381182092189 4429.8201186862925 0.000543109752446735 0.5394239259085474
1.22163740208414 0.8471640187824488 4624.167989699584 0.0010156724930949722 0.4632325402415536
1.120551526620328 0.6861183082715573 4897.064413232588 -7.252703687270902e-05 0.20241688216540565
1.3909658185494371 0.6888528933680695 4828.439561353594 0.0005238004624720026 0.6728894692660405
1.4921354757694585 0.6503240107419699 4199.82118917678 -0.0002370002650799125 0.6431861291675973
1.4921354757694585 0.6503240107419699 4199.82118917678 -0.0002370002650799125 0.6431861291675973
1.436364036299024 0.647461556284718 4253.800076559132 0.00039651294519588723 0.5340551029399705
1.436364036299024 0.647461556284718 4253.800076559132 0.00039651294519588723 0.5340551029399705
1.5163796121860622 0.7237858923593896 4195.13743216479 7.83290872660193e-06 0.9911415151673828
1.166977491571118 0.8806230014956677 4448.554068548409 -2.0505815136376957e-05 0.49111449572996535
1.2035121384576288 0.7329151958002829 4462.711154093946 0.0005384625071317983 0.2766981668780456
1.06508738615591 0.9039698396911925 4771.1403152437615 0.0007243945515717305 0.3337546754058178
1.06508738615591 0.9039698396911925 4771.1403152437615 0.0007243945515717305 0.3337546754058178
1.0404763219600526 0.6910166563870123 4767.219455051201 -0.0008346052544642157 0.2287475070656883
1.243613947981364 0.7025427928170308 4146.232022126146 -0.00016372474634906783 0.6441918694441258
1.243613947981364 0.7025427928170308 4146.232022126146 -0.00016372474634906783 0.6441918694441258
1.0124205316714276 0.7918282235184312 4483.42596230751 0.00020283498493477633 0.2875249039476322
1.5420504294587971 0.6551661901898971 4568.126257331169 -0.00025285810951794453 0.5697478945471143
1.2164026917140078 0.9709377297427699 4202.70387791108 0.00014853977168356814 0.4902376702374959
1.4724646208977004 0.6824037497026958 4962.553310591448 0.0003826144956947922 0.7955264381407159
1.428496625567133 0.6885918416116005 4164.858424954556 0.0005446893990519888 0.5858333707922214
1.428496625567133 0.6885918416116005 4164.858424954556 0.0005446893990519888 0.5858333707922214
1.1392996385037368 0.9508519698517343 4169.251819664324 -6.68673911548911e-05 0.4056316190893542
1.1392996385037368 0.9508519698517343 4169.251819664324 -6.68673911548911e-05 0.4056316190893542
1.3841425520580242 0.6772658567601023 4150.895295355077 -0.0003771696023239343 0.6618983567282053
1.3231439733682535 0.6999374445638278 4525.226961029622 0.00016398489682647503 0.6844159561923735
1.44432929699295 0.6214799779316768 4671.121982313504 0.00029114781009379273 0.5532137630941547
1.0950585289454913 0.8346246190958143 4475.9938879677475 -0.0004866684763310218 0.3447027510529457
1.3729363838479491 0.6401023609568561 4553.460206069188 -0.00017602119020095855 0.5846236433249108
1.3729363838479491 0.6401023609568561 4553.460206069188 -0.00017602119020095855 0.5846236433249108
1.0928660352473136 0.9547800847742058 4376.409969080754 0.000159274653629442 0.40655649149442963
1.0731254612134773 0.9559695401277091 4973.806665691954 -3.662192824788804e-05 0.4124459667807061
1.2396047514995776 0.8200410182818773 4783.138821753693 -0.00041762303036115824 0.8074894000525844
1.1726158511970657 0.8618592756690074 4196.737019728555 -1.9650885030203637e-05 0.36827530238189377
1.1065092837027337 0.7831427493508287 4660.130699527782 0.0006665937855795895 0.27866160463123124
1.3843742327895703 0.660939713260604 4845.370149091817 0.00013522151635535836 0.7134656138743624
1.2459963466865205 0.7972365735864957 4114.602267053874 -0.000667142090531792 0.44376814864786984
1.2459963466865205 0.7972365735864957 4114.602267053874 -0.000667142090531792 0.44376814864786984
1.146492098168801 0.7446578017395766 4515.566509417905 0.00010996387209373402 0.3940907636981924
1.146492098168801 0.7446578017395766 4515.566509417905 0.00010996387209373402 0.3940907636981924
1.201780888682273 0.9936882582010272 4046.03108443026 2.5987674696270208e-05 0.5764187213379879
1.3799375819154285 0.7131108299041367 4270.685140245598 0.00010451177831674171 0.951867238842321
1.3312720265950109 0.6214936284574532 4979.7501029197365 0.0008339706689245204 0.5677546484884927
1.3312720265950109 0.6214936284574532 4979.7501029197365 0.0008339706689245204 0.5677546484884927
0.944850991494683 0.6643214389941376 4948.924964715505 0.0002517512637395653 0.21020229066950136
1.1422806354189239 0.7924950225219674 4240.34440104747 0.00025636931856384723 0.33213149543731824
1.059745955220158 0.7029794806515628 4672.2704848829035 -9.00981139990712e-05 0.1904011289224415
1.2636630575166226 0.8678928078092591 4369.043096132486 2.0788525394946883e-05 0.7340290043015287
1.2636630575166226 0.8678928078092591 4369.043096132486 2.0788525394946883e-05 0.7340290043015287
1.0112965654073964 0.8277877222119353 4306.536627769487 -0.0003330529958244429 0.30141363969862606
1.281087805452648 0.8181394150933847 4225.428051464972 0.00041669701486216884 0.7372073819352281
1.281087805452648 0.8181394150933847 4225.428051464972 0.00041669701486216884 0.7372073819352281
1.072510233381534 0.843721347321194 4458.271566030462 0.00037429750582332913 0.35046730960447847
1.1588485442625274 0.7560229614878237 4568.884611253159 0.00027601378263297164 0.21495560109394074
1.1588485442625274 0.7560229614878237 4568.884611253159 0.00027601378263297164 0.21495560109394074
1.205399184318405 0.949386544778062 4408.253220990234 0.00039809527059944623 0.47268697964458684
1.205399184318405 0.949386544778062 4408.253220990234 0.00039809527059944623 0.47268697964458684
1.1413343024066027 0.7423497615388625 4827.338608566872 0.0004091843597112167 0.29560238104898784
1.2051135112128948 0.6755307119211454 4162.143187123255 -0.000588002308527071 0.29911084070403526
1.2666154784402788 0.6857133813587717 4760.639476272012 -0.00024408695635290336 0.4371973327179496
1.2666154784402788 0.6857133813587717 4760.639476272012 -0.00024408695635290336 0.4371973327179496
1.232108512593629 0.9964957046413145 4379.4794986352135 -0.0004945504121882018 0.4282384882446728
1.1564962248218262 0.8201786619626383 4449.262197999071 0.0002733777837673257 0.29164563063933574
1.3994737040126273 0.7279146383184433 4942.596616397683 -0.00017251887304543418 0.9855503677102109
1.379993287229731 0.7238114175143828 4379.289387667785 0.00024252910859702488 0.7714053433891297
1.1422493277844747 0.7558048736146414 4479.6304261911555 -6.542887516693134e-05 0.22261618667510472
1.1422493277844747 0.7558048736146414 4479.6304261911555 -6.542887516693134e-05 0.22261618667510472
1.0030269613229392 0.8130829380501532 4925.883571716445 -0.0003597332641730722 0.267572551938745
1.16434755727653 0.924787423375596 4672.835529265378 0.00017417989460300338 0.49172898998244463
1.3507706444975884 0.7329872140033566 4740.54854288479 -2.6528688272288142e-05 0.9704578411372431
1.0282381161945375 0.7692852279708983 4573.19576746569 3.639635480135747e-05 0.2909695107456832
1.1973522334970836 0.9932431533928818 4128.848861426356 -0.0004987924042449476 0.5457726143373014
1.2303542441349973 0.8150594347872008 4059.716729169631 -0.00011358288075478689 0.3615019910772818
1.1207228272382437 0.9362610185370096 4630.353219068331 0.00027839842404502507 0.38575858440396477
1.2590887595168136 0.7524835996758695 4176.15495338661 9.031876387291385e-06 0.7171318348336115
1.2590887595168136 0.7524835996758695 4176.15495338661 9.031876387291385e-06 0.7171318348336115
1.3039790019616597 0.727606578098676 4098.841008378748 0.0003918826049134865 0.6228860454874665
1.4220032587651668 0.6710586970526031 4098.729504563383 -4.972216033296315e-05 0.6669116972149465
1.4220032587651668 0.6710586970526031 4098.729504563383 -4.972216033296315e-05 0.6669116972149465
1.0414107371876837 0.9302721247003669 4932.956292790473 -0.00025495775449994456 0.354172751126041
1.0389200991790764 0.8570782009134228 4670.445440545703 9.474811285730951e-05 0.3797572335986613
1.4348509983494528 0.6524266447536997 4076.9733559461956 -0.0005624310780548436 0.5798594889765292
1.31018721405272 0.6487227560749953 4590.600105268693 -0.0003075566138447236 0.31352009076625326
1.1051797313868206 0.7124804248928346 4515.155315023875 0.0004956709530535147 0.29166601209090987
1.1051797313868206 0.7124804248928346 4515.155315023875 0.0004956709530535147 0.29166601209090987
1.4029851892995435 0.6200664827407845 4704.792335240186 -0.0007141889008081859 0.5887060862417626
1.4029851892995435 0.6200664827407845 4704.792335240186 -0.0007141889008081859 0.5887060862417626
1.178331608600617 0.7942511481776487 4518.727366239764 -0.0004217346885309711 0.6139295268787394
1.178331608600617 0.7942511481776487 4518.727366239764 -0.0004217346885309711 0.6139295268787394
1.3322528133003875 0.6670605926857034 3955.22240827634 -0.0009569693962461468 0.47170004351055245
1.323631251101503 0.6117903865764153 4666.018791598545 0.0007699774583217869 0.5148799733559767
1.11464046360219 0.642163275981022 4794.680499781223 0.00022986683383076866 0.21618837909766547
1.0669506948265401 0.7324601409170942 4791.9670742693415 0.0005814561801676877 0.23624960915515908
1.4195090823516048 0.583554100545047 4286.53065826268 -0.0001478127248854303 0.47204694233586575
1.323560370331097 0.5964740793496055 4984.568747994445 0.0004227448277585016 0.4882969137775936
1.323560370331097 0.5964740793496055 4984.568747994445 0.0004227448277585016 0.4882969137775936
1.1135522694802116 0.9972640985064513 4249.92847986273 0.00082372855312597 0.33575657622491334
1.1109936613593163 0.9759037925243838 4957.9254473676165 1.9514601827582354e-05 0.4245199018240045
0.9890326808969951 0.844507797489294 4453.768022552462 -9.189839951561581e-05 0.3145100542611691
1.3794233861484246 0.605003210360408 4897.795409826528 0.00020176947020551325 0.4824403194356467
1.4121877541745405 0.7132420340146745 4773.418214778796 -0.00028137514385538956 0.9187287944960005
1.113079881668091 0.8358547315001488 4406.464557945728 -0.0001403461803300839 0.4816899299621582
1.192186794883718 0.8940695781071637 4571.729419947743 -0.00016351242704953228 0.5614084212692246
1.192186794883718 0.8940695781071637 4571.729419947743 -0.00016351242704953228 0.5614084212692246
1.1570415408320738 0.9216041908076408 4182.818017154036 0.00030324635125356396 0.5648423360213436
1.145731815074556 0.7727651757301556 4489.433366633309 0.00014436611860960526 0.41422519701102317
1.145731815074556 0.7727651757301556 4489.433366633309 0.00014436611860960526 0.41422519701102317
1.1163793071790251 0.8672717124276677 4616.489778289123 -0.0003152843651177854 0.5898515611491701
1.4502633291936318 0.6902518869228778 4421.768881763951 9.515071203575536e-05 0.7922341297738755
1.11088315258994 0.9645860518038974 4915.849694463413 0.0002211035497743564 0.5191750857021251
1.324882533619249 0.742622926838946 4161.47129894207 -0.0011324863705120204 0.7053055222761875
1.324882533619249 0.742622926838946 4161.47129894207 -0.0011324863705120204 0.7053055222761875
1.1116552146588978 0.6223355705534643 4948.30505195974 0.0005061920088992789 0.22249732899108768
1.364221039666988 0.6909965199267027 4291.276684858049 -0.0002867029787495632 0.7282642542625963
1.517266421880694 0.6722241790441544 4039.185279363979 0.0005766287295837077 0.7596116489541284
1.517266421880694 0.6722241790441544 4039.185279363979 0.0005766287295837077 0.7596116489541284
1.3585754582834415 0.6275617696523401 4668.206670013999 0.00025995120736190935 0.5590184848178129
1.131199857861879 0.8930064589817681 4843.121963217785 -0.00021530609048271568 0.3702286142339144
1.131199857861879 0.8930064589817681 4843.121963217785 -0.00021530609048271568 0.3702286142339144
1.4194492238363452 0.6886658469033626 4549.463396663834 -0.00042805685054238637 0.6386996545622361
1.4194492238363452 0.6886658469033626 4549.463396663834 -0.00042805685054238637 0.6386996545622361
1.1489643988203384 0.850644229686832 4752.631642013448 0.0006414425758259333 0.6140004191393444
1.3114205409528876 0.8617469872970663 4092.7280351451304 -0.00012511226887608302 0.9881806011916829
1.3114205409528876 0.8617469872970663 4092.7280351451304 -0.00012511226887608302 0.9881806011916829
1.2115073216581984 0.7314690290536738 4513.146768302147 -0.000318255133858429 0.5432635511612274
1.4491031990622152 0.7111562974320182 4641.957609857119 -0.00026845057006904676 0.9548416306875067
1.4491031990622152 0.7111562974320182 4641.957609857119 -0.00026845057006904676 0.9548416306875067
1.2307313926392287 0.8530605222939818 4136.6626016872415 -0.0004443287274452552 0.6975552566682242
1.102151439758392 0.9424600107961583 4998.701632791284 -0.0001953437125391625 0.35945869262167857
1.2830936895527418 0.6360449241058791 4712.609106328296 -2.6472900629940505e-05 0.4697197933432987
1.2830936895527418 0.6360449241058791 4712.609106328296 -2.6472900629940505e-05 0.4697197933432987
1.4621769796174018 0.6288424516222979 4933.855518894199 -1.562793757184944e-05 0.5747871405118552
1.3264722594504827 0.6399801355902215 4727.655876691668 4.178176647211207e-05 0.46762707950718657
1.3264722594504827 0.6399801355902215 4727.655876691668 4.178176647211207e-05 0.46762707950718657
1.0819273456380607 0.7554220575844712 4729.695018403276 7.353720390958217e-05 0.2263188440968155
1.3875241048687772 0.662274811543259 4737.152393605651 0.00023440123981013385 0.7565782251968123
1.3875241048687772 0.662274811543259 4737.152393605651 0.00023440123981013385 0.7565782251968123
1.1689590661908555 0.9727096551708478 4460.907992119842 0.0001620392388808816 0.4647486449043002
1.4757671595592647 0.6616389828429693 4210.081584712887 -5.2707862182242574e-05 0.7176950881800332
1.0970348344088314 0.783981053833924 3926.4941673517837 0.00010367586209128066 0.28674852708498055
1.0970348344088314 0.783981053833924 3926.4941673517837 0.00010367586209128066 0.28674852708498055
1.294246432234029 0.6805874613038404 4845.506491710271 -0.000153983652129607 0.5958111471598049
1.1758439283623836 0.8823791874407783 4433.72099096932 -0.0005458917832763488 0.4705088127299344
1.1324954989871086 0.7773603194841845 4152.695065588986 -0.0006916611347356728 0.4433959987941385
1.1324954989871086 0.7773603194841845 4152.695065588986 -0.0006916611347356728 0.4433959987941385
1.1084870132160338 0.6407916218210556 4438.495930798325 0.00047576930761984216 0.20733258571580282
1.2905078539408428 0.7410739904489357 4496.486401523562 -2.885694889141882e-05 0.3183871187914502
1.4130021412833178 0.6572800960570999 4354.73119852902 0.0003953866350259641 0.6572660435449871
1.4130021412833178 0.6572800960570999 4354.73119852902 0.0003953866350259641 0.6572660435449871
0.990723969189452 0.7525019155910005 4990.141530967767 0.0005867305794606027 0.26415554113822176
1.2265422025782635 0.6726411370440142 4642.083620461362 0.0006636408112963368 0.32633385420699523
1.2265422025782635 0.6726411370440142 4642.083620461362 0.0006636408112963368 0.32633385420699523
1.2076306793488512 0.926522979075027 4284.857809014072 -0.00015260430733493992 0.8664787792904447
1.2076306793488512 0.926522979075027 4284.857809014072 -0.00015260430733493992 0.8664787792904447
1.466353763735329 0.6608688109275284 4211.798278078968 0.00027284330182846716 0.6733005063510757
1.0818636841497073 0.7621453223463144 3992.7595965944965 -0.00013185349290046523 0.2665307120750291
1.41745735734349 0.6973278747029609 4073.7464805269346 0.0002832339184312279 0.8638132565600727
1.41745735734349 0.6973278747029609 4073.7464805269346 0.0002832339184312279 0.8638132565600727
1.1964579465993765 0.9840260535374885 4030.938509899141 0.0003610058634079172 0.45890148549466236
1.0924558980570456 0.7795560717237848 4758.7500363922145 -5.686384055340733e-06 0.3415748903644
1.108992664506839 0.8962237757516336 4197.787728121671 -0.0002648512414276556 0.4341340257784284
1.108992664506839 0.8962237757516336 4197.787728121671 -0.0002648512414276556 0.4341340257784284
1.1516349837051525 0.9376586956382125 4424.561433175492 -0.00024348936327344003 0.3420528296307137
1.1516349837051525 0.9376586956382125 4424.561433175492 -0.00024348936327344003 0.3420528296307137
1.2349633570636736 0.694506500666805 4924.820865879446 0.000293948618179263 0.4556539547246089
1.2349633570636736 0.694506500666805 4924.820865879446 0.000293948618179263 0.4556539547246089
1.2139818459877694 0.7977367126092442 4986.760155552654 2.8428137259240323e-05 0.7712005656313707
1.2139818459877694 0.7977367126092442 4986.760155552654 2.8428137259240323e-05 0.7712005656313707
1.0906235305826506 0.8328517943252296 4638.279335970244 -0.00027526448766402765 0.32427466127245674
1.0592533205679304 0.7330104295478195 4479.093744121837 -0.0004353122981594218 0.2598119022528014
1.1504301131041061 0.9720484594750219 4522.928723537858 9.263194349005865e-05 0.446473408477168
1.239126147343705 0.639129331203635 4898.222559743075 0.0001365874527089378 0.3681527682117204
1.239126147343705 0.639129331203635 4898.222559743075 0.0001365874527089378 0.3681527682117204
1.1072710875949152 0.8577332792116467 4594.848428183873 0.0006022366803954455 0.4128544209327776
1.1072710875949152 0.8577332792116467 4594.848428183873 0.0006022366803954455 0.4128544209327776
1.2852215900038089 0.9734234039792087 4304.727439639283 -4.69280420055742e-05 0.5420532179592712
1.2852215900038089 0.9734234039792087 4304.727439639283 -4.69280420055742e-05 0.5420532179592712
1.1956389620398788 0.6460888656414027 4788.3500895576635 0.0008586862729141802 0.37195968101094057
1.1956389620398788 0.6460888656414027 4788.3500895576635 0.0008586862729141802 0.37195968101094057
0.9878801027538119 0.7053106832404424 4979.2531944769225 -0.0004124424858527073 0.22786093874385283
0.9878801027538119 0.7053106832404424 4979.2531944769225 -0.0004124424858527073 0.22786093874385283
1.2188940989891623 0.6990408570136276 4489.996944486347 0.0005164828223229634 0.5901632676443419
0.9719308647697045 0.8063206364214375 4952.805048725531 0.00018831284192199062 0.3179552298683698
1.0278609804520284 0.7194066336310627 4708.578821023029 0.00014927437215511493 0.19664830279611262
1.0278609804520284 0.7194066336310627 4708.578821023029 0.00014927437215511493 0.19664830279611262
1.303524772138156 0.6237011692949572 4741.329605665914 0.00014142224978318384 0.4417620232318247
1.3315422296524049 0.7158870324492455 4143.309882938862 0.00015904371836191278 0.7889271974563599
1.3315422296524049 0.7158870324492455 4143.309882938862 0.00015904371836191278 0.7889271974563599
1.1744157118190288 0.6897019157806967 4210.425172963913 0.00020866644161771393 0.18978322901788974
1.2789363694106008 0.6904386073952429 4227.680456467808 -0.0004490481285800776 0.6008386948055917
1.2789363694106008 0.6904386073952429 4227.680456467808 -0.0004490481285800776 0.6008386948055917
1.0342239510522129 0.6796604086507201 4598.846182463122 -0.0007503829222553235 0.20783208198777428
1.2435489992087674 0.6684908536221663 4142.367397510497 0.00031484465627373007 0.2183653867185611
1.3111163670894748 0.9544472526602339 3985.065980338408 -0.00013508997046857222 0.5334132447524554
1.2129343644331403 0.7666454666884597 3941.8818260015855 -0.00027980327792785474 0.30416830465332123
1.0836613723093824 0.948719845402609 4900.902137735914 5.361717001956138e-05 0.434863743037366
1.0836613723093824 0.948719845402609 4900.902137735914 5.361717001956138e-05 0.434863743037366
1.2607185866699016 0.653436032717563 4879.088629789869 -0.00047735340647969644 0.5292885198172648
1.2607185866699016 0.653436032717563 4879.088629789869 -0.00047735340647969644 0.5292885198172648
1.083303301907464 0.7963517788248372 4693.689055703243 -0.0003373654489582353 0.3285901889330765
1.083303301907464 0.7963517788248372 4693.689055703243 -0.0003373654489582353 0.3285901889330765
1.373172671865298 0.7408719781073811 4196.256305644221 0.00035409518792037654 0.5511597044309688
1.2007487769197733 0.699314505042907 4553.669011575423 -7.7026597502211e-05 0.30232200773380347
1.1311324934918665 0.9193794770484255 4645.353095087668 0.00020095287024458279 0.384741312444002
1.1247294439743662 0.9717945718459574 4796.257673203594 0.00040853889406782326 0.3608057496261712
1.121404275075994 0.7655333416144482 4329.863522952042 0.0007952832361617984 0.24825824980995753
1.121404275075994 0.7655333416144482 4329.863522952042 0.0007952832361617984 0.24825824980995753
1.1161112261364534 0.8901823600911396 4648.126319489637 0.0003239389737420876 0.4996390621514113
1.1442661537018814 0.9294741882582067 4425.92731868098 -0.0001775635842040962 0.5178528162584523
1.1442661537018814 0.9294741882582067 4425.92731868098 -0.0001775635842040962 0.5178528162584523
1.4304387074570708 0.618596951000137 4836.228530139118 0.00011553066475779631 0.5913004157431567
1.4304387074570708 0.618596951000137 4836.228530139118 0.00011553066475779631 0.5913004157431567
1.1924880454998885 0.7561556035936838 4225.644898318499 -0.0007779301488486944 0.3175242942051385
1.369348212367878 0.6541539375582444 4152.998590082119 0.00010539924589033134 0.5789471097170273
1.484237112802989 0.6431309602651559 4814.734668078279 0.0002481762568351792 0.6521269530668083
1.484237112802989 0.6431309602651559 4814.734668078279 0.0002481762568351792 0.6521269530668083
1.2047533892108424 0.9846314035221253 4755.728012316588 -0.0005178565055909884 0.5253120658713042
1.5124842053525702 0.670850005181166 4070.363495738559 0.0005476100200270126 0.6664939380119024
1.1093626571654394 0.8052353182005914 4185.485373011874 -0.00021113726789865784 0.3009465551773145
1.2913648527208457 0.8330751616402133 4208.415756649223 6.248955552738919e-05 0.43702193811204565
0.9680025385827762 0.772645659095458 4827.121496414359 0.00014719597671637187 0.2520653619876397
1.37633054101665 0.7017774715232517 4483.148713416243 0.000365211277151032 0.9295410894097254
1.4144575445146694 0.7412871680986473 4196.613457981395 0.00036735798320089094 0.8349117612901709
1.243587627519961 0.9867078506779058 4181.581885198295 0.0006296483031248634 0.7599891804953615
1.08396130004794 0.9477852401707085 4858.399277955373 -6.128481618421561e-05 0.4367114903286197
1.08396130004794 0.9477852401707085 4858.399277955373 -6.128481618421561e-05 0.4367114903286197
1.247838798214963 0.8004149983689053 4560.251136602875 6.580139869888339e-05 0.5427752932685659
1.3067453579706707 0.6953070819415254 4473.116283043466 0.00012040541178018278 0.7741878358576099
1.3067453579706707 0.6953070819415254 4473.116283043466 0.00012040541178018278 0.7741878358576099
1.197825378723693 0.9788906620850668 4891.016554075538 -0.00023152642516001976 0.6248576573743341
1.1797427892684937 0.7166796699166298 4206.61194473505 -0.0004687181256887705 0.21987611055374146
1.2178658201209294 0.8085237189612748 4516.29835623176 -0.00020712439297863595 0.5946984259695223
1.2178658201209294 0.8085237189612748 4516.29835623176 -0.00020712439297863595 0.5946984259695223
0.9561888933181764 0.7685852721333504 4849.187905848026 -2.4194184780706065e-05 0.24918711185455322
1.4884207339014375 0.6580093875598244 4192.665019888874 -0.00045851020372277116 0.6073235208033434
1.3955080189102946 0.6813356472102364 4143.970029807265 0.00024623720677199276 0.738711626730638
1.3955080189102946 0.6813356472102364 4143.970029807265 0.00024623720677199276 0.738711626730638
1.4745047145367356 0.6193812394115833 4819.822407509568 0.00029543941644744764 0.5389878196900032
1.3011046882773898 0.7490162718126918 4093.492790316659 -0.00039231545554526293 0.507555586034882
1.2215724573683588 0.8768293457808682 4398.466121809376 -0.0005179397226124917 0.46767342724095423
1.1933922153321068 0.8206097673763869 4332.145843330349 3.5520990647904514e-05 0.3906007793684103
1.1933922153321068 0.8206097673763869 4332.145843330349 3.5520990647904514e-05 0.3906007793684103
1.2483093071323432 0.8519781719564069 3946.018890948553 -0.00020276313108979102 0.8207600482939648
1.2913611717257043 0.7486620690562134 4873.512187285811 0.0003101653640533618 0.9795777349428691
1.3408410393023709 0.6087661703944366 4457.666963566188 -0.0007812886896661901 0.5440202145622061
1.3408410393023709 0.6087661703944366 4457.666963566188 -0.0007812886896661901 0.5440202145622061
1.4347794257790842 0.6864376606451504 4387.320616418742 -0.0004365755269499647 0.7630484908279357
1.253126944064612 0.7139621338829955 4728.570790862558 -0.0005717027026321208 0.4189905211309295
1.2895970084361696 0.7444760784853414 4694.063984544517 -0.00016911659361578042 0.9978312694834114
1.5106197457379635 0.6253446783982207 4621.793824463157 0.00017040768701192808 0.48877712357178804
1.4679858446121217 0.5856727808713913 4549.2703775167465 0.00039308880705402836 0.4537327289581299
1.4679858446121217 0.5856727808713913 4549.2703775167465 0.00039308880705402836 0.4537327289581299
1.4779771089553835 0.7134059593081474 3965.6787484288216 -0.00042136618838136287 0.9556028246879578
1.4779771089553835 0.7134059593081474 3965.6787484288216 -0.00042136618838136287 0.9556028246879578
1.1536247684210452 0.7921715318626086 4130.283456667342 -0.00041947962673224883 0.3091035207011485
1.2797991254248087 0.7345807629773385 4671.7011299348305 -2.8283367403982224e-05 0.3591903572168579
1.173313129951598 0.901343396496731 4060.047664130147 0.000262879017956659 0.3490158928794356
1.3646525869786674 0.7065872366745216 4870.179555156221 -0.00035970660133978575 0.805563395998219
1.3646525869786674 0.7065872366745216 4870.179555156221 -0.00035970660133978575 0.805563395998219
1.1615675858819938 0.8057816588984672 4244.962974327511 -0.00024025975054414218 0.38097141362544673
1.1154263445492183 0.7673303156276212 4722.736888883225 -0.00018637551193660725 0.3867413331300119
1.1154263445492183 0.7673303156276212 4722.736888883225 -0.00018637551193660725 0.3867413331300119
1.2461584815354125 0.7528053860316667 4250.477427042049 0.00030333090254615813 0.7328067460784529
1.0880591264117585 0.8793761399072597 4672.530386805465 0.0003592756362609071 0.3384178876560928
1.0880591264117585 0.8793761399072597 4672.530386805465 0.0003592756362609071 0.3384178876560928
1.183826085073842 0.950754414699273 4599.597003814366 6.176917660125925e-05 0.736015761347491
1.4141399934650247 0.7343911376215534 4633.895203437595 0.0001426970246664253 0.7152899135583956
1.2649359091631016 0.6901563679218824 4260.811443700916 0.00017502764172833138 0.41042014963894635
1.439370725862279 0.6000682372987873 4704.8311777091485 -3.7865872181004317e-05 0.483341298373819
1.2400119975303263 0.9000198121409718 4230.623707091105 0.0003098188559023384 0.7676580963490136
1.2400119975303263 0.9000198121409718 4230.623707091105 0.0003098188559023384 0.7676580963490136
1.2238140530286614 0.7902002219096637 4260.898139239483 0.00041468036148519216 0.55622113488909
1.236005460680722 0.7919817400085916 4474.277100779407 0.00016680787429520401 0.3817342461880503
1.236005460680722 0.7919817400085916 4474.277100779407 0.00016680787429520401 0.3817342461880503
1.275323416026564 0.8203498722147482 4682.198085995903 0.0002883553232698185 0.7570053009648234
1.408996342236048 0.705392936523162 4695.435513688946 -0.0005679959736676158 0.7808741091594356
1.408996342236048 0.705392936523162 4695.435513688946 -0.0005679959736676158 0.7808741091594356
1.1566753454912904 0.7876866389390422 4600.846262492075 -0.0002042777607196059 0.31439505381487387
1.1566753454912904 0.7876866389390422 4600.846262492075 -0.0002042777607196059 0.31439505381487387
1.0863420844426985 0.8214842474041695 4385.632189615301 -0.00016325236637484324 0.3031075595909975
1.0863420844426985 0.8214842474041695 4385.632189615301 -0.00016325236637484324 0.3031075595909975
1.2701523679483793 0.7242477718551672 4168.690468698624 -0.0003005704492790434 0.39659143393609003
1.135428285155705 0.8040310969069466 4328.943870512199 -0.0002525891188492011 0.2919362689263797
1.2732976322958507 0.6917880762751527 4502.165989326309 -0.00016853287988322476 0.32732491949165876
1.2732976322958507 0.6917880762751527 4502.165989326309 -0.00016853287988322476 0.32732491949165876
1.5947069628113586 0.649349738895405 4836.279145707921 0.000225610644859318 0.6438111927200415
1.0535987501803932 0.9007957636805838 4068.4879803723816 0.00016056988361529058 0.363156904894989
1.0535987501803932 0.9007957636805838 4068.4879803723816 0.00016056988361529058 0.363156904894989
1.1453820227187776 0.8677324583738959 4110.872736005031 -0.00038653795521264835 0.4049337737123049
1.1453820227187776 0.8677324583738959 4110.872736005031 -0.00038653795521264835 0.4049337737123049
1.3535585970026167 0.6272461909312221 4574.531426211348 -0.0004162025621662972 0.4611139661976144
1.1677662995301599 0.8487870713890906 4112.482135919067 0.00011948549027753324 0.32892396662204004
1.1288330179796975 0.744128345383336 4643.530227442725 -0.0006950702763573497 0.2862164489442035
1.1657420725463077 0.7211055216704563 4820.541768458468 -0.00012755817207959393 0.43463011554855796
1.1657420725463077 0.7211055216704563 4820.541768458468 -0.00012755817207959393 0.43463011554855796
1.4322305526933627 0.7095640621311736 4474.836914197587 0.00011259296511611927 0.8624188415390517
1.4322305526933627 0.7095640621311736 4474.836914197587 0.00011259296511611927 0.8624188415390517
1.2961645995772193 0.7561640216995897 4161.060188997006 -5.903126700192651e-05 0.5592299149612044
1.1160814265266563 0.9815533064341216 4896.897732087687 4.143534532972766e-05 0.3947266585934873
1.1160814265266563 0.9815533064341216 4896.897732087687 4.143534532972766e-05 0.3947266585934873
1.1999493135182815 0.7785164629697512 4758.584437657674 -0.0004688637647393243 0.996536577176029
1.1999493135182815 0.7785164629697512 4758.584437657674 -0.0004688637647393243 0.996536577176029
1.3163405625847198 0.7380882464201287 4555.424568682926 0.000509568579633952 0.743671882961549
1.2943325554526004 0.7383690588785875 4919.772359131322 0.0002883244979798339 0.6412711336106299
1.2943325554526004 0.7383690588785875 4919.772359131322 0.0002883244979798339 0.6412711336106299
1.1395724618011802 0.6420204005887264 4922.508492671586 -0.00021929963348738815 0.19685031135762732
1.3485903114306432 0.6706096753701338 4298.053609856497 -0.00010550092259693136 0.6369319701481596
1.3485903114306432 0.6706096753701338 4298.053609856497 -0.00010550092259693136 0.6369319701481596
1.449167324071913 0.6885613689399107 4824.181250568537 0.0004634806331950082 0.6545362535439023
1.2262462302275194 0.979451757975651 4219.180734869764 0.00023565993047637855 0.5366438043925141
1.4207512065782182 0.6605868882922339 4765.450374530308 0.0004929421985369533 0.7013916583537401
1.3811594653876282 0.6830505137292447 4460.474654886074 -0.00046494971709786105 0.7703538666695462
1.3202587749847443 0.7223677499645311 4827.9816900128635 -1.8015305963120294e-05 0.6713433551119591
1.402706813812256 0.6883281469345093 4590.347681701183 -0.0005269927590639061 0.8188516497612
1.3072419129277795 0.748524525691816 4508.5856854156 0.0002791012243857134 0.5460915545764211
1.1220772725920132 0.8857802010389115 4520.686940706846 0.00017202757229604535 0.5387873697391595
1.0526993860147726 0.9093248338508062 4520.840846454102 0.0002669018718909723 0.40070013515553815
1.3369294609268598 0.8232176822029528 4344.1194820523015 -0.0006954203633331911 0.9848797968519929
1.2187631024227485 0.8472598441658759 4634.603557037483 -0.00015716567220492634 0.49300774735777025
1.2187631024227485 0.8472598441658759 4634.603557037483 -0.00015716567220492634 0.49300774735777025
1.117852965446744 0.7723520240396405 4243.152838936289 0.00020563175052205063 0.27269273663466104
1.117852965446744 0.7723520240396405 4243.152838936289 0.00020563175052205063 0.27269273663466104
1.0430505391685276 0.6517260962687869 4958.354116141797 7.395469839698384e-05 0.17521388349214284
1.2887789485541732 0.7135930990385109 4999.507603595735 -0.0005670381461871365 0.6441028042615846
1.1315175328564588 0.8947247542313755 4831.78175145339 0.00028153619998525756 0.435852160488854
1.1160058323359625 0.9122739799818905 4362.531136719989 -0.000979847799524845 0.41824760801748156
1.1430733690174721 0.9725444705907498 4427.716678254423 -9.169596904096895e-05 0.3515141639742875
1.1508300157151647 0.9470413796590037 4789.751473199771 0.00023758968466610112 0.6714688875539963
1.1508300157151647 0.9470413796590037 4789.751473199771 0.00023758968466610112 0.6714688875539963
1.0016235871746302 0.8216435685165435 4837.795484951429 -0.00040673554111896986 0.33864541095736844
1.235498928811693 0.8118880255776699 4655.749723432111 2.2913072326435374e-05 0.6608421972638341
1.2585113443782414 0.7107281022779499 4076.308772313257 0.00043163898598107866 0.513415372445962
1.2585113443782414 0.7107281022779499 4076.308772313257 0.00043163898598107866 0.513415372445962
1.2724711068699914 0.9900161692221512 4598.950023658776 7.3830175470415e-05 0.6163685906388001
1.2724711068699914 0.9900161692221512 4598.950023658776 7.3830175470415e-05 0.6163685906388001
1.090068193680548 0.80093534893518 4427.762075172268 0.00021460082584114044 0.33081647515576595
1.3523348050380355 0.6865678722258979 4230.761392317454 0.0003889723024691644 0.6210930285303433
1.4636362063552801 0.6557588101854448 4846.4500229266305 0.0005498146440637619 0.6588381956856056
1.00364245123175 0.7525457561809178 4527.2611886456425 0.00016718175459639104 0.24628113304845148
1.0614730264365655 0.8351257674249802 4679.971101321298 -9.13437399641789e-05 0.2976725422092984
1.1315571211988138 0.6775931127262588 4424.334792159823 -3.8372617417764184e-05 0.18784859320413644
1.2980096002568398 0.7731407469642019 4271.719170161123 -0.0005062354022556339 0.3906779263371033
1.2261000858192193 0.7532665400844888 4622.315941690277 -0.00018603403271607086 0.4359444342810607
1.2261000858192193 0.7532665400844888 4622.315941690277 -0.00018603403271607086 0.4359444342810607
1.1207632244840195 0.9394261220595181 4607.3140067474 -0.00019488146754219105 0.4058447868944458
1.2498677525249067 0.6714206409900298 4632.478593200672 0.000319166432524795 0.19446229664320483
1.243761564531423 0.9285328769721258 4037.4517793554705 -0.0003393502460110616 0.6526245876715511
1.1424586243503885 0.7633365067868892 4337.474681663567 -0.0003994979233847686 0.4636588857991337
1.2693486424869111 0.6391679775237835 4727.851056465212 -0.00026742793733500756 0.34505073774397876
1.1056156483367392 0.6633635261110303 4466.5777800765945 0.00024277295636440004 0.20630135693023696
1.3582793573692453 0.6859112050641843 4752.954938940672 0.00029419210240277195 0.9014702226018172
1.019027526978067 0.7376114055759758 4437.527618138466 0.0003885373185446987 0.2153601668539492
1.019027526978067 0.7376114055759758 4437.527618138466 0.0003885373185446987 0.2153601668539492
1.2491141903684502 0.9497471109552956 4469.984562065258 -0.0005161089673470691 0.5605241768241402
1.2491141903684502 0.9497471109552956 4469.984562065258 -0.0005161089673470691 0.5605241768241402
1.2492739534058988 0.8169164236754866 3990.495871608299 -0.0005466508002525888 0.373786592449286
0.9955484791124802 0.7757669388578695 4692.342080943237 -0.00043636081894950636 0.2608223621798172
1.1630419038343172 0.7824571171543374 4147.759109091521 -0.0006200057678937448 0.32887722008059617
1.1352208570706879 0.9201118278382842 4870.099358509531 0.00011788346963441154 0.4727045187242635
1.0601555484204621 0.7932505312769011 4818.729858797126 0.00038978835837981195 0.25629260080914834
1.0601555484204621 0.7932505312769011 4818.729858797126 0.00038978835837981195 0.25629260080914834
1.1693807108261172 0.74638520475399 4230.940673633408 -0.001005674035232602 0.2754495450675664
1.3901170253753663 0.6788659393787384 4833.197252511978 -0.00010680646071724927 0.6193846464157104
1.2412342620481918 0.7323487200958344 4365.888909631177 -0.0003557249792244682 0.3413793734989951
1.0771677636885806 0.9774246694392226 4438.016309477106 -0.0002374547255768554 0.40935715781327037
1.5105449637605615 0.6797813542893845 4557.929547847272 -0.0002007673510865102 0.6529073558847571
1.5105449637605615 0.6797813542893845 4557.929547847272 -0.0002007673510865102 0.6529073558847571
1.2708520042351839 0.7492805201210734 4434.065356003159 0.00013862089785440858 0.37929979243336165
1.2070042394802143 0.8868967426708607 4425.739688574197 -0.0007690465430332157 0.778880169469105
1.2369628714533394 0.7213523776513883 4917.460596905504 -0.00014712965274137844 0.7230551948563695
1.2369628714533394 0.7213523776513883 4917.460596905504 -0.00014712965274137844 0.7230551948563695
1.184380828197763 0.7217964351165536 4386.08065957901 0.0007984072889932483 0.395995401420376
1.2941365522738173 0.8279123360056964 4775.2529654985365 -0.00026473645262244984 0.7550306056273843
1.2606509448909626 0.7998993431848205 4922.252845741371 -0.0003608982180704872 0.7653065831455113
1.1485374184107433 0.8268650647332485 4102.38848188365 -0.00018328956126464695 0.4743805953006436
1.0176698213684334 0.8733494113762251 4329.322641399454 8.993078653398746e-05 0.39603111376274414
1.245635469388605 0.6618085073508091 4645.346245970591 -0.0005219069933844992 0.4731540239117464
1.245635469388605 0.6618085073508091 4645.346245970591 -0.0005219069933844992 0.4731540239117464
1.058702270004114 0.9689625510158784 4968.989504667476 0.000423779459383119 0.387395912094744
1.058702270004114 0.9689625510158784 4968.989504667476 0.000423779459383119 0.387395912094744
1.2369037704624068 0.6994724823158667 3994.063707754858 -2.6874091797870128e-05 0.5096421230479758
1.0567738443473895 0.7576388187957004 4776.083585638152 0.0009006431323273721 0.26509843113027154
1.167473285620765 0.9412671877633307 4275.042434972094 0.0001441778846989636 0.3668713558715844
1.167473285620765 0.9412671877633307 4275.042434972094 0.0001441778846989636 0.3668713558715844
1.2112847346612918 0.6392285030502439 4898.512261453234 -0.0001473358938463222 0.306053660400372
1.2112847346612918 0.6392285030502439 4898.512261453234 -0.0001473358938463222 0.306053660400372
1.1713525140612657 0.8046094595052067 4594.618227972807 6.700709422627078e-05 0.5461607764213786
1.022742679816528 0.7641248096398106 4895.494595908144 -0.00033987376123874595 0.23174544805390612
1.202898630750244 0.8763909635657762 4600.881328060327 -0.00033674768274000394 0.5264255222095473
1.101688740334036 0.9014921902416557 4210.878695341703 9.49741267981714e-05 0.3462449944356855
1.1915105640295034 0.6852293047417168 4609.86769272742 -0.00028013478420297775 0.39504071668449803
1.0411212043049185 0.834853864671325 4983.836224191183 0.00018460571618626962 0.3503634777508703
1.0411212043049185 0.834853864671325 4983.836224191183 0.00018460571618626962 0.3503634777508703
1.135633782292383 0.773404273312064 4291.405628196756 0.0005030153396422161 0.28611106193105756
1.135633782292383 0.773404273312064 4291.405628196756 0.0005030153396422161 0.28611106193105756
1.3245272757537543 0.7295638236230276 4637.812101923091 -9.714344973396074e-05 0.5392209534609325
1.0995794361285003 0.9161347322603429 4512.628740559067 0.00017928348587050724 0.3624487958747439
1.1421212590013967 0.8034384333031681 4021.9592642767925 0.00019673753183984 0.29233950027398536
1.4950319485675871 0.6078455020246727 4128.754017958086 -0.00017330160901434901 0.5335086136263064
1.1148293558266085 0.6419245690673944 4739.786896336559 0.0001005742538863146 0.20245094375835393
1.3430443608679243 0.6475497586052771 4669.808815527106 0.0003802182862422332 0.5488671206451771
1.174648986705685 0.9933516635634967 4371.53332516133 -0.00012932175143572403 0.3928702287240883
1.174648986705685 0.9933516635634967 4371.53332516133 -0.00012932175143572403 0.3928702287240883
1.3827183110011985 0.6045837197432437 4559.821393560871 -0.00024079735561395742 0.5091581951892534
1.4431868800503531 0.7133531199846148 4664.037911606877 -0.0002889862142174833 0.8429696021764479
0.9644356238224354 0.6529827797917673 4668.215949244978 0.00010494744356872634 0.1978374734705391
1.1266138635704452 0.8762709554077552 4259.521469839565 -3.6214154453409104e-05 0.3347438485055121
1.3073024604055945 0.712166583030615 4692.2722710418 0.00035291008948637307 0.8169258594932156
1.3073024604055945 0.712166583030615 4692.2722710418 0.00035291008948637307 0.8169258594932156
1.2212751668846646 0.9178285562664653 4234.549687034126 0.0008890007696535675 0.41473555809682194
1.2212751668846646 0.9178285562664653 4234.549687034126 0.0008890007696535675 0.41473555809682194
1.187337840045142 0.9526887137804382 4962.286570980257 -0.00011074160252315149 0.5742319102624581
1.1205596878858275 0.8951312777126655 4269.094386659568 8.879723363420107e-05 0.46028293335923587
1.4780586566254774 0.6150264337071399 4348.040230629139 -0.0002329988940338591 0.5493580311767089
1.4780586566254774 0.6150264337071399 4348.040230629139 -0.0002329988940338591 0.5493580311767089
1.0296485474857662 0.9069884792037087 4936.861157930902 -0.0007312349611073195 0.3773823580540254
1.0296485474857662 0.9069884792037087 4936.861157930902 -0.0007312349611073195 0.3773823580540254
1.353205957286229 0.6140074580268547 4764.025523506271 7.812778166766851e-06 0.44077229470338974
1.353205957286229 0.6140074580268547 4764.025523506271 7.812778166766851e-06 0.44077229470338974
1.1129641786168822 0.8478763504722404 4387.561693639534 0.0002615937880957074 0.35505310424326875
1.1129641786168822 0.8478763504722404 4387.561693639534 0.0002615937880957074 0.35505310424326875
1.0910940293845166 0.9027128562496405 4549.438203469915 5.894677849904938e-05 0.44212341531950067
1.3356476232764827 0.6975306699430271 4950.831381348716 -0.0005032719364380286 0.5478954190346794
1.3356476232764827 0.6975306699430271 4950.831381348716 -0.0005032719364380286 0.5478954190346794
1.538064459425279 0.7002905263085133 4674.286823376493 -7.693020190270515e-05 0.9739986485213459
1.287366468497094 0.6862726105456739 4701.151693563779 -3.0263052423183685e-05 0.7456070001629742
1.2832143073840956 0.8178485581483346 4560.7900682506415 0.00015663744515811902 0.7311986613650328
1.3313007990464607 0.6216459127313058 4329.607404508869 1.9993664295242935e-05 0.5261171776777578
1.1989295064753343 0.8802232951756083 4516.901178983026 0.00095892642424114 0.706388662426195
1.1989295064753343 0.8802232951756083 4516.901178983026 0.00095892642424114 0.706388662426195
1.039466205493728 0.7627552187175118 4416.912361896821 -0.00026756064394838845 0.2436464743322982
1.2752144561714653 0.8104579775956924 4215.294932186017 -0.00027102475190268 0.826134803240087
1.2999419858222865 0.6680380840589679 4569.037124352731 -0.00039159827576658486 0.42648555751591555
1.2498146587226344 0.8064895227546885 4403.057587511693 2.2823852375311173e-05 0.7656704031084778
1.1580326318740846 0.7862875089049339 4012.293835401535 0.0004058657019668765 0.3102923631668091
1.1580326318740846 0.7862875089049339 4012.293835401535 0.0004058657019668765 0.3102923631668091
1.378878181093032 0.6310258287822871 4588.72559914829 -5.433021370274213e-05 0.5537887082848076
1.1545298471672347 0.8456594142872986 4103.78093281911 0.0008517350140737371 0.42297807914066043
1.215496431414097 0.689640891964229 4567.321613040987 -0.00020441899907599104 0.5146418659739966
1.0589249459025223 0.9747083083825638 4974.461198399222 -0.00015381224973922656 0.3588364425769487
1.220540019270037 0.7107410572356415 4503.230125830689 4.339824188734274e-05 0.322069532299069
1.2644730850087003 0.6870124976609047 4556.334481099053 0.00010931700648171658 0.8281209547109718
1.43621363517729 0.6243970433150106 4570.285580824435 0.0003306893494226357 0.515347872737694
1.43621363517729 0.6243970433150106 4570.285580824435 0.0003306893494226357 0.515347872737694
1.3531192114885067 0.7049879181231711 4963.3928821404625 -0.0001243201496642712 0.9441532537348747
1.1959850991577192 0.7036150750809752 4774.385533434846 0.0003221174946734879 0.1897135729439192
0.9820410037434582 0.7068174228053922 4362.992433107572 8.53374962234045e-05 0.2269751467020854
1.4159075072295029 0.7199882577872679 4462.452742126665 4.648762421194033e-05 0.9704594462006025
1.3585098028182983 0.6369214504957199 4919.281784892082 5.407192711655042e-06 0.5706028938293457
1.2430628730140159 0.6490022797281105 4805.826022994214 -0.00041270851011122276 0.2798894074804166
1.4649027049858616 0.6891680366404844 4384.748241582541 0.000832663996457322 0.7402867460893754
1.2041117503556686 0.9515112584191171 4850.198071074708 -0.00041188231574752987 0.4462968589249279
1.4582600774718082 0.6069312547735823 4859.461861070307 0.00037821142763098736 0.44033512199481156
1.4582600774718082 0.6069312547735823 4859.461861070307 0.00037821142763098736 0.44033512199481156
0.9311649906973556 0.706671282747623 4920.7500554471335 -0.00039051200420963186 0.2234066944491578
1.4171808296722386 0.7103276762782125 4107.017784861815 -0.00030344440082184543 0.7885636975949293
1.4171808296722386 0.7103276762782125 4107.017784861815 -0.00030344440082184543 0.7885636975949293
1.1535120725631713 0.9760797992348671 4713.307742714882 -0.0004966605216665003 0.42647379636764526
1.1535120725631713 0.9760797992348671 4713.307742714882 -0.0004966605216665003 0.42647379636764526
1.168548035621643 0.8282414898276329 4318.5456238389015 -0.0009956695668770239 0.6473342776298523
1.2224389766020523 0.9504187865271825 4073.032205912476 8.340266235407699e-06 0.867450914851801
1.2224389766020523 0.9504187865271825 4073.032205912476 8.340266235407699e-06 0.867450914851801
1.072755417010962 0.7836713933216601 4632.355311960515 0.0001292865443499464 0.2986230161589571
1.072755417010962 0.7836713933216601 4632.355311960515 0.0001292865443499464 0.2986230161589571
1.2365695714950562 0.8783842325210571 4895.7725883722305 -0.00030007680638324135 0.36892300844192505
1.435541233231409 0.6842133575206115 4960.145918157203 0.0005813721354691233 0.6158283088933822
1.0755166700743308 0.9255874333584351 4498.521231725259 -7.644600434587958e-05 0.36781723557901325
1.2720126672935077 0.7203315599629438 4427.634438198572 0.0003603354842576459 0.34652918692908574
1.2720126672935077 0.7203315599629438 4427.634438198572 0.0003603354842576459 0.34652918692908574
1.0296245894279537 0.875628646822757 4974.220130146629 0.0006987842341426565 0.32176190017502565
1.0296245894279537 0.875628646822757 4974.220130146629 0.0006987842341426565 0.32176190017502565
1.4602188314660816 0.6952886989880069 4434.404581871901 0.0004838481187246596 0.7950619669137344
1.0907249835964263 0.8168119105750732 3934.5601073784464 -0.00031432003348520526 0.3015958815718558
1.1759194236186112 0.9854717546142524 4497.634343706964 -0.0002245193218919178 0.5085319776643846
1.1306397308643752 0.8574143916325755 4939.234420430643 0.0006027635028524958 0.3166155323173652
1.1306397308643752 0.8574143916325755 4939.234420430643 0.0006027635028524958 0.3166155323173652
1.2034691694470836 0.7058734054331682 4258.787665189702 0.0007368264535401297 0.2771719821260553
1.4224638739089546 0.6560421854729438 4224.64324720995 0.000172079140906498 0.6435589502537675
1.1073081365964292 0.98886752656438 4740.365128434203 -0.00019557349710285396 0.46743748027332616
1.107473290279209 0.8640490648497029 4702.247420401287 0.00025864262336903446 0.6644355279379989
1.5010440176318736 0.6945127426084863 4445.4812608457605 0.0001545312173180391 0.8503551147463237
1.4008094836928529 0.7340785208231092 4892.472872654109 -0.0004385800944866542 0.9885425804055457
1.1269493326643574 0.9362269921445223 4522.531486300929 -0.00038238854806560223 0.397553609723298
1.4456844176080188 0.7128120586291093 4206.874338592515 -0.0007199293941589891 0.9787187641080937
1.018250372171033 0.8408577224268305 4792.074641422647 0.00010534399681203729 0.3040399448075469
1.018250372171033 0.8408577224268305 4792.074641422647 0.00010534399681203729 0.3040399448075469
1.363364030402047 0.7018707609641268 4557.08200832505 -0.00013921659865004417 0.5070976661260421
1.363364030402047 0.7018707609641268 4557.08200832505 -0.00013921659865004417 0.5070976661260421
1.26598101324359 0.7300353961233786 4532.504590382501 -0.00017654063590432566 0.3005760989511726
1.26598101324359 0.7300353961233786 4532.504590382501 -0.00017654063590432566 0.3005760989511726
1.2906746520836485 0.6714937890424835 4498.325149301987 0.00045646762433722456 0.7656502680828425
1.3258473174609686 0.7244709686570541 3986.735864042895 -0.000247727867661566 0.6396759379046928
1.3258473174609686 0.7244709686570541 3986.735864042895 -0.000247727867661566 0.6396759379046928
1.2273449870207345 0.9319737499489809 4259.991712181944 5.7926328385770244e-05 0.9600794483048702
1.2692194115201898 0.7177260786054142 4655.356161049332 0.0007932123746296651 0.5303823269220116
1.2692194115201898 0.7177260786054142 4655.356161049332 0.0007932123746296651 0.5303823269220116
1.280892553987497 0.6736037217554967 4973.11471935841 0.00021210445908362017 0.4726989449463405
1.1896985704224088 0.8471212752462699 3934.429547526101 0.0002569975304532165 0.4994817757558706
1.3830484049574832 0.6557787665313134 4570.090349271772 0.00012447369824671842 0.6571619198954517
1.2394942976115866 0.7354815424993502 4841.467526158616 0.0007792041871885337 0.3722046487984717
1.1645631430847587 0.992536207040809 4191.285046723337 0.000469877703903678 0.4492407226084074
1.1645631430847587 0.992536207040809 4191.285046723337 0.000469877703903678 0.4492407226084074
1.1601938049509353 0.7420108373511335 4201.385771572988 3.7513544118274205e-05 0.25979845011305286
1.1601938049509353 0.7420108373511335 4201.385771572988 3.7513544118274205e-05 0.25979845011305286
1.3051639262102124 0.6645758045150033 4826.186713498265 -0.00023612699650009159 0.3980140276799876
1.165628457512208 0.8774623558574829 4926.684242157519 -0.00025420140129566273 0.3146048167905633
1.284573418144974 0.6185591769324527 4676.540824284125 4.808876002895366e-06 0.4704179112605886
1.284573418144974 0.6185591769324527 4676.540824284125 4.808876002895366e-06 0.4704179112605886
1.3754852131989344 0.7468307661881902 4492.888864849498 -8.214527731090088e-06 0.7363369750685749
1.2427304962066459 0.7195910693587495 4486.429479452037 0.00016956300565776114 0.4753186525367584
1.4708881732202908 0.7052962608094158 4445.4346595242705 -0.0001025629426145714 0.7961553359144503
1.4708881732202908 0.7052962608094158 4445.4346595242705 -0.0001025629426145714 0.7961553359144503
1.3259771102163262 0.6362378298034961 4896.3820972562535 -0.0001520228701521658 0.517427231272479
1.1469871469531616 0.9570288564589592 4077.787349121882 -0.0003292927555181637 0.5055966251379708
1.1186677796346556 0.7393673492689499 4224.171205151536 0.00014067346144481887 0.2571021590206068
1.331477914344024 0.672244341727298 4490.190167656431 0.00014447486091435393 0.4980060234041777
1.331477914344024 0.672244341727298 4490.190167656431 0.00014447486091435393 0.4980060234041777
1.1303047875510324 0.7957238449733437 4137.362477769179 -0.00016567526181351065 0.33342377118523414
1.4484129415139342 0.703713927371634 4525.035767345198 -0.0001646987199686736 0.83749015435593
1.264567316110811 0.7531377670747786 4259.596650933638 -1.812972709970997e-05 0.5553465549757768
1.264567316110811 0.7531377670747786 4259.596650933638 -1.812972709970997e-05 0.5553465549757768
1.1900031751200733 0.9001782664337987 4187.243420278945 -0.0005295872849238789 0.4939870750197599
1.2181937017258704 0.6885282691763998 4827.540473922954 0.0006259398548433816 0.33732869513905217
1.2181937017258704 0.6885282691763998 4827.540473922954 0.0006259398548433816 0.33732869513905217
1.282422540280366 0.6487497514809483 4866.022206066826 0.0004968470150626337 0.6381136002180942
1.282422540280366 0.6487497514809483 4866.022206066826 0.0004968470150626337 0.6381136002180942
1.2599917462608672 0.7921866461606939 4242.186916058559 -0.00018183596592061211 0.8653848194286622
1.285452443167532 0.7110339540563685 4680.32486359149 -0.00029692509409268516 0.6788583387927315
1.2759621799118726 0.7553899360992857 4038.850036322848 -0.00013322989891430018 0.8843336164392622
1.2759100505309056 0.6877858635917463 4929.679175993414 -8.426148758011593e-05 0.6034731116262583
1.1459375344416092 0.9596101460045414 4997.138289299093 0.000323497787393198 0.36453031498154953
1.1459375344416092 0.9596101460045414 4997.138289299093 0.000323497787393198 0.36453031498154953
1.502715399843788 0.6351627739070876 4191.959149735744 0.00042168267244802906 0.5947628896398692
1.502715399843788 0.6351627739070876 4191.959149735744 0.00042168267244802906 0.5947628896398692
1.2137439337379097 0.8482494631830206 4699.417602474316 -0.0003578312948165953 0.9466126865371971
1.2027139739866226 0.9071721345367832 4934.247735618787 -6.141110929603235e-05 0.8732108972670994
1.2027139739866226 0.9071721345367832 4934.247735618787 -6.141110929603235e-05 0.8732108972670994
1.3978028073465758 0.6861945828379541 4822.12778005034 0.0006250693464683404 0.816282347955871
1.2148373151359233 0.7077626332038451 4866.612109124109 0.0004533646916147747 0.7428646218846586
1.2029103786280517 0.8922542711362462 4637.794169315348 -0.0001561787152380477 0.4541470882015127
1.0619590325724193 0.8913369541272506 4562.596322572176 0.0011559844687613337 0.3547998261891008
1.0619590325724193 0.8913369541272506 4562.596322572176 0.0011559844687613337 0.3547998261891008
1.2950987055787864 0.7660658852128078 4604.749521670073 -9.515380553026783e-05 0.9333870047017898
1.2950987055787864 0.7660658852128078 4604.749521670073 -9.515380553026783e-05 0.9333870047017898
1.0657967567443847 0.9226269945502281 4616.040036857128 0.0010285628577146526 0.4579789638519287
1.0657967567443847 0.9226269945502281 4616.040036857128 0.0010285628577146526 0.4579789638519287
1.334525532536043 0.6856248498385806 4808.613243570321 -4.624085130191268e-05 0.6438536716658618
1.334525532536043 0.6856248498385806 4808.613243570321 -4.624085130191268e-05 0.6438536716658618
1.4695981905766855 0.6942125379555061 4511.952224450788 0.00012994099788800995 0.9064649293743933
1.3381926160337057 0.633080552488021 4549.351809102829 0.0006721924891910304 0.5413124583879103
1.143836002014377 0.863217165367867 4901.600980813959 -0.00016924959913442285 0.44835172869025364
1.143836002014377 0.863217165367867 4901.600980813959 -0.00016924959913442285 0.44835172869025364
1.3537257882015608 0.6534893622074468 4804.758147398346 -0.000898936283983383 0.6416569411116277
1.2108705171181464 0.877721102801615 4839.339149142783 -0.00030277751819053134 0.7567026949251662
1.2964257043589753 0.5786296664990069 4752.56643648754 -0.0001914570548202417 0.4812583150258925
1.2964257043589753 0.5786296664990069 4752.56643648754 -0.0001914570548202417 0.4812583150258925
1.3175083851336287 0.7672862969099625 4975.598420917975 0.00034065500986574563 0.9196545547797619
1.4916923899210963 0.6595294620821892 4679.800440883309 0.000248110322534766 0.5634004709130848
1.4916923899210963 0.6595294620821892 4679.800440883309 0.000248110322534766 0.5634004709130848
0.9546865116997141 0.7018710490683308 4809.8929856497525 -0.0005018114201785698 0.2226505323558724
1.1692162490515443 0.8441395651435516 4204.49637417688 -0.00021191501185757812 0.32356147676537106
1.370978580526598 0.7028688349582547 4758.354409223601 0.0007170877720182139 0.931815872126144
1.370978580526598 0.7028688349582547 4758.354409223601 0.0007170877720182139 0.931815872126144
1.470079275211523 0.6406942310158785 4814.30778668215 0.00046272039262774663 0.6230572241830182
1.4037378179557405 0.7062513425734118 4635.191993040845 0.0006535524952706976 0.5800375218372333
1.4037378179557405 0.7062513425734118 4635.191993040845 0.0006535524952706976 0.5800375218372333
1.388407328659412 0.7576217271660901 4557.38615082576 -0.0002694092297870198 0.843462161776998
1.0539182788090748 0.9186214602856639 4817.878838569352 -0.00010204401519033655 0.44827747458781697
1.0539182788090748 0.9186214602856639 4817.878838569352 -0.00010204401519033655 0.44827747458781697
1.1706366588216905 0.8941493249556471 4647.555591716128 1.5680481289744277e-05 0.4677261932273408
1.3609275817871094 0.6465665623545647 4687.480654120445 -0.0003127288349846694 0.6904706954956055
1.3609275817871094 0.6465665623545647 4687.480654120445 -0.0003127288349846694 0.6904706954956055
1.2404978707554837 0.7555917581584985 4789.037412364157 -0.00011553433618833185 0.7369733027045334
1.3241717578010657 0.660789055254736 4340.771819375742 -0.00010466868612486182 0.546253960926415
1.3241717578010657 0.660789055254736 4340.771819375742 -0.00010466868612486182 0.546253960926415
0.9706495521718432 0.6627653298970276 4546.936304976482 -0.0008080128437542536 0.1895081782736845
0.9706495521718432 0.6627653298970276 4546.936304976482 -0.0008080128437542536 0.1895081782736845
1.4222095767317762 0.6776290302590909 4654.690667147681 0.00021960682173090225 0.6506475440846051
1.4222095767317762 0.6776290302590909 4654.690667147681 0.00021960682173090225 0.6506475440846051
1.3809305065260635 0.6996045070362678 4593.830778091076 -0.00028559289018607555 0.6716047280630681
1.1648546216875386 0.8336173102121605 4135.517349565694 3.849621958082625e-05 0.31165158490780215
1.2727643853316288 0.6268147782879809 4929.561568226387 -0.00016301906928694807 0.5973441719938696
1.3571761238603426 0.6886405844126839 4451.331222694659 -0.000277032344980052 0.7323981409252556
1.3571761238603426 0.6886405844126839 4451.331222694659 -0.000277032344980052 0.7323981409252556
1.0331034898757934 0.7759702354669571 4722.558743298054 0.0005479693756694819 0.3035277724266052
1.0335175201468276 0.9919735156616415 4882.468338847646 0.0007277175344342816 0.3354903000332126
1.1592460742996198 0.9384323192172114 4460.018419922568 7.856540417491759e-05 0.5051839827319601
1.1961618029141703 0.6235764768297642 4989.839942035638 -9.107881651489396e-05 0.29105000612912135
1.0626915251679003 0.7174182884287094 4876.763904629881 5.9414548342386956e-05 0.19554510627239413
0.9557003419600508 0.7219702036489829 4691.620746522046 1.137486863039389e-05 0.21050423352726755
0.9557003419600508 0.7219702036489829 4691.620746522046 1.137486863039389e-05 0.21050423352726755
1.2481757073997577 0.6916567402766488 4760.893799433917 0.0003945375145890378 0.582944577597206
1.1565222263336181 0.7482695952057838 4306.831564843655 -2.898670125885246e-05 0.19924527406692505
1.3524175390627233 0.5958621646887462 4777.688592987935 -0.00029756921706453044 0.4780572472057383
1.1746970113361683 0.9593019714679208 4972.105710900886 -0.0004069051777821429 0.7496209337285102
1.1746970113361683 0.9593019714679208 4972.105710900886 -0.0004069051777821429 0.7496209337285102
1.615028892182566 0.6341020388845166 4405.435986521652 -0.0005376062260479381 0.5178732049473764
1.615028892182566 0.6341020388845166 4405.435986521652 -0.0005376062260479381 0.5178732049473764
1.364941489554011 0.613130892070384 4795.349208305086 0.00038736857589190005 0.5278680861250098
1.364941489554011 0.613130892070384 4795.349208305086 0.00038736857589190005 0.5278680861250098
1.42680632304728 0.6419596769101927 4856.750580044193 0.0004635367120998298 0.5949888723831095
1.42680632304728 0.6419596769101927 4856.750580044193 0.0004635367120998298 0.5949888723831095
1.4704450463445586 0.6540747413821879 4395.346818018626 -0.00038773237185899835 0.5821745218167386
1.4673568481302186 0.7025620480800571 4704.535371138825 0.000602446173092475 0.9819429465376706
1.1530712291101324 0.7588040784591037 4113.864984107532 -4.9308566393624625e-05 0.24031599765467843
1.1530712291101324 0.7588040784591037 4113.864984107532 -4.9308566393624625e-05 0.24031599765467843
1.0900279350533573 0.9939472770360686 4968.055882242526 0.00034773108102546834 0.406009347329058
1.0900279350533573 0.9939472770360686 4968.055882242526 0.00034773108102546834 0.406009347329058
1.1150130473999864 0.9347371133011606 4965.2421464122735 1.0392811221407604e-05 0.46806438746958223
1.1150130473999864 0.9347371133011606 4965.2421464122735 1.0392811221407604e-05 0.46806438746958223
1.2637406489758307 0.7754787666456999 4087.94355942027 0.000585376538571296 0.34599670562595064
1.2637406489758307 0.7754787666456999 4087.94355942027 0.000585376538571296 0.34599670562595064
1.0911647493208743 0.8485776563471393 4520.2744857137895 0.0002196843561563836 0.3474967508407947
1.5024527876177372 0.7032642774352733 4632.578142339687 7.714285213481022e-05 0.9080808061696
1.5024527876177372 0.7032642774352733 4632.578142339687 7.714285213481022e-05 0.9080808061696
1.5178641236939485 0.6889739074959501 4776.410980216067 -0.0012738375881293877 0.7884491648136522
1.5178641236939485 0.6889739074959501 4776.410980216067 -0.0012738375881293877 0.7884491648136522
1.211908575263175 0.9026865932585065 4474.033316116189 0.00024239783842696833 0.45273090231025026
1.211908575263175 0.9026865932585065 4474.033316116189 0.00024239783842696833 0.45273090231025026
1.4108350855352152 0.6863234703538869 4898.4713837368545 0.0005475556315464166 0.861016476319501
1.1143612246629493 0.8618869187090288 4809.161100038734 -0.00024738692705390374 0.4173506754318397
1.4434631720860087 0.6918236505338691 4755.783768634219 -0.0004893779827115459 0.8311718762602041
1.2442853800128055 0.7284046461219245 4604.648814393536 0.0002081072626645036 0.4064681378072096
1.2442853800128055 0.7284046461219245 4604.648814393536 0.0002081072626645036 0.4064681378072096
1.104153722921054 0.9040549130926969 4554.089713996445 0.00035763599674824045 0.3819074941273586
1.104153722921054 0.9040549130926969 4554.089713996445 0.00035763599674824045 0.3819074941273586
1.174837745171727 0.8487804308748986 4944.670096648711 -0.00031246237474764443 0.34880445695578777
1.174837745171727 0.8487804308748986 4944.670096648711 -0.00031246237474764443 0.34880445695578777
1.3756279899978656 0.7125993194636664 4249.155904194466 -0.0003799891719189786 0.6487301221255894
1.2360667163582857 0.6964118149626296 4956.671461581966 -0.0008183799769885464 0.3003387763192799
1.2360667163582857 0.6964118149626296 4956.671461581966 -0.0008183799769885464 0.3003387763192799
1.136981598760448 0.832186664339482 4564.983101474377 4.727767893216169e-05 0.3211274501178436
1.2059470374784378 0.8252468483166981 4881.222219499595 -0.00048006458893028734 0.8432518371736885
1.2059470374784378 0.8252468483166981 4881.222219499595 -0.00048006458893028734 0.8432518371736885
1.162871944848958 0.6951147480678758 4520.54974657773 0.0004532997051947037 0.2804860386837711
1.162871944848958 0.6951147480678758 4520.54974657773 0.0004532997051947037 0.2804860386837711
1.2015926436203377 0.7324213628230587 4102.1625012225495 0.00038611114114349627 0.4716307080707215
1.1659217109011646 0.803867558948172 4307.0783609419195 -3.6598128113714594e-05 0.34349432724904166
0.9250759166857626 0.7523166277120955 4764.44635420957 0.00046376845676516745 0.24434576876598735
1.3980758933764013 0.652893921130273 4848.8763571104355 -0.0005807817427472749 0.523718128010149
1.1126546472781784 0.7859118732531375 3986.243058761755 8.559606930514837e-05 0.27982702709707546
1.3385904670993143 0.7488164819568071 4527.662370900774 -0.00011753790479073994 0.6361481845070692
1.3385904670993143 0.7488164819568071 4527.662370900774 -0.00011753790479073994 0.6361481845070692
1.3284108396511858 0.7923241135813931 4674.827825890837 -0.00028238044809620927 0.4638968548493685
1.3284108396511858 0.7923241135813931 4674.827825890837 -0.00028238044809620927 0.4638968548493685
1.2271430336360691 0.7807180652572847 4376.840399607819 -0.0002802220587913651 0.9739734079152671
1.2271430336360691 0.7807180652572847 4376.840399607819 -0.0002802220587913651 0.9739734079152671
1.026808638088169 0.7202619757795965 4450.3765844764785 -0.00041794053088084135 0.2056293009566065
1.026808638088169 0.7202619757795965 4450.3765844764785 -0.00041794053088084135 0.2056293009566065
1.2326195534092514 0.8037575967383856 4178.5166140407355 -0.0002458128964900806 0.8625359857233577
1.2021878892352071 0.818759646595354 4164.770782796369 -0.00023806370586511966 0.2795159322560513
1.3620513851477536 0.7249068319677631 4532.013798488512 -7.90924581405644e-05 0.6469603039949783
1.174921619045068 0.8742559948560953 4304.0588534097915 0.0007404916763011389 0.40642320967357626
1.174921619045068 0.8742559948560953 4304.0588534097915 0.0007404916763011389 0.40642320967357626
1.363893482524895 0.6648106109206121 4695.072678755243 0.000259499966442723 0.6782504756341685
1.363893482524895 0.6648106109206121 4695.072678755243 0.000259499966442723 0.6782504756341685
1.1096204032942354 0.9144319051007006 4685.942646877991 0.0005622505250839876 0.42945978033024984
1.1096204032942354 0.9144319051007006 4685.942646877991 0.0005622505250839876 0.42945978033024984
1.2089721777567894 0.7422690950576765 4751.063047699914 0.00020573778533023194 0.2151686826094274
1.3371823700591414 0.7858510688917414 4615.855051493108 9.26361400290544e-05 0.5334791455306451
1.2651474288460276 0.8640835977617302 4266.208594701338 0.00033890453390953996 0.4793015264033259
1.0112081460404823 0.8575482241676706 4995.9452640583995 0.0003109400205559458 0.3886490189725008
1.183254908247542 0.8511937975467104 4596.442982254435 -0.000352118130002398 0.5161421177571488
1.1425649245153342 0.9782041022822089 4526.332666242546 0.0006029137136081259 0.32424359586812024
1.4025039791327236 0.7450804150960859 4612.643823525326 -0.00012613475307282932 0.5856856826613966
1.2723516326349111 0.8152623876765814 4749.5228855032055 -0.0003612036303183176 0.6703611230824258
1.1213194879576411 0.9197326955006937 4625.465152760098 0.0004986489507359942 0.635290486344207
1.4038929886889813 0.6059559589457969 4737.189979257859 -6.20773496772225e-05 0.5730930213978076
1.1358992131138077 0.8572303688154213 4680.3424496793805 -0.0002919082213542611 0.4984900623928682
1.1358992131138077 0.8572303688154213 4680.3424496793805 -0.0002919082213542611 0.4984900623928682
1.1580090753191603 0.8916948999981839 4307.35931575439 0.00030410975051692763 0.42018026899987576
1.1580090753191603 0.8916948999981839 4307.35931575439 0.00030410975051692763 0.42018026899987576
1.5179013071786667 0.6733241585656483 4933.870831331059 3.5676937543852905e-05 0.7863945176767526
1.164584533226153 0.8024992664650649 4147.427027101456 -0.0003519320136938776 0.3829765192438208
1.184965938619943 0.790055454903442 4101.288304360522 -0.0006157081692812591 0.2990772446014087
1.0368383922092517 0.933726144344238 4556.618360086497 0.00036799643667316534 0.4741389131785041
1.0368383922092517 0.933726144344238 4556.618360086497 0.00036799643667316534 0.4741389131785041
1.3231545277954342 0.737104837881926 4984.979498830128 0.0004611042943275809 0.7069106615180438
1.3231545277954342 0.737104837881926 4984.979498830128 0.0004611042943275809 0.7069106615180438
1.2411029438233043 0.757103263208604 4441.1419236816 -0.0001945459087097501 0.5656501691105222
1.2411029438233043 0.757103263208604 4441.1419236816 -0.0001945459087097501 0.5656501691105222
1.0708204485301631 0.7055680212240951 4755.426886949862 5.960047973798356e-05 0.20964066183520808
1.1554666482382792 0.7784681756664472 4686.16558190669 -3.7177900327770033e-06 0.357420858942438
1.1554666482382792 0.7784681756664472 4686.16558190669 -3.7177900327770033e-06 0.357420858942438
1.112472699277733 0.7710239147305065 4606.734889301987 -0.0004490654281334143 0.25482532669635394
1.112472699277733 0.7710239147305065 4606.734889301987 -0.0004490654281334143 0.25482532669635394
1.2732523068490895 0.8355523989535545 4385.072170971228 0.0004062877737187923 0.4165763096297914
1.2732523068490895 0.8355523989535545 4385.072170971228 0.0004062877737187923 0.4165763096297914
1.0492707325416593 0.8600378118598568 4931.159757335025 0.0005333708186024804 0.37958770591509344
1.2625650158066113 0.6827806785157928 4290.959826730953 0.00032676867912632604 0.5857430893585045
1.2343603169915616 0.7892672323977864 4243.835162989386 6.236448777541095e-05 0.36049835749704134
1.2722587152826428 0.6627141259221025 4087.473333874224 0.0002650888604451051 0.31194226474280495
1.0142909119175039 0.8103472202506293 4790.478262728615 -0.0001241650265608392 0.33446254321199076
1.0142909119175039 0.8103472202506293 4790.478262728615 -0.0001241650265608392 0.33446254321199076
1.3319701922777982 0.6665034329019703 4906.80819686812 0.00026295883629141897 0.6617924436302757
1.3319701922777982 0.6665034329019703 4906.80819686812 0.00026295883629141897 0.6617924436302757
1.1688468523756723 0.691392241324805 4678.482620005182 -0.0002436696895843368 0.29477182081414643
1.2890626864834895 0.9469160883487316 4083.395338094427 -0.0008640036046549958 0.7487816954324619
1.2890626864834895 0.9469160883487316 4083.395338094427 -0.0008640036046549958 0.7487816954324619
1.1553923959901526 0.6557264787821543 4876.352757687141 5.0709477618927615e-05 0.2250908968182293
1.2847971394621238 0.8564597010522602 4043.3456314674004 0.0004963139137772295 0.5216529535279706
1.1224642240954388 0.8511500884962644 4841.606581201391 -0.0004903039063372364 0.41465757185061264
1.1224642240954388 0.8511500884962644 4841.606581201391 -0.0004903039063372364 0.41465757185061264
1.4042975486250588 0.6924969448762217 4052.3312552528037 4.719484233608279e-05 0.8171385913463283
1.3255992907408274 0.7269428546107237 4718.109287451096 0.0001286668596047343 0.9468495890983698
1.5631344435482077 0.6470090928837511 4502.141250118811 0.00016164034104877484 0.6094465689916826
1.2239775589424464 0.8201804383892618 4304.502684439671 -0.0006178388243578717 0.361885730699748
1.4969683640742404 0.664914466287531 4560.086824113571 3.527260558384674e-05 0.699882132642732
1.292375172403947 0.6995679148135233 4829.480620689006 4.881485407440359e-05 0.5925842194324538
1.2515225859742298 0.7232467321136642 4976.480315038996 -0.0002997923918580312 0.6243205449565814
1.3593138289198143 0.7483388533963433 4369.893434652684 -0.00020933049839166618 0.9771189259199592
1.283998867490046 0.6581356393105211 4453.709689022704 -2.2768316752352842e-05 0.45201950619358927
1.3798337709178878 0.6045763637254996 4955.853758226508 9.656293262919862e-05 0.48591822640951393
1.2363039144026327 0.9930578249952453 4552.462708471403 0.00033743256588966334 0.7972937299298404
1.091102559939148 0.6836510000220404 4830.290886649675 0.00043158376757615696 0.2106071508712981
1.091102559939148 0.6836510000220404 4830.290886649675 0.00043158376757615696 0.2106071508712981
1.3352668199299118 0.8011738491171712 4726.192550206315 -0.00033002502036897345 0.8903428573580623
1.1707953936500577 0.9260473646763522 4492.081665994405 -0.00027822745295220794 0.39957758829408174
1.1707953936500577 0.9260473646763522 4492.081665994405 -0.00027822745295220794 0.39957758829408174
1.1028271602929676 0.6807072631990165 4881.715478170505 0.00023806895129563027 0.19882068914771836
1.0633911892325496 0.8042496760520366 4327.067603179667 -0.0001230389081589313 0.3023063315324177
1.0633911892325496 0.8042496760520366 4327.067603179667 -0.0001230389081589313 0.3023063315324177
1.0614295405175738 0.810190036873853 4797.342385011091 -0.0003909984744743987 0.3601103343970352
1.2613090869881167 0.770631226625861 4665.794742688295 -6.337858259945642e-05 0.5683303624388264
1.2613090869881167 0.770631226625861 4665.794742688295 -6.337858259945642e-05 0.5683303624388264
1.2041272509160001 0.7394554957712303 4923.477922055574 -0.00033423056506472177 0.4667919843454781
1.249533358272034 0.7934491324940499 4133.945092590327 -0.000362266980021399 0.9446930848366715
1.249533358272034 0.7934491324940499 4133.945092590327 -0.000362266980021399 0.9446930848366715
1.2606551861589677 0.6408855827980068 4994.422576151066 -0.0005781672933120621 0.3423279343654061
1.2606551861589677 0.6408855827980068 4994.422576151066 -0.0005781672933120621 0.3423279343654061
1.0707883431905145 0.688081564435431 4601.086848238254 0.00021405143088336836 0.20849587421952503
1.3297156007285174 0.6968799468450324 4552.5090475345705 -0.00021732035431267104 0.5781142045153231
1.3297156007285174 0.6968799468450324 4552.5090475345705 -0.00021732035431267104 0.5781142045153231
1.2799476569421995 0.7458536534250129 4203.705530020222 -0.0007289411428930151 0.5497239550283273
1.1557486776864718 0.6774155112341883 4740.511383763514 -0.0006328256968524234 0.229301401150671
1.1632517289002982 0.8677701975512689 4243.439809526032 -1.8640818594330258e-05 0.383321437587729
1.2870998859405518 0.6623205319046974 4905.6370434165 0.000444731537073268 0.5820109844207764
1.4388254429943386 0.7245162310333153 4871.698199612859 0.00026931788571893313 0.909210161040198
1.4388254429943386 0.7245162310333153 4871.698199612859 0.00026931788571893313 0.909210161040198
1.4632568368188343 0.6599976315377867 4450.629439361645 -0.00040810873892676213 0.5770856254407446
1.4632568368188343 0.6599976315377867 4450.629439361645 -0.00040810873892676213 0.5770856254407446
1.517448440370552 0.7101570272685203 4492.388284147299 -0.00016033597233650352 0.9922060810943119
1.2578782304541007 0.6660560054723617 4386.472580043253 0.0004992675757014261 0.529939997069311
1.2578782304541007 0.6660560054723617 4386.472580043253 0.0004992675757014261 0.529939997069311
1.2871763504133553 0.8713268043735213 4633.065398897684 -0.0005973993346785439 0.5183134379662155
1.5647459913580883 0.6362292340771405 4371.281407499723 -0.00032162395602446895 0.5834620058564435
1.5647459913580883 0.6362292340771405 4371.281407499723 -0.00032162395602446895 0.5834620058564435
1.239660999964264 0.9210548425429566 4851.291887870019 -4.2813363751406605e-05 0.4954239015875691
1.1238830981448915 0.8875972950312796 4848.730641129828 0.0003560587079829052 0.34641963503254747
1.1238830981448915 0.8875972950312796 4848.730641129828 0.0003560587079829052 0.34641963503254747
0.99959748267683 0.7266751338143469 4615.308762766657 0.0006707291352123615 0.20853828500741067
1.4770025518149794 0.7052730260132452 4707.337013354643 -0.00011721394866078983 0.9417823860068887
1.4770025518149794 0.7052730260132452 4707.337013354643 -0.00011721394866078983 0.9417823860068887
1.2517241647066826 0.7185649250135882 4230.438474669853 0.0003653973880770202 0.3496310028078661
1.364771580696106 0.6949781030416489 4779.279732406139 -1.5035825094729037e-05 0.6294465661048889
1.402382520939744 0.6562440690773556 4259.9341892438015 -0.0004108030825044382 0.6047559655212922
1.261364274681697 0.676913785196305 4829.338698227666 -0.0003081750154849819 0.6436220885733802
1.1443235565060703 0.9163986245049646 4829.395887622943 0.00024962247665224563 0.6727657503373938
1.3757269669743313 0.6115249729109931 4967.7233993822565 0.0008893434414456374 0.5392109184766779
1.3757269669743313 0.6115249729109931 4967.7233993822565 0.0008893434414456374 0.5392109184766779
1.023148212423269 0.8190988460286581 4386.382861595215 0.0006100542712595706 0.2965758444732135
1.023148212423269 0.8190988460286581 4386.382861595215 0.0006100542712595706 0.2965758444732135
1.4930032078205264 0.6276260728139316 4368.3484854955295 0.00046827106215649244 0.5389445408284432
1.4930032078205264 0.6276260728139316 4368.3484854955295 0.00046827106215649244 0.5389445408284432
1.1498046562177453 0.8877836716228128 4669.910248882374 -0.0003668551838842567 0.35424490193349684
1.1498046562177453 0.8877836716228128 4669.910248882374 -0.0003668551838842567 0.35424490193349684
1.176662195811116 0.7794171715052916 4567.240150201374 0.00015002163666725274 0.5691396793952728
1.1894785582469232 0.8664758189882983 4523.057479496412 0.000682999273714478 0.44265289022349463
1.1415700580756774 0.9112527652265876 4941.1787007454695 -0.0003705785587316868 0.35991722644770896
1.1415700580756774 0.9112527652265876 4941.1787007454695 -0.0003705785587316868 0.35991722644770896
1.1046088396191518 0.8936663547960764 4805.855313445004 -0.0002874681388712249 0.44134459205399557
1.1046088396191518 0.8936663547960764 4805.855313445004 -0.0002874681388712249 0.44134459205399557
1.1305986065786056 0.7781167564104994 4139.074166636774 -0.0001475103279502444 0.3584629989998914
1.3488646210662956 0.6743836468215633 4442.379878019348 0.00021563497916339758 0.35872362190933443
1.1437732250704638 0.8089900052341529 4928.072619575694 0.00025661857689353925 0.32538232089622543
1.251123467795478 0.6533466627740233 4902.845024696548 0.0008841200829401747 0.5396426700418835
1.1411832756951794 0.8198762515315055 4667.509541712298 0.0001338082726029397 0.8210631511539549
1.1963809247215833 0.8858660102774126 4723.173227691769 0.00015530767059020918 0.7066138967910273
1.1963809247215833 0.8858660102774126 4723.173227691769 0.00015530767059020918 0.7066138967910273
1.034127093286025 0.6784151364433741 4793.783616314532 8.766067780501352e-05 0.1932695609247226
1.034127093286025 0.6784151364433741 4793.783616314532 8.766067780501352e-05 0.1932695609247226
1.4828379354415122 0.6376954509880315 4964.824481980918 -0.00010688266247340972 0.5615820582668644
1.4828379354415122 0.6376954509880315 4964.824481980918 -0.00010688266247340972 0.5615820582668644
1.3257930182912732 0.5936340902883006 4752.790501956665 -0.00016368686032442858 0.4560877540496521
1.3257930182912732 0.5936340902883006 4752.790501956665 -0.00016368686032442858 0.4560877540496521
1.4123218225200305 0.6452729730668417 4922.304939043193 -0.0006587072320461568 0.6535893045605383
1.3876612993444257 0.7192812110948047 4611.227987934177 -0.0006868500911953495 0.8052713558804612
1.3876612993444257 0.7192812110948047 4611.227987934177 -0.0006868500911953495 0.8052713558804612
1.5126296674005624 0.6948179249640131 4632.835466288013 0.0002787202727160038 0.7231271309755387
1.2392492489523232 0.6810456113992363 4812.505566993247 -0.0004175950449720615 0.6422625518209828
1.2392492489523232 0.6810456113992363 4812.505566993247 -0.0004175950449720615 0.6422625518209828
1.0933902480342088 0.8529165824185218 4539.830281024765 0.0002755361024005205 0.3264083755411538
1.487297457027453 0.6490428066178562 4526.567343691931 0.0005432272023566167 0.6307519701678548
1.487297457027453 0.6490428066178562 4526.567343691931 0.0005432272023566167 0.6307519701678548
1.3619233684741023 0.699850806021546 4590.817071767551 0.00039026497620089467 0.7303147663069588
1.3619233684741023 0.699850806021546 4590.817071767551 0.00039026497620089467 0.7303147663069588
1.0920197895702777 0.9060207636884371 4845.685380437154 -9.18652186430536e-05 0.42692506280949977
1.4119386102253462 0.7219265576620159 4898.933521016571 9.471622449411903e-05 0.9120961297767313
1.4119386102253462 0.7219265576620159 4898.933521016571 9.471622449411903e-05 0.9120961297767313
1.2338104654835491 0.9080918412141461 4144.227963715952 0.00020424875456888665 0.5830732075135617
1.2536657926140484 0.7511524340642396 4837.2767668466895 9.384854521448884e-05 0.5301268301266404
1.2762028511744472 0.7457940580833186 4387.475004738732 -4.2472637796546895e-06 0.6029499968320988
1.144013354908921 0.8230022155026278 4056.9246350214457 4.2750541929833984e-05 0.2842186801358785
1.2392045765759485 0.6340011689231383 4847.864668453655 0.00010888547805995016 0.4716954720562943
1.2392045765759485 0.6340011689231383 4847.864668453655 0.00010888547805995016 0.4716954720562943
1.2672247124560516 0.8201547490924862 4104.944945014164 -7.81833192238873e-06 0.4475317352596837
1.4119714013463125 0.7141699810725096 4774.642350712918 -0.0003027838361463492 0.7386308521548968
1.320099717097558 0.7511703330461238 4683.5131439425595 0.000230318426364501 0.7382671852683911
1.3296418931105236 0.6565218847783458 4805.176899794683 -0.0005462905269078486 0.6377503554189883
1.3572478533988086 0.6770905597920486 4868.69493063753 -0.0003060134245828699 0.5834138634300439
1.2251614990371171 0.7485892040416837 4651.557421007256 -0.0005809925955953834 0.4499517867698748
1.2251614990371171 0.7485892040416837 4651.557421007256 -0.0005809925955953834 0.4499517867698748
1.2094240840511457 0.709445955996249 4567.379461253689 0.00037657437955473824 0.45997746982297566
1.5147297398025108 0.7032145788416582 4445.93032533342 -0.0006584353546287515 0.9321845609973021
1.3631395485201554 0.6783984617351048 4676.87190503089 0.0004711060721072546 0.5605883055025009
1.3631395485201554 0.6783984617351048 4676.87190503089 0.0004711060721072546 0.5605883055025009
1.2901960276000777 0.6614716751773542 4976.8222371106995 -0.0002431769727145758 0.4779035868830715
1.3000738810779273 0.6787094603717805 4877.8939152437415 0.00010763503941308732 0.32755608064075614
1.2533959858920518 0.8193096556863584 4046.636703367645 -0.00045542359453350554 0.6281496557198989
1.2533959858920518 0.8193096556863584 4046.636703367645 -0.00045542359453350554 0.6281496557198989
1.1332992866633647 0.8235189511094413 4579.407101160306 0.000776773169272473 0.5647795988007704
1.1332992866633647 0.8235189511094413 4579.407101160306 0.000776773169272473 0.5647795988007704
1.3526313041967155 0.6781964134331339 4832.806357178762 0.0008425218632977082 0.5324111333371497
1.1432024176153202 0.9392690918511807 4454.760066957646 -0.0006625836966280779 0.3754492636350952
1.4135456854308917 0.6215979943538616 4306.812910258262 -0.00039605623773879717 0.5623056280177443
1.4409244598116704 0.6127125036532725 4936.089759509214 0.00015927904711714522 0.43548460445815707
1.3813459463119333 0.6128224513995768 4848.906219539737 -0.000995046068200487 0.5056368866591294
1.3813459463119333 0.6128224513995768 4848.906219539737 -0.000995046068200487 0.5056368866591294
1.4858022535493434 0.6707324989275806 4366.24831997044 -0.00030264740756538624 0.6910413046750536
1.4534055928652796 0.7212899839343396 4450.446192040344 2.2178891617432904e-05 0.9660348003955652
1.19883996847989 0.7296904669362687 4130.199268976235 -0.00027813497491184226 0.22792557545370776
1.3352351166792111 0.8506621943984541 4603.214557111314 0.0002474932736732485 0.9133343420198604
1.3352351166792111 0.8506621943984541 4603.214557111314 0.0002474932736732485 0.9133343420198604
1.2835617194445716 0.8614055992337498 4618.455823251834 0.0008022732142186586 0.9062091436218123
1.1765826394398382 0.7630711372338723 4382.622292153149 -0.0002066796083802882 0.3557092184439724
1.1765826394398382 0.7630711372338723 4382.622292153149 -0.0002066796083802882 0.3557092184439724
1.1350707868163723 0.9763469986926484 4896.160864104877 0.00028432840049333124 0.5372609123276899
1.4929990896701333 0.6424826164793782 4403.035633001927 -0.00035597675148124196 0.5125361783588301
1.4929990896701333 0.6424826164793782 4403.035633001927 -0.00035597675148124196 0.5125361783588301
1.1352167428236872 0.8506400053774602 4910.175209004322 8.472974967026796e-05 0.4511015642928741
1.2435366388639302 0.9714237950770733 4229.988462876222 -0.0002229192653299354 0.43143995773793387
1.31020056650696 0.7400497731320979 4588.541857010747 -0.00019829821099214185 0.9388742238516662
1.254090176122825 0.8590276753742847 4796.334846541968 1.4490456888511037e-05 0.8685473199240736
1.254090176122825 0.8590276753742847 4796.334846541968 1.4490456888511037e-05 0.8685473199240736
1.3536444440066409 0.7787799425928135 4217.845752883213 -0.0002604450653547452 0.8745101277969922
1.3774645462948816 0.6953409806242863 4580.081776839699 0.00023577993630657354 0.4509143271566233
1.2864208189003716 0.7341464603498608 4839.658591511586 0.00031393554083627994 0.5873411501051938
1.2864208189003716 0.7341464603498608 4839.658591511586 0.00031393554083627994 0.5873411501051938
1.071797693233397 0.8494022109334982 4922.0580310154155 0.000290240039696033 0.3950671626898484
1.071797693233397 0.8494022109334982 4922.0580310154155 0.000290240039696033 0.3950671626898484
1.296229070390924 0.795816633669247 4141.500404417116 -0.0003217211484212478 0.7108131121615429
1.296229070390924 0.795816633669247 4141.500404417116 -0.0003217211484212478 0.7108131121615429
1.3832118273342286 0.7055743115021408 4118.012413473049 6.845299568275719e-05 0.8033404653888381
1.3832118273342286 0.7055743115021408 4118.012413473049 6.845299568275719e-05 0.8033404653888381
1.3143545627593993 0.7375428602099419 4531.977102220058 -5.9464511294143165e-05 0.6550911068916321
1.43650022523267 0.6878186897093214 4467.636431710623 0.0008855184311233867 0.8495824333859948
1.267960963731758 0.6557924932369759 4761.248499544618 0.0012952822092115496 0.5613241444129351
1.267960963731758 0.6557924932369759 4761.248499544618 0.0012952822092115496 0.5613241444129351
1.3133932048670531 0.7300384158281736 4784.813565003547 -5.693190294682644e-05 0.803059378849078
1.193685412613574 0.884503410949795 4486.023640569001 5.297866153372795e-05 0.6399261725795691
1.290991968903527 0.9398392841540115 4719.204941985453 0.00030004994558300495 0.6861074304316672
1.290991968903527 0.9398392841540115 4719.204941985453 0.00030004994558300495 0.6861074304316672
1.2127862697087117 0.8130071885582683 3942.4373499768417 -0.0006937131809492157 0.3239942816804997
1.4172683193636737 0.59457962214911 4322.723056913622 -0.0005890389357243882 0.4538490222226408
0.9712115706986008 0.7279991369920923 4951.63923489862 -7.403848517714164e-05 0.22176069708952695
1.2680986432915664 0.7035294955645527 4783.827578557256 0.00013568848508958728 0.49317360534495347
1.3098365275770991 0.6417632883237082 4795.421432682879 0.00015789992544892322 0.5313315408365747
1.3098365275770991 0.6417632883237082 4795.421432682879 0.00015789992544892322 0.5313315408365747
1.2557033324992481 0.597185447266423 4752.085621689461 -0.0006644384260943315 0.5101380899129001
1.4983555618247317 0.6992444727523787 4632.589811498783 0.0001083318264824327 0.8560286298198476
1.4983555618247317 0.6992444727523787 4632.589811498783 0.0001083318264824327 0.8560286298198476
1.358877306958622 0.6639085545548588 4893.421342574543 -0.0002861665769047555 0.6819481310502113
1.358877306958622 0.6639085545548588 4893.421342574543 -0.0002861665769047555 0.6819481310502113
1.4358198231079493 0.6643058413766338 4705.8288045863055 -0.0002163263770102967 0.6844302542333285
1.3138718249939205 0.8344056705101752 4496.3484283424605 -0.0003897464358049806 0.6790687098264917
1.3138718249939205 0.8344056705101752 4496.3484283424605 -0.0003897464358049806 0.6790687098264917
1.279118962081328 0.7290594373362138 4243.858052706803 -0.0004230352754501411 0.3257507203910311
1.3585946165458465 0.7331540651312862 3965.7521508304303 5.29036664211059e-05 0.8997821503775996
1.3585946165458465 0.7331540651312862 3965.7521508304303 5.29036664211059e-05 0.8997821503775996
1.1706529387897744 0.8672564697800614 4292.513627748902 0.0007784412296983075 0.7916575393979923
1.1706529387897744 0.8672564697800614 4292.513627748902 0.0007784412296983075 0.7916575393979923
1.1444695235378315 0.8696776513511733 4975.158640235296 -0.00039719351363657815 0.47162289585372913
1.1108452042623809 0.6983029787654296 4181.50764165347 -3.828971405439645e-05 0.21638814704087758
1.1108452042623809 0.6983029787654296 4181.50764165347 -3.828971405439645e-05 0.21638814704087758
1.5285027708748815 0.6160156741952634 4210.160972728431 -0.0005053356782562686 0.5379866827835628
1.27411171002648 0.8271555208552835 4323.492139676972 6.939346698337735e-05 0.4139150065588131
1.2420124899558609 0.878191448045715 4592.261639310592 -0.0002506471788526089 0.6388867996383719
1.2420124899558609 0.878191448045715 4592.261639310592 -0.0002506471788526089 0.6388867996383719
1.0545011603845929 0.8233769199734332 4698.5448267368565 -0.00029566624241814153 0.34225828857763774
1.0545011603845929 0.8233769199734332 4698.5448267368565 -0.00029566624241814153 0.34225828857763774
1.458370341054132 0.6985226269639668 4490.2521475949225 6.027280538265333e-05 0.7403827669911451
1.458370341054132 0.6985226269639668 4490.2521475949225 6.027280538265333e-05 0.7403827669911451
1.2736865974664258 0.830097145410287 4822.036451487687 0.00010047521526078274 0.9874839465278912
1.1808897037041735 0.8197664514359466 4834.651310440998 0.00040028334205384307 0.7232285660161843
1.3214929958264814 0.7705540041767641 4555.680606459395 -0.0009538271326987042 0.953961385872642
1.3214929958264814 0.7705540041767641 4555.680606459395 -0.0009538271326987042 0.953961385872642
1.2037695391699437 0.79917143804873 4456.077165708436 -0.00044870176545426033 0.8083620977324198
1.2037695391699437 0.79917143804873 4456.077165708436 -0.00044870176545426033 0.8083620977324198
1.1620084038291463 0.8898548108807908 4664.055416767637 0.00011468475998197605 0.4528570633079698
1.4773777843245313 0.6146910009601948 4944.610903279553 -0.00016393867129983685 0.4761991746912883
1.4773777843245313 0.6146910009601948 4944.610903279553 -0.00016393867129983685 0.4761991746912883
1.096961833169653 0.6841342306996161 4913.454516330093 0.0003321341933327157 0.21798244145572165
1.434880412389765 0.7146251107242829 4495.004067096765 0.0003600505599131869 0.9018752127257583
1.1475745654943097 0.7080944996982802 4991.137494458726 -0.00020816993168628462 0.19152531736540843
1.4304942340465914 0.6686833598150981 4804.699311110621 0.00018414662636874853 0.5752324055903801
1.4304942340465914 0.6686833598150981 4804.699311110621 0.00018414662636874853 0.5752324055903801
1.4357493673756774 0.6893351395243638 4869.037219034966 -0.00024178475767293653 0.8967868582947749
1.2427181779747163 0.6390185820328731 4938.974166164697 0.0004869892262510871 0.31596193648210036
1.3263337253669198 0.7017983847010663 4235.582331163599 0.00028068762705369305 0.7396366354212565
1.3263337253669198 0.7017983847010663 4235.582331163599 0.00028068762705369305 0.7396366354212565
1.0095390572464151 0.6702498555758336 4927.4542120268225 -3.218108366631268e-05 0.1780117509864847
1.3432810024601451 0.7400959614052391 4846.380691041589 -9.271790125685352e-05 0.9244815418442698
1.2613994845715588 0.6406000824896575 4810.502194496468 -0.0002811951235289712 0.3519616948618359
1.2613994845715588 0.6406000824896575 4810.502194496468 -0.0002811951235289712 0.3519616948618359
1.4773798065995036 0.7094827835501825 4442.1376754972025 -0.0003647232177694872 0.9659367859175901
1.4773798065995036 0.7094827835501825 4442.1376754972025 -0.0003647232177694872 0.9659367859175901
1.4253215198360447 0.6585875867360362 4465.889137831071 -0.00012530494356329666 0.6397170672554309
1.4253215198360447 0.6585875867360362 4465.889137831071 -0.00012530494356329666 0.6397170672554309
1.2132208114279317 0.8340485655805818 4596.5161658273 -0.0002816097084693258 0.6693177827086882
1.3313946099393772 0.6606993730649801 4138.55384132592 0.0001271529049911336 0.6806192275576419
1.4253680068609418 0.6367494629874335 4139.155173883223 -0.000532888385179646 0.6043728615397727
1.396761959130827 0.6780058948394072 4983.396207965301 7.354865300330331e-05 0.7679038965385255
1.396761959130827 0.6780058948394072 4983.396207965301 7.354865300330331e-05 0.7679038965385255
1.0540743527309124 0.8326120487592314 4290.454445747948 0.0006855552854427006 0.331480351993993
1.1258440363257227 0.8456354677070714 4093.2200562636904 0.00011285550970615574 0.3430398039183594
1.1258440363257227 0.8456354677070714 4093.2200562636904 0.00011285550970615574 0.3430398039183594
1.4634595435164703 0.7315615128117046 4153.449618135657 -0.00012173798765562068 0.8979073963437285
1.328565630814766 0.7261241554267956 4495.27808056485 -0.00016564288210338212 0.9261287393467015
1.1502841463124907 0.7840681667510525 4378.953082951656 0.0004170718807294136 0.3006187908804657
1.1502841463124907 0.7840681667510525 4378.953082951656 0.0004170718807294136 0.3006187908804657
1.104253777870694 0.8849529193043465 4046.5768600303163 -0.0003833494545580832 0.37982061704328807
1.104253777870694 0.8849529193043465 4046.5768600303163 -0.0003833494545580832 0.37982061704328807
1.3671604838172322 0.6964833918541504 4691.171610371595 -0.0005828415038987726 0.9085264907568302
1.1386656152894972 0.8799654723634281 4975.527115372829 0.00010242035028163761 0.3349548374512541
1.1386656152894972 0.8799654723634281 4975.527115372829 0.00010242035028163761 0.3349548374512541
1.403497021303091 0.6818745432356047 4691.455783957609 0.0005169812770034578 0.8322102379578334
1.403497021303091 0.6818745432356047 4691.455783957609 0.0005169812770034578 0.8322102379578334
1.4947698941927996 0.6567623465648538 4526.326146300323 0.0002564365782362852 0.6768943566651672
1.2461168853895042 0.8273333937395718 4783.340539012052 0.00010850640233183154 0.7712457249425865
1.2461168853895042 0.8273333937395718 4783.340539012052 0.00010850640233183154 0.7712457249425865
1.1568013360646152 0.9076035127256192 4857.385775309611 0.0001446035811233447 0.5962229262471923
1.1568013360646152 0.9076035127256192 4857.385775309611 0.0001446035811233447 0.5962229262471923
1.5717241460191844 0.6945895311182765 4750.162429809583 0.00011179792512978485 0.8768137703646078
1.3827608405534113 0.6348334390352184 4793.013990881349 -0.0003609134862226428 0.5944522865850054
1.2415005791964728 0.7185617352860119 4513.293493200738 -0.0002584222019267802 0.7058578951619199
1.2415005791964728 0.7185617352860119 4513.293493200738 -0.0002584222019267802 0.7058578951619199
1.445991622401197 0.7102450069461201 4642.590385579746 0.00022987283551658024 0.8251623377460258
1.12944327778758 0.7475385448964925 4815.9362669645025 -0.0006559614251548909 0.20075473427376556
1.2976002757787144 0.7880977057824984 4773.02860181661 -0.0007157638646499824 0.38229996656116244
1.046553922661117 0.7082057307356272 4329.023338825374 -0.0006435683196854914 0.23037517873951285
1.2583517339089618 0.7476414430819907 4110.924356259994 6.776164676288378e-07 0.6522742619951485
1.363378785827798 0.7607341778666997 4750.956188820035 -0.0004937154530710348 0.6961510381908058
1.0572641658115727 0.7326964358451338 4838.057400308624 -0.00030021930457371283 0.23174888087765824
1.297578395057674 0.7258898965577762 3992.306000561234 0.00043780362823956547 0.42475525061809216
1.3999015246170428 0.645620660223077 4995.32503541722 -0.00016823027325268644 0.6785985587117274
1.2593452039362796 0.696587281953342 4685.062889680366 0.00022729394727478828 0.38026133617442615
1.3007828417726726 0.6361283306909159 4884.465050273701 0.00013240572785088784 0.4748498644500703
1.1914779746990725 0.8923767613917637 4206.665957126953 0.0005349045107293585 0.4917390608067018
1.3651441920636613 0.5899890147419403 4702.65420981153 -0.0001756939047581132 0.47270527185227035
1.204606379242532 0.8235395657396561 4183.54147574875 -0.000387400208580736 0.7236415379914299
1.204606379242532 0.8235395657396561 4183.54147574875 -0.000387400208580736 0.7236415379914299
1.0856955328795832 0.7694600959293286 4290.848190443229 -0.0005010301586552655 0.2830314817349749
1.0856955328795832 0.7694600959293286 4290.848190443229 -0.0005010301586552655 0.2830314817349749
1.3281746758889432 0.7828864814095412 4751.129018289978 0.0003629483435200783 0.6172236063740812
1.3281746758889432 0.7828864814095412 4751.129018289978 0.0003629483435200783 0.6172236063740812
1.3647553899622538 0.6376912967359663 4852.035462377528 1.2206478148061884e-06 0.5167633930670347
1.3647553899622538 0.6376912967359663 4852.035462377528 1.2206478148061884e-06 0.5167633930670347
1.238583520759557 0.8027613544749572 4694.567485468362 0.0005292007864253378 0.8163184011142604
1.1948565871096617 0.9838474983954758 4467.288219226743 0.00013954707762164277 0.9071454839060356
1.437865436112563 0.6143088963667453 4833.085704843849 0.0002958154262024309 0.5229110411018192
1.437865436112563 0.6143088963667453 4833.085704843849 0.0002958154262024309 0.5229110411018192
1.3313373576657752 0.6266775447306502 4438.824717785681 -0.0005524446225862001 0.592723383947153
1.3313373576657752 0.6266775447306502 4438.824717785681 -0.0005524446225862001 0.592723383947153
1.5003386419144618 0.6905242260583223 4939.9674024047645 2.956804235632003e-05 0.728631754413677
0.9681627309217479 0.725912602775792 4859.670749036329 -0.0005474327983171623 0.23888510383028927
0.9681627309217479 0.725912602775792 4859.670749036329 -0.0005474327983171623 0.23888510383028927
1.20887806834289 0.7221217147580089 4588.103098738604 0.00022633826717397142 0.3358377152341967
1.20887806834289 0.7221217147580089 4588.103098738604 0.00022633826717397142 0.3358377152341967
1.1774560156352363 0.7910832754958009 4589.827221603677 0.0006397628933714672 0.3108828749886867
1.3474976655798425 0.7595325971439328 4383.968606022096 -0.0005876302095993242 0.8338215234795762
1.3474976655798425 0.7595325971439328 4383.968606022096 -0.0005876302095993242 0.8338215234795762
1.0643195651483088 0.8396544264526966 4924.755467661476 0.00035915693078380053 0.3509086539150219
1.0643195651483088 0.8396544264526966 4924.755467661476 0.00035915693078380053 0.3509086539150219
1.227362535311193 0.7754518432798456 4013.010384711889 -0.0002011375177258781 0.3165642431465956
1.2385218798780122 0.7953972835982811 4859.313487095792 -0.00018486490056568512 0.5261984732023088
1.4060870355392439 0.6042468116358393 4808.234132490713 0.0003106365051508387 0.46790460981580156
1.4060870355392439 0.6042468116358393 4808.234132490713 0.0003106365051508387 0.46790460981580156
1.3403344585738095 0.6842443885491052 4972.797482311332 0.0009516832047597226 0.7730354646841978
1.4771108936390336 0.6196153666182578 4453.398674630822 -0.0005227670907745625 0.4675705858998074
1.4771108936390336 0.6196153666182578 4453.398674630822 -0.0005227670907745625 0.4675705858998074
1.1126995638303985 0.8901592413139621 4438.3182480551195 5.164682192865129e-05 0.36160818473666845
1.3428733828105082 0.6795086710973419 4926.49573969514 -0.0001744247645815056 0.5170890772234761
1.3428733828105082 0.6795086710973419 4926.49573969514 -0.0001744247645815056 0.5170890772234761
1.108461236679394 0.9541936999174092 4491.639898316573 9.571830571026999e-05 0.4000916101641325
1.3080054099219462 0.7188182168812971 4947.2774418893105 -0.00010184828488564538 0.606697759534847
1.3080054099219462 0.7188182168812971 4947.2774418893105 -0.00010184828488564538 0.606697759534847
1.422893015432934 0.6941566719693975 4951.681290411976 0.00023635981457003453 0.6845427452091719
1.0620152707076815 0.8066999290124744 4984.916538939427 0.0002167122529904244 0.3525413508605253
1.0620152707076815 0.8066999290124744 4984.916538939427 0.0002167122529904244 0.3525413508605253
1.134093137814411 0.9711257766312549 4773.139673430192 0.00034960799625057904 0.391148298651376
1.134093137814411 0.9711257766312549 4773.139673430192 0.00034960799625057904 0.391148298651376
1.4986431775697413 0.6632622684542174 4607.052834284726 4.7633514324730066e-05 0.6042192147201528
1.4986431775697413 0.6632622684542174 4607.052834284726 4.7633514324730066e-05 0.6042192147201528
1.3758319744542962 0.6390679985338212 4709.29049105817 7.715281641106563e-05 0.514066468963973
1.0783179809675814 0.7945966091752693 4552.640093643389 -0.00012160028431167643 0.30386896434275623
1.48801412264443 0.6879892207573183 4970.7470089805465 -0.00026179930610185735 0.7931349708081665
1.2923534715907805 0.7720607459960517 4926.019877728153 -9.393794952320085e-06 0.5176791649680471
1.2923534715907805 0.7720607459960517 4926.019877728153 -9.393794952320085e-06 0.5176791649680471
1.0085799898379866 0.7928726958505561 4503.475874696498 -0.0002119034077526405 0.28534322941738355
1.0085799898379866 0.7928726958505561 4503.475874696498 -0.0002119034077526405 0.28534322941738355
1.2056133789081924 0.8946095317441787 4133.6885907601045 8.751376896280915e-05 0.9207607011576086
1.2056133789081924 0.8946095317441787 4133.6885907601045 8.751376896280915e-05 0.9207607011576086
1.0421836890140856 0.8936528453272465 4456.275312212812 9.081047741098682e-05 0.3402938552236192
1.2101912491266953 0.7945436644766832 4458.895322602925 0.00019585041307488998 0.8000221784972354
1.2101912491266953 0.7945436644766832 4458.895322602925 0.00019585041307488998 0.8000221784972354
1.2933836464664163 0.7392158797655131 4853.844330727363 -0.00029315202058675753 0.5093706200182988
1.2933836464664163 0.7392158797655131 4853.844330727363 -0.00029315202058675753 0.5093706200182988
1.0135804087697193 0.8163606871174761 4819.877948644973 -0.0003472327359275557 0.31261405375161344
0.9738220601755347 0.7208997343820898 4344.583806201101 -0.0002482634281190898 0.2340159627091279
0.9738220601755347 0.7208997343820898 4344.583806201101 -0.0002482634281190898 0.2340159627091279
1.0861357108325138 0.8023746680323944 4625.619051915159 0.00023787146161553845 0.2931983195084085
1.1475692093905403 0.9049849079813115 4142.173338385942 0.00011836936282093061 0.444252171318549
1.1475692093905403 0.9049849079813115 4142.173338385942 0.00011836936282093061 0.444252171318549
1.1261477485769071 0.8229151786761854 4800.844912786984 1.1407408067187067e-05 0.38909307025627604
1.1261477485769071 0.8229151786761854 4800.844912786984 1.1407408067187067e-05 0.38909307025627604
1.4421097055110543 0.6259109548200615 4695.90015452013 0.00043911042586818765 0.5312779928825206
1.4257204528625582 0.708825981901168 4899.782483375155 0.00010787505640507956 0.7121643513331318
1.4257204528625582 0.708825981901168 4899.782483375155 0.00010787505640507956 0.7121643513331318
1.144522216383516 0.9249326279412314 4453.576581087191 8.260726667224427e-05 0.5883387350557667
1.277261040002549 0.640710040009631 4757.92098719598 -0.0001010813885685076 0.4886601918749401
1.2734764543182386 0.8214976960607832 4753.997077069884 -5.526905423129262e-06 0.7463151521924176
1.2734764543182386 0.8214976960607832 4753.997077069884 -5.526905423129262e-06 0.7463151521924176
1.3665813440903052 0.7367203984962248 4637.929574335656 -0.0004672597383394192 0.7970695026468375
1.3665813440903052 0.7367203984962248 4637.929574335656 -0.0004672597383394192 0.7970695026468375
1.1752714028455005 0.8144734478739608 4482.397996199244 -0.0005026580403670939 0.9040691821261618
1.1752714028455005 0.8144734478739608 4482.397996199244 -0.0005026580403670939 0.9040691821261618
1.3922104182405097 0.7248537422521092 4369.2280953638 -0.00046623047769761555 0.8461953817177021
1.1005353284906632 0.9512755377094684 4866.278036302586 0.00010427342915763319 0.5590829543550706
1.2413585801044642 0.9858776977624537 4960.841575714013 0.0004118998415333546 0.5136330576435189
1.034095985911186 0.7744184951406213 4708.975625413019 0.0013419939542028572 0.243422950619604
1.034095985911186 0.7744184951406213 4708.975625413019 0.0013419939542028572 0.243422950619604
1.2977449599676611 0.746262439055936 4020.5169069249987 -0.0004977413481833348 0.6317645983433935
1.2977449599676611 0.746262439055936 4020.5169069249987 -0.0004977413481833348 0.6317645983433935
1.144372070902016 0.75240138168607 4303.909346336525 0.0007047944230915914 0.2901234560241751
1.0917434684131055 0.7643246223580387 4967.78284666386 -0.0006728760914238707 0.28943980620475485
1.2151566860125296 0.7708313508290942 4575.77440231146 4.005498551894641e-05 0.616954076665627
1.0556054615339932 0.7324355142700066 4830.17365396525 -0.00018020687548632049 0.26697826263430946
1.3974153868093544 0.6924451112173653 4126.760778526379 -0.00022648085628982126 0.6886114638827994
1.2200455866239386 0.957640612611327 4192.434953547114 0.0005024803290534979 0.6330584178387983
1.4266445520337208 0.6883205838335845 4698.54109536382 0.00018770382710457 0.6488918945489643
1.459264783893547 0.6768923519554445 4650.907603351739 -0.0008529946111434551 0.6371618309313751
1.459264783893547 0.6768923519554445 4650.907603351739 -0.0008529946111434551 0.6371618309313751
1.2466439135572744 0.8378330538052744 4720.355088014592 -0.00015424535365460518 0.4869884006876254
1.2466439135572744 0.8378330538052744 4720.355088014592 -0.00015424535365460518 0.4869884006876254
1.2377717177838052 0.6571633546938359 4666.942359724943 -0.0004315121509198851 0.48577286420221244
1.3481273967512586 0.6962793722448344 4560.570437273552 0.00045967020083849164 0.6423206284022026
1.5337085549956653 0.6493703033611918 4727.707969759363 6.299377359594903e-05 0.6307682634892402
1.1383797645568847 0.7111142575740814 4805.604321241379 0.0008911209992690961 0.261401891708374
1.3478267239345887 0.7317006389880227 4855.23367399504 0.00032743231493215366 0.9693163825497453
1.3478267239345887 0.7317006389880227 4855.23367399504 0.00032743231493215366 0.9693163825497453
1.1921697150836426 0.7607572092863661 4638.444232205399 -0.00039985266534615406 0.29794150907048833
1.2333515387596445 0.7995449290494111 4118.063630735915 -5.120927556725382e-05 0.4856002253144782
1.194875342297977 0.817058360456043 4104.773744492197 -0.0006376095884590763 0.32300316051768246
1.194875342297977 0.817058360456043 4104.773744492197 -0.0006376095884590763 0.32300316051768246
1.2206487362253282 0.6725170417750231 4262.301661104546 -8.975906924393535e-06 0.4398330815926182
1.3354490060140711 0.6455413804530228 4920.275169691533 0.00024007503964724384 0.4783069261418472
1.1104313604650982 0.887377521347873 4465.550742271143 -0.0002774826163132508 0.41332200708626377
1.1104313604650982 0.887377521347873 4465.550742271143 -0.0002774826163132508 0.41332200708626377
1.257554898614733 0.6336525695478853 4867.150872686654 0.00026693226348053204 0.4745234929155378
1.0340194659448099 0.7298878600480231 4784.724356612085 9.416477399587396e-05 0.19440074814581698
1.2076506556259974 0.8670311027318743 4931.583301207089 -0.0006654034289990026 0.8323312160104016
1.2076506556259974 0.8670311027318743 4931.583301207089 -0.0006654034289990026 0.8323312160104016
1.3991894458463348 0.6428614133703228 4500.571113413147 0.00035743674374788715 0.6110167828099756
1.4555375212259056 0.6507113980876043 4963.101569752566 0.00032317140252532907 0.57050573997965
1.4982515378309769 0.6581674082745843 4846.000845838625 -0.0005832786122120466 0.6259381484672721
1.0744685193007075 0.7419360891836363 4897.100935193598 -0.00011723320215063172 0.21857553214691425
1.0744685193007075 0.7419360891836363 4897.100935193598 -0.00011723320215063172 0.21857553214691425
1.3694601211234652 0.7194381715487299 4593.288833676296 0.0003977008606761429 0.7358957085196697
1.3694601211234652 0.7194381715487299 4593.288833676296 0.0003977008606761429 0.7358957085196697
1.0916619459128287 0.7314379488827512 4562.162420564963 9.064495044172406e-05 0.2542169113868958
1.1496707887596995 0.8207152194129004 4618.077975537377 -0.0006054218564418253 0.3791648173845894
1.2517532470363233 0.9932871074161101 4633.483809458542 0.0003612617046567235 0.4005648968769461
1.2517532470363233 0.9932871074161101 4633.483809458542 0.0003612617046567235 0.4005648968769461
1.2582900926258676 0.7674230309649395 4694.435703592389 2.075028948063044e-05 0.8021440074850176
1.2582900926258676 0.7674230309649395 4694.435703592389 2.075028948063044e-05 0.8021440074850176
1.3267137190934326 0.7077275258509432 4831.4955900541145 0.0005545031418286564 0.522020463821268
1.1633253521664755 0.785360603580024 4013.8080795145333 0.0005118753954860487 0.307612132731404
1.3714369566508382 0.6356189255555523 4139.871902616815 0.0003161971071122774 0.6047177478238297
1.3714369566508382 0.6356189255555523 4139.871902616815 0.0003161971071122774 0.6047177478238297
1.0488344983134457 0.7243585774445077 4956.435783237723 -0.0003003631401244181 0.21708264331332078
1.1011413962527878 0.8560927424854226 4533.0074694139585 -0.0005405971620244371 0.37650602223610835
1.202842830841653 0.964963830784175 4548.201523596118 -0.0005740132287718492 0.7786814994936859
1.202842830841653 0.964963830784175 4548.201523596118 -0.0005740132287718492 0.7786814994936859
1.3781038458836843 0.6329077928272602 4977.784024413538 -0.0003588915661989425 0.5570108326944345
1.3806860837105361 0.6888881417731887 4351.644863686967 -0.00011228037239644683 0.7508512105753196
1.3806860837105361 0.6888881417731887 4351.644863686967 -0.00011228037239644683 0.7508512105753196
1.2479365802853053 0.7053091485469686 4843.796376300399 0.0003715065326155128 0.3450223437188618
1.0723864078521728 0.7808085158467293 4645.236355662346 0.00010978128834898859 0.31241315603256226
1.1803584098815918 0.9180028587579727 4941.837116360664 -4.29058570065755e-05 0.6644241213798523
1.2452185758614631 0.7685017010216789 4083.4673376843425 0.0007854519067411415 0.33101873690539874
1.2452185758614631 0.7685017010216789 4083.4673376843425 0.0007854519067411415 0.33101873690539874
1.4701398034601734 0.6066455458171163 4975.444086990579 0.0004902716151018841 0.5635500368646956
1.4701398034601734 0.6066455458171163 4975.444086990579 0.0004902716151018841 0.5635500368646956
1.4034303773136951 0.6922203524796315 4833.678442725122 -0.00013927725520158956 0.6991929276189881
1.2246669132827037 0.7426164185776392 4434.614193196687 0.00011311790369272979 0.25538859323231083
1.5279186458169078 0.7121638642194569 4321.857739242791 0.00022975716113825563 0.9900465670520997
1.18140902458126 0.9813538799464748 4959.738762104953 0.00014831469230372317 0.5711716612679274
1.2729899479927131 0.6848664995091389 4710.074042658258 0.0002039893265990557 0.4758374956358514
1.41504829558056 0.7164489279478807 4224.440914981026 -0.00026446617113427053 0.8504483860606904
1.41504829558056 0.7164489279478807 4224.440914981026 -0.00026446617113427053 0.8504483860606904
1.1310940406707042 0.9323141523414176 4269.690497894417 -0.00028799169132126307 0.45366248666274045
1.1310940406707042 0.9323141523414176 4269.690497894417 -0.00028799169132126307 0.45366248666274045
1.1117501050405731 0.7212852871721531 4757.342146531902 6.189572892288379e-05 0.2707760004804592
1.1263929394936743 0.7739762640371374 4475.331348570429 -0.0001316710735419709 0.30360758527199916
1.1263929394936743 0.7739762640371374 4475.331348570429 -0.0001316710735419709 0.30360758527199916
1.5073326624807861 0.671614514454743 4193.351443553985 0.00044565564027571834 0.6634881557283061
1.2211968692898034 0.7109490777628658 4316.854983341571 2.397157340379594e-05 0.29319824929949767
1.2211968692898034 0.7109490777628658 4316.854983341571 2.397157340379594e-05 0.29319824929949767
1.459459177470411 0.6078952895379952 4815.836099231089 0.001088828489379142 0.47292022219549973
1.3752997147414967 0.7664954457639825 4264.355659347672 -0.00045876490047773926 0.89682048175302
1.3752997147414967 0.7664954457639825 4264.355659347672 -0.00045876490047773926 0.89682048175302
1.1098750407930384 0.6873231009238954 4883.755972358452 -0.0006448435405557647 0.23929043413606313
1.56064858296476 0.6438960364608148 4709.785708510938 -0.0003794133556403734 0.6653959454586571
1.56064858296476 0.6438960364608148 4709.785708510938 -0.0003794133556403734 0.6653959454586571
1.1783672731415433 0.948100630274976 4837.530935552774 0.0002072350271448416 0.857332016784974
1.1783672731415433 0.948100630274976 4837.530935552774 0.0002072350271448416 0.857332016784974
1.1257155791802045 0.9179936492452799 4989.396048238334 -0.00013631128492111672 0.3755089582652608
1.1257155791802045 0.9179936492452799 4989.396048238334 -0.00013631128492111672 0.3755089582652608
1.0487160431155267 0.7392157141644613 4365.990707974084 -0.0002854108216201963 0.22018025644198824
1.0487160431155267 0.7392157141644613 4365.990707974084 -0.0002854108216201963 0.22018025644198824
1.0682493954761432 0.8180907772343529 4648.537769674658 -0.00021837451772611338 0.32019757557349116
1.0682493954761432 0.8180907772343529 4648.537769674658 -0.00021837451772611338 0.32019757557349116
1.294215140672583 0.710888309699675 4965.1809356559315 0.0005010897748489376 0.9095936956206421
1.2695354240307941 0.7266824139725296 4687.163338609573 -0.00042427920386566166 0.6449829172565931
1.2695354240307941 0.7266824139725296 4687.163338609573 -0.00042427920386566166 0.6449829172565931
1.2647918217844651 0.8959456143103204 4776.368543791249 -0.0007136396576859241 0.6095405330392244
1.3952243987132698 0.6810601967233878 4814.909876939674 -0.00045887781381816206 0.7183451786031738
1.3109493542161696 0.8534168093614349 4526.467243266667 0.0003993186253048583 0.7659414494007886
1.0585244521039014 0.8631090923638675 4741.367550815271 0.00037489277803577083 0.38726878401661985
1.1900575776832154 0.7711308289899417 4514.082014044906 2.4624866244061074e-05 0.49339059265650026
1.272622463485053 0.6463431558029971 4915.074642573672 0.00016798876233732686 0.4517937655055403
1.272622463485053 0.6463431558029971 4915.074642573672 0.00016798876233732686 0.4517937655055403
1.5168585236958212 0.6276135399317231 4779.598552155251 -0.00036344272195938746 0.5161924204874606
1.1104416617069042 0.8862083621659627 4788.391820360877 0.0002970839809090063 0.5236645174782282
1.2019173237061034 0.7996407863213814 4897.533638808805 -0.0002940286768827469 0.5362602393584995
1.4263367927123005 0.7222389698818383 4732.253311080793 0.00013963490287313148 0.917997108993311
1.4263367927123005 0.7222389698818383 4732.253311080793 0.00013963490287313148 0.917997108993311
1.3408564299181143 0.6936892701008975 4948.045757045008 -0.0008923738960539444 0.921469694770753
1.3408564299181143 0.6936892701008975 4948.045757045008 -0.0008923738960539444 0.921469694770753
1.4357167938393518 0.6943315272727665 4645.167090033145 -0.0007386616740112135 0.8834238585568578
1.5083472004173704 0.6384117972652374 4849.2025190913155 9.489972028292417e-05 0.6264592057822649
1.111687595786666 0.6713143196894834 4903.160924293228 -0.0002486579837857545 0.23419479195967288
1.1159341547982582 0.8653674289102588 4847.786606655536 -0.00038411654620540436 0.5274945119606587
1.1159341547982582 0.8653674289102588 4847.786606655536 -0.00038411654620540436 0.5274945119606587
1.2730813855207388 0.6371916509006459 4743.262059257749 -0.0005368137746216076 0.42486276103800724
1.2730813855207388 0.6371916509006459 4743.262059257749 -0.0005368137746216076 0.42486276103800724
1.148665851440128 0.6636480283269933 4484.832019753485 -0.0005530287386069027 0.2434609117351182
1.3724673895613857 0.671621046419596 4708.197304987026 -0.00022879319923658372 0.7471217075695226
1.2669633915232896 0.7070270960573176 4789.069166136184 -0.0001795501041194761 0.6456012389811875
1.2669633915232896 0.7070270960573176 4789.069166136184 -0.0001795501041194761 0.6456012389811875
1.3747579547091542 0.6297024170363048 4362.421571697023 -0.0007545625020306125 0.5046636699685371
1.3747579547091542 0.6297024170363048 4362.421571697023 -0.0007545625020306125 0.5046636699685371
1.2368110255438682 0.7486158314207871 4754.378318088581 -0.00033362353670663385 0.9475981092689814
1.2368110255438682 0.7486158314207871 4754.378318088581 -0.00033362353670663385 0.9475981092689814
1.0645746018690445 0.7986866455414605 4963.0419807382195 -0.00010396894470447062 0.3132847766051429
1.0645746018690445 0.7986866455414605 4963.0419807382195 -0.00010396894470447062 0.3132847766051429
1.0916915883498037 0.8735809866455427 4734.12689583891 -0.000529241383737969 0.4115231259611458
1.0530064799843273 0.9158573179548553 4453.245471485109 -0.0003267066991618152 0.36814137829970967
1.2997448528057136 0.8603370702294634 4089.118853150898 5.1559343388558276e-05 0.6760061638025583
1.2997448528057136 0.8603370702294634 4089.118853150898 5.1559343388558276e-05 0.6760061638025583
1.40664366014804 0.7302224045843377 4585.779332177364 -0.0002973097646141435 0.6804452514401104
1.0808060326293096 0.868965424882836 4235.408799679619 -8.96855033618295e-05 0.46982644112428007
1.0808060326293096 0.868965424882836 4235.408799679619 -8.96855033618295e-05 0.46982644112428007
1.1551829535174807 0.9144361131135791 4249.234356231683 -0.0012993962407700644 0.3519463730716543
1.0468248286236 0.8578177038490153 4743.170567127219 -0.00011703322547240076 0.33983738942258335
1.0468248286236 0.8578177038490153 4743.170567127219 -0.00011703322547240076 0.33983738942258335
1.274874166844229 0.7606213609881494 4923.034090052418 0.0006862365848926215 0.8820349755151219
1.274874166844229 0.7606213609881494 4923.034090052418 0.0006862365848926215 0.8820349755151219
1.4379601921518546 0.6709939679105128 4438.848697893726 -0.0003127508753733264 0.7395145722971757
1.2534459163310672 0.7078845282453191 4652.401457346429 -0.00018795986245840536 0.784698371732718
1.2534459163310672 0.7078845282453191 4652.401457346429 -0.00018795986245840536 0.784698371732718
1.16841979738296 0.8805869840513015 4316.15945584267 -0.000952978545917291 0.4376371020830972
1.16841979738296 0.8805869840513015 4316.15945584267 -0.000952978545917291 0.4376371020830972
1.3277182408173591 0.6650229146180473 4631.889332801978 0.0001792614858316488 0.6291596097064331
1.3277182408173591 0.6650229146180473 4631.889332801978 0.0001792614858316488 0.6291596097064331
1.198769697891862 0.63004864676012 4912.044269844242 -0.0004918272581021812 0.41067455518918305
1.2890436934406875 0.7755457030401351 4691.1439156882925 -0.0004763614709892969 0.9765266773507755
1.2890436934406875 0.7755457030401351 4691.1439156882925 -0.0004763614709892969 0.9765266773507755
1.1155732806272693 0.6978844264585393 4621.581255471531 -4.930788748010955e-06 0.20527206153081462
1.1958986014688526 0.7936097864732345 4695.86712650726 -0.0004461678091004541 0.44432495152677803
1.169890353565778 0.9121001699672859 4531.291205995057 0.0005272092318529966 0.4466516562740114
1.169890353565778 0.9121001699672859 4531.291205995057 0.0005272092318529966 0.4466516562740114
1.3871203448771023 0.7012372869923018 4822.607835480774 -3.55625311284287e-05 0.8847528498565239
1.3871203448771023 0.7012372869923018 4822.607835480774 -3.55625311284287e-05 0.8847528498565239
1.1938162504585086 0.8210372307638403 4599.61286530703 0.0004435608231668072 0.4610369110450437
1.3058803955638842 0.7274627505709301 4139.042375011756 -8.994003994222553e-05 0.8628286100691149
1.3942153692245483 0.6799741089344025 4997.815879225731 0.00038842188482269885 0.6042734384536743
1.1972141130254865 0.8499683534430298 4387.853609064838 0.000503466465068629 0.4886308582323757
1.255589578917124 0.9293511163277629 4095.2115435313476 -0.0002434877832238776 0.7919022762634228
1.4933126275479989 0.6689371137116005 4937.67047359259 0.0002023684721567291 0.773153150697895
1.2019178700841817 0.96760866258706 4864.00354226183 -0.00020529444763143744 0.46516225233565506
1.2019178700841817 0.96760866258706 4864.00354226183 -0.00020529444763143744 0.46516225233565506
1.250934620628886 0.9198087799522354 4255.2033455123765 -0.0002246566657591112 0.9129036840882491
1.2940776332327395 0.6727615031380776 4259.475429002958 2.089876679358969e-05 0.4527580866128384
1.119419830228508 0.809689448263376 4164.655507460663 0.00033793840974126254 0.2753132623514902
1.119419830228508 0.809689448263376 4164.655507460663 0.00033793840974126254 0.2753132623514902
1.3912466500294884 0.6516759900387786 4965.292012089689 -0.0002326647585109774 0.6269378331920822
1.3912466500294884 0.6516759900387786 4965.292012089689 -0.0002326647585109774 0.6269378331920822
1.2225929657882182 0.9152828289614691 4201.275634339122 -0.00018166501328671037 0.4548143371633638
1.3904755285340378 0.6665343579976045 4484.915634027112 -7.774496441439073e-05 0.7433445850605154
1.2627235451387706 0.6660479498922032 4778.3129737156405 -6.209174537725521e-05 0.518253496946926
1.2627235451387706 0.6660479498922032 4778.3129737156405 -6.209174537725521e-05 0.518253496946926
1.3114781607012245 0.7332397517566962 4925.892478161783 -0.00040216356257888645 0.8691615053664846
1.0797424573923116 0.6810379001850413 4830.772742452984 -0.00033198548559473784 0.2274884052392242
1.0797424573923116 0.6810379001850413 4830.772742452984 -0.00033198548559473784 0.2274884052392242
1.2650846963625575 0.8714849863403595 4238.073200747161 -1.5143584070293107e-05 0.49365326433067147
1.2650846963625575 0.8714849863403595 4238.073200747161 -1.5143584070293107e-05 0.49365326433067147
1.1164968838406777 0.925246263748425 4826.806745939786 8.252582593383225e-05 0.39114350335067993
1.1164968838406777 0.925246263748425 4826.806745939786 8.252582593383225e-05 0.39114350335067993
1.2601147214342716 0.7062235682532334 4805.417859660679 0.00023977613720792542 0.48230426298365414
1.4767261083231555 0.7086917869909084 4797.476200317819 -0.0001978912049076306 0.7783072822876049
1.4767261083231555 0.7086917869909084 4797.476200317819 -0.0001978912049076306 0.7783072822876049
1.3511724285043885 0.6572893404832092 4911.867564064891 1.7827440910012782e-05 0.6325599173008367
1.357918923634379 0.6908241965146306 4502.574478799363 0.0007426350514042085 0.6534887687917519
1.2081732802235527 0.9075551227438476 4618.087312511133 7.923114489328834e-05 0.42527161749486486
1.2081732802235527 0.9075551227438476 4618.087312511133 7.923114489328834e-05 0.42527161749486486
1.4008167430866334 0.7341135407117126 4566.800901628423 -0.00012175725455526232 0.4894262521296942
1.2551349762698578 0.9901614505995423 4775.656458862331 0.00010347095593886975 0.9632941991520405
1.2134242254682657 0.9114089700741926 4921.623565706124 -0.0009275680813707109 0.46348747897696413
1.2134242254682657 0.9114089700741926 4921.623565706124 -0.0009275680813707109 0.46348747897696413
1.2703419940185825 0.8915713166748427 4383.947210639607 0.0002816477102962502 0.7598188975133239
1.2430111631409895 0.6818318147883327 4896.300396946893 0.00041297174349213617 0.47572181620620824
1.2430111631409895 0.6818318147883327 4896.300396946893 0.00041297174349213617 0.47572181620620824
1.454272563773912 0.6975981541185009 4368.923175228309 -0.0005549658086656128 0.8155005987709587
1.073593939930362 0.733546387965545 4204.712571940801 -0.0003291882899573262 0.24013777967646865
1.2563545076248732 0.684640558046783 4483.959472723298 0.0003054510415764818 0.521234260324795
1.2563545076248732 0.684640558046783 4483.959472723298 0.0003054510415764818 0.521234260324795
1.1089909351365765 0.6476422509641584 4920.776496276059 -0.00020370430223132254 0.1894088474965122
1.4408667245240736 0.7110051051042553 4734.968048925577 0.00023023743576140908 0.9754170148651615
1.4408667245240736 0.7110051051042553 4734.968048925577 0.00023023743576140908 0.9754170148651615
1.1401355743408204 0.8652900159358978 4577.492859721184 0.0002545091395310058 0.7413471341133118
1.1401355743408204 0.8652900159358978 4577.492859721184 0.0002545091395310058 0.7413471341133118
1.4224009667904447 0.5831759930003702 4737.714665892573 0.000501578708944972 0.4945545638446786
1.1611226672835675 0.6426971381523907 4948.319856232929 -0.00023225956672715402 0.21348979806254156
1.1611226672835675 0.6426971381523907 4948.319856232929 -0.00023225956672715402 0.21348979806254156
1.3383166517966658 0.6382148945067161 4891.140136660071 -0.0002790886161579059 0.5211003923786295
1.4080756359084727 0.7177186254509541 4606.923889537901 0.00019934387248368363 0.9739820323489663
1.6464190652638233 0.6510959364883501 4405.782637529995 -0.0003677845791148745 0.657404283332182
1.6209409337477103 0.6831032036821014 4850.63929934112 -0.0006946785148833228 0.7899005036519734
1.6209409337477103 0.6831032036821014 4850.63929934112 -0.0006946785148833228 0.7899005036519734
1.5658637073564112 0.6300691316744946 4803.929281235073 -0.0003261874094392278 0.6176422156332849
1.5658637073564112 0.6300691316744946 4803.929281235073 -0.0003261874094392278 0.6176422156332849
1.36552108176998 0.6920097001073916 4952.000673596466 0.00016316456780068945 0.9105581879335619
1.36552108176998 0.6920097001073916 4952.000673596466 0.00016316456780068945 0.9105581879335619
1.2041281465672875 0.8393850330172865 4076.5756239450957 0.0007295870478040071 0.6204365004776946
1.2041281465672875 0.8393850330172865 4076.5756239450957 0.0007295870478040071 0.6204365004776946
1.2230851204728874 0.6343780142995841 4886.797047555729 0.00028289485779500983 0.44948679859225094
1.2824725878099068 0.790114212110355 4703.266262957699 -0.0002524345193563507 0.9659541243844603
1.199041182526904 0.8024826255269787 4392.891437216315 -0.0005532287000057429 0.5132369814940483
1.269196637089422 0.773938276419301 4218.744091341289 -0.0001860158840486854 0.6610236451065943
1.269196637089422 0.773938276419301 4218.744091341289 -0.0001860158840486854 0.6610236451065943
1.3627933023227716 0.7318116552745197 4556.507998319265 -0.00045501697856360936 0.9717153345905292
1.1697596012512332 0.8447241064673209 4215.438286624204 -0.00013829264883500407 0.3840942019182319
1.496702483423865 0.6015066434865234 4817.747952209147 0.0005120045323328508 0.5497903169642064
1.1331614140856137 0.8710795716149294 4674.14093891102 0.00017129884487576924 0.3171177953140076
1.2950687043024018 0.8399222879278359 4580.484683502649 0.0002982565382139617 0.40608589104684617
1.1656437405418436 0.7115972851148707 4832.050768777445 -0.0009289806973027987 0.2698664872525078
1.0307285257202672 0.8233536998310738 4498.65866640491 0.00011736817327002127 0.36300441319505783
1.216772639016991 0.8947588810684703 4307.999010841474 0.00014267034081167775 0.6241042013748678
1.216772639016991 0.8947588810684703 4307.999010841474 0.00014267034081167775 0.6241042013748678
1.0683350989224714 0.7546871484852076 4251.971628628978 -0.0009514466735628986 0.25938268067892645
1.2805851274155653 0.784687478209458 4818.7178930516175 -0.00033311607694125035 0.8434684168613676
1.2805851274155653 0.784687478209458 4818.7178930516175 -0.00033311607694125035 0.8434684168613676
1.3132667139159058 0.6783671480022219 4551.975761630711 -0.0005227386988407479 0.4608070188194096
1.3132667139159058 0.6783671480022219 4551.975761630711 -0.0005227386988407479 0.4608070188194096
1.403994107438915 0.6635210131219351 4773.101696890346 0.00033899637822925097 0.5569973129772031
1.0685427977841968 0.8179434848791097 4951.1641148601575 -0.0005555700616204417 0.2833115293877446
1.1943139830594431 0.9012494332596384 4420.591037483071 -0.0008283632111803702 0.9819960149218482
1.2023037370597272 0.9451550102399955 4956.628881538237 -0.0003941570606180082 0.6499066242695745
1.2455568883306336 0.7456628364591433 4827.320117922494 -0.00031760869770806037 0.3946769902508775
1.4540111007761038 0.7287301903684299 4632.692765481886 8.568078133934422e-05 0.9529985688961913
1.4540111007761038 0.7287301903684299 4632.692765481886 8.568078133934422e-05 0.9529985688961913
1.4448033338050583 0.7112546996614763 4120.754168693996 0.00025924208077919575 0.9062369456415004
1.1662260157000581 0.980014197712122 4991.559334135667 -9.854986529775732e-05 0.44571695352649887
1.1662260157000581 0.980014197712122 4991.559334135667 -9.854986529775732e-05 0.44571695352649887
1.4955680426646873 0.6553137806703635 4405.2858508180125 -0.00028361104524644815 0.5871647526575914
1.4955680426646873 0.6553137806703635 4405.2858508180125 -0.00028361104524644815 0.5871647526575914
1.3325027499960789 0.73576379025807 4665.884180519398 0.0002698908106853691 0.8227359425540373
1.2553174431630048 0.8987612291842646 4191.6000641897535 -0.00028169228907775544 0.9910861356494289
1.2553174431630048 0.8987612291842646 4191.6000641897535 -0.00028169228907775544 0.9910861356494289
1.2920835649765454 0.7388111041391314 4630.297553032979 0.00036749904113889066 0.7004384807065359
1.2920835649765454 0.7388111041391314 4630.297553032979 0.00036749904113889066 0.7004384807065359
1.4155544687475121 0.6719910420314069 4839.633330570484 0.0008316444027997605 0.668376503351383
1.3937101059444839 0.6462788345823316 4991.317595839773 8.200782906505152e-05 0.5280194728050718
1.3937101059444839 0.6462788345823316 4991.317595839773 8.200782906505152e-05 0.5280194728050718
1.4306869559064201 0.6130679533851378 4876.690939090484 -0.0004002000693961663 0.5210719345769956
1.4306869559064201 0.6130679533851378 4876.690939090484 -0.0004002000693961663 0.5210719345769956
1.2525613689765172 0.9062935634870275 4836.390179859559 -0.00024654647583618463 0.9184411513502518
1.2525613689765172 0.9062935634870275 4836.390179859559 -0.00024654647583618463 0.9184411513502518
1.46867851615931 0.5675450997863534 4975.906573075159 0.000629797385119673 0.4766674257257679
1.2488655015495898 0.7372433937878344 4982.929078071802 -5.034324557415433e-05 0.2803655256527071
1.2488655015495898 0.7372433937878344 4982.929078071802 -5.034324557415433e-05 0.2803655256527071
1.047889872706802 0.7573271216776292 4868.26327352428 -0.00013810809134331254 0.28976698214785274
1.1274025934524032 0.7369641124288385 4670.512584809557 -0.0004240816349358909 0.3087629990718126
1.0950942706071107 0.8539762677925521 4650.725262825891 -0.0006628324245414111 0.3422201909169602
1.0950942706071107 0.8539762677925521 4650.725262825891 -0.0006628324245414111 0.3422201909169602
1.4897287244583666 0.6504050881029889 4459.483962954451 0.00046093563593389164 0.5932568561212956
1.4897287244583666 0.6504050881029889 4459.483962954451 0.00046093563593389164 0.5932568561212956
1.3019146002500521 0.6969191082899377 4666.315692119046 -7.339743456389629e-05 0.8815084596776572
1.0596856705694382 0.8450516221356129 4997.2536225971535 0.0004883948749688333 0.3720696222711674
1.4422496387123038 0.6234382194576397 4286.13264228645 -0.0001201880367770248 0.525509934746937
1.3680837726135286 0.7047188593474392 4677.260742538461 -0.0009974769853311003 0.8798020863353702
1.3680837726135286 0.7047188593474392 4677.260742538461 -0.0009974769853311003 0.8798020863353702
1.1421014935103975 0.9073550327101314 4659.152285939655 0.0003239464279309338 0.42903488058571465
1.1421014935103975 0.9073550327101314 4659.152285939655 0.0003239464279309338 0.42903488058571465
1.216421680457656 0.8412437356500395 4558.608248574523 0.00012116012319307004 0.5115168233111902
1.216421680457656 0.8412437356500395 4558.608248574523 0.00012116012319307004 0.5115168233111902
1.4671731710433962 0.6508277058601379 4651.366727113724 0.00046415134760725423 0.5982191562652588
1.1301753362566327 0.8297547863231869 4838.845094932626 0.00019903485833042405 0.3086702905961315
1.1301753362566327 0.8297547863231869 4838.845094932626 0.00019903485833042405 0.3086702905961315
1.1388727868367672 0.7375023382210486 4580.616942698984 0.0006249813110248674 0.2581581692656527
1.217670547284492 0.6495845188242122 4867.178306347601 -0.0005872668183612809 0.37840240107516576
1.1700374355541698 0.9442194823410455 4611.502939966836 0.0002340316937019378 0.4071143931526221
1.1700374355541698 0.9442194823410455 4611.502939966836 0.0002340316937019378 0.4071143931526221
0.9964041836931994 0.7418577576895349 4768.545915057144 0.0001044918712628596 0.24327575685382768
0.9964041836931994 0.7418577576895349 4768.545915057144 0.0001044918712628596 0.24327575685382768
1.4266086617521125 0.6346509553761311 4901.511780518414 -0.0005889894865545002 0.6015618444008445
1.3524230080827797 0.6695561191436781 4845.665652057679 0.00012820848798366868 0.717422230892797
1.1552972695968051 0.9847648358165063 4784.78138435565 -0.00017014391325680765 0.36312586636097727
1.3586235285783212 0.7540911404536482 4747.641768088294 -0.00019426210081257232 0.5686181545520734
1.3586235285783212 0.7540911404536482 4747.641768088294 -0.00019426210081257232 0.5686181545520734
1.26385232202781 0.6689598964008405 4976.60999386391 -2.438969620668343e-05 0.42533001075955784
1.1768059248592353 0.8887143756800904 4236.132646812032 -2.048515489008703e-06 0.3619169642561927
1.0883144445795558 0.7859074910530772 4138.859973344672 -0.00041171040630354547 0.3175051318902729
1.0883144445795558 0.7859074910530772 4138.859973344672 -0.00041171040630354547 0.3175051318902729
1.0006529539850606 0.750369256867094 4768.009207270346 0.0003800799123567926 0.25375596533283823
1.1146750334416757 0.9341363419502843 4988.10650138801 -0.0009821071874166198 0.3800165420330386
1.4274997163019711 0.6938778849148629 4255.410192285223 -0.0008241682284540806 0.8345921534992378
1.316199280523496 0.730661802732324 4953.922611654684 0.0006429325556519467 0.6488993733754058
1.179862552226765 0.9553252837039451 4662.987475162616 0.00046467876735873005 0.8011389893201676
1.2351337017099298 0.7138256311274757 4875.060265555184 -0.0008020508207044725 0.43325947558372235
1.2826987859888852 0.7421170838263953 4511.099044479874 -1.994337762817135e-05 0.3431264956794188
1.4595384652491235 0.6651302796547386 4068.477316369803 -8.829410886873542e-05 0.7094585820775681
1.4595384652491235 0.6651302796547386 4068.477316369803 -8.829410886873542e-05 0.7094585820775681
1.4019037043070715 0.7057460536328807 4052.284733914362 -0.0001785689451249765 0.900885598773792
1.1938638043879135 0.8251268835214591 4541.646076103329 -0.000547317681437367 0.8913605059895414
1.2964353737303407 0.6967184615924502 4511.546322824212 0.0001126068593485216 0.41871427249380017
1.4982346536165623 0.7247662251289172 4229.396523192642 0.0008986395214931994 0.9909148266296325
1.2634438549193585 0.8138799465232924 4189.604760026505 0.000870031812756268 0.4460013192844422
1.2634438549193585 0.8138799465232924 4189.604760026505 0.000870031812756268 0.4460013192844422
1.1699911239212846 0.7885483191176902 4716.666260158644 6.087096648960615e-06 0.3168507861376052
1.1699911239212846 0.7885483191176902 4716.666260158644 6.087096648960615e-06 0.3168507861376052
1.1846462404845037 0.9301175235660611 4852.72410563975 0.00018640590902923717 0.6164167475082697
1.1846462404845037 0.9301175235660611 4852.72410563975 0.00018640590902923717 0.6164167475082697
1.3383039234566003 0.6441194470564439 4823.1050955620685 0.00031605562399722605 0.6483179393789416
1.4629818241256887 0.6489096883778155 4734.921254110538 -0.000262613499169962 0.5548097495198152
1.1633307372148325 0.7831764946219643 4391.077682417283 -0.0002047402140549274 0.41135988759300346
1.1933774069387613 0.7784232353481828 4587.16427608765 0.0003344295098363915 0.3357179941888867
1.189299195022592 0.7194767251330054 4994.122564228231 -0.00025667698201828083 0.22414095941120127
1.189299195022592 0.7194767251330054 4994.122564228231 -0.00025667698201828083 0.22414095941120127
1.2316564745766532 0.678751865824587 4788.059674838897 8.345519439320896e-06 0.5675061487342941
1.1932011647185612 0.9258944460900673 4633.806344047415 2.671523872074001e-05 0.39373655499007154
1.1932011647185612 0.9258944460900673 4633.806344047415 2.671523872074001e-05 0.39373655499007154
1.0647163144427338 0.9095521909100787 4456.705200456456 -0.0008227604526518545 0.36453695285731524
1.0647163144427338 0.9095521909100787 4456.705200456456 -0.0008227604526518545 0.36453695285731524
1.2486676409573447 0.7441110194416971 4945.5088267808005 0.0006797502755012639 0.37278914778383254
1.2486676409573447 0.7441110194416971 4945.5088267808005 0.0006797502755012639 0.37278914778383254
1.1623187109434845 0.8384653762187302 4501.596751865846 -0.0003750153518550022 0.5002765504121536
1.3726621490140538 0.7074098087204704 4836.588888733991 -0.0004232634102445742 0.6776015777010114
1.1638357877731322 0.8306548669934273 4919.722053229809 0.0008778394574846394 0.3309450149536133
1.1638357877731322 0.8306548669934273 4919.722053229809 0.0008778394574846394 0.3309450149536133
1.1125210866218982 0.9142630309887383 4629.229990219794 0.0004550953193945221 0.5197324440918651
1.2094808273963773 0.8628503639321856 4685.051389937166 -0.00041849234015785486 0.5289585893095083
1.3245226533534917 0.63871719787034 4879.662030706682 -0.0001751595127609561 0.5782656689085581
1.2478039625486212 0.8840917348518906 4492.029276438274 -0.000827256199143038 0.3944665208151118
1.2478039625486212 0.8840917348518906 4492.029276438274 -0.000827256199143038 0.3944665208151118
1.290798917063539 0.6996622836771116 4311.403194276741 4.969977935303498e-05 0.7285573909717763
1.1834954213397852 0.9521337228042014 4676.143705050812 -0.0006166802983512181 0.6706236581968452
1.1834954213397852 0.9521337228042014 4676.143705050812 -0.0006166802983512181 0.6706236581968452
0.9754257484026193 0.7167121208175913 4830.862535907968 0.00025311494456264135 0.21391585835409072
1.290778752015438 0.8426619441902843 4798.74244114075 -4.665128612476445e-05 0.9576789021349763
1.172471084926228 0.8581180131572991 4934.028091093311 0.0008127584656656105 0.630136095372483
1.1365866519163537 0.9467117263191468 4888.645409708822 -0.0006811948781724153 0.5580017116556384
1.205605422314156 0.6316149085149046 4989.39764188913 -0.00018476273339322808 0.2847374633180125
1.3267514020592324 0.9969966367012925 4153.036178639071 0.0008187239638260943 0.6173162088488289
1.3267514020592324 0.9969966367012925 4153.036178639071 0.0008187239638260943 0.6173162088488289
1.1322576058598748 0.9256222477142696 4823.818590532564 0.0007696229065294819 0.8707850460723674
1.1322576058598748 0.9256222477142696 4823.818590532564 0.0007696229065294819 0.8707850460723674
1.3620062173409877 0.7087063732877252 4899.811078452577 -0.0003150945202260292 0.5665354121824834
1.0915557106690597 0.8144953976021861 4526.851347983406 -0.00010419660304753849 0.2666232661214575
1.226199064252167 0.8160057858992507 4425.684447948044 0.0004155218462446442 0.6442657129992978
1.226199064252167 0.8160057858992507 4425.684447948044 0.0004155218462446442 0.6442657129992978
1.3512805700108022 0.6943910271184697 4954.363630076006 -0.0010387005081635003 0.6639198640771966
1.2087578706851634 0.9265785917405912 4037.9930348214825 -0.00048506445216084853 0.46441398008928225
1.4847890646187347 0.6996370899487157 4607.094892908633 -0.0006138680272943203 0.7433178301863783
1.4847890646187347 0.6996370899487157 4607.094892908633 -0.0006138680272943203 0.7433178301863783
1.1279269456863403 0.8164128959178925 4757.291056394577 -0.00026920175778865333 0.3273773789405823
1.2405851724316341 0.5952201448107941 4948.073859881691 -0.0002920054018067991 0.3999859512186612
1.2405851724316341 0.5952201448107941 4948.073859881691 -0.0002920054018067991 0.3999859512186612
1.0808572902783937 0.9420755261072573 4677.463197712493 0.000490385526474057 0.3611994959496958
1.0808572902783937 0.9420755261072573 4677.463197712493 0.000490385526474057 0.3611994959496958
1.427484367585774 0.655121243939185 4792.387611121713 -0.0004112261529512648 0.5508187960221873
1.0432100442245424 0.9498792454448945 4466.156754046646 0.0005965229763994475 0.4325529144526559
1.17892853050216 0.9060086481483105 4448.339355944678 -0.00021589167866768993 0.7289362571574329
1.5252721443847517 0.6889597264461388 4366.216083631113 0.00031254543532682673 0.8211129383257354
1.3303003701889944 0.6461895749895734 4968.939014269299 -0.0006181428063193754 0.6229537644800887
1.3303003701889944 0.6461895749895734 4968.939014269299 -0.0006181428063193754 0.6229537644800887
1.1793919813677682 0.874919113215504 4973.057765244015 -0.00027666873064621203 0.522153850913792
1.2011985805049612 0.8610074450017977 4895.907070407833 -0.00019513761774027596 0.325599510877162
1.2011985805049612 0.8610074450017977 4895.907070407833 -0.00019513761774027596 0.325599510877162
1.2584344620187862 0.8284461200256867 4307.632829541245 0.0005226614516381421 0.7052171694423066
1.5139666231116866 0.6669950590100777 4193.436319662428 -0.00041475714045993586 0.6440183168859737
1.348677152002176 0.8075159161518461 4201.066331206602 0.0001934699217482869 0.5372081259468171
1.0784617487009747 0.7724064472861805 4311.707195212501 0.00012766203247061727 0.26990301437922304
1.4631859447666964 0.6260655265224728 4467.454392049964 -0.00026199558150437276 0.5339682164613644
1.2373819448750374 0.7769127264132326 4714.010359041862 -0.00020901119361658427 0.6765485026564126
1.0948838803685925 0.8940890762118135 4767.35893429738 0.00020456885622453655 0.4326408791466082
1.0948838803685925 0.8940890762118135 4767.35893429738 0.00020456885622453655 0.4326408791466082
1.3034953110019887 0.8298920181937781 4385.764871982805 -0.000781695067882653 0.5737987237477737
1.3249492762441042 0.6871079351860273 4443.169335285233 -0.00034634692140438306 0.8397850957792362
1.12405965626089 0.8502336484750179 4684.860750820914 0.00047049088482357005 0.4500174723483366
1.12405965626089 0.8502336484750179 4684.860750820914 0.00047049088482357005 0.4500174723483366
1.367033430757019 0.7069276061370035 4233.9826772975875 -0.0003284726606854639 0.9479549727113856
1.367033430757019 0.7069276061370035 4233.9826772975875 -0.0003284726606854639 0.9479549727113856
1.1811538618855015 0.712503400433881 4604.147807211737 -0.00041114796404058147 0.24948817094668785
1.1811538618855015 0.712503400433881 4604.147807211737 -0.00041114796404058147 0.24948817094668785
1.1935248768277298 0.9833538738856624 4136.593734869878 0.00022098743128256122 0.7815458152617291
1.1935248768277298 0.9833538738856624 4136.593734869878 0.00022098743128256122 0.7815458152617291
1.3172264458562808 0.7120844071288401 4782.6269853671765 0.0002813076421132596 0.638086491506434
1.3172264458562808 0.7120844071288401 4782.6269853671765 0.0002813076421132596 0.638086491506434
1.185342015883075 0.8821143392594912 4092.263816477116 -0.0004209007392671202 0.4255298038849384
1.0721477769205072 0.8382455649746717 4827.392776798286 -0.00018237744147610373 0.36967769602312195
1.328257545544273 0.653208148375071 4354.868200633341 0.00010910802622013496 0.6434724767028022
1.328257545544273 0.653208148375071 4354.868200633341 0.00010910802622013496 0.6434724767028022
1.2282431017368531 0.9508178744937448 4112.592535759395 0.000869973652522439 0.47136932347131877
1.2282431017368531 0.9508178744937448 4112.592535759395 0.000869973652522439 0.47136932347131877
1.3260426920545108 0.8524650920847915 4615.044277771204 -0.0002129667246135001 0.7932988398242932
1.0440735390208662 0.8532031857034754 4722.027204488564 -0.00015686398587777458 0.34845352875469515
1.0440735390208662 0.8532031857034754 4722.027204488564 -0.00015686398587777458 0.34845352875469515
1.3149681722643343 0.7327561176033514 4441.0510834334345 -0.00047700217607107577 0.892380691618071
1.4276074614540142 0.6718571057711422 4581.88352147846 -0.0002146885505352477 0.6076580822877021
1.1465070360044332 0.8236339137804134 4974.53133069587 0.00019742874564277285 0.31721643591057325
1.1465070360044332 0.8236339137804134 4974.53133069587 0.00019742874564277285 0.31721643591057325
1.1920211389598088 0.943546081081819 4611.9741121946045 -2.9294369865174164e-05 0.43444149931043685
1.1649222336290332 0.7667729902587956 4679.6721782965 0.000507894943556564 0.2460379218690032
1.1649222336290332 0.7667729902587956 4679.6721782965 0.000507894943556564 0.2460379218690032
1.2688945154070255 0.67552441249551 4506.557421235548 0.0005270130794661776 0.532455714968453
1.2688945154070255 0.67552441249551 4506.557421235548 0.0005270130794661776 0.532455714968453
1.217118112536377 0.7523149494508405 4076.114777272588 0.0002743310672507157 0.4777231351321868
1.3090135673855454 0.6973360963136139 4605.2449864524615 0.0003101240183038686 0.5966897624652685
1.0206641723457774 0.8519570592124288 4489.952860451066 -0.0002176165141793577 0.36654069056858396
1.5043369685199073 0.6888876050563827 4566.251045775104 2.2915376651586114e-05 0.7105232872027981
1.5043369685199073 0.6888876050563827 4566.251045775104 2.2915376651586114e-05 0.7105232872027981
1.0753958098550507 0.9101579838501463 4705.603958820266 -0.0003335130719056612 0.4326523697996799
1.237971358796187 0.8981984439588312 4248.987184449973 9.129095549352886e-05 0.9345315915179508
1.237971358796187 0.8981984439588312 4248.987184449973 9.129095549352886e-05 0.9345315915179508
1.2764774791516753 0.6416616983919142 4310.748166411177 -0.0005683053521583599 0.4777313257316622
1.396592928986097 0.6288996217386171 4899.183517462854 -0.00017070685344866944 0.536672048718936
1.3702377783820348 0.632097559893321 4590.438862301409 -8.51736839813171e-05 0.5016636461953139
1.3702377783820348 0.632097559893321 4590.438862301409 -8.51736839813171e-05 0.5016636461953139
1.3067791888271796 0.6757039346715878 4852.302602600927 -8.729908962067917e-06 0.571707928127512
1.1347578144259853 0.9526791616034419 4302.04391332071 0.0003743948275198212 0.45262036062987965
1.3497234266697482 0.6106843506424249 4574.610891452559 0.00033631427017450293 0.4947988110053034
1.3497234266697482 0.6106843506424249 4574.610891452559 0.00033631427017450293 0.4947988110053034
1.0891040004317674 0.7884843627063287 4290.71568243741 -0.0005400491389766798 0.2959838057717757
1.0891040004317674 0.7884843627063287 4290.71568243741 -0.0005400491389766798 0.2959838057717757
1.4014212400479051 0.6250118528324214 4601.310485805891 -0.00010295527241586753 0.5500292753532644
1.4014212400479051 0.6250118528324214 4601.310485805891 -0.00010295527241586753 0.5500292753532644
1.046754574775696 0.8684980124235153 4644.977023601532 -9.808165385117364e-05 0.3620644211769104
1.046754574775696 0.8684980124235153 4644.977023601532 -9.808165385117364e-05 0.3620644211769104
1.260078798267602 0.7252879302813547 4718.911661552689 -6.072678983260651e-05 0.4884275839074684
1.2648394642835488 0.8618571097072174 4624.938925482466 -2.586389548046586e-05 0.6083356037828301
1.0827850901670542 0.9331564627975536 4162.154257476468 0.00038886330334834263 0.3622738438269646
1.390383826064956 0.628261335163594 4948.078098432691 -0.00039255587024917356 0.6204855317633702
1.390383826064956 0.628261335163594 4948.078098432691 -0.00039255587024917356 0.6204855317633702
1.1204752492676082 0.981983644795978 4915.7650873798875 -7.164620968665107e-05 0.4185975385213206
1.2040274381637572 0.906189389526844 4875.649910867214 -0.0001423536819050298 0.7425827980041504
1.1627541271850304 0.9684324675995424 4779.153705572607 -0.0003658601085113446 0.4238740099776457
1.1627541271850304 0.9684324675995424 4779.153705572607 -0.0003658601085113446 0.4238740099776457
1.4106428817977288 0.7151448751057574 4574.617437869495 -0.00031355699517108426 0.8538588378889211
1.4106428817977288 0.7151448751057574 4574.617437869495 -0.00031355699517108426 0.8538588378889211
1.2387615921158805 0.7583633996183008 4133.39140757638 -0.00029399681289450153 0.5859451415799432
1.2107683951584172 0.9676695325931044 4943.054084637272 0.0004388332296293295 0.49727492847030325
1.2107683951584172 0.9676695325931044 4943.054084637272 0.0004388332296293295 0.49727492847030325
1.4009548043904019 0.7201240547334151 4110.374383653903 -0.00026226333444560526 0.9910146154141909
1.4009548043904019 0.7201240547334151 4110.374383653903 -0.00026226333444560526 0.9910146154141909
1.1632046315826972 0.8415143076415207 4192.5754457952025 -8.353173703455453e-05 0.3772933360770345
1.1632046315826972 0.8415143076415207 4192.5754457952025 -8.353173703455453e-05 0.3772933360770345
1.2401517875110153 0.7824113203553626 4944.3594808646585 0.0002464410866074175 0.5673255955249179
1.5098570023503677 0.6847903968531766 4366.157726103495 -0.0006835591736082579 0.78670370843558
1.1503625062493634 0.7246970270674573 4236.43226700871 7.829409196021171e-05 0.2356372699318352
1.2596447078456285 0.7398456197438216 4415.196366106532 -0.00016428623585258944 0.29212548478323785
1.2596447078456285 0.7398456197438216 4415.196366106532 -0.00016428623585258944 0.29212548478323785
1.231875758856848 0.906202329398899 4143.474668773012 0.0005195611768090798 0.8422468849548418
1.2225952456030578 0.74711941852874 4564.283427606624 -0.0002967156118278742 0.28515902775909896
1.2225952456030578 0.74711941852874 4564.283427606624 -0.0002967156118278742 0.28515902775909896
1.495131649568195 0.6177065723193604 4810.830929068981 0.00011077150256217696 0.5576992713122633
1.3108290995883403 0.8049461256067522 4144.973825341278 0.0003802709690212243 0.8808620468022175
1.1179749143402224 0.8148023090756671 4994.372984065817 0.00011357367546853998 0.38462460230202294
1.1179749143402224 0.8148023090756671 4994.372984065817 0.00011357367546853998 0.38462460230202294
1.1194449634843537 0.8489332809585359 4948.4116226085835 9.292609247202122e-05 0.4699197215540191
1.1194449634843537 0.8489332809585359 4948.4116226085835 9.292609247202122e-05 0.4699197215540191
1.3535611859345287 0.7085235286209703 4911.519397304867 0.0008164448701663335 0.6476087517777434
1.146689918358046 0.9625996821351619 4953.598652665043 0.0005502244609747965 0.3849061137915065
1.146689918358046 0.9625996821351619 4953.598652665043 0.0005502244609747965 0.3849061137915065
1.1589257001876831 0.6646092087030411 4848.429583132267 -0.00014554503575326972 0.21493566036224365
1.3665978732208128 0.7039840759553911 4544.974550714533 -0.0008548102852219895 0.7518170519051349
1.3665978732208128 0.7039840759553911 4544.974550714533 -0.0008548102852219895 0.7518170519051349
1.5049722065238085 0.6769739942659131 4142.670484748145 -0.0004377881704100081 0.6600619953748008
1.2779771850517232 0.6550006827076026 4736.365873427749 -0.00011605810124453209 0.5634375056199512
1.2770918220160428 0.7027644933438001 4602.508722025635 0.00044040256439151264 0.5443292056897304
1.2770918220160428 0.7027644933438001 4602.508722025635 0.00044040256439151264 0.5443292056897304
1.1182207510577022 0.744308679804302 4471.193463813302 -0.00023810334972661587 0.24619604576563392
1.1182207510577022 0.744308679804302 4471.193463813302 -0.00023810334972661587 0.24619604576563392
1.1649554580524326 0.8648750195211539 4135.779905695362 0.001342899909645623 0.3521166080821644
1.1649554580524326 0.8648750195211539 4135.779905695362 0.001342899909645623 0.3521166080821644
1.2375251157667009 0.7220907044058964 4294.370369121373 -0.00034627852699528936 0.664800220231549
1.2192123174667358 0.7848351746797562 4391.2465353012085 -0.0004920005454240827 0.8244514465332031
1.2192123174667358 0.7848351746797562 4391.2465353012085 -0.0004920005454240827 0.8244514465332031
1.038640998815972 0.6678079562172845 4677.4051974457625 0.0006268871497223595 0.19574295245732964
1.2405428653262143 0.8501335690671433 4700.515358192271 -0.0004852755616869228 0.5646348581486693
1.2961006994337434 0.778219730670477 4600.858814132302 -0.00019942807129452652 0.8701147372223301
1.2961006994337434 0.778219730670477 4600.858814132302 -0.00019942807129452652 0.8701147372223301
1.3739611040428907 0.6715557702336334 4656.674352043403 -0.00020192086566096808 0.677937859970214
1.3739611040428907 0.6715557702336334 4656.674352043403 -0.00020192086566096808 0.677937859970214
1.1274146673209444 0.826744795280281 4944.940539775994 0.0010165427960616743 0.38381383997580604
1.1274146673209444 0.826744795280281 4944.940539775994 0.0010165427960616743 0.38381383997580604
1.0666294444059374 0.9509878310399609 4544.546320026605 0.0001107675624543255 0.37938820672171564
1.0666294444059374 0.9509878310399609 4544.546320026605 0.0001107675624543255 0.37938820672171564
1.3489744334634288 0.6428205021203582 4443.616644198085 0.00013869278495833116 0.516904391058286
1.036178130803565 0.8195123562894366 4722.068260711445 -0.0005003818293750179 0.33994341690499796
1.036178130803565 0.8195123562894366 4722.068260711445 -0.0005003818293750179 0.33994341690499796
1.267206853982114 0.7256833476232231 4452.109252188215 -0.0004301982154290673 0.5655843989410192
1.267206853982114 0.7256833476232231 4452.109252188215 -0.0004301982154290673 0.5655843989410192
1.2084060734565367 0.9684307266091838 4943.853548226024 -0.0006716431920556488 0.5361286226083859
1.133274840038641 0.8421077790994179 4625.853438803966 -0.00010903501165104984 0.5224786863275961
1.2574872403700241 0.6887444117590211 4787.551185028668 0.00023257920572107704 0.5581278335456825
1.2574872403700241 0.6887444117590211 4787.551185028668 0.00023257920572107704 0.5581278335456825
1.2780088803812504 0.6351314292106697 4883.024735826218 -0.0006683007670847167 0.54209873997894
1.0455911582096564 0.8121131662825093 4812.5839912349065 -0.00017799158620025894 0.30648406184783644
1.3532629584797715 0.7145236602510154 4192.108126865394 -0.0008811445542623613 0.684475510531668
1.3532629584797715 0.7145236602510154 4192.108126865394 -0.0008811445542623613 0.684475510531668
1.341081637821407 0.6505082079533883 4872.270304499929 -0.0002184248676202675 0.5044899610363256
1.341081637821407 0.6505082079533883 4872.270304499929 -0.0002184248676202675 0.5044899610363256
1.5166231970548214 0.6768129250232137 4864.212094143767 5.7485516492987576e-05 0.7107918730428585
1.1423208673239351 0.9728595435142529 4913.229119846637 -0.00019123668691427753 0.5133747912830889
1.3711229323724041 0.6088391757402196 4619.003849338815 0.00026997883748026345 0.4607215434408606
1.2343787589204385 0.9384296276378078 4225.191245890235 -0.00014794787798136746 0.8900482259165062
1.2343787589204385 0.9384296276378078 4225.191245890235 -0.00014794787798136746 0.8900482259165062
1.2351984620748027 0.7408979707263621 4458.0517512806955 -0.0002981065447119356 0.692984372994428
1.340699560790426 0.6704323024081712 4563.044220511231 0.0002903846680865926 0.7166690569449329
1.0742513605944675 0.6955499763760663 4490.744925523702 -0.00022542555216974286 0.2063776481466137
1.1966838224007146 0.8687245854131423 4260.573754378494 -0.000644340415813332 0.5980517984672983
1.1581721714502993 0.9514747394733107 4822.346351456947 -0.00017985542829863972 0.40105279535476934
1.3522498270773686 0.7338230207122874 4750.624365226885 -0.0007923508898784453 0.404704768679188
1.466057810940098 0.6767654397663886 4476.2708324917485 -5.449803234331135e-06 0.7081959731749514
1.2052062239358505 0.96020906332014 4984.23725017209 -7.979880129114438e-05 0.5959074301502008
1.2405211726791645 0.7083145894127518 4865.303893173068 -0.0003461722846833538 0.30366410487594575
1.375903655122265 0.7096650283929528 4700.416871067106 4.75287996653301e-05 0.8063215846324455
1.2156903259718612 0.7123066914610842 4563.6844645648625 0.0010848373779068126 0.5850394184056964
1.2156903259718612 0.7123066914610842 4563.6844645648625 0.0010848373779068126 0.5850394184056964
1.1124959180439336 0.9791417972847696 4792.78534458399 0.000152988310165372 0.4110166774665279
1.2111545831475865 0.7796386019748581 4382.541199800151 0.00033160574080173816 0.45438349933455896
1.2111545831475865 0.7796386019748581 4382.541199800151 0.00033160574080173816 0.45438349933455896
1.4093248711135629 0.6575524751362678 4827.648567153202 0.0003733039221348505 0.6343648675887783
1.2851902007873126 0.7091516190307183 4942.182755579489 -0.0007122552927998005 0.7982163930938427
1.089761797093106 0.7465781778097861 4792.361453378919 -0.0007128376818849308 0.21538311311989092
1.2054994822722485 0.9359323659221614 4707.218942165174 0.0005091937144706588 0.795024885803798
1.2054994822722485 0.9359323659221614 4707.218942165174 0.0005091937144706588 0.795024885803798
1.4220016960963684 0.6336707933591246 4491.363183155171 -0.0002505406625351697 0.5933661469332738
1.2976613419901597 0.6574665828879996 4456.623577716807 -0.00023875428712597297 0.5032076917849868
1.2372476768776672 0.7857700547806636 4564.509805701621 0.00023623325883956713 0.336002953855577
1.2372476768776672 0.7857700547806636 4564.509805701621 0.00023623325883956713 0.336002953855577
1.390780725461794 0.6989115619545994 4893.673073442575 8.393960137757055e-05 0.8970607666687271
1.363911705424136 0.689453732697408 4654.845924549545 -0.0006003967617680062 0.48167406581757855
1.090425156764067 0.8799131251564605 4162.367103053927 0.00032402143732638015 0.42822733819200587
1.090425156764067 0.8799131251564605 4162.367103053927 0.00032402143732638015 0.42822733819200587
1.077282868060249 0.7259229978041258 4452.3831709841825 -0.0004439624418023324 0.20964832918328918
1.077282868060249 0.7259229978041258 4452.3831709841825 -0.0004439624418023324 0.20964832918328918
1.433349219783845 0.6765502651176603 4801.171001437492 1.0471477540719135e-05 0.7567490603095339
1.5363311696031756 0.7044920289850116 4379.601666818365 0.00042283496409108433 0.802779458410606
1.2964977830698516 0.6640946239229324 4960.2518406464305 0.00019004209304951898 0.30999099265967345
1.2964977830698516 0.6640946239229324 4960.2518406464305 0.00019004209304951898 0.30999099265967345
1.3674346212096813 0.702869796729527 4703.763561012072 0.00018889836379449356 0.7434765070964017
1.3674346212096813 0.702869796729527 4703.763561012072 0.00018889836379449356 0.7434765070964017
1.285137079625097 0.7298561921804071 4443.322535181499 0.00024781036936243376 0.7999208246412521
1.285137079625097 0.7298561921804071 4443.322535181499 0.00024781036936243376 0.7999208246412521
1.237020002974062 0.7171101582207107 4835.311084405868 -0.00032806536598938517 0.24651793974045366
1.1438015185034132 0.6676327869826221 4740.048563102285 -0.0005995989143394836 0.25331540651688256
1.2158397463901538 0.7314599129385876 4302.940145531871 0.0005468565081198486 0.34020156049583905
1.0605011834938813 0.7495599210716135 4788.749318646684 1.71506274979064e-05 0.22484578260223126
1.368984785863427 0.7521165270127552 4385.049571620431 0.0003475231296119769 0.7340412647283157
1.289747132622955 0.784285825820421 4230.200717456437 0.00034712681263346465 0.8496437430103898
1.0598684748610334 0.7832195046658716 4995.723313167508 -0.0006119144885721257 0.24254469602601242
1.0598684748610334 0.7832195046658716 4995.723313167508 -0.0006119144885721257 0.24254469602601242
1.0269574765222986 0.8500734294388035 4795.908165386498 0.0005821653294227666 0.32970866570510815
1.0269574765222986 0.8500734294388035 4795.908165386498 0.0005821653294227666 0.32970866570510815
1.2431978807422177 0.6968829903064828 4896.977150666322 0.00029499761149922823 0.5082757944467526
1.2431978807422177 0.6968829903064828 4896.977150666322 0.00029499761149922823 0.5082757944467526
1.228000847398348 0.7715132605431709 4781.782038548363 0.0005015127956118819 0.8299134428490511
1.5999360762298878 0.6357183172807058 4039.1661042922537 -0.0006726429378804226 0.5708681966689605
1.2581708635172437 0.6553127945464654 4731.126324101089 -0.0005871005104922894 0.3419657431295555
1.0641653042687622 0.8112501507099882 4617.167844496898 -0.00045561393913943544 0.297888811097618
1.170394321506537 0.8097866538466412 4811.946765015213 0.0003991887959790092 0.4568307741602662
1.3707164239090406 0.6219057726379666 4884.243099690573 -0.00023658419340598266 0.5416637338305512
1.4293804050434806 0.6601992255656354 4253.015338679895 0.00027872496003308476 0.6543230501790251
1.1708500146865846 0.9688986018300056 4712.67699944973 -0.0005461774543436413 0.8141794204711914
1.2251107695508217 0.7939504078156212 4897.779372228358 0.0007468199870930141 0.5310047273163705
1.367986427850163 0.6788014942976097 4877.027068829544 -3.543088796505657e-05 0.5356281752985123
1.3720058918390445 0.7216669723573703 4815.82262269044 -0.00023928470826443227 0.9967915776892373
1.0853472949458056 0.7353469885957482 4471.636165802396 -0.0003013540212672158 0.23466670173558607
1.2358476564297165 0.8268236210291035 4199.257093654515 -0.00022218150522932445 0.40330444460398884
1.3025117005072904 0.7571787335495602 4307.8552532884505 -0.00019528840817806454 0.7583760807650134
1.1615225213922635 0.831639557964637 4823.184602059298 -0.00018101366101324172 0.8319126944090747
1.354127945533954 0.6655768943704208 4796.569136505522 2.0368714360537035e-05 0.6159733030462331
1.318525377002227 0.6954575749833098 4136.030024082891 -0.00011523500882357119 0.603559855774542
1.1882705016833597 0.6728030218080235 4960.956157041752 -0.0004011172938820562 0.21822309290770792
1.0862653914310108 0.9269428035832955 4847.152268855693 -0.00041793989000517046 0.41904746818759997
1.2519445322023224 0.6618576806352624 4790.55206337901 -1.667691306779675e-05 0.3677469619547148
1.247355145578683 0.7092675312300302 4930.646275260306 0.0005424256523614292 0.23515283164925901
1.247355145578683 0.7092675312300302 4930.646275260306 0.0005424256523614292 0.23515283164925901
1.292064357999985 0.6535687238318787 4730.538845791876 -0.00017742728953475015 0.4560561629241919
1.484190904208004 0.671351334422731 4739.497231166164 -0.0007531787869559751 0.782228506193607
1.3510325064233388 0.6125215141059751 4737.359980381018 0.00010802868025113022 0.5342137061829928
1.4137752333207436 0.7258103790973722 4896.522592186664 -0.0001425826801968799 0.9730304965110153
1.1356132074115821 0.9153684680231555 4994.71565392915 9.573718288382993e-05 0.3646887339638794
1.3532772966414466 0.7385617640048223 4540.118924178068 -0.0003187544951527244 0.6669518879764832
1.1684604226581672 0.7313978223815644 4425.899238782975 0.000309691005327033 0.2796797046762359
1.1849636000477495 0.7437737674878137 3934.8124410404844 -0.00021442165848648746 0.29390777823677794
1.1849636000477495 0.7437737674878137 3934.8124410404844 -0.00021442165848648746 0.29390777823677794
1.5055909736867437 0.7020122479682738 4492.240900419979 -0.0003302286538425585 0.8551610106829894
1.321766133983632 0.6764172910627974 4828.166719255181 -0.0005421646186196107 0.6381240267670856
1.2592748755943866 0.7523084742538235 4991.542871696985 0.00019364242574926893 0.4667719049490408
1.2592748755943866 0.7523084742538235 4991.542871696985 0.00019364242574926893 0.4667719049490408
1.3147247187837392 0.8062479918309187 4624.681108691256 -0.00029482175734728587 0.8856450538175763
1.2561941226434454 0.7878044050974378 4555.5674701877715 0.0004609498342591744 0.47856960150931416
1.2561941226434454 0.7878044050974378 4555.5674701877715 0.0004609498342591744 0.47856960150931416
1.3369324325651912 0.661147375853996 4921.968672323303 -1.4304655858342259e-05 0.5357979752429838
1.3369324325651912 0.661147375853996 4921.968672323303 -1.4304655858342259e-05 0.5357979752429838
1.294560641793082 0.6656759703215698 4616.221260650745 -3.131638830722896e-05 0.6606771726093457
1.3127179068768124 0.708655814134393 4708.626951349607 -0.0002478276548840444 0.6896156406085425
1.3756310109474668 0.6078814547966642 4619.012723300117 -3.698652834095948e-05 0.541589847518209
1.3756310109474668 0.6078814547966642 4619.012723300117 -3.698652834095948e-05 0.541589847518209
1.0917382219578622 0.9525127645782394 4954.775768181858 -0.00023578772511326045 0.41181562321380005
1.2926031515181537 0.6138220181776176 4837.1270553480845 0.0004810387767376202 0.4731324398096397
1.0557478747767943 0.879928583206895 4796.916762518029 0.0006074820482910594 0.3873835402176372
1.3462200845825336 0.6909765483231953 4985.763482611783 -0.0004018199395479433 0.6882837567788336
1.359974827714964 0.6749400175419793 4847.28184448157 -0.00024423385084350194 0.7924237022174461
1.359974827714964 0.6749400175419793 4847.28184448157 -0.00024423385084350194 0.7924237022174461
1.2374851852015034 0.7547628291478373 4781.86570884982 0.0002229520448806082 0.8134043508934525
1.2374851852015034 0.7547628291478373 4781.86570884982 0.0002229520448806082 0.8134043508934525
1.2764876731691779 0.7248555197196984 4779.575890158799 0.00011376323150139798 0.5212383102540359
1.2764876731691779 0.7248555197196984 4779.575890158799 0.00011376323150139798 0.5212383102540359
1.3003487270140892 0.6889446672582452 4702.507630213241 0.0005128589462545403 0.6909197743461115
1.2920954936710027 0.8564250544889125 4112.597878553222 -0.00024126491740808015 0.552607441756277
0.9914881369646001 0.7157887138182134 4772.118754974756 -0.0002334546195441426 0.21375115393552932
1.1177130209357544 0.8756465372620169 4778.3159230959345 -0.00010695223831904344 0.39881681310739814
0.9719735371331242 0.7455998577041509 4847.663826573646 -0.0005062059044235045 0.24015125292770295
0.9719735371331242 0.7455998577041509 4847.663826573646 -0.0005062059044235045 0.24015125292770295
1.4846425149736062 0.726099489325024 4997.972764775291 0.0001236918849335824 0.966131726166377
1.4846425149736062 0.726099489325024 4997.972764775291 0.0001236918849335824 0.966131726166377
1.3130907663620068 0.6805862743729079 4891.0016130300555 0.0004956830200449591 0.4338920129772381
1.3706726546477883 0.6457051245281629 4999.574836594352 0.0007696063375115544 0.5337119022528293
1.4007911303743612 0.7082006292614957 4965.636622478312 -0.00012541353097060939 0.8674113507175534
1.137036404777315 0.8598571824137508 4969.260672336219 0.0004942512473081013 0.4070224842446379
1.4228270903647013 0.6483190987412059 4569.213270288957 -0.0005858738845889698 0.5765311471689718
1.4228270903647013 0.6483190987412059 4569.213270288957 -0.0005858738845889698 0.5765311471689718
1.2455198669187062 0.7503423337392743 4608.91329979125 0.000546320895576388 0.8835994509239333
1.2455198669187062 0.7503423337392743 4608.91329979125 0.000546320895576388 0.8835994509239333
1.1737372006568128 0.8447895577311653 4718.761951313439 2.3481187518135867e-05 0.44090109935185007
1.1737372006568128 0.8447895577311653 4718.761951313439 2.3481187518135867e-05 0.44090109935185007
1.3428776625257726 0.6517312954146953 4955.138333761971 0.0001506422816549156 0.5424390883756499
1.29730944351529 0.633379524793108 4915.559040723751 0.00035025430236207205 0.5386357959635767
1.29730944351529 0.633379524793108 4915.559040723751 0.00035025430236207205 0.5386357959635767
1.1513784572950485 0.8670511370905926 4425.872422913345 -0.0006626465311457342 0.43657022694892444
1.1513784572950485 0.8670511370905926 4425.872422913345 -0.0006626465311457342 0.43657022694892444
1.3614747936365124 0.7165364700443482 4253.403414833718 0.0006871249085581592 0.8897174452768839
1.243132748650753 0.9755244317916445 4650.963165510449 0.0007339740661253854 0.922863895091784
1.243132748650753 0.9755244317916445 4650.963165510449 0.0007339740661253854 0.922863895091784
1.1686401710533871 0.9108184812005994 4199.0109834402 -0.0009593027054342477 0.3616326645154847
1.1686401710533871 0.9108184812005994 4199.0109834402 -0.0009593027054342477 0.3616326645154847
1.2785565049904724 0.6555252905569172 4816.283617358089 0.00016116295689476296 0.6138062988700521
1.443749309362784 0.669578953167402 4249.9132224371815 -0.000790632395297092 0.6547947059033374
1.443749309362784 0.669578953167402 4249.9132224371815 -0.000790632395297092 0.6547947059033374
1.066440523065183 0.7253366947205883 4556.722327705509 0.00015480305219627485 0.19872292642969447
1.289274776616927 0.6931473940778023 4707.975060278267 0.0007240588366927337 0.49376322190624705
1.289274776616927 0.6931473940778023 4707.975060278267 0.0007240588366927337 0.49376322190624705
1.075151319507584 0.9409535660493511 4498.601089344854 -0.0002062421610594371 0.38982216713846346
1.2314135245792373 0.7226173405982556 4777.9115029224495 -1.4384381007687153e-05 0.4468390072255464
1.1507828200251118 0.8462320799332226 4259.751697450451 9.200801327713135e-05 0.4162706623959925
1.3021196018047596 0.6537671159855765 4768.033516871504 -0.0007059869114754916 0.5311291954986861
1.5310388472780834 0.6905722504897187 4794.201627564162 -0.00020844029386045092 0.6713025582509702
1.0521069775993603 0.879148877493787 4848.259135805544 -0.00024057491818123245 0.36102392774344044
1.0521069775993603 0.879148877493787 4848.259135805544 -0.00024057491818123245 0.36102392774344044
1.1777513387111869 0.7558833138847745 4295.951381076183 -0.0002301826089277383 0.32386871657129757
1.421188063030677 0.7159062673490659 4761.039667169392 0.00014570793714464893 0.9605850308117029
1.421188063030677 0.7159062673490659 4761.039667169392 0.00014570793714464893 0.9605850308117029
0.9742819272617781 0.7162619674507502 4403.218266716901 -0.00014199106557120822 0.21804571432814085
0.9742819272617781 0.7162619674507502 4403.218266716901 -0.00014199106557120822 0.21804571432814085
1.2253037897617205 0.8582426128752195 4637.372663243474 3.51018406918454e-05 0.42773911419409383
1.2253037897617205 0.8582426128752195 4637.372663243474 3.51018406918454e-05 0.42773911419409383
1.3167952319199605 0.6809815379676886 4981.020993185627 0.0004745285145716964 0.5994143826874131
1.0511081045146264 0.8779181166531118 4644.387687890873 0.0004952504015467183 0.3573218278411324
1.0511081045146264 0.8779181166531118 4644.387687890873 0.0004952504015467183 0.3573218278411324
1.2053136534031441 0.9743717713275533 4618.023972063561 0.00018827301691616826 0.596971975405751
1.2053136534031441 0.9743717713275533 4618.023972063561 0.00018827301691616826 0.596971975405751
1.2517683204127117 0.7431500745410813 4705.557838784061 -0.0005752163888034372 0.7473956295339304
1.2517683204127117 0.7431500745410813 4705.557838784061 -0.0005752163888034372 0.7473956295339304
1.4133937240338246 0.7136569158227667 4875.765676206324 -0.00033720336968893203 0.9599598983906901
1.188715862042063 0.7916739373691672 4421.949160950705 -0.0001719956846646504 0.3330971993039473
1.188715862042063 0.7916739373691672 4421.949160950705 -0.0001719956846646504 0.3330971993039473
1.3357123986503834 0.7501495791314999 4840.833945063754 -0.0005156558527484137 0.8314845430965647
1.4661150449185036 0.6757910129843804 4760.312892980406 -9.283975311061399e-05 0.7794142367079009
1.4661150449185036 0.6757910129843804 4760.312892980406 -9.283975311061399e-05 0.7794142367079009
1.5473858577470088 0.666215228373732 4849.326265481034 -8.946005459763833e-05 0.5875086276482053
1.1904931470241138 0.8810018123435538 4716.372307426077 -0.000478419253464127 0.36166304933710147
1.1516285161823903 0.8569548190599353 4557.521222754243 0.00040185529765878185 0.3664908187164584
1.1545164181931202 0.7210768852044508 4476.529868198429 -3.1379779599538638e-06 0.2176996032608008
1.5159766323546982 0.6952816662216649 4635.758160075496 0.0002879195302655636 0.8509365463256275
1.5159766323546982 0.6952816662216649 4635.758160075496 0.0002879195302655636 0.8509365463256275
1.1620456041069487 0.8712342877135344 4883.83249419895 0.0005304348870466814 0.6153670400511551
1.1620456041069487 0.8712342877135344 4883.83249419895 0.0005304348870466814 0.6153670400511551
1.3113499556332173 0.7741031086730802 4243.50212661921 0.0002933471738348328 0.5967258233337159
0.969803283739748 0.8280204501000413 4936.746990945823 0.0004452143022987417 0.30379851687358217
0.969803283739748 0.8280204501000413 4936.746990945823 0.0004452143022987417 0.30379851687358217
1.5239123499125788 0.6630364608083849 4926.749315144148 0.0001490826323431595 0.7045453346823475
1.0393269684178141 0.7578912278647469 4457.760914716393 -5.581891812825088e-05 0.24379364822354677
1.0393269684178141 0.7578912278647469 4457.760914716393 -5.581891812825088e-05 0.24379364822354677
1.3675393118620518 0.6737928836927062 4931.113099242181 0.00042605733171544724 0.7399344855950447
1.0737567158200327 0.9005018041393352 4761.514830489094 0.0006870132429160691 0.3834951749220592
1.0737567158200327 0.9005018041393352 4761.514830489094 0.0006870132429160691 0.3834951749220592
1.404396803292048 0.7011814482429441 4686.158594304274 0.00026507864085007236 0.8507630846192288
1.404396803292048 0.7011814482429441 4686.158594304274 0.00026507864085007236 0.8507630846192288
1.4359131016007 0.7235765201806744 4882.511492332093 0.00020200989655802317 0.9666660165056886
1.4246071614338625 0.6853414496590046 4903.67948084099 0.0005025177896623444 0.8701483718106168
1.4246071614338625 0.6853414496590046 4903.67948084099 0.0005025177896623444 0.8701483718106168
1.1833096674160313 0.7147997604407075 4485.157516270183 -0.0007338383853053456 0.2881029766860018
1.1227862081805444 0.8490877698850418 4249.566300834981 -0.0005090568638241479 0.3879983950918187
1.1227862081805444 0.8490877698850418 4249.566300834981 -0.0005090568638241479 0.3879983950918187
1.1856306607987577 0.9056886408581568 4956.354627953772 -0.00044323104784514114 0.575521311911688
1.317104531428546 0.7005627534450336 4510.6089278551435 0.000325651702887984 0.3688020053764605
1.3398786544694832 0.7294250099598257 4868.052891406864 -2.2067651769533788e-05 0.927641645101024
1.2971448827714962 0.7451166615919622 4021.631131843565 -0.0006084884142684013 0.9579296067954958
1.2971448827714962 0.7451166615919622 4021.631131843565 -0.0006084884142684013 0.9579296067954958
1.3428303994547617 0.7132516397482935 4197.528435112152 -0.000483062251447325 0.9504478075777691
1.1075301282269776 0.8348815230804822 4778.419666848591 0.00015537455825340968 0.33207500216874675
1.1075301282269776 0.8348815230804822 4778.419666848591 0.00015537455825340968 0.33207500216874675
1.1309249945846276 0.7021117929380676 4457.278733034512 -0.0004903329522982278 0.28593400821155035
1.0948026347555593 0.8552518756460026 4990.75749747886 0.0007100279888550847 0.3277775234113227
1.159453889014459 0.8474154245939209 4975.676783888794 -0.00023367797201399198 0.4559131740808305
1.0794722993366783 0.9272578548253302 4912.808959542049 -0.0001650719600768347 0.49856394085783395
1.0794722993366783 0.9272578548253302 4912.808959542049 -0.0001650719600768347 0.49856394085783395
1.0066569629187023 0.8255830833243409 4823.467337846963 0.00016318914978008918 0.3309792483526499
1.268991198746012 0.8110950267384457 4398.49045321563 -0.0006724507969178158 0.464136645300097
1.4928885533562635 0.6953507128064537 4650.294279676743 0.00024340131571019136 0.8858510221174839
1.0960268135014761 0.7851710872383946 4472.749275096638 0.0006581300611884012 0.27578410126718594
1.144932728170848 0.8869160248604248 4983.428882333423 0.00031348172779473616 0.35871253381014756
1.144932728170848 0.8869160248604248 4983.428882333423 0.00031348172779473616 0.35871253381014756
1.1838249416247 0.7817815338501681 4813.913698205648 0.0008429662088485794 0.2883162954034772
1.1838249416247 0.7817815338501681 4813.913698205648 0.0008429662088485794 0.2883162954034772
1.4447085970908087 0.7305314173429769 4371.342715796246 -2.20414527230297e-05 0.9778417664119579
1.1302327264384573 0.8439365136875592 4559.627264585371 0.0002138525245477875 0.43108383712079706
1.082186339170092 0.8508878832100891 4907.333826085322 -0.00039438419467449046 0.3638059268366537
1.082186339170092 0.8508878832100891 4907.333826085322 -0.00039438419467449046 0.3638059268366537
1.321693969027943 0.7088542255059191 4784.28779547217 -0.0001214177477308399 0.7323585294331234
1.451077610469919 0.657865102985545 4771.873553707226 -0.0005965083822921718 0.6529862223195515
1.2427131668090239 0.8139300889797372 4638.86226256065 -9.607679836438286e-05 0.7126513899059623
1.2427131668090239 0.8139300889797372 4638.86226256065 -9.607679836438286e-05 0.7126513899059623
1.056787608475644 0.689655795416741 4886.968370406272 0.0001873265713932716 0.19041456480325364
1.215162948599494 0.7259535612599566 4377.0983598453095 -7.771834893423772e-05 0.37676010761228096
1.3304367318638073 0.7846977360439085 4637.144710609521 6.92824850166941e-05 0.8147869912539449
1.3304367318638073 0.7846977360439085 4637.144710609521 6.92824850166941e-05 0.8147869912539449
1.0688889521800469 0.9871717729488187 4902.792105858919 0.0008424275490301414 0.36117874847247233
1.218753666677136 0.9535936206112499 4092.8545344788745 -0.00015416666834436318 0.48045839501877075
1.218753666677136 0.9535936206112499 4092.8545344788745 -0.00015416666834436318 0.48045839501877075
1.302264416154581 0.7553721419924945 4853.782035064309 0.0007315035584717874 0.6096569678615709
1.302264416154581 0.7553721419924945 4853.782035064309 0.0007315035584717874 0.6096569678615709
1.3948088973295447 0.6644847374524332 4739.578364650721 -0.000705303664588933 0.5468608422450532
1.1031419583538618 0.7721553516282373 4695.026072039055 0.00039284474722457437 0.2882047470607744
1.1031419583538618 0.7721553516282373 4695.026072039055 0.00039284474722457437 0.2882047470607744
1.1284533513993036 0.7410861554293007 4460.538495973284 7.25441201207654e-05 0.23651905153824593
1.5235036763508285 0.6961866526604679 4476.25378161383 -7.520743475791891e-07 0.8254826577735238
1.178079624677049 0.7238143701103293 4884.467713988515 0.0005746849341374445 0.23022082593240456
1.0558047693525838 0.85132698072177 4923.985140855035 0.000468687407681739 0.3841900093212052
1.0558047693525838 0.85132698072177 4923.985140855035 0.000468687407681739 0.3841900093212052
1.4107002926432082 0.6381747095088829 4954.9517977070755 0.00026414232146691584 0.6221528414790387
1.3369724660976328 0.626120856624479 4992.574712374419 -0.0004879932045477147 0.5484066423436107
1.0327161959436721 0.725805061529332 4556.901913454279 -0.0001654506164913214 0.2590343453503981
1.2623734592728901 0.6808134506780066 4985.378526144703 0.0001632171238404363 0.2670129750504634
1.2623734592728901 0.6808134506780066 4985.378526144703 0.0001632171238404363 0.2670129750504634
1.1380112624172976 0.6878776247895296 4443.4653190845065 0.000333629688182562 0.25266840145349506
1.3438046519199247 0.7393902902062385 4070.9385799266183 0.0004496668818752177 0.7208214319487645
1.10290830494413 0.9332960485290384 4799.806638565685 0.0005226314941325126 0.4074576127130327
1.10290830494413 0.9332960485290384 4799.806638565685 0.0005226314941325126 0.4074576127130327
1.114412075436114 0.8123371922023741 4441.154666091623 -8.840023006161819e-05 0.3065733461355911
1.3147143778094463 0.6415864241092653 4989.767051399729 -7.72808960815668e-05 0.4858997221136706
1.2990463852067078 0.7805107505506304 4813.7540184748295 4.34833495101698e-05 0.4769424710173462
1.2594454853498482 0.7955808181679487 4248.184094967446 0.00046794935451548983 0.7258499147346822
1.3759983985865798 0.6983189727850265 4808.558732729122 -0.00022818802036300104 0.8012430010669985
1.2349112312991386 0.645346587199061 4463.8877529539695 -4.8058185233687594e-05 0.4557506467748935
1.2349112312991386 0.645346587199061 4463.8877529539695 -4.8058185233687594e-05 0.4557506467748935
1.1345278859452486 0.9589671913440944 4921.756787756417 0.0002561074159975586 0.43218552692547907
1.2579663540034614 0.9355081094327284 4060.775404198222 0.0008285134762337343 0.3829909867066039
1.2579663540034614 0.9355081094327284 4060.775404198222 0.0008285134762337343 0.3829909867066039
1.3828450404038546 0.684994289663759 4809.517785264938 -0.0001821581564670295 0.8430189770142759
1.3828450404038546 0.684994289663759 4809.517785264938 -0.0001821581564670295 0.8430189770142759
1.0283680710247765 0.7084502451212037 4984.9119124476865 -0.00045237914483454555 0.186719966523184
1.0283680710247765 0.7084502451212037 4984.9119124476865 -0.00045237914483454555 0.186719966523184
1.4606804800598199 0.6563554751586151 4269.427694506159 0.00042256120438240456 0.6299656417697362
1.3092701424103934 0.7142150307154522 4906.21234033625 -0.00024089706379963586 0.9344239587508096
1.3092701424103934 0.7142150307154522 4906.21234033625 -0.00024089706379963586 0.9344239587508096
1.2259620213158593 0.7977014409694754 4589.490262429478 -0.00024273979505828327 0.2770836122703858
1.2259620213158593 0.7977014409694754 4589.490262429478 -0.00024273979505828327 0.2770836122703858
1.2051157750256793 0.7585013339092632 4881.724355554947 0.00012329145406151865 0.5132204658206122
1.192625943886157 0.8167601591266059 4756.0203662214235 0.0002969793743225775 0.32915250248934524
1.1860712492177943 0.8068418146751142 4914.033342265508 0.00011135409298673695 0.39551796520319327
1.2538187286293425 0.7772682680312681 4192.703198261121 0.0005543194479469575 0.36759161508833144
1.2538187286293425 0.7772682680312681 4192.703198261121 0.0005543194479469575 0.36759161508833144
1.3909261941909792 0.6710122153162956 4533.521767437458 0.0005522498606188516 0.673289954662323
1.0296356285645583 0.7133773948360843 4774.612151011015 -0.0006324087090636807 0.21231099302382192
1.0296356285645583 0.7133773948360843 4774.612151011015 -0.0006324087090636807 0.21231099302382192
1.233287477493286 0.9073867946863174 3934.34577190876 -0.00021710787886743943 0.9099493026733398
1.190532245641879 0.9039334782722495 4470.581842479099 0.00011178108482949195 0.3956851904026459
1.377091980618566 0.642369247665949 4986.710478366844 -8.251321076389329e-05 0.5395940939707149
1.2849051882806866 0.8273769240710777 4470.634778669057 -0.00029228271428072137 0.7317441853577793
1.1820870962594994 0.8935027166366054 4864.433284165003 0.0002639568228224597 0.45035559049110463
1.1820870962594994 0.8935027166366054 4864.433284165003 0.0002639568228224597 0.45035559049110463
1.410478853796587 0.6661611402188067 4898.6757495683505 1.22102465361597e-06 0.5797142678437173
1.0671452941396775 0.9023721680143979 4645.009131357081 0.00026656496830209053 0.3623333535918173
1.2747294406086964 0.8417134900754702 4433.5121680915545 -0.0002492082563869615 0.93499544174357
1.2747294406086964 0.8417134900754702 4433.5121680915545 -0.0002492082563869615 0.93499544174357
1.0926570013594228 0.6901442574865007 4306.0682030976595 0.00029381813050113594 0.2240031599537594
1.3976406791388862 0.7258981704529222 4747.719778970998 -0.00028906222358199995 0.6846201230894062
1.2073326336166872 0.7945764342258543 4266.814833624897 0.0003659459509125744 0.29750206762145104
1.2073326336166872 0.7945764342258543 4266.814833624897 0.0003659459509125744 0.29750206762145104
1.1432865292263565 0.7062967403566038 4871.616210018083 8.076910523727443e-05 0.22985965898053054
1.4929318424417193 0.6522818072692808 4512.571138039783 0.00032419975752636456 0.6283840782394321
1.4929318424417193 0.6522818072692808 4512.571138039783 0.00032419975752636456 0.6283840782394321
1.3635277015245215 0.6860245192594114 4998.306758412639 0.00022616655106967413 0.7630833326937246
1.3635277015245215 0.6860245192594114 4998.306758412639 0.00022616655106967413 0.7630833326937246
1.2950264476865117 0.8471617396032312 4864.52784282015 6.885906091118284e-05 0.7280088590550206
1.1975224120970047 0.6983191769347263 4515.20813788447 0.0004334345886172626 0.6074418205966726
1.259588414049489 0.6728169387447733 4468.505889699791 0.000541688378596356 0.23124487172150687
1.259588414049489 0.6728169387447733 4468.505889699791 0.000541688378596356 0.23124487172150687
1.252900339261035 0.6560610334093101 4922.904768340098 0.00043765829619275625 0.3138118564157213
1.252900339261035 0.6560610334093101 4922.904768340098 0.00043765829619275625 0.3138118564157213
1.3582781206673116 0.8105138566948817 4266.979341171684 0.00044995289003587317 0.8151869099737401
1.3655126058941507 0.7064392294074403 4354.838341230039 -0.0003466215623659398 0.8146608770246204
1.0979401676244422 0.7286017798390182 4641.010626880416 -0.00030726177970778046 0.23941799663041818
1.1724399414104727 0.9510747238860068 4898.434511779532 0.0004223732452352005 0.8757447374836324
1.1724399414104727 0.9510747238860068 4898.434511779532 0.0004223732452352005 0.8757447374836324
1.4259594763361794 0.6529680571056125 4671.060856822861 -0.00024567776435258917 0.6212826091237312
1.4259594763361794 0.6529680571056125 4671.060856822861 -0.00024567776435258917 0.6212826091237312
1.3903121545970478 0.6917726733464477 4799.975133312158 0.0007443744281358601 0.8249842054368381
1.3903121545970478 0.6917726733464477 4799.975133312158 0.0007443744281358601 0.8249842054368381
1.1457510446897092 0.9286793694362614 4549.386740464209 0.0006032004820153178 0.5039307170261214
1.575629952794198 0.6911167907532324 4750.599216649517 -9.527892322680793e-05 0.7455793807874286
1.0667748990054253 0.9055503057451966 4340.783955302234 -2.465656453481095e-05 0.4854487621880941
1.2630360689787188 0.8590858388613493 4493.458688601668 0.00031248538854116136 0.4423755742875716
1.2630360689787188 0.8590858388613493 4493.458688601668 0.00031248538854116136 0.4423755742875716
1.2254911592790516 0.8705167121437162 4895.172225956939 0.00039513080747678736 0.35822681948316637
1.2254911592790516 0.8705167121437162 4895.172225956939 0.00039513080747678736 0.35822681948316637
1.3160358477703653 0.8940574783959587 4585.198974754035 0.00031526655349336494 0.9478052973404221
1.1446950804412082 0.833699010033601 4673.5511747890605 -0.00024244322584923594 0.4729841707435173
1.3156562690755238 0.7689052998866223 4532.148281223186 -0.0005956158765585616 0.49201823145252144
1.3156562690755238 0.7689052998866223 4532.148281223186 -0.0005956158765585616 0.49201823145252144
1.1022387672560838 0.9786957109537394 4887.179419307669 0.0004553669605472145 0.4349292129809196
1.1022387672560838 0.9786957109537394 4887.179419307669 0.0004553669605472145 0.4349292129809196
1.4267157339354657 0.716134969113552 4236.415860347645 -9.185615608418703e-05 0.9417170893506928
1.3892637294418826 0.6154789678016681 4867.458656233875 -4.7683060626561176e-05 0.5614116858039961
1.3892637294418826 0.6154789678016681 4867.458656233875 -4.7683060626561176e-05 0.5614116858039961
1.0925517821579684 0.7808415869250768 4495.9349565462135 -0.00034245741036599965 0.27777664065698776
1.0925517821579684 0.7808415869250768 4495.9349565462135 -0.00034245741036599965 0.27777664065698776
1.166410231444155 0.7921889565862232 4914.446609855344 -0.00034729312963931966 0.34883550361034255
1.166410231444155 0.7921889565862232 4914.446609855344 -0.00034729312963931966 0.34883550361034255
1.1294222053352494 0.7913939029630157 4607.322389882518 0.0003698596383056497 0.31873947646750717
1.1294222053352494 0.7913939029630157 4607.322389882518 0.0003698596383056497 0.31873947646750717
1.2298059179779575 0.9345854944079603 4774.449793030134 -0.00010499248467687981 0.4864297979108009
1.2564162469552753 0.6580493046651645 4456.235843796023 -8.483281340701045e-05 0.6416603407416671
1.2287027929118919 0.6740130720346321 4955.055642665955 -0.0010436677945840102 0.27086681085308706
0.9818628675443389 0.7763381807942544 4804.019905535078 -0.00011762367021089718 0.26231454259824594
1.4831303560706837 0.6971065532513993 4850.623751170642 0.0002360962390975645 0.7255932073003761
1.1868003658075412 0.939531425583392 4453.6451480109645 7.79991305720284e-05 0.9738552272970091
1.1868003658075412 0.939531425583392 4453.6451480109645 7.79991305720284e-05 0.9738552272970091
1.267838519506023 0.7136153397206403 4547.501208015186 -0.00026423374448918623 0.8069763289423736
1.303863522092719 0.8094874500558104 4635.070710124364 -0.0006775163341206716 0.40028257587289795
1.400631083901153 0.6872363409298086 4139.793980348289 -0.0006253468883383011 0.7943863286222123
1.1871575155916014 0.701620478676139 4941.1058981755605 0.0002600609831002057 0.2873523033363999
1.1871575155916014 0.701620478676139 4941.1058981755605 0.0002600609831002057 0.2873523033363999
1.073829629670917 0.7600240501338719 4950.716814778297 0.0007993561852899077 0.23983011146486027
1.3805920455822722 0.6623155407161625 4308.530952533248 -5.373741415515224e-05 0.6422792152760944
1.3805920455822722 0.6623155407161625 4308.530952533248 -5.373741415515224e-05 0.6422792152760944
1.1122562171577008 0.7786084803287809 4303.551017574674 -0.0003544511536441271 0.2974996476078281
1.0830687738768425 0.7507971895131641 4120.626742801266 2.023957112014823e-05 0.2604810291852673
1.259243632282124 0.9026084686391245 4236.707017447076 0.0001662946687730869 0.6752613350088246
1.259243632282124 0.9026084686391245 4236.707017447076 0.0001662946687730869 0.6752613350088246
1.168478552933671 0.8719213671368469 4300.1045313212 -0.0005127906124670074 0.42535940248960863
1.168478552933671 0.8719213671368469 4300.1045313212 -0.0005127906124670074 0.42535940248960863
1.065060426779259 0.8604705068996754 4998.4999291322165 0.00024158298284507584 0.3701908206129795
1.0187687992342978 0.7728491428678717 4522.610397668706 6.379510505165831e-05 0.26587263148861284
1.4329857543185716 0.6872349293094897 4490.6069988972595 0.0003894267992677221 0.7258561893354545
1.4329857543185716 0.6872349293094897 4490.6069988972595 0.0003894267992677221 0.7258561893354545
1.2419041861015612 0.7474392632401065 4593.362462588988 0.0005716179181350502 0.2938443866737936
1.0601287832345163 0.8957972987732182 4994.813984830777 0.0005456949008508244 0.4095793140295936
1.0601287832345163 0.8957972987732182 4994.813984830777 0.0005456949008508244 0.4095793140295936
1.4422470132113197 0.7101736399557539 4905.249624499326 -0.0003973759483421885 0.842436768387218
1.0823232156957223 0.7657308865612713 4490.257696350246 0.0005863556083484712 0.23252734197086133
1.359315920693174 0.7378612017594449 4776.562994358733 0.00047406297774611235 0.7996572838730692
1.359315920693174 0.7378612017594449 4776.562994358733 0.00047406297774611235 0.7996572838730692
1.2635359983675682 0.6911152668830559 4904.037363709062 1.2789660957414413e-05 0.8456392284583669
1.2635359983675682 0.6911152668830559 4904.037363709062 1.2789660957414413e-05 0.8456392284583669
1.181492095999419 0.958649189989332 4987.551536603342 -0.00031426896224890917 0.4219700348726868
1.4340666290078117 0.7140272184970344 4323.533104644932 0.00028816486946423665 0.8378534021852814
1.0693230300965813 0.8675801385085607 4887.8160271780935 -0.00027488286718001893 0.3270024777956516
1.21795583037284 0.9482865100207669 4046.6444457815824 -0.000204234469620472 0.6273966152139301
1.21795583037284 0.9482865100207669 4046.6444457815824 -0.000204234469620472 0.6273966152139301
1.2550018888111525 0.6703164965624424 4522.7850660837385 -0.0007579206388580021 0.43467731118593644
1.4218646376965802 0.6923423926186717 4907.1196155726175 -0.00015273053547754198 0.8634576276607051
1.1815194181320687 0.8794537883218797 4977.3783159186905 -0.00040823186882370976 0.48885355126926217
1.1815194181320687 0.8794537883218797 4977.3783159186905 -0.00040823186882370976 0.48885355126926217
1.155579969947302 0.9156451035785784 4366.038657793606 0.0007192274050678487 0.43992563134983353
1.155579969947302 0.9156451035785784 4366.038657793606 0.0007192274050678487 0.43992563134983353
1.1525177407979723 0.7312111318992351 4441.1797269444205 0.0004836263857854896 0.2762023047026546
1.2068756473648563 0.9667933566975551 4128.077303381648 8.171554190329505e-05 0.5381681389902817
1.2068756473648563 0.9667933566975551 4128.077303381648 8.171554190329505e-05 0.5381681389902817
0.9918372109650797 0.7136170400485267 4991.808238649998 0.0006091889412670725 0.19719530772834792
1.2778287860135105 0.7485989557857466 4676.540056765917 -7.294900929431901e-05 0.8074262166283638
1.2778287860135105 0.7485989557857466 4676.540056765917 -7.294900929431901e-05 0.8074262166283638
1.2647164097594006 0.7890568805751436 4220.992291593146 0.00031827747419112886 0.8715115328494583
1.2242344597933208 0.7987567333023831 3965.4944388242293 0.00036160273947624856 0.3797724985974824
1.2242344597933208 0.7987567333023831 3965.4944388242293 0.00036160273947624856 0.3797724985974824
1.1401790586891667 0.8314960091862866 4673.261563449277 -0.00015832580370572422 0.4526644031079769
1.3080643713598175 0.6631322222591051 4712.433943757849 -0.0004923219522004178 0.6541706724291879
1.3080643713598175 0.6631322222591051 4712.433943757849 -0.0004923219522004178 0.6541706724291879
1.3791640078678942 0.6363550535411632 4691.384758461713 -0.00043372331900470287 0.5574783049298904
1.3937558468295896 0.6441663110703545 4286.11407816859 0.00021538718104738153 0.5520727328594611
1.0417991066430332 0.8487993617152498 4947.715311909869 0.00015325601815365132 0.35405693927172105
1.0417991066430332 0.8487993617152498 4947.715311909869 0.00015325601815365132 0.35405693927172105
1.4363866138796388 0.6224253000600442 4663.622405367221 -0.00027465872750973106 0.6072720671574124
1.4363866138796388 0.6224253000600442 4663.622405367221 -0.00027465872750973106 0.6072720671574124
1.298642954597698 0.6748026230596552 4972.9292226253165 -0.0005400391209405615 0.5759542391285111
1.2732659816862184 0.7594708080116204 4253.0974500366365 0.0009373626992255577 0.40500386230347807
1.2732659816862184 0.7594708080116204 4253.0974500366365 0.0009373626992255577 0.40500386230347807
1.1215588568756265 0.9045872853032404 4946.506173247029 -0.0006218172839021568 0.5103063254445155
1.1215588568756265 0.9045872853032404 4946.506173247029 -0.0006218172839021568 0.5103063254445155
1.096507556718704 0.927904940410303 4994.807978194216 -0.0003794999617257152 0.38212971564819176
1.0443244675126702 0.8259459415902088 4991.346724535937 0.0001905171435303212 0.3523099756315068
1.194431209564209 0.6588183864951134 4782.820658326149 -0.00021680858455577933 0.23878991603851318
1.3368772506713866 0.6828239634633064 4820.698639512062 -0.0002888545270881083 0.7951359152793884
1.383815467729074 0.6016710634177653 4787.388761527329 0.00034568015126310627 0.469785654798794
1.1480020581421495 0.774697632495526 4763.731443353812 -0.0005966514102305574 0.33075144468453777
1.1480020581421495 0.774697632495526 4763.731443353812 -0.0005966514102305574 0.33075144468453777
1.1915803000624523 0.8507189672539854 4767.048589144976 -0.0003691241407755004 0.4847832496614395
1.3046743008928967 0.9418801900802719 4153.441955739731 -0.0006735759306105771 0.5634856017109822
1.3046743008928967 0.9418801900802719 4153.441955739731 -0.0006735759306105771 0.5634856017109822
1.3001400103120968 0.7500843600686435 4470.160469618171 0.0005015931064620531 0.5210200161401102
1.3001400103120968 0.7500843600686435 4470.160469618171 0.0005015931064620531 0.5210200161401102
1.4391069724071373 0.6150888961709521 4984.235843555107 -0.0006999778752967551 0.5611915589699277
1.2599008337312654 0.9585201191144512 4492.203765618634 0.00015440518732212484 0.4771537110456501
1.2071250932796782 0.8455283830019278 4998.251974101037 -0.0005744336623996491 0.4609302968252758
1.2449180267523199 0.8672325055262331 4851.042523154946 0.00033469652568473386 0.4406852435294344
1.2449180267523199 0.8672325055262331 4851.042523154946 0.00033469652568473386 0.4406852435294344
1.1632820820484304 0.6604048978971203 4952.812807911897 0.0002786502779411972 0.2680591947442791
1.1632820820484304 0.6604048978971203 4952.812807911897 0.0002786502779411972 0.2680591947442791
1.3265505590305868 0.7255865103156055 4686.697510321899 -0.00018662842680367003 0.9588722850166062
1.3217621760379896 0.6676929211007091 4931.9418592961465 0.00010194483385519076 0.6340987173844947
1.1009117998623847 0.8570547462969066 4570.7650385751695 -0.00040177257071211613 0.37102027803324966
1.471930040816555 0.6846899266703371 4142.255721610052 0.00034434314890720736 0.7424142337823053
1.471930040816555 0.6846899266703371 4142.255721610052 0.00034434314890720736 0.7424142337823053
1.2291715597481545 0.7256990420786908 4084.987339992667 0.00039877416361159174 0.4352779275557769
1.2650576026968599 0.6691889298129107 4358.630417556395 -0.0002909660121366096 0.6428347727774286
1.2650576026968599 0.6691889298129107 4358.630417556395 -0.0002909660121366096 0.6428347727774286
1.3936218839943877 0.6572343193334855 4951.662070814035 -0.0008999792951220995 0.5594066536160467
1.3936218839943877 0.6572343193334855 4951.662070814035 -0.0008999792951220995 0.5594066536160467
1.1001626967913272 0.7570768723906862 4352.031770622886 -4.273343521478309e-05 0.2720723819628008
1.1001626967913272 0.7570768723906862 4352.031770622886 -4.273343521478309e-05 0.2720723819628008
1.2082528789096882 0.9482709650547985 4603.893099056759 0.00032067166149939554 0.4222717261551585
1.2076091058971776 0.7871607290089956 4845.990427086472 -0.00036180971840024944 0.6951283644107629
1.2076091058971776 0.7871607290089956 4845.990427086472 -0.00036180971840024944 0.6951283644107629
1.510387514077948 0.7053731670236739 4366.890131774117 0.00020443166381091054 0.9461924933493188
1.1370851028774767 0.8608863473125671 4788.726211860861 -0.0003641452102560223 0.5664249006969619
1.1370851028774767 0.8608863473125671 4788.726211860861 -0.0003641452102560223 0.5664249006969619
1.0631153288428674 0.7313820421974069 4302.814444264828 -6.59223562499547e-05 0.22675779885899164
1.0631153288428674 0.7313820421974069 4302.814444264828 -6.59223562499547e-05 0.22675779885899164
1.1913594033171477 0.6743587710812502 4889.900071989371 0.000200790673443559 0.29544369356718336
1.0490456594560034 0.7443574604624349 4864.416559202209 -0.00046342144887098465 0.2332653190294863
1.0490456594560034 0.7443574604624349 4864.416559202209 -0.00046342144887098465 0.2332653190294863
0.9476401154559659 0.7274808639938569 4902.513461256354 0.00016696769421872866 0.21805943181418816
1.1782592493647293 0.8977218808570577 4153.769079746904 1.5599812166347183e-05 0.397468826708692
1.3543741724844476 0.6981616835485296 4651.695031383092 -0.00024479126325614633 0.7287833727849425
1.3543741724844476 0.6981616835485296 4651.695031383092 -0.00024479126325614633 0.7287833727849425
1.1502582178392111 0.9682914705452373 4549.517807458504 0.00037765271553610424 0.3901618612765726
1.0636952727031952 0.9585865916756006 4903.828863469252 -0.00025319613334830654 0.3534463802349931
1.0636952727031952 0.9585865916756006 4903.828863469252 -0.00025319613334830654 0.3534463802349931
1.2365530110826728 0.8966365894720322 4549.590013136941 0.0002730479210651677 0.7634738334126265
1.1218526746747604 0.8132464127270299 4428.064436303312 4.319920774015405e-05 0.2733806999721965
1.2858344483029365 0.6783904156206414 4997.123343745171 0.0007965324551169379 0.41181058448624364
1.2858344483029365 0.6783904156206414 4997.123343745171 0.0007965324551169379 0.41181058448624364
1.5048447146524873 0.7094329914240963 4840.363168498283 -2.787953634385121e-05 0.8178722573885918
1.207262978834697 0.8785378905387575 4930.872745347802 0.0003047761548282146 0.48780670987678354
1.3279547845875594 0.7610269268712283 4445.099653738471 -0.00024222969634562821 0.6301813357878531
1.5883246241227713 0.656606650447937 4643.562472882668 -0.00021766783232238398 0.6123049622027531
1.2051587595616424 0.7014881164375374 4758.493731155815 0.0003730052707552965 0.47897347324258754
0.9761650524906054 0.6836602218984615 4677.494842682303 -7.326765921198054e-05 0.19721630881470104
0.9761650524906054 0.6836602218984615 4677.494842682303 -7.326765921198054e-05 0.19721630881470104
1.176928593144087 0.7778742876918687 4186.057254488729 0.0002142989171101227 0.47650123160951824
1.1881906169417369 0.9257697476686455 4453.5916034783995 -0.00017963716939913975 0.7393700711233602
1.1881906169417369 0.9257697476686455 4453.5916034783995 -0.00017963716939913975 0.7393700711233602
1.231361121417048 0.772505941080043 4253.84990644873 -0.0003364119692061134 0.3008089186067876
1.231361121417048 0.772505941080043 4253.84990644873 -0.0003364119692061134 0.3008089186067876
1.290323632718125 0.6672390379873987 4501.329789237667 -0.0005026323441774008 0.5390205059433432
1.1538746828007647 0.9090538610463192 4272.043857938529 -5.535614004440749e-05 0.45520720805439024
1.1538746828007647 0.9090538610463192 4272.043857938529 -5.535614004440749e-05 0.45520720805439024
1.2196497000759978 0.8568761656032935 4633.940147802252 -0.0003930920100443403 0.4015101699278365
1.2196497000759978 0.8568761656032935 4633.940147802252 -0.0003930920100443403 0.4015101699278365
1.1858527557479004 0.6441744771958386 4737.504349371294 -0.0005274802771755319 0.21290110565465142
1.0575842552206742 0.9425153068497922 4868.717689475776 0.00027058387434663683 0.3875547356284886
1.2836862615078097 0.7770612125472215 4525.056405564897 -0.00025618639645698165 0.8713331538082753
1.2699601860333822 0.8083309202800615 4013.9980312665843 2.3514065777200024e-05 0.6631718706774179
1.2699601860333822 0.8083309202800615 4013.9980312665843 2.3514065777200024e-05 0.6631718706774179
1.1008313006779966 0.8778715711741771 4727.72669778708 -1.4567714235249552e-05 0.41465529004187707
1.1008313006779966 0.8778715711741771 4727.72669778708 -1.4567714235249552e-05 0.41465529004187707
1.3196050180572345 0.7258114993152025 3934.909461778558 0.0005492501540291121 0.7557990336504947
1.2545717697420427 0.7037254650424545 4727.185736756382 0.00023886748035765966 0.3987299990676846
1.2497349968988332 0.8085440564881141 4403.6440040389 7.454063241113536e-06 0.7510344266405913
1.1973063961045423 0.767502249229421 4898.837088766072 -2.2327091286026635e-05 0.36173769468725825
1.1973063961045423 0.767502249229421 4898.837088766072 -2.2327091286026635e-05 0.36173769468725825
0.992145483951223 0.7786983244178959 4889.986689247175 0.00026696333092953627 0.28672033999558333
0.992145483951223 0.7786983244178959 4889.986689247175 0.00026696333092953627 0.28672033999558333
0.9899629771308163 0.7632193529319944 4832.425425357656 -0.00026087208856263953 0.26734720901824705
0.9899629771308163 0.7632193529319944 4832.425425357656 -0.00026087208856263953 0.26734720901824705
1.125917895942431 0.8218367743958351 4878.844813946029 -0.00033475050187305096 0.3353889385651493
1.4750631616163394 0.664820574974017 4503.952083157316 -0.0002935513237649545 0.6582167389759775
1.4146804133819308 0.686897943761148 4650.256384175339 -0.0006697894880608922 0.6844539057003595
1.3069035347339624 0.6544597365622183 4997.128978471528 0.0005635400164438176 0.49977661907805987
1.3069035347339624 0.6544597365622183 4997.128978471528 0.0005635400164438176 0.49977661907805987
1.4187350392603917 0.6878992032767208 4392.54072768484 -7.564913811316165e-05 0.7387349118892248
1.3141657248181002 0.7721417720951943 4230.105793762788 0.00016069511685167022 0.9586423406703585
1.2999456600659216 0.7279356044764618 4710.402458475685 -0.00022327553036094903 0.820687105054678
0.9258360147476197 0.7155711352825165 4556.290526211262 -3.409269000901189e-05 0.214130699634552
1.2836503672844541 0.6341241017878225 4787.524016578766 0.0006803459792127445 0.5630566329929294
1.2992703537835955 0.6450909770312966 4777.392251450252 -0.0003518745237889444 0.4461452425097922
1.2992703537835955 0.6450909770312966 4777.392251450252 -0.0003518745237889444 0.4461452425097922
1.4245655714551333 0.6491277343825874 4561.636538101991 -0.00021641969998847157 0.6427461214638693
1.0584278577626285 0.9439281893525666 4816.923620942598 0.0005479568467152309 0.4084365601456035
1.3017984754695402 0.7260944071188167 4821.466374548842 6.774508678712581e-07 0.513892217176638
1.3017984754695402 0.7260944071188167 4821.466374548842 6.774508678712581e-07 0.513892217176638
1.436226823700524 0.71227468819023 4927.553949111342 -0.0001846574652281698 0.8069108454295713
1.227271347614829 0.7864183305113972 4736.494527367211 -0.00016901412265113582 0.5537075645335638
1.227271347614829 0.7864183305113972 4736.494527367211 -0.00016901412265113582 0.5537075645335638
1.3111501147203146 0.7051121993892691 4191.0824719991215 0.0007735000637635158 0.5257197817607772
1.3111501147203146 0.7051121993892691 4191.0824719991215 0.0007735000637635158 0.5257197817607772
1.248270503857994 0.860297759464243 4564.802815395589 -0.0005089878198576799 0.5908803773525285
1.3057960097387282 0.7520830631909676 4531.214089089478 -0.0003391425980642406 0.5867997369212063
1.0769982070755264 0.9165423239021948 4310.303434387101 -0.00029441731878417896 0.418368670921219
1.076292290983793 0.8523249227413535 4725.181057414645 -0.0007642044507351196 0.36032018757842826
1.076292290983793 0.8523249227413535 4725.181057414645 -0.0007642044507351196 0.36032018757842826
1.4440089730444798 0.6774827640797602 4581.842086576262 5.650566108459354e-05 0.6608207079903632
1.4440089730444798 0.6774827640797602 4581.842086576262 5.650566108459354e-05 0.6608207079903632
1.43064179177753 0.6041735480201607 4927.446836445574 -0.00014309351426383023 0.5513239590533943
1.1894466803333126 0.9055611305143881 4950.685931631515 0.0007777477636332794 0.5162970543072999
1.1894466803333126 0.9055611305143881 4950.685931631515 0.0007777477636332794 0.5162970543072999
1.38280629848257 0.6497629138099977 4900.83943330409 -0.0005391208967495956 0.614358100918521
1.38280629848257 0.6497629138099977 4900.83943330409 -0.0005391208967495956 0.614358100918521
1.2985415550698365 0.724332117716349 4982.758015934176 -0.00019586749874249542 0.5640888302479813
1.2040499988738316 0.7023712439772141 4795.335859504906 0.0007496546543488516 0.4645071336147747
1.2470468230698892 0.7330624097570464 4327.529950878081 6.341678132611349e-05 0.466284261577621
1.2470468230698892 0.7330624097570464 4327.529950878081 6.341678132611349e-05 0.466284261577621
1.093524814373514 0.9541856344977512 4623.7305620878615 -0.00014697610511271036 0.45144092383197854
1.093524814373514 0.9541856344977512 4623.7305620878615 -0.00014697610511271036 0.45144092383197854
1.2587528927632041 0.6703019589892968 4310.426862573792 4.372928905619058e-05 0.474592016512044
1.184303001438534 0.6775507595175723 4772.823528752364 8.667573137011456e-05 0.35049362195122413
1.2773240506235872 0.7047397169939513 4794.946027568722 -4.626830743367294e-05 0.32000127252698973
1.1737936945824463 0.8564349635899761 4781.111009391717 0.0005461675520648688 0.5934083350832917
1.280879335333175 0.7359323122848289 4763.503356356031 0.00034289800458792776 0.8652867109606601
1.2130554228895034 0.7244974993823441 4492.6726370312745 0.0008345706824059274 0.2269893828038151
1.4452211323530912 0.6785902750027781 4522.78967305626 8.307083672707263e-05 0.6931801813683487
1.1828728098709427 0.8664739273932767 4197.768575702871 3.0230989157558447e-06 0.6466246556915056
1.257940356933517 0.8254608591243103 4831.296568031341 -1.3534777174151546e-06 0.5272051821930903
1.257940356933517 0.8254608591243103 4831.296568031341 -1.3534777174151546e-06 0.5272051821930903
1.3104393652407522 0.7453670481270279 4873.50975306363 6.496217442900116e-06 0.865290457607869
1.4112359576283948 0.6757065231666298 4448.002783954162 -0.00010167296295795499 0.6993875543911375
1.4112359576283948 0.6757065231666298 4448.002783954162 -0.00010167296295795499 0.6993875543911375
1.485198706416409 0.6271267811865915 4903.131389063932 -0.00017481059181720295 0.48671749808511566
1.2729754456172406 0.6352234968273975 4992.429949706547 -0.0005309981351375513 0.4383615602793156
1.1185720443725586 0.793782152235508 4395.967273056507 -0.0005971135717103214 0.2683869004249573
1.3888242163892035 0.6465575617784359 4954.751416831911 0.0006425915045009008 0.5492283448190471
1.3888242163892035 0.6465575617784359 4954.751416831911 0.0006425915045009008 0.5492283448190471
1.1461813009042396 0.9479548629741114 4590.686089464398 -0.0005260048021967812 0.43236394792815475
1.3148480217729366 0.7180395485214937 4752.321529007307 -0.0006820202809367658 0.8306468279956308
1.2786171794633623 0.8081625166869171 4087.3712114753353 -0.00014510983597787846 0.5140367911591752
1.3559559822082519 0.6423317044973373 4824.868818283081 1.2703915073034028e-05 0.5868898034095764
1.2783015541890275 0.9331954477500057 4413.3276448315655 0.0001862842141654241 0.6482471652019257
1.2783015541890275 0.9331954477500057 4413.3276448315655 0.0001862842141654241 0.6482471652019257
0.9971421632903641 0.715369035730193 4952.044340960816 -0.00047906948846864427 0.20145709931911285
1.249492311818408 0.7477983594589368 4909.968133149146 -0.0005036181215470938 0.43969377727750597
1.4290915610144692 0.7025755260978469 4910.2033588371905 -0.00036073738724523054 0.7521966851016795
1.4290915610144692 0.7025755260978469 4910.2033588371905 -0.00036073738724523054 0.7521966851016795
1.1851774298625835 0.8446637837438288 4778.766146900148 -0.00017006488549265114 0.6161985165467146
1.4542991006181851 0.6617493004552717 4087.9814100376348 0.00021656851076773861 0.6642569890899208
1.4542991006181851 0.6617493004552717 4087.9814100376348 0.00021656851076773861 0.6642569890899208
1.228235510418203 0.9062649789233161 4655.20569993148 -0.00019918743997100223 0.96455595588628
1.2250652551651 0.634391613304615 4519.907430410385 0.00018571807807593783 0.40513819456100464
1.1655990164941583 0.7043386306218001 4937.792634865551 0.0007782879412218803 0.22497381642997805
1.1884524741437974 0.8305984225454112 4897.264000750072 0.00031336720209989676 0.4432249369884313
1.1884524741437974 0.8305984225454112 4897.264000750072 0.00031336720209989676 0.4432249369884313
1.0793836401995647 0.758433811596826 4989.698785986482 0.00027820028778532095 0.2904150423441175
1.0793836401995647 0.758433811596826 4989.698785986482 0.00027820028778532095 0.2904150423441175
1.2084345293490582 0.912312281924157 4492.30775190373 -3.7231769360525656e-05 0.44781736072420963
1.2084345293490582 0.912312281924157 4492.30775190373 -3.7231769360525656e-05 0.44781736072420963
1.1249625371816623 0.6874327799533748 4822.69165455709 -3.7880891119114026e-06 0.2035058596889541
1.4212067588642157 0.7027282096691515 4766.589801947076 0.0006059108044304952 0.8747164863574521
1.162882115537397 0.8061439671434797 4820.541353937958 -5.271231052470269e-05 0.5419952810121285
1.327384650126829 0.6783207587707434 4725.709742548281 0.0007549254937706531 0.49476294059898746
1.1188641633903482 0.8837313992878899 4249.189744266478 -0.0005006415840234412 0.3471573251658002
1.122381905066933 0.824361952958658 4392.242328539971 0.0003565209520001525 0.32174734533847804
1.122381905066933 0.824361952958658 4392.242328539971 0.0003565209520001525 0.32174734533847804
1.496270138220193 0.6471905910861872 4677.62535638985 -4.8200113595852627e-05 0.5271700654680473
1.496270138220193 0.6471905910861872 4677.62535638985 -4.8200113595852627e-05 0.5271700654680473
1.1785116710196906 0.8741507930081793 4182.800433821574 0.00022144254223885703 0.44796149952725106
1.306041693610331 0.7495003540513643 4491.658757927229 0.0005253122536095217 0.6683468726953322
1.261490899984757 0.7514782527738798 4693.690002119749 -0.0001260486509834101 0.8668003536660993
1.491051892782305 0.6416233832096683 4449.118038700011 0.0005181845366093428 0.5913032131048317
1.2881841997108794 0.7922497870081138 4657.936426580274 -9.682064659202985e-05 0.33823499742267504
1.350216242272196 0.7294987150614205 4943.373377367869 0.000610909390345434 0.8818359417872719
1.0901052003699374 0.7892282340014458 4503.719114181027 -0.0002587836215421261 0.26443091973686106
1.061411782753344 0.7868034115608502 4741.593489811279 0.0005392794480216991 0.3124061247351444
1.2343704984767645 0.9470699479230364 4164.8675881612935 -2.0795259409274958e-05 0.407324882224446
1.2728487063823493 0.7308445674812191 4642.715169723825 5.877548587351311e-06 0.6148605997193165
1.1534681557337203 0.8882992915415693 4976.965162777947 -0.0007234474950107177 0.5372706425260643
1.1957304387392311 0.7810566541763981 4789.047265161104 0.0003550185012316961 0.5223763228838858
1.1957304387392311 0.7810566541763981 4789.047265161104 0.0003550185012316961 0.5223763228838858
1.0878788728578868 0.8963717276092299 4561.956168485815 0.0010850105579866159 0.4317473169696438
1.3205477695465992 0.666497656888568 4880.3415790351355 -5.5148323687866286e-05 0.6916624847034534
1.0794175248524558 0.7400872781794829 4750.806904226999 -0.00043390358367630864 0.2181924956191409
1.0891882901570968 0.9185858617354768 4861.889996332291 -0.00017800315679194467 0.43500089311519463
1.0891882901570968 0.9185858617354768 4861.889996332291 -0.00017800315679194467 0.43500089311519463
1.3650411308086254 0.727775360255018 4840.535566677027 -1.9232852153985493e-05 0.8865285239195798
1.188324488011705 0.8215484734319809 4470.761289064454 0.00011281191638053743 0.3750561772891281
1.188324488011705 0.8215484734319809 4470.761289064454 0.00011281191638053743 0.3750561772891281
1.3418622891492973 0.7823207621204187 4654.960442299596 -0.00019661242810670163 0.7641244495373548
1.149034138864766 0.8363214170746487 4967.426491504004 -0.00012186715048805178 0.4660115290075522
1.2266381326447862 0.9309451390770448 4168.2832052557 -0.00010107602809273302 0.5769584910514873
1.1533563841634236 0.9587702312486964 4746.72625400987 0.00012105896756348383 0.7484289132704618
1.1533563841634236 0.9587702312486964 4746.72625400987 0.00012105896756348383 0.7484289132704618
1.117463157874917 0.8294911499321632 4585.6009834577035 -0.00023102303989826624 0.33800413531634954
1.4250894137978003 0.7159146803806737 3934.115610780566 -0.0004007401792615937 0.9803930130655716
1.2768814169394234 0.62559255362731 4886.200265066225 -0.00020124151139595974 0.5062078889648778
1.2768814169394234 0.62559255362731 4886.200265066225 -0.00020124151139595974 0.5062078889648778
1.4555954464232461 0.6976526674694126 4257.919959527703 -0.0005706910853517246 0.7505793966096284
1.0512240865969535 0.9037845929690433 4453.75906976093 0.00044103702080983256 0.41840336320729343
1.1019889703135424 0.8730886144196777 4270.797113266285 -0.0002878952555849064 0.32776561807722515
1.2245514086058444 0.8506263885393565 4525.190431252486 0.00026862674941836997 0.7026554608813045
1.2245514086058444 0.8506263885393565 4525.190431252486 0.00026862674941836997 0.7026554608813045
1.1487098088196337 0.8584541434930975 4778.004956471082 -5.1274422173704216e-05 0.4442121039651229
1.1714792431230907 0.8170872843439171 4901.133843118952 -8.945657832126238e-05 0.3884119230313495
1.0218903686503733 0.9119901833548201 4904.509298448223 0.0005816519270027981 0.42727000012349525
1.1031490360856417 0.9404055153667928 4704.529961601212 -0.00035229900377684915 0.40887149392658995
1.1093940587404898 0.7358334556423516 4707.593905847734 -0.00024498839725180255 0.24194282303195166
1.2691659489691938 0.7703394674381081 4395.73286397234 0.00017828105188511065 0.46695890146322566
1.3914045237060364 0.6509711125159913 4162.429478826223 0.00011315207202605801 0.648372855398942
1.3914045237060364 0.6509711125159913 4162.429478826223 0.00011315207202605801 0.648372855398942
1.2569972170758112 0.7975209016270294 4895.607028169053 8.940127749919439e-05 0.41692184565820767
1.3607445569000611 0.6926256194900244 4952.192688580595 -1.494821981103419e-05 0.6796304474761862
1.1986983031520437 0.6814592545641249 4199.053933592682 -0.0005948633152875514 0.20777913275873583
1.5579331256444973 0.7252637299121034 4794.80629802414 0.0005256544218767823 0.952441629903956
1.5579331256444973 0.7252637299121034 4794.80629802414 0.0005256544218767823 0.952441629903956
1.312727300988939 0.7262254483417352 4977.094497741684 -0.000124084062474693 0.9479524142013444
1.3241612323949028 0.8058616566320719 4096.4096492742165 0.00036532358909237294 0.45325594155540383
1.1691824412169398 0.9354333946756612 4548.93621616886 -0.00035132313475872416 0.5055788167555977
1.0396231166066623 0.819362601456495 4456.536205579816 0.00015858284701734577 0.28187650796095703
1.3420154867843888 0.7741846909972536 4385.958185174555 0.00010088652839200838 0.6419106862111664
1.007756296317459 0.8290884096205965 4456.3588893299475 -0.00024505722144060925 0.29955376661201344
1.244631046404063 0.6917729458196208 4337.783593398167 0.0004991906631593102 0.6511606422250977
1.151492692465098 0.8844178387405954 4943.107255204818 -7.91294867376401e-05 0.3678321973127333
1.151492692465098 0.8844178387405954 4943.107255204818 -7.91294867376401e-05 0.3678321973127333
1.1800546304531605 0.9384302350707243 4404.44576885374 0.0008999755951977623 0.5156574240874469
1.2831810422389984 0.653494595598882 4804.03519875243 -0.00023339672352000107 0.400944222145164
1.2831810422389984 0.653494595598882 4804.03519875243 -0.00023339672352000107 0.400944222145164
1.3855924465648104 0.685705598867094 4899.756826272709 -0.00017933821590360502 0.5714609083931325
1.2504548639041566 0.9177466166935095 4871.783961985715 -0.0004440204461309876 0.8961023892285981
1.5004671463811161 0.5960513092675039 4921.582765638586 3.873191958524418e-05 0.47602964247341073
1.3129739291371691 0.7192172675410008 4843.34262067549 -0.0005024372941820084 0.6883984958140278
1.348941235753173 0.7323285586239193 4143.935363487366 -0.0001277086090883039 0.9234332771375513
1.16184572111983 0.6621842909593115 4910.538757755419 0.00027010470614351504 0.2153866071678756
1.244405907415927 0.8535118716117276 4269.323719817108 -0.0004957869994711241 0.8879877130337128
1.401801134722191 0.6052049749348669 4925.108929142721 -6.559060805403858e-05 0.544051826967855
1.401801134722191 0.6052049749348669 4925.108929142721 -6.559060805403858e-05 0.544051826967855
1.002136290776088 0.7188920013660804 4960.217766843246 -0.00012020247678733199 0.20782658232401777
1.4920044781062591 0.712142626080463 4985.191297523181 -0.00011471416792701622 0.8135416372659998
1.4920044781062591 0.712142626080463 4985.191297523181 -0.00011471416792701622 0.8135416372659998
1.4738668629375011 0.6747923029117591 4068.011793596762 -0.0003179351001907893 0.6755125394405204
1.4232563909906717 0.674523775071282 4191.00942616497 -0.00021344774376522434 0.6534691139611345
1.4232563909906717 0.674523775071282 4191.00942616497 -0.00021344774376522434 0.6534691139611345
1.4560989413202852 0.6687173941701416 4933.912358791958 3.3129537102654426e-05 0.6908397221052027
1.2169418871770037 0.9931787380380283 4053.7916411643732 -0.00018416910076516437 0.47318637368496347
1.2169418871770037 0.9931787380380283 4053.7916411643732 -0.00018416910076516437 0.47318637368496347
1.3100106868346097 0.7211908319096763 4954.581654748849 0.00021593910954129065 0.7604122431420421
1.3915689877140394 0.7227215502888731 4476.5181467725515 8.210364902567646e-05 0.8392615081167581
1.1541031020999364 0.804743334734341 4197.159105879556 0.00030190527514516554 0.38695416787363596
1.314277572826759 0.7851592643100714 3993.3682367887213 0.0007665234345919045 0.5635517756779679
1.24264846403894 0.7670264719941168 4876.414759114313 2.4037278600370557e-05 0.6298609506154244
1.2184285002387967 0.7669953703562619 4459.674573943465 -0.0005704930259802234 0.4745751497781055
1.3984229437661688 0.6397653281442868 4901.926099822729 -0.0004056478285736443 0.5668228432571482
1.2051969497357646 0.8898432715503337 4690.228944350176 0.00023905903399800522 0.38979124720917924
1.2051969497357646 0.8898432715503337 4690.228944350176 0.00023905903399800522 0.38979124720917924
1.0216686314833963 0.7239783853687114 4837.074499272057 -5.1634923087930665e-05 0.24725141568182218
1.3005842008634063 0.7314437596174457 4625.185571723141 0.00022291239280284794 0.9945316175397733
1.3267130694242888 0.6659768833334435 4195.9388027756895 -7.378684084445274e-05 0.48193144280481703
1.3321891867681006 0.6452274355141557 4735.970390888802 -0.0002904130921838753 0.6266658435551602
1.356241591583637 0.6875894335804401 4927.311177924631 -0.0011586151732959143 0.8805086243116238
1.356241591583637 0.6875894335804401 4927.311177924631 -0.0011586151732959143 0.8805086243116238
1.3021865849193976 0.8139170089568054 4664.213717569421 -0.0004921777552365947 0.9145354520369675
1.3021865849193976 0.8139170089568054 4664.213717569421 -0.0004921777552365947 0.9145354520369675
1.1556877705208284 0.986070044471973 4410.563722977322 0.00011696908659932458 0.9480562904794899
1.058522970997128 0.8782731951367301 4994.869556236457 0.00022621783064600493 0.3895082214351436
1.058522970997128 0.8782731951367301 4994.869556236457 0.00022621783064600493 0.3895082214351436
1.3838761995449045 0.6580166006508543 4663.486690320892 -0.00014112358423310558 0.5199694032026775
1.3838761995449045 0.6580166006508543 4663.486690320892 -0.00014112358423310558 0.5199694032026775
1.058161532701852 0.7765762983448263 4702.562672330773 0.0002840393703430909 0.30026068930896926
1.1035238964674206 0.8254614346330944 4235.330209598508 6.670293122078321e-05 0.44305265355865503
1.2384508461796286 0.7208659691445852 4903.181722392023 0.00028082861797715545 0.6013434203042838
1.2878777265548706 0.7272844687104225 4910.144055783749 -0.0004743919230858296 0.7693440318107605
1.404881340615563 0.6920750883589567 4077.019255436656 -0.00010094826851876503 0.7815020751738275
1.2192146385645422 0.6965949503823985 4872.727773533156 -0.0004964648065467151 0.2911952118624892
1.1546120218216687 0.723516766274635 4692.3635795720575 0.00017419351309731494 0.4050705432505357
1.1546120218216687 0.723516766274635 4692.3635795720575 0.00017419351309731494 0.4050705432505357
1.2368042576404705 0.7083600678876639 4929.503436778735 0.00033148502016826855 0.6455509661186949
1.2012003056573939 0.9057145950353737 4622.527491950178 -0.00011707154016355506 0.6550160225799153
1.2035730415161088 0.8377628749438695 4130.720147722055 -0.0003617217879673123 0.3356947957205866
1.4334411116446284 0.7070801991937096 4199.564831270544 -5.612891726027014e-06 0.7562884683039087
1.4334411116446284 0.7070801991937096 4199.564831270544 -5.612891726027014e-06 0.7562884683039087
1.223393302729148 0.6509063329714455 4829.811270457997 0.0007088782818866379 0.4140948935000651
1.0589435380070156 0.8842281419922632 4910.266527900052 -0.00013808161185443444 0.3848352776438354
1.0589435380070156 0.8842281419922632 4910.266527900052 -0.00013808161185443444 0.3848352776438354
1.1996664013205607 0.8438148914266363 4783.10052618683 -0.00010716735755848645 0.5279117758139337
1.2995140656572652 0.8048161051583524 4206.539600615876 -0.00025605048525231046 0.87839871343621
1.3469436846915552 0.7313253646386533 4465.7927437259395 -0.0004825701670443004 0.8790914274859761
1.3226141589532565 0.6768745906699224 4463.080713061883 -0.0005533982398331204 0.7696693895100307
1.3226141589532565 0.6768745906699224 4463.080713061883 -0.0005533982398331204 0.7696693895100307
1.1941260271227407 0.9855890143477037 4549.376006982434 0.0002401677404353734 0.5357792814091519
1.3298628260686058 0.5958773738035965 4764.471444274379 -5.1894678710069464e-05 0.48765998046286224
1.1361866416648816 0.7326631471047813 4751.714035670178 0.0001104169219340782 0.20811419771236878
1.4017182272946078 0.705849461510721 4655.191558579979 0.00013079891004939606 0.8940415847927576
1.4017182272946078 0.705849461510721 4655.191558579979 0.00013079891004939606 0.8940415847927576
1.5156477801899655 0.6941987857458056 4835.587115335227 0.000537259865911965 0.8859535205438772
1.5156477801899655 0.6941987857458056 4835.587115335227 0.000537259865911965 0.8859535205438772
1.3059102314401572 0.657458678815116 4734.578654230518 0.0005841567198644716 0.5708278325330007
1.4106733748650555 0.7004547568093428 4570.49278001644 8.740319965736963e-05 0.8962844042588773
1.0688168614701996 0.9238056205069957 4937.03305395478 -9.783263638116732e-05 0.35557374989523166
1.1428670088522028 0.6841680377070767 4806.186779781625 -7.55929099212703e-05 0.22154221573406482
1.0462187080343113 0.7962662156299225 4978.992464608556 -0.0002896398487838543 0.3101645198779418
1.2780777874284497 0.9301708456237654 4536.734519646201 0.0007050706690975707 0.8750538426986083
1.1288821295884461 0.9639002049510602 4698.351334265043 0.0001641805444867411 0.39281941465296166
1.341111845044571 0.6971088630456543 4683.9258567495335 -0.00043174839550656476 0.7697273325079581
1.278641609348004 0.8225261908696944 4306.380024893445 0.0006300857473348222 0.48059546453544116
1.1132331254149217 0.8172493425500423 4924.918894797932 0.0003452598769307697 0.3440546190724772
1.4520062631950141 0.6380974517778528 4899.356728895588 0.00017716377550094784 0.5633102588320829
1.2286323594399626 0.7575810699013654 4642.974196823587 0.00011631195242395872 0.4469892752950184
1.2281761051864704 0.6961256895643256 4429.438942774553 -0.0004993437500633979 0.5843305219725452
1.4463754305299799 0.6513553921657848 4438.4029610138905 0.00040176341034168036 0.6494996550831567
1.161471605406343 0.9361810165462117 4907.5131736475705 -7.64351712187695e-05 0.4557528375373193
1.4501151429309935 0.7022877638054127 4970.807214300817 -0.00043847295103615437 0.8022832938011459
1.4501151429309935 0.7022877638054127 4970.807214300817 -0.00043847295103615437 0.8022832938011459
1.2831155644646404 0.7383456415159283 4873.158436606201 0.00045822816813869863 0.640983260719012
1.3560456487593524 0.7451901167034478 4142.098281865551 0.000430524192304482 0.6083318274342724
1.3560456487593524 0.7451901167034478 4142.098281865551 0.000430524192304482 0.6083318274342724
1.329675076089679 0.6719344190141253 4787.261989721732 0.00047229194240224354 0.7671932234159192
1.128273244666614 0.8589661750035203 4884.565874390016 0.000321221453953498 0.3386782335082772
1.128273244666614 0.8589661750035203 4884.565874390016 0.000321221453953498 0.3386782335082772
1.301901384105994 0.6817962271273946 4837.392256446805 -0.00031250318080302115 0.5171233586698354
1.2365467281046205 0.8632165609593305 4316.398260024562 -6.408535683456887e-05 0.6461473511115656
1.3024112998417294 0.6954352344614265 4515.124938053421 0.0002099014034540615 0.7640716392441113
1.2727122267128124 0.6904817184047047 4766.326944986853 -0.0009086189373519203 0.49935186437600476
1.2723178522832115 0.7359480150949054 4092.8236047282326 0.0003152772641091625 0.2689091257180254
1.2723178522832115 0.7359480150949054 4092.8236047282326 0.0003152772641091625 0.2689091257180254
1.2387127160045912 0.9730286550836992 4659.456104200322 2.4524550564498737e-05 0.5188292245260671
1.2791971608855583 0.7006094815953434 4743.033232660818 0.0002516203727322878 0.580484782088693
1.1954315359200671 0.9641770593200273 4931.131938558314 -9.671413546135552e-05 0.9363349900067302
1.1954315359200671 0.9641770593200273 4931.131938558314 -9.671413546135552e-05 0.9363349900067302
1.1763079203967197 0.9037667452712181 4905.935344955756 -0.00010638295573326605 0.6555687716995787
1.4126723892878619 0.6283916378264538 4958.721762674979 -0.00012907555012037022 0.5255535859901307
1.3976515958838793 0.7023213228783005 4404.251214829074 0.0003417971548571574 0.8328347313304371
1.3976515958838793 0.7023213228783005 4404.251214829074 0.0003417971548571574 0.8328347313304371
1.4180634079217098 0.6320572539962559 4995.500311327428 0.0005944127214487757 0.6146737774071274
1.1496897112680755 0.8070619843794263 4630.774279775911 0.00040082092980708314 0.29047489746904587
1.329093187245991 0.7048502015877043 4450.219416866213 -0.0003504050768873167 0.7963895215488801
1.056747551485516 0.8241531263796067 4772.577852054347 0.00033441056218002453 0.2997092670756053
1.472137319181706 0.7328484969727473 4164.247577288537 0.00019560363040401437 0.973085445263714
1.0847738012205865 0.7814052188392213 4498.077780892033 0.00028668818454645283 0.33181383040761236
1.0891185637974288 0.7642876276517793 4895.197980497917 0.0006163016211507457 0.22550352248914338
1.4046798677871744 0.6574579053356531 4784.102743720156 0.00011863809753922237 0.6868285199627586
1.4046798677871744 0.6574579053356531 4784.102743720156 0.00011863809753922237 0.6868285199627586
1.314255186884019 0.6755702310396232 4942.178909873403 0.00033793182852557153 0.6703427198953114
1.1751007977084373 0.9171774664618421 4236.8739584396535 0.0006275976358979867 0.44551885381154305
1.274847874786533 0.9549042678306398 4580.440788980254 -0.0004045022493151624 0.5057054325523509
1.274847874786533 0.9549042678306398 4580.440788980254 -0.0004045022493151624 0.5057054325523509
1.294042518517332 0.9824008954403571 4199.721017459813 0.0004321983910607462 0.7317220410163375
1.4734393007147153 0.674083619769839 4882.225058818102 -1.5742518805286454e-05 0.6775627745464059
1.1601140538415167 0.9872983502718713 4815.198812237393 -0.00021256623653524058 0.35894675804313486
1.1601140538415167 0.9872983502718713 4815.198812237393 -0.00021256623653524058 0.35894675804313486
1.2688985980622929 0.8608870212411988 4371.232040197332 0.0001327784976086205 0.6899462761780298
1.3720604835053 0.674083978508463 4953.575658408939 -0.0006158143532227322 0.7096855840978803
1.2128040715104254 0.8678229141471951 4963.553763131183 -0.0004447107690350566 0.8189590312354893
1.1948822425157282 0.8635862180491987 4562.6273901951745 0.00021544003998331528 0.8786454709596341
1.2590810196162645 0.878562194632622 4210.90929687946 0.00014317746388746344 0.710524516865587
1.2590810196162645 0.878562194632622 4210.90929687946 0.00014317746388746344 0.710524516865587
1.3294296094915932 0.8164996010238803 4813.855057799553 -0.00034525065975148084 0.8946416424937994
1.244462942312213 0.7070213645062833 4740.143573493101 -0.000540841412930322 0.704283946285506
1.244462942312213 0.7070213645062833 4740.143573493101 -0.000540841412930322 0.704283946285506
1.155591471981857 0.9763764253147441 4872.547187141444 -0.00034781280897941224 0.45401099233343356
1.245187560119457 0.9011005752721281 4933.990250349362 -0.00030440569747855765 0.6573428097902381
1.109927593056716 0.7614052009538912 4651.2947246157055 0.0006166290432979732 0.25917381430174785
1.079818155496016 0.7026405955196929 4865.851462346955 -0.00012244294557889226 0.19701640964059391
1.4993599428094502 0.7269144487672918 4984.006647713899 -0.0002565219726008626 0.9946327267881165
1.4993599428094502 0.7269144487672918 4984.006647713899 -0.0002565219726008626 0.9946327267881165
1.2432628407292685 0.6421254658375284 4498.136666573909 -0.0003324777585646421 0.5271547575433041
1.2432628407292685 0.6421254658375284 4498.136666573909 -0.0003324777585646421 0.5271547575433041
1.2389209179956615 0.7159030432341283 4395.113142014115 -0.00024341508815283223 0.27985405197859414
1.3488554424192034 0.6629075315484921 4896.320683979937 0.0004041365948279757 0.653644949999726
1.2025636206877617 0.8050132719789002 4316.3447809346 -6.899975336582077e-05 0.40556345308585784
1.2025636206877617 0.8050132719789002 4316.3447809346 -6.899975336582077e-05 0.40556345308585784
1.1364950515987373 0.6939309337953645 4195.495963743492 0.00045463975975604465 0.2078769404321993
1.2530003200401034 0.7641575862890158 4271.1605752162495 -0.0005081787674749616 0.29882211054003494
1.2315490451823552 0.799175071523062 4271.141420613701 -0.00020811275465743747 0.3183748326723451
1.2315490451823552 0.799175071523062 4271.141420613701 -0.00020811275465743747 0.3183748326723451
1.2301067163983088 0.7262837970167498 4519.740457620099 0.00043221189870887555 0.4390485131438028
1.1712585182278403 0.916932821224202 4829.584800782554 0.00021806664370461768 0.6781229471012898
1.4357355597154422 0.6628262850081754 4572.16092113364 -0.0003210652606505224 0.6761211485680865
1.2500290762865833 0.9263665678181939 4492.621331544103 8.196289690534196e-05 0.5306713700662657
1.3294445578987273 0.6642705404802872 4668.993958437305 0.0001286057298221274 0.49328364242849976
1.3294445578987273 0.6642705404802872 4668.993958437305 0.0001286057298221274 0.49328364242849976
1.3216544787037638 0.6741858826783775 4991.234589600626 0.00022591918533658017 0.6646250965452167
1.529379314763212 0.6219510735077891 4853.671367082994 -6.264266180400624e-05 0.5688857748449895
1.0786488149952953 0.9290066154760765 4767.950972077129 0.0008042740796213725 0.4179361490687017
1.082278536753276 0.8591816303348261 4539.1664671095095 0.00034524457846420837 0.39308887734585807
1.211775568234073 0.968319624895616 4605.493944594394 -0.0009873808022905647 0.6620957102977556
1.211775568234073 0.968319624895616 4605.493944594394 -0.0009873808022905647 0.6620957102977556
1.2810894506319428 0.7185537683076584 4704.363612180634 9.046088381642591e-05 0.6208312452719078
1.2558478629375731 0.815137510222522 4618.565221102563 -0.00029636393153020265 0.43818049453274793
1.2558478629375731 0.815137510222522 4618.565221102563 -0.00029636393153020265 0.43818049453274793
1.0359910708385591 0.8106528684043731 4741.214347945636 -0.00042021390632384286 0.30094735610428025
1.2162444970557333 0.7912119503661572 3956.945710101339 -0.0003480814215848998 0.29591558324434075
1.2558153878959604 0.7445468723916209 4781.054146233193 0.0005509363787687708 0.8961453635467964
1.0788992435138918 0.7988518655907896 4820.725677847051 0.0006895083033314916 0.2938907161321408
1.2888458370398987 0.7252229408491743 4483.9174988354835 0.0006632447731820058 0.888466716268504
1.3866339191224228 0.6777053474594364 4300.410317596284 -9.147020529614439e-05 0.484183083710416
1.1337254829314958 0.8291590634998495 4105.444287459118 0.00033227329959362786 0.29541754552616395
1.3629118015358332 0.7264509226985962 4727.414830844904 -0.000732029919098122 0.8310157206591897
1.260404204461275 0.8414497269005383 4306.817110309825 -0.0005384484355102149 0.6330920777270573
1.0834564813075382 0.8668584593741023 4793.558295724901 -2.3016665996950508e-05 0.3941544344106335
1.0834564813075382 0.8668584593741023 4793.558295724901 -2.3016665996950508e-05 0.3941544344106335
1.279356897731016 0.7212536125095157 4699.358653040666 0.000354735423617744 0.6992934621527829
1.2642657880071297 0.7674872041510022 4718.04442969038 -0.0006224472190395981 0.7147288915589686
1.2642657880071297 0.7674872041510022 4718.04442969038 -0.0006224472190395981 0.7147288915589686
1.2541204227620528 0.6482126290887293 4920.775249760917 0.0002490591051244719 0.3923933795094833
1.2310630909761318 0.8804320636138045 4395.249598386325 -0.0011765022088192692 0.5499242333713938
1.1585967222031084 0.8871885902130034 4751.327703116786 1.1120657595825712e-06 0.406368850699394
1.1761869819810027 0.8590973844531886 4967.994553119469 0.0006571622634712859 0.5613116564009839
1.1761869819810027 0.8590973844531886 4967.994553119469 0.0006571622634712859 0.5613116564009839
1.3511274677462755 0.7023541517456467 4941.8101958842935 7.194984799860997e-05 0.9031672858753289
1.2538532075354858 0.7975725426597992 4013.0760189128164 -0.00037987321175762383 0.49499221525928183
1.2538532075354858 0.7975725426597992 4013.0760189128164 -0.00037987321175762383 0.49499221525928183
1.3924322168727696 0.6766036894383192 4960.15046472212 -0.00035610059721988556 0.6363110120386724
1.1748142272810946 0.8518619223313115 4704.282720538819 -0.0002453098721550433 0.48870889219715075
1.4809439950319006 0.6700375907857876 4259.172638079581 -0.00018842289563891817 0.6501050313038244
1.2251838437665985 0.8592156722699319 4700.759673001116 7.833322697154996e-05 0.5107367624128173
1.0034534218266353 0.6842430963049922 4941.206413683021 -0.0004487059415097928 0.1892150643653378
1.2106533124093994 0.8036919011294053 4570.155744987502 -0.00023196779674136347 0.4829492843033981
1.2106533124093994 0.8036919011294053 4570.155744987502 -0.00023196779674136347 0.4829492843033981
1.1115192615761031 0.7656273131566603 4675.518559549089 0.00027279987790348206 0.2600183032777916
1.2368771756782342 0.7454659521116441 4905.819356249707 -4.126632849682828e-05 0.39823549608673403
1.3996891841164147 0.7063842601427448 4602.628783050103 -0.0003055884175597584 0.9696651251532051
1.254909183452191 0.8526053086535043 4421.710281723727 0.00014060853545021354 0.776379269108374
1.254909183452191 0.8526053086535043 4421.710281723727 0.00014060853545021354 0.776379269108374
1.269139482204513 0.7559375753823935 4893.111188451923 -0.0005585326075518082 0.943370995200079
1.1202074779810642 0.8097834749068438 4138.551860946501 0.0006382351859698886 0.47227808750251793
1.3142733758593526 0.6649660876912458 4868.301161048379 -0.0001944058503154053 0.7291959732766503
1.0726584082294874 0.8469862107760227 4896.656146351135 0.00018589456584584553 0.32735957321440984
1.1155394651759423 0.798064242487077 4819.0245478267425 -1.3539130623926604e-05 0.28739923207294354
1.1155394651759423 0.798064242487077 4819.0245478267425 -1.3539130623926604e-05 0.28739923207294354
1.2426630684937292 0.6282972495024381 4456.357738478371 0.00014571001715975898 0.458795857172186
1.2426630684937292 0.6282972495024381 4456.357738478371 0.00014571001715975898 0.458795857172186
1.2718668856910202 0.8679068140088405 4774.348124884999 0.000307808259333996 0.3943733346558369
1.2718668856910202 0.8679068140088405 4774.348124884999 0.000307808259333996 0.3943733346558369
1.5390485234124576 0.6816118764029971 4709.023239513238 9.5448887284013e-05 0.6449080240599425
1.5390485234124576 0.6816118764029971 4709.023239513238 9.5448887284013e-05 0.6449080240599425
1.2387187701169322 0.8838845944812486 4709.168559172462 0.00029402038147831295 0.3779736139665525
1.1183541047457133 0.8580687116676097 4734.206069245059 0.0006193576357742208 0.4282005907417678
1.1183541047457133 0.8580687116676097 4734.206069245059 0.0006193576357742208 0.4282005907417678
1.2083277671369672 0.9417451611715928 4872.0750663686595 0.0001356155043675118 0.4955360203033491
1.2083277671369672 0.9417451611715928 4872.0750663686595 0.0001356155043675118 0.4955360203033491
1.3046644096739475 0.6979229750190632 4976.806880808707 -0.0010788910772277273 0.7735939316728256
1.4196897111903022 0.7059740800951164 4951.374225617746 -3.209609158414002e-05 0.9804369651515826
1.4024575163943103 0.6571340793327223 4992.070880172538 0.00015576998890222133 0.5453114251933018
1.4024575163943103 0.6571340793327223 4992.070880172538 0.00015576998890222133 0.5453114251933018
1.2100180636219546 0.7902816189001963 4553.493538380586 0.0006216648077635343 0.48186188397335855
1.2100180636219546 0.7902816189001963 4553.493538380586 0.0006216648077635343 0.48186188397335855
1.4605690317294249 0.6525437059212795 4136.837382603707 1.4023224571133378e-05 0.5951235016023886
1.5337930002796298 0.6934801264079561 4930.807903684522 -1.7346747587418748e-05 0.8583750039574158
1.2579694768108487 0.8972834759950853 4751.94196680057 0.000307592705438269 0.5307527996303518
1.130891794967449 0.6888268339775709 4923.099894182128 0.00042510338617347555 0.224882349362532
1.1236106698700377 0.7869719971112784 4425.121384915767 0.00029147346705177133 0.301563183302111
1.2897369464505277 0.7105500917656771 4779.053472872075 0.000576326283009265 0.537388772299674
1.4653624985002098 0.7013340176622959 4747.789535508557 -0.0002706788895177909 0.7645954766361283
1.4653624985002098 0.7013340176622959 4747.789535508557 -0.0002706788895177909 0.7645954766361283
1.179697485769962 0.8294888120363185 4384.959018479973 -0.00026174736927919473 0.3164415280143052
1.2319295372690795 0.7819615176471213 4284.633993520536 -0.0006475413703589353 0.5247039121787326
1.1666052339124011 0.7198235197805912 4993.6194587898035 -1.2567397353644175e-05 0.2559046178779405
1.3692027898399672 0.679625155794054 4960.503821217165 0.00019938779803353675 0.5776376549124834
1.2242273925215335 0.7440198800725482 4911.667417820483 -0.00019150324852843382 0.2698023017310677
1.2242273925215335 0.7440198800725482 4911.667417820483 -0.00019150324852843382 0.2698023017310677
1.179128275847231 0.92815905696502 4872.52481800141 7.398825605382807e-05 0.3989483481537439
1.0758531564764617 0.8753579593845631 4727.288913177676 0.00016744645257085207 0.35092196689896815
1.2906860446425925 0.8892107767191718 4304.364696929072 -0.0002601502584114294 0.5450941742679729
1.2906860446425925 0.8892107767191718 4304.364696929072 -0.0002601502584114294 0.5450941742679729
1.1116042738706793 0.8285610431073595 4850.082188287948 0.00047330230262478666 0.33612451439463176
1.3952769965937226 0.6888333766840481 4751.9010635507875 0.00016677132515419826 0.6293821657141159
1.3952769965937226 0.6888333766840481 4751.9010635507875 0.00016677132515419826 0.6293821657141159
1.307154106058254 0.7260731797701021 4892.600862683222 0.0003562754024274347 0.7413672058889818
1.3049804901655935 0.7001080801791006 4876.50863027713 8.487927322715817e-05 0.6472785295153036
1.3147568746049427 0.7619558012105844 4187.155248015123 0.000270987452792248 0.9567330088514695
1.2071829508930974 0.7226910466458751 4068.29373601607 -0.0005557399256798497 0.3199735375924666
1.2825974227840116 0.7744786515327934 4135.985833040806 -0.0008026720833039565 0.3843412544038496
1.5061269998550415 0.6872137188911438 4969.8247092962265 0.00038524196566324493 0.7273446321487427
1.1412986645136303 0.7425925074681002 4629.615008859366 0.0004986322520152558 0.3084639523500572
1.2275784901830118 0.664483921390134 4934.819934957753 0.00040032967585340454 0.35098975082427664
1.4623165267718694 0.709754575513039 4650.105522389675 4.58992244900882e-05 0.9929086621181404
1.4037649709192106 0.6156961561558216 4992.117778891511 0.0004055622909260342 0.5321630858137656
1.4037649709192106 0.6156961561558216 4992.117778891511 0.0004055622909260342 0.5321630858137656
1.2239503245779215 0.7220569786093476 4768.389613594876 0.0007327990554001991 0.5343607188073545
1.3871559230369876 0.6408350607979764 4986.612547364837 0.00023096903025881168 0.590098169182836
1.3871559230369876 0.6408350607979764 4986.612547364837 0.00023096903025881168 0.590098169182836
1.3389257070698974 0.7177328997796318 4182.569513343321 0.0006607810510846949 0.9471239901201823
1.3389257070698974 0.7177328997796318 4182.569513343321 0.0006607810510846949 0.9471239901201823
1.473488848948758 0.670495903502629 4511.081354877139 -0.00041035676987479343 0.6610012419755267
1.473488848948758 0.670495903502629 4511.081354877139 -0.00041035676987479343 0.6610012419755267
1.2653476133219794 0.6853571472362557 4670.419085355269 -1.705226737770917e-05 0.6393400749618339
1.2653476133219794 0.6853571472362557 4670.419085355269 -1.705226737770917e-05 0.6393400749618339
1.4036630355633375 0.6455590223373933 4721.449418773716 0.00016837524712584907 0.5933665489150434
1.2320184917551251 0.7092037309672374 4556.107924172054 -6.568532039906763e-05 0.5547412969427659
1.1343868770128482 0.7981096958017477 4805.126864365983 0.00022215203003446142 0.35375686183053057
1.110250144930269 0.797004951435093 4876.994392255043 -6.674533439470643e-06 0.27121714379981193
1.110250144930269 0.797004951435093 4876.994392255043 -6.674533439470643e-06 0.27121714379981193
1.2689551481098746 0.7499069808856237 4736.882335423008 0.0005810875053972667 0.7081411312156759
1.2689551481098746 0.7499069808856237 4736.882335423008 0.0005810875053972667 0.7081411312156759
1.3182499147593363 0.699749622622181 4437.751589989677 -0.0001752380111172888 0.8865872273556136
1.1802296410982869 0.7521181719666499 4818.887724540596 0.00031748664389778 0.29163749674041584
1.1356846566614744 0.8755776840204782 4713.470700219862 -0.00024825344907348417 0.42884719313893405
1.370584848328862 0.6886862090385839 4927.1889450098915 -0.00024309194117503143 0.6373013192281831
1.370584848328862 0.6886862090385839 4927.1889450098915 -0.00024309194117503143 0.6373013192281831
1.2386513816645623 0.8553802935245188 4525.171335066106 0.0003292503772929483 0.8864305596107862
1.104015646254244 0.7791900781868975 4552.216728272697 -0.0005626618085740751 0.2597353417808912
1.1622805241940852 0.774864955463985 4224.585716581059 -0.0003962967896799579 0.2602353714255147
1.3131855693272274 0.6958517290312465 4781.04450870891 -7.647944732096244e-05 0.7422817341294387
1.3131855693272274 0.6958517290312465 4781.04450870891 -7.647944732096244e-05 0.7422817341294387
1.0820982088064646 0.9241865901748157 4683.699622341673 5.132213441690138e-05 0.3942046447578847
1.2459016298432026 0.7348034654434734 4755.507150815566 0.0003658896613556664 0.31086678759320563
1.3149531452632912 0.6933252742582787 4925.534876502601 0.0003612131109265944 0.6320899581774462
1.3149531452632912 0.6933252742582787 4925.534876502601 0.0003612131109265944 0.6320899581774462
1.101537529115592 0.8200478228789977 4512.238714405555 -0.00037107012122012864 0.32801754864474303
1.101537529115592 0.8200478228789977 4512.238714405555 -0.00037107012122012864 0.32801754864474303
1.3005245564287962 0.6678005800822768 4894.193208374449 0.00047498920863078234 0.6818186005861244
1.3008159271882067 0.8683905727331072 4096.457722264033 -0.0002466203850538924 0.5436333444231025
1.0179442105896066 0.822458705808627 4663.7576104572945 -0.0004665871879157121 0.3478625323431775
1.3345005703160548 0.6705129649949513 4778.83907917028 -5.710801990154978e-05 0.6475105226728997
1.1893232412644947 0.9411174598775142 4991.433522715123 -0.0008835628514698982 0.5511758081904785
1.1893232412644947 0.9411174598775142 4991.433522715123 -0.0008835628514698982 0.5511758081904785
1.056702261682453 0.8432497864142179 4652.782508195483 -0.0002131881212689249 0.3214603526428155
1.421929410486585 0.6142166021628909 4910.337828856938 0.00016460389751416236 0.4934002229840347
1.2306191978205938 0.6567412387245274 4816.042905903791 -0.00015414278744185983 0.4467373843205525
1.4973189582686857 0.6774420487160925 4306.229518413387 -0.00017211568938387098 0.6161698789663965
1.1832466155641623 0.9129167402504558 4562.716425097076 -0.00032969972680553994 0.8968544780271253
1.2234389812092543 0.9108824745822659 4052.2188790946616 0.000692481827275981 0.7623764233171793
1.2424096491753922 0.7509496616314366 4549.434762687677 -0.0004261110593287054 0.3375949980014919
1.005387359067861 0.702077182028128 4904.424141251358 -0.0004175219211883551 0.21556872313041842
1.216396457204799 0.8399238133137489 4531.27899913349 -6.40054220708629e-05 0.4311506517182941
1.2257644544016557 0.8625365346815833 4791.649800547554 0.00013621841237700105 0.667091987911166
1.2257644544016557 0.8625365346815833 4791.649800547554 0.00013621841237700105 0.667091987911166
1.2181502454206 0.705158573973906 4259.6013407499895 0.00048680553172425305 0.2748062571099166
1.4916783100628654 0.6641323956774514 4669.031740697655 0.00035032013690508844 0.603036918864507
1.285168207484425 0.7486385705101917 4046.703884642281 0.0004205980538880755 0.5562149201841455
1.165289665911689 0.9584126831492299 4636.184624556301 6.982480251134518e-05 0.44219357926290886
1.1665069443371308 0.7341757919812398 4836.346261329454 2.523364430063934e-05 0.2807006139475655
1.1665069443371308 0.7341757919812398 4836.346261329454 2.523364430063934e-05 0.2807006139475655
1.4229651893043553 0.6983883529054306 4773.834979975073 0.0002688877327071162 0.7872246324786569
1.3922869682312013 0.7051383927464485 4503.922440648079 0.00011757608136939575 0.9480351209640503
1.374021051071411 0.7039065570613143 4623.282449626163 6.481536279444185e-05 0.7793926176064578
1.2475898163259869 0.6942379843380837 4910.588402015787 -0.00024196380037464835 0.3308303479532617
1.2475898163259869 0.6942379843380837 4910.588402015787 -0.00024196380037464835 0.3308303479532617
1.3924040268981779 0.7152005428596158 4868.5887742998575 -0.0002705669928426822 0.853032912124017
1.277817541174215 0.757974561622025 4181.494066549712 0.00020248039109428546 0.5133148553175534
1.3953983789820141 0.6881372855185306 4874.561275901183 -0.00042170606615308197 0.6730267123787779
1.3031946788717743 0.7099533690955673 4120.52084582522 -0.0005436765314612748 0.31859736188179144
1.3031946788717743 0.7099533690955673 4120.52084582522 -0.0005436765314612748 0.31859736188179144
1.2576527151233612 0.9884461351447191 4193.262372532129 6.28699000125491e-05 0.8193093046247308
1.0587115015672641 0.7051151753011827 4865.774641652525 0.00020686397786360465 0.21492568364887948
1.1242198388763938 0.7272142460180829 4262.640124628914 0.0003720306246304315 0.25169871657285586
1.5719838052085138 0.6525625176060666 4773.26228628236 0.000380009751703375 0.598749886977223
1.3702284170559316 0.681826609259805 4901.953634510097 -0.0001298937767988422 0.5777716068735953
1.3547335121694297 0.7129407362720628 4984.466893848208 -0.0003761335001692851 0.7026695447720106
1.3547335121694297 0.7129407362720628 4984.466893848208 -0.0003761335001692851 0.7026695447720106
1.2877442330393314 0.7653145328454707 4193.722600121632 0.0008850353544232423 0.48438868484307007
1.074880838702684 0.8024360474270456 4861.995069054843 -0.00018547025785745972 0.3307692857441976
1.3444563166482166 0.7094741063641825 4757.894616556725 -0.00041866711778760113 0.7965860341493454
1.5193569587691869 0.6662171946370252 4810.552081209366 0.00035038780478950724 0.6889606163642507
1.1378656039487605 0.801985909891099 4404.4200894770065 0.0005263319696735151 0.3200240333348837
1.4186428563904752 0.6579664397100217 4362.8778938809 -0.0002886983860879703 0.5615096406572406
1.4186428563904752 0.6579664397100217 4362.8778938809 -0.0002886983860879703 0.5615096406572406
1.0818388537614565 0.9191436471854462 4898.114262220735 0.0002446745591795534 0.413890629210938
1.0818388537614565 0.9191436471854462 4898.114262220735 0.0002446745591795534 0.413890629210938
1.255335070226598 0.9853174016217373 4581.3981113332275 8.945121711034229e-05 0.6499566771171453
1.038139322737589 0.7218089829251129 4981.95544218443 4.3430927424629256e-05 0.20600189893459225
1.038139322737589 0.7218089829251129 4981.95544218443 4.3430927424629256e-05 0.20600189893459225
0.9848783039127299 0.715841511147787 4730.604656106588 0.00022395393104404296 0.21326706517169713
1.3123144138686444 0.6981161782179882 4971.276844687915 -0.0005216181689132795 0.7024993479368002
1.3123144138686444 0.6981161782179882 4971.276844687915 -0.0005216181689132795 0.7024993479368002
1.2052656594947875 0.9403295477796565 4136.235019577253 0.0002374426757547542 0.7659303405966831
1.0786215054016206 0.7638768774765428 4821.839165446794 0.0004358545867516999 0.27962810894629136
1.1676576880201208 0.7850749112348473 4211.763002378525 -0.00025710113422308217 0.30339200165089614
1.1676576880201208 0.7850749112348473 4211.763002378525 -0.00025710113422308217 0.30339200165089614
1.0320388741337814 0.710181880070271 4921.08784290102 0.000850805375171632 0.21471829932973144
1.4317430785286756 0.6954784638846829 4877.370413423035 0.0002062844240065309 0.6981320414742491
1.4317430785286756 0.6954784638846829 4877.370413423035 0.0002062844240065309 0.6981320414742491
1.2840808629989624 0.9179478883743286 4126.930231511593 -0.00024449026541659635 0.9136108756065369
1.3413982895644954 0.7350251923073655 4878.600006596138 0.00018027015944048028 0.9325438228205682
1.2277724450011294 0.8737667402693114 4476.620285439646 -5.198392181628066e-05 0.5550236693140931
1.144905850597711 0.9028972444709096 4631.667845375615 3.364395926203843e-05 0.5375290287915023
1.2786759628706443 0.876649710273414 4864.861525898022 -0.00019821026406872797 0.5532390803066266
1.2278643353692669 0.7747984047986382 4541.993608197018 0.00031904722938886195 0.9782223361505539
1.3142425464547094 0.6731898568259362 4997.51653291959 -0.0006065347567118442 0.5845778142698212
1.3998226510592215 0.6610191765490048 4498.47222346976 -0.00016776626370456024 0.5636933959382522
1.245405448472218 0.7960893709992736 4955.337555350871 0.00027614326380235774 0.46308772795396264
1.3032212885556196 0.668272163976099 4979.255622888764 -0.0003471223833526294 0.6338595790374282
1.3032212885556196 0.668272163976099 4979.255622888764 -0.0003471223833526294 0.6338595790374282
1.5374075772557863 0.7173009556743266 4598.1711041500175 0.00049386880206926 0.922533390157845
1.2328800013367847 0.6632866830533566 4912.7259717514735 -0.0002927413212339542 0.5944762540351025
1.3178254338265583 0.8128436426421094 4802.810634285496 4.2951177072444085e-05 0.5787761730540942
1.223454960010685 0.9063783355396864 4193.034949442233 0.0003194420097754398 0.5582508845190963
1.223454960010685 0.9063783355396864 4193.034949442233 0.0003194420097754398 0.5582508845190963
1.2364641013029078 0.9237944188244707 4664.573284924558 0.0003046683362821085 0.7781938815847225
1.0686757450468027 0.855967779892652 4994.4360536109 -0.0005988713141638608 0.32724025163697634
1.2297572302377016 0.7879221939806682 4816.194457533989 0.00010802463081892473 0.8613395019349921
1.2297572302377016 0.7879221939806682 4816.194457533989 0.00010802463081892473 0.8613395019349921
1.409272888829424 0.7318227679959969 4597.143127596912 -0.00042750956836549954 0.7191787480811662
1.2056750643690464 0.8720362582331476 4302.395883192912 3.752481770958854e-05 0.6181086186243723
1.0783789595688729 0.831628944736081 4262.18425648392 5.106345652733099e-05 0.33346318924711155
1.2383811790627788 0.9216403482735681 4549.9629705908055 -0.0002802986238866462 0.9228702470479286
1.3199750560639383 0.6796634845078462 4992.102107895828 0.00022286439016443383 0.6995661621656826
1.4284846156620752 0.6961273008618014 4982.764088785788 -3.51156385402868e-05 0.7433005036845844
1.2423307789386464 0.6718167444014442 4491.148629462398 -0.0004236710476436292 0.2875875753846908
1.4796728458620705 0.6704524739023555 4650.341995629308 -0.0003180458353096825 0.6641750869479908
1.4796728458620705 0.6704524739023555 4650.341995629308 -0.0003180458353096825 0.6641750869479908
1.521102988782435 0.7221906126821778 4424.40956619462 -0.00034396815547143786 0.9839523207474041
1.4106578342677059 0.7073649828555406 4695.437615693272 8.15680511367412e-05 0.8637534835711522
1.1231749396832318 0.7100598830261428 4876.429418945243 0.00038180325597109816 0.24059846644224195
1.3308365232216772 0.7404260518602951 4824.083572859767 -0.00036879202267509726 0.9004213994294457
1.3308365232216772 0.7404260518602951 4824.083572859767 -0.00036879202267509726 0.9004213994294457
1.4621970433044384 0.7101575980737205 4707.699961430206 0.00012846011905884107 0.9352306514138058
1.3100935218937502 0.6633846950573744 4892.294069476559 0.0005874335425512409 0.6415946260863794
1.113667752573279 0.7982806321812613 4269.591457944203 9.09664650959649e-05 0.26799187469979635
1.3222307740571284 0.7085175668899816 4588.406640833868 -0.0007894067104826686 0.8709777357699915
1.5495964851292445 0.7043365202968286 4803.5435708123905 1.111107703612994e-05 0.7763614299181153
1.230622493094468 0.7293602691842531 4573.707305539955 -0.00013834934349290804 0.594005912496052
1.302212160932907 0.653206967709986 4824.442468415928 2.007108268713945e-05 0.496295021952618
1.1242123080974054 0.7216291393446393 4866.635432562611 0.00025270657054324096 0.30180394034414826
1.2078433577541894 0.953525626606713 4324.982532560894 -0.000230086926524355 0.4206350042853062
1.2078433577541894 0.953525626606713 4324.982532560894 -0.000230086926524355 0.4206350042853062
0.9945728724254304 0.7415174635301156 4989.927206846186 4.5467310696358564e-05 0.21638177972058723
0.9945728724254304 0.7415174635301156 4989.927206846186 4.5467310696358564e-05 0.21638177972058723
1.2882516934134614 0.7619228102118588 3992.3204877879552 -0.0002512588840091943 0.48218656339485194
1.3546379650981146 0.7118652704632077 4958.122631559179 -1.7782127182775233e-05 0.5134338462680074
1.442244384278719 0.7093096991712246 4943.456230942274 0.00026846953067807946 0.9636534222701655
1.442244384278719 0.7093096991712246 4943.456230942274 0.00026846953067807946 0.9636534222701655
1.3930314205338203 0.7074354348424392 4838.986212669403 -1.3678353922446734e-05 0.8533249615088698
1.3132346341873329 0.727665801883569 4982.57586704202 6.110736870954313e-05 0.5253089064161911
1.4777238298483901 0.6953168827703531 4490.287973026057 -0.0001281438117470887 0.8719546437238782
1.4777238298483901 0.6953168827703531 4490.287973026057 -0.0001281438117470887 0.8719546437238782
1.157299313748462 0.902631546827427 4605.100757643083 0.0008343493912132779 0.4931320711202204
1.151168143405632 0.7490253007216925 4929.798424259131 0.00019044207900341487 0.4769138315157529
1.013999513145724 0.687962503034991 4752.780428847729 0.00012387355876709172 0.2047899071383678
1.1780466746410296 0.8571756937484638 4829.195403394008 1.0684544214624584e-05 0.5639654412592147
1.1738187330419851 0.9506879062890815 4806.995247986163 -0.00017982004453691007 0.43441400027739746
1.349395891832729 0.7389865833660618 4703.963372265202 -0.000523029269088687 0.9276883881972389
1.0929447764078675 0.7929719861404266 4862.545980521109 0.0005133374953194113 0.30225245587284744
1.0929447764078675 0.7929719861404266 4862.545980521109 0.0005133374953194113 0.30225245587284744
1.4497898017100799 0.6966324057041152 4679.599509805133 -6.326430671690973e-05 0.8860810969149979
1.4497898017100799 0.6966324057041152 4679.599509805133 -6.326430671690973e-05 0.8860810969149979
1.218389648651121 0.7785406910216083 4988.258768035505 -8.347769827516455e-05 0.4882154811570606
1.1192008158404314 0.7232746095277314 4698.449771756374 -2.9434277186630748e-05 0.24013095223002343
1.3631216953113348 0.7296339656186659 4539.712346626186 -0.00044645939403139433 0.9936125152431713
1.3631216953113348 0.7296339656186659 4539.712346626186 -0.00044645939403139433 0.9936125152431713
1.3451111593544396 0.6841176515869389 4501.448887143446 -0.00048613276539944246 0.6535573290915978
1.2129734485124606 0.7928854276286411 4604.040511454003 0.00014126811196109432 0.35074972495757467
1.3277153773599373 0.7513935401523244 4848.354922586879 0.00024370718581757377 0.9893452381111005
1.2058087524535783 0.8898787660716463 4639.0581257078165 1.9581676440539244e-05 0.5129207381752912
1.1770843362384569 0.7652990866484249 4503.998700468649 -0.0007768252608073208 0.3635803612829689
1.147195181146654 0.8233653948243415 4290.247911895778 0.0005153994479418799 0.4369223966645337
1.485111243314306 0.6900582099386937 4991.867813440437 -4.7999217947558146e-05 0.8607617059357388
1.485111243314306 0.6900582099386937 4991.867813440437 -4.7999217947558146e-05 0.8607617059357388
1.2445589800230976 0.9218058204991685 4065.2252389948358 -2.9327995447478647e-05 0.4875630483389144
1.2445589800230976 0.9218058204991685 4065.2252389948358 -2.9327995447478647e-05 0.4875630483389144
1.0115282097942357 0.7129555610819454 4872.086114879555 6.96342480488389e-05 0.22923132931289197
1.324473866371612 0.7304056427531487 4835.690888680615 0.0006575356910918796 0.583767706986632
1.170519470606413 0.7930358037903243 4308.059457348098 0.0005430453834978177 0.37751434380126947
1.227184120616787 0.8121403138332587 4871.153924221305 0.0006210124319187599 0.48690845949316514
1.2115624437929209 0.6960447226439799 4998.180573618061 -0.00026672732297276184 0.27612383526096773
1.3028500868274686 0.756029858031366 4536.856263729762 0.0007760172376851312 0.4594599291356095
1.3028500868274686 0.756029858031366 4536.856263729762 0.0007760172376851312 0.4594599291356095
1.2939351611732088 0.8208048107550092 4741.8490569850155 -0.00038186408913649033 0.8060980581259725
1.106535577714579 0.9656644551897225 4644.647737256267 0.0007013810202085115 0.4450704487382901
1.2769293130339778 0.771284424035395 4878.932263136592 7.373260900634228e-05 0.6006790288012441
1.2363175623820961 0.705088480426262 4199.328072884095 0.0004037638573596615 0.20711814559524414
1.3791300973520708 0.6704157513243134 4500.301407386875 -0.0006155088884860392 0.6950945441121374
1.202074492023923 0.9601475536843327 4679.157485055198 -0.00036065685135910366 0.6498533361713144
1.2308144577703235 0.8193042873810514 4256.835559162421 0.0004911942843456698 0.39271030200222257
1.0034225330231286 0.7286244007580925 4677.81935790806 -0.0003659403202363564 0.23686677867951053
1.1848195273766036 0.8622912370360867 4819.166357471829 -6.923259133686092e-05 0.777638180838049
1.2726197684240321 0.7716547137253561 4805.831535215802 -0.0002407136256631494 0.5627682166283365
1.3978755568406953 0.7395376046969713 4257.896036769949 0.0002498388929592284 0.9001555281816338
1.2335299530631099 0.7137501617966451 4867.483143419491 -0.00029076475810905974 0.6462667977929286
1.2140033493889093 0.9609172065914321 4524.5238596198915 -2.304358204254678e-05 0.6449231544988103
1.2140033493889093 0.9609172065914321 4524.5238596198915 -2.304358204254678e-05 0.6449231544988103
1.0031486253590922 0.8000967858246021 4954.368392237153 0.00040029692935881887 0.27979494694705886
1.178604061693111 0.745854145238365 4710.012398856756 0.0007981389815286462 0.29488850150885865
1.1138560279000984 0.8343909188494855 4581.135179383319 -6.892149440219263e-06 0.3209820684665682
1.1959762280324022 0.9313633431114108 4850.743262984131 -5.148769392055628e-05 0.4254572409620012
1.2062603828165717 0.7159601266022351 4705.32660935856 -9.700160637291507e-05 0.5012389231533732
1.198703962101661 0.6722903596042125 4805.171012690237 -0.00020640935452443965 0.22710185444809838
1.198703962101661 0.6722903596042125 4805.171012690237 -0.00020640935452443965 0.22710185444809838
1.098838493396808 0.8119916755303658 4562.19514360587 -0.0003294390348251734 0.33801921857874695
1.0727103286452944 0.8146472731331483 4677.980812522564 0.00040083039777040263 0.3406718720829912
1.297764989555498 0.9070854676536618 4229.074468842486 0.0009538452868668387 0.6775073426882754
1.1976086870416116 0.7333147979866848 4445.520795090296 -0.00016991218257613342 0.23024211150337268
1.4925434856048403 0.7040478588875424 4536.675449363598 -0.00027712307717524926 0.9886890746679857
1.3822728899196006 0.7105170830413461 4168.371475065124 -0.0001592788451747585 0.7683010380891074
1.3822728899196006 0.7105170830413461 4168.371475065124 -0.0001592788451747585 0.7683010380891074
1.1029425967923396 0.8597166285709867 4467.828090455669 -0.00017983399679090037 0.36244712945721413
1.1439212673847106 0.917963623482521 4869.955877564861 -0.00011057663743397146 0.340747356876385
1.2144534488193501 0.9296614855281691 4698.72260516257 0.0003413554826225907 0.6160806494611474
1.1964501967782573 0.9630012467924651 4052.908004796197 0.001048317497996876 0.5678291728293031
1.0050579940726894 0.7836320500002645 4847.168883109272 -0.0002738108627568554 0.2671550972953857
1.0688105970127524 0.8292724493344079 4576.997559109665 -0.00012824095362936518 0.3370092687916977
1.393532426171244 0.7032018900875328 4839.271262416687 0.00019235385098301575 0.8260742267021193
1.363588234685007 0.7147063726127995 4725.160910575455 1.2313233528199859e-06 0.7066786439096506
1.3394687082418442 0.7064539795395911 4908.988055539769 0.0001853044798796697 0.7915290282910572
1.275758506456517 0.779482479673331 4909.487966689921 0.00011058578078564565 0.7856145537180423
1.217582702511845 0.7179100564413595 4673.897563770517 -0.00015640751068356996 0.4743917491454118
1.217582702511845 0.7179100564413595 4673.897563770517 -0.00015640751068356996 0.4743917491454118
0.9975422916694876 0.7357517389916927 4962.826059647951 0.00011672270967853868 0.22919599869660273
1.117800542141056 0.9110982940518039 4918.8659083943885 0.00033414695478269535 0.6618639263197592
1.0993189789381044 0.8518044446169137 4573.769915221717 0.0007221063871121727 0.40606522114015237
1.0993189789381044 0.8518044446169137 4573.769915221717 0.0007221063871121727 0.40606522114015237
1.0751814582767207 0.8035463115330779 4625.675249339638 0.0007075602940887331 0.3142507194100148
1.3176897255430742 0.7057187001129328 4466.282506630288 0.00029691372752828674 0.7584449607043299
1.1136627985968142 0.7819469945222869 4674.6473018565375 4.7568287286900584e-05 0.2396313845402812
1.227958795523399 0.8183793696926992 4191.124057330602 -0.0002678455410467062 0.46279691541868384
1.362215706671341 0.7284399153983411 4621.24330467585 -0.00018368734388520555 0.944342576378307
1.0398467519826973 0.7774451926586003 4882.174811810669 0.0004600104806296004 0.3041729279138247
1.3907443046569825 0.5947995334863663 4687.844017088413 -0.0005105244866469389 0.5264003276824951
1.048358828631526 0.7442839744522936 4608.097859970604 6.414806392748728e-05 0.2376245831208511
1.36611878744175 0.7061171169376624 4554.7219302512685 9.673955017027698e-05 0.9434315888185286
1.4645207851499833 0.6504539292079412 4344.736053098261 -0.00019804066291086137 0.6136556056089767
1.4645207851499833 0.6504539292079412 4344.736053098261 -0.00019804066291086137 0.6136556056089767
1.3362984325516316 0.7696843685585752 4671.763576242476 -0.0006249190392052771 0.9633885748123514
1.208331075947548 0.8783631327413193 4887.752946313358 -0.00015632558653974003 0.5634847710031065
1.4249686332949578 0.6131407748127794 4652.975219381875 0.00011913106200002315 0.47852826338903354
1.1152536625404132 0.7921510953967391 4520.773488358239 -0.00018564224853590415 0.3277433902347828
1.1152536625404132 0.7921510953967391 4520.773488358239 -0.00018564224853590415 0.3277433902347828
1.0234673500061036 0.7051225379109383 4987.239006221294 0.00020071706529964015 0.23046237230300903
1.4149553788336424 0.7170773777532173 4521.917480761384 0.0002205286562083551 0.9497885566073013
1.2558074053107497 0.835923799587652 4841.161209365186 2.1256910888651857e-05 0.5488872476926653
1.2010525362261089 0.7146718645866004 4883.321893633346 6.766757155864464e-05 0.49360404123455154
1.0878060565866676 0.8566246683941057 4467.43571005256 6.841482832824684e-05 0.3688622819395838
1.0878060565866676 0.8566246683941057 4467.43571005256 6.841482832824684e-05 0.3688622819395838
1.1144448406489784 0.8638278101979374 4795.366776872364 -8.721628383322456e-05 0.3893111390760149
1.2250493493345405 0.9137871359989606 4944.304368720406 0.0005687015129999452 0.7685429459948743
1.5052782853205273 0.6934729937852455 4826.265579388789 0.0001630630840012056 0.8335144585443394
1.5052782853205273 0.6934729937852455 4826.265579388789 0.0001630630840012056 0.8335144585443394
1.2503894541828682 0.9561265586175021 4716.584764537886 -0.0003146051584742135 0.49715092988103277
1.2209934391875104 0.8440620650539423 4766.23278266312 -0.0007502261736982729 0.7859304238098166
1.1257383853304024 0.7944610329824904 4224.960409995647 0.00015850015350739368 0.29601553082740106
1.260794385313029 0.7947403793493435 4490.206599349801 0.00037381748098996533 0.4324904721141907
1.1140218863638505 0.7947051075734554 4386.788014020707 5.369212532907652e-05 0.33410898414620227
1.175083671224654 0.975165918208713 4835.152452192879 0.0003339688173971197 0.48338817546511614
1.1754506299955387 0.8418224398857657 4794.1116636238685 0.00015234278046523408 0.44723879253857296
1.4278157839249421 0.6738184500139633 4792.401675224362 -0.00034031834721558 0.7078422251308365
1.19447056905322 0.8681264553783048 4530.095029976771 0.0001423436619776424 0.9087344157494732
1.2988045211242891 0.7380299573026263 4599.545667053467 -0.0002811349417413607 0.9227429019596589
1.2988045211242891 0.7380299573026263 4599.545667053467 -0.0002811349417413607 0.9227429019596589
1.1336172467810648 0.9375406051132006 4995.12453217367 -0.0008270620265033154 0.5620247004118295
1.4290080247976404 0.7963910670822344 4153.077721085098 0.0004218478390272103 0.9933450438838507
1.3341833310926918 0.7419528222123741 4604.723450525055 -0.0004962184190663598 0.8968979075320995
1.0806130324611214 0.9059516254280828 4787.018427892881 0.0004021569515760958 0.3956717588814653
1.235923444634074 0.7498140828071657 4961.345695533165 9.371319986371443e-05 0.6765013287570905
1.5166728062966062 0.7032549014624672 4987.222781896789 0.0006628079713461878 0.9723987150445188
1.1277718217956436 0.8265826508570463 4588.510447143498 -9.422708339145386e-05 0.37016393466028363
1.1297311431576085 0.9090057461997932 4914.40954103985 -0.00025341794107795366 0.40560270697553324
1.284437954273487 0.7258299776938124 4676.689783068641 0.0004982180637189947 0.7240092353138401
1.284437954273487 0.7258299776938124 4676.689783068641 0.0004982180637189947 0.7240092353138401
1.2062378509407268 0.668099911955677 4962.329896697962 -0.0006587128123955564 0.2779167345523532
1.2062378509407268 0.668099911955677 4962.329896697962 -0.0006587128123955564 0.2779167345523532
1.5860901078871061 0.6335626411188453 4536.1033437689375 0.00021174772885792522 0.6003538761562126
1.2249696575957207 0.7951084253927176 4553.447144384803 0.0007522516892185072 0.5832573673915431
1.3863191087067834 0.7229108059682484 4931.970399250338 0.00011114716322563215 0.9028994518281395
1.2486979336930086 0.8452990506114275 4064.8147139586845 -0.0002022397324861587 0.5722453697870886
1.0947140082665363 0.8473735534272544 4704.355280355149 0.00027562288431541636 0.31620743620681546
1.38168107255788 0.6918284318794509 4822.805442875156 -0.0003801237658565532 0.7208275208732545
1.38168107255788 0.6918284318794509 4822.805442875156 -0.0003801237658565532 0.7208275208732545
1.4272521119681363 0.6415656989322279 4506.942999199344 -3.4277566012300635e-06 0.5978428139787104
0.989351955360789 0.7510930472339792 4952.194938318563 0.00021984943087522516 0.23276589064731307
0.989351955360789 0.7510930472339792 4952.194938318563 0.00021984943087522516 0.23276589064731307
1.1247072692449045 0.8384496441787217 4585.818798102978 -5.230465385001863e-05 0.3420471428481338
1.4719606406226369 0.679059628640952 4982.938644667808 0.00038501733162365283 0.7294956574537715
1.2054815216973231 0.7838819777698586 4384.85476153713 -0.0003408567091000401 0.26967359341671454
0.973659859011349 0.7447881655048469 4817.232059211485 0.000517958417159969 0.21758824847732322
1.1603716915621114 0.9352447119038404 4463.58529541462 -0.00014760694697671798 0.9256785075220992
1.276720052796415 0.9009836321760097 4589.424424909032 0.0005675009005308298 0.5209236416095221
1.0969451456854915 0.7468937462644334 4577.311607475686 -0.0006970447438636185 0.29152187551395436
1.0969451456854915 0.7468937462644334 4577.311607475686 -0.0006970447438636185 0.29152187551395436
1.2430795265847507 0.7321574319197954 4721.312911924932 0.0004753254406505387 0.8153722351891545
1.2430795265847507 0.7321574319197954 4721.312911924932 0.0004753254406505387 0.8153722351891545
1.4091202818625321 0.6603609497181784 4918.0670129097 0.00013523695454202553 0.5475858583981179
1.3106250575871883 0.6853952917789676 4866.690657279753 -0.0003233261507757811 0.799987530689707
1.3169743897670572 0.7403866268464298 4651.911849842193 -0.0005525807254812609 0.8964959770294418
1.3169743897670572 0.7403866268464298 4651.911849842193 -0.0005525807254812609 0.8964959770294418
1.256760272909284 0.8040934821661634 4815.143966436484 -0.00025908114505325926 0.5599922463455583
1.0932739511093355 0.8803799436465627 4509.708619701035 0.0006952338642711379 0.3405950085349554
1.0925682563448407 0.8428158383383403 4645.591370918954 0.00010961923173638034 0.32023896220338777
1.2655167659144124 0.969862822098847 4120.382681688476 -0.0006242070376437359 0.6083993114808133
1.2410821240472825 0.7758780980490357 4329.404035634644 -0.0002317698860878111 0.9448002567187926
1.181591466185374 0.8113609591805222 4857.56184162339 0.0005168479661462017 0.49857120944806793
1.4918207511653545 0.69047293622779 4427.064589812077 -0.00022277233108329401 0.7631517879551373
1.213975547254161 0.7203906767037443 4308.6872006633785 -0.00011306768192787184 0.349069514305985
1.260664283792399 0.7229417192646515 4881.050949492686 0.0005596691228397942 0.593191121566837
1.1636835278345168 0.7447522216240463 4875.270066430587 0.00015749747830242372 0.2864052257575853
1.2484725203381954 0.7846298171631012 4206.31885149072 0.00015461135859911704 0.42468087626124185
1.1683702771806854 0.8908485897572133 4459.746937501821 -5.9267964512060904e-05 0.43889254710385994
1.2067734855099546 0.8816682599989226 4182.6829737688495 -0.00036932156114489534 0.7329022243728152
1.3687338795733095 0.6504424689488288 4797.07587390822 0.0005305740354202049 0.6340776761828231
1.103951380854528 0.8409785466641652 4931.974855584846 -0.0006729328749539897 0.32850064860661937
1.103951380854528 0.8409785466641652 4931.974855584846 -0.0006729328749539897 0.32850064860661937
1.32807408189765 0.7494727884799337 4365.522145832602 -7.797249957426187e-05 0.6897300767887868
1.2119624121236863 0.8303369927938952 4793.901300992899 0.00012167191931257791 0.5494877246333858
1.2119624121236863 0.8303369927938952 4793.901300992899 0.00012167191931257791 0.5494877246333858
1.3421395214616951 0.6767734114731528 4999.936434733607 0.0009922499182967533 0.6207153115402594
1.1997262482387612 0.9770416061297725 4848.037528042452 0.0003376175713028737 0.8824096560201675
1.157030315612728 0.7388743573075093 4816.358770744057 -0.00027019398008539496 0.34551400068953314
1.2613035376855835 0.9431685760534192 4249.853762969453 -0.0004835759098109572 0.480794700044522
1.5828646952404202 0.7164630458720486 4719.972675845963 0.00033803613598129046 0.9521795559501575
1.335838245767322 0.6938722009663442 4554.921490713391 2.3619798540910536e-05 0.7042190685547434
1.2935825087151698 0.6803784450047909 4666.123885719922 0.0005861657169371099 0.6376768537417197
1.2935825087151698 0.6803784450047909 4666.123885719922 0.0005861657169371099 0.6376768537417197
1.291546139642856 0.75411887795599 4193.425525975767 0.0008701348349742892 0.4642177524383746
1.291546139642856 0.75411887795599 4193.425525975767 0.0008701348349742892 0.4642177524383746
1.2869371811290662 0.7272542984835051 4758.965979637135 0.00012034210648257258 0.924372314173232
1.1961926784145236 0.8540994993359243 4630.012190832782 3.4597042254187536e-05 0.41919938421738656
1.3683862378340246 0.6990160828322941 4452.278841055725 -0.000205795419141676 0.8250052700039701
1.2768738861313569 0.8872204345334127 4065.7145267553838 -0.0005120539345922235 0.6917655264544713
1.6046028148947564 0.6578376489723948 4249.844791465869 -3.0701492279585406e-07 0.6019513417200095
1.081867942482516 0.823749139732757 4865.178460098234 -2.0670858359311882e-05 0.30506313653789785
1.171434750764753 0.9761980323856134 4887.546723333371 -0.00040957914065737483 0.577125409056005
1.2607638117401232 0.9759286573048139 4750.9512986285035 -0.0002893462812548529 0.504755887415423
1.1895503394363538 0.7613680479223957 4567.513929040074 -0.0003931970976298923 0.5603131081891548
1.0349634598522557 0.8748277305257697 4809.32716363775 -0.0002939806350678927 0.3876485162460681
1.2448898800344053 0.7849085815933136 4114.878731984229 0.0004481992263772881 0.43265313242290093
1.1378547702291655 0.9093881521910236 4681.881861831347 0.0005422991674599036 0.5839734793022794
1.1378547702291655 0.9093881521910236 4681.881861831347 0.0005422991674599036 0.5839734793022794
1.1251669598610778 0.856137169211972 4210.563609253913 -0.0007075897488037876 0.34843478451266197
1.1251669598610778 0.856137169211972 4210.563609253913 -0.0007075897488037876 0.34843478451266197
1.0155702285999475 0.7263453952680248 4976.751790417411 0.0003566447103302839 0.21211555080720979
1.2400760412216187 0.6726313382387161 4162.698978602886 0.00026253792992762744 0.3321458697319031
1.2400760412216187 0.6726313382387161 4162.698978602886 0.00026253792992762744 0.3321458697319031
1.1312600999090443 0.971284969261691 4804.599785773595 0.0006624015932431913 0.3798821113152242
1.2177221197565866 0.7244626933656029 4522.907972741034 0.00018908953912101268 0.39212922983709086
1.258268983597623 0.8671639310959726 4551.533713183532 -0.0002907856143856042 0.8208111241593606
1.258268983597623 0.8671639310959726 4551.533713183532 -0.0002907856143856042 0.8208111241593606
1.1782908216501404 0.8621168729456745 4846.497893233038 0.0004984234318879306 0.47262032850315505
1.1833006425209853 0.7670454089239456 4252.296350127138 0.0003566376169213 0.2992027729349286
1.4414589444384132 0.6985451455488173 4083.685858102507 0.00010683808486601258 0.7662741767153357
1.4414589444384132 0.6985451455488173 4083.685858102507 0.00010683808486601258 0.7662741767153357
1.2200656067097466 0.7838351933950073 4567.467926353044 -0.00012756821248603866 0.9389941533573498
1.150855436646559 0.7098826113922767 4938.527208487562 0.0006332922309677102 0.2487243225391564
1.1072100389954829 0.9132592276808472 4721.125942352897 0.0005333787502820761 0.5591678627356924
1.5218190707944277 0.6458456120568885 4195.965244623012 -0.00013168305310036398 0.5589631834342381
1.196337653060346 0.8078665203370232 4192.369461050185 2.089461788275014e-05 0.3345168306755506
1.3700312634870375 0.6953968281633219 4893.997011296648 -3.993633035930954e-05 0.7911949889168604
1.0498889196465546 0.7684523391391787 4881.091264118162 -0.0001469701040417583 0.2492463128744284
1.0433831056844238 0.7321287051219028 4730.467763565537 0.0003323558284468563 0.24661393580723906
1.0433831056844238 0.7321287051219028 4730.467763565537 0.0003323558284468563 0.24661393580723906
1.3184462714293463 0.7448482070061742 4655.572601513062 0.0003087114447946132 0.9924943439121948
1.1677435061895955 0.8461800991772636 4615.079744081623 0.00017589595020851893 0.3874533117437766
1.1677435061895955 0.8461800991772636 4615.079744081623 0.00017589595020851893 0.3874533117437766
1.118953451365893 0.9348550916197462 4990.687063619048 0.0005137403760381518 0.4436206003359621
1.154505101045297 0.7878299336816299 4812.70415724111 -0.0003290774082119555 0.4381883087136988
1.3762592816834072 0.7281265111909248 4092.228780182741 0.00013690033054069371 0.670938294753424
1.062675860576459 0.7112093387561731 4904.075573845735 0.0009760463053595505 0.23975093338542858
1.3591469451887348 0.7008297335603623 4816.401909511854 0.0001383859698768776 0.7430704688082355
1.3591469451887348 0.7008297335603623 4816.401909511854 0.0001383859698768776 0.7430704688082355
1.245458359183841 0.9557869478069148 4510.145214128563 0.00037966940086046544 0.5418327581014017
1.4212425285423578 0.6853886399686586 4794.4159580462865 0.0006248937179689821 0.6545943940786595
1.3597822870487188 0.7086242771076243 4442.941150439589 -0.0010451551528861836 0.45144149149609347
1.4360993738016894 0.7146024726017928 4193.609403633811 -0.000443233000062817 0.9343263938005955
1.3027365684954177 0.6922015041857285 4619.400471383683 -0.0009413459072839255 0.680269121373214
1.1392455572663283 0.8904636872429302 4892.256970731256 0.00013076164375683507 0.3959944416632074
1.3172994124990773 0.658622560148414 4340.324488246407 -0.0006177102937699449 0.5656445066068696
1.3172994124990773 0.658622560148414 4340.324488246407 -0.0006177102937699449 0.5656445066068696
1.187560975784956 0.9985622055200641 4793.551122629345 0.000401498986077395 0.8357205325677675
1.192502508032244 0.8930548949822111 4323.1994233492405 0.00027568915888979414 0.4199126651780575
1.192502508032244 0.8930548949822111 4323.1994233492405 0.00027568915888979414 0.4199126651780575
1.2926645992104757 0.7155538960959231 4835.5506769478925 -0.00029145877402319734 0.39679902090671715
1.3582986341822387 0.6609778747477015 4955.089769781961 0.00033320084089845836 0.48072431371092417
1.303807830810547 0.6957973390817642 4588.77350628376 -0.00018826961329459577 0.6729564070701599
1.303807830810547 0.6957973390817642 4588.77350628376 -0.00018826961329459577 0.6729564070701599
1.3544888847679974 0.6857206781687577 4963.954736326365 0.000571448372919532 0.7273529731387327
1.0298095478833496 0.7268954244689447 4806.325566025409 -5.459172015487106e-05 0.2415920680617586
1.2109720604871876 0.9070010152587468 4991.9806072460015 -0.0001350725453473849 0.917793073322267
1.1615862200255334 0.7744811577579741 4449.569816797607 -0.00010678941278925636 0.31640477740576556
1.287603428111486 0.8579152137244691 4590.270143520212 -0.0005240951427527164 0.7141572960216953
1.1525026174492385 0.8875427014528381 4831.629110904091 0.00038042270667840964 0.35940251316197763
1.2776079263562048 0.9625956418535335 4598.956776687827 -0.0003948561464718456 0.7951458687950308
1.2035151086283074 0.8215862455880945 4553.343908329091 -0.0001897956430725103 0.46363087785613055
1.2035151086283074 0.8215862455880945 4553.343908329091 -0.0001897956430725103 0.46363087785613055
1.0767962445562052 0.735219500387691 4420.020943704252 0.00013953124628831936 0.24325933000303396
1.378084804070458 0.6543450755222641 4601.411977479838 -0.00025219694535736877 0.6356183044573218
1.1901767641336136 0.7976546964336192 4303.627687762037 -4.297954426468121e-05 0.4209438313136601
1.320233699004601 0.7546202644025017 4316.5951777248665 -0.0001978773093770684 0.8709319552186511
1.4659220747304427 0.6121280552632153 4961.607319264064 0.00015905626520411548 0.5541260034487192
1.2220035864501964 0.7865593693864014 4192.8066135260515 0.0005562409072452086 0.34897451734028384
1.2220035864501964 0.7865593693864014 4192.8066135260515 0.0005562409072452086 0.34897451734028384
1.4199585747224899 0.6662785918760303 4991.455931785857 8.08071078849992e-05 0.7274045566103889
1.4199585747224899 0.6662785918760303 4991.455931785857 8.08071078849992e-05 0.7274045566103889
1.2475513723518306 0.7710849125039849 4935.646138547165 -0.0005083599734763399 0.9717619655182026
1.1275270411751812 0.8979887039976332 4884.215834806144 -0.00015465403013648077 0.47171308872492224
1.1815899812781518 0.8968618570709356 4796.598900027613 -0.00014403572472206623 0.5339057085627805
1.245963478185564 0.845528035889421 4093.3017958496334 -1.656102675852049e-05 0.48360570757679544
1.245963478185564 0.845528035889421 4093.3017958496334 -1.656102675852049e-05 0.48360570757679544
1.1805291178823492 0.8773523205029801 4871.18135329602 9.068856437333589e-06 0.47853183121083165
1.2110892597518437 0.8110207054856546 4135.036958305953 -0.0001732874337740918 0.34498926266613
1.368211310299484 0.6979738250686339 4913.957575797903 -2.8265303468865706e-05 0.8911569895874422
1.4231644742966305 0.6870983259189979 4872.5838505860775 0.0002750707964352858 0.675176580446156
1.4959276312199468 0.6620179673411106 4921.452505268112 -0.00022740292310662166 0.6005968778439514
1.2387298583984374 0.8455342650413513 4791.101697385311 -0.0001068209527754793 0.7423902750015259
1.3376763926252533 0.7756127659371667 4510.009343505819 0.0007500801741117647 0.8336883645459406
1.20523719610958 0.7037231032665953 4913.781842456379 -4.721457692514298e-05 0.338629894663908
1.1838764405820248 0.7375889528452129 4259.024934954593 -0.0004082386242030307 0.28254399213060544
1.3621897601972486 0.7250110344745714 4945.570673192911 -0.0004998157409828845 0.8973074627156741
1.2764672891807698 0.8653122879388708 4037.0059166339734 -0.0005049424023105652 0.6870290107653345
1.2624323501942065 0.7543641798650117 4922.713784904689 0.0004893340876773426 0.5477661462656445
1.2624323501942065 0.7543641798650117 4922.713784904689 0.0004893340876773426 0.5477661462656445
1.1512275870289823 0.8618518201724781 4139.478524464405 0.000481543033039112 0.48835050958810916
1.2232446661625862 0.8967819354073454 4046.9964054709076 -0.00032176434933443295 0.5753219063144559
1.3321178525871051 0.7416235022578179 4634.895215471211 -0.0004748706414187742 0.7075420617407686
1.4309037259655986 0.6786880703215341 4669.481237973431 0.0003266781300611209 0.6586287045832753
1.4309037259655986 0.6786880703215341 4669.481237973431 0.0003266781300611209 0.6586287045832753
1.1950131592734694 0.8385674930755951 4252.789515972539 0.0004178532820560607 0.4387906532714029
1.1950131592734694 0.8385674930755951 4252.789515972539 0.0004178532820560607 0.4387906532714029
1.248926587803597 0.6946448314379885 4429.041080150791 -0.00033423491010100957 0.6678399512943045
1.2631843553512505 0.657024433087369 4740.099350132474 -4.988419836622553e-05 0.5033602406264008
1.2661667846281088 0.6844864093855365 4456.51318658834 -0.0004892796843305609 0.7614073522676408
1.272446794499369 0.6821671360829461 4613.024941858999 0.0006403675896002533 0.6122846218326747
1.272446794499369 0.6821671360829461 4613.024941858999 0.0006403675896002533 0.6122846218326747
1.137288502421886 0.9034822592002958 4944.470887954967 0.00039165623639862804 0.45968778516232495
1.0687671404020511 0.8972909403933604 4837.287692822331 -0.00026287306467517814 0.4063434084703933
1.1343105171797712 0.8916829520806696 4554.21583374307 0.00043889539838675535 0.4466679353478613
1.4266944349302526 0.7155220570778218 4450.444557969135 -2.0955443137602064e-05 0.9292048786302263
1.2060839630931532 0.936650448915751 4181.823989554037 0.0005809333661357847 0.5782067560153417
1.0897667219767107 0.7374273065731172 4748.755722871202 0.00010997822217324132 0.2351284260791065
1.1695212917813995 0.7688722472796772 4311.571982411571 -0.00015993265632760988 0.3398010887051901
1.2707520296516732 0.6893885999771171 4337.109631248344 -0.00024744851914338593 0.7364558829670299
1.100757732701889 0.9020686392135318 4915.888415066359 -0.0004875795329542342 0.4444172527057829
1.3011424805293244 0.9352196256404129 4597.488351385461 0.00018961785847118127 0.7180499518227808
1.3070756196975708 0.6550863981246948 4889.6878235936165 0.00046565697983340755 0.6069499254226685
1.471332475204743 0.6684034553401734 4998.04675780346 -0.00116034140221269 0.7021687645849047
1.471332475204743 0.6684034553401734 4998.04675780346 -0.00116034140221269 0.7021687645849047
1.3957763182240184 0.6529198557764272 4438.842189873348 4.343072117343855e-05 0.539582059010977
1.4495079073255335 0.7361578827786561 4806.040248816878 -0.000182791866997635 0.9328113394241517
1.2605759836744783 0.724849069423338 4186.819731795225 -7.092404001329404e-05 0.815765556819407
1.1379435595092373 0.9665775479013354 4978.797945122399 0.000267306133898694 0.3709684560861234
1.1810613735930602 0.7372346718150637 4895.343983251908 -0.0005117959550758869 0.2667060809731113
1.1810613735930602 0.7372346718150637 4895.343983251908 -0.0005117959550758869 0.2667060809731113
1.1865104437812461 0.9600777613464793 4827.558514314662 -0.0004156485908853694 0.5944837875440098
1.1747833715073834 0.9474194354403269 4366.654599617978 0.0006519771677119892 0.43428896144455814
1.4647971114669542 0.6829449227637763 4941.1509801590255 -5.979503296169787e-05 0.8140746411116803
1.185983268884419 0.8163254470936867 4846.587917763255 -0.00031811291510880157 0.35833557789664033
1.2502716932379565 0.9526000508653585 4527.107298605512 7.633291528748225e-05 0.5014409252036613
1.2179330267388337 0.9283863986539779 4502.984841507394 -8.38410990770684e-06 0.633982176615539
1.1069098374382382 0.7072467690296412 4195.5013111946555 0.0003027303556786947 0.20965992170120004
1.1069098374382382 0.7072467690296412 4195.5013111946555 0.0003027303556786947 0.20965992170120004
1.154020149680676 0.8469409342782419 4225.629710640218 -0.00014193655078786514 0.36767475731634425
1.0475316224585216 0.7727401872805189 4896.626678588128 0.0006288373637406774 0.2506268480512921
1.47574889790752 0.7107516563823824 4671.459226221688 -0.000328995030479976 0.9995889614045064
1.47574889790752 0.7107516563823824 4671.459226221688 -0.000328995030479976 0.9995889614045064
1.1016871696172816 0.8671279965752763 4377.355889694289 0.0005636811003762499 0.40526380905044285
1.1016871696172816 0.8671279965752763 4377.355889694289 0.0005636811003762499 0.40526380905044285
1.2165791276743667 0.7681873540799996 4454.824061673094 -7.163307336203692e-06 0.2918031641082688
1.170049882141659 0.9418466437589796 4848.99675948481 9.302286902905024e-05 0.4789901542141441
1.230833385786606 0.9189838245681847 4683.900821418159 8.468590407953871e-05 0.7239678842036326
1.2300098010223 0.7534662329048681 4580.724521454266 -0.00019602644239071718 0.2316265687397498
1.2927092474347104 0.7091457470454421 4533.090065150223 -0.0003786384353960034 0.6815641487397005
1.1795047526184927 0.7926510296804316 4460.943591940468 -0.00019209114373452458 0.317912665428126
1.4040405488879766 0.7062110133085098 4698.957708787454 -0.0001816696182109594 0.8993191098332436
1.2220553986536822 0.7998060969235958 4982.4171360669325 0.00037046967423981633 0.4267263941602847
1.0307248779816525 0.748014790623232 4830.962839137363 0.00014963066189139314 0.257426578040572
1.2205151091152693 0.8685577083035153 4255.0252487066 0.00011738291024518673 0.5225504758545532
1.2205151091152693 0.8685577083035153 4255.0252487066 0.00011738291024518673 0.5225504758545532
1.3899449332685545 0.6741735330257262 4668.805874094451 0.00033767401445554195 0.6643988950083866
1.4904243097761616 0.7090589814334315 4195.114278976694 -0.000634459748427673 0.9389133346952938
1.4904243097761616 0.7090589814334315 4195.114278976694 -0.000634459748427673 0.9389133346952938
1.3787696977012986 0.6889472016232621 4980.69115627171 0.0008063758109951621 0.8398891076663797
1.2560239479117072 0.8122116398076845 4470.122857932215 -1.1202139373076794e-05 0.3971764131346264
1.3177678641327406 0.6585214878020951 4989.030053993974 0.00011173747242252772 0.5263397678379466
1.128557580511492 0.7693952188643839 4468.468851147836 -0.0001771721582385065 0.2249027007514215
1.3128021886737786 0.6720685863257906 4708.069731266386 7.162785802433215e-05 0.5852219069086897
1.28464788615104 0.8136183953298084 4093.4375835960936 -0.00042945241840923893 0.5506118452423869
1.234333489270635 0.916060758577923 4551.807470751 0.0002391434034370759 0.7371064249917361
1.0866724927615652 0.8686513612705208 4823.086730725489 -5.81819297847166e-05 0.43610028333342554
1.0866724927615652 0.8686513612705208 4823.086730725489 -5.81819297847166e-05 0.43610028333342554
1.237519691211863 0.7351196889807755 4727.817262442233 -0.00039254991896867255 0.3890307161018257
1.5006164101758865 0.6810940061466135 4698.335560278044 -8.773242990866076e-05 0.7816833621950028
1.129218145987132 0.7806560693991434 4645.015782381888 -4.7080721219986615e-05 0.32959828578575046
1.291581439077492 0.6869248877915448 4997.586917125691 -0.0003437628315860584 0.5314392273986617
1.258923202272991 0.750679603930161 4052.618754696289 -0.0009326028480023647 0.41563561006920435
1.344659482871395 0.6815190857573871 4921.054733258 -0.00037372944432545897 0.537549184098051
1.2342428764573492 0.7928704920239781 4053.744533871494 -9.47115465287298e-05 0.3681804429428546
1.2342428764573492 0.7928704920239781 4053.744533871494 -9.47115465287298e-05 0.3681804429428546
1.0964046661878988 0.8488428373487584 4420.027992063945 -0.0005132505433338316 0.35533713570477155
1.4489813436274863 0.6683462566885645 4910.539415329366 3.9916031900715836e-05 0.7347072810303216
1.4489813436274863 0.6683462566885645 4910.539415329366 3.9916031900715836e-05 0.7347072810303216
1.1927873883892053 0.9202787153150283 4576.516818560574 0.00011360966224600858 0.8512843961924703
1.1927873883892053 0.9202787153150283 4576.516818560574 0.00011360966224600858 0.8512843961924703
1.3617560078028177 0.6979298927711111 4983.229417857839 -0.00017614005467579986 0.7756206791730353
1.3617560078028177 0.6979298927711111 4983.229417857839 -0.00017614005467579986 0.7756206791730353
1.1768709659576415 0.6550102531909943 4663.050083577633 2.5159693740974027e-05 0.2488114833831787
1.1954467490561982 0.8199053676986597 4323.520971676104 0.00026111445076662537 0.3151702992960388
1.3260426644475063 0.721233336801083 4077.0200030959445 0.0005494985028312116 0.9453879330790035
1.381976911030772 0.69914844619824 4249.6697416264915 -0.00026899210994684407 0.577705992349596
1.1543955993713109 0.8246551239023792 4929.34124977174 0.00019614693296065788 0.8166049392264754
1.2214944823193639 0.8781876688511545 4944.943948106971 0.00016822767888320347 0.7994904837470176
1.3406954424009632 0.6639251052946809 4743.149923334493 -0.0001162943325157835 0.6293090875619878
1.3525438941401102 0.7084705757959155 4547.374043298914 0.00010965391235596149 0.8502303943143147
1.4051480833904422 0.6712052529613626 4919.911811799784 -0.00021785420168336916 0.7052704099209559
1.177851086963309 0.8003562926299911 4080.15435255722 -0.0002733291824276906 0.2824964788104835
1.3810414798700905 0.7113195909224667 4809.708225818787 -0.00035427900063298676 0.913603601762129
1.1709417301844303 0.827777861259443 4937.952968241702 -0.0005651359936258269 0.4023694491160963
1.3273727288738026 0.7105763727253079 4406.121588887926 -2.606622950573021e-05 0.8602673252065003
1.1879270774374286 0.9119017975970642 4502.201114730068 -0.0001328824533228859 0.46930337404286543
1.1879270774374286 0.9119017975970642 4502.201114730068 -0.0001328824533228859 0.46930337404286543
1.164859487434071 0.8909673118663521 4943.223285006566 0.000151578256762628 0.4389847446888675
1.3141836109675624 0.6206900515407692 4809.028587622445 -0.0002712929905373103 0.525170540186372
1.276596981650149 0.7898174393895383 4683.968700960086 9.422333844947065e-05 0.6234030580645209
1.276596981650149 0.7898174393895383 4683.968700960086 9.422333844947065e-05 0.6234030580645209
1.3855993330940266 0.6585924642421126 4344.050782413433 0.00015279721498881666 0.4743942515766299
1.3924937947380953 0.6954278867478906 4767.418380675686 0.0002470639978200547 0.6898786734539355
1.4191829284493287 0.7177315432504023 4470.979492685673 0.0002527676114092372 0.9422525797739185
1.4191829284493287 0.7177315432504023 4470.979492685673 0.0002527676114092372 0.9422525797739185
1.39628970573195 0.6921070693438391 4672.284726255647 5.9349078633115654e-05 0.7249006043134476
1.344564341724737 0.7206309640625193 4617.912997125908 0.0003522048133042817 0.9088845624041009
1.3584209246573367 0.7647773289918217 4275.4798034488895 -0.0003080475064342457 0.8791796614690425
1.4324705358769716 0.628230567751646 4984.643897595717 2.8357982817284194e-05 0.5338255985686687
1.3807162662287928 0.6700035532864063 4793.446578461437 -0.0001807304419799024 0.6228292883702361
1.0828874224431622 0.8201765133605143 4465.286668793972 0.0002558456239384575 0.31296183433737434
1.1515054404080838 0.9565057309888307 4849.627907634084 6.996332219808066e-05 0.44484464300633214
1.3845333462555411 0.6348910293953607 4881.195222196038 -0.00019015127498425298 0.5335758536545905
1.0859497130854974 0.7820478056775881 4977.503491519333 -0.00019729760478367158 0.2836914413704275
1.1124421119327113 0.7317287014224253 4823.6922509305405 0.0004395343925321116 0.2709679133900068
1.2361998919875559 0.8591375522348066 4491.554823868854 -0.0003757241929256 0.7938998558638117
1.3458014574327362 0.7343161285317957 4846.244019447834 0.00028402895558078467 0.9476387786538698
1.1583005098870909 0.8193076432842271 4272.201406178029 0.00040091690579735327 0.3628598949253936
1.1583005098870909 0.8193076432842271 4272.201406178029 0.00040091690579735327 0.3628598949253936
1.4388906567033646 0.6991739367334858 4621.672681247933 -0.00012131538298875116 0.7721529327057206
1.19789931440638 0.6995386870016251 4918.672710337685 0.0005477393118539633 0.5356799231983342
1.2080147933848673 0.8018347686956585 4934.648707584776 0.00048225308591266894 0.6510692729083344
1.2872282222551255 0.6870605571052175 4793.38264151824 0.00012194652705146896 0.6069171254845069
1.2319672908680783 0.7516607370641674 4625.15159413362 0.0005812948000073386 0.8381131403308466
1.1567269133927354 0.919958241106411 4931.7142149089 0.00046825311170316594 0.4519122415730001
1.297428509978935 0.6861291534556655 4805.369297410297 0.00014523172440292022 0.47659348354017783
1.2314269542694092 0.8515823632478714 4275.053848743439 0.00012933787637172176 0.4730756878852844
1.2453807930664986 0.7693433325083212 4791.425025148706 -0.00032611070228882535 0.47646544822375614
1.1424156276127055 0.799244373026845 4944.618186331502 -7.293826961373966e-05 0.27473984476696917
1.1095544023721682 0.9579201989375059 4961.632740140208 -0.00027257793414171296 0.4473804911791616
1.1504322797936148 0.8751507729391121 4678.122134625294 0.0006746996308555643 0.6525970386305439
1.2404585733896831 0.7324224022594304 4873.161294241045 0.00021528407624379572 0.4502425453158727
1.3354822120285381 0.8239217608145749 4201.8793342000545 3.978899417224118e-06 0.5393260441111738
1.177608180520039 0.8707188954042341 4573.954801027727 7.15115710596131e-05 0.7467006336400894
1.177608180520039 0.8707188954042341 4573.954801027727 7.15115710596131e-05 0.7467006336400894
1.4310429396515119 0.7083718495135791 4551.251965441587 0.0005272220151785581 0.904510897055936
1.4310429396515119 0.7083718495135791 4551.251965441587 0.0005272220151785581 0.904510897055936
1.2433083013017123 0.7793272176942951 4781.724842686169 -0.00034451203217162056 0.9626345941223765
1.169313324728877 0.9403545011509615 4833.546127080038 0.0002558358454323223 0.6064920186098225
1.231643378271144 0.709386647542941 4871.8746005634075 -2.925102915815699e-05 0.2907501916733727
1.231643378271144 0.709386647542941 4871.8746005634075 -2.925102915815699e-05 0.2907501916733727
1.1164803921199067 0.7653406015442336 4405.596453812414 -0.00024618566941926075 0.28250657216609776
1.0153168030982223 0.7200227592131858 4954.644535745615 -0.000539169306041069 0.22480320365200696
1.4865298875605268 0.654132444570003 4728.918460921829 5.0108287775837816e-05 0.580072850274209
1.2202869192389403 0.8051095912292084 4976.240246844302 0.0004787724559880538 0.7118985470389013
1.2368483144409512 0.7123158850382497 4608.576221252567 0.0004278688203675449 0.6208784591783829
1.2368483144409512 0.7123158850382497 4608.576221252567 0.0004278688203675449 0.6208784591783829
1.2292302649189875 0.824863207454662 4405.002348184109 8.035324570980616e-05 0.2874453983718928
1.0524128778272557 0.7802446902757769 4922.633269603488 8.224941430241028e-05 0.24928310504146992
1.1857855689326975 0.8576946505842377 4896.186357649604 0.0002440664109724398 0.6718782311419899
1.3252827562177782 0.716316401238319 4991.193824816008 0.00044429211731814846 0.6902139764640454
1.358072852814682 0.7009680521252359 4302.395591406084 0.0003858515066091534 0.8031234732864835
1.2999168918702044 0.7314363806990949 4993.784927970488 4.6569088704577714e-05 0.8374471375720702
1.4499397274537982 0.7024602573172621 4621.657648820909 -5.1241446929002216e-05 0.8875529683834835
1.4499397274537982 0.7024602573172621 4621.657648820909 -5.1241446929002216e-05 0.8875529683834835
1.476519467668608 0.6757280916272699 4910.704655274297 -0.00016296138999688688 0.6933940838784283
1.4091593835690857 0.7085776573002022 4804.419635612806 -1.0536735872950686e-06 0.9896196142531983
1.4091593835690857 0.7085776573002022 4804.419635612806 -1.0536735872950686e-06 0.9896196142531983
1.14381451024054 0.9072641814712186 4925.820703195673 0.000529552071127156 0.611764905787904
1.14381451024054 0.9072641814712186 4925.820703195673 0.000529552071127156 0.611764905787904
1.3488083417844707 0.6610128734870374 4979.4614234097 0.0003989929178723176 0.6495704744464491
1.1220959122369154 0.7989915208153273 4303.102946959218 -0.0005416413893727793 0.306996055379801
1.325611366465223 0.7060205278994373 4805.829483116399 -0.0004885647527641396 0.7978284076044095
1.4809281418138225 0.7211236641018639 4747.286696993517 -0.00013499086975340827 0.9884529492589132
1.1457653628047981 0.9367558047760844 4938.062123931046 -0.00028186977372116225 0.4791203750817765
1.3407853932201879 0.6846942344948928 4977.271552092308 -0.0003431998979511549 0.6515075948083915
1.3407853932201879 0.6846942344948928 4977.271552092308 -0.0003431998979511549 0.6515075948083915
1.2894464632329903 0.8073942438267503 4589.168159949432 0.00020517918552190767 0.35197596811417275
1.1362622994353315 0.8227479046660165 4675.89158517702 -6.521237408926128e-05 0.34753212045872645
1.098448633695479 0.7997173101551633 4613.289753994531 3.798752688022527e-05 0.3098593873690078
1.226111568791508 0.8332337102332449 4053.024689668043 0.00032044303135645086 0.42526769407250414
1.238548166312489 0.7154770760997493 4740.842539720258 -0.0002758509382838365 0.5462267774040894
1.0251910527160761 0.7742799908305636 4793.086072589161 0.0001593226562437308 0.2696757813829949
1.0251910527160761 0.7742799908305636 4793.086072589161 0.0001593226562437308 0.2696757813829949
1.2129120666217332 0.8205259111019907 4979.157908797292 0.0002170556121570876 0.5910005422982468
1.1437440395355225 0.6725494563579559 4817.037884294987 -0.0002105795831472357 0.2070198655128479
1.4186423491832807 0.6857592020701616 4923.007125140562 -0.0002442632907418656 0.8091990285745785
1.3337937249608596 0.8495644615722671 4201.856030491601 0.00011028810798295623 0.6270221992832039
1.2772386834039242 0.8944575342472345 4056.8185424420208 -0.0005025070533845379 0.633955318834628
1.2236208674405422 0.9402424260394902 4955.574725626784 7.330018771590374e-05 0.6628721312066369
1.1128486135351787 0.7975041090291621 4914.038318773934 -0.0004393733561566895 0.2698942192454772
1.3363925813777509 0.6862241281470993 4748.540737350898 0.0005068830517672843 0.7396709281899958
1.10263577656267 0.7886182395902013 4652.185528627524 -0.0002668914510222039 0.33589329596993117
1.414588876731639 0.6762100474736319 4136.129661914352 0.00042348900767240984 0.6747213117352404
1.3037017153554744 0.6555680251092524 4887.725393933798 -2.8653193793563592e-05 0.5319982536843144
1.3183510819731428 0.7292287438996521 4641.614928293312 -0.0001096095525164323 0.7474049966234915
1.2915347823404362 0.9855403405163383 4635.564919059511 0.00022084720626571375 0.7818861143502908
1.2915347823404362 0.9855403405163383 4635.564919059511 0.00022084720626571375 0.7818861143502908
1.3116906687919303 0.6872753383211136 4978.025278821959 -0.00029093601461474604 0.5135308092352087
1.1520001546392022 0.8349071480253615 4655.297137058386 7.559599316560848e-05 0.3710444080842152
1.068810412660151 0.6829624782903894 4984.780135340889 0.00070259603490544 0.1953767322620611
1.2575517680665662 0.8451079997146138 4869.972683179039 0.0002609186353111058 0.4632424610395336
1.457707623783247 0.6486509425680218 4815.05442334711 0.00013833844154978337 0.6617491951522155
1.284661933415492 0.7453985796674025 4310.247994659264 -5.950683360501261e-05 0.914729845010126
1.1719393427474425 0.8008417216564379 4781.900494265685 -0.00019578291744933753 0.45731315677865564
1.2375125266264968 0.7788146014293944 4839.501589170575 -5.847514954523805e-05 0.5397982980235057
1.2553556494171725 0.7205505805801995 4569.397091341715 -0.00021925323305553013 0.2761039858861835
1.2058440642003618 0.9130852076326588 4548.18432595062 0.00019940063408209114 0.8072394756173313
1.2058440642003618 0.9130852076326588 4548.18432595062 0.00019940063408209114 0.8072394756173313
0.9980204291499684 0.7486764902278119 4815.685738202737 0.0006792996900248086 0.2536589683958429
1.038087914407322 0.8078660394575207 4920.421366811062 -0.0007391891457192967 0.3217174481664107
1.1656494001704099 0.9044219452624717 4420.441747761006 -0.00029557080598442584 0.7111262744573936
1.2359263993357714 0.7647711904053334 4634.9293443990055 6.875233591898236e-05 0.3348039973848428
1.228595542429835 0.7206350272876817 4801.474011063606 -0.0003502469377803649 0.6272546154636356
1.38173461707375 0.6701103333512382 4728.743828323232 7.778394746310677e-05 0.6139191926567134
1.3778585571251902 0.7320895635737211 4782.54595511003 0.000349436336605092 0.9814813699884725
1.2405367272744539 0.9132927657327702 4524.101180478574 5.876940843269514e-05 0.9160926452559508
1.208355170374464 0.88095648033824 4836.805466833746 0.0004789677227571555 0.6263136622429613
1.3318516053095744 0.7485391473468662 4878.834167825416 0.00025890393283314227 0.9915591908669195
1.460644791622557 0.658521408030295 4698.116522575734 -0.00042511773482598855 0.6080766901932907
1.460644791622557 0.658521408030295 4698.116522575734 -0.00042511773482598855 0.6080766901932907
1.2083429406817754 0.7353239972266941 4857.780085154484 0.0005920878326532168 0.5239930596181126
1.422243078209413 0.6739220002242986 4833.031713117415 0.00025600254183396427 0.6818983129171611
1.422243078209413 0.6739220002242986 4833.031713117415 0.00025600254183396427 0.6818983129171611
1.5325130445408188 0.6923924516772799 4300.1303046245675 0.0002227158830335167 0.8441069952591099
1.5325130445408188 0.6923924516772799 4300.1303046245675 0.0002227158830335167 0.8441069952591099
1.4410369670882432 0.6895183067116323 4181.721092359143 -0.00028919549892878686 0.7889753806954073
1.3668853201329916 0.7623973101596471 4853.729609708911 0.00023317145429741624 0.9823293840302272
1.2190671985173596 0.825225125887804 4896.24736583095 -0.00011851844113662385 0.8787615559472204
1.2134087464934065 0.9788258001119132 4848.698738196053 0.0005148192847339073 0.9879276285940759
1.2134087464934065 0.9788258001119132 4848.698738196053 0.0005148192847339073 0.9879276285940759
1.210489518778032 0.8590397199170332 4384.929083321046 -3.674149753397523e-05 0.38898493235471787
1.210489518778032 0.8590397199170332 4384.929083321046 -3.674149753397523e-05 0.38898493235471787
1.0339452557998128 0.678161525112041 4994.46324524923 -0.0001480994409271817 0.20445191122706952
1.1243548989574892 0.933824919545478 4704.597306151807 0.00031434476724457374 0.45695187098633755
1.4126911311002053 0.6730811344179174 4978.629068707893 0.00031288264068074186 0.6575646378428016
1.0486369626082013 0.7501629554570619 4645.845012114317 7.569902574551844e-07 0.25846663539075476
1.0538088922487283 0.793988716615585 4491.613783536061 -0.00030629761808945654 0.28225030766458403
1.3234853869435748 0.731334825675032 4251.863515038331 5.404582608059007e-06 0.8789978214638384
1.3234853869435748 0.731334825675032 4251.863515038331 5.404582608059007e-06 0.8789978214638384
1.4127604319591271 0.6983009598249531 4898.024774386004 -8.13980596125373e-05 0.7682940240310784
1.4127604319591271 0.6983009598249531 4898.024774386004 -8.13980596125373e-05 0.7682940240310784
1.37393886551362 0.6778789018914276 4576.469011193637 -0.0004279902223959204 0.6805157928240582
1.370951881351756 0.6673645373956018 4880.754245072575 -0.00021834546994190638 0.6435601539116392
1.370951881351756 0.6673645373956018 4880.754245072575 -0.00021834546994190638 0.6435601539116392
1.1907558832419627 0.9494601959078968 4765.995812398217 0.00037064703201251703 0.6676065092540812
1.325468623526813 0.768987110201732 4914.438034669448 0.000981803728350413 0.9665110865258596
1.294134129059009 0.6762253200383885 4489.7923715962015 0.00031004837439916005 0.7234475372534594
1.250401215013366 0.879929358675267 4615.831037716639 -0.0004977625893272599 0.5167661326443247
1.1321318605055033 0.7566764821312548 4259.752332087065 -0.00027135404484826515 0.27513302003807644
1.006298180679245 0.7994048656255894 4784.102659128957 -0.0002967522531552564 0.2890717839928048
1.1072963551550035 0.7351734395232881 4902.667726636684 4.9419811741252966e-05 0.21603594163575845
1.0619332741462908 0.8233127970540355 4869.597206011915 -0.00028121112122577157 0.29874669398062353
1.1393032691110165 0.841869970305337 4294.679056313495 0.0005820283971658055 0.4536213468135493
1.1766282525900653 0.8164858803030356 4260.105663771688 0.0003895891942509419 0.4017135412598576
1.300898912876383 0.7128690364343472 4559.837111916284 -4.174573700504563e-05 0.8466428077100474
1.2749915334668547 0.8215047338472589 4869.353959045791 -0.0006553365455408656 0.4896271949241726
1.2724729550268494 0.7348444015371232 4940.689428895815 0.0002882112567740944 0.3852472413537845
1.2724729550268494 0.7348444015371232 4940.689428895815 0.0002882112567740944 0.3852472413537845
1.3746505006039569 0.6399376150039716 4912.49452247442 0.00013224606631913972 0.5208906641785356
1.2679301695841039 0.8139020642113823 4767.990650571312 -0.00017336465808359702 0.7621356174329134
1.3436007861579324 0.712391845065883 4981.997601211454 0.0002827990011321017 0.8069693554304692
1.3141416782450521 0.7540466225181133 4634.902207885882 -0.0006956882693628844 0.666047598968694
1.2880746654786637 0.7861237966787569 4878.5415378397465 0.0006923067837159292 0.8092172447212806
1.2880746654786637 0.7861237966787569 4878.5415378397465 0.0006923067837159292 0.8092172447212806
1.3311842107152994 0.6695590989672358 4966.350450373287 1.9469828916665562e-05 0.5508457829285477
1.3311842107152994 0.6695590989672358 4966.350450373287 1.9469828916665562e-05 0.5508457829285477
1.1667035219258217 0.7251678749915933 4784.251262126575 -0.00028403301951021066 0.2057359072277313
1.0761042176334403 0.8338483431581942 4735.48611332537 0.00011859749245099731 0.375066645647368
1.0761042176334403 0.8338483431581942 4735.48611332537 0.00011859749245099731 0.375066645647368
1.1709001365729879 0.7529184612748033 4821.076428754247 0.0003729254105820598 0.2842607516694386
1.295599009277737 0.7702387378831395 4878.329401625517 -9.693770131992028e-05 0.8835884678370736
1.377478093540391 0.7118044048699077 4993.421795282048 -0.00016101777703030832 0.8766678702993473
1.1185604162768858 0.7944080171437005 4674.001759261308 0.0003345924166155249 0.25374064837272436
1.4214857933161613 0.7013602974955884 4497.649639751209 -0.000530916888586166 0.9013154605089896
1.1374589024868527 0.8040405400357724 4978.344662392056 0.00022431420787056335 0.34577009335492903
1.2701339203219106 0.7358248315384952 4425.822338674081 -0.00048569199465908064 0.6603967469225587
1.2701339203219106 0.7358248315384952 4425.822338674081 -0.00048569199465908064 0.6603967469225587
1.0032851323023657 0.7485742764459435 4910.988808050051 -0.0001402210091118447 0.22846774898819666
1.0946784386821107 0.7664518579971074 4666.039148618175 8.764980495230594e-05 0.2726754405127343
1.1672486235303157 0.9388814153326545 4827.225161956063 -0.0005538958830411558 0.5427066754708604
1.255248070602796 0.7937050914388928 4622.97576092828 3.415747852367344e-05 0.7468097532831618
1.09445570078216 0.8423645575455561 4713.343748765685 0.00022587713261476154 0.3312298276988881
1.2736627503670124 0.6909581506400794 4816.926501640914 0.00010913473029573384 0.7262569438230257
1.2736627503670124 0.6909581506400794 4816.926501640914 0.00010913473029573384 0.7262569438230257
1.2906991874121663 0.7303474978011508 4592.601437764817 0.00041666409236563827 0.3541213842489224
1.1441469236071438 0.8380878100650082 4376.3680756660715 0.00016240881008072194 0.46115811464909
1.1441469236071438 0.8380878100650082 4376.3680756660715 0.00016240881008072194 0.46115811464909
1.455095834918489 0.6812512824760767 4902.480451589459 -7.428732333111397e-05 0.6593849505046169
1.0918178944750192 0.8804784497493958 4536.84740011147 0.00035814062014757924 0.3342566256000772
1.1532168237924747 0.807424331595078 4294.47895504669 0.00041289990622690276 0.4273922145545109
1.5225776242774032 0.6251825750245714 4804.157172792712 1.2851117106143057e-05 0.5246700696438158
1.0121508444510958 0.7440971372847711 4948.228486799519 0.00045251092114145027 0.2619417805023386
1.0121508444510958 0.7440971372847711 4948.228486799519 0.00045251092114145027 0.2619417805023386
1.114299295756381 0.9789349648077112 4887.437079073972 0.00020715005124474515 0.39908537810914346
1.1468565240326352 0.7929279807422175 4990.980283657127 5.0676553261334106e-05 0.28125049899827537
1.1539922291622196 0.7353297941416073 4751.895260952218 -6.963059168150381e-05 0.21494422279514744
1.4038898996801283 0.6846559320635313 4674.432309754695 0.00028813108560023985 0.5877775955435167
1.4038898996801283 0.6846559320635313 4674.432309754695 0.00028813108560023985 0.5877775955435167
1.53492175699425 0.6205927322031586 4901.4308950626155 0.00032547850921659085 0.5271895487009991
1.4504883852756882 0.6958258469512315 4497.888692260375 -0.000500736855807474 0.8167089480348394
1.4504883852756882 0.6958258469512315 4497.888692260375 -0.000500736855807474 0.8167089480348394
1.2332305387657785 0.8165086499233623 4527.684182819602 -0.0002216081891628582 0.3958143828136398
1.4556042394603252 0.7055207604789532 4087.5939056505845 0.000812044537610688 0.9302837835632486
1.2732526770719022 0.715244403197686 4946.92136710846 -0.00013971294227878167 0.8796487934234557
1.2732526770719022 0.715244403197686 4946.92136710846 -0.00013971294227878167 0.8796487934234557
1.2050729046197817 0.9557008572288432 4944.2938108376675 6.54274343263361e-05 0.6498369746817269
1.3147198917615106 0.7425723902119722 4826.788925632264 0.0006826079417920179 0.64352416617537
1.3608803967000118 0.6316556965095939 4994.004950738682 -4.681281279559013e-05 0.5789236587415556
1.3089203444013067 0.78314590722311 4639.829356375202 3.215858151912464e-05 0.9462099403781832
1.2134006811359879 0.7973414927894202 4425.074977427337 0.00020706637451333606 0.5000685673628514
1.0700361443968016 0.7152037879031079 4814.650390592051 -0.0001078528575120932 0.22319613994020615
1.3025166259181384 0.8404707262936546 4379.156863239376 -9.517112808053416e-05 0.6906174233220895
1.2384715493770628 0.7929440985794574 4674.064683056626 0.00020142761025708042 0.3612812311595117
1.3252901953511944 0.7880489995567742 4472.957353314291 -9.516282685639539e-05 0.6855609184515289
1.2011309102450112 0.7802940460323834 4521.422938119746 0.00047426492051615973 0.4553807356117569
1.1530115218290589 0.811957855328477 4162.410577284817 0.0002558971790539627 0.2986801544788735
1.1674835205078125 0.8156396076083183 4980.333917498589 3.421391144188689e-05 0.3353303074836731
1.5254534656675922 0.7119776215085171 4806.744591162725 0.0004967666348758808 0.8383111474436081
1.0926383626543963 0.8558636168778264 4725.383526732527 -0.00017036569237022196 0.33736550988047664
1.4187868950319125 0.6865371271338774 4778.771501526676 0.0009631940417802611 0.7392910766784518
1.42270887977537 0.6595058870323852 4876.909967269437 -0.0001401296641928821 0.5836513668175722
1.1939530268326852 0.8879141830285059 4651.68133773005 0.0001240122565454518 0.6068125564970461
1.4093226134908063 0.6329025155307555 4999.640725158336 -6.643008547750841e-05 0.5769134792054929
1.4093226134908063 0.6329025155307555 4999.640725158336 -6.643008547750841e-05 0.5769134792054929
1.2160127359415753 0.7974890014799056 4668.511944067091 0.00020744240787140363 0.4201231455385393
1.4158625069305464 0.716992044920518 4039.6699114048056 0.0002642699474703914 0.6682094766274032
1.3803830591727673 0.7077762929080104 4951.463449829708 -0.0003835315534287544 0.7550593142645291
1.3803830591727673 0.7077762929080104 4951.463449829708 -0.0003835315534287544 0.7550593142645291
1.220579638583131 0.7638954810275013 4318.796962830257 -0.0005004676412316851 0.9198926223363948
1.2236601704452816 0.8605461099891593 4229.606389508637 0.0005739647659509619 0.4022618284490621
1.2236601704452816 0.8605461099891593 4229.606389508637 0.0005739647659509619 0.4022618284490621
1.1456090389355575 0.9165779098479265 4889.853135218358 0.0002905113770488175 0.40751136254104287
1.5105561085448729 0.701192890140857 4865.4287613782335 -2.733458670637863e-05 0.8583783772932287
1.3237076911622565 0.7762015936408602 4395.525824235288 5.0626290805665985e-05 0.7702954687714237
1.392171445623338 0.7156904960391767 4572.548713483693 4.060007062272997e-05 0.9762278506833032
1.2747853932723459 0.6870172265029117 4666.416887313048 -0.0006515803061422409 0.7287299864487955
1.28578136550788 0.8755535439704109 4384.154364081849 -0.0002402197104318948 0.5555022458606258
1.2190281808878216 0.8746316699874449 4511.687688490623 2.6624822395649713e-05 0.526027826286668
1.4164465540474986 0.6653787978711275 4992.79338653344 0.0005941615590138621 0.5795247876591695
1.097152151112217 0.8659775543363556 4899.3041313644735 -0.00015173991635200276 0.3262513172716982
1.1998050021047328 0.8817182038923915 4862.498427268715 -0.0007843243340931864 0.5054709749695966
1.1090381857839666 0.9035426613186338 4957.3223608969665 -0.0005098490838791495 0.37894710107126156
1.1090381857839666 0.9035426613186338 4957.3223608969665 -0.0005098490838791495 0.37894710107126156
1.0263867089481564 0.8598938840786511 4760.707239158829 0.000498972305199711 0.32989617529010085
1.1021112188416116 0.8719922578024668 4982.027238932196 0.00022250156604392772 0.3781403959665487
1.1021112188416116 0.8719922578024668 4982.027238932196 0.00022250156604392772 0.3781403959665487
1.2448149596942402 0.7284610635335586 4710.661159125499 -0.00044708522287022564 0.4104409063330277
1.1540324328987042 0.9033578700060005 4621.484509447095 0.0003015421630218547 0.39384810844913876
1.093471505110208 0.8261539170709464 4684.591501440694 -0.00029247797181440366 0.3331408552994714
0.9925291646783888 0.6917363711716396 4794.954654933293 3.634141552889959e-05 0.20342488387787283
1.4580977708606067 0.6866984467531749 4405.447158293105 -0.0007078168504635665 0.6505870763449804
1.3131712377113542 0.7168983857793627 4708.190043511609 0.0002952948689753043 0.9186663840979226
1.3131712377113542 0.7168983857793627 4708.190043511609 0.0002952948689753043 0.9186663840979226
1.325083835376419 0.7691033587905531 4492.485373362807 -0.00019116611802926962 0.4654197228754403
1.102987192885759 0.8765342969263766 4795.701269944412 0.0006866264720644405 0.3906888525430614
1.2358330158898292 0.9026367142297939 4169.834361530081 0.0006529951314461905 0.5305182487533067
1.1218844540594948 0.734343424122864 4615.240457495783 -0.0001728524299372537 0.235000992364876
1.067813090276234 0.7579675060645785 4619.365519754485 -0.00018941586505170427 0.2742103778005063
1.1097850753133516 0.7879083885479452 4671.634291357808 -0.00010516363735384846 0.306920837726118
1.5814308914274653 0.6138100729357144 4344.009909901963 -0.0006702459469198967 0.5383272927582003
1.2524907850266014 0.882404613663845 4982.4894855519615 0.0004745885181576327 0.9039724496647412
1.1798471582398748 0.7872891249424776 4303.54619887181 -0.00015708947640049085 0.31970993242311807
1.0621701220150173 0.7437556636673518 4918.808319679496 -8.844246748538514e-05 0.21282212431702247
1.2721148243167364 0.7434509885671858 4413.358867422242 0.00011626036443063144 0.31054947879105266
1.1565442415039164 0.7253575890953029 4352.424489896275 -0.0005421874255236883 0.21045581113927841
1.1135463694715795 0.899788154950331 4443.204375609524 0.00013369692705627996 0.4280555918115637
1.2759754562734162 0.6716642434451645 4820.885627983785 4.203504676590018e-05 0.6362319855655185
1.4052972555160523 0.7069412022829056 4871.308036386967 0.00024226758558690539 0.9044840931892395
1.5342488356106452 0.6832011311242463 4794.413241933786 -8.421308837473975e-05 0.8359000417048861
1.1166891516965047 0.8537140359106744 4871.0132155600795 -0.00016439398868371677 0.3625477057673445
1.4158746968164897 0.7287756644020894 4891.966756286543 9.556204644751649e-05 0.9325921279878543
1.3020227929179662 0.7318679206387603 4853.864893862857 0.0003644243973132321 0.39604749355699076
1.2996850238082716 0.7044141364284929 4588.52310933725 -0.00021144456179798913 0.7328871996589394
1.3933698904602227 0.6551658797605249 4803.674291114809 -0.000626826334920641 0.5318901554070405
1.2258763957272079 0.7116471547015613 4942.6963103009975 0.00040981378388116037 0.4162226603971793
1.1183888000062603 0.7623456493576484 4371.5961866271755 -4.625848926569249e-05 0.24798336086171174
1.1432850307464821 0.8622123746561932 4820.761043691368 -5.756362947612234e-05 0.6369106383519887
1.081134794366795 0.8196460135025511 4722.990931425644 0.00032762883816693793 0.3768314369011134
1.2498838502180418 0.7195255351694521 4613.9802025349945 8.527519629641537e-05 0.764584719035876
1.3949046170440877 0.6518356926473502 4991.912836114299 0.0002693514187695579 0.6172452040131144
1.388718684879602 0.748065614188291 4960.665752855061 -0.00021653687433729357 0.9186600853323623
1.2276794694223954 0.865316241264078 4731.406530897678 0.0005195936117860315 0.7397014563557461
1.2348441420726877 0.7414921776473562 4485.736814200912 0.00046658464243448975 0.5802813979014539
1.2348441420726877 0.7414921776473562 4485.736814200912 0.00046658464243448975 0.5802813979014539
1.259546205158058 0.7529377467764122 4060.783655941861 0.0001115433551406096 0.24990636600267035
1.4527617465399212 0.6085467304856722 4936.106038022245 -0.0003507412033851562 0.5619062903937431
1.1483950758682606 0.9394411903375933 4182.1068939466395 0.0005828405853846157 0.46352040501168623
1.190834179321629 0.8356084527085256 3934.065305096977 3.972497170611576e-05 0.4411398569759971
1.3855598098125395 0.6453917495595479 4795.544769996228 1.2895134314218165e-06 0.5767625555013638
1.3855598098125395 0.6453917495595479 4795.544769996228 1.2895134314218165e-06 0.5767625555013638
1.241316657817733 0.8052268131298747 4195.572421412433 0.00040099628634234836 0.3672598954751108
1.1394783974533853 0.8943394378728263 4681.425167779892 0.00020840663788194617 0.47485104109898296
1.0039157883456207 0.7955180082822166 4859.181209773305 0.0005122393434698586 0.2901843942742276
1.0039157883456207 0.7955180082822166 4859.181209773305 0.0005122393434698586 0.2901843942742276
1.2290317434743414 0.8125659443089047 4932.675368025196 0.00031915466632939855 0.9522967828533654
1.2767725800415555 0.8432235511164936 4690.318479327608 0.0006732481669318933 0.432235698898759
1.3462177949896916 0.7063442368227071 4959.410273278128 -0.00027124151703183567 0.8524582340676978
1.2463028154513955 0.7410057290500622 4894.138565337874 -0.0004814433013805788 0.8964698972428395
1.2100665076447412 0.922312332845584 4895.528471551254 0.000768277218782244 0.5085659331080916
1.1433435702872503 0.8491224683019621 4625.750303234078 0.0005708058917386521 0.576694381187867
1.5428265848918299 0.6988487573384952 4933.613721669892 -0.00016732006662365399 0.7650857448604855
1.4279194748494892 0.610874130836311 4602.560467283826 -0.00030113072263026247 0.5102899860565768
1.4279194748494892 0.610874130836311 4602.560467283826 -0.00030113072263026247 0.5102899860565768
1.2404887290543072 0.8237502385251506 4352.052443176695 5.021089988482455e-05 0.3114128431504831
1.2404887290543072 0.8237502385251506 4352.052443176695 5.021089988482455e-05 0.3114128431504831
1.1907022102720828 0.9895190783782233 4899.312587804199 0.00012661822559165145 0.4990780986429123
1.129100949426384 0.8582977908888985 4881.462984857902 -0.000172351375788086 0.3867832773241337
1.26300871097788 0.7118199927446331 4673.824782185328 -0.0004996114142800288 0.7175878097119043
1.482064555381137 0.6014438621421685 4915.770378393459 0.00043802832359271336 0.47673836729239055
1.2032351107119639 0.6578052710286413 4636.0764445293025 -6.975786514652521e-05 0.20640906231539702
1.1367086952863477 0.7019503523975379 4804.459043666242 -1.571656363861872e-05 0.21140370514465778
1.102967615093383 0.7552260322158686 4632.653764431927 0.0002397249936910671 0.26249864118321214
1.2646073410584702 0.7424435772338239 4549.042381373991 6.782478104132372e-05 0.41307158045865444
1.2646073410584702 0.7424435772338239 4549.042381373991 6.782478104132372e-05 0.41307158045865444
1.1802555777036015 0.9120374463321502 4875.220370115379 0.0001845533942491927 0.6057045989058083
1.1802555777036015 0.9120374463321502 4875.220370115379 0.0001845533942491927 0.6057045989058083
1.1530054409276471 0.8358003979669022 4705.033787411167 -0.00035706423369518607 0.535450338194132
1.4711913476940248 0.6694795285286476 4876.200517087671 -0.00018025521375933227 0.7024770723668287
1.3629986553401525 0.6297657956959124 4787.42262358586 -0.000140506353399199 0.5781295066644138
1.175924002856533 0.700704477818589 4973.314783877792 -0.00039505383484821625 0.2702285155631746
1.2328453724585047 0.9375550094783744 4413.814976805026 -4.310319332116102e-05 0.4752228496542593
1.2328453724585047 0.9375550094783744 4413.814976805026 -4.310319332116102e-05 0.4752228496542593
1.0501110148874098 0.7516988621664118 4329.83002256554 -3.898497065658283e-05 0.2510210198454135
1.1689137376797714 0.9109392563489369 4936.059268552041 0.0008305889854658974 0.5351809286327697
1.4118507420526294 0.7255612206702511 4039.201347312615 4.573795845813565e-05 0.7901961100939082
1.2914436861282692 0.6935367049522375 4927.939001116354 -0.0004804987302845784 0.7830016114616308
1.2914436861282692 0.6935367049522375 4927.939001116354 -0.0004804987302845784 0.7830016114616308
1.2151417572856793 0.9393548785768548 4664.3217123611685 0.0001359480276360887 0.5774876002192768
1.175926256306688 0.7307335866463469 4365.29588011578 -0.00019789531339223427 0.22979339826845785
1.2025965442132982 0.7625125194478176 4362.988223159474 0.0006676198490061335 0.3891780484024564
1.088511561513599 0.8109793539091202 4087.4242676846825 0.00042812016876104923 0.28924638344661735
1.068994092541228 0.9258895227446283 4752.475300575345 0.0005818319411592312 0.49905966316745276
1.4559742966577631 0.6515929396030955 4832.7693432108235 -0.00012327296702759204 0.5521769518618387
1.4125189531249478 0.6619511743260378 4728.564145822943 0.00011872747317631262 0.6832556267340184
1.3626027604939677 0.7100246280993432 4805.017118591655 -0.00017144126130587092 0.7352199938034903
1.357584939796444 0.6049538493649396 4830.283449635797 -6.552980134740942e-05 0.49602506974675226
1.2159417762870308 0.869884662303679 4259.367624812888 -0.00038316448618870547 0.6097913296989148
1.2159417762870308 0.869884662303679 4259.367624812888 -0.00038316448618870547 0.6097913296989148
1.2227337215462162 0.8961889025825848 4943.451300887781 0.0001638394899810683 0.5068107118609035
1.286199711255895 0.7103401631610714 4429.499761804451 0.00037134586561705273 0.817927544186561
1.277251918246399 0.8127552009041019 4592.482594650966 -0.00011797252264562226 0.6083285044380344
1.2577202572494435 0.761765507833643 4506.931143407883 0.00020449091934828136 0.827567747300129
1.2577202572494435 0.761765507833643 4506.931143407883 0.00020449091934828136 0.827567747300129
1.4507625401200612 0.6414317446511015 4848.751830629914 -2.807436612281701e-06 0.539863354498363
1.135843166758644 0.8895224717551655 4904.759136691269 -0.00026216200533486946 0.7348998890439631
1.2063462542043004 0.784945424098219 4169.533174950724 -0.00042367038074187527 0.29521663872239556
1.15459095457638 0.8386801865016454 4802.985017428169 0.0002710249459388705 0.38113516365486017
1.1610604789737191 0.7535661250007378 4966.401868671627 -0.00027253721320482586 0.3218395022841546
1.443614154123643 0.7123509942049797 4922.258343526689 -0.0002953030943588135 0.8464245841888958
1.3781396690818903 0.6614875999335137 4939.912816608956 0.00023263207542888593 0.5877945548434033
1.387634197086723 0.6528210105422867 4816.945468016475 -0.0009610748985511316 0.5575196244088733
1.2123618193536811 0.8442659205638593 4622.634486269075 0.0002958005494168902 0.5484890617807912
1.3464978182848695 0.6951215713501298 4809.015339092829 -1.7614138802399293e-05 0.7104689189657669
1.2285549910623736 0.9435645605371922 4901.617516785951 0.000378967288184783 0.8052240836629748
1.4597137632358872 0.6821156533873537 4636.6701525629205 0.00048426998350207216 0.6306043440546193
1.2172518090590745 0.8633826268769373 4476.673433543616 0.0001790725095985892 0.4887917421446806
1.180259449155161 0.8431457755917542 4920.736283421579 4.7589979631578434e-05 0.44004472772136294
1.3708168734476947 0.7099947159920592 4921.406210716287 0.00017217281422132933 0.8561492735308108
1.0688838607604767 0.8111397946451148 4712.698105355263 6.892405167374519e-05 0.32121194142256104
1.242849325657994 0.7590039946378185 4775.121812973385 -0.00016352816916306067 0.34527272000479436
1.2108144964079945 0.8586980901149519 4126.017204984215 0.00038619858760488145 0.42911011700929563
1.2450112685130215 0.8135181472872817 4371.957901311246 -0.00047321960818475146 0.42945557869568796
1.231347404681642 0.8035817727072893 4522.85090131677 0.0002133190192246819 0.7498785461960973
1.174052822430935 0.9359520906498662 4502.931395082698 0.0006113583042183698 0.4585353919751483
1.135800125246038 0.7650961033832282 4437.23728667327 -0.0007376015642199651 0.38607024877506035
1.2704785467682638 0.7591744740880424 4963.198970205393 -0.0003900590287342542 0.786319970929196
1.2795834941080404 0.8055842721640176 4598.039156418125 -0.00010876860270409297 0.46620650666826335
1.1942676584144032 0.7208777513507721 4732.405942307144 -0.0003165192539731096 0.25384888967518693
1.4820075990159056 0.678364813592853 4998.079653442855 -4.327338592223949e-05 0.6925706941271187
1.4820075990159056 0.678364813592853 4998.079653442855 -4.327338592223949e-05 0.6925706941271187
1.1640367665226077 0.9046179105477267 4852.573857918885 -0.0006878042345584888 0.48746048134820713
1.2500738902565516 0.7329626055766489 4520.447056564603 6.446947380213985e-05 0.7773202883663417
1.020043294182593 0.7721587047851967 4976.329035738844 0.0004331651977823411 0.26313315085168587
1.344836157568928 0.6915248082518152 4914.516504580501 6.227505536936309e-05 0.6070360340914345
1.3370723656641723 0.6622659612637973 4820.463602915724 0.000290399701503246 0.6221450467686915
1.3370723656641723 0.6622659612637973 4820.463602915724 0.000290399701503246 0.6221450467686915
1.4127350097200182 0.7112302092686364 4427.9736716608395 -0.00011710420806557736 0.8034160361112995
1.1992488445378495 0.8387643535850817 4989.03288274251 -1.0673315121456984e-05 0.5331854355198533
1.1506623797763198 0.7571949451665663 4708.9837714247205 0.00021433628001332395 0.2620764245826633
1.166277898769668 0.9127864364010785 4731.748220633588 -0.00027841033747708945 0.5656491545541884
1.0617506750853432 0.8780984847439883 4974.6989967966 0.0006435101355467368 0.40888639786713254
1.4207876965950677 0.7057906116941705 4822.467980320446 0.0001419711372391321 0.8397038184485333
1.2063497198724156 0.7631520775121907 4674.128048308806 0.0004321830819839517 0.23085095642166512
1.2877170746968252 0.6727349511698097 4901.629984757747 -0.00040277927394280635 0.3827529612236501
1.3634342418486947 0.6453062574699772 4867.44537433947 -0.0002498424793869235 0.5406598620923014
1.3620721242159233 0.6656165781637322 4354.035937807854 -0.0003373701697205476 0.6560942135636025
1.2844640636724152 0.7702610751011003 4639.7440049851275 -0.0007293251619271471 0.5814871751829123
1.2844640636724152 0.7702610751011003 4639.7440049851275 -0.0007293251619271471 0.5814871751829123
1.1484369289112117 0.8348905287068508 4671.870128314834 1.4112219046016292e-05 0.38057007255363784
1.477288668771385 0.649309425552684 4869.4453998316585 -0.0003045849145046818 0.6668652005732976
1.477288668771385 0.649309425552684 4869.4453998316585 -0.0003045849145046818 0.6668652005732976
1.2890815057869491 0.7354002625717415 4947.668392123433 0.0004055469890251101 0.8093087005558537
1.2554728515434124 0.8094468712057974 4581.825417589692 2.0162737399452156e-05 0.3228229233742934
1.2830437976669824 0.6770146575622863 4438.026846248235 -0.0004916176637408397 0.6515144315704722
1.4237865548123083 0.6565165143552942 4961.556572904901 0.00026716169952679177 0.5556641501831666
1.1991859738138615 0.8155116031308389 4485.969803999784 0.0003035700849238711 0.5783203189314102
1.1676344394683837 0.8328887298703194 4492.830480515957 -0.00035949389877343074 0.34095609188079834
1.0629592970817792 0.8109793220389911 4982.524125378087 0.0001909586399950057 0.29554411645420614
1.3532845507617242 0.654812547278203 4888.513772551969 0.0001901873220050327 0.6405795918238314
1.3128888446736031 0.6828282658941117 4868.4817963205105 2.0256196943782236e-05 0.8051759597431968
1.1842400583891255 0.8500171772146609 4940.888978329996 0.0003675053167658482 0.37414701458278143
1.4521741148558136 0.6370705562929398 4979.699729726354 -0.000235772871144547 0.5509022517676149
1.2455457499537115 0.8346055136845503 4794.422753709308 2.556275335848326e-06 0.6653235859930642
1.1579363856111182 0.9553154244138733 4344.205441982869 -0.00025045654416098166 0.35304934190285053
1.191724078921141 0.8338731234809225 4308.64263956959 -0.00024780463315190906 0.4685379514638667
1.1483247098857328 0.8210170229272757 4604.097321964322 0.00032215803098713285 0.345913956929072
1.0684270244836829 0.7019977997107091 4882.455404083085 0.0004595831760059067 0.22639508265263708
1.0684270244836829 0.7019977997107091 4882.455404083085 0.0004595831760059067 0.22639508265263708
1.1280691988791711 0.9324511408257006 4877.110876323488 0.0002128318835328678 0.4076226348589833
1.1708590447181138 0.6845076935990801 4340.179933353823 0.0008985538634833341 0.4380678637363664
1.2366263812673803 0.906655021967254 4767.415499356004 0.0003924401927320483 0.8613209709918461
1.3804752549768227 0.665314723810189 4944.560255267924 -0.00014959379557275408 0.5913259006599499
1.2725436537527242 0.8018757813851917 4784.850983712027 0.0006658581285161102 0.585411320517892
1.5397073663032994 0.6837372415537888 4987.460867491072 -0.00018290083654635118 0.8230692589925651
1.5397073663032994 0.6837372415537888 4987.460867491072 -0.00018290083654635118 0.8230692589925651
1.3896861807862386 0.664250480432971 4601.267524257714 -0.0001297943526770174 0.6122959044777474
1.2641931630494412 0.9580362498273582 4300.537826172238 -0.00043431867571841373 0.5652706752951131
1.2169001035192972 0.9105424904403682 4838.763091434305 0.00023040094395865963 0.6514306090706262
1.424254731512102 0.7018059830774257 4410.270130505975 0.00011456979085486348 0.7964790778419082
1.424254731512102 0.7018059830774257 4410.270130505975 0.00011456979085486348 0.7964790778419082
1.1645985080294423 0.8898663654582056 4452.224713259334 -0.0003695556369361194 0.5224423188744651
1.3582894968341832 0.7237633829565343 4931.060343536766 0.001109503062644723 0.8897108492359659
1.3298675103323054 0.7586711165010838 4775.113860074332 9.081101643689855e-05 0.836451935409558
1.555636623415832 0.6788780038937537 4840.610392973738 -0.00044544520675317295 0.6984225154476538
1.2654172649601028 0.686344968562426 4922.824529537834 -0.000169420358168301 0.34661470635418695
1.2654172649601028 0.686344968562426 4922.824529537834 -0.000169420358168301 0.34661470635418695
1.1303467665720683 0.7296463433423834 4881.939002966206 -0.000279124738572955 0.2330085239712889
1.1303467665720683 0.7296463433423834 4881.939002966206 -0.000279124738572955 0.2330085239712889
1.0076468609966545 0.7316174414140738 4937.763248964281 6.25532653112384e-05 0.24485227212434602
1.0407994682108723 0.7082229650466506 4629.997414302839 -0.00015972370064533967 0.21718195687321573
1.1027048069466905 0.7563732639283185 4989.408130932687 0.0002275000384652227 0.22602673785869626
1.2882124623033717 0.7225610017446202 4684.437349502243 0.0002478685987964886 0.7780773094223841
1.1116625836096505 0.8740072853013956 4463.219235800941 4.327312894108212e-05 0.4041815110266505
1.1237184805482605 0.7129899777195065 4645.161668504181 0.00015025180256932465 0.2344247880653869
1.1237184805482605 0.7129899777195065 4645.161668504181 0.00015025180256932465 0.2344247880653869
1.1320732725336518 0.8883397503501541 4804.819874761008 -0.0009635319724707418 0.38138732683183724
1.4706794776616325 0.7103035445462986 4573.398672896846 -0.0004577960441873053 0.9018376820973215
1.2791732869801609 0.7363136778740513 4771.082625321867 -4.009422113992386e-05 0.9392288215315073
1.2974533452107397 0.6782129111873386 4644.542389871339 -0.0006346178735524915 0.6463477253665415
1.1125688598500234 0.8158058254763471 4136.397689179672 -9.863341909937135e-05 0.3289565191463279
1.4779746548933526 0.6944252065013354 4835.42236718784 -0.0003770884499584337 0.7376578836101615
1.2279636085935814 0.7632484113465012 4056.530372858248 0.00020046029188132894 0.2509648550003476
1.2385035149587984 0.6655808386134894 4830.579674635036 -0.0005055450028266678 0.6109964660311408
1.1710872010280098 0.9397374262323455 4959.795375244839 0.0006915479470107063 0.5980440088022653
1.1750916533825055 0.9765093075672815 4974.9813907282305 0.00020576391870582713 0.6837736949612363
1.145200682494796 0.9470357143414205 4986.968460557376 0.00037747729975455346 0.5107096528819843
1.1847628730061968 0.783727774417423 4833.3102428658085 -0.0007103494680954966 0.3473510807403116
1.1847628730061968 0.783727774417423 4833.3102428658085 -0.0007103494680954966 0.3473510807403116
1.1367088385745627 0.7761698939544155 4898.289574346806 -0.00013407023801000753 0.33210194627294554
1.2438419048963505 0.786550917886017 4460.425995818152 0.00029757493295293143 0.5066241002412994
1.1611813085086573 0.8671005455990011 4931.5397492995435 -0.00011840699069465968 0.4084473092133192
1.3223626346465633 0.7486325260139705 4869.191740431046 -0.00041489516400778145 0.5215848628227365
1.2096506318432128 0.9114906900431271 4831.8832479548755 -0.0007466000725103172 0.479221233484444
1.1747338195861594 0.9904274173746286 4884.191316223784 -3.340481871519743e-05 0.6880766457338378
1.1747338195861594 0.9904274173746286 4884.191316223784 -3.340481871519743e-05 0.6880766457338378
1.3274872328310774 0.6629796896660956 4797.950843970275 -0.00011309477164266586 0.6429511558667942
1.3274872328310774 0.6629796896660956 4797.950843970275 -0.00011309477164266586 0.6429511558667942
1.232041616802403 0.7725497030342977 4201.902759422901 0.000391936853682844 0.28091755877871755
1.298668637565423 0.7124562491304561 4679.3368703015985 0.00025873599557571996 0.6245100003726478
1.2818230960304746 0.7418455883523805 4139.494171043254 0.0008042904957112198 0.9388865825015271
1.21886524024269 0.9456548133346331 4841.648139092518 0.0002930726749872233 0.5644313843670195
1.21886524024269 0.9456548133346331 4841.648139092518 0.0002930726749872233 0.5644313843670195
1.206580667340283 0.6784947220044298 4790.0259963922745 -0.0006557845018026091 0.27648646627310514
1.150326286198012 0.7449266956085163 4836.979417216923 0.0002863830198345899 0.21987092279120457
1.1792105431819788 0.8389815941033119 4960.710682876117 -0.00021431573948772515 0.3979680459496062
1.2863229786532142 0.73881187126701 4685.414591581984 -4.6899360274209804e-05 0.6350961155456953
1.1233417490904047 0.8478492660330876 4772.513313919074 0.0001752705825399457 0.4648328994615353
1.2880303813329606 0.8135314460200151 4831.113511853673 -0.0002846319068851924 0.5015871702235983
1.2623277714915617 0.7210321061317941 4967.343774456788 -0.00041875168628918984 0.6421732319385537
1.250489605323758 0.727152266543542 4498.524729637964 7.187933240702113e-05 0.9559543495241023
1.4684323336344025 0.6767828149059197 4569.0014191290165 0.0002660046386913088 0.7314855271634597
1.2475465024533336 0.9265913923777714 4607.198430625164 -0.0003859156114841813 0.682870379105555
1.2475465024533336 0.9265913923777714 4607.198430625164 -0.0003859156114841813 0.682870379105555
1.3440155608020838 0.6831948530726477 4894.977004258064 0.00031125192138327064 0.730416108611942
1.2853322852446594 0.7887564094733532 4639.799200438452 0.0003045037823357237 0.7004490110969949
1.3498069695550203 0.6409845541885351 4946.106215795168 -0.00016304636735045772 0.5426410832838671
1.2304008675710114 0.9430439698171365 4804.0379255634625 -0.00035461152940837387 0.9104368263373179
1.0558307005167733 0.7520460953742196 4973.417284087729 0.0004065593790263611 0.24876159421827293
1.2612259164237334 0.8626164312585007 4634.125962922782 0.00020078948970713361 0.696194671794607
1.2503704759024086 0.6842040628320137 4712.587904517864 -0.00011180956647375296 0.5092211385676938
1.3231471739017746 0.7035445192686818 4832.9142773629055 0.0001453624895261868 0.572607883932817
1.0357929205210208 0.7461196510845067 4827.471495794515 0.0003694681863879929 0.2415943295954065
1.1732699315414195 0.8134220496255571 4799.660287796068 -6.071332140686023e-05 0.3864862093894646
1.3126509807248197 0.6783338239815253 4506.618678429047 -0.00017886337008239832 0.6349615843951105
1.195063862959094 0.7608851574164873 4678.851771633587 0.0001403905305540831 0.5748139370725485
1.1960895738234312 0.8953404614578662 4405.382577173968 0.0006562171427701139 0.4498244548630963
1.1776626131796006 0.827677572952461 4778.3224957437005 -0.0012617445602585112 0.572565785612319
1.3723735208139396 0.7680324328584948 4568.778565129663 2.4686922075011397e-05 0.795285239474784
1.1593962276591878 0.8827364832556107 4572.135704198867 -9.135643165499549e-05 0.3883232755739523
1.1593962276591878 0.8827364832556107 4572.135704198867 -9.135643165499549e-05 0.3883232755739523
1.4113000701291167 0.6655534190261762 4953.862560837521 0.00010264440528653427 0.6571144926385905
1.4146716433409563 0.6895102871688163 4310.693188483073 -0.00075347444238998 0.7865264242946531
1.2341296003445084 0.8297596660012306 4669.013732727015 -0.0003997739815625958 0.572284614298739
1.2239221827040687 0.7566864849875571 4553.444231987659 -0.00023332436260784984 0.40133154017134137
1.3550246909042625 0.7098204762271807 4822.805048227622 -0.00035931467605775487 0.7126910674717472
1.0701724125902128 0.8996109648790265 4903.283643323553 0.0003739947544964182 0.4432259537939829
1.1126961323491869 0.8345861451985478 4522.25999357164 0.0004662687836042769 0.3670811031031235
1.1372271248400359 0.9212716988426832 4841.044925722158 -0.00018780471337893358 0.38959116257687415
1.2473797586389692 0.8455855026680031 4476.392898757329 -0.00011965114490665992 0.496707381378559
1.148748553088286 0.8183376893426278 4164.2204706796765 0.00013245602441248682 0.324008089832867
1.3939154122253337 0.6892240651538493 4978.445997918793 -0.00017122511808623038 0.7663222742722181
1.2660857536373413 0.6460443949199559 4904.1914345575005 0.00028284774397215257 0.5358545463431181
1.2660857536373413 0.6460443949199559 4904.1914345575005 0.00028284774397215257 0.5358545463431181
1.3827896732334495 0.6946749027480633 4973.375089301442 -0.0003591856985647567 0.7405665231816814
1.0624287008699143 0.7286479877236102 4981.90483069456 -0.00021279215135232993 0.24005552821931372
1.394199994095005 0.6867135093368084 4506.631727857959 -0.0001035860727934935 0.7025391071569412
1.1978507135887115 0.676398870381697 4536.453360223058 0.00010353825433350875 0.21596839504705745
1.149550642006072 0.7010959073435358 4872.027188244609 0.0002504686687712716 0.22991453388189834
1.5014447130094204 0.6423147652282781 4941.03850036806 0.0002622171839227992 0.5434337807655518
1.303159936118491 0.6771894987260918 4889.154187940329 -0.00011279927810252825 0.5177709145787923
1.2342125790715657 0.7735730611191529 4533.169681679701 -0.0003100212879797781 0.6264333026388981
1.1683927929356492 0.7521191171605182 4492.259326278131 -9.879476548922344e-06 0.24177438921860966
1.4239716280018908 0.7485960778678203 4164.922393235106 0.00040376160202279813 0.9695722046028015
1.1543845874907421 0.9747796293785684 4905.495995673184 -1.632073355363113e-05 0.5233324356338911
1.1543845874907421 0.9747796293785684 4905.495995673184 -1.632073355363113e-05 0.5233324356338911
1.2641102862151936 0.6406704568440995 4868.764746393313 0.00039832549325645753 0.5015577844040227
1.208187332043144 0.7282343945841467 4386.771067908947 0.0004411230148877611 0.4565568884346336
1.3250232685229753 0.8206437932811876 4566.225489968841 0.00041387483576174903 0.5210681556820722
1.3647811199214166 0.6684043984827174 4788.142634790769 -0.0004102129790594476 0.6972643086844341
1.2113939728972847 0.9347968735760516 4955.953845188575 0.0002116508881050976 0.6002890056616382
1.0630107573184413 0.8537575041125588 4797.569460229754 -0.0005966636164192471 0.3325309420435615
1.1989030263990745 0.855723827890708 4914.308396846153 -0.0004589209444888927 0.4960938961392769
1.2477770209889445 0.9302389660386883 4840.681305653088 0.00033973472078911514 0.7782396402207153
1.1704929694602948 0.781534641726066 4875.411671507218 0.0005091112146286853 0.3061297746463127
1.4348934364923494 0.6436368624407853 4784.494037210135 -0.0005531463665674685 0.5813934502577041
1.263322312513387 0.7471659058579678 4539.283841821497 6.706224744477176e-05 0.7430671817901173
1.263322312513387 0.7471659058579678 4539.283841821497 6.706224744477176e-05 0.7430671817901173
1.2142666918679534 0.9037810654546582 4491.784480669188 1.3724785158130236e-06 0.7245091400726346
1.280246071437077 0.7177450915342803 4233.786580172337 0.00026815622295258025 0.7917401401215556
1.3719296065591577 0.7503413453567882 4379.922467429927 0.0002820308230283216 0.7040706011633242
1.404193509394712 0.7122209488850126 4989.664667389566 -3.39819968668032e-05 0.8358200357663552
1.1486712965799786 0.8000246747204879 4963.7583802632835 -0.0007425883621039596 0.3417727635817429
1.329697139574881 0.8732371223179987 4747.697392206471 -0.0003701204567902171 0.7116342506058572
1.3331580812831176 0.6579100562854123 4705.213071919824 -0.0004701524054332586 0.6475478614894632
1.4039479742116492 0.673265612868928 4644.8745044967545 -0.00015196512749949653 0.6523274996843497
1.253252993593974 0.6779080378440316 4403.033325541276 -0.0005958167092628357 0.3524897568128832
1.1375658286334014 0.7858112675119826 4919.325274420474 0.00016083646131363722 0.26957324088728424
1.3836736413144428 0.7173746955281317 4524.567244919106 -9.752186981655518e-05 0.9498832321404476
1.3836736413144428 0.7173746955281317 4524.567244919106 -9.752186981655518e-05 0.9498832321404476
1.2490270022350785 0.7876590222172509 4818.907280677767 0.00014160973151491007 0.5424194414822997
1.084360276322494 0.7992882656384018 4463.385344099917 0.0004235018734936518 0.3328482151597354
1.1205427843752425 0.8156725417052534 4511.8829311181835 -0.0002596582852251565 0.3337096795190039
1.2085241710920596 0.8162336648953683 4958.569026127034 -0.00040429262189442766 0.29377704453438885
1.2041567840051122 0.7156106462037789 4489.815270056874 -7.147078573124783e-05 0.4184365174768454
1.1255038822843264 0.745194833811534 4592.259096500358 -0.0007128926628676807 0.2544485679812333
1.3195198023270092 0.7290106108212608 4395.178309422793 -0.0004391167652564221 0.5330575963066948
1.1921523574314112 0.784365191374055 4779.08449414467 -0.00033225664800781013 0.3525195110105933
1.20968705435354 0.753571490533765 4858.113395136803 0.0003256490702174294 0.3479617030054293
1.1725925036919556 0.805091830599964 4630.553009186578 -7.476294187663464e-05 0.3134724130644725
1.396868401213188 0.6435366931765216 4705.036114627966 0.00026383124170249674 0.5515090126541482
1.1383571530075094 0.9136863576450169 4761.058323439422 0.0002253972833485217 0.5901658350102028
1.19626437087037 0.9455498372388073 4949.286645694064 -0.0003393450818502287 0.6722645765968772
1.1186389731190662 0.7701402808226208 4674.540317688358 -0.00022685952025896765 0.28734841361628694
1.4563526726748894 0.6201309764360865 4920.704814331443 -0.00038130356689139623 0.4847339606530885
1.0272844381699244 0.7328104995903508 4805.258737301873 2.5355815366946672e-06 0.24696049078373816
1.0272844381699244 0.7328104995903508 4805.258737301873 2.5355815366946672e-06 0.24696049078373816
1.125931799872702 0.9737248293244909 4797.124124764104 0.0012014079127963216 0.5092062070783338
1.0562114100456375 0.7725837479210702 4978.441543236142 -0.0003961024303877475 0.28228085280709875
1.2010586034319395 0.845032363376382 4776.625101802421 -0.00033326514899730794 0.37237385289168135
1.2010586034319395 0.845032363376382 4776.625101802421 -0.00033326514899730794 0.37237385289168135
1.2578178554565107 0.7354511327292852 4861.175060061142 1.9732746823911747e-05 0.9421554445281781
1.135953389058577 0.8880592232638194 4698.388733372 -0.0005709339921956175 0.3845295522879766
1.5086403547120066 0.6734626524955319 4671.39831019427 -0.0002476222558453475 0.6657155448055156
1.2844959085960652 0.7117709016408247 4788.847393329868 0.000851283400060026 0.9089651955559744
1.15042619129967 0.7616866569146399 4896.433350824152 0.0004797672493325243 0.26472962052111315
1.2370200011948318 0.8693975806689032 4975.228157766524 0.0007670267538874367 0.9559540902618981
1.2035536755006024 0.8792277907578491 4973.917637994894 0.0005677737933493417 0.9822917157886769
1.3284710117164482 0.7202892123597273 4939.85609740109 -0.0005264099184315407 0.8743514564997108
1.2468007942627781 0.7398550787125753 4625.393647095195 0.00011267524710370661 0.977212651471993
1.2843342639033666 0.6825931256808566 4728.802246712416 0.0004933347498156465 0.5785473315800649
1.2248617642116835 0.7406228034922328 4303.937746032008 -0.0008553774070862936 0.37228658178015034
1.1574268109861772 0.8017559368343328 4495.440020551151 0.00042765618168700713 0.4222977346591353
1.3752634960563543 0.7298199808919787 4502.514214295465 -0.0003887354441182721 0.9576960297336394
1.3752634960563543 0.7298199808919787 4502.514214295465 -0.0003887354441182721 0.9576960297336394
1.447026468971944 0.7163278328257053 4548.913772401022 -0.0002493378093022755 0.9804594627583643
1.4074894423831714 0.673986007732909 4989.683590729009 -0.00025646823376389603 0.769960037589436
1.2952429254851419 0.8698138375573784 4849.247966671929 0.0002491119484907154 0.9283093765870274
1.5266056967976627 0.7160508382430221 4983.731171422577 0.0002664806040289552 0.9339398618719601
1.3311016873074109 0.7130176940521633 4295.493270836281 -0.0002576030835481101 0.7861921527294127
1.144244793797498 0.7031633794646517 4852.3525543075375 0.0004131743748423582 0.21371749958935685
1.242424364263398 0.7374581765924717 4619.205622369909 -0.0010013974554676814 0.8240902192125589
1.3698447137735696 0.7312694119800351 4751.736702724696 0.0001989447948799468 0.8087891145859577
1.3698447137735696 0.7312694119800351 4751.736702724696 0.0001989447948799468 0.8087891145859577
1.1958208577316027 0.7698789640504107 4711.467009241304 0.0004533339529944738 0.45487132588177515
1.2092473984369259 0.9647646878457768 4352.95877970586 0.0004855890162027108 0.4457737307283023
1.253453838206787 0.7921857910363388 4862.9172659436745 0.00022356617770869782 0.5531772778539071
1.1913022845602796 0.928847528936869 4572.951910529673 -4.953715047940082e-05 0.4788073981575995
1.1913022845602796 0.928847528936869 4572.951910529673 -4.953715047940082e-05 0.4788073981575995
1.243498988045545 0.7741297097355347 4839.357258431032 -0.00013054848474472003 0.4898793855267093
1.2008695400115004 0.8632596854833465 4827.96968530193 0.00031205641077445786 0.6469582121799444
1.4673331756710721 0.7003321534836503 4815.236429641227 -0.0003048773860780123 0.7324210620170248
1.1759377381002443 0.7346492813912979 4847.863681879277 -4.714866461933325e-05 0.3594140882341624
1.4100324540661862 0.7213326501966745 4581.775521704766 0.00030275592653333225 0.7757523141943914
1.183115951865334 0.7172411323974425 4654.177035658628 -0.00024624944831893035 0.21913120370397896
1.245937375676186 0.7957161095320786 4889.53253596568 0.0004520770179360847 0.9283581453665268
1.2121088156036859 0.9048249941259966 4848.834936271481 0.00010604806854828367 0.7285965440647701
1.28697461291575 0.8257110608914845 4321.041543079936 -0.00030020109148199255 0.5000532015859503
1.5583588418984684 0.7025661534179957 4899.305529547563 -0.0004573630153637609 0.8930038244672799
1.1382715671032324 0.8099474323612949 4459.097140209786 0.00011551413126006391 0.29465815495088815
1.2988167150235441 0.7859117147457934 4316.024269879174 0.0001980615919704596 0.9427449984144224
1.1173084139145768 0.8380459866204725 4676.3212350269 0.0006404462233510978 0.31014769793961505
1.1874466407226227 0.6816256164810371 4709.212314758016 9.69297886233287e-05 0.19483009154067477
1.3699885550172701 0.6732670785330528 4522.399765352143 -0.0003108916993463499 0.6691896051066005
1.3763638283407622 0.681387300701584 4768.17136349698 -0.00016417489007126038 0.7628866815944891
1.308826092776787 0.6949308487887151 4497.4457205880635 0.0003056152434467012 0.6606743378003583
1.1924872292752322 0.7270007612502225 4774.157180939595 -0.0004375225013166431 0.2388241145509853
1.4167018066129533 0.7067327159107715 4751.310527454359 0.0005382135654108264 0.8085272018389666
1.2694381044408454 0.853712979043534 4140.1208151191795 -0.00042710936773296746 0.5522570848800945
1.1277278952068988 0.9799912876525676 4794.6367951997645 0.0006866801590131083 0.42634342706134404
1.1608124642969533 0.8549924403130292 4671.324386125699 0.00048405419520531105 0.41781080634530327
1.393382889353805 0.7157562105501237 4348.530423640683 -0.0005608962485302995 0.9243500339118226
1.3375175643547172 0.7028121530801466 4962.810579462365 -0.0007416770460366176 0.8604604988299154
1.2762004476567308 0.7086178500678256 4768.038694464455 -0.0007151052605022245 0.764420427199513
1.209404412016227 0.7561489547330221 4551.77686767424 0.0004661675103886781 0.30888407656152717
1.193590237260294 0.9307685511760223 4677.7432917351025 3.910689422015447e-05 0.5697676271184349
1.2037565863775241 0.9115941104324102 4053.7148509959043 5.139978456541944e-05 0.38816344259461244
1.2720362086410963 0.759078072666221 4755.0018226816255 -0.000341678086055003 0.5007139570314838
1.2934312919180346 0.8318746669157349 4272.699044183958 -0.0004208051480464694 0.8732157145358779
1.253904326079996 0.7402120980635317 4376.63160169238 -0.0002778671644743428 0.8656941115523937
1.0917665050081695 0.7583306101682333 4799.042349568348 0.0004981729147450688 0.23608978569979105
1.2686757896153855 0.8462548848104974 4589.863068383372 0.0003229239769518421 0.39351962086398895
1.3603614415626755 0.6759317799930827 4961.477672572083 -0.0004001953980714359 0.6100716939096109
1.403223453607531 0.6608684055844185 4681.736178185343 5.640205081783506e-05 0.6072698282299882
1.061303048890351 0.8547456113897746 4801.841553993092 5.3704860409548763e-05 0.3443818410134729
1.1769604850752453 0.7097774541556872 4272.049918955254 0.0004187829912657939 0.22339367972609858
1.1169833067849355 0.818521266435258 4618.739651201715 0.0001326794250482242 0.290238501817367
1.2391901972803923 0.738508435094016 4392.034720139498 0.00012051883611771172 0.5083379409677742
1.3106832993722315 0.7845414496134202 4668.484964677489 0.0002109258684124114 0.7756003005598022
1.0555070144891476 0.810748129094464 4804.493773222031 0.0004643684064881293 0.32364028754875585
1.293152154944998 0.721357329462303 4392.910756231432 2.372657317947493e-07 0.7356176822895772
1.293152154944998 0.721357329462303 4392.910756231432 2.372657317947493e-07 0.7356176822895772
1.397776557671806 0.726799711375806 4395.29830601847 0.0003368674018722287 0.9425450312652893
1.110570183413535 0.8028744048607034 4861.833548971696 -0.00037091668178726775 0.3040017666468056
1.0687482510986093 0.7442275544919672 4790.123504779107 -8.39815252359392e-06 0.2198157016052424
1.2544046272734886 0.8274257410408439 4921.385073426426 0.0003593369459721615 0.4978932117287993
1.2826670923243684 0.8215858834604584 4921.070221034685 -3.8775667618355036e-05 0.9155598443371246
1.2028618960318074 0.8673870770852343 4765.489256889318 -0.0004265691439372022 0.5945542751059424
1.1257876922641388 0.9186004251921491 4955.64889649413 0.00026022537064884907 0.4355911931729348
1.1368771421602297 0.8482558521948989 4922.217939471138 -0.0001661433822287284 0.397904257592958
1.418600542095228 0.724415517779005 4887.789406238935 -0.00013968566620539566 0.9573840969092872
1.194820059151552 0.7246667301403591 4942.876076808165 0.0004448825125081278 0.3392371938829343
1.1863066026484765 0.7443890286889249 4858.890759236615 -7.849889644476356e-05 0.2813747524100126
1.1819605077027426 0.9356877129014146 4491.717954146608 -0.00013271964999143177 0.4698820504759045
1.3185471668166393 0.7539082068342053 4181.694002694234 -0.0008869345966657802 0.6425222665110941
1.1728725491845777 0.7448640164429758 4530.46303528903 -0.00014182044822242876 0.329096164667177
1.2875935685176938 0.9388694892915708 4249.6840371629 -0.0003254258322997383 0.7935696667123266
1.3055405385181984 0.6696033186839638 4712.842473756823 -0.00042450477847182663 0.621985687576796
1.3713231366454592 0.7119871075110742 4858.144099186882 0.0006729789971363296 0.8243839962515416
1.366510295385177 0.8379818041141291 4060.568895663999 0.00010828723831818675 0.6279251108651713
1.366510295385177 0.8379818041141291 4060.568895663999 0.00010828723831818675 0.6279251108651713
1.2615447636460673 0.7673193292221159 4882.724575279204 0.00040074413531394085 0.7369929954179197
1.217787527966831 0.7315946815843004 4895.7150242017315 0.0006188145971313708 0.265930421602122
1.3123227156818524 0.7808032179262022 4611.035328178506 -0.00034698251136716575 0.5476603417485725
1.0881670531818652 0.9794637824496301 4760.392906381281 0.00036158508947279396 0.40237243298379555
1.1101230595543354 0.9765560829943928 4903.469397542293 -0.00020345876078515173 0.4230729394703062
1.0431757883329147 0.7779040750349793 4841.442582216178 -0.00018004678463907225 0.2734904924648214
1.0431757883329147 0.7779040750349793 4841.442582216178 -0.00018004678463907225 0.2734904924648214
1.271804669654583 0.720622718438009 4233.909237079804 -0.00019894657421912185 0.7609752030248554
1.4313950720894382 0.6545237140103162 4939.650586695043 -0.0001471448198782779 0.6434207748531509
1.526017897637666 0.6452372719936269 4270.987483216377 -0.0004250603429961613 0.6106002930896258
1.1573033117338514 0.9237252988685813 4671.617171196652 -0.00024105394551976938 0.44156460746308535
1.1482239462898884 0.9572504214521647 4801.16061366622 -0.00019384615316114944 0.6695641533101799
1.1482239462898884 0.9572504214521647 4801.16061366622 -0.00019384615316114944 0.6695641533101799
1.4299341355863882 0.7094373339198722 4465.618339858228 0.0006349051532764342 0.9286928679784981
1.2353215914351245 0.7491721683972736 4713.609955691827 -0.000302822098213273 0.36535028256291646
1.3069240901389145 0.6838441160567701 4800.517582056739 -0.00027491734286183605 0.7077226508847376
1.0915128469467164 0.8330531716346741 4960.917100131512 0.00029759398255316315 0.3428792357444763
1.0322293710740302 0.767380797783474 4459.8980255235065 0.00013535090550947183 0.25934383563439223
1.3592177337656137 0.7161731248158574 4942.50815922468 6.236184694381842e-05 0.9907093890285625
1.1241307745434603 0.9203793544743007 4629.2364627098905 -0.0002741592494462652 0.43711269759673244
1.277153954342248 0.8312751394906425 4590.8341877475605 0.0007304476918731234 0.5153406321446617
1.3104273505942943 0.7662331592061699 4862.624539227535 -6.424094715750673e-05 0.9408074944352514
1.238422883382575 0.904297993665729 4978.139833778966 -0.0002689397624334558 0.8209800633419012
1.2168563060427595 0.9043025766178279 4822.97392871802 6.218794067384933e-05 0.6501237088111574
1.356736581082894 0.6784345123707305 4931.073003712123 1.1460134498941255e-05 0.6663865862982354
1.356736581082894 0.6784345123707305 4931.073003712123 1.1460134498941255e-05 0.6663865862982354
1.1728494300228567 0.7645880485552307 4896.007890415211 -0.0006521092845526973 0.3606911952271413
1.164903695907174 0.8877946254591028 4366.359805065326 0.00023058608125223234 0.3670906155781119
1.1239326838002168 0.8523462605010771 4679.63800346497 0.0002539010525049051 0.34719658395897396
1.2216979787069275 0.8268512398152927 4037.913569926866 0.0003738063837602189 0.38212196677154
1.3043283181439174 0.6662980332280722 4999.587031815667 0.0003448478014605925 0.6315478881257026
1.2955168348095794 0.7541710911957975 4804.217295909013 -1.7660406494616576e-05 0.8334711734085816
1.1241343258818777 0.9299985601091779 4362.7121472279205 0.0007323607267277818 0.4469848132904022
1.2015450963895677 0.8767374977437596 4083.0067646173366 -0.00035016056255466395 0.4262585805585345
1.1239065940854491 0.8927937318096878 4669.057111698932 0.0009408470887903599 0.4180264993960237
1.1155821058321556 0.8412902037872574 4572.218872299383 0.00054072985066163 0.3301041931141987
1.0682280259676356 0.8152090865051795 4830.672051722957 -0.0005738498475706878 0.35089514615634276
1.174891077518868 0.8319232377510194 4731.94889889845 7.830516389435862e-05 0.46410559411893554
1.2179592855736687 0.7117136515768427 4698.177537780409 0.0002042778681591131 0.23699261293806906
1.229885167139512 0.8595654140071335 4275.0552744127735 -6.59371996729912e-05 0.4127068709064212
1.229885167139512 0.8595654140071335 4275.0552744127735 -6.59371996729912e-05 0.4127068709064212
1.2561042708615273 0.7499037513338137 4893.718206940798 0.0009465605641881835 0.8981507224358142
1.2373082429988642 0.8500332837667088 4236.341673911481 -0.0005802103843060081 0.4461980184673483
1.3927923722340383 0.7333370754561271 4750.394112160709 0.00042220720253659797 0.6733837702327461
1.1172002887621384 0.8124969076244086 4162.295568084613 -0.00012096183614462737 0.34422484104445805
1.381288701667077 0.7178746450830993 4548.831639309353 2.828265543489426e-05 0.9291074339720014
1.3203936038950137 0.7049333372417879 4572.92048649647 -0.00020132553850694306 0.6070316810799494
1.3852054064467523 0.7051306288201096 4835.058463838443 -9.738912379753093e-05 0.8365605791398183
1.1449380375118268 0.8677247126495409 4891.1517583844825 0.0006074104459426043 0.3377568076302032
1.2412016150621592 0.8720427706645715 4352.243255401584 2.8698346614378074e-05 0.4668217880715808
1.169759742254234 0.9575050657828462 4889.424634811754 0.00018674780640604943 0.6878913120167245
1.169759742254234 0.9575050657828462 4889.424634811754 0.00018674780640604943 0.6878913120167245
1.1705299526738027 0.8952181602460698 4930.735647637607 3.507388581510606e-05 0.4073860421353769
1.4247553030175022 0.704752041153253 4362.349967559858 0.0006419742195366627 0.7911913562476639
1.1904643249528244 0.7099161367634336 4739.67966342377 -7.198563080295047e-05 0.21518345368713693
1.3969874021472406 0.6462830303779227 4955.527331174252 -0.0004285895335783029 0.5730032227523275
1.2891800956751167 0.7047065910318757 4944.295835328841 0.00031147299366947757 0.5661214327360666
1.1724773799450554 0.8555644362189821 4826.558926640519 -0.00018602311016587404 0.40319897863142395
1.0186798473820942 0.7371356667898195 4957.597588803409 0.0009865446195602803 0.2503198071810265
1.1460351689548522 0.8951314131413663 4810.409667346759 0.000803704114859216 0.46932960045293715
1.2063548050207347 0.8963544588479679 4255.330353891882 5.2200415823752637e-05 0.49036501216944806
1.3410932356182848 0.6989213565065867 4286.467019863543 0.00010192518794171195 0.8062590919204556
1.19807159124138 0.9898408720804903 4914.872575392641 0.0005665274543552778 0.5785410170926288
1.2586089670546747 0.7362561357537099 4670.717706217014 -8.220438909543037e-05 0.9867108706829558
1.256510444903474 0.9641028174352007 4958.73312600064 -5.886349057555076e-05 0.8004332008537703
1.256510444903474 0.9641028174352007 4958.73312600064 -5.886349057555076e-05 0.8004332008537703
1.1551017999649047 0.9387334734201431 4643.51343691349 0.0005641979326861479 0.35866206884384155
1.2102112698413476 0.6896135813248432 4882.907961441511 -0.0001470683527497334 0.287177607578487
1.4689477689297814 0.709366451755902 4998.942045689185 0.0007592313715789721 0.8860723652414992
1.365832771104417 0.6792422600282866 4819.710360346662 -0.0002842283068363356 0.7311948252741763
1.236471812795744 0.6813096719414513 4619.984123623621 0.0003940052645825826 0.597177100083472
1.3465738208422968 0.7013514631814761 4772.451945921138 -0.000263585491534245 0.9096056402268322
1.0484918021279384 0.8101385189089658 4867.404384730585 0.0007029669802127367 0.3122423283733612
1.1779175126713861 0.866884638897214 4225.394104489557 0.0005043110148652406 0.42365562300544746
1.1779175126713861 0.866884638897214 4225.394104489557 0.0005043110148652406 0.42365562300544746
1.4485671924777135 0.6927179363884861 4806.872272534651 -0.00020320955441204523 0.7672656152686226
1.311038968441049 0.7162946211942457 4450.6891118728645 0.0008257930217247693 0.7221123703673237
1.0771031603114904 0.9233702829346346 4868.209704307053 0.00018068914558026094 0.40173601716326857
1.264658200402519 0.7029097715616897 4800.349904995795 -0.00026102322545196643 0.790226990490771
1.5394381591402255 0.7028380664031477 4978.469290400176 0.0003669443932705669 0.8064850408148946
1.2050432067913521 0.8034835824814899 4729.271234468404 -0.00017158664788744247 0.5861238437672258
1.0512447608549942 0.7458577063974351 4980.195587369534 2.6161157619978534e-05 0.2233314317162472
1.2630757171269607 0.6702042680489803 4629.901963697623 0.00011912646175612183 0.5127867338534065
1.5571187727389537 0.657650000263566 4784.494885637691 0.00015662073063143047 0.6709785585792054
1.4909372999746282 0.7273039883676757 4747.721073257119 0.0002447596461819892 0.9992491028431177
1.3094122699955002 0.7179755573928748 4511.558881842458 0.0006518919458934427 0.4465427093128578
1.1919270091179337 0.7226354664581803 4447.6248680012795 -0.0010044960400573438 0.4190456506087843
1.4699679163620663 0.6457296110790035 4951.105197057565 -0.0004315080912229524 0.5915694642529737
1.2447866876324136 0.9232129312771241 4142.684592842551 -0.000517261683482889 0.5343676184995718
1.1651947076168043 0.8355568089143922 4730.299191895666 -0.0002801612787575305 0.4589328608501369
1.1708449150944662 0.9828950855412394 4824.37070013513 0.00043867781744204396 0.59368487199045
1.1941007277289524 0.8239336791034356 4725.7863674285745 0.00019889346509451488 0.4124290051011176
1.3006641040881863 0.6995028860732375 4861.820090141179 -0.00018820855143426835 0.8446482411696701
1.254403644172084 0.6499955859972041 4868.964201753349 -0.00013085373457926905 0.4831308068857461
1.2708918092354753 0.736405044138435 4777.196774281738 7.254680526466165e-05 0.7138791083610087
1.0303311003302915 0.7349683643613505 4270.566410488204 9.593284883224882e-05 0.21454839579726365
1.111367671880072 0.9529266667405566 4743.919844399156 0.0007243011918614191 0.3977119649172788
1.347779552019984 0.7424300735768097 4826.376193329661 0.0002618731823518385 0.7777461363691299
1.3095468283694762 0.7156735833950448 4631.890506366638 0.000502592959482926 0.8693867810825568
1.3359027497099247 0.8018886247992867 4958.050053211231 0.00021504770380242517 0.8502479565776739
1.2201821397643848 0.7727344048660336 4295.652282747667 0.00033297624242365593 0.4506306492359011
1.2201821397643848 0.7727344048660336 4295.652282747667 0.00033297624242365593 0.4506306492359011
1.3899040068148087 0.7095922857010871 4732.432168454153 0.0001698225384236648 0.9564744697432562
1.342880659849682 0.6447608621501737 4830.74431973988 -0.0005876615467432486 0.5434550387764432
1.3621931181781664 0.6683501834647472 4329.705983372587 -0.00022002990586742716 0.6890872437998639
0.9859811202965962 0.7657936107929022 4948.993590872672 0.00014027940329606738 0.25944855124396615
1.24561276208292 0.8294804859521494 4351.022276573323 8.632130404591964e-05 0.6012379502023848
1.2209331532478802 0.7431533733875796 4438.282619880877 0.00030652764236333447 0.43462138997966615
1.4044816139273495 0.7106622726598338 4598.827911134375 -8.521539373369855e-05 0.7419203937784047
1.0984712552246167 0.8343703206412468 4734.087592488683 0.0002911862172010863 0.3627760871048996
1.1365855829488682 0.7904262262954924 4491.054290827259 -0.0007796012002486069 0.3175696215397239
1.3784789161301556 0.6548584104089239 4881.531091583941 0.0003428286365481085 0.5916860197852745
1.1529657637327668 0.9189893449010348 4969.4629389590045 0.0005574502148000082 0.37593544605071916
1.126907845756669 0.9791334809482579 4868.644014869453 0.0007622394150614446 0.5240934425745093
1.1785533151551189 0.9091309624261111 4914.387889983242 -0.00016198627627414517 0.5009576769255821
1.4981671049752783 0.6802363197831569 4802.237672300333 -0.0002417260503432989 0.743518965140363
1.1918650079246156 0.7192158436233971 4984.961236488613 -3.179448239765089e-05 0.22822534872611938
1.1130511220952513 0.8291070811667423 4737.407507050769 -0.0002743189688344216 0.29558357255839046
1.236317239068592 0.7448332890479122 4927.342214571746 -0.0003129110305303051 0.5096590329110355
1.1791232651437604 0.8076709679498331 4730.610638026293 0.0001242664621523329 0.3386255519869127
1.2768970618576003 0.9659082375119241 4849.27454507187 0.00012577559412628125 0.7237669685699892
1.4391743550234115 0.6927707841673226 4210.050555980093 -0.0001682715660057407 0.7670339271471855
1.216540120297997 0.7288739249782148 4561.349420857849 5.549406356800848e-05 0.3402888135830755
1.2991978632120915 0.7204110056840465 4136.646386693018 -8.942011278053261e-05 0.734483606322028
1.31913161277771 0.6702448725700378 4453.3988916277885 0.00016928394702868784 0.5783357620239258
1.1613350716669395 0.747340853957122 4867.010460968898 -0.000555904412119314 0.3616221388829539
1.2006485924677663 0.7403752861215183 4642.550915288854 0.00010713542189201858 0.3199528181884242
1.0942942409181495 0.807829240143132 4857.420835180539 6.0748936851399574e-05 0.3287286761138628
1.4171184924583127 0.6470395751553911 4623.866718827371 0.0004612511477343843 0.5661672354177893
1.53731557337843 0.647759355341876 4536.449935296191 -0.0003213327056796125 0.5664968506250161
1.3187723027343314 0.6380056768574067 4868.073499211533 -0.0006411024345914792 0.600500670856426
1.2065393390235084 0.9740732751515173 4642.5264519546945 0.00030485309395558155 0.8280844010520001
1.1623272104151763 0.881671270174862 4748.657577570864 0.0001096869606578317 0.5394646846313378
1.2928453620847027 0.8875768722697182 4257.322464534219 0.000684805390402225 0.6545815045510791
1.3599163999907602 0.6944039456096386 4889.333791843235 0.0006039645195431383 0.8783493127872233
1.2072269253886432 0.7920123612479373 4425.918996917791 0.0006512214057432868 0.47893520342088436
1.1869831137679143 0.9036338354642115 4195.076983978122 0.0002987370845311155 0.4999559964037548
1.2698017689570256 0.7408148888616141 4365.696307165029 -0.0002685234575021975 0.39176998549551717
1.4408847027590181 0.7298720627840318 4654.180046881907 9.534185953144298e-05 0.9712141304055286
1.482703608455398 0.6769388473397149 4941.202192097146 -0.0005811707822260396 0.6615489031984224
1.1050698518548256 0.9508237493800655 4792.8475044934285 0.0005694469033567609 0.4524901556964686
1.2449379434877494 0.8275582666702032 4977.752657615369 -4.1045892696852736e-05 0.8933184845054661
1.255165006233592 0.8143324730812221 4344.510402396237 0.0006514032326386814 0.4252061799748001
1.1689252328499047 0.7433243473577945 4778.735795124109 -0.0006221893030225265 0.3076609517452853
1.2827954317786308 0.6440390430294034 4811.8358020123405 -0.0009693554556222783 0.4777104532031657
1.1474707479406077 0.7453954942402683 4883.755656730402 -0.0002158852073584854 0.2823287873095165
1.142383887301797 0.8031894959647088 4765.745864387985 0.0005457529184293357 0.3204164280439781
1.142383887301797 0.8031894959647088 4765.745864387985 0.0005457529184293357 0.3204164280439781
1.1061626820969044 0.8409454929575366 4562.0199106769205 0.000984850624660257 0.35330045030408996
1.180119689531509 0.707968932495038 4921.3193660209745 -0.00028524092759815337 0.2336490991542263
1.3537926607634791 0.7243550289324056 4577.384284610394 0.00024093008703767471 0.9930801893325141
0.9977972619442249 0.7673222151735427 4927.565897702354 5.900182891684327e-05 0.27925004406255
1.1790989793785083 0.8207591581590652 4771.610474558386 -0.00032033820596488017 0.5161576529982937
1.453184261420453 0.6029655432657958 4889.763221820394 3.243975528467097e-05 0.45627961168055176
1.1342770778372577 0.8023216752543724 4939.369820896656 0.00012827388066341376 0.2764626460675475
1.1865219555405409 0.7968350505630991 4675.644570600286 -0.0006113594177408176 0.392285239484449
1.475781014151828 0.7062511816449719 4865.552187374567 -0.00019899280739275034 0.8334429107159618
1.3318716296600335 0.6746376698895672 4881.813110160356 0.00045383034764235106 0.6758414014097543
1.238282183379281 0.8782189606858406 4815.4030011545965 2.7516425635024014e-05 0.6913677599678149
1.0816995558790043 0.9339754646409738 4974.736531006539 0.0004445996873319306 0.42414549145313823
1.2647057721812733 0.7114791375366138 4459.482775006039 0.00039551927526199846 0.5450173349820578
1.2647057721812733 0.7114791375366138 4459.482775006039 0.00039551927526199846 0.5450173349820578
1.2296353820440156 0.6742252458164488 4995.595968978377 -0.00027277797743646313 0.4567791680485836
1.1293089100688969 0.776300213481961 4904.267687546579 0.00021783254835826334 0.435245998534837
1.1293089100688969 0.776300213481961 4904.267687546579 0.00021783254835826334 0.435245998534837
1.2376164464600863 0.7525679659943361 4506.1798447658175 -3.201253341074142e-05 0.5889097224618999
1.1843017798229678 0.7589626208415003 4563.861728511742 0.00022177153453749175 0.5125486896622956
1.2051055359051732 0.9524230390889848 4872.738214294643 -0.0002442358430397882 0.5126035306229675
1.1068499787227144 0.761262742800621 4895.306859600692 0.00023781945372372345 0.2305604534913556
1.2498729320838837 0.7680765215474872 4645.6870203055805 3.5738264897796057e-05 0.6667869001710699
1.1116684778178298 0.7398662626400524 4362.454022455864 0.00018385090544353482 0.25670124236084946
1.4026650469464266 0.6728867213036025 4934.068223749134 0.00017592939020019758 0.6233724446469987
1.1185699548164116 0.8750601827356201 4420.454877226965 0.0003821423601758373 0.4093333880000818
1.116037183213312 0.7825786898773635 4503.046077821151 -0.00015044798728725844 0.2805315066302577
1.231218061643999 0.7277045469534597 4974.62497776578 0.0006009908688609303 0.5155918668707415
1.2569581694820953 0.7669352431395212 4940.59715070462 0.0008213448552217012 0.38165717236309227
1.2435789207204881 0.7008056155238924 4691.299281611974 -5.6065359804705255e-05 0.4283460402097513
1.5238197079141993 0.699057654910526 4853.042900241263 -0.0005501693614445418 0.8594280324779835
1.3064104799089438 0.7656622717357673 4065.4143569726925 0.0005039982635634913 0.4166208846596281
1.1562332663047137 0.9619037619869988 4957.527496582977 -6.0570732626852344e-05 0.37646323791107916
1.3988088831758656 0.7629577408037055 4716.610086771724 -0.0004940683891354153 0.9638852049761987
1.2248790672798326 0.9241239976427154 4536.0923742765035 -4.6201358257767975e-05 0.5411638079248858
1.3242725337015808 0.7067027749495152 4561.084923576916 0.0005822498985921221 0.7251684772154977
1.3409534765179185 0.7012254880894084 4736.254679751242 0.0005499750466068242 0.7334071882526055
1.218570979570014 0.8878242674948122 4984.800480986352 6.703590226663868e-05 0.8452711761577355
1.30534174369877 0.7491293347944777 4574.0804843756805 -0.0004222282853606795 0.9644227664230816
1.246194788926783 0.9005891376478562 4597.5504688027 0.00036770123014050546 0.42696776162105876
1.4408537885828863 0.7073826374236498 4822.699171362513 -0.0004419884161781316 0.8651101588765416
1.1291315298922537 0.9097964273883464 4731.1351827979115 0.0006091613731450118 0.4815927613129973
1.1526169184114194 0.8150576900435297 4210.381114189338 0.0004119309634090149 0.3411278178080592
1.097368016564717 0.9219212497146281 4899.940208313491 0.00018775943637047932 0.4004615127599027
1.4529821895373427 0.6405387194273617 4645.732178075109 2.9571452789977155e-05 0.5600580193593898
1.3186354537918827 0.6793015640641529 4743.841043344891 0.0005544341955813931 0.5729200192086654
1.173235791289812 0.7314613398599965 4479.288995212625 -0.00017767526198558394 0.27703938695162744
1.0824730163781406 0.7866259490537426 4669.1306250218195 -0.00044145034675882757 0.2743027646217718
1.0578089046854668 0.8726380956497973 4760.8241859781 0.0006723121433290179 0.4101597849782115
1.4376697322293457 0.6988974424643167 4249.515686432687 -0.0003317706688429909 0.7093707448524486
1.341062676658858 0.7099867361729246 4982.559873056294 -0.0005286139084052104 0.6371450716406707
1.1787901960607288 0.919326253880119 4804.142312979159 -0.00023028783468900343 0.5348800146125312
1.3509665838750453 0.6864164989616376 4880.517015450835 0.0005904788387762315 0.7482491820752479
1.1482070062610135 0.8413594388055553 4310.484403640024 0.0002701957568865909 0.4031842960446515
1.238745314101687 0.6694961907401882 4936.392583726404 1.106648902390562e-05 0.3723287405959958
1.2955952875463321 0.7058453377230617 4443.240388476771 -3.695375088824127e-05 0.7068497255750524
1.2256618296672945 0.7537527430792426 4795.703639668998 0.00032078680664201077 0.8070614178914992
1.1563172489378761 0.8563394854467069 4980.488828501608 -0.0006532133733850574 0.4741996584533424
1.4358082747607246 0.6510212116094622 4743.357698959807 0.00014898579379441962 0.6341746135473163
1.0599329351830764 0.7881322945363277 4896.270135233492 0.00048002023721698645 0.28576482465810743
1.2794951433230837 0.8087126148637467 4835.034542396691 -1.5749537066300036e-07 0.6009059453152279
1.4828144327273685 0.6465769573998389 4790.971598312938 9.369641917773264e-05 0.6235256458993159
1.267051968284087 0.7712049948416664 4225.896674573274 -0.0006610523874771592 0.5179987741456195
1.2015655630907396 0.8010441653169209 4771.747562946364 -4.1355035286402286e-05 0.5872131843337041
1.2015655630907396 0.8010441653169209 4771.747562946364 -4.1355035286402286e-05 0.5872131843337041
1.2043337956810483 0.8849503773872031 4882.374819198189 0.000420139011677599 0.7727288781088381
1.319088068082379 0.7540647242939008 4779.687897966445 -0.00011587362777947892 0.9800888162092211
1.324135724616724 0.7375001113414026 4551.8860140124325 -4.344305481789009e-06 0.7066251675888916
1.4391183360982274 0.6413607877624585 4980.7622592194375 -0.0005295834989242678 0.5491341779433375
1.2123119239147662 0.8420277123960878 4971.603468306519 -0.0006574136832671281 0.652061395649152
1.1608365116430468 0.9489605370865365 4882.450665607437 0.00013983184287990195 0.515529851976455
1.3341940337251867 0.6502112589027955 4498.068182950156 -0.00027122199404299314 0.6431782698760561
1.3508759055453987 0.6823839602780158 4676.291237844908 -0.0006791082473656709 0.7478051011922965
1.1608901050981741 0.9343217095936227 4938.9094867488975 -0.0004529713279920779 0.46258497227511547
1.121518091692626 0.8097299572193497 4623.734207460023 -5.8686910220783776e-05 0.38614970403601934
1.3937585899675409 0.7270984052956879 4510.90527001498 0.0005797080979572462 0.8343485652648077
1.539456699773078 0.673002306651258 4836.725690068628 -0.0005889238874204413 0.6609147266394959
1.049225228714814 0.786845990234568 4986.2648263772735 0.0005054303837330632 0.27252389793503984
1.1530620625548909 0.8886822532204803 4895.066693605994 0.00034291596882201594 0.36512213307306196
1.137198545591291 0.7493071273945221 4922.175355014147 9.303242704491343e-05 0.27290560009962445
1.225602297616875 0.7784431896428124 4875.72806355292 -0.0002548225051064322 0.5291861107380255
1.3788691147312813 0.7077618027893298 4536.194924159866 -0.000165101731097427 0.6851913589908489
1.4561532429880635 0.7156948395485108 4087.751049265612 0.00044461350495584586 0.9185222405514823
1.3000122093163002 0.7204425208476959 4875.50447263747 0.0002647345152061854 0.7238491151403885
1.429467864537624 0.6839798053092289 4937.5012716844985 -0.00017702123498010013 0.8374710065855034
1.429467864537624 0.6839798053092289 4937.5012716844985 -0.00017702123498010013 0.8374710065855034
1.1761736432019712 0.8927189240557816 4840.128612694276 -0.00017391115471641268 0.44331247118386385
1.1094553351972452 0.8112949310415012 4366.558241005283 0.00015354982284577562 0.3042589263600745
1.443905550211945 0.702186398296429 4797.400577770615 -5.6300841393707834e-06 0.9774438478601628
1.126374203374442 0.7702691562148152 4650.819333113788 -5.649115619765183e-05 0.2730321549181712
1.3575269517123685 0.7225216988698211 4195.739972084877 0.000931674205124962 0.7180765633660798
1.2937553894534055 0.773491833834197 4642.659783210807 -0.0006518996802784438 0.8829960647747798
1.070230069559838 0.7503018883310536 4883.214738679623 0.00022492338260661677 0.23872055624881178
1.3237360159006202 0.7111125532195619 4530.28618422983 -4.252243738898691e-05 0.8704500179137612
1.4193613175469775 0.7127126492855672 4970.050139492198 -4.1055274691480065e-05 0.9344626668944799
1.4480914778942415 0.6536743334546756 4790.887283705043 0.00039695011469137215 0.6499944181147941
1.2700881604620946 0.9326245143252913 4053.7176569516337 -9.893392041759535e-05 0.6186416666196288
1.1570753399386464 0.8292802144238206 4650.411569587964 -0.000718738481084675 0.35820690311309533
1.2254115207306886 0.7319298217208932 4358.340122163211 -0.0007816601206985575 0.8029063970134859
1.2617887842320468 0.7184089147020508 4800.050009085586 0.0001202733410838045 0.8105725308927136
1.2567599293999192 0.7004595448586235 4777.01625307605 0.000170505322059479 0.3850669873194892
1.2567599293999192 0.7004595448586235 4777.01625307605 0.000170505322059479 0.3850669873194892
1.3961583623055889 0.7221823548277992 4512.957195173834 0.0003071340780328892 0.9546340063301386
1.066506384652931 0.7702666103477548 4951.376532780931 0.0004873568935857383 0.27215553418205896
1.29697652018625 0.6986688456499346 4795.423772972403 -0.0005787832035316787 0.6983003083697222
1.2254168886586463 0.9409502018727114 4105.902974553635 -7.484378877146884e-05 0.4027853359809245
1.2797942543535328 0.87283157556255 4257.351661951973 -0.000360998036308093 0.5685487290476152
1.2559281955088148 0.8186885023746409 4039.838335279652 -0.0002526075571113367 0.3130239454863327
1.3631801984902097 0.7073793535186275 4946.881071290506 -0.0007368507996795995 0.8969552975958183
1.0457798887325047 0.7359474241562498 4968.686820272266 -0.00035925194612708357 0.23241625711354982
1.333346005421619 0.660030870209826 4811.138672857918 -0.00034548894850693177 0.6489114932521594
1.3225128443159182 0.6866922345367878 4608.6768602168995 0.00019400541761249759 0.6971106005293519
1.3912269905496348 0.6968925944376709 4876.462827567809 -0.00018282858683551755 0.8843919314014231
1.2455242966792313 0.8555076052265991 4982.486916195624 4.614325986974054e-05 0.5418479024915864
1.3602983742881212 0.7132013965904263 4693.885684067837 -0.00024390099813580073 0.9143271994336083
1.1257697925385344 0.7739937864216002 4354.192009888025 -0.0006026042089516151 0.33236796288141096
1.3836217056629576 0.6910935019648605 4420.381455971977 9.459939813865867e-05 0.736378849519817
1.127083592736552 0.9139912124519584 4598.717326192114 0.0009545025153562929 0.3967384606289459
1.2331497993877183 0.7373164271757652 4894.8535821369705 -4.5660209453871815e-05 0.8952131979910216
1.244065902086359 0.7450330564685744 4981.558299304722 -0.00014764551826755072 0.8645260219461973
1.2275666730255317 0.7194587514397287 4286.729821648387 -0.00044770682297806354 0.4985859314850717
1.3289264422840243 0.6771426954266215 4962.441544307508 0.0006167713400513737 0.6054133280490109
1.2812870785143398 0.6981859168960265 4795.903133311224 -0.0004354190275543881 0.7789316810760392
1.256226816192269 0.7462234282170265 4673.381361460332 -0.00025198283598483777 0.9098247021992671
1.2469083801818317 0.7321774570307582 4812.320659068696 -0.0009737936922691756 0.9280825485194795
1.3223212655080152 0.80093203035622 4636.291504103727 -0.0003726422301499985 0.7470665588087184
1.1773188433895319 0.6692901097247009 4948.352238100677 -0.00020542484518105964 0.24800553596386654
1.1166405762579596 0.7489436850434859 4990.519815506717 -0.0010205608919865426 0.24267948111087467
1.313885031170991 0.7478187856879845 4604.071591421951 -0.00032021141250593814 0.8568253620696968
0.9829222312751152 0.757240613776513 4817.6544455543135 0.0003894569825957363 0.2581483518878652
1.3759071321201977 0.6400562207188669 4932.156244874822 -5.892958631437857e-05 0.5281600193777822
1.4216055521216728 0.6466448824454829 4270.255164012037 -0.00033094526422298407 0.5773221267460324
1.145038102333067 0.7555543126193327 4672.361598620977 -0.0005002783045367369 0.2945174556668616
1.4257689140680825 0.6989754000593609 4362.023795254485 -0.0008055299309692014 0.8901820907275609
1.368582263196855 0.6827162386700242 4739.988439771292 0.00018874338055725374 0.612066651575542
1.1115868594429918 0.973627591815626 4920.677504716301 0.0007398574108198833 0.39596774610520324
1.3829876868829212 0.7043009121273741 4746.956260020877 -0.000463336298612572 0.8148474984413774
1.5190518754774578 0.7252280038560525 4526.380366267187 0.0008431854011425305 0.9564842833901495
1.1762473928348314 0.7683176571367294 4942.219256128342 0.00039880548499802906 0.3744656313725375
1.3240366451854042 0.680936554608047 4912.124919648457 -0.00012778114584475938 0.646093247532815
1.2058240166122145 0.7488474557724021 4302.271333071583 0.0004127089620179946 0.2930147524054656
1.0596952436926483 0.7605804125860516 4705.324570945918 0.0001641043540617046 0.2551949719782616
1.0534872333585898 0.7448223041723337 4877.428039571151 -0.00011649620444279116 0.2372505052383641
1.254576766220859 0.6843620395037255 4898.110573328594 0.00020291721333815988 0.5070175399991665
1.1095178938345336 0.8139590675928968 4561.376934030613 -0.00031702138082266785 0.31198570953722327
1.3501544787811517 0.6689660271260099 4652.910407125937 -0.00041648451672064176 0.714047276504984
1.1865856083504152 0.7356820441984454 4562.541994092515 -0.000436416854550142 0.32223083168318645
1.3243974187783714 0.6653967033275533 4771.734333708522 0.00046668007310627236 0.6331973421426168
1.3239973717628786 0.7229212958340996 4974.211304193018 1.3896545369396221e-05 0.810576967668157
1.333190884329802 0.7009673955490612 4642.442027351864 0.0003618641708302433 0.7404802640664264
1.504162011310397 0.6872158716210467 4671.262140609479 -0.0003362290911872118 0.7693460661278894
1.256954853819822 0.7120245898480467 4866.898661586167 0.00029505747495739393 0.8853687807612709
1.1306454064946596 0.842315589083955 4631.001689430175 0.00037541911909788194 0.39833255856327277
1.1509799463414248 0.8893418380575939 4195.321397592635 0.00047832282637110945 0.36943787554295193
1.2158584818867089 0.7863430546423911 4664.502513491569 -0.0007663332929481704 0.31815469567869786
1.1909238792997723 0.8859359942697796 4521.117555853261 0.0004930071992755577 0.6985281127357511
1.1651441618513263 0.912888095376 4574.180286045706 -0.00032490234937119063 0.5287380242514025
1.298730444908142 0.796248309314251 4826.961359739304 0.0004582103422962756 0.8070108294487
1.2273367656886127 0.7513369805624686 4707.104611400572 0.0005688981418090272 0.34847272768280724
1.0966824706767357 0.8333388065753247 4734.845236267916 -0.0005012598507342504 0.34341287357475714
1.1865213377988808 0.9431317167464076 4982.320030423381 -0.00018079647238805372 0.49611373921014823
1.2307432386179884 0.893447702495141 4275.767932508595 6.14196299972614e-05 0.5191356230672373
1.3914182469380891 0.6655159755562817 4577.220728453046 0.0002667054323273228 0.6283123869843973
1.1551263276785495 0.9585499180703039 4728.621556849358 0.00026685561363423227 0.5221003908600879
1.2928075867128648 0.6992462810847803 4721.986487446709 -0.00017615694011718816 0.7615458978020302
1.2125221747204336 0.9321816815746551 4978.368360001627 0.00010087756486293367 0.649792612610335
1.0082314952261457 0.833052417777475 4760.708768229413 0.0002591724177310554 0.3227098926003237
1.2188755653758134 0.8789811877791873 4490.580024016436 -0.0005038924546605474 0.5530254901856444
1.3045025316717607 0.7855693597530093 4060.132010733135 0.0003389605597404299 0.31828585817305155
1.2034546117278786 0.8357960723443336 4961.305427506948 2.82000378073095e-05 0.7890094413970657
1.2308171291088696 0.885828433204558 4864.6169788721245 -0.0003086413812211938 0.4262425253207236
1.237404837628354 0.875840536114737 4725.245694725245 -0.00030032323377807856 0.5739764255872358
1.467334448215631 0.6649484649273641 4691.8795594695885 0.00010487746609222366 0.6365009692574236
1.1756909237360256 0.8780849776488439 4840.148844830496 -0.00029400547463312877 0.42982713514698034
1.1024439606882495 0.7402306336900774 4931.483059863334 0.0003639899367488179 0.22736538385510385
1.449864304037474 0.6750150499686389 4966.991747597108 0.0001084461171755229 0.6373497255412475
1.423191115816603 0.7222676434173632 4919.222111194273 0.00020513772655792337 0.9904936961058257
1.2734917335786102 0.9186622954669774 4850.217469587461 0.00034139938964065106 0.5319367493546097
1.3804219648963394 0.6938096596876471 4698.150877316361 0.00014180255825465418 0.6992614927996477
1.1805210037413647 0.7437378970851741 4680.334695526005 -0.0006925497899110913 0.3617778195289586
1.1711667317525505 0.9441719709519216 4728.051939309061 -0.00017435501320387477 0.617804635620588
1.128886865593175 0.973298437661058 4999.889675630201 0.0004048175531191464 0.5161053004048066
1.2287497520446777 0.8491916730999947 4818.664224207401 0.00017864231738861673 0.6102190017700195
1.245827499922016 0.7976501319248406 4897.7790136399135 0.00020843873831126897 0.7990890965059769
1.4301835736851087 0.718192696764122 4142.443729075927 -0.0006331645147180068 0.8792746829990243
1.344069482872016 0.6934875840705458 4739.882299920939 0.0008842941272064404 0.7017468965970034
1.1857517149120143 0.8608718709535391 4765.159161979912 0.0002789211774652234 0.4755751564606695
1.1365570171864061 0.8990102844906785 4569.774884267039 0.00014317028373446217 0.4133435185855667
1.0409714760091535 0.8896292406850308 4456.8412729736765 0.0002791015158596534 0.39568829218835766
1.2913288251974473 0.8596717761829434 4585.378778420205 -8.703627827223313e-06 0.48770048711128444
1.1168990791822897 0.7042165585838227 4966.344592458212 0.00027331743341428257 0.20538310586981307
1.2617724675726323 0.7147883814789793 4572.6749780260325 0.0004016276970803006 0.35478744594752026
1.1634292339336656 0.9649364677957494 4989.423493536974 0.000713964128765638 0.6966671869097634
1.195927763320479 0.849456392456525 4967.979960741288 -0.0001851732522919318 0.8227336069040847
1.1812082863170215 0.8769374747235159 4413.3523329966165 0.0007497822113876449 0.39340904242614744
1.1457613899282981 0.942837670770428 4920.739346444516 -0.00022757686960275222 0.46019813782128527
1.1213003780688484 0.7087962821839493 4362.502327735554 -0.0003798457339205306 0.21809930137628425
1.2648354587716555 0.8231793878588225 4957.464982596922 -0.0005821720201116686 0.5629813784830578
1.315470103261577 0.6947961651059891 4809.63165867356 0.0005521245644730447 0.8913697344556306
1.185756585758213 0.6810885866139266 4955.345913490205 -1.2396479720625658e-05 0.1946666379266261
1.3186143713609613 0.71977094871074 4748.4994760638065 -0.00047050105356148306 0.9648376613678636
1.293423382330213 0.6620060711494566 4994.901944206496 0.00028883490942753975 0.5502777145852983
1.2528200596608596 0.781361146960594 4771.633342822998 -0.00030454395090292525 0.8166261040801077
1.2403666329202323 0.8309724923515382 4202.193271870506 0.00017818297104267849 0.4476499986831878
1.2601047635665323 0.6685268974645316 4801.7489045278235 -1.1527753735293794e-05 0.5515355153839774
1.2423482789308546 0.758321058616487 4908.600502396958 0.0004681865268368286 0.9138184708593584
1.499069912733877 0.7143430728254262 4930.4918479004955 -0.0007974904850836011 0.9276195422103245
1.4483243595523718 0.695458865437002 4836.451283796245 0.00015981988932616854 0.8893011371079571
1.1445085934091457 0.8049635002503138 4630.026770835518 0.0002520078009335193 0.3158966781487281
1.1893857833129453 0.8547383061561944 4695.353865904648 0.00010888358982500613 0.5132947107249151
1.2258721252515137 0.9461995859227881 4272.690815132474 0.00015955955617173346 0.5086212422723888
1.3908388752426029 0.6720932449356153 4456.07806619502 -0.00035173999888284585 0.6466219565112958
1.183340542201201 0.8769823990465112 4362.684543776549 -0.00027481080740353434 0.5657527398949758
1.4167298528445973 0.6163339241036965 4903.949691379552 0.00017514405717154543 0.5557693144223481
1.1793323058101757 0.744411128480785 4819.759315458835 0.0005577121383865658 0.35796366048701117
1.494788241912949 0.6937271537550466 4982.204744257782 -0.00024650288560220936 0.8246325710557852
1.336171548996786 0.7312335609888208 4522.469255901722 0.0006036019665544319 0.9501094798925515
1.1973112502493761 0.8867095450938106 4852.498067752247 0.0006396208790359612 0.5950115387123441
1.2262236110992304 0.7126562700259437 4725.143678222363 0.00019907258352136538 0.2772753938463357
1.091855258479777 0.8152415780211971 4903.787513364603 0.00011211286955936988 0.2824694378353867
1.1559309085716847 0.7741429820830428 4757.23767053355 -0.0008271695378980402 0.3978055393321739
1.3874835831248868 0.704606210608156 4732.292827608651 -0.00019665122833996038 0.9004350047338134
1.3877584458684455 0.6759345752002062 4453.3434584847755 -0.0004541958258243855 0.6339561827533287
1.147324133372945 0.7874753247277549 4585.361256297018 0.0001594513205921123 0.2800666315654556
1.2523682281388415 0.7073593468803957 4684.594190677148 -0.00014966970101005445 0.6071329975317415
0.997889039684289 0.719164856243048 4709.763686262494 0.0004756489714818992 0.21358068278573494
1.1342076317776442 0.9672262874898893 4991.478905667392 0.00010017649862337153 0.4331987675174864
1.1726645422041588 0.6908497848558878 4629.982102131181 -0.00016195138289385545 0.2672716462540514
1.1187209488958145 0.8626065379281973 4784.3052519879 4.787229930309105e-05 0.3280709497538275
1.0213054202468426 0.7944273203788026 4882.2979306051275 6.918865411926138e-05 0.2620301246952252
1.3814849144166959 0.6541857203254997 4962.706480795558 -0.00041825989414161544 0.5758702738586885
1.1625299526208237 0.9026429570632659 4971.485841789837 0.0005911755815953257 0.4995584299492612
1.1717051186516805 0.6976294342969757 4466.685292595205 -2.7625857137965057e-05 0.3685519093009229
1.1454408794117474 0.9947298850810874 4903.617243798873 0.00015828444332854438 0.5427302285092926
1.3153387532468612 0.7757467951435345 4776.688005643048 -0.0003611410519394278 0.6056251837184057
1.1822623896567976 0.7931789826467077 4668.122967977569 -0.0001552779170859373 0.357053413482128
1.247703949654198 0.7688473311506527 4890.206805667242 -0.0007341944220030782 0.7302956370189935
1.238945846238152 0.7678680173749817 4631.101467733437 8.808440223497675e-05 0.6742387842245973
1.5270411877328698 0.6800851021010236 4960.911866579167 -0.00015683570030098308 0.7059643834999001
1.2432051167825262 0.7401152170234284 4823.136783496481 -0.00017875420360522685 0.9693621842503372
1.0063884458000842 0.7320345964480428 4989.014818709152 0.0004513689342498955 0.22838400487933108
1.2643223489957038 0.8553358196609286 4476.576199490512 0.00024184782075293125 0.6528659772827493
1.313968650615426 0.722196150292653 4963.0705166116195 -0.0004067842798099209 0.8627587719283774
1.2123867730688658 0.8516465105112899 4827.950239078118 -0.00024091182667127235 0.6835213450337778
1.1907990576723215 0.8715097129721613 4691.078187563494 -0.00018874862814037254 0.5337360948147827
1.3162709529693188 0.7244314259837499 4403.304316788457 -0.00026266519557051365 0.821572007457335
1.105650810820278 0.9305167090498869 4859.777762748757 0.0001732074180662406 0.42909009083214644
1.4202034685502674 0.7088944843922739 4871.859213877584 -0.00026728273828265705 0.8392637081454298
1.1150022035966751 0.8185709573824295 4830.126548698408 -0.00043119079017179613 0.4596437545678198
1.3732471065096132 0.7083703828857848 4684.9910082571 0.00032200220512804877 0.888781871172649
1.3889814851378837 0.7131667219702745 4562.126706727845 0.00042195595772408033 0.9639962408914379
1.2902327202426385 0.6876264946530166 4420.25667785761 -0.00036952824676470425 0.6639248611873398
1.137965445854575 0.9168747194906027 4955.489327891723 -0.0005210422813325732 0.41723895287654267
1.0275806072937832 0.8194762212863554 4910.010231870616 0.0008563521668746058 0.3064710650164688
1.2707912218965491 0.7269374635230714 4831.48124935937 0.0004376052955874873 0.313492815477613
1.2750110580562888 0.7499406065728611 4574.424092562339 0.0002708339599942905 0.7490190068959186
1.4631030894691275 0.6504348443948563 4491.791380555012 -0.0002972128045847977 0.5999326566892196
1.301379309216541 0.706993050924313 4824.257885867712 -0.0006027935514117162 0.723910562744898
1.227072221501354 0.9266457700034245 4727.541531449932 0.00016123508729721625 0.9014344756316509
1.1683035606461634 0.7909668550989334 4568.2296185955665 -0.0009785221762061518 0.27475978990070477
1.4790854668593938 0.6997042295310794 4835.120043609847 -0.00015209962650638838 0.8859285344804504
1.414723135993317 0.6478781467377067 4938.464387411702 -0.00015484372947844357 0.558712424744886
1.258044136556689 0.8875630103069111 4836.125030390682 -0.0002563117165794128 0.9882817527981411
1.0790825072814076 0.7768978843366704 4947.047589821909 -0.0003082379165165439 0.2890013336392742
1.4047837607855722 0.7060324822580855 4506.872517320991 7.136787651478774e-05 0.8859987855058714
1.4266918867675504 0.6988025179019266 4999.51803429761 0.00010744110120200465 0.775571603698142
1.299839229542736 0.7015828606638203 4958.503851394503 0.0004894113863254226 0.3279121683311963
1.3385687985301502 0.7946521387751648 4083.431853684068 -0.0005768623168914309 0.5091856436746052
1.2577017049677444 0.9002010692418015 4964.1562225574535 0.000406052444460982 0.8043644104748716
1.110660102452919 0.817166025140663 4681.78044062246 -0.0004070335221134294 0.3228826425988671
1.1470852524068786 0.8515977069160598 4983.752092278194 -0.00013121931372435343 0.3457767448514449
1.1579470943860666 0.8589111881285916 4939.499960759083 0.00037748126216046476 0.4409405896349251
1.291997086984501 0.6887032167683129 4949.456027543775 -0.00024765257476663853 0.4438284869267727
1.4981409995351171 0.7139264276977837 4930.000774218008 -0.0006459368044539932 0.9419582870760554
1.1109743741961207 0.8903606369690443 4841.334243307765 0.0001603931778131196 0.3910374644837017
1.3055631752076753 0.7209743253973998 4922.2658304825845 -0.00019471285697372366 0.5539746359053946
1.309559501192681 0.7074063877379417 4262.013855483621 0.00022566632302290743 0.8159849573701083
1.2476366651826003 0.7668151560899603 4092.727739897179 -0.0004117744332218049 0.27941369305208225
1.2300606348080345 0.7605315928657582 4808.397640177824 -0.00033274949594229577 0.864981539605479
1.2868606964829692 0.6998923370146952 4447.979085681442 9.863830135837596e-05 0.7652598290833986
1.3435792333729875 0.6724887053312889 4602.948531779398 0.0003995009619889511 0.6914237999659354
1.2215523620975204 0.7547973422156805 4946.870576844088 -0.00023095891997386208 0.7503400374928642
1.2591991348772062 0.7099452276677319 4405.1215057584295 8.240677025452312e-05 0.23558660054816882
1.3068240487948048 0.7745981579976284 4975.029250595764 -2.361606277444676e-05 0.930761625420133
1.195430039428716 0.8657380912241139 4736.6380591362595 0.00023979504969396436 0.8269281031872089
1.3454519940906566 0.6952125549260502 4859.438263260918 -0.00039579892784948745 0.8254732614496186
1.4390348879073553 0.7098432820651988 4951.558583428421 -0.00015283111672575835 0.9739807418962632
1.418901738061106 0.6534862821108205 4975.383871500582 0.0004440832058803425 0.6478436786684014
1.43470238362455 0.723734487492775 4737.462804965105 -0.0004955952585387434 0.9592337782999414
1.2034237090049806 0.7473505173997059 4635.787011643036 -0.0004990649168641817 0.23271941137961255
1.0131253090490415 0.7710165809505753 4920.636039815978 -0.0003365930732159125 0.27244397746112425
1.3082960203775005 0.6887127419246979 4829.633634247122 9.363451552937068e-05 0.6270618626286888
1.3903346613951824 0.7105259946546065 4937.215440946181 -0.0001535925446775016 0.8041119165125572
1.2553618250743521 0.7281624927446833 4530.648258429091 0.0007666713678185374 0.6832518551439792
1.2634080336766829 0.7383044581224538 4191.614698348172 -0.00033694047750229284 0.3560889167659995
1.0641184877372984 0.8275441111679533 4989.620311365298 0.0006707779358334907 0.35399351942155854
1.3976456257882217 0.7012063452650129 4973.215969286725 6.573068887647252e-05 0.8570803259849354
1.170992951067966 0.7676031127174234 4548.8342920183495 -1.8407629409319428e-05 0.2840192369212725
1.4566384137485824 0.7115142670875871 4802.35788110799 -1.0615153230280133e-05 0.9493647117135515
1.3312562204016585 0.7268482022263262 4933.3804986646965 -0.0004321452198159425 0.5783554134435748
1.0479266300573422 0.8197505872797864 4737.560197774308 0.0005027201086714091 0.3357750352261863
1.2806148402227575 0.8039109506599006 4987.590200901417 0.00029336038623402496 0.30347410263662755
1.267323707692857 0.793090159962476 4841.02033346779 -2.2416665232302217e-05 0.48122111523116545
1.4554378762803641 0.6106260314761314 4663.797035425735 0.0003409315601065102 0.49518462609213365
1.1391411668993305 0.8492201469350051 4691.092725845747 0.00017940023648724634 0.35589657276202624
1.0816244163635658 0.7570018398382174 4938.450067165007 0.00022608642448589036 0.23143056875379278
1.227423545804625 0.7843385897555178 4965.722335483351 -7.923178424764125e-05 0.9456390901030298
1.4853276172213137 0.6868065607619742 4987.999885832106 -0.00079380910546725 0.7862594424124775
1.136227552203276 0.777911877444378 4253.567474166773 0.00013316100385795965 0.2883391110034645
1.1571024993202161 0.9287628292884162 4810.8995253730245 0.00033318590437596637 0.4915568481819569
1.3502235457999627 0.7121075225318407 4871.785109026946 -0.0002532561134592023 0.7204966904352018
1.270854096704077 0.6914269226098305 4981.997657676325 0.0004205677529253893 0.6886014242317311
1.1934139946953302 0.7641309155805309 4876.8424355621 0.0002101014951780742 0.43870632726171177
1.2991206490007534 0.7672090535695132 4633.906378636528 4.573696937981335e-06 0.31374138847183064
1.1415620530635207 0.7900436702186284 4302.733574791057 -5.527217066878428e-05 0.3005295506530649
1.4003032914207099 0.7090943297548731 4793.564261946183 -0.00046596689241519367 0.98006681091572
1.3052761090113378 0.7173070650711337 4900.962994117414 0.0002871632930017695 0.8282034186256182
1.3104961125281416 0.66548213371685 4722.161278842578 -0.00030421085024276965 0.6288560604297486
1.248521967791224 0.8908796856335 4557.071799615668 0.00038038528205806935 0.4869614736945134
1.1531290754101535 0.7459126921943482 4944.259999119947 0.00032151259088029693 0.27256466517434347
1.2058405236157481 0.7110661128102068 4787.522801184298 -0.0003202708771506845 0.5640512676762238
1.4465701471518442 0.6303512087543894 4927.967520347637 0.0007864055615743854 0.5110733565594664
1.4817791656889057 0.6759248269590891 4887.012248221883 0.000626184714353471 0.6956519356116079
1.2028555998610089 0.7847257094494309 4800.1591653076275 -0.00027027813545731473 0.8818656803955255
1.2503968129449943 0.7883786485064436 4897.330453839839 0.0005538312237566811 0.9073603383064067
1.2237378602383329 0.9280487883161448 4568.431491033123 1.6657365235673926e-05 0.4480899889668759
1.1706845878379868 0.7570958858040195 4641.5547379947375 -0.0003695946532665795 0.27178332522169757
1.0899984357227717 0.7820149951443538 4898.693990355175 0.00046649389777050985 0.26272038980302
1.1578791739033925 0.7225607184503562 4803.416753433561 -1.1497297443815922e-05 0.2018992679438143
1.17921992938492 0.8410484896015092 4510.065117950764 -0.0003445623772776418 0.36710885433240525
1.2588006589956753 0.7100439639835067 4354.409037444211 -0.00016833080874351179 0.7499798569604992
1.0926560616093006 0.7481876882227827 4932.118992805878 -0.0002360054704658575 0.22913737558338493
1.1480728639089284 0.7627511157733986 4998.722029149685 0.00023926096890388796 0.28551660213033636
1.3388182145448344 0.7018748889283193 4837.298757786006 0.00018359060207219196 0.9018027564978539
1.1624425608968687 0.7152242008102815 4997.716052652551 0.0001438296716511503 0.24686508773700178
1.2871961191425574 0.708707062181988 4705.137395202851 3.41192323459034e-05 0.8692358506938345
1.214213375644216 0.8696334744615286 4990.859622087141 -6.116758461064011e-05 0.7948486057124003
1.203766883360821 0.6906942485017467 4801.953692631213 0.00026214516049615134 0.36390692757972365
1.218236435525605 0.9210046201199167 4479.659429570071 0.0007808748658871966 0.9017577406319237
1.1567184301963704 0.7220496735059445 4605.043391546617 0.0002855687515226492 0.24045087060385606
1.2790589588486359 0.8384648203486165 4921.61056712919 -0.00021127319450615448 0.9819426658069156
1.430590908752448 0.7124174634209268 4405.395521737586 -0.0005480062574756911 0.687003761436013
1.1596580881563732 0.868589111374725 4820.061671794524 0.0005045832528840543 0.9320890479343876
1.2277572339000116 0.9340649563756099 4914.846759332078 -0.000464241328076516 0.7723058341717505
1.4642540599146177 0.7102761470027328 4618.399185817783 0.00029724904998462497 0.9754537689634706
1.2577513814902288 0.76412030917171 4275.17611190539 0.0006054536114398417 0.31605443091295865
1.3937377690367594 0.6830044659507928 4420.357049451979 0.00020259662620736123 0.7131714461313547
1.3357949111226368 0.6714100795632161 4937.417694085559 0.0004726693562786438 0.7203575099754198
1.2196472363210356 0.838382204393394 4561.459157662466 -4.221870857345654e-05 0.8070038146382117
1.083763998031864 0.8350361452525256 4743.043565546187 -0.0002618992159618327 0.33918275687475785
1.4902127431730032 0.675811675718176 4270.34749622876 0.00031494089885471526 0.6408823394167961
1.4391788347466086 0.7026868743885823 4727.781495914693 0.0005340584496805683 0.9018125588679022
1.398425044922342 0.687805404308574 4536.497380458099 0.00058789421402541 0.5696145548686791
1.3476241286590165 0.739241790356116 4810.547375137905 -1.140149096461037e-05 0.9274617550103567
1.2952777559120623 0.6390476082204174 4904.326289052617 0.00039905854387572076 0.557531885966817
1.2761001455795309 0.7582134997703306 4775.275256802179 0.00045001686003298734 0.4229227977073523
1.0722458157567165 0.827451687621477 4536.443762529921 0.00012667893587571966 0.3415475843927308
1.2270344197381324 0.9130844926623051 4371.463811610318 2.39733032021801e-05 0.5205985625181235
1.1342109617626606 0.756831400988351 4449.955935117579 7.923102164936218e-05 0.2535166504497453
1.3237550756372338 0.7783124274546502 4806.654615167768 0.00012132947068090181 0.42599426073954627
1.1682683766935025 0.732140956897789 4793.317656164343 0.0002789259316065997 0.284828662320288
1.1473862833951831 0.8344885848856032 4428.714774630003 -0.0003376458355498008 0.36928130127304637
1.3820116455202114 0.6970738481280155 4671.758529803069 0.0007222086725284557 0.7383431481385021
1.4339683734995186 0.6594952349373108 4925.00860690585 0.0005043066892866347 0.6095835555242957
1.2108656176920005 0.7085591715924177 4974.147692966808 -0.0010155208096538687 0.380276418484495
1.1532434146480903 0.9822418656541195 4674.732682775753 0.0009663298212527407 0.38146129247472593
1.4533371882325352 0.6989662519352959 4910.226074141214 4.885800683638134e-05 0.8144083824058093
1.2843356581805065 0.7410333677769556 4897.5051818974 -0.00047721370386099394 0.8666919158132982
1.3254067100157574 0.7139231306246314 4676.902578952035 0.0005776926316694623 0.8704721306223492
1.2300361422007668 0.8501445622709402 4767.191962145027 -0.0003267915121352812 0.5944196738304532
1.2243595017020232 0.8111489652482761 4316.733629187663 0.0008353656741830953 0.4412629033957136
1.3589049071897072 0.6617828613077898 4809.201847785938 0.0006535224194730485 0.7037130238063398
1.153716616392339 0.8680328286845429 4991.280647318348 -0.0004358827210106128 0.4638812185515011
1.0890228636527575 0.8118241935502231 4674.700394392059 0.00042041693473850617 0.2851209038157782
1.3231493531174443 0.7005282677987401 4999.81649440607 0.0007011353218825357 0.8741400815612982
1.229886375147994 0.9605233065982278 4901.242308283969 0.00040894383359049675 0.8168308361977725
1.155934346028971 0.8855229066859012 4704.753174625951 -0.0010234152414741596 0.42384731507320617
1.3120707527406523 0.7147909184390725 4936.7278836112 0.00028774443166913066 0.9716703306161927
1.2743214030078793 0.9077039887052536 4201.341026997745 0.00048213409949916645 0.4980548397547614
1.30032901873208 0.783243388489143 4940.229784834553 0.0003292785379719223 0.7244548588969849
1.126176009884887 0.7803820749091854 4858.36969088668 -3.5614347551400896e-05 0.26896572115832773
1.3325396329150099 0.7047126556059551 4732.102903478544 2.903796516191985e-06 0.7712518826105368
1.3153862497265738 0.8645236373725378 4526.637494774041 0.0002669117995549485 0.8179808031287839
1.2386147726854553 0.764499013086082 4779.190230834184 0.000288895001122982 0.4209680471605176
1.338754107178028 0.7222016474207293 4562.903008871032 0.0011497008394777308 0.9615232676079256
1.29015858240506 0.6602788892822533 4687.060951246583 0.0005538323837137726 0.5336297400998764
1.2309922029546696 0.8436825072436094 4651.6419175185065 0.0002714774062584192 0.8192536208120911
1.2898073747738414 0.729235975649601 4489.20110212156 5.4703539839585836e-05 0.8965672527850356
1.245224251186165 0.8210250828364152 4065.966126886254 -0.00036538063519036184 0.40070745169413735
1.4139863309849017 0.7230734730129654 4725.712547963679 0.00018408945882791898 0.9132590508826054
1.2468907469562993 0.8884752516696488 4253.748944605149 9.600971745147495e-05 0.7091272619407701
1.1731288461944227 0.9034523488349575 4931.8446551456345 0.0003538376754901397 0.5059821258813555
1.1888181483701377 0.772402164816174 4788.750312650877 -0.001159080596549762 0.5963973450319636
1.3048696693879098 0.7382669281330739 4914.180743098061 -0.00030049446621308344 0.7268609261163328
1.2975086286839659 0.7443989992124993 4810.3477975124515 0.0006901652362726932 0.6517355004554823
1.3923483322635954 0.7206833901321781 4920.401282978318 -9.57860555331846e-05 0.9036197608259479
1.1973147502089807 0.7770500036357584 4806.97155273072 0.00017584470789197375 0.316888339032729
1.283124519878323 0.6936443938599792 4735.175515966491 0.0002709314116173074 0.7918594146307067
1.2852654154102958 0.7452384107139367 4441.546517215001 0.0001402083624411802 0.9693783461959231
1.3240607725471625 0.7203911124015067 4993.576562369249 3.604951857449637e-05 0.9504023076791801
1.2208908832748044 0.8245933572982426 4630.499641159077 -0.0005722068373617369 0.5082520323757094
1.0696287057939473 0.7868443701252714 4489.555074943668 -5.063787122676527e-05 0.2744815556237845
1.249704898884071 0.9812770947917444 4592.948933719981 0.00022388611722831488 0.7466735099951964
1.1546922085697078 0.9623550398011871 4966.599546466535 -0.00043814552787619797 0.5076798073348832
1.2905318380594957 0.7413311172451043 4963.881820804555 0.000308054632189847 0.8519123990937065
1.2958090783271354 0.6715302639039208 4847.564111904546 -0.00012005270936545598 0.6338655494061884
1.32612040243658 0.7726343391741503 4831.530356674938 -0.000320368367875458 0.7641479722712511
1.22498199149505 0.8545916463457855 4607.366901951374 -0.00019476032605027048 0.3943478940616404
1.3649841875878113 0.7212787262712634 4777.846448964346 -0.0003383376110483476 0.83725142700058
1.3362879675846224 0.7368015776727024 4635.222225612175 -4.1444463646469475e-05 0.4070619345758435
1.3463693436355548 0.7675492576853239 4236.747147706235 0.000284271014771848 0.7926091343445816
1.1609149154634735 0.9196820451414888 4938.908831020151 0.0002776024803634203 0.522673699709841
1.3951899547161832 0.6749733583230263 4712.992998960178 2.990108622462809e-05 0.6835163412801825
1.061025381231363 0.7868079427817741 4923.1139111645425 -0.0005540955672048106 0.27294284683435566
1.2882654964913813 0.9024663134608091 4385.374799534582 -0.0006001997539774515 0.9073759010291388
1.2873491810194537 0.7607685340165351 4971.708423117389 -0.0002671374429072144 0.9892353623915472
1.145737622562093 0.7523961859848919 4914.25199214419 0.00037385204577966097 0.23559617273961192
1.2082683454907186 0.7637273396199624 4126.521118048364 6.0597533863170396e-05 0.2815370995681797
1.2771703390725198 0.7764639202081421 4984.7222831321815 0.00018783949089628944 0.8964806762965679
1.1873490117119627 0.918296499186155 4938.791903753918 8.119848853621373e-05 0.6435758166345064
1.2079581321019712 0.8999702806601829 4193.39693097069 0.0007247210405851296 0.42745486762631063
1.1894438748682525 0.8305184133798977 4181.683258882916 -0.0007030815018586449 0.3410694901214867
1.0511527148833544 0.687654954082727 4709.41913027526 -0.00016087447328611468 0.1927506870591523
1.4604897466509015 0.712593420434138 4598.61953430488 0.00031742477973088556 0.8642852199849277
1.2362464889683351 0.8537399965832032 4385.651241542913 -0.0001631691204420811 0.4601499651524522
1.5214608216070267 0.6846750211161133 4987.420919653411 -0.00037791889523867517 0.6694863229030014
1.1751943964422404 0.6725507088433105 4663.473703602287 0.0003901489537075 0.2438445195571973
1.1223413434405531 0.9714435951047222 4805.549408855146 0.0008422503354194108 0.38983109533646443
1.228077572467842 0.8266163407755376 4875.279781429626 -8.069525115660971e-05 0.7033233085660464
1.1687112690142163 0.9165066623079923 4719.945012452573 0.0003866467037293622 0.383917138014987
1.2398532447534958 0.8451587138726866 4491.564174525584 0.000254138871108964 0.5973291719875172
1.1990598346822035 0.9077682792915691 4919.28221592759 0.00046622672406596656 0.7305455795017508
1.0826131984809413 0.7773867338904574 4926.704771730112 -0.00035022969459014996 0.28289329737037494
1.183553624854803 0.7225231465799837 4946.04316950328 0.00037046867293990144 0.3482793034131445
1.471371430254715 0.6708055071155992 4951.82548747868 -0.0003226047646756017 0.6651432086805185
1.2441713990069392 0.9614560161220059 4053.406433288723 -0.0002932245159109566 0.5138942898381177
1.4446269639859977 0.7054826978397679 4876.7316351405525 0.0006452902634209479 0.8987555396574651
1.0354024619555766 0.8109660124653532 4932.174932720184 0.00017750321053910934 0.3077151402840341
1.189281545750515 0.8628623093441065 4463.447946039741 0.00010697254091065893 0.9324671995479509
1.1453053151399957 0.7497910372407715 4253.93516039846 6.0492526221704005e-05 0.24294981105724442
1.2906949031400283 0.8084884683669743 4862.016859652637 -0.00022257505250703087 0.9123808118983637
1.452219959805702 0.6867568865680895 4985.061618749074 -0.00023561856175651828 0.785323269010388
1.1269800444997964 0.7533257057196201 4743.158257229784 -0.0006197741701782201 0.2761303709810648
1.1577274074724917 0.8045456469330663 4629.549755698907 0.0007875630667905439 0.3366414668394561
1.468127814673513 0.7086717759182872 4911.776389926729 2.5814836275815958e-05 0.8507028327571828
1.285056555711002 0.6960097122879739 4888.313227770831 0.00011747569319008878 0.7146048104348778
1.2959646905197781 0.667543027754368 4801.959599114777 0.00044449896196597117 0.59016324652493
1.0767424607049814 0.6978658324698409 4903.347780868106 0.0004853005999204266 0.20369065108135034
1.3357327006371387 0.6737996200050557 4869.787737623567 -0.0007405202173639983 0.5222629184525055
1.2820372367825996 0.8079913991040897 4164.686802933945 -0.00010886410521292971 0.39397181727391106
1.2337240421199356 0.8167585863147228 4621.423683635116 0.000158474107093043 0.39663818344537016
1.300248707354858 0.7482245128563768 4126.600196560028 0.0001234992030140275 0.37034180919354054
1.2802022280231702 0.7111751395369514 4894.796688236655 -0.00045929697737600455 0.8748895069309244
1.246707491222848 0.7094664993199394 4737.630589060231 -0.0004108174723334294 0.42898316610841025
1.3233759995302559 0.7097797337203486 4713.798692651523 0.0004623111429071407 0.7018910793909542
1.2283285701518096 0.8629355814117495 4552.615792924119 -0.0001753868111029261 0.4776437628308259
1.278181076632492 0.669994028912474 4861.299400536417 0.00016031138424493608 0.5879849002974005
1.2339448157168689 0.9251262988675906 4865.922857040412 -8.962485288952117e-05 0.5791769706812013
1.0415201649702281 0.7530937652074027 4832.2669824506775 7.614130919657451e-06 0.2600110901923377
1.1035776703414444 0.8116603222029062 4978.515912234523 -0.0001535907792015895 0.33186376417864705
1.1305786243178617 0.7964516231502027 4969.131999460568 0.00026178647757968193 0.26737206568826205
1.3666818704841708 0.7076048435540325 4195.43455859563 0.00040488817392263585 0.7749362634839785
1.2971490874973348 0.7393886124753157 4452.41300328781 0.00019512691691479062 0.954581102174084
1.2491174806336693 0.7794751723173987 4257.787714685936 0.0008062910624869648 0.30006210824132007
1.4849075772691087 0.65457234524237 4901.441073570067 0.0004974307548337286 0.636237595608059
1.4861863687417713 0.7131485160461495 4259.205464168202 -0.0002868122546041101 0.9553561479229578
1.1604142826734258 0.8153620977497691 4874.004840907349 0.0007733266282271091 0.3493657482812212
1.1779224495358553 0.7249896039674921 4923.8261887757135 -0.0006787497015946513 0.32245929641036164
1.197510802448677 0.7848693230146147 4503.597879545146 -0.00015368117126628454 0.4536557862798708
1.3735373975855858 0.6629075759633831 4912.253846511357 -2.0545279883676216e-05 0.6129986847212856
1.096650237686038 0.8188913919997354 4403.494362686398 4.252261380511342e-05 0.3371113478986695
1.4628023979310174 0.697823946198569 4933.793618601418 -0.00026380917207542985 0.8457365389299638
1.1628419982826452 0.976574041211953 4344.635591383274 0.00030508034479889473 0.3627822043461405
1.459185949700173 0.6327961663801319 4915.002566781959 -0.0005195368752251608 0.5421236534371375
1.1581491358968674 0.9227117329049831 4858.520739506229 0.0008816413866634904 0.49583698810876187
1.3391862424629193 0.7052971743765497 4501.271719351382 0.0002981279136352887 0.8447333805336635
1.3748920600252783 0.6719321831911186 4881.229177856241 0.00027975859777452076 0.6703269063910388
1.2675914267777353 0.6970920781422175 4975.069139766841 0.00015928201136352195 0.3754881651946368
1.165163135078406 0.9218620618058367 4767.078201062466 -0.0006831401419705159 0.42626547705898354
1.0343562841479463 0.78923450644076 4829.078558050865 -0.0003621152645444527 0.2677098735170065
1.4442921306499743 0.6392203491986033 4837.840639933622 0.00022051919542862423 0.6206880642712671
1.3098763475066928 0.7224095642247125 4377.8447852761465 0.0001561070497833 0.8724547855809356
1.457776022864922 0.683823376075519 4877.189773690803 0.0001293062862186669 0.7008793571034626
1.416264983690032 0.6946738051547549 4827.331236017603 -0.0003653227629401141 0.8161131977341467
1.2469056586480645 0.6691510493390237 4912.08996275 0.00032837653060806683 0.6063513669511092
1.37822737329064 0.6811987173477297 4811.869720250796 0.0001428153772681574 0.6416113237332415
1.2322263671948166 0.7418080121410575 4530.693995819821 0.0004608761199631706 0.5831767232336466
1.4470272080693696 0.6698708970066727 4955.400449439261 0.00022455603906247032 0.6111165341695046
1.4534268959639416 0.6576655100006862 4605.208582259201 0.00013351827031848087 0.6141959998474892
1.2136653405483517 0.846043921894331 4570.07839094931 -5.1778074766432064e-05 0.7493614988509018
1.3324840795747024 0.8003412580458475 4321.721588546057 8.158038711316542e-05 0.6697303567184233
1.4418797684014621 0.6209700017501835 4927.026756135187 4.7196392934802134e-05 0.5499050225677722
1.3543917179107665 0.740716278553009 4592.918049931526 -0.000673749785865595 0.7268462181091309
1.3002137420848476 0.7504252840246799 4710.572628567743 8.809899234587248e-05 0.9161837264175918
1.3221908112979301 0.8385104663186616 4126.9197917485035 -0.00041908747567108944 0.9047983840052926
1.1430730718978819 0.8806437695417473 4883.661092150469 -0.0003596582402076377 0.5884988486928434
1.482430622122437 0.6999132011485214 4835.000629542926 -6.482553464287621e-05 0.8778083786426487
1.46018306131905 0.6551738540101103 4683.794020686464 0.00017704697928193824 0.5819007514814138
1.1990821685843085 0.8797068077304919 4806.900366761155 0.0002728258029732455 0.45516705514096223
1.2952146164317446 0.8904807184494993 4445.311603097243 -0.00039002905173873755 0.9068250624337505
1.239691115244218 0.8407136844569738 4950.983564671736 -0.0002720697910123243 0.4966461348580366
1.4349720853902512 0.7227764550048749 4991.208227013047 -0.00012703187662347696 0.9506500593995335
1.3444175449611655 0.7266157377541972 4501.446561166557 0.0001536314450511068 0.9827031375810111
1.2365140938286732 0.7952612437292214 4450.728110605495 0.00010819022486827726 0.5307785595121667
1.1520585012424855 0.855520650652009 4919.409734731717 -4.000416447298704e-05 0.4196381453303381
1.0128690698465492 0.7933959632357604 4837.0365122613475 0.0003090631078655891 0.2907141297439146
1.175689154680108 0.949493169110477 4989.140282661714 -0.0005961534574797185 0.7118560955850035
1.1572860174432884 0.9852359375978712 4760.764709436716 0.00032873241099661644 0.6475497295586137
1.2971258726206005 0.6966620396554801 4691.1065236041795 0.00034827685162426396 0.6485566589132261
1.1744000377472008 0.8908873568705516 4645.20853237779 -0.0002230290587417339 0.6381164135834747
1.3096016971892004 0.7650574144293274 4630.740270690716 6.502774242758841e-06 0.9018084725497337
1.0884474647575986 0.7584189086853645 4822.380679845235 -0.00011521184703889737 0.2427738295024771
1.2413464204067495 0.75305285249684 4322.161978231295 -0.0003874806952489319 0.6745482495293655
1.2215343689192693 0.9206936315755583 4835.589160452572 -0.00034784478108506245 0.6303885594092395
1.1314434222954493 0.82957493099536 4605.883195824447 -0.00020759935047309723 0.31113464703284655
1.0172372925748507 0.7350719041497029 4988.30138048698 -9.144264414631018e-05 0.23234850091503578
1.2050598292808472 0.7059353043187166 4810.527106413043 -0.00036168882391632225 0.26436632047245023
1.1553908098730024 0.9003903047614419 4796.290035311995 0.000391628034974833 0.4252591576112995
1.2801161076981273 0.9495696182382677 4092.9223707218803 0.000609741219700672 0.773055460039623
1.2665697014848774 0.7262941403566637 4554.454081153378 9.864047415999434e-05 0.6843293798988831
1.0768152364776458 0.7679008957716184 4602.682496969665 5.451032552554343e-05 0.2749388109123224
1.2657086197876368 0.8591360506402809 4597.775734071737 1.3052001026976369e-05 0.4620086666799043
1.0603531106973534 0.8249111045017985 4830.040475436884 0.0001874323101108587 0.3437168297912453
1.1249269766337004 0.749847119438577 4385.743174389108 4.1632321134038e-05 0.23851362962264033
1.267181328100174 0.7156984789914606 4581.4421171616605 -0.00025653427411116226 0.2627435326012882
1.0565436349961648 0.846995148080863 4830.334146107253 0.0007937955431832645 0.3658009389836131
1.2955066207843493 0.6671969525328827 4837.496825642707 0.0004264055340872311 0.595544391475385
1.1410665227236363 0.8768192475378307 4732.249836004355 0.0003116521767436014 0.42718076908677516
1.342870100404716 0.7453420041983401 4895.843666995961 -0.0001200868848394928 0.513966560628196
1.1189726186889377 0.8094584986188733 4618.442385699888 0.00010721609712550817 0.2860070439191358
1.241814625020014 0.7445336335266595 4825.54077646514 -0.0005776494520941508 0.6905886101408323
1.272936074865888 0.8932371434747111 4590.528130526905 0.00045464560364915957 0.959397367599545
1.1537561401168068 0.8649812001028585 4162.154930417782 0.0005654592584487147 0.3788217905146347
1.1099748411101427 0.8523038209265299 4792.020469986095 0.00017207863559852028 0.4061718747793262
1.3524444349001359 0.7951940723578358 4257.929970304526 0.00047292929812535364 0.8540954515557374
1.3266787830227578 0.6580614795859147 4912.712974828496 -0.0002312890066863532 0.6665283491917384
1.3874828013246376 0.7126327202515116 4852.603476401207 0.00013894025095638102 0.9785429801775959
1.1482763917684782 0.9126112981659623 4994.091652765883 0.00017820007449194372 0.5266126254886678
1.1320660631026944 0.782017828409002 4580.996613775926 0.0006639671066726284 0.26664852694656915
1.3622925371179435 0.7174477112617794 4443.253568023362 0.00011140313323977325 0.9161956204371314
1.2458159089486736 0.7597828518868763 4308.6423286534655 -0.0006734038259358792 0.594312569584841
1.2509909798171321 0.6962276989370954 4913.932903350203 -0.0005661840470125749 0.4743369481293179
1.1595318148344589 0.8376430218855532 4805.061379444713 -0.00012227523012634865 0.42437713953033135
1.1972076912125442 0.9285743051617239 4895.793270257045 -0.00011709352722200748 0.4363873972239001
1.092012594852306 0.7932309377625932 4806.446116068155 -0.00028436335854454886 0.29965189554488686
1.1349393662438438 0.7626574030523222 4962.87410822379 -6.803351685080916e-05 0.24417659887520468
1.211107463623859 0.7107600736068392 4556.7396943695785 0.00042884540411643966 0.6493868169888793
1.3303103967552437 0.7825673187065328 4445.204706369666 -0.0005880615147093154 0.7162265275455685
1.2542466453117807 0.7669523908295757 4899.256947594491 -0.00021218976416283544 0.41354124891578214
1.1532135881646841 0.8417654941948836 4797.679455739157 -0.0005676113092691329 0.4605891819682705
1.1857905322964537 0.6606328011201583 4918.20446396395 0.0001028304560598738 0.3495647526014309
1.1354077585685485 0.8891983144163786 4952.858323155296 -0.00023811116648049603 0.5581194629675599
1.4486742411311169 0.6780897468541517 4949.267124221066 0.00023560769284529726 0.7698688388532002
1.4260063161291443 0.7148276556966482 4998.904570373232 -0.0004078806925390371 0.9363382067819487
1.3521204795089719 0.7012393242646194 4865.729871475891 -0.0001887258986318448 0.6375678066417121
1.3722519117697665 0.7005785059177356 4937.211187944869 -0.00043733799250006796 0.9468750352194419
1.2266923733905442 0.7724777250576158 4492.882949322432 0.0008250279968664767 0.27693441936082236
1.3828244808153434 0.638605934679772 4882.52956135286 -0.0005634444928598908 0.6102770068947883
1.1830640226780451 0.8441840365813635 4631.73880087442 -0.00012441971941995106 0.6107123446401885
1.2346462235444633 0.7662143025604894 4875.010222730624 -0.000589963767987988 0.4985970711459591
1.2145309643416509 0.7495265450269378 4778.139171689683 0.0004231508032639191 0.501512621819127
1.416639490541098 0.6388141537127675 4995.680474127099 -0.00027961961591186247 0.5993340867111293
1.3446672721376467 0.7154288034123688 4841.945131081302 0.0009821931615104282 0.7703643248869783
1.0451765365132093 0.7454225701644485 4957.677386919276 -7.93658466902348e-05 0.21622671868678442
1.181787483712185 0.7822461403164112 4547.359920973027 0.00046884152520358793 0.46364555756811765
1.206056023510223 0.8187724533766549 4585.602750474978 0.0008395534306316431 0.3465953739194637
1.205249810444696 0.7918873364004381 4825.984575418504 -0.00044061988792633815 0.6123440701320134
1.195795064843578 0.8680912850194351 4959.484143551188 -0.0003452761283026551 0.5363736986327144
1.385455140495229 0.6894950538507058 4484.598928907697 -0.00020198256349064205 0.7441520723258035
1.4164613910525463 0.7158416827204062 4982.555805365157 0.00019586577125910547 0.9528517202468049
1.2649790757748667 0.7934075162623114 4852.975397053144 0.0003418479635403726 0.7495682652876184
1.1569673924724628 0.9269108695340251 4936.687634001936 0.00036602123102714323 0.6670468601793795
1.3444922651167985 0.6947408219856116 4509.776631987727 -0.00029308332114680487 0.6923206904213997
1.1705152214753216 0.907203095989471 4913.102239825261 -0.0003363723572298307 0.5895061480753397
1.3783457310244032 0.7058680098037853 4677.3828863230865 0.0009352576232787143 0.7033471723721636
1.242270481075757 0.7830502376250736 4913.7238434211695 -0.0004999891224041055 0.6462215678391267
1.2656575925073845 0.7903241454549348 4873.961716639592 -0.00027365990132497005 0.85597895117741
1.1224168696299337 0.774557444689999 4659.818500308211 -0.0003462285758667655 0.2588526841984539
1.2064000725935884 0.7434349223226473 4235.412328220163 0.00011349483373240464 0.7230026517937252
1.2748653714206108 0.8191064331184088 4300.485456472992 2.6485960295846495e-05 0.3199843171169222
1.2428121854466614 0.7114992689836825 4823.878401512911 -0.0006173876854777775 0.8565716025585702
1.3182288149773078 0.6800560909238715 4882.57999784496 1.1294928416623596e-05 0.7306152962975646
1.4094410870199816 0.7035686286132508 4896.628597896948 7.380351038349205e-05 0.8427773312282534
1.2403638243317143 0.8154373310053429 4817.069639469628 -0.0006724197430213998 0.963043682939616
1.2652150710840218 0.7462626631340269 4972.1561883662525 0.001178390669101619 0.7877184819608165
1.1340241155513608 0.7525793794767107 4925.3513365834915 -0.00011864970185117225 0.24696019788965562
1.1145228276442674 0.8265490748684268 4674.018511884611 -0.0009390772325044564 0.32245437173653924
1.2557444712716435 0.7176389370251535 4794.600552671833 -0.00042916152011134403 0.3740787952288367
1.4421792345415658 0.7156095301827141 4526.245041983755 4.058859437290431e-05 0.8895409392387562
1.2147930318300804 0.7307717612127127 4959.072438988898 0.00012299848433083532 0.33076758652482197
1.063128253986073 0.853932844303736 4948.172186904159 -0.0002995914116703634 0.3678402364654839
1.3652038509153614 0.6849280654211294 4805.929666752785 7.715372783178738e-05 0.6909864219114954
1.2440542793374747 0.793592761239595 4725.746187024697 -0.00013811671536421072 0.47813197065609636
1.4101239031128263 0.67871662511824 4899.938406445566 0.0001639785049101338 0.7027466473312743
1.1596530375421747 0.8082524036663367 4554.140305952127 -0.0005063702764405403 0.3926893252956207
1.1443624673548145 0.977086078590611 4902.104921295925 0.00034733333311504696 0.6151184644426057
1.0195558406379956 0.7589536449493591 4941.014885888419 0.0007117584184435899 0.2556491742199859
1.3333662309626995 0.6492510965834485 4889.445158808838 -0.0005687633819838291 0.5940892107332768
1.1385970863977104 0.7589854279185835 4968.492578121211 -3.5759508404905985e-05 0.3055264676638141
1.0209292115084612 0.7177508839789554 4815.24456057213 -0.00036079477036877686 0.22738891950483991
1.2266825690769916 0.8140152937304905 4729.199830651271 0.000415542338742604 0.9446382577177894
1.2747998569642016 0.7812900381660804 4839.430855435108 0.0003105934595556804 0.8373522850252401
1.0928419762732315 0.8906033397233392 4961.520641652338 -0.0002409982988399948 0.4098749805646639
1.2679866751898055 0.7897206391905406 4960.316968988796 0.00021282617841389946 0.45466864807318275
1.1419837118790206 0.8179978703737736 4907.036102487964 -0.00019633466077814267 0.34874413793325093
1.409197470404301 0.7146647697051599 4779.701769784263 -0.0002225642275606017 0.9409068929175959
1.2997973575680148 0.7657394774184323 4891.814327063452 -9.422071711635415e-05 0.8089703990919263
1.2272876723559965 0.858358558928634 4966.50024898341 -0.00024282141376214865 0.8246800117028897
1.2320921200531152 0.9871766796582371 4677.659840826556 -0.00015883975783281687 0.80924408981393
1.2816409973334368 0.7535546485270943 4799.60974857682 0.00026836796173052376 0.5756318667749355
1.2966999383892626 0.9690393927601664 4850.332430049096 6.531234204710456e-05 0.6054665737347821
1.2403722103014234 0.8552062881806903 4765.014582968348 0.00014329680396989771 0.9720845180229739
1.2588383754480557 0.6885225116705911 4918.079109696771 -0.0006872152750899994 0.5755798188282915
1.120017617730982 0.857513134277903 4815.773016946733 0.00011799023929239677 0.322656123359834
1.2524654427718096 0.7363582788859931 4993.673471254255 0.0005381160804913818 0.6611024842565636
1.2438328846349476 0.8536553333373376 4975.335225421614 0.00046349226239893827 0.9347088952227456
1.2945422429740545 0.7207474681405371 4810.706164193118 0.0006986756891361951 0.5519428258154624
1.4870697309778955 0.6864595935067701 4821.392399392023 -0.00021141121470114827 0.7368640004977667
1.1061609043512457 0.8031771341621032 4958.803703019061 0.0006916189650064616 0.3196439693551334
1.2102432189615313 0.7949458127608792 4105.005751385766 0.00030365404334861234 0.2613775142323519
1.4095383218888038 0.6964165619404663 4944.069015659056 0.00038017788588398 0.7594114608747708
1.2164647704929543 0.7500303363394649 4881.652794027125 0.00014261307142624132 0.5228879111022311
1.1705349908354952 0.9401257739490534 4803.95860518964 0.0011855786078294388 0.4846114441680275
1.1705902051451236 0.8486299672484073 4908.878198464377 -0.00029715730540665904 0.7460078198193149
1.214050566718735 0.7307519992799814 4300.1584323120605 -0.00035501041336227237 0.20931713244190986
1.328416260668341 0.7075378717675198 4522.934582129305 -0.00047360274409775287 0.8112426112878827
1.4604366722640107 0.661920672591677 4549.495182768309 0.0002734312974164589 0.6292127951637438
1.3300240924258409 0.7096847221911993 4988.738697220188 0.00028917055728865706 0.7009265714891519
1.1874955510580951 0.8038060836325319 4705.778014253334 0.0002231631770555534 0.5638135467669253
1.1485887982337222 0.7533805248279809 4083.928129919831 4.8025695862694556e-05 0.22864113200542674
1.1530584584894006 0.8697592597364726 4740.336064543087 0.00017829361534826529 0.6267164320536253
1.104120652474081 0.8746619739666138 4663.637352861483 0.0001572243261116298 0.34378008727100573
1.199830949973076 0.7455568678923402 4936.309146734783 -0.00046272623504285595 0.32611277488105384
1.3460557500164456 0.7198447175678925 4561.324768746627 -0.0004117129409737407 0.897983136780145
1.1469148739373036 0.8573549273089506 4609.473603455169 0.0005795765636364953 0.4605759455812042
1.170880546409616 0.7801168987810323 4942.674015546268 7.312490355373545e-05 0.34836979785335376
1.406562759925001 0.6883464543986985 4803.209420240334 -9.468505503377598e-05 0.7273889529198161
1.1024987903893897 0.8480765744448739 4725.118757596279 0.0004922514875890914 0.3342676486948576
1.4587694300139942 0.7050317662410501 4960.73224955754 0.0004354830146884747 0.8243741265785777
1.0680715664278888 0.7069822243516145 4985.902010530373 -0.00044491281638210406 0.22046851020175223
1.1526981069286752 0.8014635389356429 4826.944498748586 -0.00021891418886194427 0.29237658484762014
1.1603105317670037 0.7165399284083503 4632.663503271179 -0.0011012719644872596 0.2142362536707406
1.2586567755473488 0.7382740397355164 4424.8236563352175 0.0005586888929547036 0.278664240625445
1.2240537720088522 0.7166515726090056 4443.857529299884 0.00011593251056058319 0.5598417638026894
1.1210588115536755 0.7959098595915217 4704.858395266833 -0.000897828294725316 0.31751717809456015
1.2282961680321158 0.8437927684705764 4736.526520977857 -0.0002533599178981452 0.9897969508127469
1.2347842205110375 0.6798408675575132 4830.672533242109 0.00025971442603829847 0.6228471392503089
1.1659000291224189 0.7569568610409079 4142.426201434945 -0.00022090861551524787 0.2509857008446435
1.2356824770964965 0.7849626429880772 4420.135904448375 -0.00014647029028819975 0.820925541168493
1.0898607363857806 0.8104345004096261 4605.616532243662 -2.3299236885099703e-05 0.2950988056703482
1.3146363633730926 0.762678932599836 4818.506986098036 0.00018751534895305072 0.9415589459969386
1.1639994663846829 0.7793404690515647 4903.856137513656 -0.0001361680732937525 0.38946060929052617
1.1797947085208582 0.8188897906831047 4468.275775498979 -3.731044852934988e-05 0.3525193278179417
1.4751108536698108 0.6638416491743441 4428.269376771277 0.00017844282150482048 0.6507976574941394
1.185804564295144 0.877631800053287 4568.886586633141 0.0002449215335551054 0.3942796970963017
1.420723450506669 0.7168516934964976 4162.7831457697275 0.00036163993577300804 0.9876604201604504
1.0914078955877766 0.7437583086936962 4912.896246535055 0.00021292380060103128 0.2743841968232998
1.2189789066302474 0.8627895552071999 4897.871119782834 2.761614630798901e-05 0.9281272105643819
1.2838564561542896 0.7286243015846391 4609.877452564005 -0.00012253605346046643 0.8235750039588403
1.1786214645316162 0.6962191974893832 4936.181702033845 -0.00039205080587148116 0.3001509599528064
1.306014238517753 0.749483172505166 4805.27718188438 -0.0003849039667368029 0.9730404348441973
1.1623341544424532 0.9094435927543577 4731.515660883194 -0.0007949573878849899 0.5059027707432793
1.2280682770504887 0.7702917222745775 4796.403601760475 -0.00010184690440992651 0.35691178781697463
1.2109074950459415 0.7279633712240504 4668.463768220582 -0.0005641310124277987 0.2930948093466125
1.526821463518346 0.7059079442934765 4803.858203984435 -0.0005186734317661278 0.9640230163856212
1.1348489620515207 0.8030985991269596 4907.682854293303 -0.0006801949827182791 0.3123087285396908
1.3905387653278432 0.6449992484947963 4652.449884466377 0.00022536978155302852 0.5794593432978707
1.3097584837526959 0.7026788774771744 4852.052149980295 0.0004665603513459057 0.6216182505355276
1.1122116258545387 0.9054452525580658 4731.136116512392 3.068134890011188e-05 0.3855692368882696
1.1398629265394788 0.7354966470019605 4840.828232162555 0.0003292475688477943 0.233981202349919
1.15753282903797 0.7823692135167958 4087.2000608331127 0.00043234844014028266 0.2989396497846436
1.1299782756055274 0.8007930954166432 4876.27457660912 0.0009548921031043851 0.2989076583029973
1.2938792039773719 0.7403567004087421 4990.332473817842 0.0005382687372728709 0.8638746398178466
1.1414281725343791 0.7450043924312587 4831.374248154375 0.00032748005911355444 0.2427734223339708
1.2455187131207013 0.8668810937288801 4835.467025894046 0.0003627002930580445 0.7032852925247852
1.152973558627343 0.7876799420090026 4569.915658679248 0.00040091777061287796 0.31094070862181467
1.317361927933599 0.771804626132048 4502.89443893362 -8.189897275132115e-05 0.9138948067620571
1.4182887909735236 0.632163319937557 4892.069774256367 -0.0007603209332523002 0.5288479476497646
1.1867906103955204 0.8369037962052365 4867.887309639989 -0.00045213321573544515 0.6981208309515193
1.223826764092255 0.8156382601251305 4828.126129339604 3.0812680103248406e-05 0.9202392749384644
1.2217701409559618 0.923064722635311 4632.6563621973855 -5.09538665072528e-05 0.414435883223596
1.464533228762136 0.7314713416363456 4806.677821789754 0.00035979477133408035 0.9665522582524083
1.4189091936032419 0.7078090155858465 4671.8137172251245 0.00037480754775693275 0.9094982650346796
1.3803983027103834 0.6890980301912935 4980.170105892698 0.0008534774500668129 0.7997364556695772
1.169326164372397 0.9183943184205227 4941.460157716135 -0.00028375282833204983 0.4609421710151953
1.1006183137522927 0.7277056524297512 4872.741491340172 0.0001669009292659096 0.24026129341753416
1.404231596089962 0.7315802347710024 4895.342099860994 -0.00010600669547680908 0.9273224954533195
1.292100435556701 0.7863803209430291 4945.910436146076 -0.00017629663872311565 0.9778142631423107
1.2273949153897228 0.7043593827584045 4861.703666636864 0.0002465298108247605 0.5406207263119963
1.2186731082875464 0.7662629985924775 4972.009161432712 0.00015221172217089326 0.5150896301167321
1.2646852771408499 0.8474197018973588 4053.016573794715 -0.0004081639688270647 0.43012748353625363
1.117894106426327 0.840334687028297 4976.833127711458 0.0002335885786078853 0.384296868576783
1.5449698032685295 0.7049503463515924 4803.341003529658 -0.0007493944653427418 0.8224507044947147
1.2766318919774928 0.6789211614153523 4652.254010273805 0.000535397648675141 0.6446587454618715
1.2124503087736624 0.9777737912428772 4806.518210919607 5.242197345164399e-05 0.4539486414821788
1.242987104455812 0.8506669996282532 4552.746929434104 0.00010322001229285077 0.5557262374802528
1.1463467971225318 0.8135524741476302 4140.655927946877 0.0005281914280675135 0.286501893141213
1.2996909199589828 0.7248565024893762 4210.365014864074 8.221340817231052e-05 0.4046763576838175
1.3199032473484011 0.6834266991872426 4801.191711595679 0.00045758429966984306 0.6498461932523489
1.1463812981604196 0.737507616885008 4882.588851822774 0.00060422402491378 0.2310874779247279
1.3564058908673569 0.7173552093546799 4865.724427437096 -0.00024295960017334326 0.7638297468114618
1.401427035006202 0.7125624711374114 4919.896830926507 0.00012814663392881105 0.8995382875488819
1.2664844153355581 0.7304624128148554 4880.086584963708 0.0003107412158649582 0.8613827267355156
1.272417933870557 0.7394567790899336 4561.976824771522 0.0002849834611010951 0.6589563618652771
1.4268003079918006 0.6748986639417144 4691.288689326185 0.0007050965185369906 0.6730962903224612
1.187584917393255 0.7694059177917607 4053.296563584473 0.0002884976130968981 0.2939497573936519
1.0952357517433973 0.8377226751307926 4953.914019855302 0.00042506086259855644 0.3290886152154834
1.1466390493139498 0.8388299681176593 4944.086402446067 -0.00028822661953954834 0.3412817779818431
1.122994516068898 0.9125047154734192 4966.70358886876 0.0008935627776489345 0.47795286331397047
1.2063582210497785 0.7336396438921922 4366.127289090156 -0.00040706854426043686 0.24132686530313266
1.2324279901751325 0.7500842502413676 4576.0620145347075 0.00042510363029619227 0.5499319411876306
1.4273857661448086 0.7028246735022018 4709.821039594672 0.00029193988784713263 0.8192485212031907
1.2811033016472866 0.7390056389693404 4617.577520625851 0.0004966360789984846 0.9283064025442399
1.2094654629155477 0.8425553728902093 4746.602515513404 -7.77138340986356e-05 0.9994682976825289
1.1947419360435683 0.918759357930405 4905.855259337204 0.0003409437999733544 0.6780726298863946
1.301467328098168 0.8218815672207759 4236.519686235542 -0.0004360413020009762 0.6631263786043442
1.2111627478372125 0.9039112084537588 4784.160027798084 0.0006784096227776674 0.49881538182405977
1.0548357366340257 0.7885580354758602 4848.248931161948 0.0006350590006137615 0.28626929837419524
1.1330348828274208 0.7553226219817119 4865.986536993493 0.0004588353666841377 0.23468150548903233
1.3820832042662876 0.7177559634333545 4671.938976296421 1.993962007189997e-05 0.9299035916997779
1.1508449993710472 0.8520532249317843 4566.014544440884 0.00025656840489211955 0.33205737943674873
1.2448836697416186 0.9052256882026957 4853.111129916184 1.7358513728068192e-05 0.5604803412196615
1.307578175900179 0.6910063211719981 4645.348842528245 0.00033880616878524385 0.7031956598787101
1.2643778827700582 0.7088503540912144 4645.9199455566995 -0.0004646108954399029 0.5339989014414006
1.158445083045799 0.959893484661336 4676.772381925107 0.00015572932710898734 0.4613472869356769
1.207568508258961 0.7454602285378279 4915.867443544338 0.0002298447815536767 0.47773515996282934
1.18616328955459 0.734242931495246 4802.971399824571 0.00016587301608263636 0.25004362125750346
1.1837285161450892 0.9271975696552022 4704.82483670975 -0.00020698682050331813 0.56371513579216
1.1492030086100662 0.9423784347731223 4663.287651497777 -0.0001503656051413974 0.541482527937982
1.3215725248158199 0.6874419362993149 4792.147696923606 -0.0007356824673717932 0.7643939501104126
1.256965340394516 0.7194938665087593 4735.596159165131 9.846612106679971e-05 0.8467940211045518
1.1441398412309651 0.883740352999709 4937.799510667764 -0.00020813352284915565 0.43404558323188125
1.4993947695028917 0.6890811715160482 4872.319017452099 -0.00012828712096537697 0.7086919953525328
1.2593262170995319 0.7543435406837147 4875.74468285206 -7.893333730142682e-05 0.6555045073032073
1.2008119252762612 0.7909041503089086 4899.205481405649 0.00022826895762628814 0.27056923182220294
1.4476427266853498 0.743812683867582 4566.713711311112 0.0010015412620482686 0.9595848491390457
1.1271669165029377 0.7470209067930744 4914.561048465639 0.00045965262427591873 0.24114751844319338
1.0941355204096546 0.8617947644337562 4955.997046904612 -0.00012049051040040374 0.3596340015490353
1.2203065701867304 0.8076464602000457 4708.8872123735855 -9.320513206212262e-05 0.7308414807681658
1.3169835276088788 0.6723612914018381 4941.2347921397595 7.811891571615674e-05 0.5830746834911175
1.3893394212967358 0.7202915067011164 4927.246149699725 -0.0006524720229650488 0.8963624225139523
1.2342868003192358 0.9191638600531724 4852.838807362099 0.00017614931299973625 0.8612097576961857
1.5451991164586443 0.6960215453376712 4869.117581587109 0.0001845540846565492 0.8182832510567509
1.3251209315518615 0.8318277047850893 4557.988441109119 0.0002778343984800393 0.8089333691082861
1.1554095559255544 0.863511054249048 4889.285678943304 -4.312925537410852e-05 0.5004163566669825
1.4283288850175238 0.6235588842224453 4886.54748991548 0.0002508779070136 0.5577051332140396
1.3327358188351432 0.7319782619326594 4862.5357186096535 -0.00012223477408678364 0.7811332652885622
1.3302877257210035 0.7041174158856565 4438.126513771026 -0.0006081327894199042 0.731501708875546
1.1252288938888781 0.9151450546338427 4730.846213020975 0.00020687034141032742 0.4553612678574037
1.1755944802662437 0.7481906198493423 4732.4071427633935 0.00025955432175581253 0.2885466529590818
1.527923985793059 0.6822692035814046 4978.688855621525 -0.00045581339561911625 0.7606250370140909
1.285603495114828 0.8002960775336578 4664.235995986805 -0.00020630527963660619 0.667776442723023
1.154902328718171 0.8535529995944569 4410.549241666243 -0.00027866894612722527 0.524320044748291
1.3097357657466593 0.870147858455867 4405.766849820059 -0.00011317557223065975 0.5882687895889036
1.2021321371587668 0.7186008689780597 4988.59012704072 0.0003363380390014058 0.3066839592658397
1.374233340685962 0.6974891543917513 4931.005291036563 -0.0002184727288175198 0.8303733326586419
1.1737199814390982 0.8225300923922679 4687.59657335788 -0.0005145548397545857 0.44535296345090464
1.2115618812114177 0.7295447278232695 4561.974306766541 0.0005849595856123816 0.350287590575708
1.3489222673671382 0.7058011583004729 4784.499575098375 0.00034360567831736774 0.7973686584182755
1.2333438812131534 0.7263348464203565 4522.280064662543 -0.00016835671818271698 0.4262143533825691
1.073078138799336 0.8199388367033907 4801.902449579862 -2.7843399674473727e-06 0.33991486797067105
1.2962572041062184 0.7972957876048462 4901.642118192585 0.00023740130275699622 0.9370500710493233
1.2307863699292836 0.8482215505757991 4371.987531520061 -0.0006175484169421442 0.4153178735395538
1.2591440501748328 0.7596230772685805 4939.211304490798 -0.0006421549550922443 0.45862062978406026
1.4131570297678686 0.6560286025460773 4801.416486379839 0.00010763781799315544 0.6488052504270896
1.206904635047181 0.8092338955945426 4899.875966737593 -4.65803904264421e-05 0.39265012450974324
1.457778158463321 0.7068834708592316 4922.068926599008 -0.0003723601149587038 0.8516986975524596
1.4163186291696872 0.6314898493150949 4927.106086481155 0.00020500566807622118 0.5352746196605171
1.2136701064258522 0.8181328442706602 4568.514349380091 -0.0002509863683578857 0.31754525747131335
1.3658006472735293 0.6569094143357928 4961.782314171695 0.00034384860810345616 0.6351542621616384
1.2348316940699091 0.7863376314147048 4492.323630462046 -0.00024936872046288507 0.30643619951760204
1.102447942252565 0.7283666895634773 4999.38473098795 0.00024048966577708955 0.24024224051817103
1.1540500683009662 0.7824095890378842 4739.3275991306255 -0.00034921563288139724 0.3212932706368215
1.21443480620451 0.8492890099526107 4848.2090828720675 -0.00020347512547053638 0.6786778480473628
1.3748326692947082 0.706166592011185 4771.692426755934 0.0008220757308808374 0.9500882239178785
1.1320331894976257 0.7912206937605271 4877.258537654627 -0.0001910516753383337 0.30683558680994893
1.4518437192109004 0.713913502888185 4804.379194115775 0.00047680189668277865 0.9939486852981975
1.266789731621745 0.6864884990156949 4757.6592017149305 0.0001234297897749796 0.627533090372163
1.1928769437961286 0.7661025244117088 4652.126868271437 0.0005543395174421834 0.5704669869331392
1.0219222087015205 0.7115084873844532 4987.387803746814 0.00013034218956841276 0.2052112759923111
1.1946969543624428 0.8547660472076717 4899.02245447935 -0.0009923234784816974 0.4468180745604717
1.2991622851333233 0.6828243067377271 4676.132823775606 -0.00029644702543118074 0.5116133857368925
1.4020967824940016 0.6850849251884674 4848.242879330211 -0.0005101383705626113 0.7784587672896662
1.0991908357571705 0.7819125983594798 4053.0932715363188 0.00016304190934583835 0.2647717735067716
1.2117763706304034 0.7989482805621514 4295.863079080675 0.0005086052880896085 0.4500898397021774
1.1218580201471025 0.7507202748246835 4902.465580777736 0.0004315726704492691 0.2909008448332554
1.1724209997506005 0.7142777926929913 4546.108067756367 -0.00036085867354906015 0.23090328482110883
1.2731327960613237 0.7258924109636875 4805.983575365018 0.00043464580272639355 0.5638809492372969
1.183075247565841 0.867420912594174 4932.523283704353 -0.0005403584470253349 0.7990474109703809
1.3826906337336795 0.7047324684951239 4922.754916120373 -0.0002446523421196532 0.7506386641081221
1.2251443081817825 0.7528780350723789 4800.673880218444 0.0004426418386055798 0.9227508745715504
1.2007572110731926 0.8286017965936252 4693.206911943795 -7.951826418661244e-05 0.6062772105492187
1.2753058396366832 0.74068465046501 4954.85045391944 -0.0004272671552578631 0.9529472138230208
1.2006891235072144 0.8857843071515311 4796.414801659669 -0.0002190247031374155 0.5442496186748013
1.3980080334464704 0.6753009879749309 4792.087865739359 -0.000506319480197298 0.721202514886171
1.2053338476986215 0.7552359765157681 4120.718206697842 0.0005065025034912704 0.26552675488746363
1.1076577766890003 0.9482209752930812 4889.010418679903 0.0003789733955400676 0.39402870101817244
1.1912904396376556 0.8551814443085966 4659.402540351416 -0.0002063945510550812 0.34377910179554305
1.1069010110270174 0.701693732539537 4837.076807428904 6.750803390366552e-05 0.20931755007149616
1.4382302281460573 0.6959049425863637 4618.842179942636 3.66975813581196e-05 0.8200484549803522
1.2102985556662011 0.7313421757929098 4929.437821779714 -0.00018806155619374278 0.6635404806064589
1.341546237904383 0.7063088077262905 4978.886329745421 9.690929821049886e-05 0.6284892059398832
1.176232337086567 0.7387263201452249 4760.754598055175 -0.0010010221516897782 0.34621217606132326
1.399081033184729 0.6821609605230103 4787.594846871374 0.00030664707636119765 0.7127833389083421
1.2917878096555335 0.7499135394090499 4897.294771264951 0.00024369297195740678 0.9655547811255037
1.3357079995449768 0.6653416044564886 4466.110693855931 -0.0001961676171070996 0.6829896403964585
1.512862737483863 0.6928765083041171 4987.411234134763 -0.00018301717438179533 0.7129603687069277
1.2105591060807257 0.933748246339256 4852.5566172279605 -0.00026262191806431434 0.7103024137394395
1.1973889597695027 0.7251035004272524 4841.815935114157 2.9240959770196232e-05 0.23598571647931538
1.206455727265265 0.9463828883177968 4784.904692588329 -0.0001503392902275452 0.5269065803862614
1.2166253726869578 0.7992576051285812 4676.864254841607 0.00021877655457758303 0.4044338569086752
1.2048539210186124 0.7784417253773271 4521.3594630629495 -0.00013987655060959924 0.4355911564621434
1.2511239510145398 0.7682803197940821 4936.781489603774 0.00017288797058594022 0.9506794550578012
1.3782496240043312 0.6317967749650439 4498.774089546768 0.0002528915330149207 0.5364869615711695
1.4512943868340922 0.666949235480568 4887.215394831879 0.00042962707330423825 0.7039072832508395
1.4058125802570114 0.6476128626617388 4927.245783713388 -0.00026668431266712526 0.5443065921262553
1.217135323879722 0.7995908931787653 4705.125938348435 -0.0003728628676917522 0.8867685823287662
1.0485051494401025 0.8238748659105801 4904.019042861114 0.0002821928939592215 0.35148322711752
1.1672241668260268 0.7354689304397835 4644.805065570672 0.0002933098127340965 0.28774947773117865
1.397753965363146 0.7016046943715721 4877.753142891723 -0.0007835891413875111 0.7171601276470666
1.2591774212746565 0.7619123588093742 4970.134566303623 0.0002580081702536204 0.5012638080929239
1.377079681926193 0.7189003836510809 4679.515699507695 -0.00020085255981760276 0.9081886349538717
1.0563431789467266 0.7329095933933188 4676.985235522841 0.0005496500952130295 0.22783109466276
1.4655871285163564 0.6788680333575695 4636.676468967797 0.0007936915738127281 0.7290552103409619
1.1730597414051598 0.8126251525332902 4427.290027898773 3.806534671516978e-05 0.30079032689801344
1.1815287298130956 0.7425107287842702 4929.449093871813 -0.0005584388661068942 0.5229137577580464
1.2531469483761177 0.8954737755550111 4774.183394478079 -0.0007382756310304314 0.4577115885208263
1.1064078795020675 0.8259470747353398 4704.3447623321335 0.00022893076164058759 0.30906204907893237
1.3181842015427054 0.8624546269441904 4379.979667174218 -0.00040851281693499354 0.9001032008250912
1.1957828710331957 0.7983816554636851 4994.849320430209 -8.017658846396924e-05 0.3508146056142078
1.1811551882984572 0.913132344637151 4814.112517851378 0.00013229365922488411 0.3946165145067656
1.2915143004548992 0.7256032989025634 4953.048942751498 0.00037209545221759895 0.6206536274658631
1.2392152921066386 0.8575009439678366 4731.382766643478 -0.00026665978053368015 0.8983530298699722
1.2927825931387558 0.6808832459925713 4867.099421363197 -0.0007571585418163035 0.6267709775425183
1.2499303506467192 0.8259965171661441 4669.591045141168 0.0007667611637793113 0.6673882298472013
1.093701377926344 0.8275628496819609 4802.803163379506 0.00027689289831752344 0.32276880931993546
1.3324369002682224 0.7096445610822215 4966.655170967721 0.0007068026364203523 0.7223343859688401
1.2483865356006716 0.7364021932769989 4886.164698688871 -0.00020108024456087415 0.6938972053805995
1.2467281783287953 0.7370238280222838 4519.3405908789455 0.0001573244484517281 0.7789660295129002
1.2790934608517128 0.7775879743653684 4598.928719652547 -0.00010880738678993323 0.38995654556345316
1.2391991985669604 0.8394200005501089 4889.9877175903575 -0.0003296236221044949 0.9185037532043282
1.263535060465 0.8523546176351819 4512.2605755591685 0.0001494670257490085 0.7082520166845415
1.2961711131138318 0.6529431985530967 4948.112015841133 0.0003161135835451113 0.5139536953244154
1.236436848727857 0.964323945460972 4618.598818600064 0.000279718470070543 0.7205223348077313
1.1181918690891357 0.8640948387029979 4672.733411647332 0.0007347489174635976 0.3930301687671232
1.2105351221610856 0.8202456528939492 4519.214679849143 0.00013368780251165748 0.929561446270341
1.4166378229340255 0.6471386458394115 4676.7960587817215 -0.0007934559562152633 0.6106841306879001
1.4383066135254294 0.7063741438224628 4938.599926582525 -0.0007290313226218032 0.8840112381684905
1.3851515948966848 0.6593755902093364 4941.709339693907 0.00022032441419829007 0.6064926134968083
1.1674314959189973 0.7783137994900571 4666.91735881713 4.615945757144756e-05 0.4795752829106219
1.2972213411827762 0.806565910066313 4236.375338128884 -1.9231024360146813e-05 0.570985405713005
1.1537295916302377 0.702680374563714 4995.113655357952 -0.00041278461716782994 0.262438275488234
1.5052171476719969 0.6930754755546471 4806.914366232147 -0.00030391116790913356 0.7855347420629054
1.3705690641066715 0.6617954307262647 4883.817766818549 -0.0005087627558412357 0.6296041070559751
1.1747514404410928 0.72270644611348 4459.191161151474 -4.7048619567219734e-05 0.2662679913187161
1.2634172221312525 0.736249336737528 4797.7176705461425 -0.000412190527022759 0.5688180738875835
1.3140201556326152 0.6972817807581974 4941.828275772001 -8.253861075332826e-05 0.7050629954500935
1.2589340444109278 0.7132079777815823 4912.330636095004 -0.0001549427477728457 0.9081555581704086
1.0410039988124926 0.6951730788740351 4994.346777363305 -0.000816641113167656 0.19843054115137568
1.1750589860144043 0.7354128703742301 4539.639655109005 0.00033748354987274854 0.31548703861823457
1.1526017291385178 0.7466492971040066 4527.531433104418 -4.0590317275971815e-05 0.2417427478369829
1.38784392243865 0.6821469693337108 4955.342595397347 -6.0735397944610085e-05 0.7045053232342953
1.5666295149816833 0.7200193340410687 4926.242403758351 -0.0003694022414407984 0.987026532757205
1.3395846584086093 0.6706003079975272 4861.862827252167 -0.00040071264337199956 0.6366667331638267
1.1101294421890944 0.8428900875381015 4887.420248636345 0.0005371930873255858 0.3823933447871417
1.1527324662852831 0.731911682162881 4162.435661761104 0.00041328361299549217 0.23626835452531675
1.175014440720762 0.875348333011951 4937.6111426603875 0.0008116974688633463 0.7331189642428265
1.3871371401813686 0.698985378770647 4985.2773846188375 -9.739521829617341e-05 0.7706050385110108
1.3706939475081357 0.8024044746807604 4164.119670687416 0.00033120568075712894 0.887864642999996
1.204091364088562 0.8354816101759566 4552.583725723442 -9.269894271716622e-05 0.39048117501548923
1.1224150364506098 0.7919842427697326 4672.094835581012 -3.8059232501697605e-05 0.31044967338632107
1.2061160227524659 0.9540432039060498 4831.154598371384 0.0004945592161988048 0.45570342166515576
1.190987647350955 0.8559068224540793 4709.993980181424 0.0005819370983914489 0.3232468553506012
1.3788139552473127 0.7136052210411304 4816.875008409896 0.00010131702369045973 0.9468292501137487
1.263660520786262 0.8224648409790921 4181.517099373153 -0.00012568511562247356 0.5438770128001041
1.2480184592863879 0.6979740345090739 4874.500423226878 -0.00028579889028502526 0.5042977852482253
1.1763170075491174 0.8904143063390907 4712.485324489285 -0.00017380578994283442 0.7275116029104947
1.3531624969541434 0.7237729904945456 4253.320787747262 0.00035171534937448 0.7810012696740595
1.3399709602782715 0.7119864454499975 4869.25099369788 9.793859046351365e-05 0.6667252065852147
1.0222667960849239 0.7665740222198745 4868.504326873026 0.0002017693728646746 0.24594565151054487
1.223090662567786 0.9011906412109865 4998.62947533442 -0.00012749007520240074 0.8569212694153011
1.0628680637460066 0.7730348235388579 4962.151878338951 1.9520961232484078e-05 0.261365942099495
1.2765405577299243 0.8247924246766978 4095.182122880328 0.00022437618024935665 0.5833651375928701
1.1327098621819873 0.7945094125456517 4459.064346241805 -0.0002158389150914643 0.28425329280475853
1.2421100658338688 0.8311922373423688 4966.473387073728 -0.00020574865835664254 0.8652975334440841
1.163361999465667 0.7967941638054591 4951.600928550423 9.991255401901206e-05 0.28897459281731275
1.4726303764298443 0.7072938715870597 4836.676058984872 -0.00023397723024460025 0.8371749185267331
1.3312947769007968 0.7286850458430378 4479.9941604827 0.00031663276416456785 0.8700867142891425
1.2664614965820506 0.7772381978086449 4452.6737747083625 -0.00026729922068433417 0.9099115347327728
1.269865136366389 0.7424639384554553 4684.139531624929 5.845873098459249e-05 0.864900504334739
1.1275183671826585 0.8378787844617848 4705.313835109068 0.00019153580099032631 0.42895286719808046
1.1251442505576126 0.8532154360835292 4966.369650927252 0.00045713240889600133 0.41722932168024285
1.3518373242824944 0.7099228970143677 4867.315248706229 -0.000608509645308721 0.9363000266494603
1.196293827628249 0.7376837222423519 4911.741091174738 0.000316720250271377 0.293687117846697
1.3744583675145354 0.7075068271365504 4986.111803459293 -0.00026987330129817246 0.8262864257665501
1.142520520567655 0.6989800691395011 4891.364362420638 -0.0004160793275821324 0.2154124533406993
1.1002820601422314 0.7484116934476696 4895.4296001062385 0.0006319862098398943 0.24771424715727733
1.3147393396146645 0.7812148623844204 4470.270573233378 -0.00040735798251666325 0.7007427435492535
1.228830508573057 0.7039794087913254 4912.454910733607 -0.00011486390224017121 0.6034177483694287
1.182806333932077 0.8133792652709689 4576.330710428815 4.7498392920103624e-05 0.464139854037964
1.2928243548067784 0.7701815645774984 4956.5754375944 -0.0003340777714699442 0.921262279594974
1.4357741610334431 0.72668316403269 4895.181589203797 -0.00036248518220273533 0.9965621996110581
1.2242310497596955 0.7653022577781641 4463.346328267228 5.428529439034352e-05 0.6974171425191863
1.2875859769164768 0.7184239419636758 4605.902067752138 -0.00011977601701446033 0.505324350131394
1.287139420221671 0.7168841225571634 4816.659853742916 -0.0008296742106447121 0.9213374544396314
1.26284937875403 0.7517241747881511 4454.5866569193095 -4.291775610549892e-05 0.4894648122902445
1.2209674725335697 0.8449602518185788 4449.800466855974 -8.904502239210873e-05 0.526415062950415
1.3704562244254666 0.7219561948555994 4849.299698754623 -0.0003188852929282621 0.5930454210094978
1.1192994301725046 0.7955427098949736 4937.131650730194 -0.00011403664112610823 0.2765437121083845
1.237538453758645 0.6838545131852162 4636.218546532128 -7.442981290569014e-05 0.21798974389555587
1.4904091970362305 0.6499505057892301 4677.431895486541 -0.0003558297321357492 0.6121509587575633
1.154939062150292 0.894020892268092 4944.682814476514 -4.625941840412017e-05 0.43074093251717116
1.3191760866084528 0.7060614507044408 4498.2389718248105 -0.00029417564677585795 0.9550757641633647
1.2157627888483564 0.8226299246118295 4191.586289379217 -0.00037618577825549007 0.40564723640312894
1.5135564041891585 0.6370710213559744 4739.469002890029 0.00020390949889677375 0.558491654574992
1.1835846701085624 0.8529024666538153 4572.930389526969 -0.0006691652847112502 0.4005324097820698
1.406756134703242 0.6967398348533399 4645.443755881514 -0.0007218738415241638 0.7902792522118294
1.1348856399627336 0.9332711680100485 4760.2560235348965 -0.0002291016704080571 0.46211363154568563
1.185027471835436 0.8489603973564248 4650.889145581951 -0.00037812376501560155 0.38961638981844293
1.0831490580508807 0.8836693627158292 4794.118030885583 0.00041870523844256334 0.37885676799020884
1.12447649626758 0.8678643365573521 4954.498424216698 0.00024626465335718216 0.3866386481090409
1.195768359693632 0.9295130057218131 4810.324606929512 -4.0206533509824156e-05 0.6210777075396973
1.1002894321194785 0.711728042325048 4937.147899948838 -0.0001591945304632698 0.20998548534583542
1.1470318927940892 0.7915355467761377 4713.673828843415 -5.32119983115832e-05 0.31034591765272246
1.3201549540433828 0.7287415056177067 4840.066180326564 3.48723859022919e-05 0.5394045105654875
1.1110335643019402 0.8435884902453272 4618.495174313179 0.00018525048963918163 0.3365421373196188
1.1330745783072858 0.7828843915016848 4930.807343657601 0.000710292520557904 0.28200272522609476
1.228094378874726 0.7498549564287115 4420.270824043634 0.00022022159590946578 0.5552797207453781
1.394211670307656 0.7063149915744931 4497.963936855588 -0.000151650119658228 0.8937036056076644
1.1338521148170508 0.9493989178754445 4936.622813947203 -0.0004257888223621945 0.45822936255216795
1.2600525262183024 0.7391699448744729 4816.865312619337 -0.00024215643001849685 0.7897465672309723
1.1239276019365365 0.7385287249164646 4810.188062990742 -0.0004316799266697319 0.240797459944067
1.201602517818096 0.7302588879048659 4832.117293513291 -0.0006914455399496859 0.30267510153159694
1.3812964077273733 0.7079018912005764 4629.106109047295 -0.0006480315535112223 0.8083813441673199
1.3859006827589886 0.6437558621398343 4927.390048080557 7.249044960138139e-05 0.5518775684071862
1.1881226131614289 0.7526792900943101 4713.414038217033 0.0002380223024834772 0.2977477417852143
1.336373720337344 0.7753960887332265 4324.088950157597 -0.0006692694117569042 0.5828329357869348
1.378956604778809 0.671946823216827 4489.978826588663 -0.00012541112570192976 0.6796439942147632
1.16069253280894 0.8807253741216153 4511.623174773549 0.0005950613547099245 0.41687723908266666
1.2487134592005111 0.8308807181038973 4449.290706659532 -0.000673067461400473 0.709146758161889
1.162336627582853 0.8034415099823485 4379.585347421907 6.5835148614345e-05 0.2960391940102787
1.1384636807298838 0.7914381559881378 4946.6366378882885 -0.0005208621309021631 0.3387708632204617
1.2184370157778508 0.8864875752920094 4939.696502060339 0.00016802257707876144 0.7494462724658981
1.290821399927274 0.6969476473361372 4782.806370786549 0.00025335362244280205 0.6103272871040653
1.3803129696018983 0.6620104458416693 4975.70415135464 -0.00017268455775856586 0.5884840961781197
1.4258119226747539 0.7316523051119677 4674.351375193213 -0.0005136601718477874 0.9942322705895095
1.12056476908558 0.845598251644769 4962.450485930715 0.0008114674042717468 0.3392495903844023
1.1798460269674367 0.7856163276472701 4758.8508446857395 0.0004911103741464583 0.6944084849240997
1.5108606789957704 0.6102072831762521 4663.611445171735 0.00019582206206325738 0.4793892004880257
1.4570920404616108 0.6820516324236099 4910.734353867002 0.00011435058714764654 0.7255749734834814
1.0268948880243942 0.7613592429919481 4784.514466892278 0.000762179536336441 0.23689426639081074
1.1980759537506678 0.7613196542199756 4977.205008027071 0.00045564412217648443 0.3341695273527796
1.2177726510285178 0.701554825417965 4771.552154449528 -0.00025557140445872406 0.3810904783895017
1.479245630771568 0.675921141823381 4803.552089924907 0.000509215006523894 0.7275428841645248
1.1664728886841405 0.9409999580213227 4403.709021612247 6.36730501147057e-05 0.4642083930238229
1.444405892144029 0.7106102559715689 4937.338869433701 -0.0002955813580893351 0.983253375531284
1.258142971224341 0.8038773337925063 4991.775815403969 0.0005673422687267392 0.9531564165311177
1.2438217215208391 0.7634920701330895 4968.46330408509 0.0001745360965113691 0.825371662493614
1.2443848696919984 0.7083643599808797 4804.899413070364 6.781799511702996e-05 0.34524621757065027
1.2551355733239569 0.7605105455703184 4506.926353820945 4.867918930605538e-05 0.762424577416506
1.3313068118442892 0.6859106548258415 4734.842907459316 1.083265601184841e-05 0.6694774252014737
1.3970609696600262 0.7121821135470443 4801.903345626318 0.00045673793540750067 0.9314700708484529
1.0684474721314499 0.7817861511819547 4961.415926045613 -0.0003254754136839851 0.29477442714095453
1.1511155755081615 0.8561696268116099 4698.602083268348 0.0008439740646528269 0.342703606267183
1.1937155810013378 0.893204978790306 4590.30431668591 3.509946465073488e-05 0.48044327970179435
1.2962345076433066 0.7514417732248313 4982.520212178119 0.00038345410784223805 0.6156017267156154
1.2201048589547894 0.7472388979410046 4546.21445396706 0.0002629475290854087 0.31392960267025166
1.3610224762518213 0.637951848380073 4904.874435757815 0.00022475743774800258 0.5316971842435901
1.253289200403418 0.8289718514342074 4921.148926001482 -0.0002733775899845161 0.512696840600119
1.215344006476753 0.9165550470830632 4864.950892454615 0.0004532033495672021 0.4473974638571807
1.18858304572471 0.7306315090841604 4827.68299212451 0.0004207801812579574 0.281025733070145
1.2129070210868023 0.9258826659493002 4910.430683370095 -0.0002498770886723813 0.9461871251724625
1.1411029244045197 0.8478810015830175 4573.345738934227 0.0002893945390753383 0.4162908590825689
1.1338020543461946 0.9032500685369196 4546.22099254555 0.0005615286367959221 0.40175358352914536
1.1904384235104217 0.8705526431500955 4962.892923237247 0.0005389771464063918 0.6274333490596216
1.2745036114493524 0.7259913714523779 4608.77906031531 0.0006248435679959798 0.992110279582006
1.1739914863681027 0.7933907157709761 4922.969009448888 8.016154490969485e-05 0.28369486137179656
1.2691395685023743 0.767902263337844 4662.0477330227695 0.000609162993604725 0.9209399660493218
1.3218860873751679 0.7085793673784408 4561.354149838746 -9.40013369180756e-05 0.7878919364677472
1.1769184243076707 0.9288203149351725 4974.773975095933 -0.00022370832130288624 0.7050449175210363
1.409254281064841 0.6939283969134159 4848.155132921676 -0.00023449793505773335 0.7505273791003022
1.133395692413126 0.7930984936331166 4732.314213551239 -0.00037831331352398035 0.29087436278919226
1.2655831340409873 0.6931799552431945 4966.509166704282 5.1561415055254946e-05 0.5254372438079469
1.1948923165953815 0.9575249098138684 4859.693828766974 -0.00034723789874858155 0.7518256488716726
1.1419936069691445 0.8199746621566405 4561.90391294092 8.99039298712764e-05 0.3605870716958827
1.2167957459471452 0.8175233878579786 4793.984005304339 0.00047617826470046636 0.6793492689180585
1.0322322913445798 0.7998820927914524 4918.1993227903 0.000750164831156377 0.3255944710823243
1.4622642316296908 0.6359005550084844 4837.927215932581 0.0007359225523052664 0.5294566188846759
1.0236922451527932 0.8283008138357095 4663.928439419552 0.0006623276118374858 0.300710496315966
1.1361899985141668 0.7777263026436587 4162.881522542069 0.00012395898758346815 0.3024679238830114
1.2837975448164824 0.6783870452937971 4861.381422533107 -5.0758488158962395e-05 0.6371923681162508
1.0770407297594198 0.7842666947406653 4889.071223673037 3.0505180210444173e-05 0.2518178094813167
1.3741544794064882 0.6997653419800454 4997.267694811166 -0.00020100938247037808 0.7318972901881271
1.1899944100435367 0.8017077359789879 4554.880606439986 -0.0001766394781632975 0.48205946541085853
1.2338632418299342 0.7987938666886297 4736.496679324117 -0.00019334767210709176 0.7110240784730588
1.3152449700200823 0.6853266715987971 4832.374830375973 -0.0008845994645861116 0.5890533392417622
1.3683839900434456 0.7129928831028174 4939.370342512679 0.0006751659524610973 0.7956262683222697
1.2528949783498273 0.7771082842993136 4973.130580225759 0.000458489409840877 0.7903715024327995
1.3467144489116243 0.834676086481499 4537.381206487528 0.00012621029110094597 0.8718783229887924
1.2816693612064811 0.8422976343417328 4964.555025705323 -0.0004089663979962702 0.9904811687822974
1.1469824219071918 0.7480692540847343 4727.4939304425425 0.0006252654836369058 0.24600325283682983
1.1414957669801618 0.7223671285001014 4925.9536861693105 0.00037917220872370953 0.23877160940709302
1.1873653975787404 0.8758957613205928 4352.263108085423 -3.701032350889496e-05 0.37345345561272336
1.5946837016407844 0.6904691886263195 4849.573771575794 -0.00020686191119933232 0.8386771025115334
1.325742830952286 0.6626176823153349 4915.873278213968 -0.0007402129879324759 0.612937515253976
1.16847332147238 0.7475824659206037 4835.844600060328 3.680119727254215e-05 0.26370974565059924
1.2029289323159853 0.7846655635057067 4561.666256095598 0.0004136681952628414 0.4566965874978006
1.0335641097581085 0.799165937190836 4752.184546457267 0.00022454696571414236 0.2798130091795209
1.1322632848125176 0.7820678503666152 4871.136898920499 0.0005756553073916427 0.2768813312924677
1.3347730675602132 0.6985998935459744 4905.694330660489 0.00041508215904212137 0.6816040157436776
1.239511174964402 0.956115169152506 4964.566428470257 -1.6341618828490056e-05 0.804106966995968
1.2382715105829623 0.7820887600502939 4784.389260465094 0.00011182908468920534 0.4696317490893629
1.3911765905720324 0.6654815139630472 4574.315979681375 0.0002453073956041339 0.61380076857616
1.347220036260083 0.662916245162473 4792.557090479305 0.0001822178806234782 0.6333328737699324
1.0761017229470913 0.7498288925700327 4911.723309896971 0.00031311019862060045 0.23204342717455834
1.1779965657815505 0.9810729436614325 4805.993205708284 0.00077177330889582 0.48910900160749726
1.3580853165057247 0.6791076582718337 4809.961115375939 -0.00022248198520289844 0.6600961918608117
1.1087495854050045 0.7730801028610139 4764.734571281283 0.00021316109204871068 0.34276656796267335
1.1106064231410635 0.7327415923399424 4438.607433189424 0.0008747217934563301 0.2480859059519316
1.197480404893676 0.7624795509626625 4826.478076875008 -0.0006525261705181265 0.28363830423380526
1.2456494445330606 0.7367521668520834 4936.0277002392295 0.00019783461028810171 0.6891856274350329
1.19176604861729 0.766200313797101 4995.198734203563 0.0005000018976982737 0.40585843305762587
1.0922652141933746 0.8127189800831836 4918.258037761177 -0.0003369027370947249 0.3804669497248716
1.4083298980700767 0.6930304961062703 4874.3517495735905 0.00025179599959462785 0.7638494268420009
1.2663207331450381 0.7427141520628344 4993.478513478127 -0.00047203021733149044 0.7821328448226283
1.330342738527404 0.6851467511816378 4737.936335497836 -0.0001373032878458536 0.5783142959051552
1.1520495535696345 0.749664679248008 4463.126726236457 0.0005090078786005582 0.29580654043230525
1.3725878315919857 0.6658495455267854 4764.793877865533 -0.0002943897009221734 0.6790322403778448
1.2128998659523598 0.8482518774880077 4654.696026695235 -0.0005137804895667224 0.391558541736651
1.0794523429003455 0.8219061771260499 4966.788844474947 -0.00025542385274605423 0.30161629957427677
1.3655972991470153 0.7293559932307312 4882.869194442758 -8.652058998467259e-05 0.9678230194262956
1.314045366583326 0.778742778677499 4552.176728245258 -8.061607635665227e-05 0.794629652744175
1.1484108300613658 0.7836799225738978 4712.394146048003 0.00043882692548432873 0.35119790755093394
1.1683923508760496 0.7015932366803698 4891.304995076178 -0.0009666818700637203 0.2296618979974322
1.2455161987555492 0.717139949777124 4975.220556454563 -0.00028644603492476457 0.39239773355104146
1.295416360333195 0.7263389170844726 4986.02236191963 -0.00044108344700972605 0.9456093820017655
1.3490878776261703 0.696344855133712 4918.1837119481615 -3.245442869609404e-05 0.7074229546478854
1.1394549953097282 0.7926797773096371 4868.464040305402 0.0001912727147439367 0.320083173891096
1.4724371338228015 0.68742814537887 4872.920572098384 0.0007067561092274727 0.7909365368655863
1.2860633436533722 0.7870730058184232 4910.885782378281 0.0005444287982770273 0.9755561005992165
1.2752184956674066 0.7083620167196508 4772.495015367982 -0.00015850821739488372 0.7149161775289485
1.2777821586768559 0.7864178604894655 4765.659092674336 0.0005236452286134648 0.9700623182430523
1.222597574791462 0.7263401694917069 4727.448068185987 0.0006524138230374882 0.29959663043239254
1.3500228433095736 0.7126130848006983 4881.4257005490135 -0.0007451842287300957 0.8916852280187885
1.1189165380414479 0.7479647168200747 4815.254603940616 -0.0006410790670436224 0.2155678957118886
1.2895087048327363 0.9010514208270797 4385.357725360493 -0.0003103285130994484 0.7990682886649805
1.3540934768304975 0.7238986142305182 4896.766516505594 -0.0006053595521728544 0.9678544237556157
1.2190610325832674 0.7905538375706609 4609.799911687964 -0.0003470462659043356 0.7768750501148779
1.1733540967696336 0.9161974402500297 4901.599419033164 -0.00013181728286053285 0.4661443655440122
1.287847129519001 0.8991437526614173 4831.652500004471 -0.00012155885959522161 0.9409968918174052
1.1454862548147646 0.7274628112977783 4623.418916639942 -0.00010781485670508928 0.27124735934869915
1.2110524221838146 0.8516570984257151 4727.429358186079 0.0002124888760837481 0.46781567029620097
1.2727496927182647 0.8298756479538848 4779.035481386864 -2.058991770582064e-05 0.8958983334441903
1.2818680887410463 0.7330327395244124 4989.24976575585 -0.0004073331316096712 0.6959645368822572
1.1349754632071845 0.7852721866344176 4951.367019740809 6.623893436663709e-05 0.2703338423483683
1.1410089369518306 0.7910052672973878 4269.125057820513 0.00041003728460130615 0.3039021743185047
1.3294375076634448 0.7102602872729734 4601.688255945134 0.0005322004056703591 0.840644311261694
1.241075017347015 0.7088222186401159 4830.767309205282 -0.0004996110941912666 0.8253085889120995
1.2032591467373503 0.8645124910870767 4829.943174087018 -2.9351858826953927e-05 0.9826240637882553
1.4003828863475156 0.7124489738927596 4821.799990050696 -0.00022430137481783735 0.8812865030092387
1.1327127815865725 0.8683404294283914 4602.6364952016675 0.00018469181009781919 0.4067997448460361
1.1860017648012446 0.7981027733085294 4880.492357863927 0.0004353403124244942 0.6528324802773834
1.1853605753124004 0.8740693069031459 4663.3968364262055 0.00014888349342982813 0.6470902721294719
1.1850856910603436 0.9404398045743376 4911.093588082918 -0.0003990818283583023 0.49675983753099795
1.2525204814134911 0.7467764222422888 4827.27542259296 0.00018885725034723346 0.5518572582914614
1.30088385261188 0.7205962300047275 4546.862743962312 0.0002856379322232453 0.7210660400611434
1.3425833369999234 0.6827322900381046 4847.902488178199 -0.0002144247784635401 0.7608831343281031
1.1392765001806475 0.8833281816031366 4643.02213174442 0.0005256611354356082 0.3595787132683086
1.18265004280792 0.7791664498487942 4684.701321540731 -0.00022211187908825064 0.4392520428688232
1.2575653978227397 0.8145710181611037 4810.769683929823 0.00022568079191196888 0.6877657110829618
1.1749648428544188 0.8329070418012258 4741.433517439341 -0.0003908616860723638 0.3173502194866323
1.1135871337214172 0.7982564547093373 4787.816978155776 -1.2802742174106228e-05 0.32086393614114794
1.3019412967658557 0.7348336936750147 4907.763249005018 -0.00042324483512691 0.7990286858146316
1.1543662399792167 0.7497763465049629 4999.511574745357 0.00032052442285319705 0.32482704134347656
1.1754793538624895 0.8865696447629204 4195.756458055863 -0.0002941198479847848 0.4044048325706069
1.4513115903718479 0.6756287762013138 4994.70004252404 0.0001312799534084365 0.6618487370952223
1.2468638206248057 0.8636909794472164 4978.127962333782 0.0004161986608259854 0.5776826098268172
1.3395755491436336 0.7613106290844793 4379.436394122702 6.345448901692898e-05 0.5557597580542241
1.2861663341522216 0.7463117837905884 4942.62852627039 0.0003201604121935149 0.9699698686599731
1.3061016272092665 0.7495313370500246 4751.424481634297 0.00020451210741080113 0.42235706374515203
1.1351760055514695 0.9169131001214259 4618.547963276278 0.0006183726441069275 0.4051522850570198
1.383907191423707 0.6762084418826853 4999.019335138524 0.00033036435850721636 0.7359257215445284
1.1057477989152322 0.7890104084748281 4911.901373510682 0.0006612010784834025 0.30380389825629744
1.2221070288028217 0.7993831927010118 4128.482995897139 0.00014819558184690554 0.3920144850392432
1.18395953912989 0.710257638181024 4892.773575166796 -0.00046959318900353724 0.29348543872700245
1.1447270303537656 0.7904480067179447 4443.667389041579 8.992569351928561e-05 0.33139599194971436
1.192969648057202 0.6972493086731314 4787.029716822566 -7.91958850523217e-05 0.41023080980436677
1.2797880166951128 0.7070189601920787 4456.59143347603 0.00018165180102504205 0.9107098716487128
1.3686855678925163 0.6584554904852717 4792.640324257071 -6.99537171427761e-05 0.6010514004729568
1.391366405334628 0.688166006613464 4428.618481182865 0.0003282689877185306 0.6924349740300328
1.2633947208281349 0.8758180295984974 4865.432336008007 0.0005232812262988149 0.6959776990313675
1.3200691277604077 0.7147739404134116 4788.449374149725 -0.00029828124240278704 0.9420079703021289
1.2824927891822409 0.7456185165808892 4964.180029095691 0.000244467757877385 0.4824587865556146
1.2281906813712373 0.7697128192063388 4768.828946264081 0.0004699672802063657 0.742344456113907
1.286246101691231 0.7617310728441302 4450.924576283965 -0.0001133601718548397 0.8726627888104563
1.3259558221264944 0.6845330495842445 4883.192874365953 -0.0003446625222509145 0.6875928368676811
1.0411821581915208 0.7577853420853674 4992.00328323746 -0.00038086754503066194 0.241035323971858
1.3798335954988081 0.6520192907660011 4966.679223186095 0.0004456654733231875 0.605445962772092
1.1957218594165337 0.7752126191188569 4797.89760716705 -4.7220890093345524e-05 0.44353729129267305
1.1622669628255955 0.9091487449429426 4668.758090345961 -0.00018187255741350627 0.40186943245074175
1.1738093063989528 0.8973074616822116 4549.975824894956 4.169961245388776e-05 0.43820414091879645
1.178536248938507 0.9114499332381539 4822.204789998269 0.00022285582999456013 0.45984827308409604
1.3096854492139558 0.7632522293393151 4939.974241835587 0.0006378452403955077 0.8899603914235221
1.390024367137864 0.6729173871419395 4574.317378061218 -0.00014263519251955627 0.6466954316270618
1.18054835053935 0.743283355621585 4420.756146346005 0.0003009868195563029 0.33663619620548957
1.1952674154061984 0.8311681620741124 4946.004422828099 -0.00018931228429832855 0.9192324798602184
1.2274480171194269 0.9035444395220922 4841.608703368128 -0.0001580939197334173 0.5921692461831749
1.29556173611545 0.8540274936687344 4969.259789153348 -0.00047476043836102105 0.46057879708927807
1.1682804622549128 0.915124214258124 4730.637853039435 -0.0005473443684016534 0.5375069687082137
1.2560816842902218 0.8234942485887278 4824.5623889175 0.00017790607508996338 0.9380005432875533
1.1672535656164957 0.8392194651476184 4136.185743813743 0.0005673793910805532 0.4036539392111593
1.2948315698073423 0.7740196215967344 4551.955432679129 0.0005079351908405017 0.6593879888953577
1.1413307034293783 0.7836782696533283 4618.906444176526 0.0002937930995957623 0.29871062269542625
1.0990104464784716 0.7528638759575051 4824.951392148403 -0.00045286076858312425 0.25850153764798567
1.1513533696340708 0.9501679238125482 4777.923641555292 -0.00013765950969724116 0.5165508721877323
1.1993011078026088 0.7850646893215114 4778.453649752488 -0.00027276317258879225 0.5405876248131891
1.1817615854779875 0.717131258568676 4883.304434410068 -0.00019299290914931322 0.36050169247631847
1.3823686018957053 0.6729960398466358 4869.743968091033 0.00010882542101431994 0.6083848901797237
1.339060251683956 0.726889308920188 4683.7433138150245 -0.0002897222786349558 0.9186602316808941
1.1216631709648885 0.8187431117540394 4915.939375013275 -7.444490788928367e-05 0.3211982344309521
1.2166525974021554 0.8845066479325393 4691.248643131658 -0.0001677280200875214 0.9198376112477037
1.3023284068695773 0.8048826314547467 4272.3610218947115 -3.177648610085795e-05 0.6563785423113992
1.0930481052311913 0.7371944682855255 4952.929051919959 0.00012066363611233653 0.2438001829845509
1.2844841187836862 0.6892330772481191 4888.697772310416 0.00017715330021636724 0.6292233619495972
1.1357652175197408 0.8386146152258771 4926.804218934903 -0.0001695266134059708 0.3557592450830295
1.3631458257091607 0.6998673215741644 4976.378582672219 0.00026642850076296764 0.8316027209160999
1.1413855736227325 0.8882491273252766 4636.821345465167 0.0006869575112597914 0.34409589582206557
1.1613539401714432 0.8116860136030117 4573.4541088368205 0.0008951859087101058 0.3932330696781718
1.1076820600131556 0.8227186293820853 4995.122041892934 0.000523309894649732 0.37674198712465595
1.1674715575023544 0.9307457257793076 4968.94111723897 -8.120343063878861e-05 0.6843504498291652
1.1524612869774304 0.8697177166777439 4979.066453910385 -0.00018129583635548345 0.4720631230053817
1.3095834785318567 0.8919619440842216 4709.737667045954 0.00015117519063878902 0.8744974022243897
1.2112881508229711 0.8669680093704513 4947.462198818153 -0.0005863938033099619 0.7158491224200496
1.2728790081244032 0.7321606574779256 4974.210612855923 0.0006987875855591559 0.8108126392531938
1.1983322467890716 0.9012968318490069 4933.4248389206405 6.119824196774142e-05 0.4695794260314512
1.3009570233243966 0.6676891833473205 4927.1691411542715 0.00015964206554209116 0.6457394229054416
1.1628208008323304 0.9853656896952275 4777.694509658244 0.0003217940487095904 0.5484262018308378
1.519873529904448 0.6869392693396483 4306.268963474788 -0.0003305327826426966 0.7178213711504093
1.3661910480089974 0.7270078544357712 4802.293058387824 0.00046795872443584295 0.6605239835672524
1.1838020419932733 0.7811797239373778 4787.263838882691 0.00021472802673700198 0.5493337123171302
1.1828961692861315 0.9552651111618226 4140.227273390854 0.0007043530230138933 0.4096529196162031
1.1703661380767292 0.9036542049576174 4991.128877603914 4.477470539841162e-05 0.459354750196168
1.4003271035203695 0.7310835914434498 4569.846650522969 7.762031868426824e-05 0.9589893101250799
1.1674861390801534 0.9361312654474478 4730.695904126121 0.0005140242207779561 0.6067853403786961
1.2322105511161086 0.7887900258157555 4712.536964279928 -0.0004629664575459681 0.8077418619490547
1.1714318909789507 0.9082854692297669 4889.776258495924 -0.0002626656893853254 0.6239347860355223
1.1600280940502374 0.8207464034357752 4210.709429097812 0.0006446624515162519 0.33893220435907623
1.1889843703428928 0.7937181932722502 4140.3316025524455 0.0003876875239219998 0.32112624162735487
1.1367557878826593 0.7435898228889481 4623.5828472137 3.88673224263077e-05 0.27148392208708133
1.2506823585850695 0.7196737769027098 4712.66011608976 -6.142097184255469e-05 0.5944529214227761
1.1281924684739744 0.7913048496377286 4952.465193380142 1.8682944271867524e-05 0.3075270408987803
1.3706403159585427 0.7128386167190258 4876.434379386034 7.935309804918399e-05 0.8736073113478431
1.4807133742815402 0.7067665930608875 4803.616791051909 0.00013553848332292852 0.9682073130216676
1.4396068115299783 0.6615098370996204 4270.145063550297 0.00027849189886352724 0.6319680011974198
1.2786125093575444 0.7776139941229919 4668.2842236480465 2.139453782400824e-05 0.48266016344983753
1.3375875342712797 0.7125687268217008 4887.379761934786 -7.847257196146731e-06 0.7289191457434144
1.2018508036646698 0.8262331083181162 4948.800535340956 -0.0005690000851098451 0.8150597838328774
1.2725044450083878 0.8059247056730536 4470.088360134364 0.0001499329317730909 0.4995857259799757
1.2725124109618458 0.7596055231830511 4195.439788647474 -0.00012454579547184103 0.3933505590981242
1.2449796669356474 0.9084778645037264 4511.900230222919 -3.6868876759553952e-06 0.6252728092397634
1.2434059206882382 0.7777870357882062 4954.085612770147 0.00022031602904786182 0.9199066488681851
1.2758871047242573 0.783230516159468 4548.11779551642 2.809329665890933e-05 0.9608410709496101
1.3262682451332193 0.7222460734278364 4876.141534285524 -5.192768008380829e-06 0.8713568077278785
1.1862402519724564 0.8857469635717121 4881.676585611099 0.00044690628959960917 0.7493506482997491
1.1979303994386352 0.938215299200647 4668.200888083215 -0.0001522506884339082 0.4647886555441668
1.440336498631091 0.6901965238816903 4905.030639811907 0.00014209012454442424 0.7735564020259089
1.1450422327465877 0.8104377412723294 4788.005749821256 0.0004064896798598933 0.43867935163023464
1.1316705757918677 0.8071676209139956 4420.647629255666 0.0007675037550683808 0.35602474788332683
1.1402786555603914 0.7929560595062022 4752.863232660309 -0.0004868390690317461 0.40815520636909025
1.3498075558590588 0.7126767117941828 4925.855906180248 0.000248176967953023 0.994753897681154
1.2117151145956286 0.9666378599648865 4822.832572969479 0.00045624142602427713 0.6185196890958281
1.416730179467747 0.7163593029805015 4704.328392910119 -0.0003669462212550436 0.9932978900629723
1.1971009552524834 0.8857247207251941 4968.20892520874 0.0003199435593023652 0.8477362182516688
1.1102948773678556 0.7841568948417751 4743.451978255056 -0.00013440395594019783 0.29760792521987073
1.196895942530214 0.766332856436617 4817.163553794358 0.0004497537461970695 0.4667685005264705
1.2051491776680676 0.9411343072506474 4947.891671141614 -0.000223704769520572 0.784441259509974
1.205265291045767 0.7374158516136549 4836.661721607213 0.00024024817424009442 0.2518780320271291
1.2425803903995585 0.7561817134452459 4453.032629524046 0.00028885688772059705 0.7024290058226219
1.099170652706003 0.7669180001151408 4623.6874314008255 0.00014091025246349163 0.2828463032182473
1.2524842638220877 0.8053440722575889 4597.375518047687 0.00024485394082801435 0.33110549411743273
1.1271707897905041 0.8001862979915122 4083.4328240132736 3.973679112121866e-05 0.2857394835525531
1.1294487607829922 0.8015887951021642 4484.667467683684 -0.0001954427859567568 0.3580761412595244
1.1782071233297802 0.8986630798404478 4731.703836618653 0.0005883105688161706 0.48138554330089134
1.3157688010681807 0.6579073773424934 4929.574505363658 5.306107992736997e-05 0.6467327754760951
1.2891929943462723 0.7243188053829345 4788.344614030914 0.0008842434267081626 0.9914856478613349
1.1561963977054102 0.8571821282645947 4590.03744509216 2.5722712819572654e-05 0.3991431624215591
1.126319472129069 0.7669477801640943 4957.279561440611 -0.0001029015051715913 0.29209301865702675
1.311252734993328 0.701855082577862 4801.723670575235 6.998779563198169e-05 0.8608582604235567
1.206149743553472 0.7140824614554856 4910.518815184112 2.2832135577096243e-05 0.3059956881370314
1.3379189107652592 0.7659989152459085 4802.683106760453 0.0002941662670465199 0.5548279096285563
1.301540768889972 0.7545761414790956 4465.4738446563315 0.00042811044187774527 0.9171388272651806
1.1646612150963687 0.8503466143851071 4424.548558961919 0.00021431214838216862 0.35821286392349927
1.3120636016633056 0.7245036947423819 4858.77954554901 0.0005281735298835809 0.912499296412242
1.1439027166355706 0.8258081816841841 4859.711030607253 0.0002817143843564763 0.3904924924584066
1.3165175338822674 0.725516458387489 4979.572077101624 1.7981485995484097e-05 0.9882613328976562
1.1887195541641498 0.8814944253736212 4793.408232981701 4.422027082148906e-05 0.587419576762483
1.1475840198843064 0.8062832553992861 4728.558521008923 -0.0005321596465068487 0.32158604243002353
1.1945852674573352 0.8833464736069715 4272.624925189077 -0.00024047599483403444 0.44311795483453875
1.3764640744996406 0.6910558657731555 4898.99970218952 -0.000431582253157011 0.7980211963955236
1.4970923697698555 0.6715470522843994 4794.669537258725 -0.0008438035074331552 0.6465649847342296
1.166153238839455 0.7328073485363426 4704.018644128426 -0.0007146991196148889 0.26309317386336895
1.2027078790017078 0.863691814100572 4979.455260549142 -0.0003121873639085671 0.8076116186463612
1.4089289769498328 0.6638192935504253 4989.616617834601 -5.630367179250961e-05 0.5959361565238934
1.2510056414960444 0.9112398525775199 4510.28397146254 0.00041764567189905285 0.5875700600738628
1.2441442840152557 0.8830023453370471 4926.294321709988 5.971593874610355e-05 0.5667748855778318
1.3038206022980607 0.7171412108833103 4743.83097525098 -0.00044699717576082866 0.7455039728619466
1.4526368643268934 0.7103775197942149 4804.8338328336395 0.0004938750833645059 0.9007876860609999
1.2613203525543213 0.8197283819317818 4814.610595822334 0.00015759815635089727 0.4104483723640442
1.520997490451002 0.6281052818050228 4815.8440472535185 9.850771082471037e-05 0.5261833712091534
1.1684758425626918 0.7961392485928149 4615.202997067054 0.0004087402028171628 0.2802763309898807
1.197489555995411 0.9144952790945733 4980.474762532802 -0.00031695653661836646 0.7684945621663055
1.134928917200671 0.8547024136750534 4405.2634039406985 0.0005372066639775111 0.34515446180247444
1.119214569649766 0.8990048577306349 4544.71075257655 0.0005574631387230633 0.4588229716414607
1.243702056009925 0.806568673600594 4852.0419372818305 0.00016393228982685865 0.48861038167303145
1.040913806666755 0.7819302111613726 4794.5228251094 -0.0004931008693628293 0.2781212226161267
1.353246625367277 0.7225712266237512 4985.64944538384 -0.00031546067136238717 0.706933997876413
1.2209208918431511 0.9523076547712387 4975.527667500334 -8.944657983182612e-05 0.8338809990605015
1.2780650095291732 0.7529973731192104 4970.558412236469 -0.0003803774768328749 0.6351126768423084
1.3330937066567463 0.7946031824851 4056.952604188158 0.00020380209020233675 0.6419951865044511
1.1178812874361954 0.741889922454503 4895.10488028265 -0.0003012261382161131 0.23308020576831281
1.2319623738843115 0.7182993479205005 4728.943253525816 -5.137987805400808e-07 0.43389848969913825
1.342621257272571 0.7983559852047284 4120.999100760797 3.955864109742777e-05 0.6978270067642369
1.2779236561988196 0.769165146443617 4126.3161749439505 -0.0006553182905217998 0.36473940728371057
1.4082573628159434 0.665669874708448 4629.782270735347 0.00040722733902568385 0.645679497595356
1.3830927578187202 0.685302665340819 4809.60706460748 -3.081039226828077e-05 0.734068202258567
1.3284313444606322 0.6958060965892893 4913.349686902074 -0.0003498167345195948 0.7494872937810398
1.4045852125628602 0.6918269659176546 4438.596181630988 -0.0002471825865726367 0.7912257469583837
1.2858689344531262 0.6771336144798502 4952.426792790282 -0.0005180705952027953 0.6134196997775917
1.5527275127156552 0.674429830477217 4803.611302415939 0.0002232688219580137 0.735270791443432
1.109045841990519 0.7359487595221967 4677.548868910295 0.0006337169206806761 0.24289348348163964
1.2154143995219768 0.8547192368989129 4621.480407921122 0.0005662983996651347 0.47552362400566284
1.1486853015892193 0.853079963164738 4881.39705391266 0.0002785124008975547 0.44339160548404866
1.2277800378000177 0.8682426933900185 4962.622448992801 -8.39666268026031e-05 0.8937665915428202
1.1512380481777928 0.8330459711881966 4671.364004253786 -0.00014007604136532292 0.32774146366577916
1.2443071881129968 0.8220329119202179 4980.8209334618905 0.00023466464879739278 0.9020361970034383
1.439041783090354 0.6418699321959618 4731.94780534978 0.00015359844997248336 0.570820494576133
1.2500448622687226 0.783025042094733 4790.201909248024 -0.00010482827230049215 0.6681114171964675
1.2195689419190514 0.819414361196322 4562.899964698764 -0.00042431684965824523 0.8756046896275711
1.4173683620950734 0.6265882382065486 4687.235526014303 5.236766054784827e-05 0.5358725673584199
1.2884528860742102 0.7059833641059563 4712.815812502099 -0.00022930689972321214 0.7174811782583553
1.179824761092719 0.7973798245831473 4994.145781395877 -0.0008427124298189139 0.3183794445782515
1.1622098291727023 0.8502092697905757 4982.992642225914 -0.000830135862667868 0.37673105042573835
1.2901586050838314 0.7771709908961464 4731.224963293619 -0.00011154908055902135 0.9568417316911283
1.2324263308598862 0.7731575683852849 4467.2708183071645 0.0006121043916524423 0.5168328250841392
1.1816648200358262 0.7040313800280237 4952.814055764245 -0.00036114069762047715 0.33544792604526874
1.199673465879391 0.8384222642078701 4467.4721215203 0.0007248866520412829 0.5313392399886082
1.2032549323732342 0.8255878742617055 4269.249544523935 -0.00035440272089243285 0.400232770501449
1.131593496600928 0.9062373161128878 4310.507008432144 0.0007927944939323698 0.524778228920309
1.1176532563041905 0.8813193099261768 4704.954902692148 0.0002685076159029601 0.3970910346582913
1.2373797016863834 0.8090544095566572 4501.712587239013 -1.654244667856193e-05 0.9266284002828378
1.1475733461151023 0.8459631495760658 4931.730503442967 -0.000456829672167478 0.3871836146675214
1.369138838392904 0.7259264462630614 4968.369562277465 -0.00033003301769114025 0.984014613286205
1.335789160327204 0.714357284052402 4410.406515437915 -0.000248317693934878 0.9961699374639424
1.1078384956147085 0.8784496514919788 4886.922646621397 0.0003486751622493358 0.4639427948204823
1.177133587138361 0.7153532601956759 4887.055853393403 -1.7685855647887973e-05 0.23645390829923654
1.1455463342939383 0.723186499832488 4859.2713766902625 0.00012323369066466022 0.22541686079214412
1.3202590850857403 0.6921423534653424 4832.841979258946 0.00021591947086028402 0.5660094115757153
1.1140685156253982 0.7822932505054706 4951.50512615009 -0.000213407260661825 0.27360250006737646
1.2297373451064337 0.9777484744665184 4869.648242800048 3.265401512809735e-05 0.6768742399432484
1.2980507746307388 0.7344644286123092 4889.036976826598 7.506969663737884e-05 0.9670365678745092
1.0917182152092166 0.745980445017634 4300.6357414236045 0.00018014633425719726 0.251122450329195
1.3028256950486081 0.6906588859394469 4764.34472939032 -0.0001056247314478014 0.6859344889188687
1.3033696610952696 0.7300260489549366 4679.380889917923 -0.00033370889437572734 0.687758961989956
1.2129004925252556 0.873188746419165 4864.665622275439 0.00028439315918168625 0.4123248326698786
1.2236483292930889 0.7860509807531277 4896.166544582737 0.0008497888076905587 0.6664800929360698
1.24275478346678 0.8981257932430329 4739.822233928752 -0.0001889618523617073 0.9374186629885808
1.1645896440099304 0.7661676525033021 4463.164561434662 0.000293686684765661 0.40396775623213005
1.1077676017137894 0.8444028914678796 4509.418040510625 -8.048225204430622e-05 0.3529808922142212
1.2633713230151578 0.7154271178254488 4734.168279448258 -0.0002450671055505278 0.5238985341285659
1.1368841375920842 0.7490776008635005 4974.135076184317 -0.0002445152767101653 0.2425732031696355
1.4036670891647827 0.6742987971569799 4868.148079737256 -0.000373685794430075 0.7097327087707103
1.1434938563564374 0.8387757188625259 4787.372213821682 0.00017227027966953731 0.5658149604228574
1.0947738380713563 0.7804550947711061 4802.962203182816 -1.7444304650001834e-05 0.27393927903688875
1.3686928236514995 0.6882724041904567 4804.379733700691 -0.0006984909668684039 0.71703770043756
1.3411296368327772 0.6967425887478553 4787.959548332685 0.00030858580549705106 0.8718514563250698
1.156118759364743 0.8442250756130306 4985.462706793062 0.00040617952102395505 0.32363948607096216
1.4755477564525203 0.7161089262533067 4827.811599054856 0.00036861223224669197 0.9753122253930154
1.1197609277034914 0.8121046727331085 4982.868205618364 6.446979477294363e-05 0.3029734532130297
1.1832750866174655 0.8306007393077761 4199.040348181991 -0.0006730170989171871 0.34890697170800566
1.2562203480204122 0.7369714054355329 4819.5347152430795 -0.0003861943610346097 0.728231892814948
1.3419755513754366 0.7376570968845333 4958.800384810582 -0.0003479149380870584 0.672415918920279
1.337174143731115 0.7132876207145911 4618.4388312912215 -0.00018285051057265005 0.6431889956242646
1.220466288581217 0.8263835742113022 4300.483823111952 -0.00010233800972479858 0.29751655660178555
1.203940486449822 0.9003610893735363 4944.287758008323 0.0005884839155070828 0.6597109486039061
1.3446755114934619 0.7293988677437255 4827.876224458405 -0.0001739833681934596 0.923550975494887
1.3494032419987567 0.6720626986724014 4466.789171503639 -0.0001221829431862692 0.6898041265616234
1.0365385937998084 0.7855774130218033 4886.721245710724 -0.0006086191276460582 0.2827834470828731
1.3784325259772847 0.7246341779292331 4767.770848588925 0.00038568800750472554 0.8668253934904967
1.2538755218092872 0.7917644983433925 4805.749645296788 0.00034021608613579843 0.5325618504885667
1.154316031300266 0.832382972296617 4561.7828467346 0.00031010870121383295 0.389620591103096
1.3712154642195618 0.6988167627530285 4815.585133398191 -0.00030991021029698907 0.7674258602535845
1.3977799907588233 0.6544188899246999 4829.074696686029 -0.00023415192339530078 0.5826413154423505
1.3563487053709742 0.7090462363251536 4771.507267558249 5.8069914920384384e-05 0.9446448161701789
1.394365677165509 0.6911155778108075 4986.659100206889 0.00011700025664332494 0.7868387495856329
1.183635959133102 0.8064883038436467 4978.078763993075 0.0001669169930294327 0.3677375904160982
1.3554481266681382 0.7178604826660206 4978.381450476537 -0.0008507262233711281 0.824555919546411
1.2044188664877142 0.7090898524483737 4443.184138353955 -0.00022543483316567393 0.40842355407683
1.1385749301952013 0.9102441815751684 4837.0990510883785 0.0005206907315904546 0.517134458626186
1.1905806367570715 0.7707946769507709 4580.660840131662 0.0007243299076035533 0.26143914403448
1.495723354114144 0.7174649920527505 4957.643562382798 0.00030912616917663533 0.9366086450998932
1.4468743945813598 0.7189968011246956 4509.722303844939 -0.0001303962146718156 0.9133149078705974
1.211552456595177 0.8326099628877454 4068.7856705406125 0.00027757366596451306 0.5276142484514796
1.1626224695481953 0.875974246552641 4506.400129613357 0.0005375744360503117 0.49173196585985923
1.1603073729647124 0.7636787334277553 4632.40462999783 0.0007222261573553652 0.24142156362965075
1.1234801350109116 0.8576668529522857 4968.245886364118 -0.0001692268169093008 0.4101199804558714
1.4389071532580957 0.6784170254938446 4901.7483449126885 -0.0005426644200628635 0.7099111700639714
1.4060313776104079 0.6933846421613612 4810.518274116139 -0.0005755591211579898 0.7662612931934102
1.1253958004432418 0.9012214078109756 4903.703403991176 -8.167719945053687e-05 0.48654835311404265
1.2350292611132463 0.7257843603870305 4951.919699375318 -0.0006763908155388854 0.3158025987850746
1.33180387036861 0.6941586664817679 4704.411601080487 -8.495860366308107e-05 0.6806388039299819
1.0561571787119666 0.7432785906454538 4984.610478573197 -7.229903902687626e-05 0.25128708733953486
1.1929867222300328 0.7579578979918856 4546.854382137386 -0.00020669850528623712 0.3327646136956669
1.2046989755890243 0.9575208204954471 4859.420829375626 0.00013635262215808163 0.8708778328452971
1.3046618482428032 0.727292454035373 4946.040154080803 -0.0007217138464586459 0.9587996657890812
1.2186401740878696 0.9086416520276854 4939.7605967974905 -0.00043181798593046523 0.7569505394549998
1.1198211128711666 0.8051770841948319 4340.239716915446 0.00035810177038297025 0.4784692472213345
1.2570635460061905 0.7934063332001998 4911.7747751067645 -0.00020049319483791332 0.49564732553249546
1.2860308779575087 0.7846331858691343 4939.983352824668 -0.00012277399958912736 0.8209026617515922
1.3942011928968245 0.6921940042165892 4602.414257887386 -0.00022124011507054553 0.7773566115944197
1.2551372330361843 0.7811384869236975 4561.129873436577 -0.0006242116008931882 0.8554544852959208
1.1994089398364167 0.8639144422795554 4911.306513196119 -4.188738874559873e-05 0.5177661052250693
1.3024385971992372 0.7373799249556905 4644.666359546565 0.0005441323332641021 0.9493950772209849
1.3996935667776071 0.7403193097807013 4773.788485784393 -0.0001359828129740059 0.9562868029726261
1.3191420959178632 0.7251390143469925 4539.793645526318 -0.00021283179320638403 0.9230717126964174
1.472131814521189 0.7056588319275785 4991.180137642816 -0.00042962548453580774 0.8852841398712918
1.1455296505640475 0.7424167710942534 4782.203346442497 -0.00039372573407174327 0.2374955512816343
1.1814288728559648 0.8088592652842558 4998.999541368461 -0.0002327931515155229 0.3820696173655066
1.173388824187685 0.9386904797538882 4920.770770412768 -0.00025850131542415176 0.6286534727747997
1.3013417041530362 0.7512449703617499 4572.08609657961 0.0001443482424670616 0.6280385105912623
1.1597660237453398 0.8825029207380986 4509.002803363892 0.00038369463057910316 0.37887459805918616
1.2692623581245828 0.7215147728574793 4886.714299686081 -0.0005794151216344782 0.9107304826604663
1.4329411509562535 0.6477894335345161 4663.699739989883 -0.00026686905539099093 0.5430462182725142
1.5007510551579675 0.6789251278458823 4636.762656622171 0.0005251894971105346 0.6555744949248634
1.2295146659809348 0.9613099772834701 4964.404392435625 0.0005197275580178361 0.6734675775002253
1.1245976905884707 0.8886562441056949 4948.747638839481 0.00017523770894713585 0.4039898994941906
1.483363485441835 0.6976762953420882 4306.474090410138 -0.00028775176862573494 0.7547796271669553
1.316409819986761 0.7113905963798863 4830.77653573252 0.00017146160099909734 0.8837572052988542
1.0703790422383326 0.8195288799307267 4936.861699195367 -0.0003135979960179909 0.29276319990748156
1.2367093101646391 0.7898114571878716 4817.633478416436 -0.0004955746682668625 0.9091723567234259
1.2379053262304036 0.8930430707726389 4698.245487456461 -1.3075617337196763e-05 0.6412634396188448
1.2139824009113331 0.7380969998861472 4931.4509349692735 0.00026806862156556865 0.3703069617686219
1.2180602506654776 0.9333216014152906 4926.506437719278 -0.00027455017818946945 0.5048485629732624
1.189424370934601 0.8064022790002139 4848.051086051885 0.0003091836896099429 0.4255356563990774
1.2263028415854258 0.7236215882494456 4823.667358561128 -0.0008181050916448621 0.7966486681258109
1.3377238876741815 0.7031761805529932 4939.622086931753 0.00011479169349599921 0.7447263273869267
1.1889841179473923 0.8670481554548718 4841.648616716152 -0.0010481007104294027 0.4287068029625506
1.1119322028032537 0.8575899493209163 4731.081736510946 -0.00045697080379266064 0.38256589368309424
1.2237315292178759 0.8278056856762888 4927.157832204796 7.65703383088222e-05 0.8896238330078791
1.3007779862531195 0.8535595961516542 4344.979854658211 -0.0005599897091619848 0.5235784883924226
1.2501397030774866 0.7294098421931053 4829.1128601135115 1.247497034519141e-05 0.6082335436160122
1.2906099332853387 0.72782331363489 4447.6799646701265 -0.000247454094011426 0.9663949540582237
1.2400071316386527 0.7667251183242118 4975.746178682388 9.8993348452111e-05 0.3807516085443853
1.2006034939653478 0.771000012236546 4918.76272851824 -0.000373749134342169 0.8514878352174999
1.3393896029948085 0.7023337658911436 4810.737929976692 -0.00029624873367769936 0.7034643622433533
1.1982620242280146 0.8652649413556479 4650.516579917877 0.0006308206147651827 0.43114398151084043
1.142030450288627 0.835353463575946 4814.742645484888 0.0008595802459707326 0.3163384683758805
1.2573206981435385 0.7155433795144182 4988.136829271074 0.00020003003448167364 0.47356396993006356
1.1975427595020864 0.9461841089572658 4889.761403627138 0.0001396517763342569 0.7999103885358692
1.180932190206252 0.8551054067942292 4887.083563856676 -0.000496358874355454 0.41870065047682936
1.2926962009767493 0.8973113385801943 4716.908102486351 0.0001444741779448841 0.6651665825117152
1.1603674419722794 0.855760431078186 4877.404444788582 -0.00019275553421443833 0.3507740179959268
1.2498433826444957 0.7068616519164141 4891.270066618456 -0.00044505721213875785 0.2944631417349336
1.2176934456643236 0.7704419391209042 4259.8743426893925 -0.00046538588427260053 0.35869678816488015
1.2356403479596891 0.7837044208052865 4833.701067087167 0.0003305170806185365 0.6851146265419759
1.306615422455172 0.7642426596906042 4621.638410732513 -2.9898813721629636e-05 0.6689347671700849
1.4306515680768392 0.6476106357409891 4992.636878880957 -0.00012959681859345178 0.5660233091041804
1.3989298791609448 0.6248032006226423 4868.207873733547 -0.00018150139301967462 0.558939092601474
1.4466575889818574 0.6882385921338432 4837.137127900038 3.354199632405332e-05 0.7361471931331844
1.1547912485494183 0.8393634671531943 4975.802888980501 -0.0005685736118707811 0.3385982130045745
1.1279538820817172 0.8675288755348856 4925.943263106347 0.00042763072990110616 0.46068253404143444
1.2408280973512835 0.9151293674996015 4901.067005049261 0.0003200590091471279 0.843244600664556
1.203614330360698 0.8816074339960831 4896.256081034559 -0.00010257376211472625 0.9116090496959526
1.3246261044976424 0.7097145044958166 4801.279259599674 -0.0005827794813732272 0.9422725836321518
1.2647944861250175 0.7050440990804586 4872.160334368369 -0.00040830400509782 0.36721644177003926
1.0940238318989874 0.889015122332288 4832.548966096784 0.0003816538627154849 0.3814905788443531
1.243532418276815 0.7403918047040742 4561.648214300312 0.0007398907416720884 0.5067803876391936
1.3384830352876147 0.736924968723794 4922.930797853828 0.00013469781558524471 0.9898718446472936
1.2975977875481866 0.7536506574441808 4607.563403068208 -2.6299571735467123e-05 0.4618027436322427
1.4126735264613344 0.702068394210521 4428.019435462661 0.00036501623692661257 0.7788342049370456
1.130291889770731 0.8246114321242751 4466.305723119275 0.0007426542750664352 0.42561140963029737
1.2834177365558683 0.7529759903406236 4923.477509250389 0.0003918865961555786 0.9475862886382427
1.413596352631906 0.7156775208392983 4674.596630668053 -0.00017844876625426717 0.7620279586952003
1.1203358149638876 0.8036461962645328 4691.346649334523 -3.381113522484336e-05 0.3211657303483285
1.3061900286741261 0.7709352443870664 4767.984289262447 0.0007466063504084118 0.8865195062593794
1.179582380948191 0.7484019545473091 4740.893513880651 -0.00056972057420932 0.36804078589570977
1.4193074715593466 0.6838963734502748 4403.498298484727 0.0004857236246336369 0.7382212011389018
1.3336254555280855 0.7250752754937051 4805.454421310978 0.00028685675763764267 0.776092378926181
1.084911867078029 0.8133450680759605 4809.098719351726 7.133430521057501e-05 0.3252498712849697
1.220691029517039 0.9772864698216078 4853.317966883591 0.00016552656715728347 0.5365433418797656
1.3891157859855927 0.6461548419247097 4918.538671966478 -0.00015648217245723574 0.6522331654004976
1.2029947455856236 0.8090913066637508 4739.838851032722 -5.653132309776348e-05 0.4125647987372691
1.2350897228319933 0.8606380885853403 4959.753568715285 -0.0002547657195766088 0.9485938050760916
1.148885628117964 0.7112279576541093 4784.556251740732 0.00029597604190357413 0.22751884295859812
1.406831340788477 0.7795778159707004 4850.832664012553 0.0005643160973028889 0.9696599840794199
1.2682683210781733 0.8087272551397403 4901.604921746422 0.0007593001814941845 0.5417515408203718
1.2670586709781388 0.8206918287521598 4585.053530529512 -0.0005668041315573813 0.3731115903929362
1.379628820843247 0.7038418352766772 4937.762655129533 -0.0003526030353634221 0.9592672503014079
1.1136954070151854 0.7795513047993666 4877.953042875504 -0.00045899785355701836 0.27509306663142596
1.4001336646263747 0.7394841187460433 4719.23130922887 -0.0002646867512548515 0.8493539236126324
1.2623882397772788 0.7453851964390188 4698.867180180226 0.00048581410981379407 0.33342235477438653
1.1999599551336741 0.9539657964792079 4815.968685168261 -0.00012491612670762847 0.44672211663647715
1.1365210129500853 0.9524691823540105 4905.152956722207 0.0005250357687478249 0.4539261568304638
1.2215849777910555 0.8162026691097961 4573.578847624545 -0.0001798981933644871 0.9939522724819208
1.2457953307868788 0.6791146616920862 4920.829851404172 0.00011605848959723755 0.44361530929983767
1.2303977065113982 0.9388824896033698 4195.961261946587 0.00018775719251646806 0.6355019211955948
1.2268548224447888 0.8336262215746786 4708.008781438142 -0.0002336828163351008 0.9730043382433471
1.1732051542207822 0.829930850550902 4876.760057940697 -0.0006928981643197073 0.4464409197593854
1.2317609750965013 0.8199549138821329 4898.71373488023 -0.0001437843093768331 0.9501884579214508
1.1738539118241815 0.7141990964721978 4709.4230308244205 -0.0003864793238691298 0.23612913135687383
1.2806908779345245 0.8939497619349506 4747.48187308931 -0.00027914640331027794 0.5005393470554951
1.0617701614786008 0.7077837872659194 4869.919522524007 0.00011661121604200435 0.22282922911502168
1.2465170230106597 0.7458163687265564 4712.794245270935 -0.000300632695671598 0.6746989499670288
1.3510462457292869 0.6958703781326894 4949.906899312564 0.0005550959731882886 0.7565884447101936
1.2055604550937389 0.8273475915636173 4948.906475326442 8.508058111075928e-05 0.8711516418790628
1.2007914573252951 0.8834903321893406 4951.909738634221 0.00011683423655564702 0.5077666360315809
1.345738353151976 0.7494103927455164 4199.105542745359 0.0005719266522558571 0.42620144907603175
1.2207790473153322 0.9024746071532883 4921.996910119687 -7.418665403924804e-05 0.5406916210600623
1.2186240721413744 0.7235557724192797 4903.861933215255 3.1151305305589844e-05 0.4650620816736004
1.0724441569209082 0.8448062956950105 4760.782895592024 -0.00039979479073762596 0.33629057370496696
1.079881213332888 0.7282399727470793 4468.038311677561 0.00016266493539211468 0.22087197827568406
1.4435186843737267 0.6861672982442445 4790.541026727182 0.0001552191167660082 0.752161261944059
1.3183281798269775 0.7337228716460267 4804.093123337838 -5.510504466293932e-05 0.7125737897851235
1.3893767511367778 0.7103069056853519 4728.629346840773 -0.00045302609346639005 0.9429347393876806
1.3416432792697959 0.7231772739252046 4443.508235601884 0.0001577254458893212 0.9740457628466388
1.434185061522823 0.6817620524251673 4836.887926570691 -0.0004828499207927431 0.6854499914384693
1.3463953372006454 0.7843888019065969 4120.625330545131 0.0004979437379071759 0.7334528109820575
1.290485200357104 0.7316670956947041 4797.596996750143 -0.0002642601763773782 0.720039194186753
1.187495087073448 0.8707600019525806 4822.958449467865 -0.0003280710820784304 0.4190874196984545
1.2225775903098381 0.8061443993414686 4683.584337390571 -0.00026135265050708604 0.3829182332551985
1.1485589162587386 0.779031010826162 4687.166390232107 -0.00028365813086803174 0.2962524852999745
1.4698164471593902 0.6808370294231751 4739.650491313507 -0.0004199590196667439 0.7678433930603429
1.384847204248417 0.6561478790501519 4886.767813567177 5.5103405654647925e-05 0.6491614874201657
1.3961900799303382 0.7033758643353296 4957.183283736898 0.00016690935089666865 0.8905445904880277
1.408263683904876 0.7149561425248143 4962.833291007213 -3.672266311350959e-05 0.9940123409999189
1.094803034176696 0.777253610513063 4915.363237022734 0.0003146732010907107 0.29190758660038096
1.2788648658056148 0.781473836984268 4510.2095523988655 -7.736944941842062e-05 0.410726039479364
1.139115160453117 0.7565194932359148 4731.805184990554 -0.00020295040716039847 0.28514082967001325
1.1362174272227124 0.7658099891676493 4961.493541366847 -1.000565272522529e-05 0.3100588212701063
1.2127580216122515 0.7462118288461617 4728.008984496313 -0.000595467130403571 0.4216345249770277
1.2743531331167872 0.7560507464367702 4105.048690207242 0.0001446492893457661 0.24911496307619901
1.3031436091677073 0.7333852778241473 4882.284673352163 -0.00041102705883076747 0.8109000770454975
1.2269401672359026 0.8673428385069177 4887.769244874571 -2.0876946211530916e-05 0.8975542429161871
1.260109650044245 0.7741606171057883 4925.577047469089 5.208729071172358e-05 0.9858027869319641
1.3832822783003016 0.6569495250847354 4837.140072418976 -0.000205349037259187 0.5775438622287039
1.3988449485337933 0.6937459957330876 4704.028990178219 -0.00044791146700600256 0.8041484496066695
1.1441309330638405 0.8904775642842031 4953.863779571158 0.0005930352127274893 0.42689887200005994
1.3599637155270305 0.6943128210848235 4898.985872441045 0.00040278642111816565 0.7593559757536096
1.1945524687649898 0.8524472078391302 4896.443214411475 -0.0005078192666752544 0.6612921822382786
1.1763958374235801 0.9182636315013513 4739.20917738106 -0.00021665369211865004 0.4300105564336473
1.2148539832073277 0.7075999750545582 4872.720270024867 -0.0004908204133060313 0.2520156954686601
1.2318880868135975 0.8875608226454194 4270.962270444814 0.00043073458353310915 0.48676887233714894
1.1759824357823256 0.8945976262577476 4968.637002357659 0.00036982079569588763 0.6384821274233561
1.2330007795546174 0.8991939643816346 4810.985243429634 7.984658823197541e-05 0.8772132818634627
1.2408738868100468 0.8462137033547807 4650.203310915037 0.0005437565222943674 0.5495212780795898
1.2310963959598753 0.7755810800603699 4602.4034245037365 0.00017130089873245653 0.5896704992496717
1.327747875221865 0.8076343303374633 4716.10337969307 0.00015012464859831225 0.5978553742030582
1.145341137252814 0.8552543371163501 4739.953870324893 0.00010819544008662566 0.3400104475206919
1.1047363084932789 0.7317215153471338 4817.597342131963 0.000889134243572412 0.25086910617314123
1.1658090678591597 0.769970564717311 4898.3109274264025 -0.0010581166532515607 0.35151721380375867
1.2183845947767649 0.8673972800275325 4195.992306295269 0.00025289621788474525 0.44577252842591775
1.2054208869434804 0.8308669333200351 4881.87091432313 -3.829412162228081e-05 0.7039075711245726
1.2447826145491796 0.7967499738935935 4959.647207774417 -0.00028996355728935617 0.641707136143473
1.1196097118196429 0.8300135613828569 4929.541230678984 0.0008415875168697318 0.44792937582221193
1.1567442485328543 0.7420599257030049 4883.223460946335 0.00018405113168811825 0.3206580816264173
1.3157610161849544 0.752467969674192 4911.659743340079 0.00014074805928224093 0.943411401473184
1.225214033999795 0.7210941766411473 4925.564704903938 -0.00010761204381027172 0.435394802257712
1.2656742341853053 0.7469155339788064 4712.918993503337 0.0003852371839492827 0.941952333276457
1.186044954485007 0.7758274616233464 4788.005440349991 0.0003468182089064648 0.5679375665383717
1.382362515773518 0.7064501640625205 4939.803845786073 0.000256171268900446 0.7937771898617277
1.4143131144719274 0.6278181667194579 4903.763574494201 0.00019891374301320928 0.5595813026954815
1.0840245652257918 0.7955344612582046 4872.395013994772 0.0008045358296728882 0.3059682625014783
1.2105309294778153 0.893780999018719 4732.7022968990805 -7.294711611344006e-06 0.7290015992970466
1.3280409606227352 0.7932620004571767 4193.20039721687 -0.00026293694936134043 0.9151755119940314
1.4947623069165012 0.7085064779966264 4985.301916247269 -0.000676876058561458 0.840571905598082
1.33102905694683 0.7722779255285616 4964.970313087016 -0.0005365339841281834 0.931960883348882
1.400794036670658 0.7017263927765633 4903.655081044979 0.0005030220173579101 0.7754817022792588
1.2882924557430695 0.7055701785259567 4847.853820782412 4.0133297511646934e-05 0.849430773900175
1.1474143506497647 0.8117129549215112 4962.943499234682 0.00011165162052215554 0.3643703670983216
1.0655168781213524 0.7401370041699582 4663.589210469305 -6.611134665423835e-06 0.21506235825327003
1.3437920061910127 0.7106582625347329 4869.219613889791 7.790982299265317e-05 0.5497337481205545
1.1525391368036515 0.7427116383854246 4923.306069761676 0.0004996712878562706 0.268011480682252
1.2888451684376565 0.7189690454488504 4420.824416286598 -0.0002612861850796617 0.8230108351851508
1.4058919446723275 0.7088558503405568 4344.461264897787 -0.00020513004611505813 0.7284165407928922
1.2543425771383352 0.7107732488416428 4801.147808248819 -0.0005696281281287108 0.6042529743981854
1.1091836049286241 0.9408910590745099 4849.119304631727 0.000991580073845525 0.39276699204443516
1.4033231539728823 0.6600125997823542 4941.310656459226 -0.0006282430366246642 0.6096550125828575
1.2682574962392033 0.7406504981270883 4796.353296746215 8.625169365817648e-05 0.49587897002392
1.4336491534040277 0.6574063436722927 4676.273911902316 5.385402346970481e-05 0.6043690293404442
1.2235595669306272 0.8812562898986595 4922.813332219002 0.00026637560156326866 0.7044737953005814
1.227976011043154 0.8764372895881258 4926.879936329279 0.0001317294284465 0.4067746901328332
1.164528144673504 0.8391014445714177 4773.553064669114 6.147500393785105e-05 0.3493284229006033
1.1623339281372005 0.7289749902307636 4874.044258410728 -0.0004387855609145386 0.25955302137386765
1.1248581575347358 0.8028412460315192 4923.350669038605 6.949796911489658e-05 0.3114144202881824
1.0968268884600332 0.8300470419378353 4767.961355416109 0.00034508662617128755 0.33559513227450566
1.3512967885264622 0.6804708792096826 4792.640652025197 -5.468370431892409e-05 0.6737439088714499
1.2120558635969747 0.733917373058735 4741.949719325681 -4.876365500373044e-05 0.24107799657816417
1.0769973523378762 0.9029659956357666 4920.983312102281 0.0006156506928889207 0.3955200662039516
1.033347826136656 0.8133679872159114 4937.476440306278 0.0003646563950168821 0.3160973219335725
1.2425229198304326 0.8800241332047941 4799.814008631928 -0.0002997312600919311 0.9773516298501053
1.2014612492556098 0.93932436336806 4802.637837577832 -4.056286172603189e-05 0.4226730245741539
1.1707378947428926 0.7333878701578299 4676.264480894429 -0.0008827690133115974 0.23760965831866263
1.2126421697958516 0.7563181749707379 4654.365802438717 0.00015974433975345345 0.2555980611095676
1.1604121624823736 0.9152971116689139 4922.834603200722 8.678382316579834e-05 0.45203643019181994
1.1399205669906092 0.7732187082330378 4962.753494405486 6.544196639866695e-05 0.3020863318026375
1.2136848392632615 0.8628471816024211 4669.088248935842 -0.0005046620358076138 0.49980009238427947
1.4182947251754403 0.7164920964826379 4827.45813267795 -6.00464160900445e-05 0.9605312872442936
1.479335878061116 0.6455587439346733 4927.895317969838 0.00034338630406209836 0.542334517149221
1.24874846067034 0.7555150476809611 4857.618322234149 0.000840066614763214 0.8717655204820154
1.2985711778429365 0.7081759903400997 4859.055907994175 0.00024396505593296585 0.6072595228065678
1.390472504062613 0.6744019816311055 4730.669850374469 0.0007143947210018914 0.6577886379328384
1.1394374520855624 0.8419658648391489 4910.374044042336 -0.0001353733505622482 0.34160660536185294
1.2256942177612618 0.7582719564343207 4978.560015337236 0.0009347891881513947 0.34348110430756196
1.3935565644021897 0.7207370962997438 4737.0687324480305 -0.0001429762749490326 0.8882866054844993
1.214900232690156 0.688617084380809 4498.4348066590155 -0.0005989028589859138 0.4974738684906156
1.0977849147415961 0.8749257054128905 4902.30522442733 0.0006892367334653289 0.37454242520341874
1.1037625982335677 0.7942521135958605 4652.382023847383 -0.00010462673103214977 0.3143859463403975
1.1441910404128124 0.840555286770498 4822.5353136901895 0.0008320202132011358 0.3651518746598988
1.2347520672133165 0.9066863951652117 4615.141960383513 6.275571449597086e-05 0.46731532912214424
1.1870067033014535 0.8388264804007108 4961.730674402007 8.466299518675182e-05 0.5082261592877935
1.2580462165945951 0.7897238245173803 4193.516792109622 -0.0005443621792097497 0.39475206151146086
1.2126536449411822 0.8472091309371773 4732.846007905161 -0.00019076102593132923 0.5512657333440457
1.2213374692313042 0.9669048605882159 4933.238674431336 0.0005372066347747803 0.5342190953575956
1.2431634178813167 0.9260204336348684 4835.576276806875 0.00023139092495887918 0.8345731159885378
1.3691217641926376 0.705253899787816 4793.314441770633 -0.00029256420824611625 0.8434828295169398
1.323689448679721 0.6844302523742106 4904.192864862319 -0.00029315611746400373 0.7934443786958014
1.110857441940516 0.7662504919463023 4403.7068294242745 -0.00033870512665258525 0.25686665410262266
1.3441068282558146 0.7280613790776036 4569.253714589145 -0.00038519899105507964 0.7394754429647912
1.212860551673293 0.9508459213012652 4939.806408339994 0.00029880424492580534 0.8018137303598007
1.3827102510351112 0.6465073446154505 4927.982954112782 -3.7984732079199096e-06 0.574637483421129
1.2479589586211552 0.7460038791109506 4982.7726097116065 -0.0001129124753688062 0.35557560991159465
1.1003724015553238 0.7943489545682882 4310.116170352453 0.00014887294804534284 0.2965449770762001
1.2828629250825305 0.7752824441287385 4826.761107783822 0.00024946356617001073 0.487630483669882
1.1356654669790867 0.757452456973378 4728.442740423594 1.4622632109078095e-05 0.26529973792557815
1.3160170170537595 0.749905715800452 4964.644308988683 -0.000712848694034656 0.6392166370050054
1.0769945126818739 0.7636222749629483 4985.89087625 -0.0005936362962875747 0.24444633561383705
1.091796837858089 0.7804292299763114 4892.367736591714 0.0002314118693243129 0.2645885316601621
1.2744910884547824 0.7356716058697879 4746.948426715737 3.056856614245373e-05 0.8804290025079546
1.1216847628313025 0.7617885501384634 4605.892956174429 -0.00042920120008685603 0.2560167494339737
1.3576120695315497 0.7187364926011031 4793.143113063497 4.879689628841026e-05 0.9026896428733006
1.3458050902521101 0.7055294491717865 4938.01368966187 -0.00028158275751143655 0.8205081165647583
1.1028473441556277 0.827375739643584 4926.4514523147545 0.00078118278468973 0.3162214010113187
1.3480182973356154 0.7324168871717535 4914.683444275915 -0.00023700267848431327 0.9400816167141703
1.196294769454566 0.8397905463640085 4669.214577426622 7.1203541026531e-05 0.4316934876755408
1.2667358118140781 0.8047516198865334 4668.2142964829345 0.00030760454774103786 0.6608194540677115
1.3310641306936186 0.7316939580837295 4914.437584479134 0.00034902501006314307 0.7649081009786431
1.2858209879130857 0.8718453194465433 4803.416651817924 0.0005100228062443812 0.6666266991176218
1.1320921856028985 0.798223322235126 4986.704659138487 -0.0001536286157780234 0.33650116834410737
1.1885535094045343 0.8260373948863073 4253.769353700965 -0.00033630316756405517 0.36501728789038645
1.2674065870806404 0.7451668071367262 4140.651341168539 0.0001741816278799828 0.30201471158425763
1.4742807375677627 0.6957157479223133 4794.394956340798 0.0005979931953693311 0.8632674349775988
1.2463299117439899 0.9326862497066436 4767.73761140908 -0.0003230149184424327 0.9764683211929612
1.2336201574675956 0.7693159228492163 4946.376193237068 -0.0002746579370709998 0.9652406949197413
1.1431632265341385 0.8788319980357285 4941.575113979879 -0.000719305420852867 0.41831267118106114
1.1263434095939424 0.7940423760437527 4162.444841601255 0.0003566834186325479 0.28851608677663143
1.117548624883311 0.8275798865136696 4623.143070531047 0.00016971538126298944 0.3860185327749166
1.063545563944983 0.7261932076287532 4937.096646247644 0.0001412962040699614 0.2301224388225341
1.52144805731294 0.7092021296135794 4806.439695481639 0.0001326281171831831 0.8781407433647784
1.1205653551028538 0.7763148997601489 4898.485298593473 0.0005234156840096386 0.28497426856098174
1.2129273319241995 0.916672855383499 4677.653580127012 -0.00016514644916884786 0.5174814010542569
1.4221077925834869 0.6677982017424577 4941.475809447311 0.0003753482334113748 0.6295451523316583
1.1696041775162307 0.7776987914276868 4454.826902642654 3.158354663524038e-05 0.2791894047956849
1.2531257449385247 0.7768978838509886 4659.401488258791 0.0004267114853000406 0.3187359984707617
1.258777625056573 0.7542482739237835 4907.824671206264 8.568313452295053e-05 0.5544185108630268
1.214724778730101 0.8772338550800206 4872.621009656767 -1.4639199666379042e-05 0.5962621629074982
1.2278025252056488 0.7281094670016656 4979.142018911128 0.0004686888128920628 0.42493232072493187
1.14580683780828 0.8456179433725184 4883.80253080213 0.00033923902012970814 0.4879917957742185
1.388237441100288 0.6798395192810656 4811.352845548546 0.0006657224060745845 0.7544476149586358
1.3872228020678405 0.7210513095490985 4767.816261135568 -0.000104101564225181 0.9786736046488933
1.298389214074342 0.7083147853080739 4876.073094723352 0.00038752440161387663 0.7551599119202794
1.0846248258271645 0.7866198748150549 4902.179411991671 0.000111427624826856 0.3064515086488073
1.2020418942872473 0.7402551530729146 4979.383915438129 0.0004507778810853404 0.34484376530579286
1.2826171469555887 0.6870390564788199 4920.784967058362 0.0007056497341048763 0.6222354593655562
1.355439435155804 0.6997204449420384 4836.294473541233 -5.556326433323665e-05 0.743052560752423
1.130234450081153 0.7780141523500499 4995.222783769542 0.0004581609763227034 0.33296602661276486
1.1950660488128027 0.8355875920157603 4743.228215128608 -6.982479741307344e-05 0.42443526066894977
1.3605633460150912 0.69427030318269 4902.460998001891 0.00044441088290189017 0.8553550077010921
1.1961152749082344 0.7997941191370443 4861.056533709397 0.00016376415838381623 0.7038826929506274
1.4129425359285075 0.6937586999942227 4836.524807320216 -0.0006686989498378759 0.8179479289125738
1.3241583156444547 0.7393362135765621 4919.619084551749 0.0004283384155683078 0.9897921119637222
1.2707125115903244 0.7834543317830398 4379.469724701364 -0.0002569635415146899 0.3400002263284678
1.3177643390928204 0.6750708511476604 4920.871310274471 0.0001759478714384401 0.6708411592148342
1.166259475505993 0.8163119065530064 4727.761677720253 -0.00027194377058263093 0.35870932559075885
1.3010847041958111 0.7869684871844689 4650.809980691067 -0.0008409783485930403 0.8867826172434699
1.2781217947393964 0.7443645145602018 4999.622913661767 0.0006131570352020719 0.8927303713708341
1.1635669360025318 0.838607928183386 4914.015264781791 0.0005026105921890142 0.3847096214739544
1.0856021082546221 0.7806293321776766 4947.69534736381 0.00013053835875422333 0.2730386111572033
1.1734346937691356 0.9735521662155122 4849.351089024403 0.00011340730172076794 0.41156189996914894
1.2280240914016016 0.8416819740224853 4510.820172502627 0.00011787830700804994 0.39900440906212314
1.32952463017663 0.6775633159390787 4937.869454450717 0.0003040821359994796 0.6373522971767128
1.2807039028611307 0.725571387250325 4824.17228275716 -0.00041437959728181416 0.57444609340768
1.3449739384983386 0.6834339307241194 4934.230494230708 6.31826446411636e-05 0.6808037839225579
1.1809545190868556 0.9318042013263241 4925.841679060201 0.0007026614953521434 0.881671583640597
1.2668287426496334 0.738896006271399 4705.829380029076 -0.00012615256072344877 0.8925945819830639
1.346044307839767 0.6810964207612678 4892.955302143835 0.00017951349465334765 0.71878507431802
1.1727337769454782 0.8314195756754988 4352.309255511457 0.0004656015746261461 0.34333950434267635
1.04924476320631 0.7661401943424793 4957.972523925685 0.0003478748263537002 0.24206008750563818
1.200195206409041 0.8221682581911174 4888.729004601415 0.00039718657907877934 0.6155754277960825
1.3915808248461927 0.6876027713014081 4782.112473411661 -0.00014300737146948626 0.7710796955385726
1.421927412278189 0.6722986199024216 4677.918984622503 -0.0005609985616151331 0.6301438812225634
1.1281414764970377 0.8803847377783338 4306.771596536903 0.0001727109808153814 0.3997693097076852
1.2897224280997115 0.8182960988071067 4607.49668693416 0.00025803519882194496 0.5896762522610957
1.1739255024502497 0.9341234623719309 4730.146780099139 6.596264942282963e-05 0.5743484021424798
1.1545411883862924 0.7366828398115607 4960.718606291686 -0.00012918933380562267 0.22857476410929653
1.356592694006422 0.7108610041371161 4947.217833489973 -0.00019801603404942473 0.8054638895427448
1.1849299834931228 0.9249166108985624 4994.770609384794 -0.0005929412663476429 0.6798661792621614
1.3799288903464442 0.6790977727692683 4792.148818856302 0.00040783326116696026 0.705959633144027
1.070924745960618 0.7391855406526614 4984.102588037145 -0.00031351994911416487 0.2471329660894891
1.258418472432082 0.7387335364282804 4982.142034543464 0.00023378077607223098 0.3551084466776234
1.29187076342953 0.8055813617918672 4725.763574711551 0.0002227024820270897 0.9334944896774
1.1382679874056878 0.711852971447592 4536.638096943868 3.4643445415146024e-05 0.208966841914051
1.5317836251804704 0.6732343712693539 4306.294323976196 -0.00021079447694022108 0.6819456869415444
1.2982192405989417 0.7001571434705202 4874.199587998138 -0.0003078106213828459 0.6563393262861623
1.2000669079092763 0.9469645442103252 4949.722447229051 7.392738992486735e-05 0.6755742145813018
1.183865489131652 0.8484310378965318 4671.334256888023 0.00015921762213802783 0.41449337639273454
1.2620923080210262 0.8096153566525344 4698.4861254727875 0.00035568101772822806 0.5497865064456102
1.383163645683641 0.6892132901188783 4892.781567364263 3.759247605620403e-05 0.7086624368012467
1.089440356249228 0.7113262321950324 4556.2589161322085 0.0003762767356015123 0.22486611838677267
1.3186074690461551 0.7256259749117155 4546.839977144421 0.0002208607915427959 0.7383433570889102
1.2047674304795866 0.9692050677388263 4821.237821819333 0.0006777707345287999 0.49708867574551796
1.4104607568453407 0.6239082628074366 4994.914398290569 -0.00025629205408662584 0.5300329921760072
1.3096060846488244 0.7108546531990572 4793.008513767236 -0.0006103498031647016 0.7365484472375561
1.2392788388641938 0.7769470494026364 4713.177894407657 0.0003775097686080548 0.47858417802374487
1.1472031616202165 0.8427145861219583 4938.181949322346 -0.0006525405309232785 0.3643790832084527
1.3222759420544619 0.7152322422223185 4577.910127602076 -0.0005499417799719871 0.9658777739806946
1.1637257658490716 0.7644281383095297 4817.439743960456 -8.722651153676237e-05 0.35431399118914486
1.18648174295704 0.854259085808013 4883.437727574942 0.00032132104548628066 0.9326498236260122
1.4298720354381702 0.7239311318119511 4797.292028936908 0.000284668424254966 0.9601584783238659
1.2438326812625995 0.8145922223191762 4862.839312539412 8.869390207123921e-05 0.5104858218966052
1.223105505236263 0.7567724290347202 4736.421251489981 0.0005563139302581883 0.4587211312658559
1.1877319788479028 0.8473669751301004 4861.3969649338205 -0.00011804773605904531 0.8247220415085716
1.172691937202833 0.9128550152765634 4824.327381231741 -0.00017425426273271356 0.5315375486186529
1.0292733808972123 0.7219424059545877 4869.333766418388 0.00021919500827247127 0.21171084900231482
1.245663359720678 0.8199487820595516 4919.423695025696 -0.00022236029671599426 0.8489893899187408
1.3686997925056286 0.7080396122136756 4991.2302769622165 0.0004998543221151148 0.9091486848657071
1.2154651406075536 0.7318666668282708 4920.998604378256 -0.0006386760384982682 0.3528017160512622
1.2267999591706462 0.8311585476686916 4979.764029132943 -0.0006423399795553208 0.8964345201813743
1.2216997522863868 0.7674780177665894 4761.713115421015 1.427781822126909e-05 0.7479011991116288
1.0940299063134922 0.7900534447196098 4952.747947926488 -0.00022142957628038548 0.309980920426319
1.4384484947805876 0.6587659586211883 4961.99849459739 7.227265823963085e-05 0.6487479310578693
1.203165817682431 0.8517128450967366 4824.531672195329 -0.0001511228204099725 0.5221549341937329
1.1448350273087378 0.928965799571538 4889.084879507291 -0.0001414817995693788 0.4504122670219429
1.080390477658048 0.8517593623165833 4731.843816002847 0.0003014432672666949 0.3584916729132608
1.37881220729662 0.697030525166029 4902.680729976496 0.0008035261554620308 0.7437516453678631
1.1456395568107625 0.7350510183894903 4852.6678334106 -1.4130856017563413e-05 0.23761145522447782
1.184273292728478 0.8609591916341389 4927.421386256238 -0.0001656123529040262 0.749029101717545
1.1228872281237163 0.848325941856738 4872.051376216029 -0.00047385409060915696 0.36074908881985046
1.049727158208764 0.8445460130249836 4918.002035018326 0.0006342880607215469 0.32512640978016605
1.4235912200786975 0.6906420737790491 4997.236961625049 -4.9170787546470934e-05 0.7602499471455525
1.4312038742043485 0.6457225523340477 4886.307843600141 0.00042813151455311246 0.6035786095159614
1.4897806896696162 0.6927040796155506 4815.789118545624 -0.0006886334038601995 0.8267112831475955
1.2435910065318867 0.7925473140468495 4970.537203413206 -0.00018530805520101647 0.5398279878157122
1.2207354711743759 0.8317560914369794 4743.033268679501 0.00022661115583177076 0.6401751843863699
1.2379826786967891 0.7585646590575781 4796.711949554103 3.158195122659004e-06 0.39069705695505175
1.225738736054508 0.7720553238307031 4829.698807456715 -5.1986029219821305e-05 0.7840893376787975
1.050157990106288 0.7851465075103827 4869.254052566931 0.00022452580525938583 0.26844741581508796
1.2502526189350052 0.7955077608158609 4976.692945594647 -0.00048654102313128985 0.8178436921424985
1.265111960619981 0.7615599277224077 4539.26754239304 -0.0005426710503779612 0.9329277318620965
1.4774652162980373 0.7105014772780864 4987.310282125143 -0.0008781789997219921 0.7913477148180036
1.34772568389177 0.7317880831607395 4817.768381364592 -0.00031566066083067116 0.9852145535533723
1.2346123249557415 0.9267275091072954 4802.634950886321 0.0004009431406463839 0.5303727225127587
1.4156912077257071 0.6776233984165168 4999.556620959591 -0.00029748553711391834 0.7103000492600506
1.289336361732724 0.7769797248113548 4253.3018206682655 -0.0004633006190323061 0.660333378223989
1.3558620459336865 0.6817238097535337 4949.06710784574 0.0003674345437920081 0.6506728087775961
1.2752752035536634 0.7077070586815877 4905.1706224035715 -2.3411881659318262e-05 0.6024007123304937
1.277765011721526 0.8430361235669621 4635.6641380669 0.0008296839092242712 0.4279644186504554
1.3382783024086096 0.7162754036626912 4841.124321643932 0.00016139200209011403 0.7022440220002086
1.1126196806091895 0.8223731777836482 4767.114262450786 -0.00015600863501794701 0.32965897851472226
1.3955427084944505 0.718117220685646 4947.431231572076 -0.00033096065567895714 0.9099578251928235
1.3654165047966322 0.6976749567280588 4794.378867805099 0.00013369299782933 0.6970923331243207
1.4017313011384283 0.6743872021122419 4936.5531539346775 -0.000750834440599054 0.7507543716750666
1.1399071671354797 0.8171791824717927 4824.02621120112 -0.00012567459275760292 0.3562639406035988
1.3537215511506928 0.7002456971020434 4927.163210830921 -0.0002897021021630604 0.9181427235089858
1.4858444231314953 0.6335680784505677 4927.621783357854 0.00025224141103815284 0.5236808381895861
1.1890131765623668 0.8584273871810697 4632.3124940125235 0.001044827739036735 0.3426439853621074
1.2467233460742022 0.7889179674112057 4923.558079109524 0.0003586430093525049 0.8999958846463295
1.113644487191757 0.8151008823274255 4987.775501328842 -0.00046947226361170833 0.29836083039242395
1.3120830144552444 0.7378662887799721 4905.449671889759 0.00025417080353737494 0.857749820305683
1.2616993867403603 0.8409700831333287 4826.670321707708 -0.00021209973593717236 0.6283667257429233
1.2437262353325171 0.7168536289720313 4994.219211129364 -0.0004886701209668731 0.4669261559638743
1.1297604559624612 0.8500676429938614 4536.762622480466 -0.00012243596451435982 0.3730937993571613
1.2871553625687848 0.6971792088782293 4992.951679691414 -0.0003790595515908996 0.5904267105618904
1.1346102473949922 0.8057511621875972 4882.988641031879 -0.0003452292068588387 0.2979875297044181
1.2550456063639708 0.8757038106034734 4607.211278574757 2.700983293128223e-05 0.6057220125200578
1.1749850024934152 0.8910439440053733 4882.787474879882 0.0005870564941086327 0.6776553018803356
1.406238110837978 0.7027601007230254 4976.021986918446 0.00031064961337370716 0.8341751053820334
1.1985536948933677 0.7044663230182133 4456.260265634114 -0.0001823704326577019 0.4225439352581605
1.2573556407431687 0.8841751750834195 4869.574408364244 -0.00010464009606377369 0.591123814148563
1.2020925788870267 0.8655937217692733 4877.334781396083 0.00038875409618145044 0.38918307636273053
1.3243672745977755 0.7054643182108485 4734.533003953235 1.40821287136317e-05 0.7649484792685393
1.1950457560707612 0.7868798418579823 4679.927111670198 -0.00010362247834289927 0.337477783614024
1.366575287121648 0.7085942840653294 4988.503430924954 -0.00020514992330291195 0.8013568354858651
1.3273262123696536 0.6991605421002872 4984.552157823704 -0.00012221243752078744 0.7241409712898423
1.3143804745235923 0.7079340068442906 4876.07591249476 0.00026283462757521726 0.7935596397711698
1.4213154290889236 0.6466695102056568 4989.326577652369 -1.6437283931837008e-05 0.585167648566944
1.2106060944070036 0.9184922113682941 4832.749303951019 3.630383558758283e-05 0.6047300041465425
1.4636760233551893 0.6674650372725671 4992.451849680925 -0.00017102887214897732 0.674570226335621
1.3002439026358314 0.7279154601912988 4832.149681287629 0.0008682661556763896 0.6911229623493436
1.1495913810306253 0.814990560647463 4883.205344042182 -0.0004184356338188543 0.43495419282408787
1.1815188531005039 0.9145516838008435 4743.406684868433 6.803201476666802e-05 0.5741194501827407
1.340372099240152 0.7569688307024125 4039.230030377183 -0.0008681571952397439 0.4645143667242347
1.1165882820142046 0.7717760617464751 4925.296768350507 0.0001473323937092018 0.26511178449836253
1.3388126114467163 0.7523248907262217 4853.079334608272 -3.253963050469492e-05 0.8408611272271433
1.355647536473749 0.6567448444580248 4994.508639644016 -6.0762922436352e-05 0.5958349909057097
1.356884228708516 0.7407871052493872 4964.607065873613 0.00017166850079124748 0.9132145878876916
1.4600008091207002 0.6710781217247593 4992.240230261589 -0.000695010424335347 0.6735979256976595
1.214928975072199 0.8732579723816387 4743.982569626754 0.0003163382445512453 0.7541095144500928
1.1760281547030234 0.8387958731890567 4140.087175823141 0.0004065355439176984 0.32518414792666517
1.287945805271035 0.7146865158885686 4988.770449644746 0.001037157742484744 0.6156260704472626
1.3999921038280414 0.7180661474361654 4777.635564520083 0.0006972638228191588 0.8762823890218226
1.171582969275021 0.7550500849462501 4913.34336167445 -0.00027705025813743394 0.30994281379445227
1.1529843089520329 0.7603621099469171 4249.063063749247 0.000318005321086536 0.2572013183918986
1.1277755717297484 0.7798639942748602 4792.646048398801 -0.0006365351480218078 0.28939960971681183
1.1672599889569089 0.8535233229754837 4794.219919275234 -0.00018100420187603996 0.4238421850214146
1.2694723655271658 0.724271049334595 4767.227050928225 0.0004533466706016791 0.3949616599531328
1.3852445086790848 0.709777463844982 4810.36529993871 -0.00045362261667057765 0.8809365412661587
1.0839572545268255 0.79629070286342 4929.049148744903 0.0005788843463817141 0.32804217861278173
1.2315279060685063 0.7591169021645308 4911.046412122028 0.0005961357976752689 0.3229569295028558
1.2470112301239291 0.7809391258386691 4539.8743581002145 0.00043254503202898206 0.8935076045702495
1.2723588789230644 0.7874071435272055 4730.203166871156 0.00037760186239635624 0.9499856622968672
1.1679669934040573 0.8575231487394772 4822.684272416355 0.00011517011014528776 0.39434312384846165
1.1573857503562506 0.8329229369311382 4491.135943610456 7.588564287833708e-05 0.34198068841788787
1.3261984686967168 0.690078500612482 4925.755936483322 3.5921320191285793e-06 0.7800831836236255
1.228537364505765 0.8206888627979895 4580.786925853916 -6.895384000009276e-06 0.3235827381142144
1.2766433422319914 0.7191566367966887 4882.616165291921 0.0008069237759306736 0.7615952206848714
1.0483011892544343 0.8209646061678596 4903.4403924490125 0.0003833849091704342 0.3354452715785313
1.1829503191313333 0.8026011980165747 4727.790052154871 0.0007030180692933292 0.3224562069935974
1.1848052766101795 0.8227781741705887 4969.005415591929 0.00013923100992306375 0.3039644309853629
1.136860708406845 0.8765212065823054 4989.463842069669 -0.0004862830653995687 0.41929637643341056
1.3138357943566583 0.8697621742660445 4774.314367756115 0.0003835390739640964 0.6007597580414513
1.1867103864472437 0.8748409129242405 4835.274498823528 0.0005210587399672259 0.40258705149281676
1.1823326626363106 0.908613477673184 4910.902270444259 -0.00018639664925262816 0.5308177659136919
1.1609908249212735 0.7807941909455681 4704.705369265242 0.0002329535760476809 0.2779154115275801
1.3341744745941617 0.7218872628643499 4952.077031595295 -0.000327279540912832 0.9380780117141007
1.3710753063130574 0.7260539270991743 4877.927851695125 0.0005765718824795177 0.8293268969508201
1.164693757562842 0.8449042268619991 4933.410111602633 -0.0005737208827113776 0.3674146902204446
1.2480335647884073 0.8511733673139434 4598.599911454574 -0.00010574655341728956 0.40148901865183784
1.413010644777806 0.7113798547240516 4811.033651764723 -0.0007681266358062525 0.8259574057034287
1.1453917989715183 0.7182513196058969 4902.649859586332 0.0003409909788018351 0.2553344131557074
1.0832764853383983 0.9227094720806852 4889.313644098286 0.0009649030864098993 0.40080149025196926
1.2785715225820589 0.8827932058627319 4598.8389259568 0.00041872946010913304 0.6384580134139257
1.1203728663103631 0.8403689718781062 4999.396307730494 0.00022400175897068828 0.40073494167986157
1.270037699191893 0.6831179292920382 4903.477067873658 9.097371174562144e-05 0.5893383471654539
1.355712716645887 0.6936287786044923 4905.02378708555 0.0003170560345418351 0.7075666615269672
1.379082694935022 0.6670656722032906 4777.06892736159 -0.00016843653313990836 0.6169710776147785
1.1962660519640753 0.7492914117021441 4668.236408699387 -0.000227906069554966 0.2972882393402648
1.3509286452499703 0.6838034680150465 4952.147457010296 0.00033411454752992975 0.7567463687232407
1.2076295159579402 0.7689010317346251 4598.386641226495 0.00035342810227862804 0.2753767189788062
1.1806184255457468 0.8716356470132376 4674.771971392226 0.00030279396586961935 0.35336269239874774
1.299001379763062 0.7627361391871148 4944.4706025579 -0.0004568854200771929 0.9459218344131011
1.121062378207011 0.81880874890966 4668.926003344003 -0.0006402630715311053 0.32614555658271377
1.3128917968239455 0.6915802603763829 4652.888019853545 0.00010191890851084129 0.7585108417765596
1.2864828481072217 0.7729757513040604 4551.419213967616 -0.0003742179141784087 0.5737889334199078
1.207955259348504 0.7364234855190692 4877.196640039461 -6.953601258731424e-05 0.25250427669722963
1.2225356440943056 0.8459471587079984 4832.028006307384 0.000164147668596474 0.6127907293124166
1.1103294727955964 0.8115066622073795 4771.552866273312 0.00037387833402732285 0.3348157493973418
1.1698049363002174 0.9069633706725179 4899.164953526566 0.00012105147690632117 0.45700776118379793
1.239784349243537 0.7917376663166354 4927.3409390276265 -0.00038935760971638806 0.8264016539444805
1.2361871937690367 0.7857900014959793 4442.39388788569 -0.00028841441201848305 0.27815016552400645
1.1969118306063877 0.8835220225408121 4898.28581273466 0.000398322752881432 0.932601751527466
1.1837084070953554 0.8672992284370751 4968.168997002382 -0.0003201306694535437 0.6918051743966014
1.1702797408550152 0.9413616925734075 4989.955873024799 0.0002738996566040086 0.6156046271145335
1.1919673863172162 0.7698732508264838 4876.054086318883 2.1072514641726283e-05 0.3753651494190397
1.2475946842740413 0.8954834236263176 4709.720853622998 0.00025673216045816826 0.5666002996238204
1.4504946983703793 0.7074938583287627 4797.145764645983 -0.00037772222883687934 0.8289282626724113
1.2379322375176716 0.8523727069100246 4832.127792547343 0.0004253814578530909 0.7772809175299322
1.012295899899502 0.7571362559874696 4936.775691513118 0.00011098475283884486 0.2501516387991648
1.313484419124641 0.7617239235450413 4741.936444589719 -5.871947555494247e-05 0.6570342950915504
1.2511931151968756 0.7940610101844474 4782.1874279217 6.233089416627365e-05 0.6772958825944074
1.1597462186755694 0.9066477353971276 4590.433699643943 0.0001927078650530526 0.38718582474454033
1.2361819937741547 0.8817674571238163 4832.103067932429 -0.0006815418699234138 0.7566092177863581
1.2092385550531382 0.8195923005659632 4779.712193319535 0.00046976570416670235 0.4285086240310699
1.2544116634585774 0.7845321964032099 4856.99452216442 0.00014048528550811398 0.649355951836813
1.2269190851905059 0.8157894688953495 4902.049987227776 -0.0002451747162071404 0.9344128763469911
1.3196801355881975 0.6722030218732286 4912.246067240321 0.00046353565424889047 0.6748212864500692
1.2224448246381634 0.7804196069446905 4898.651457094392 0.00018219535261341157 0.6705660687151003
1.1596539530327357 0.791836872009094 4978.029351137173 0.00020461696554560063 0.3239613231994017
1.2513312753147647 0.8891356051129243 4536.148711950551 0.0004352051849864867 0.4385895501221635
1.376120803204227 0.7027674804366834 4922.205066445685 -0.0003622906420219082 0.7693397915342093
1.1880520552933294 0.7085455951782674 4741.440691564796 -0.00021597862319022414 0.2334592119645657
1.391348567901594 0.7199037395419555 4849.907800279207 -0.00016029665069396202 0.8169326776322827
1.317889702453714 0.6925511828095052 4999.08185151755 -0.00019292184847781202 0.7135074615697994
1.1987493579072266 0.7881628464751316 4546.713594763527 0.00035749462589073066 0.3952780940084917
1.3457376803277152 0.6780633287102286 4989.057374377079 0.00030194140090364244 0.7072368183730268
1.29774343056919 0.737727491246751 4605.492795291385 0.0001972828947864503 0.6233180847904596
1.1590171720025584 0.8743864754663206 4910.8039160739145 -0.0002947446748048861 0.45828818905885166
1.1791590139382513 0.8121192682608596 4105.83133019153 0.0005426139831617543 0.31504411535819277
1.2738405888026154 0.74741123188129 4479.612590210828 0.000869465823071926 0.6520972150146516
1.1566148991838139 0.798403156567983 4910.503801049426 -0.00018978386959240455 0.29671317670060166
1.4062851220285868 0.6754768698381173 4989.165415387648 -0.00022635645301791781 0.7331969477136406
1.3279454213473447 0.7140054830414481 4988.490814853394 -0.00022117004986486825 0.8043351012170146
1.417740008428705 0.7082008686348695 4949.449550524996 -0.00029339182368801845 0.9095153805241778
1.356279368264547 0.7075399785677885 4989.864033514318 -0.0003032935066460527 0.836708817338891
1.3614480339885529 0.7026844182430381 4920.99641758926 -0.0003290105946110008 0.828064069094061
1.4162845167432476 0.7022638308051765 4889.295244355854 -0.00032726370892091676 0.8690675116704423
1.4405341974042751 0.7215988612692381 4869.699496180363 -0.0002568502098232705 0.8955778848356648
1.3505109120314864 0.7088732888195487 4902.868509981662 -0.0002754807198630041 0.832031623150987
1.3710134924176023 0.7095799980066575 4952.246143981986 -0.00024614492761900814 0.9335853293177296
1.36414071707931 0.709253833156138 4887.121430453224 -0.0003786526182604916 0.8449650727477462
1.3539017187205618 0.693318375969259 4918.3677518907625 -0.00040727231542214394 0.8691254868332186
1.3496112187726923 0.7281082212172376 4966.103961720002 -0.00032363706946173426 0.9479834073443536
1.4103876721339634 0.7166675460625963 4966.368837631783 -0.00034189552422297606 0.9695398007455379
1.3507391926829024 0.716844076142549 4892.92049848971 -0.00026269027392012535 0.9292025870802978
1.4365123296405213 0.7190322214926523 4988.274400218027 -0.00022869948632110937 0.9897791844871474
1.305721843211979 0.7424157463242064 4991.374219349223 -0.00028429028417981827 0.831882718834863
1.29549337712063 0.7264951174372433 4979.760166478881 -0.0002887634118623637 0.8682733509554571
1.3331077842038817 0.7406053425925458 4911.366753938641 -0.00033893816364860546 0.8361032256217592
1.2604234962174394 0.715448560676876 4809.033887195084 -0.0002753013054955119 0.8803097541769769
1.338246070653565 0.7473026241769004 4841.642375019824 -0.00029472803924692593 0.8559657412956356
1.3993009617825962 0.7213760711265865 4811.209247475051 -0.00024855717390125055 0.9565265049522215
1.2579448706397136 0.7309424966503516 4787.391808024564 -0.0008241982566955931 0.8678058161918855
1.2511985297162997 0.7287655061123411 4764.10093543847 -0.0007165343786647577 0.8568194498517889
1.3069021124629527 0.7615006650116433 4836.134456482888 -0.0005695798902651916 0.8373727954845688
1.32138883742753 0.7356282693210747 4859.936601615377 -0.0004924079472708163 0.9308136193633891
1.3118708449919645 0.7390817569900111 4905.724696807559 -0.0008683089790753454 0.9479592638696062
1.319531575096228 0.7456641940650611 4949.404270023138 -0.000509788404319684 0.9489614449928441
1.2842832618736282 0.7533100527139983 4859.844094526948 -0.0004779268722353326 0.8244702662468923
1.2561923311464684 0.7440304147131201 4861.6506982486435 -0.0003549116080586961 0.8571286678619131
1.2808755093955937 0.7601718964890692 4884.855848553196 -0.0006201129051212382 0.8490121348845134
1.312807321942507 0.7399629798828441 4887.613696308518 -0.00033698232248568995 0.9503187807500892
1.2657015505445135 0.7523240069265582 4925.774336382985 -0.00035917155217770583 0.9101815393380416
1.2602554247369038 0.7475808743326792 4902.610680509389 -0.00035766700524900147 0.8673587280577868
1.3157620689804248 0.7364634119796958 4989.797196292485 -0.00022291317058119865 0.930688538585229
1.297204069632537 0.7063295115739165 4801.231951483404 -0.0003476159088111773 0.8092633976017745
1.3228410841346787 0.7214464544546028 4811.849528793762 -0.0005191745436537458 0.8600259309300335
1.286599234821362 0.7034648609631529 4847.034810298526 -0.0004554593329474722 0.799453337549999
1.3865684434070698 0.7309716691768596 4821.2179623496295 -0.0003657958494993288 0.9161827524111115
1.3339943083412957 0.7346087329489491 4910.362027892817 -0.00046360469147092593 0.9090713446841336
1.367523745363422 0.71355786177176 4949.966771808479 -0.0006438942460843747 0.932983931433416
1.3274630375295775 0.7174030594831904 4954.74718051156 -0.0007456376352764747 0.9364154775586567
1.325271411753449 0.7121782254908472 4847.576621437651 -0.0007869343612620787 0.9295512330533612
1.3882987987653959 0.7222370706323507 4889.943439042409 -0.0006643921440042985 0.9694095201629217
1.3540714174725266 0.7405344834516693 4835.751263829819 -0.0006303532414260786 0.9105733683527526
1.3264659430961336 0.7151913210852092 4925.970145562542 -0.0008137445644472902 0.8631090632995155
1.3827219865428977 0.7248843964106082 4794.431630064224 -0.0005240495612143175 0.9138433283478022
1.375485704991688 0.7275282884246542 4985.8397802626005 -0.0007928073685074104 0.9015795146985379
1.3221291277525222 0.75595847979222 4767.476299163594 -0.0003391582003901456 0.807143539134316
1.3010367135363525 0.7394137071387086 4730.574976091812 -0.00034765084428954357 0.8500978810186147
1.3175175032307562 0.7189226935509438 4771.254203447831 -0.000646609983588029 0.8739673787172713
1.3827931103086502 0.7438060028124308 4958.1410940812875 -0.00047360145424526926 0.9405914927930608
1.5048176802562516 0.7014160198807943 4955.120866559353 -0.00041705767558385305 0.7772300720079538
1.4093871250070071 0.6987174718992907 4731.326777404481 -0.0003920364907583858 0.8095331097913623
1.4272103960020543 0.7170039932008022 4803.296787468211 -0.000428752182983614 0.8198853436149072
1.4380975529433178 0.7018560554321394 4811.202300156611 -0.0004184325605355979 0.818912641850168
1.498051693587597 0.6841317338463169 4784.904030811909 -0.0006555757298654877 0.7719332421773673
1.4448522279334157 0.691659228956252 4811.6487853759745 -0.0004883185159485312 0.8493975842317092
1.4090766190347312 0.7030110338539798 4709.828908917287 -0.0009056848573225907 0.7177217308002928
1.4606695541749888 0.6937767324045414 4741.898219567653 -0.000559643776135274 0.7959314086333555
1.528843945060817 0.6946600461962074 4794.2411347713705 -0.00039419835279193885 0.7846943113284517
1.4033212268417548 0.6878182403548092 4936.24118281133 -0.00025113718116214677 0.812457596090275
1.4315048059392923 0.6839414566185869 4957.738590823386 -0.0003017016423697677 0.7152603404492281
1.4882227799296268 0.6865135642568454 4988.418947366801 -0.0002774650202286011 0.7651665034620883
1.440529983183163 0.677512630644269 4941.23882094081 -0.0004403364988897124 0.7056631269072577
1.4174561907264267 0.6765244749305733 4994.140804128072 -0.0007952837483181229 0.7400840953041399
1.4201934490869799 0.6891947300180825 4949.263272325306 -0.0006856050394209749 0.7667001590502662
1.4332381779361234 0.6983240956056004 4988.778643205479 -0.0005668433493490857 0.8015955448664229
1.4399913391561379 0.7010978992285195 4955.325294786137 -0.0005167096578644816 0.8770181631916686
1.439986378383114 0.6869424021699939 4927.381011460957 -0.00044921130730448707 0.7438920392099191
1.3319411103783918 0.7022319681653622 4936.940027764419 -0.000534889161536267 0.7464889478369428
1.3416063706767916 0.7072435192474068 4949.723319110807 -0.0004074040307781183 0.7363079781465229
1.3122114080006946 0.7062561837463219 4948.424116131595 -0.0007822978571188716 0.8004754380860094
1.3497552517954032 0.6757625252663368 4918.599127798371 -0.0004644052269345254 0.7373196395807011
1.3382289076998393 0.7473943450995923 4955.361122517031 -0.00040184982374449955 0.7297826516869435
1.334756681045946 0.7116662170743682 4975.88460429127 -0.00048049849770954957 0.7631284171962898
1.3695041937813441 0.6847892813862195 4817.971155595814 -0.00027848978124605405 0.7619556182596992
1.353428089247255 0.7021429241184355 4784.021721953969 -0.0004109793698509706 0.7500676869815677
1.3630781353906605 0.7064158733148446 4859.774252108573 -0.0006509466199004177 0.7838496981486499
1.362441861003058 0.6839657090432146 4811.362358824215 -0.0006225799123081758 0.7201551426429391
1.3312861956289106 0.6902861456937878 4809.572338800913 -0.00044272296240790743 0.7653678104958583
1.3143513553133146 0.7269355938879744 4848.468086331432 -0.000926799357601182 0.7840145005976982
1.3852669398816793 0.7037017599519662 4859.617772773224 -0.0006602254751838728 0.8368301334066119
1.2276387458077314 0.7388725537813498 4795.543603686883 -0.00039917406636461847 0.6667632203768232
1.2915971380117774 0.7477805783698941 4784.204878358518 -0.0003265348888984911 0.613734280892848
1.2654485114538967 0.7606651953247192 4777.770106182317 -0.0004978428788800245 0.6479943516268776
1.2654485114538967 0.7606651953247192 4777.770106182317 -0.0004978428788800245 0.6479943516268776
1.2417767480823767 0.7418698076591993 4902.244442126066 -0.0003462881452023397 0.7185184287203339
1.299142695786011 0.7337674586623191 4910.621856132159 -0.0003807513286160866 0.7524640260000202
1.2852847658807924 0.7188049435605209 4903.600370775296 -0.0005268405339031227 0.7395222794265555
1.2363576591064458 0.7174605280525325 4764.018399430652 -0.0006166421464573937 0.7256844539563905
1.3118802431787357 0.7246941231355889 4832.0940393225565 -0.0004362352610512657 0.6256897425528636
1.3014056872134814 0.7410828745041742 4799.9398021247525 -0.0005195939204748796 0.7166550171139858
1.3965667794575194 0.686056252852386 4920.364580515375 -3.834180143893687e-05 0.8045339704934208
1.3828279028932446 0.6961945651077369 4882.9393870516005 -7.404766257608654e-05 0.820700397688088
1.4065748529665205 0.7112851681742476 4899.693930070714 -8.43669539260681e-05 0.8683545722269973
1.3782529462400792 0.705356788174236 4936.710171266144 -0.00010671699435702241 0.8235838182406425
1.3468831215081096 0.7079046893333809 4954.794410999532 -0.00019361701392906996 0.8274562486829753
1.4030217679495474 0.7025964293866257 4936.043175211224 -0.00020551861145698573 0.802756957888299
1.3440920618097003 0.714251774075417 4882.082915744751 -0.00022547556200032198 0.8407586921861636
1.4225843135149392 0.714571431170457 4849.67008629343 -0.0002352956435878511 0.7930067209168817
1.363273683157853 0.705885934905077 4889.17913207265 -0.0001579163075978274 0.7858818301603405
1.3878585799381975 0.7029822193313128 4984.370928739426 -0.00013709530790833536 0.8235851832748093
1.3618844126716576 0.6984758497627451 4811.290534500429 -3.530321008581993e-05 0.7902765673451533
1.3810929581786349 0.7003393365881097 4817.642097536524 -2.5412471446083507e-05 0.8039744711768071
1.385704838798165 0.6868964950707486 4797.263365897619 -4.9144272732846604e-05 0.748545623736846
1.375619875948539 0.7118617114386107 4824.233538640187 -0.00011251530677920266 0.8522366703209818
1.4087545390758387 0.692010322936748 4836.606690450677 -0.00015409898698516013 0.7620353263646812
1.3738135868525858 0.6792754394528062 4889.470768943209 -0.000159286196708701 0.7266353372116757
1.4226465042882768 0.6813401776568202 4903.271054231827 -0.0001494924546280888 0.7534237818578431
1.4518570515001432 0.6795598972540099 4941.813194773474 -3.0336648166219718e-05 0.7301586116522695
1.4329298763970963 0.6785739664724308 4966.539134712851 -0.0001628949122372921 0.7196327460791361
1.388017973055105 0.6952795518621924 4975.289966539608 -0.0001304796610969825 0.725333078812116
1.4296567099117712 0.692662502632978 4994.2179615791065 -0.00018132133416055374 0.7960666663851437
1.4775315076161821 0.6973830167338347 4955.454150652139 -0.00015963873451575308 0.7993906843742258
1.4208299448808792 0.6751124365171668 4837.153478608098 -7.232763512860428e-05 0.733590240084006
1.4300970849942534 0.6860928024293333 4817.521582513048 -1.3023164335632376e-05 0.7648661855247434
1.3381692462426686 0.6744075554939468 4889.129910132345 -0.00012265412429731006 0.6602163489829828
1.3582961579234176 0.7095046181973138 4760.9747371845615 -0.00013943303737395466 0.8491802038946044
1.4047645097329562 0.6979346884528681 4777.870038267743 -5.0193437758958886e-06 0.798524495441772
1.4027186889096912 0.7017163950256102 4797.389838313275 -0.00017343022766277318 0.8218939786560477
1.4184681621610942 0.7143917221220539 4777.294484650054 -0.00015574172744637209 0.8970331770263947
1.4283208161247216 0.7088713986358608 4741.739789962972 -0.00017959087944403607 0.847669620933811
1.391317863992727 0.6998069292715339 4777.5189082742545 -0.00024939688100275185 0.8789708436639168
1.4101485914580154 0.7080676667081961 4677.095360070805 -9.751020047014895e-05 0.9099644987797896
1.3780300276302686 0.7068202146825435 4663.2127339400695 -6.218569406858349e-05 0.9378359145543524
1.374029008096072 0.7221090083986863 4737.599526700206 -0.00018457457030250976 0.9834385243009932
1.374029008096072 0.7221090083986863 4737.599526700206 -0.00018457457030250976 0.9834385243009932
1.3846967769645642 0.734430342200297 4698.730010822552 -5.469119963723354e-05 0.987006651519442
1.381452222378455 0.6746269062066177 4937.052178769421 -0.00011484595974650735 0.6428536388401731
1.451769809298716 0.6795697080190846 4869.414602345239 -0.00023252829752196948 0.7126570523357001
1.31420277290903 0.7196530272801541 4884.945386903031 -2.7449266216514048e-05 0.8672985571426386
1.2968382362112962 0.7305078966828706 4961.751165569894 -3.59948511110875e-05 0.860490454793817
1.3206439222960542 0.738128545772426 4939.430790479171 -3.34785762543816e-05 0.8362133498263593
1.30713563721411 0.711958330912366 4927.880413799655 -0.00017256910490568366 0.8754645124629576
1.3200305557847476 0.7226678798708336 4932.784648393637 -0.00014034228764212928 0.9272658639554763
1.298463174524477 0.7303070133314009 4961.845308362294 -0.00011584984686045137 0.8988022435431446
1.2707462703892118 0.7432895537357121 4937.332985166954 -7.444587822677965e-05 0.808920804716822
1.3304810954874484 0.7690408291208247 4921.781943188419 0.00016225677671844396 0.9868738672810095
1.2712520217220726 0.754367786317227 4915.8733345690225 5.368649308113249e-06 0.9793861783895668
1.2933154104590519 0.7769088036180838 4997.942147776706 0.00010985194000302586 0.8561092535126769
1.2888006826098977 0.766023628415918 4824.203779192739 0.00012597180027315173 0.9154780915135823
1.3000217373300922 0.771650508336503 4784.890436654475 5.546564926666473e-05 0.8351705531061515
1.3000217373300922 0.771650508336503 4784.890436654475 5.546564926666473e-05 0.8351705531061515
1.2976381486181243 0.7600997560703754 4805.367271073398 0.00011601176891897714 0.8028717655817073
1.305743683046545 0.7281004559989823 4954.506079943704 0.00021970470448412003 0.9964044907368808
1.3381849050245598 0.7414150564329808 4997.028762497967 0.00013153676367433188 0.934541881254001
1.3223986261302447 0.729641001728276 4918.980502520994 6.0415413612813755e-05 0.9814222791975697
1.3269961346626777 0.7431677412185365 4949.050384574692 6.477285631094289e-05 0.9615766374105386
1.288192439525048 0.707799546538469 4929.718486956837 0.0001548658373443259 0.9113684877757331
1.302491159667394 0.7335617219591344 4954.488390442569 0.0001815678903554916 0.9616901511785625
1.2947602796178104 0.7377952752331216 4920.151581349551 0.0001937426123063496 0.9486099919702379
1.3182044495379346 0.7134329228892171 4999.553525416154 0.00020327793214771562 0.9194894661637276
1.3245633014158467 0.7236565256557379 4927.791836148633 0.00019238590133256 0.9286605651255948
1.3251073151175108 0.7368128195348812 4975.5840483961865 0.0002066435316237574 0.8182818382116412
1.2405984545250937 0.7336782852530802 4918.877274080723 0.00010512886235583496 0.9412629449902394
1.3349666282101569 0.708591430213534 4902.309202545923 2.9157127434934372e-05 0.8672365594734659
1.3266470748090415 0.7024820265013259 4912.002694364455 0.00010439524811389832 0.8454264799988711
1.315520226619915 0.6960676506665957 4918.052725506414 6.642391617101917e-06 0.8722173703123008
1.3492226118709802 0.7205562581046043 4911.307770201221 4.260036722186798e-05 0.809456038900199
1.313632691813269 0.7444542922994706 4991.230737278087 0.00012877362010801411 0.995841610428511
1.2860353752995646 0.7197050634563682 4829.29771046531 0.00016647637558525122 0.8103538408474711
1.3505947777896765 0.7451133203360186 4978.481161425808 1.4060451028640449e-05 0.9675479726877431
1.3319154274458438 0.7586787392990892 4853.147113572638 0.00016718504506915452 0.7528063715757426
1.327398905020551 0.7383762424545203 4978.0213522710665 0.00012432213749640823 0.7713700814436766
1.3220383675188603 0.7372603773931102 4804.261236225646 2.9906790966360905e-05 0.8735617064028658
1.316556983320805 0.7378696929183713 4975.761816074634 3.679018591280998e-05 0.8138643493654804
1.2824137472365291 0.7090776093530402 4847.309259193107 8.325481460306656e-05 0.8036482172473607
1.3316881160447398 0.7518848427523354 4921.871783221004 3.4819942575217035e-05 0.8688184763053457
1.275336412804555 0.7411683990783048 4829.959551701012 6.27644887487843e-05 0.876747206077896
1.2635700623624349 0.7403117604110667 4968.047358792358 6.66143597897001e-05 0.7885007276617141
1.3390783630421508 0.7693834774268359 4840.535442524124 4.430001335798792e-05 0.8582893064394758
1.3477166499151578 0.771355488357235 4803.055229989259 8.652320287262352e-05 0.8318449374224886
1.3490977485309483 0.7762649515920488 4803.866225148227 3.9846646969560144e-05 0.8577966498292576
1.3262141951089352 0.7635454626666098 4794.158958118716 5.43674635975818e-05 0.8890847498489589
1.292467922960473 0.7610207728610743 4799.705821242206 6.111037576928337e-05 0.7644721913915147
1.304832917879315 0.745297355172975 4951.601400128278 0.00017213065554509506 0.7657303695478588
1.2987528148468797 0.75952787730767 4994.692913148599 1.3873490167469414e-06 0.9212528934912334
1.29114016038227 0.7649505836382069 4938.581509749386 0.00013219657991969238 0.8381633496711661
1.2963238700836632 0.7615660246938478 4991.269140512902 7.326279081864218e-05 0.9143563869831465
1.2769540835803719 0.7599333781800878 4920.595913057677 4.2081400193345164e-05 0.8951564221884161
1.3647680809669316 0.7821818429494258 4895.724921501538 5.6319902724686866e-05 0.9352228801559603
1.2824074828487233 0.7513798387038653 4882.356541349029 -0.0001402585301768402 0.8952270135730982
1.3328006583999013 0.76939280718684 4957.146566199861 -6.374771440436046e-05 0.9547384740989998
1.27019120275896 0.7433378932501284 4952.322686570303 -8.929897785667204e-05 0.9814206502511101
1.3247120112890034 0.7450215220172159 4984.5353185730555 -0.00013099214060412212 0.9660157781485441
1.2472379717581052 0.7376600825976726 4918.8529894303865 -8.22867215614994e-05 0.9555445133336569
1.2472379717581052 0.7376600825976726 4918.8529894303865 -8.22867215614994e-05 0.9555445133336569
1.2585746029238831 0.7648137551673598 4936.751805308586 -0.00016867229340363288 0.9682716522874169
1.2601943968973721 0.7785383879766276 4968.652727029456 -0.0001503195832693896 0.9934456656389656
1.2726305013484884 0.7837277144910632 4966.772427413687 -4.104117201003172e-05 0.9309280196992014
1.3009951620097338 0.7743029133523553 4832.474280894103 -0.00012760020184766977 0.9442045870027556
1.3431728284554834 0.7712506267950917 4853.685006474696 -0.00017097090249731811 0.9262287324298397
1.2278265967119888 0.7714596684376327 4868.0844218407665 -0.00020092856096819617 0.9337091578987513
1.325617435033672 0.7595603346170012 4872.768938470981 -0.00016888055559225536 0.952294326536963
1.2784612676965792 0.7313886893745126 4948.630672993979 -0.0002492845161442384 0.9472687907471002
1.30808373748033 0.7564439932205678 4805.450738972684 -8.554954033046324e-05 0.9691259285459725
1.30808373748033 0.7564439932205678 4805.450738972684 -8.554954033046324e-05 0.9691259285459725
1.3191946637036096 0.7563751402579691 4784.34732268261 -9.156348314650053e-05 0.8757744971383825
1.3462059150008316 0.7095859956961563 4915.903691964973 0.00020909936226285307 0.8503665913225702
1.3342066647107163 0.7248137287269751 4832.704637519961 0.000183772036055012 0.8681060675603194
1.3148685820585642 0.7239881618745694 4883.321669648743 -3.647296314551122e-05 0.9715187901495892
1.5023971904365094 0.7140874432809516 4643.75502189532 -2.988972972044868e-05 0.8829459371471582
1.44776095666206 0.6889363309010219 4741.067511424355 -7.924730316333368e-05 0.7553309942374513
1.5275464547659232 0.6861954427687663 4784.081335105576 -0.00013391348003060862 0.7440287306536215
1.5983892244064866 0.6952276979772406 4849.500811399935 -0.0002021461167037848 0.8059849240448604
1.5306381959844941 0.703947439392604 4709.8744987661585 1.1845164976741472e-05 0.8800482251565186
1.4746160207736736 0.7007703374451757 4741.145316601219 0.00013808379935987088 0.8612956877353076
1.3870186721226099 0.7119658901331014 4704.993471953084 0.00015675399228043136 0.9083704746127015
1.529641342900365 0.6952037718133907 4709.721380251297 9.208345024940493e-05 0.7829166131097648
1.427171760829831 0.6936784766501254 4629.496476166548 0.0002147059082883003 0.8362537906127039
1.414980514336938 0.6847871850791151 4737.8774458428 1.8036690794642806e-05 0.7867462117392329
1.4458598637463358 0.6864637643542446 4941.3800198241415 0.0002019965189106552 0.7853659412078133
1.4002568238857318 0.6937721509166768 4731.496670119387 2.2883930351926535e-05 0.7418595669503782
1.3525270478816562 0.6939080187001156 4752.310107302461 8.981631375043459e-05 0.7424768182094598
1.414105375765705 0.6851105889218064 4817.130565046344 0.00016519532817861843 0.7644400271034539
1.33382533759031 0.6854799556025769 4903.402054704959 0.00022292844576600866 0.7170182764716615
1.3607313150765261 0.690004249720892 4981.885523029911 0.0001581189913630128 0.7618363601320854
1.4230427081491075 0.6989743042318991 4869.952744766688 0.0001229556668765491 0.7323718454350219
1.3475014266729706 0.687636466977038 4925.802045676846 0.00011527601535961881 0.7481815908396163
1.4296136676824482 0.678921065399744 4902.401906135939 0.000137063426920373 0.6932733282750978
1.3895352696856724 0.7177254682360588 4509.0503313370555 -1.6834090942980206e-05 0.9278180006938674
1.4452265586771358 0.7272792934029084 4643.359757686557 -0.00015800505674437194 0.7941135707115176
1.4470862260616486 0.7274478079893028 4526.984749297291 -6.303584180282865e-05 0.9409512134595654
1.4342259104310915 0.699937526418078 4536.9884175601555 -2.3186444775934065e-05 0.7309047441713127
1.253511103362956 0.671524996883339 4918.002181511657 -8.087660676066661e-07 0.5525984956902655
1.2488084809986275 0.723085028566196 4948.420864760621 9.414932703530915e-06 0.5671867623496584
1.319592306147627 0.6829503302230753 4837.07201928178 -0.00021113453619583185 0.6392459800276313
1.3205730172463328 0.7277258573609671 4891.402302705453 -4.653971814251625e-05 0.6777063289754075
1.3213141215835567 0.7245693636614078 4949.132278319362 -8.270947666509617e-05 0.7057373186109837
1.307477633020262 0.6902578364031327 4929.607369157183 -7.895482449372276e-06 0.7566285493849148
1.249997128084058 0.7289478952727044 4874.036912567492 -0.00023165874302795455 0.5448084198722463
1.2127781828435393 0.7367439452714074 4883.145463065203 -0.00024441159097143194 0.5781068478488204
1.2687654704782392 0.7101604456526337 4782.5002103506185 -0.00022291820674366321 0.5150303531247129
1.326080115923352 0.7236616270759183 4901.596960207073 -0.0002998260501575092 0.6884358847524163
1.348556405041323 0.7347461408329987 4853.348685910956 -0.0002896688561212039 0.7220588895915763
1.292311897557851 0.6767994465642518 4904.262265305851 -0.00026386275828004484 0.6663525190020503
1.3192464988553865 0.7585879941975271 4821.735994254702 -0.00019066663108164626 0.6823924029071129
1.2828826129743847 0.7351785257929321 4910.988935840059 -0.00018584533983595687 0.6276353124883998
1.314940359874321 0.7529929943146826 4955.860197780904 -0.00013429439131607378 0.6320941761632298
1.2839926214562356 0.7095828352681766 4910.494661386483 -0.0002465753068454646 0.6016132037739592
1.2433107144827793 0.7274973239293503 4817.174718513095 -0.0001805142629954911 0.5866753661192281
1.317658703483759 0.7454021344822781 4822.05925139695 -0.00017312606094954186 0.7224627583545746
1.283292228850356 0.7413137334081088 4887.564138441296 -0.00021030933354342318 0.7267061467147048
1.2973879794472891 0.7192093041559264 4947.186496792907 -0.00016021436788061122 0.65196566446559
1.2918155220273928 0.7072937954209604 4915.905218840013 -0.00029179962700440394 0.7009027159572256
1.2791726190733756 0.7102404734591161 4948.786388763567 -0.00025054039230225903 0.7168644002782132
1.2791726190733756 0.7102404734591161 4948.786388763567 -0.00025054039230225903 0.7168644002782132
1.2860505782246823 0.7559832520848175 4799.125618809998 -0.00019053393458364404 0.6609679902559944
1.247881168792268 0.7184945654914432 4952.74091787306 -0.00010854331055031258 0.6408705267224415
1.278477615898673 0.7441597441151628 4887.087764242333 -0.00012715665758412107 0.6327406653395623
1.2611874288903495 0.7213350261137842 4883.657567204742 -7.627288333776676e-05 0.8020420551168295
1.2874122365998755 0.6988138812856624 4787.782985193262 -0.00015527611948846793 0.779281016544205
1.270176758360635 0.7502222723387344 4962.153126667789 -7.177681807068477e-05 0.7371021871959083
1.274267214387328 0.7257862940444263 4968.967595024649 -8.037086155640485e-05 0.7663794800004946
1.3037829263136027 0.7242783838390032 4991.773086970194 -0.00022955646367473875 0.7471906521026622
1.2677605934840912 0.7241796107749991 4687.513507696723 -4.0612461407608935e-05 0.7293769746219567
1.225098407655462 0.7349889095636202 4764.691486925698 -9.533388824697202e-05 0.7591949448696131
1.2204281654313038 0.727622230065279 4752.612775130006 -0.00017224708616524442 0.7872870024559202
1.2514160248496142 0.7470170838382144 4829.390850017261 4.920375909686412e-05 0.7193262963838665
1.2525822384180563 0.7484193130623221 4882.923953630964 3.604530409752015e-05 0.6098269365963358
1.2525822384180563 0.7484193130623221 4882.923953630964 3.604530409752015e-05 0.6098269365963358
1.270489990222376 0.7283827882004797 4736.371418478186 5.4978814255139966e-05 0.6992750907283722
1.3173706422927518 0.7450582780370273 4865.555833325909 -0.0002159138280674212 0.6261067353923464
1.2529019656366724 0.7079862506744313 4882.639094229096 -0.0003397592115674439 0.5492004637061747
1.2603394761473177 0.7283117420203801 4913.971128008763 -0.0004874903174770273 0.6079686342519375
1.2727353145715057 0.7477498753399991 4887.529176041222 -0.0004258156480617559 0.6027507697504046
1.2836090392605652 0.7313085047403847 4852.27327238992 -0.00056969079975805 0.5661339159852642
1.213678268383211 0.7319997447567919 4868.925101037053 -0.0003989230330548078 0.5642758971687103
1.2948394901905544 0.7540544303847081 4982.5687662013 -0.0004550316976616365 0.5358667761991891
1.218818973294301 0.719725603931253 4787.306190308874 -0.0005948958220253887 0.5904750253701445
1.258178135148461 0.7104008034014829 4961.686226360873 -0.0007180754556750983 0.5802810672899571
1.272963094703996 0.7051429357512091 4903.605938277502 -0.00032932885566813475 0.6392054672788453
1.2530742299933593 0.6957647658435491 4925.009999949961 -0.000597402254580052 0.5341671070450853
1.2288423852216572 0.7487504913285418 4874.181467409795 -0.00037700191757958866 0.5213261130633143
1.2225786951948778 0.7551827835523092 4874.542702674278 -0.0007354199512993947 0.5045265508463175
1.2167843506985094 0.7835634877044781 4892.440518817951 -0.00029977226312647657 0.5376159293473709
1.2666145543994785 0.7173255973658809 4992.032005601138 -0.0004545566373907834 0.5273813963039051
1.330424878239914 0.6650188564819977 4920.8127380916885 -0.00043209244607444276 0.5997276807468177
1.2900623039384476 0.6634750089240238 4882.431637819154 -0.0004486529847148961 0.5475982806435284
1.3088176671830571 0.6796015103162015 4920.438234528203 -0.00047164193955006044 0.6144902638541692
1.2725950722191728 0.6780066984889453 4948.4585897125235 -0.0004272411115345511 0.6123810410543736
1.30524399905805 0.6703060142935628 4868.320209571221 -0.00042975118828604764 0.6514242512760734
1.306847343137349 0.7077544209129961 4988.535419799013 -0.0007588967679829051 0.6756957948614384
1.321241282978491 0.6832931532557665 4882.21568472271 -0.0007090029359894405 0.7040982104817401
1.357139638626423 0.6616137554597468 4936.619376309366 -0.0007965297967578009 0.6516164750395419
1.3301670707982716 0.678700114108807 4936.082506289973 -0.000991308937595165 0.6601581599941381
1.3399781271444806 0.6766746151737468 4932.678431353259 -0.0006569551289954066 0.6559661215576055
1.339604816270763 0.6915612844868417 4974.8280446766075 -0.000653809216661687 0.6915762221524683
1.3096519218832756 0.7484878139402853 4683.709728380867 -0.0006636740501186825 0.7416691539733531
1.351805252119238 0.7534226412844401 4636.5573208083215 -0.0003452211029442102 0.6674831819120366
1.3955431513699703 0.6691726661108677 4663.725926339581 -0.0005856985053298607 0.6107275706725294
1.3438424666986417 0.6857965830235053 4498.431070001976 -0.0003127266290076269 0.7260949011040838
1.3026020044855275 0.6996293202665451 4519.438221657687 -0.0004509630154197701 0.7487432938664668
1.3222144595825078 0.7009814319119887 4574.905436660095 -0.000536653658098053 0.7492256038422143
1.397201390772631 0.6722180094250249 4676.576104874891 -0.0002968036574950729 0.6720152253948783
1.3486680001454996 0.7229958641408589 4306.947838564051 -7.907306844353222e-05 0.6106551439352841
1.2678122245066268 0.768986483577051 4449.4228587065845 -0.00041354843890144494 0.5940079214113526
1.3202408736344458 0.7153313259689987 4549.344697787549 -0.00019745431060379617 0.6552486555122795
1.3186260374857672 0.6571338807420747 4456.255608496885 -0.0003814364569215125 0.62401070239309
1.4228805997121743 0.7270414587538475 4300.919017631843 -0.0004468917784625827 0.7453203142488826
1.2535247802734375 0.7286566942930222 4453.038807570934 -0.0007150708827414556 0.5944091081619263
1.2271840710277215 0.791049962954272 4459.797473422448 -6.272324265287254e-05 0.5097473335046054
1.2904054665762354 0.7488521635556163 4704.681914567588 -0.00045390123764355836 0.7168149895144489
1.3044520913703233 0.7339627693192246 4683.785507588489 -0.00027954898277518704 0.6665147969641946
1.2719266003402283 0.7054821364696386 4663.76200129862 -0.00023122256912450114 0.5776309752808699
1.2902762651443482 0.7695305123925209 4668.162204086781 -0.00034350559253263263 0.5824986696243286
1.3029511830788376 0.737139615850476 4668.34456073136 -0.00027367462205138014 0.5767232073840673
1.2665089258010331 0.759395453107655 4731.866752322974 -0.00019308369600505807 0.6395677904184217
1.3022971060445174 0.7233760824226446 4683.84403840302 -7.426137787501154e-05 0.575627558079418
1.3002899868452849 0.7489826298562512 4671.301267465988 -8.864726354566155e-05 0.6061264603898447
1.2954186101692615 0.7684881245149556 4677.454957379149 -0.00010768549589406924 0.6376340735648699
1.3052913801657637 0.7563607403632948 4739.840639785584 -0.00010821099245931752 0.684258459769379
1.3025585973484541 0.7981132894182332 4803.4974147191515 -0.00034296106690465166 0.6103172492702773
1.275878565579675 0.7582717512071936 4824.649788573198 -0.00038419261941758715 0.7600584499746073
1.2382145605412487 0.8084573372185462 4797.016087592429 -0.0003835644108567395 0.783700723537549
1.2537547904301078 0.7768573960452438 4811.46349253853 -0.00033274572028972794 0.677550882922714
1.2946739467195492 0.8078995724644292 4877.600914987869 -0.0003439328356961891 0.673696488178095
1.283715007326814 0.8040492156671749 4784.686501164572 -0.0003181234282052963 0.7822090538089395
1.2757569753876101 0.7919308623471597 4727.619747758438 -0.0002760759487991739 0.7737346204127931
1.2855653740790136 0.7962649427197275 4836.417834378396 -0.0004829253864697563 0.8197967234081458
1.2728436343623577 0.6957967374751922 4519.3345769324915 -5.8215602083017703e-05 0.6543862295557731
1.3430067573346296 0.6833410250932306 4764.766422746799 -4.978380521150363e-05 0.7433037786641858
1.3642159793633515 0.6836884837382533 4731.781753710383 -0.00016469127241149864 0.6637779303936503
1.2745987287103133 0.8827734822214997 4955.0142101171705 -0.00021643022965058423 0.9434547437990637
1.2817749250268045 0.8837337447560341 4840.473007664932 -0.00032607188339891504 0.9834146478714768
1.2320314226903182 0.8705900072936528 4731.664572545762 -0.000275724351903084 0.9939478895056727
1.2196782989101072 0.8467576351487526 4817.29604840942 -0.0003483267221506359 0.9677289644803285
1.3130159361596914 0.8550920327761556 4802.221855598063 -0.00026493471273220245 0.9040419844462697
1.2604581888392477 0.8301566968371408 4984.883857316964 -6.689646376185218e-05 0.956186208791691
1.2604581888392477 0.8301566968371408 4984.883857316964 -6.689646376185218e-05 0.956186208791691
1.2539766455414894 0.8280349358788219 4941.592959331877 -9.015566443274673e-05 0.9820466185486723
1.2037941171480284 0.8185985609542528 4868.451490534549 -5.150304027782453e-05 0.9441129339001529
1.1741372829870413 0.8160447882565633 4904.107845355488 -5.5768848640410676e-05 0.9130761751708996
1.2310977003122647 0.8106498369847869 4876.759733482671 -0.0002100587509859524 0.9067069203276279
1.2213068620703433 0.8053449754301281 4829.21600968763 -0.00016954126220063243 0.857030567534304
1.212433905420446 0.8108686728621554 4795.09357068423 -7.859291360972266e-05 0.9957921577166351
1.2137875251026513 0.8154226023879889 4681.448235923302 -0.00012712390140104277 0.8701697593525902
1.2599584561357418 0.8018872038973098 4777.51912424499 -6.957385584318055e-05 0.8735939101436863
1.2496624454095555 0.8124575300908398 4731.057028797355 -4.682926534381155e-05 0.8379654703913799
1.3046989648387948 0.815888260635439 4899.892992001799 -0.00023910097937894395 0.886648146526579
1.3046989648387948 0.815888260635439 4899.892992001799 -0.00023910097937894395 0.886648146526579
1.3383422253721171 0.7963644523059583 4803.945548868143 -0.0002720561188105522 0.9589247688476499
1.3383422253721171 0.7963644523059583 4803.945548868143 -0.0002720561188105522 0.9589247688476499
1.3384567736126574 0.8143852469111353 4849.815896659886 -0.00019176914058453333 0.9694249236779677
1.3384567736126574 0.8143852469111353 4849.815896659886 -0.00019176914058453333 0.9694249236779677
1.2842414380025498 0.8176340702172097 4784.916251218207 -0.00022842494684939882 0.9833508499150252
1.2842414380025498 0.8176340702172097 4784.916251218207 -0.00022842494684939882 0.9833508499150252
1.285210099563797 0.8022920505024542 4852.823484876605 -0.00023913067288668493 0.9783273160651289
1.2663511203754476 0.7984517074803862 4827.922178010644 -0.0001910194601695083 0.9886006907560052
1.3065716196122226 0.8202124026105156 4899.669081019449 -0.0002456761549833972 0.9486161382823295
1.3065716196122226 0.8202124026105156 4899.669081019449 -0.0002456761549833972 0.9486161382823295
1.3147057755652698 0.7682009483359291 4549.935895669634 -5.156452801556626e-05 0.9807653754917643
1.2161944585641353 0.817024405107053 4629.231501140702 -0.00035482176664276594 0.8892755529063869
1.2888795084790128 0.7941406672545324 4727.487908636888 -0.00031494719106582884 0.9602010008167805
1.2894009893597596 0.8034478482007162 4739.165759979873 -0.0003966734373243124 0.9504765454300457
1.2894009893597596 0.8034478482007162 4739.165759979873 -0.0003966734373243124 0.9504765454300457
1.2748200765150517 0.7804776955964666 4730.500684502748 -0.00044600097781829736 0.9908339869236183
1.2946239200256562 0.7533154730095948 4663.265034283519 -0.0005099424207496624 0.9330419469880092
1.3109212496936018 0.7894528239524591 4725.6614891703075 -0.00024612611934358357 0.9952067795297168
1.312812880522761 0.7466156720351871 4663.632098988097 -0.00018383078404930555 0.962970872981944
1.2950955444598629 0.7569827343317157 4162.576695608729 -0.0006222266385482297 0.865904027402795
1.324871815009107 0.763874551662537 4794.695130235655 -0.0006365446803310501 0.9523333605048792
1.324871815009107 0.763874551662537 4794.695130235655 -0.0006365446803310501 0.9523333605048792
1.379471552247527 0.7509333563627697 4814.718320754513 -0.0008785306514915496 0.9913042731462757
1.324376816749171 0.7340374741386544 4782.071493094706 -0.0007493158925559532 0.9523344640569457
1.3107343933973086 0.7301888542802133 4837.148338629989 -0.00031922934078956657 0.9540766913899372
1.2484325341466838 0.7484734459945159 4787.689048238398 -0.0003698397337834749 0.9606757142992215
1.260712494994588 0.809434672526103 4827.296976424525 -0.0004799392103445633 0.9247586622961563
1.2676126259740275 0.820321943260511 4810.545209074157 -0.00037791056513864705 0.9776698763202167
1.3213875769341348 0.7801074348142927 4865.361698867054 -0.0003206282333286773 0.8632371190121231
1.2184559974019673 0.8889519175971774 4991.143166030466 -0.00067771213470359 0.8446113585802583
1.2259856947687213 0.8559547894331605 4994.780832877459 -0.00041502713587565155 0.8520624149641363
1.2259856947687213 0.8559547894331605 4994.780832877459 -0.00041502713587565155 0.8520624149641363
1.218071685474635 0.824685509882582 4903.3325382007515 -0.0006700294739605922 0.8828526598911907
1.2758932132220377 0.8574064311684619 4869.658876893734 -0.0005456366896062345 0.8319173920962825
1.2235653057980238 0.8394954028207076 4811.646568334805 -0.0004513380626904356 0.8122779910727862
1.21236053013551 0.8352532935316836 4903.63464688064 -0.0005699156633080576 0.8223760606746742
1.1846744788758754 0.7797026113196771 4904.671756996501 -0.00018423140115055443 0.8385912381905495
1.265593191370278 0.7873351710202631 4887.037473387635 -5.536530483741835e-05 0.8004967839840142
1.2092572303223583 0.7497171569706357 4809.05565624433 -2.754084119670435e-05 0.7708563018442822
1.2670165945547431 0.773266817800654 4887.845881230795 -6.706859537586946e-05 0.772740524201903
1.2619530379466075 0.7609287637385035 4903.917750502486 -0.00026734710360639514 0.8517645169816426
1.2619530379466075 0.7609287637385035 4903.917750502486 -0.00026734710360639514 0.8517645169816426
1.2951632827064663 0.7700618454301045 4922.84878549999 -0.00023749407813345702 0.8111924611789367
1.3119867206546938 0.7848471584875941 4985.330884550764 -0.00021362762416778325 0.8665447882791021
1.2322278197871621 0.7910961431328108 4948.9265935245285 -7.414685000129573e-05 0.7861719220706964
1.2660532794299764 0.8047562115344147 4832.142071459277 -0.0001407328233766444 0.7655991643415068
1.2106066431714235 0.8778289969393759 4931.458191574805 -0.00032291216868399794 0.7785308593914597
1.2106383423909728 0.9122207840304698 4984.706099886403 -0.0004792905475920227 0.686293375758886
1.2594597162454781 0.938207298856274 4853.032024399226 -0.0003153412217815197 0.8724999349787197
1.243408168673598 0.9206646618322468 4957.103360007742 -0.00013047221485188462 0.8511197364395662
1.1982476589515696 0.8517260404345606 4817.139867818766 -0.0005233489823058479 0.7440643637545541
1.1868529927035818 0.8445612125088116 4932.711192195839 -0.0005851980957640379 0.6672025119691347
1.1789346379142536 0.8573648264139533 4829.35859352572 -0.0005486212339042439 0.6824469150485536
1.215416878560184 0.8946382839575052 4975.876604685095 -0.00023089097634844215 0.6877548567891587
1.2836631089548047 0.9053123714611104 4536.562839152188 -0.0003047803302118964 0.7210237198960683
1.2479792842866697 0.852470407855883 4805.75213868479 -0.0006694308495041559 0.872649096741551
1.2534765803621886 0.8489980304462258 4683.589369203088 -0.0005273170166240776 0.8240833428715466
1.2746011036406029 0.8291045417345368 4794.893780537521 -0.00042557422811071794 0.7258366349616745
1.2434166212341773 0.814810505899162 4991.8189727501685 -0.000490528517953825 0.7347912917382403
1.237114623849591 0.7860588131829579 4954.012967962585 -0.0005313063747499166 0.7739173738900603
1.2238362160340481 0.7883650426396835 4927.751512078867 -0.0006854006939695365 0.7808583660009126
1.2019891295922434 0.7796139864382196 4918.403805549233 -0.0005045194556067895 0.798657471550613
1.2852063837468763 0.7994259015343624 4957.064635446362 -0.0002992276339867529 0.7571655872321545
1.2388312327029811 0.774419576647119 4961.403123921042 -0.00024341053297897256 0.7238530653855165
1.2306995399452454 0.7677985859772432 4999.382583888196 -0.0004494309262929467 0.6812435606926494
1.2389100904856192 0.766092663976105 4948.534277826052 -0.0002854749325186773 0.6818167534530363
1.2354686481688055 0.7624200186635415 4981.871299415275 -0.0004520865372932878 0.8188420972901362
1.2763248717475297 0.8093210084317224 4978.507960463773 -0.00039602918447318017 0.7156598845740239
1.263798868553025 0.7498137750220909 4961.894896496191 -0.0003707795735734721 0.7740514741210343
1.2492388422111078 0.7887697396621349 4989.040095649628 -0.0004877281918275343 0.8080044593773015
1.27628058543347 0.7703579011239888 4988.896476244977 -0.0003544534149211346 0.7572542965638529
1.327192168781799 0.7932275986785952 4926.363895080951 -0.000382069164155789 0.8146260144498438
1.2259783870257135 0.768968625998489 4952.095954919504 -0.00023774213978168218 0.7915216932759583
1.2497424730625486 0.7678712261313078 4691.241966595863 -0.0006363682957154163 0.6381840966819191
1.2671940655747163 0.7790117855079115 4804.930261289131 -0.00047900330209415235 0.6497656457530541
1.2772850654099792 0.7837814805129736 4739.548247522691 -0.0004063738789950562 0.6604935573919148
1.2648007171818825 0.7783815737634566 4732.837153599231 -0.0007654428071874063 0.6887262329820258
1.2043735884628153 0.763037987244239 4847.648522703762 -0.0004550516873011826 0.6576669134660459
1.2435987889104645 0.8456820308262207 4872.790138055123 -0.00020705722320121827 0.6467626553318215
1.2435987889104645 0.8456820308262207 4872.790138055123 -0.00020705722320121827 0.6467626553318215
1.2875268835613096 0.7870270031991777 4815.051590174098 -0.00014010054272250283 0.6306705107028734
1.2875268835613096 0.7870270031991777 4815.051590174098 -0.00014010054272250283 0.6306705107028734
1.274114566652956 0.8433662692553194 4865.1596674955745 -0.00010438411693989769 0.7235938652498708
1.2210215323603664 0.8275106638117307 4889.836488698909 -0.0003284977430365199 0.6432402170529385
1.2288658780298132 0.7964359793142439 4728.076431058541 -0.00015004341361008055 0.6818588197597322
1.3032180936656825 0.7861674684765709 4821.996736316334 -0.00016282463945365704 0.6896485708573605
1.2462600462979052 0.8228216715580068 4784.190650367543 -0.00031274311475683076 0.5369548664413979
1.2574569845371064 0.8580225257458007 4831.584371732463 -0.0003318086349102311 0.5547668331576422
1.204605108260249 0.8329919630038066 4859.985679932545 -0.0003426392118327971 0.5668297582808275
1.2069220111870258 0.8397118890318848 4811.92275240426 -0.00030102970870239724 0.5903826162369734
1.2069220111870258 0.8397118890318848 4811.92275240426 -0.00030102970870239724 0.5903826162369734
1.1904817465327817 0.8425899551633861 4882.107814276704 -0.00015348983681398644 0.5587330448070578
1.2366815455362192 0.8269949553365075 4741.920114040648 -0.00019212163347828145 0.5121154419195916
1.1704287337400443 0.8731933776333555 4882.644314158844 -7.554078168255462e-05 0.5243005733256754
1.2104477218385399 0.8643386518662877 4737.938264382435 -0.00013828336021252819 0.5870896476162305
1.2335875222378119 0.8718751637598257 4853.041085461788 -5.7023278073898725e-05 0.5461303704767447
1.1919253952950286 0.8357800951744027 4771.3234027489225 -5.45645639886414e-05 0.6061088662130463
1.2621420513555 0.8418410791679274 4815.669453748007 -0.0001507536909308452 0.5910046058974804
1.2538419744070564 0.8246926811367604 4872.379601313797 -5.9507185666993605e-05 0.57840184472912
1.2109194295197243 0.8442767935733547 4790.103711094769 -0.00017927909811008547 0.6438648967497154
1.2480812158047385 0.8559617056391265 4821.726505181835 -8.357648575696773e-05 0.5595591985270874
1.2212465074679617 0.8887799265671296 4901.271804275189 -0.00013341771560785584 0.5289072642692916
1.1968658745858556 0.8544167409955137 4810.868927178004 -0.00026842190105365494 0.4949195451607704
1.2634173903241561 0.7970247309417937 4805.366060339704 -3.4461448813952265e-05 0.6911028924695322
1.2297984202773633 0.8176030781753518 4777.1402402631475 -0.0003475338406082 0.6375178776665847
1.2557897222199172 0.7660062470809975 4994.834501090918 -4.3280351413885e-05 0.7038399564352952
1.218904373956604 0.8162344500636342 4961.864616624802 -0.00015741017167183644 0.7669424525351258
1.218904373956604 0.8162344500636342 4961.864616624802 -0.00015741017167183644 0.7669424525351258
1.2108736245180167 0.806917582481003 4948.682493463666 -3.34894031193568e-05 0.7618986184692332
1.2339903260000376 0.8136307399727845 4992.247442939539 -0.00013521094544041912 0.7287898518813878
1.2860338470041088 0.8164064545675297 4955.796541307068 -0.00014390317879758716 0.6978219679994148
1.2233864937308696 0.8272254877365987 4994.822242411422 -0.00010900225784109834 0.6692165248204804
1.2233864937308696 0.8272254877365987 4994.822242411422 -0.00010900225784109834 0.6692165248204804
1.1902558651576403 0.8278922288880053 4995.595983545487 -0.00027680118058516793 0.6384985084479067
1.229017109970283 0.7955813295304857 4882.408750670099 -0.00023263121468681272 0.7408953089069111
1.19560109922064 0.8001356880501188 4886.830275184338 -0.0002467741151508414 0.7200966161028877
1.2140900569281685 0.8231427679557052 4902.44821649665 -4.7297248359429456e-05 0.9287853545568634
1.2411399647349286 0.8140629775676815 4887.204060546801 4.744957066832557e-05 0.7314342412407835
1.3085385931278235 0.7985422881976332 4978.275566622365 0.00012524514265897191 0.9773631282206956
1.2379501607823071 0.7706799472692409 4981.555961352019 -6.968534986179196e-06 0.8937097031952689
1.2806160002606823 0.7732681143991764 4959.929503310383 0.0001395105700393956 0.9113229032463769
1.24717342529529 0.8019556103567476 4989.531390278098 7.033971829443476e-05 0.9358162097434852
1.2994111810252749 0.7908850395917071 4985.58433573853 0.00010064987531910113 0.8135095714111567
1.239173438757633 0.7734392195883683 4937.653712902321 4.736653048101511e-05 0.8077926337460781
1.239173438757633 0.7734392195883683 4937.653712902321 4.736653048101511e-05 0.8077926337460781
1.2412531409345866 0.7897236676395657 4896.246010847103 8.403996017699314e-05 0.8173594844135467
1.235140035205328 0.803758484566863 4913.265665636015 -1.1158677743082924e-05 0.7543372141743502
1.2889053090706246 0.8065517873994149 4982.644479464458 -1.234197036235552e-05 0.7716206346156607
1.262221433830897 0.800169595657946 4938.68304054752 9.578915780028955e-06 0.8084693688766793
1.1823082241318044 0.8214534221612483 4918.760566019271 3.2066134703452996e-05 0.8323522457220699
1.1823082241318044 0.8214534221612483 4918.760566019271 3.2066134703452996e-05 0.8323522457220699
1.2388021391430872 0.8420457885202717 4941.857569558423 2.544219660612853e-05 0.8872371878945202
1.258409918230476 0.7883769217783824 4859.0581811231705 6.684120496251272e-05 0.8692104684219264
1.2364808391645685 0.7638719573243736 4868.842420482488 0.0001979608628912051 0.9030858959412214
1.2258559269049238 0.7989778377063125 4968.861533352901 0.00010505616071322266 0.8176281818392082
1.1836526558637661 0.8123703807555351 4918.562961595251 5.1187494766104385e-05 0.8977060320542773
1.2736996697333223 0.7654975646984045 4988.433191167481 5.562800754096231e-05 0.786545684218882
1.3180006865910296 0.8624378742346762 4536.446647389337 5.128868697875547e-05 0.9785459060970286
1.3177323035584099 0.8035163488262227 4853.315897975729 2.386848283547794e-05 0.9028663334644915
1.2714509484946879 0.8047610593865611 4810.658220632238 0.00018699830437404297 0.8600375309869713
1.2873619977032797 0.7961436509875017 4784.61626278983 0.00010768623026145861 0.8863667492717487
1.2422836780548097 0.7714068591594696 4801.994836270809 0.00011155762357349701 0.9433221817016602
1.2747780686825436 0.7831296362467758 4811.819891281331 4.808425022656842e-05 0.9458251016645907
1.2419135441998679 0.8072884357303068 4645.55730617968 -2.0079536743371837e-05 0.9894566284874622
1.268724142077129 0.7652854290518829 4645.032469103615 -3.347594263063445e-06 0.949165139289431
1.2846008678252017 0.7841828191749448 4454.114251742647 0.00079606619087396 0.6967753276101802
1.236648307664057 0.7673612580727569 4573.124346071924 0.00010608618371035417 0.7704111758113242
1.1961195194584977 0.8381784092123492 4629.4534264779395 0.0003504831777557401 0.7343544717141173
1.2589321738455588 0.7904856321147246 4449.716458911418 0.0006957699050368537 0.6135545799224956
1.2537578337505542 0.8023246851053008 4524.663628871012 0.00026590415678548013 0.5385882114178436
1.3144458277171487 0.8633640975421861 4526.506276471165 0.0004611803441760195 0.742028865479728
1.241844166258767 0.8474703889934825 4676.532432141733 0.0003599027393153983 0.8450474447014189
1.3090878621396183 0.8612075245673048 4674.795518996051 0.00035890369876498613 0.7638613928218847
1.1959204378344113 0.8407035441862805 4687.928892762135 0.00038534959533548474 0.7949306385536601
1.3021167411982875 0.8618265193606875 4709.376131262785 0.00026980358535563304 0.7863432260103165
1.3021167411982875 0.8618265193606875 4709.376131262785 0.00026980358535563304 0.7863432260103165
1.2994737289431417 0.8261089667030557 4592.080760576396 0.00017946303743302813 0.8018795793504303
1.3220683276368703 0.829374291814995 4674.619212544176 0.00019398146738147364 0.7335941552826725
1.3295502366500842 0.8193606668230171 4636.622880081042 0.00022452949110385816 0.7434281340193132
1.3295502366500842 0.8193606668230171 4636.622880081042 0.00022452949110385816 0.7434281340193132
1.3175318767431232 0.8334358152103974 4536.977201382373 0.00026091116640851686 0.8001517930500632
1.3175318767431232 0.8334358152103974 4536.977201382373 0.00026091116640851686 0.8001517930500632
1.3152275116846495 0.8847350256599273 4249.7498143461635 0.00042291007056930206 0.9482848758667856
1.3248335200308547 0.8176992767412616 4344.413392727606 0.00017225115277731256 0.6255824285508782
1.3248335200308547 0.8176992767412616 4344.413392727606 0.00017225115277731256 0.6255824285508782
1.2913082977952082 0.8374022787647646 4379.403162765262 0.00025755755720122017 0.5431936029175152
1.2721024022054237 0.8685274734862265 4306.897080575377 0.00014728046293263622 0.634289669695309
1.2653689855432693 0.9336802109725941 4344.0438334451765 0.00012146400584646432 0.6037862540715715
1.3165876373951253 0.9018476083403955 4300.940079881282 0.0002509041792271246 0.6806682287728705
1.2816353240705372 0.9074966847504103 4344.941027890206 0.0002217667471562431 0.5732306658154589
1.2824108197535198 0.9667799744707977 4300.331491240954 0.0002528566115499094 0.5677788248294809
1.3032011374035397 0.8179596578235935 4815.445186018627 0.0006032443605230101 0.9769822560543019
1.2175913811431456 0.7908195321462627 4868.1311323592745 0.0005650328481927324 0.981493337165538
1.259198557033066 0.7725955187234074 4792.154615463534 0.0005613693827157519 0.9841471114741478
1.2829219832305334 0.7689573959575086 4642.062614125346 0.0004780145096183336 0.8507360753404138
1.3052099023273493 0.7923951713235197 4725.975330942888 0.0004097338529742032 0.9310317028211287
1.245416072159526 0.7752721818215912 4681.263260682571 0.0003217287100524745 0.937789121505646
1.3179625045630883 0.8098403222050947 4899.428447111438 0.00030079822836125516 0.9926284998726093
1.3227284361034761 0.7971051709830637 4869.918674378461 0.00028977408734363766 0.914400573542812
1.3227284361034761 0.7971051709830637 4869.918674378461 0.00028977408734363766 0.914400573542812
1.234228385269157 0.7867776350786564 4829.152261386564 0.00020474479383874135 0.9798236878577563
1.249395696685239 0.7838881648611274 4817.460491731539 0.00022776936411439028 0.9113609515785818
1.2000057407143316 0.7667927610812131 4904.952751412411 0.00039079637734959835 0.9065052778407094
1.3130743943978365 0.7785719217946712 4794.014367109181 0.00027281490977411305 0.9564849630052235
1.2823918513149803 0.7733864963872225 4731.305127458918 0.00013733047702466227 0.9559609325327532
1.257445123386693 0.7772474489564414 4672.093426023855 0.00024262939088666671 0.9353000713009776
1.2635078298454188 0.7754422584657074 4736.922095095336 0.00021367677702063587 0.9232436219069647
1.2514750082687707 0.8350896043401426 4737.174447666603 0.00021319315671996432 0.8717637932573374
1.2390483578907119 0.8130539690789768 4920.03123898685 0.00034961184010006606 0.8913172966119975
1.2251062559600912 0.8066253983844188 4903.075069510481 0.00041640076622873843 0.8730505893195567
1.2547258255510523 0.7780375870190958 4884.272755626159 0.0005102824365384489 0.8287253328200872
1.2549176022521644 0.7779076939790083 4811.253985544255 0.0006702805536813086 0.7453596216090712
1.2643578150649881 0.8278461479757365 4794.795623760306 0.0003511632130986194 0.7460847582187234
1.2099583665990579 0.7639660438949506 4883.674304384988 0.0005310480143065824 0.67333518522799
1.2254866431041695 0.758673763211785 4687.521812040644 0.0004508893236116139 0.6983320245963092
1.2576271843278477 0.7871970202565363 4777.7495429751 0.0003561870305594359 0.8018225265790142
1.301903623921611 0.80890464934294 4590.677824723239 3.445946835341025e-05 0.6716180832744773
1.2415387319964208 0.8258855651711634 4777.8887017225425 0.0001412751812643707 0.7704074838173383
1.2605181079944767 0.7728927754486276 4730.148514360861 8.342389595565475e-05 0.7407251662487797
1.2532757372647172 0.7810539071043096 4793.855086914429 0.00014221907673805307 0.7920742782542538
1.2945285223421796 0.7833706514046898 4677.340330726093 0.0001259824172208626 0.7466497844806759
1.2855776666988157 0.8085075117776525 4725.416679898682 0.00014607846152392257 0.7827226941043414
1.2778071138312161 0.8153198381677413 4794.609635955065 5.869898812253997e-05 0.8026647989383733
1.238110840436344 0.7672388561933727 4995.540151755903 0.00019849439746109 0.8018096059965639
1.2280021269084092 0.7965327356863516 4989.712492189492 0.00032214425905888997 0.6897300188532725
1.2886344031708266 0.7973753302830501 4822.002698105689 0.0002242880827602324 0.8018096943982529
1.270261197140292 0.8199007008766822 4872.329326873719 0.0001419866000119174 0.6890852035881447
1.3075048284006379 0.7858187788853065 4899.142060913068 0.00018021033442306453 0.7388556472036935
1.2433173656463623 0.7699229195713997 4837.8869896531105 0.00030403561083697494 0.6497154235839844
1.2433173656463623 0.7699229195713997 4837.8869896531105 0.00030403561083697494 0.6497154235839844
1.2307766584490532 0.7681641133624074 4927.53774577375 0.0003941668163683771 0.7069581042318243
1.3084306106164865 0.7729971972256986 4815.667622834413 0.0005554192367921077 0.6381169887127485
1.336275397796094 0.76866094659318 4803.628011249932 0.00043182268371895623 0.6328352857822225
1.2648342400809114 0.7673671929674819 4992.066111177629 0.00043001684780736096 0.6513993355319997
1.287826430260561 0.7402074483331875 4859.95025455676 0.00027172764542166813 0.7422732833374237
1.2703461922669872 0.7617816598149569 4889.179318661462 0.0002790377106983497 0.7651170089973938
1.3374506576513525 0.7376810260733498 4853.161979555597 0.0003819918836332299 0.7060759115067369
1.2794539889263716 0.7483462749743874 4997.236675256413 0.0003349416283381197 0.6213426752258051
1.2656724325861324 0.7335187715365302 4817.840572774868 0.0003105066698399548 0.6813504499576392
1.3243754991010304 0.7555334797248133 4899.3611148114 0.00039535220320948404 0.7693829083302473
1.1984466472815514 0.8305277663018462 4934.852220388347 0.00037561173078712 0.6011521621278398
1.2581215597111037 0.8460071629425436 4853.698868553319 0.0004204961647329657 0.6086557520620032
1.239453926196664 0.8378860036772908 4978.920688068419 0.0002549995211219448 0.5500422501155614
1.2624290306144754 0.8216042687878851 4985.251902859593 0.000227683620643763 0.6289180397582387
1.1954421442765026 0.8463070856993209 4968.118822857263 0.0003682473686658483 0.6684022082172401
1.2597697930867913 0.8231645591633491 4957.372170842623 0.00014809932549038603 0.6460536089440145
1.2597697930867913 0.8231645591633491 4957.372170842623 0.00014809932549038603 0.6460536089440145
1.3168702256966158 0.7053036472458576 4887.560656314942 0.0005128562938163897 0.6995764702145568
1.272699793311967 0.811482609671383 4984.867631699769 0.000402348206864677 0.943644728669085
1.252051146344431 0.8738427515713656 4949.937105208278 0.0003576152799757343 0.9936196872043153
1.2931950883887806 0.88302457546665 4958.634590066534 0.0002692474047342449 0.9352634625132679
1.2931950883887806 0.88302457546665 4958.634590066534 0.0002692474047342449 0.9352634625132679
1.2093569396401294 0.8757241989876042 4989.546684136437 0.0003328899090510467 0.9289727800507741
1.2393105929126491 0.8530348233466515 4887.550300831966 0.0003044170061013026 0.8848177374459387
1.2346185904819218 0.853785692996729 4887.22538004213 0.00042500045323142936 0.931796826285407
1.2349255088520616 0.856214469379251 4859.41474660834 0.00033261646807570253 0.9542293385657965
1.2169989943844073 0.9466139703158378 4805.711025105511 4.112641011062227e-05 0.7967290943535146
1.2103034011020823 0.9692743979777766 4805.888893272151 2.968820588525292e-05 0.8148868286871971
1.1992134393729599 0.9357678051459075 4966.888220942958 0.00022484569317717128 0.8984285584847572
1.2442331074456625 0.9297792012560238 4957.154433418631 0.00020266269461696865 0.933125446848829
1.2673084784841158 0.9191177596572344 4955.101725640408 0.0002453752845490268 0.8759762282392769
1.3154339438840976 0.9171743945140183 4969.135431225593 0.00014403199350153576 0.8719511630829904
1.2698224373184908 0.9127793495307008 4840.660328386759 0.00015880214804662142 0.9229566369928295
1.2515220269784932 0.8750465399389417 4784.557994553966 0.00022664729661306824 0.9053727462673986
1.225551186022344 0.7997847922864121 4886.760270501514 0.0011001316595913636 0.982827349878443
1.2605007089916769 0.8336759327836872 4949.682987863583 0.0005146019720141577 0.8764679372311872
1.29184912359832 0.810395039238674 4985.065590534309 0.000516679378874047 0.8552014650820519
1.220803322757528 0.8534971631271888 4976.620444913852 0.00039510844262286113 0.8404552096925495
1.2121038643867392 0.853874296399269 4989.321379900712 0.00033300169538050695 0.8372758460395158
1.2654620414709457 0.8398281705085789 4901.453003754082 0.0008330899199641376 0.7357674932591234
1.2520799334573662 0.8910304251715803 4901.271569212646 0.0007833851767900084 0.7936436367920314
1.2497107123731328 0.8718895826094205 4914.997318188447 0.000698073018629739 0.916067661307947
1.2044063079521512 0.8748332372107495 4903.178881739439 0.00042642435216113246 0.8595688970190297
1.1989738053736256 0.8898780713508674 4903.204079613601 0.0004955356334186476 0.8732319423500072
1.24287908920943 0.8636856983893471 4852.37171214257 0.0006583592211288411 0.86672250321074
1.2833652074013915 0.8133173745541417 4964.782790144545 0.0003728145830357834 0.7333988311159225
1.2618509666839852 0.8800354535097437 4982.90913638234 0.00020584316807545613 0.8906469881326446
1.267577125582389 0.8711803216833249 4869.9578480329865 0.00034250121889509746 0.8349820023900119
1.2727443875004525 0.8749360165340497 4840.475732563561 0.00041388443409860987 0.7805035624419698
1.2880680231345019 0.8857227666561196 4926.704961300049 0.00031877753396166965 0.7615361582943576
1.2514924458349066 0.8526989699461901 4794.244681572924 0.0003800455769836086 0.7520756617137534
1.2490364096331699 0.8631808781178508 4836.769531774029 0.0002431494037688268 0.7688668932425773
1.202641454198054 0.8497275671420433 4927.7389825348255 3.494422636105087e-05 0.8284059289732915
1.2064287020340863 0.8758795878742628 4974.83194308252 5.4314471619243654e-05 0.9041818209028286
1.223526842156955 0.8531779142207795 4848.820632692983 0.00013397076552857745 0.7022838776962809
1.2029221049848966 0.839616639208871 4954.920366309198 0.0003026880697041265 0.7135331562365818
1.2045580012646895 0.8489125980497197 4989.922915118668 0.00021814965867469357 0.7146679519430438
1.1774610389995408 0.8718068601652254 4902.282375934273 0.00043371890840790005 0.6750501002249488
1.1489222758881315 0.8749886064621075 4918.630509511674 0.0007078248353037534 0.7174541783742335
1.1489222758881315 0.8749886064621075 4918.630509511674 0.0007078248353037534 0.7174541783742335
1.194806818181518 0.9080751805343297 4994.009639743231 0.00026452799525314007 0.7500981348774514
1.2067947966712231 0.8572918782017946 4994.712081922173 0.0003580094305424788 0.709790818801983
1.1722972521223913 0.8611799243498099 4952.146696860655 0.0002716258668414633 0.7208634839255439
1.194475627448033 0.8708238978386791 4902.085344960084 -2.0567042487801897e-05 0.8838791217798292
1.2588399937645476 0.8909424604830973 4794.950061050265 0.000256291151082605 0.8749895247905981
1.1826055572888787 0.9218818434824779 4736.540837946834 0.00035612102783782784 0.8152388507169107
1.2156316001412792 0.9032501159867621 4805.000073894114 0.0003184429948036103 0.8169783650641479
1.1960465331981904 0.9292261255056977 4574.844384678054 0.000779732534538238 0.9012237665801983
1.2101293800963624 0.8728675976274343 4827.129885833429 0.0002898763960318818 0.6578111061689961
1.230566864530224 0.910347650454578 4822.614024147428 0.0002136669018011444 0.7146558410499857
1.2806141397071 0.8554102834530725 4930.456638489343 0.00017446824303733908 0.6559188160683226
1.2769472698307678 0.8611280690400187 4831.389857757966 0.0001670084041266273 0.6688556125335183
1.2912127019309643 0.8601498942327244 4895.266511056248 0.0001693479689150845 0.6387655616894975
1.2081295305887791 0.8741460789635384 4887.031095226037 0.0002487832075210008 0.6766415553807612
1.2348461334592213 0.8948189677510299 4805.188769942408 0.0002969030220974632 0.9856407737147911
1.281226407065231 0.9315863967575385 4895.101896387182 0.00046913147116344503 0.7851472256145103
1.2613578659204112 0.9158735152517672 4853.474922753036 0.0008453116195159307 0.7957664077798445
1.2292523199979581 0.8738346286320208 4777.6419359736765 0.00048204391011078944 0.92946652145347
1.2171368078934075 0.8950026027475271 4859.873250027067 0.00037285961509402656 0.9021151948636945
1.2025790136649905 0.9157491894881077 4797.71799599165 0.0006911306361617227 0.9319142110017318
1.2219073981952344 0.9472166695919806 4803.805679559011 0.0008019996887020929 0.5384026758704021
1.2419785253760394 0.9479213257656828 4865.185091702683 0.0006829166931854964 0.7256821126953031
1.2236241820687535 0.9105328311012766 4957.928375274961 0.0004853627370184887 0.6637586486430396
1.217326136055207 0.9199662919845208 4914.008383435752 0.0004665937428074362 0.6553733775739466
1.2306041315074325 0.9130110153288268 4891.12868614448 0.0003823224402983349 0.6478908903936381
1.2734580010986902 0.9106742548931528 4895.853080866953 0.00041934372922835535 0.6058020582068719
1.217184695488904 0.9373652545534865 4784.479786723406 0.00037806102975704303 0.6238446744095829
1.25722228671512 0.8927590722679688 4869.657137504779 0.0006815235944177566 0.6724544146065099
1.25722228671512 0.8927590722679688 4869.657137504779 0.0006815235944177566 0.6724544146065099
1.2537461704473862 0.9163032990003857 4955.158788797448 0.00016893400223931142 0.7723014655908904
1.2537461704473862 0.9163032990003857 4955.158788797448 0.00016893400223931142 0.7723014655908904
1.218307139259465 0.9084576697666276 4984.784419110134 0.0003167639653471853 0.8473106541978356
1.2430125918104578 0.9132775078710181 4921.9415450129845 0.00031965331315715243 0.750215723738836
1.2736145357566322 0.9039533025420364 4930.558712600611 0.00025714963380260526 0.7717134690944628
1.2746286322951232 0.8832696146303515 4853.088243568981 0.0002350337560871451 0.7938653135344662
1.2563015567480114 0.9537997044212849 4933.804266886353 0.00025565188928807815 0.685136002971274
1.2393117746278062 0.9395076816580868 4985.995809026749 0.00030989677349936334 0.680907290530253
1.3061023905017402 0.9325342955984308 4987.705979617893 0.0001756054065260817 0.7561825827985686
1.3612540467264558 0.7156359806152146 4911.218777404633 0.00034768106805810404 0.8290309208822457
1.3752109211639514 0.6990873272606415 4792.305111296607 0.00032794036396376666 0.8199738442428626
1.3956149132636253 0.7027873120079299 4961.551736447401 0.000345213508575306 0.872727245713584
1.4057625441234978 0.6999066012989821 4992.631102616496 0.00029987757437189 0.8498025230389454
1.4645857421811366 0.7039559949039793 4899.289734728592 0.0006464262328274621 0.8449295107583161
1.3983430221297257 0.7138802035250782 4988.5205946960805 0.0005613969627730118 0.9569085345073343
1.3848610279445723 0.7076404283807978 4975.780404818242 0.0005183484969400079 0.9072168466922951
1.3446089849366167 0.7096834164883749 4995.723332342104 0.0006447171997669281 0.8671047763410011
1.3774735342422177 0.7220193548392682 4954.416199006049 0.0005179701564803243 0.9787567468247316
1.348212609835774 0.7231292107982468 4910.333135549995 0.0005601516520201494 0.9570074660617356
1.3310607112977566 0.7191966874509569 4934.610456523975 0.0008627779041474444 0.9205696871520908
1.3366141478192637 0.7102414341550232 4952.732662050072 0.0009836972451831192 0.8966019867978157
1.3176263036841953 0.7217964357107973 4937.685946513401 0.0008718115396303327 0.9522243342036518
1.31602888521336 0.7329756488287592 4994.970679211488 0.0004648975934791056 0.8586302862652957
1.4443715967830886 0.715524448201537 4978.709447751394 0.0006420880223821381 0.9619140013197992
1.3979219545972206 0.6984399787440414 4980.302436947442 0.0006234602032745941 0.829380839361339
1.4244504359593597 0.6978898121472048 4949.113326138586 0.00115877771974694 0.8459641010203046
1.3807727718408795 0.7061256843408545 4915.863068956791 0.0008271471866378102 0.9100295349327912
1.3861682936166022 0.6835714097493835 4868.342387631436 0.00039014344557180343 0.7728624194963563
1.4311261192582792 0.7025915354272003 4837.06652558626 0.000422510646214319 0.8558177846587764
1.3870721542753062 0.7110004859764955 4905.0932046899925 0.00041270276762711284 0.9511579417866194
1.4212018979850054 0.7295850413244896 4849.879911391587 0.0007200311662210709 0.9140006613689027
1.3582406013255102 0.7129473358800065 4992.47972205957 0.00033019914102407413 0.8631935275615847
1.3213919057995833 0.7225006295368172 4989.186945845595 0.0006653541459439843 0.9244131056909384
1.3892274274478895 0.7125502224863771 4961.268409333156 0.00047518681793725845 0.9038428330778736
1.428923793696336 0.7096343725053573 4811.84108048502 0.00021317456633112615 0.9945869470700421
1.4911788133993458 0.7097384375760536 4955.866047460723 0.00042997475732891596 0.8656419582187401
1.5108252545682337 0.7158294204693919 4849.200250331901 0.0003194222412526662 0.9032545788932398
1.4276614787144295 0.705830023112379 4884.653837489787 0.000413504145855822 0.9333533588086707
1.3885182949700239 0.7163823491338493 4922.900239601568 3.6279045763577846e-05 0.9115988103387105
1.4908287290603872 0.7217282014322307 4794.829578824294 0.00011593319950475013 0.9886726945218871
1.4392797405116862 0.7214128830840276 4803.539283833166 0.00015982527745553624 0.9464156902490077
1.4599886587868602 0.7086157078824454 4803.2279689843435 0.00015631284936043984 0.8773944215976315
1.4114820339949232 0.7110294760321826 4815.918727451265 5.8889477432778816e-05 0.9072511099052322
1.3688898337397757 0.7284761217635347 4815.496344060256 0.00013563278943088777 0.9277777513003023
1.3725793249066538 0.7016852370368077 4859.366024728839 7.728497136616073e-05 0.8435674879543076
1.383801078875314 0.7018222989188451 4884.999275621731 5.752425222070439e-05 0.8151101509707099
1.3832760459674378 0.718628717724653 4815.88701350574 0.0001185651439761859 0.8290567035864282
1.3504168703341333 0.7094284000653306 4882.526525246659 5.681441130946818e-05 0.9091475056433322
1.3578436827116924 0.7115924020307287 4837.000737669481 0.00018861055783237223 0.8129330410948469
1.351292865076628 0.7108957151980071 4905.652647171588 0.00011157337558221622 0.8328807181005362
1.3301385308722518 0.6980776823259445 4918.520756322422 0.00018220667159595257 0.8389328281891113
1.3301385308722518 0.6980776823259445 4918.520756322422 0.00018220667159595257 0.8389328281891113
1.4838493221410936 0.7166537945727688 4849.668462423919 0.000546390748618994 0.99294983275849
1.3504382554777385 0.7793543649653931 4960.620435539984 0.0006572062289119197 0.9476644886966612
1.3632992177919458 0.7752423724268065 4849.240057851198 0.0005798374510154598 0.9936148690342261
1.2607121385518123 0.7593812086929892 4927.642693496129 0.00034273739587414664 0.9076734713966562
1.2607121385518123 0.7593812086929892 4927.642693496129 0.00034273739587414664 0.9076734713966562
1.2844855215890927 0.7627750058332398 4837.996783867809 0.0002671911300110919 0.9662670801249311
1.3618178018521516 0.7837685601990229 4895.817524576588 0.00038244985658586846 0.9462435779118661
1.3007545793305049 0.7510158196186438 4691.119563937552 0.0003824086466636692 0.9834010130819295
1.3189844977169338 0.7288311705673006 4734.741321316439 0.0004172829216317488 0.9618000351844715
1.3612808753132055 0.7404991040302658 4741.71361345666 0.00025622828627903525 0.9380263289347817
1.295485781241642 0.7251693028789858 4740.691060802616 0.00020886057946171703 0.916625500572702
1.3350617718899611 0.723905683430202 4859.429294970199 0.000248597776189889 0.9017901155117571
1.2595951696842658 0.7374873453430446 4787.484678222828 0.00021371943465653734 0.9792983699310336
1.3170579641791642 0.7093181453569914 4740.934396012437 0.00032695233680378433 0.8601973603869402
1.3227674668757097 0.7356301172682607 4737.96032462656 0.00045611138605015873 0.847925152361765
1.3227674668757097 0.7356301172682607 4737.96032462656 0.00045611138605015873 0.847925152361765
1.3097104909393125 0.7219924534057707 4652.479079125427 0.0003605145840796284 0.9240787078540275
1.27952851886353 0.7120028926564065 4752.767260963869 0.00036035886899952 0.962074481250921
1.3278458697078679 0.7279923424093713 4790.747958979086 0.0002848707051595341 0.9760904084156721
1.3129638279776628 0.7221672529943219 4740.483066893138 0.00028742675593789965 0.9383913898917079
1.3666367015714793 0.7197113242986084 4797.906932017022 0.00044429277822698973 0.9691730999034252
1.2870559781991882 0.7115449970261423 4764.081228422688 0.0003455645892481958 0.9369984873872732
1.365897768818956 0.7397153293981371 4741.991945531318 0.00029686399878307986 0.9191583707971027
1.321992894609643 0.729906045929707 4704.617410131797 0.00037866990667340854 0.8003930241372583
1.3654150944203685 0.7128384615154275 4811.2051265409245 0.0002965173122998598 0.8689551825445327
1.302297374863434 0.7182398118418764 4792.836902379618 0.0005629449185069553 0.8542947416120109
1.279107455164295 0.7050224909635642 4764.878617641882 0.0006190093563126581 0.8345976566053748
1.3337227907429434 0.71416982722469 4837.242145507659 0.0003768731412440262 0.8896983427562786
1.309867336766831 0.7246909414530232 4809.713836209946 0.0006655152889347316 0.9897235217096885
1.3245853286641698 0.7564205262469895 4804.338673075119 0.0006258625343527861 0.9399512516635883
1.3114967553000811 0.7423931038216091 4824.887383004741 0.0005815108412570702 0.9631515581672425
1.2934300206244658 0.734936747376065 4920.064565690839 0.0003903636995562023 0.847445060619735
1.30646744757617 0.7147398411064635 4936.835581248392 0.00029281285623175476 0.8168733867187411
1.30646744757617 0.7147398411064635 4936.835581248392 0.00029281285623175476 0.8168733867187411
1.268289789576022 0.7377092374490797 4948.606586909586 0.0003823025906550782 0.8646537937952066
1.268289789576022 0.7377092374490797 4948.606586909586 0.0003823025906550782 0.8646537937952066
1.2786409982711096 0.7484932345850779 4837.988696042507 0.00038483695533853945 0.8200758791578198
1.2826414298865365 0.7280899512285688 4817.182501465731 0.0003127863790380142 0.8302447184933428
1.3227350853376298 0.7310530132100345 4797.270474293347 0.000684243090335534 0.9224189106359395
1.2981808614791295 0.7236811368045992 4886.4619445907565 0.0005741726943990412 0.9763829232478565
1.29683092864981 0.738875623657703 4934.770016031995 0.00036221439269406344 0.967842489953038
1.3405464272612089 0.7374694751272681 4941.815457876159 0.0003397252900029498 0.9627042136066127
1.3078675825378219 0.7331028484482587 4905.237266758213 0.0005467064387077564 0.9590145535415311
1.3332194000151816 0.7572443909547604 4901.92758456138 0.0005089879664825893 0.9301000973564337
1.3168047640901015 0.743197619480485 4939.870389594604 0.0004331562084990199 0.8117483441571234
1.2906549711915498 0.7463825772642103 4920.581357627171 0.00042728416564405544 0.9371986819658857
1.3142160895355097 0.733040035625562 4937.9831612658945 0.0007135474118627839 0.9786606622317606
1.3514633244234662 0.7452249029315398 4784.443055402966 0.0004909088202322559 0.9613452025020233
1.3275064754202597 0.7585241897207191 4822.517263873803 0.0005483458809150022 0.8756215211591118
1.3609777165856838 0.7261823009937943 4794.422990854401 0.00017710772290411466 0.9526480849491024
1.2449076958255296 0.7375327344519634 4752.0273976411145 0.0006213641671704132 0.8889924113496126
1.2678114824511466 0.7358534269388867 4787.205561120705 0.0005338183176821448 0.9681937685117692
1.2790435541799 0.7503110001186382 4934.040477698892 0.00035693773874228446 0.8587474411120164
1.33135257051866 0.7114833791857418 4920.958839453453 0.00036313327931839374 0.862410601975375
1.4382045458406445 0.7349838355666735 4987.974690834833 1.0359079886528008e-05 0.8991674147262058
1.3935990953555017 0.7078919132732225 4941.21512544538 0.00010238825592182014 0.8994172545210619
1.4066247898211424 0.715894633065233 4957.332167360021 0.00016061012276767097 0.9199298435589158
1.4597342929555666 0.7180611233479759 4958.39080008189 0.00016320892094031907 0.9922889352044981
1.431940433597757 0.7072448088446202 4927.280820727811 0.00018299636514308492 0.9068378949869347
1.4057162981242097 0.6982075990822321 4992.005086349028 0.00017544882953427293 0.8098123356045581
1.41385966848748 0.6998734654196526 4997.662037144664 1.1322424950159021e-05 0.8220593613565111
1.3809339064023551 0.7013473066071512 4962.5451713420525 0.00017666058083325853 0.823271347876144
1.4744900975029651 0.7051634033243267 4984.580542575047 2.3044529776708103e-05 0.9051197701427245
1.4324242852788083 0.7084267161480398 4955.694262080444 0.0002303201511539577 0.8256225803551489
1.4732676721054223 0.7214651942710331 4926.943218025711 0.00012006481987789166 0.9936335336302633
1.295361169979465 0.7097494754008268 4962.117941948113 0.00015214642600549952 0.6691067387932697
1.288235829744447 0.6822867107019913 4903.416369110073 0.00022696585489539656 0.6102950723147816
1.301985378034369 0.696436015188941 4992.623127812289 9.924693223695674e-05 0.5940165067705461
1.2644481804602794 0.6941110339208812 4882.006300849668 0.00015820079971533285 0.5582237991645314
1.2571070679611012 0.7249147841739888 4927.425434528162 8.936019083132093e-05 0.635602148700817
1.303374814241158 0.6948251839070031 4892.139164838284 4.900866579603697e-05 0.648928791741424
1.352661442961089 0.7230548399272815 4957.562313929122 7.240711524407294e-05 0.7325760078476141
1.2889509458912018 0.7095682597667401 4999.289633456485 0.00022495042288586282 0.7604312426059683
1.4444810511670496 0.719988715615952 4957.172745534057 0.0002084301842628461 0.951407759200531
1.322120011216438 0.76746596964546 4671.039019638774 0.00019912861181705255 0.8943211006785975
1.3191152003865576 0.7273641959264805 4574.012700080798 7.648427831093415e-05 0.8815249768092708
1.3075116487712348 0.7258712231958936 4609.026538701287 4.0864660940813514e-05 0.9721937633273903
1.2771945268735214 0.7097949582093899 4752.415677834493 2.34925335489508e-05 0.8147434733664396
1.4157673828803157 0.7238179459703485 4536.357463001004 9.662124129711224e-05 0.8397430825349244
1.3135560161333977 0.7265093814181026 4453.903015651293 6.276933567426157e-05 0.9189607913468267
1.3544034119025323 0.7007590513827664 4456.274091979941 2.5361728456439145e-05 0.8262835726369082
1.3514164342860933 0.7143929957776387 4403.828544922167 6.02152806272921e-05 0.8023447105494291
1.3710704138014866 0.7048864469467434 4403.883165342464 9.644992496670315e-06 0.826036548997375
1.2711538169502243 0.7185388846161362 4410.686749739493 0.00013383845051224283 0.7835401656368239
1.2752903335259123 0.7034993533446828 4456.187919166396 0.0003724445966302929 0.8236400818901823
1.3510738658362345 0.6613548896456627 4687.740705880626 0.000128381784915921 0.6287774196134432
1.4605660827826072 0.6628196796258656 4777.021157493402 6.19705235980036e-05 0.6293714706249802
1.3459660643159752 0.6718708295387626 4837.343103212796 0.0002008310198134408 0.6618685788916867
1.3477804959449968 0.6536565648781278 4936.979189589593 5.743141260786212e-05 0.6006053110426913
1.3333053081359507 0.6667034850938574 4903.096727804711 0.00010754692373657066 0.5908989131374743
1.3087638318277688 0.6601926360563626 4904.824090150225 0.00017607167711067122 0.630231993249472
1.3855387666395487 0.6452804282664926 4868.820496168345 4.4259204676167376e-05 0.5988972219203933
1.3940441210457268 0.654036232900687 4882.224870844913 0.00025020442870255156 0.5909168982721522
1.4140687805490046 0.6671552481649609 4731.986375319538 0.00028921283001331953 0.6597167019675121
1.327038751116691 0.6875905402415917 4966.004822121568 0.0004732792075623434 0.6667607343451148
1.284180215252683 0.670001350636846 4918.809227070831 0.00043530259697924375 0.6328263207649083
1.3755236599825313 0.6616843232692621 4809.008317089184 0.00042653063449608056 0.6402271938795137
1.3879392064869316 0.6403800092885688 4868.9471930323125 0.0006186566501013161 0.5769643660294088
1.4593751127276997 0.6626572944360853 4937.665573076089 0.0004900747743407682 0.6529861306700641
1.3378724844548284 0.6786809354709297 4817.539025343886 0.00022977353578865385 0.6326258845789188
1.2461974732334185 0.7578741659695747 4574.552287100679 0.00020623652823040462 0.6507933040394565
1.2606370833571523 0.6794727446897565 4752.283008668947 0.000290929315109518 0.6618188808308572
1.1848025406410374 0.7567836078670468 4918.383210297416 0.0004561018951971245 0.6067007338430075
1.2516170165063336 0.7310483995410144 4771.936921822756 0.0009179776379498739 0.614775329855864
1.217274016533442 0.7733648906007248 4797.20897616914 0.0009006629468241294 0.5130397089805958
1.2440127788353854 0.7295589567584211 4925.207753562129 0.0002177722924617618 0.6167346810042029
1.299980038980519 0.7657802358648668 4891.743955703416 0.00011892963121739618 0.706547509212215
1.3117559377047454 0.7614123099054814 4853.421178755995 9.119339324505401e-05 0.6282811693026833
1.2399115622188854 0.7665288799528565 4927.805400717827 0.00019779571107261522 0.6998290116901229
1.2741601398400708 0.7559683499590797 4944.556181815259 0.00019918591564640125 0.5920020371122003
1.3196032738143926 0.7275655376799463 4921.696422659324 0.0002681763135973988 0.6038683313539674
1.278288197047909 0.7361128083326333 4848.171171132132 0.00025921006864918693 0.6303718969270705
1.307485962117327 0.7457551735242592 4872.957413828595 0.000196329937928778 0.65281668818291
1.2721076390712942 0.7497107632333917 4887.570270553521 0.0008088833545090078 0.6409413757700652
1.3264324297186114 0.7293727798011489 4869.111966256148 0.0005976831227961895 0.5787215201994418
1.2744757677815768 0.7130399175018429 4519.978305866797 0.000579061952389314 0.7687563461538708
1.2766524829448787 0.7410554019769213 4777.374700969487 0.0008548916139163185 0.6456563944674372
1.2766524829448787 0.7410554019769213 4777.374700969487 0.0008548916139163185 0.6456563944674372
1.256010637742472 0.7658370093103553 4889.45158078461 0.000607261242616628 0.7193160191389825
1.2812559229627682 0.7465913941915114 4859.682139151541 0.0006763511897051563 0.7215895602953373
1.3202656704978661 0.7377148346529269 4911.807948465173 0.0005882865004216475 0.7661056062606603
1.2610034381703015 0.6927095409667858 4886.749530972373 0.0006377674400699027 0.649460638650357
1.2779280509502249 0.7113964703079249 4925.54846727959 0.00043948366632928613 0.6767109362991761
1.2652391962248388 0.6858950737280567 4936.925763233909 0.00042343202645548717 0.5725227547361594
1.2669765793128285 0.7132291308102578 4892.67189945365 0.00048733202608040486 0.6155828700188948
1.2668228414033385 0.7117694946183045 4937.166543110097 0.000379141087206269 0.6903309743660746
1.3098283302921145 0.6881972493891413 4952.267659218537 0.0005242738689427305 0.7222715243743363
1.3213746452703008 0.7022398578877888 4995.000713660568 0.0005147210566582759 0.7831120484125286
1.3446050323521237 0.6931293448147634 4994.145026417965 0.00038688373543251917 0.6995372205411878
1.3574517828372001 0.6899936413388083 4892.704987533573 0.0003776038391427291 0.7428461667760464
1.40876675348177 0.6936152719074518 4991.505982753587 0.000708404951225753 0.7532657638353076
1.3635949972690198 0.6783412793180026 4886.113607596598 0.0006012424267416492 0.7273557914673092
1.4578134947735895 0.6816916586718375 4663.8810428132 0.00032014615229774597 0.7494194976597077
1.4363031518458658 0.6920819678843438 4590.550137841627 0.0006375837647501155 0.7577766978412717
1.4378043292174434 0.6776179895028337 4882.852751774814 0.0003407371358178523 0.7253832845051409
1.4719225390761368 0.6864722942852569 4784.711721352732 0.0003612332720568687 0.7191119288397609
1.4128617526130758 0.7019299365103753 4777.723212709526 0.000419814037565833 0.7755680401948677
1.3933739356640533 0.7017758391597408 4903.671174537052 0.0006858318809297723 0.79834684857979
1.206239488196164 0.8677500128182013 4636.845207952115 0.0001472578849758917 0.38228333471855713
1.206239488196164 0.8677500128182013 4636.845207952115 0.0001472578849758917 0.38228333471855713
1.187175696479853 0.8409732744749369 4607.765522324658 0.0002229942601023623 0.3583408131871693
1.168491738468545 0.8514364472858394 4546.56983436598 0.00013634351845435224 0.42302827248907415
1.212286580133772 0.9140292910438935 4643.307994304265 0.0004964547263753052 0.3840406668454456
1.1920004416683554 0.9000469218660125 4643.498747186203 0.00012170280575150872 0.4019064474555628
1.2791508201496213 0.8365708574243261 4659.146415819107 0.0001598146784226423 0.4375004384093172
1.2947418162087323 0.7744258581580461 4643.592036198586 0.0003337801001298415 0.31237106380896784
1.1565136811806709 0.8233917350572716 4602.876720943679 0.001189429796564783 0.39443079888593985
1.2565411932999542 0.82338820597521 4580.584148560335 0.0003633501202761421 0.37165797623857805
1.1894234239971764 0.8240851828092598 4636.177922014318 0.0003916072860387059 0.35710162341410717
1.219725698123725 0.8642831127706805 4643.788828700167 0.0006341573873762643 0.3418881748653469
1.185548153314747 0.8531732347650824 4643.003514167939 0.000647817405245278 0.3443627631850654
1.257965361922861 0.8185474281198333 4659.1880958377 0.0004122539047877767 0.37595150203984784
1.1947964330060457 0.833338049711988 4643.08157519411 0.0005674278730141814 0.29457552899269296
1.2085860432918036 0.7945884676264391 4592.694242664892 0.0005496402774235955 0.3104834755849336
1.148631076927364 0.7987577890569366 4643.162415284808 0.0005708164678826756 0.3024521282956635
1.1701376193583297 0.7591519144127932 4652.172111042784 0.0007844405360745205 0.37305677765638967
1.2067395466034685 0.7698902425983009 4790.913335284792 0.0007839382503272084 0.3961238335034515
1.147034328383489 0.8363177452342974 4663.464233501954 0.000491258735497956 0.37827914553476627
1.0699618562450723 0.81719236644529 4752.874437933396 0.0005093161031731469 0.3189758122438834
1.0752254778233068 0.8092945822080216 4730.645343708032 0.0008358846596235579 0.30447709883029567
1.1186614877820458 0.8431410624828181 4847.412707682423 0.0009086775480478254 0.416337636632632
1.145015802454831 0.7895465736422835 4804.138714340601 0.0008232454177745139 0.2989921944170814
1.18338742433948 0.827493132882988 4852.726633099271 0.00048641157204607757 0.3853947876150321
1.1461736187213267 0.8508504712084418 4777.851622243778 0.0005431102449428959 0.3804143424434301
1.197772044700256 0.8098237866396347 4767.524040628352 0.0008358038424693669 0.3418642076472875
1.2089504049546944 0.8330938926091521 4814.993229429222 0.0008844025153431087 0.39873185969979197
1.1764331327548503 0.8380838133742388 4840.9516817695085 0.00038833991269287616 0.3690880941170502
1.2480435425831269 0.8435052221029178 4747.9231542649495 0.0004869392822915131 0.3655190924587667
1.218271732941977 0.8255846380923355 4815.297890745813 0.0004320537100714563 0.41281239911179013
1.1755241225033939 0.8157238861095146 4730.784123694209 0.0003386410839616293 0.40687719050033705
1.1533391987937012 0.832505372621966 4805.87704038366 0.0009547482720455883 0.3480250525382206
1.1671165037517481 0.818239036997195 4821.1686457147025 0.0005980129323817914 0.33237118479976513
1.231103550469932 0.8338719119695926 4803.1244988169055 0.0004963715729380376 0.3567380239414146
1.095577218994474 0.7767204748491184 4764.907283545554 0.0005108052971785269 0.3065947239640547
1.1593334398523631 0.8315106638766406 4671.975605289864 0.00044948447520370505 0.3390421429668088
1.1452284139997513 0.8321353539170847 4824.157415316599 0.00044133080919611916 0.3433289278136266
1.2106082742075812 0.805990591110066 4737.94825402204 0.00046137622856621326 0.41063640945935653
1.216635553014386 0.8110265817682694 4727.3146205375115 0.00035347203805956745 0.4078566159572786
1.210186357363297 0.7940733452236661 4767.224142178387 0.0006941850747968069 0.3681403765421847
1.2136222581161538 0.8042469112760452 4794.852966029714 0.0007266116923129156 0.38433754453872565
1.2075385882213778 0.8112964147468178 4731.8648233837475 0.0011760759868076494 0.44292232500445716
1.1469175038715735 0.8138986372537524 4784.305615857204 0.0003754701820313731 0.3298348328173914
1.1937043512545218 0.7333236990061941 4737.041207801452 0.0005312122936642989 0.29334895052312454
1.1764108368498454 0.7901828329078933 4803.114227440658 0.00036068962530669285 0.2912493949871376
1.1830839627530259 0.80486210604116 4669.096891339052 0.00040131973187632845 0.32647156056038346
1.2151050811090762 0.7847006147616172 4683.011119842014 0.0003687777451369026 0.3920419519170341
1.1076716089074605 0.7982857608673244 4809.242265380484 0.0007800108982813335 0.34816958815575505
1.1236687731888884 0.7879385384011305 4806.797084014076 0.0003643774625473607 0.26959164583818424
1.147047879332995 0.7781595079699954 4709.568035551825 0.00047551290231387855 0.29556941165452477
1.2194958991449458 0.8385078056564796 4815.044187587227 0.00038107703984888386 0.4357691180268677
1.1472677541272636 0.8238670845088845 4536.008719633287 0.00037724524069440967 0.31740768437871963
1.2033809225846788 0.7500093226638289 4519.1710458371945 0.00041988120051752304 0.47218002262852227
1.2408438160807065 0.776705619832866 4424.77485676952 0.00033951374298898365 0.3016581375032774
1.2593311481277016 0.7754084396585803 4428.621005821211 0.000646280602201811 0.4540396761968165
1.150152873489955 0.7763428320536386 4456.352396016614 0.00039713447374976733 0.37307290986170083
1.1378533554577468 0.7906810777810788 4556.978176617084 0.00028941736200770835 0.37566714061509465
1.2564897204577594 0.7746513418893852 4428.024258669043 0.00027454752726796663 0.3845316867939451
1.18533202926673 0.8290447792811806 4428.427046102017 0.0002869730899684956 0.37056942371363355
1.1196926173035076 0.8065698437977898 4453.8102842323715 0.00016064826467993793 0.32603525939431977
1.0838741587900802 0.8141519895156613 4519.018499528472 9.861842641446394e-05 0.3323017365712453
1.1524601351884067 0.7832664243509171 4403.552031054166 0.00018687126939904812 0.30548878876200847
1.185817057561813 0.7584654305923084 4546.530310669084 6.061671576090065e-05 0.29194214761966847
1.1119531223956947 0.7558616216335492 4468.926409889781 4.4423234432533e-05 0.2543056341605024
1.1823133121486826 0.7494841175059019 4428.18486796415 -6.630618424073437e-06 0.248096487309602
1.1260030152706582 0.7444464076865913 4590.619621133888 3.6365250007076166e-05 0.22911327792933295
1.1412115142068873 0.7899083945569066 4602.136498540039 -9.498587603385331e-05 0.32395360710542037
1.2188018732528918 0.7672285886312776 4590.468362675753 -0.00010356699225587953 0.2892702307778818
1.051786108099014 0.790325824124882 4663.161385966892 0.00038093498499254546 0.2829887832907735
1.1957862485654367 0.7851065913212149 4741.573464222597 0.0001440569516770965 0.2958326144484594
1.1957862485654367 0.7851065913212149 4741.573464222597 0.0001440569516770965 0.2958326144484594
1.1667024367161398 0.7447179225736542 4730.754392570998 0.00017904200753144313 0.26878203286903457
1.1645571765604592 0.7573855044958804 4741.330300664118 0.0001797467981819017 0.24040742380757382
1.1367506427230625 0.7870891564086234 4815.441275337024 0.0001845224611677343 0.29017206770926574
1.1181199887361564 0.7881257100143333 4771.216709123961 0.0002046339967946016 0.28965465719473055
1.1027316283012507 0.7754658669183828 4794.05189177114 0.00022469137665839944 0.2582478387608186
1.1264617911489538 0.7725757901767587 4683.672117286833 0.00028504040276649726 0.2756970002136362
1.100684338716501 0.7719191246477302 4663.805393140319 7.151205470695121e-05 0.29516572992236745
1.1437115115529748 0.7657367466620771 4730.520503317714 0.00010118392955477476 0.26973073607927645
1.1678245443711295 0.8070253347271599 4566.288577949642 0.0002450628333965896 0.3061349046963018
1.1850347305814803 0.8057266598895086 4569.749936861128 5.692765784495463e-05 0.32556790950400183
1.2357958380789082 0.7645808159306174 4491.596157881189 0.00017398687622863544 0.40096005959091807
1.2333205678860202 0.7582219389866951 4590.944094263735 0.00012221650813767462 0.26832771820803536
1.1738056773449808 0.7480368589826196 4602.765959534697 0.00015403420778506327 0.3171093650108678
1.2445386853582718 0.7761777337353909 4674.825034052254 0.00011681517540015447 0.28703835078344325
1.2372454261250705 0.7747571085016233 4509.72863754336 4.01325349122807e-05 0.3951576716297237
1.2944018891132933 0.7351976452635534 4636.895784647817 0.0005610704397002218 0.304104319359085
1.1892955810154904 0.7486313424615442 4668.896076778156 0.000297995633027791 0.2692748112616202
1.1258810600015812 0.7526202784451006 4519.008683992028 0.0006701716924476175 0.26735158473566756
1.1512061692170312 0.7461358269798352 4509.013439980361 0.0007225981809070066 0.25719984506875865
1.1389376923741987 0.7509034733268888 4498.669843754333 0.00047148219004836806 0.30960976728144746
1.148627682518747 0.7450619219738767 4468.025248497628 0.0003004770836032706 0.23533570072237708
1.255312227232611 0.7147203655048444 4636.332567178185 0.00029233679176897506 0.24485205330700271
1.234550881558543 0.7555355216584262 4632.757881347467 0.0004515693191705221 0.25127861586019634
1.2325797437735209 0.8714225286214614 4605.116259966408 1.1024317639397073e-05 0.6285200122203419
1.17450385981651 0.8544034653151864 4519.423419330015 0.00011203349105800027 0.5678445908415972
1.3018305554447847 0.8574420102223126 4526.852931175264 4.779326260632176e-06 0.5748571164481092
1.2114552146296302 0.8515460672269863 4509.132364867939 1.9683806903890775e-05 0.4895348143509155
1.239901423869104 0.8354564845016407 4569.088781339521 7.702548219211031e-05 0.4913742284135735
1.306685989552262 0.8134345792845424 4526.969328951051 7.738277447711737e-05 0.515473999187526
1.2569056510925294 0.7698580920696259 4479.443580687046 0.0006234974714720277 0.6414807438850403
1.2031791303369477 0.7576733372007806 4609.471172514301 0.00042508239739602865 0.5361744840005483
1.293277612575027 0.7795840260056204 4592.788578735152 0.000408344856581735 0.5467924234580985
1.2122117901313907 0.7711538753505875 4609.261708692625 0.0003226285309982064 0.6317314734400445
1.2791640464564007 0.8583316287258158 4636.580966128152 0.0005699840738090333 0.6023238450435551
1.2791640464564007 0.8583316287258158 4636.580966128152 0.0005699840738090333 0.6023238450435551
1.2926627035193023 0.8635332121320637 4654.334580964265 0.0004018439101775985 0.6248500777859192
1.2586316406223768 0.849820479473644 4536.186017397441 0.0005743843162092888 0.46342889951014926
1.25885743860479 0.8790189521877323 4615.145963677727 0.0008269947700778076 0.5045364487880758
1.2265525442860912 0.865024866090867 4428.576713263342 0.0006928451531605942 0.48788247325015
1.2604319425316381 0.8717694937720364 4536.363369563071 0.0005516873501634678 0.5062297375333704
1.2604319425316381 0.8717694937720364 4536.363369563071 0.0005516873501634678 0.5062297375333704
1.253268718426529 0.8157815767225992 4527.746169086054 0.0005344668753978734 0.3930785152096563
1.1612506602535104 0.8417272371464432 4645.426525902626 0.0005688474567830554 0.43711723407600345
1.2203122991499964 0.8974939125772131 4618.411258551228 0.0008193216893681735 0.5601305932313042
1.1856074154529503 0.8955962506063202 4663.699573342363 0.0005278447425447627 0.5785967347645964
1.1762807418227312 0.8888559840466193 4663.059188296192 0.0008702820682992158 0.5480441688132192
1.1762807418227312 0.8888559840466193 4663.059188296192 0.0008702820682992158 0.5480441688132192
1.2261692091284941 0.8989019957742393 4784.258747193301 0.0005709121993716402 0.642337904585243
1.1693844852520243 0.8857643858200864 4792.934795610007 0.0005642181997168791 0.6275162646851918
1.2083919296893932 0.8874559348967546 4832.10959030835 0.0003990343819143305 0.575763728358124
1.2577228006077532 0.8716256821059354 4306.25641932256 0.000618019314494962 0.5666384842881439
1.2226621985316135 0.8534861647392891 4259.305913651354 0.0004911071251754944 0.5400760124862939
1.2730552741945096 0.9128285783863828 4352.446242890961 0.0006331330656477233 0.5358934722131841
1.1912836845143386 0.8967052649457682 4344.2976293119655 0.00013270407969213666 0.3932002743163103
1.2211131062683331 0.8706675957378 4270.234620817591 0.00024773203930323435 0.44030495347891985
1.2485745327067295 0.8405779309009617 4306.164380703444 0.00024322351192046458 0.4361266542329327
1.1823608425980279 0.8703971481616467 4270.8545261613135 0.00014649612764145296 0.4121257761638772
1.1352331238155138 0.8786459919714847 4306.3902010563925 0.00025608356708970727 0.37999770722911597
1.2306432594922279 0.7789529546540824 4362.661798164812 0.0003177148812580825 0.4942788332417719
1.265754772119233 0.8143866043647237 4385.4222548145335 0.00015862563114757221 0.395298657432324
1.2254785834077695 0.8179604708537148 4344.305349573114 0.00010424797607225544 0.31631348763790174
1.2254785834077695 0.8179604708537148 4344.305349573114 0.00010424797607225544 0.31631348763790174
1.2732392773048535 0.7680971388428474 4270.904067953598 9.715976727438252e-05 0.40645327441584156
1.2051147860865716 0.8200709198796752 4195.960463540557 4.1715859112203e-05 0.3722015408793186
1.1899293638956339 0.8132495854619844 4140.124479380894 0.0001402763902100651 0.3266326295432106
1.2593461080322883 0.7567467266253024 4195.583297652879 0.00019754757697668595 0.38332422024541923
1.3008259937375188 0.7541593453445807 4199.184649043196 9.923868413271837e-05 0.31886812803728226
1.2798495079841645 0.7498426506279412 4140.562536425865 0.000196880334501395 0.3222227144714495
1.30495496462557 0.7773516581076966 4105.155358310269 0.0004717113350213601 0.30994196655397527
1.2393689646192754 0.792429287508799 4039.7241012327645 0.00029474475597224 0.2868639143344268
1.2193507719500192 0.8132134871358461 4039.6979119574653 0.00037026772432200035 0.32367159444249605
1.1593398297240236 0.8119968978106654 4195.647781902609 0.0004416691752414747 0.3075430215977116
1.1865333534448308 0.7859260572628862 4162.0108175433825 0.00038885933863490367 0.33210093642999494
1.2205354469877872 0.8088050953307859 4142.876252949369 0.0004269407308885761 0.33341838005779967
1.2421920349526454 0.7540047680270036 4300.254567710936 0.0005501678042335948 0.24875452605112092
1.224706461979273 0.784462822118204 4344.135562245765 0.000589573243678169 0.2914553616704834
1.224706461979273 0.784462822118204 4344.135562245765 0.000589573243678169 0.2914553616704834
1.2730983477161482 0.7602578371683628 4344.416906593447 0.00090152693096097 0.3298721271550235
1.2596409731545126 0.8160644595171032 4300.706195938205 0.00048483878229256284 0.34395466731922875
1.2852205120681957 0.7976021164629873 4199.9119228903255 0.0009557413637595001 0.3759937251238642
1.1624307540721321 0.9237662292836156 4887.172028684229 6.65642752692824e-05 0.4872740074350135
1.188548805798359 0.9126365882240326 4872.097564408264 0.00021372461200500995 0.4801172451793744
1.2237443148368892 0.9092953199220265 4806.653549494981 0.00019450522281581897 0.4303322526050232
1.1998341045885994 0.8633002791473255 4824.57977076173 0.00026333708551786437 0.5696147865614252
1.2230183182958823 0.8611604740447608 4841.81618805025 5.7074020859395424e-05 0.5079023697988517
1.2397231789490095 0.8468482027733024 4899.5588674519195 0.00026758530375495455 0.43702630195503545
1.1556216640605101 0.8395039881627857 4868.5209132862965 0.00019024647995079995 0.5239614054951514
1.184112501030866 0.8418569031964325 4910.375687132435 0.00010045349501460008 0.46400393615936186
1.1974777772150977 0.8611944021759131 4782.998893350218 0.00029234206598096506 0.5775318594721152
1.150287770127531 0.950175238736475 4817.61777661804 0.00018148427313166487 0.5562740144533861
1.1479879019065422 0.8929662071612775 4886.555901991182 0.0002821813509424239 0.5941484362693104
1.1559492942961378 0.9099993634007353 4663.457149906795 5.562975619275315e-05 0.4439839067752681
1.1659973268620802 0.9169316942253787 4663.204036322328 0.000158090509680854 0.5147111150424153
1.2192725221811456 0.9538728330951984 4739.518720423374 2.0051009737270447e-05 0.6587257033012123
1.1600708963270536 0.8988531269278194 4687.909239653757 8.263881925824411e-05 0.6581264104739527
1.2355831029963704 0.8644483377632253 4668.945312387007 0.00014455608986498105 0.5858208868174547
1.2216449118795563 0.9353692777619257 4872.051234145849 6.200835357015107e-05 0.7308041890816855
1.2087974380827773 0.9409706583707435 4805.6112927246095 7.681821977840595e-06 0.7396851223781336
1.1961882729210724 0.8616552095606032 4913.250398721167 0.00013458988646896983 0.6455957310881117
1.1609074381249613 0.8749072410557386 4948.869735712726 0.00022718925350748474 0.608370087764637
1.22243497864027 0.8248067226593758 4859.953321054572 8.639792556957428e-05 0.6223353814191787
1.2313028527450314 0.81303153803072 4947.093209912266 0.00013181398368820226 0.5565402869370978
1.2354895811278495 0.7989576922416397 4998.830689621691 0.000133052084447769 0.5418499852553827
1.2164175056193833 0.7959228543655832 4936.165556388177 7.255785312820904e-05 0.5937623614763639
1.2164175056193833 0.7959228543655832 4936.165556388177 7.255785312820904e-05 0.5937623614763639
1.2137451023557888 0.8037161925924892 4903.079207393555 7.13373629197614e-05 0.5678489385209766
1.2310547672761403 0.7875551643992647 4931.489570992165 0.00011395617432385897 0.5269670398891809
1.179498043606344 0.8544373236928735 4925.504140470836 0.00019442956431389195 0.6134724206402695
1.2023115760428777 0.8456161011738023 4884.900412380086 0.00013259080277404855 0.6275249635080997
1.2202057531731514 0.8379114599182352 4922.019151361623 0.0001302637284339332 0.5127567450106181
1.268937008420331 0.8530466606188986 4926.380313163591 5.342182709871553e-05 0.511882301267917
1.169350527437674 0.8723452076155229 4925.940891256313 0.00024114043589330288 0.569902086329213
1.229049610913235 0.787606311099202 4889.443547830872 6.299277448090588e-05 0.5846828174376604
1.2352986882852905 0.782602065525581 4884.244129234352 8.056130741952586e-05 0.5774435099695462
1.216893963879861 0.812092213570045 4824.258840164786 0.0001624771987959882 0.55162270539289
1.228116292030487 0.836892108301273 4901.52835910547 2.3657554177050092e-05 0.4890751005485563
1.179209831349966 0.7588858155169619 4886.359036754032 -8.313561886817482e-05 0.41517466521264523
1.203844650146632 0.7891366276037075 4817.995309297931 -0.00014126043753469856 0.4530824325321109
1.2620166538347182 0.7897695924255348 4969.388237051153 -6.94210004644952e-05 0.33090368418972255
1.241379004994874 0.7959953144060251 4821.259883351491 -5.706497499607415e-05 0.37726116156209333
1.2513603448867798 0.7917644679546356 4964.531056344509 -2.1305542911421915e-05 0.4013410210609436
1.2215448178721386 0.7687353382680342 4966.937968266227 -0.00012366705227162731 0.4783624506060391
1.176022577563586 0.7983473857531702 4903.103507290992 -1.814929413442222e-05 0.41134283172025066
1.176022577563586 0.7983473857531702 4903.103507290992 -1.814929413442222e-05 0.41134283172025066
1.1935084821680446 0.805372364131306 4898.957891349719 -2.8897894279180633e-05 0.4875422696940004
1.2436269982423416 0.835199166256203 4957.052641993119 8.803920078743177e-05 0.55535795953832
1.1954340008188709 0.8573883315169377 4730.693218214637 0.00017719125096893093 0.5465512947818298
1.171957327430154 0.8704316928250022 4743.8400435125595 0.00012952822654243182 0.46169969028548785
1.1543079230786901 0.8559686542444754 4676.372255698076 9.225023028172836e-05 0.4290565138500152
1.1932375465717742 0.8496598674313374 4799.792752685714 0.00013042751659787577 0.4418588571042751
1.1528762866571585 0.8410719056655849 4816.839130042111 0.0001654813447578678 0.4907386965260599
1.1596259680225207 0.8411937870108567 4663.257808263889 7.55751498195468e-05 0.4519171859925564
1.2032833949617099 0.8412686065122714 4794.77177059964 0.0001741289650328604 0.4468193440418998
1.150262561660089 0.7967331639739132 4752.647812060192 0.0001227232728821853 0.5175605437949702
1.176157320718009 0.8418221891496387 4852.404028342306 0.0002624340509693738 0.41727918458614055
1.1303263596885538 0.8663951104126388 4784.955448719811 3.1975413904606984e-05 0.3787249032725576
1.1832455773191126 0.8880518220406258 4841.80825172986 0.0002177828904985728 0.45027735034132654
1.1526043448524619 0.8501551434511413 4790.13460853346 0.00012430231307597345 0.4054692462054257
1.1581227382900456 0.8515978493817067 4891.873649080687 0.00016293757982096857 0.3936331885025961
1.1686207720951702 0.864761278249152 4899.591935146387 7.52514890364262e-05 0.3758071213123433
1.1745244631194527 0.8924997328085472 4869.402798229556 2.223392890954363e-05 0.44032462696414726
1.2109884618671833 0.8915354343464835 4899.803512234651 3.187139522641708e-05 0.48371633849878254
1.181502067166884 0.8961743663094397 4739.914139801395 -8.220450394074719e-05 0.45745457620819063
1.222336967323523 0.9548777959332023 4709.339989325644 -1.9073955570061408e-05 0.43721395248482003
1.22194158814683 0.8687495516137747 4841.969202770618 7.848452410294057e-06 0.5294790212979175
1.1663686984511712 0.8228752373838704 4948.14392591884 9.604460786160597e-05 0.48205389299772455
1.190287401981919 0.8261711660421861 4966.353305773146 0.00014276601145640864 0.4585016127760275
1.191089611968426 0.8383571320102357 4994.795875960594 5.642288305307334e-05 0.4628935510376512
1.244508651824629 0.8556006566047877 4933.441004546061 7.418256893240916e-05 0.43475285181330836
1.118646057690545 0.8649094497212224 4975.259371317514 0.00015571548638386432 0.3742593775874532
1.1548537105610317 0.8570498667673915 4936.46857702517 7.687628907690685e-05 0.4336076498921998
1.2008114808424408 0.8715125298735431 4958.613991892795 0.0001702939145895653 0.4028370887490377
1.1891199946669138 0.8845634429620991 4988.2849105725245 2.644536837436242e-05 0.5275992075363202
1.1740008063971665 0.8868565939339123 4984.488667590837 0.0001616193811195272 0.459844573973801
1.1601249206280744 0.8930070537698749 4957.220780137087 0.00012295116334841714 0.4120452172430522
1.1288275731531523 0.8530048723503807 4994.810548179741 8.772710613797557e-05 0.38157554864603543
1.2032840957966737 0.9286727300156659 4949.61193392981 0.0003250668300200878 0.589503793303219
1.1678270833999946 0.9034229824741224 4991.197566333997 0.00029650970106391203 0.4899025519043301
1.1534551136299385 0.8697695587114366 4989.943855657394 0.0005153531782524486 0.45965486596299765
1.1706852803278742 0.8858598167926321 4978.238025317372 0.0005008377618389349 0.38648954234825805
1.1593871134329996 0.8800455876338624 4962.41766988101 0.00039779078798516906 0.44040971278875146
1.2190561962908542 0.8492758068875872 4955.202302641761 0.00039461862651167116 0.4493102861406227
1.2190561962908542 0.8492758068875872 4955.202302641761 0.00039461862651167116 0.4493102861406227
1.2012902245085537 0.8686063420667567 4922.200926858394 0.0004519562787569602 0.464290048694988
1.1906537465721438 0.8511832997559291 4949.460268000272 0.00036773545281877917 0.4454427338336018
1.2112326381853145 0.8631192280443649 4978.347938849147 0.00035105284032701167 0.434940010102839
1.223831024539259 0.893563812113443 4955.225254116507 0.000440012895619715 0.46558964125809027
1.2092252682376585 0.9251485158134728 4985.667726922566 0.00013824117914352686 0.5575896387020532
1.1951686727292945 0.9079014241221965 4987.403998283273 0.0008579262105111211 0.43176213507676947
1.2306529590496849 0.9063203409259767 4933.575379030032 0.00024771134133925765 0.4950009790257047
1.1661561171590897 0.9436255428063116 4988.435358140224 0.0010090306948487635 0.5227554451157137
1.148992763524055 0.9258530442858146 4811.910930867794 0.0006569301074608622 0.4489230261798341
1.1858220973232787 0.9633558682493117 4677.605377055546 0.00041252817483275293 0.46539759853200946
1.1901041347279167 0.9817278222573462 4784.752187511688 0.0004881928619204759 0.5338028166760023
1.1876861468580158 0.9424437007001245 4849.4246445096005 0.0005544237922253503 0.45151000392580115
1.1174760065319573 0.9371361257011346 4777.6352735731125 0.00047040006502890787 0.42959169528226077
1.1488513513061964 0.8910142471773368 4741.927277434315 0.0009300539100851634 0.40510735357275207
1.173999676441002 0.902312091556907 4806.630542865617 0.000496692461353455 0.4139995483836902
1.107378872696867 0.8839775852714676 4760.597779897859 0.0007051307205014126 0.43706000717555027
1.2097231011546246 0.887022487051742 4719.993786740908 0.00043474904537039625 0.41303105755747416
1.1695123478181104 0.9020678719721461 4859.894257582215 0.00040598833828185183 0.5050330125814501
1.1163164668009378 0.874607971464161 4837.400847824835 0.0003302371669849372 0.3867296302240585
1.1629632621985355 0.8817378905143076 4841.609322614058 0.00029600034023568277 0.4211572343813305
1.16719180370192 0.8996395982316208 4891.47957415423 0.0002525795313754046 0.4134964954375112
1.1215101851049563 0.8737815138236491 4886.2930643702375 0.0006859898487239478 0.44930555854594856
1.1557481553000057 0.8580228498468997 4797.062382452082 0.0004113401495580364 0.453036036569351
1.1557481553000057 0.8580228498468997 4797.062382452082 0.0004113401495580364 0.453036036569351
1.1244407991972982 0.9076894606671193 4920.430358417423 0.0005314062565770135 0.43212104799558737
1.2346757203797867 0.8530676572965481 4803.185651785137 0.00047831551678140363 0.38931800872876554
1.2024160137969713 0.8515636625884664 4865.429082141232 0.0005042441732818036 0.4193055815057169
1.2096397037332063 0.8508859190379555 4824.920175291351 0.00040188243469287246 0.5636996570800622
1.2141671140778452 0.8338618018561313 4836.258807154397 0.00035925371638509905 0.4852826156823544
1.292077843241112 0.8393200254873906 4750.181790223915 0.0009324331744104374 0.4607151229709888
1.2167780525698109 0.8388819496713855 4779.6921022671 0.0006711688497219773 0.48032753448392473
1.200647759307489 0.8174606533646357 4790.810938875592 0.00034625130436260245 0.48329702808706365
1.2538070685516134 0.8312304842919177 4835.34683895542 0.0005103522754341267 0.5416563696633964
1.1074268498123454 0.896797710813193 4837.109441950749 0.0002540843292020034 0.42040608711167005
1.2225866984500204 0.8679886223095998 4836.126614478832 0.0004688926612940318 0.5514526080528752
1.2086099289745051 0.8725594957430729 4777.26067559844 0.00037954317554388605 0.6359378690719234
1.2263149313646644 0.848769774066356 4737.014706709637 0.0005616386139045989 0.7147331432021344
1.2070381045607692 0.9094180991996096 4676.526471936437 0.0003284543810653872 0.7203097885740117
1.2429363694536066 0.8710835040421546 4668.279163223916 0.0004160649198868079 0.7334978447229816
1.2709019546592264 0.8223904439399841 4926.719437977175 0.0004025735780757684 0.4940410766047816
1.1616129244973745 0.8662805389980202 4892.026217526047 0.0008849406947836432 0.4921763884508731
1.1711031591697494 0.8694183763668972 4962.947890507424 0.000581117345901319 0.458805562065379
1.1884957617368046 0.8736948373579073 4975.917446131465 0.0006032024562486453 0.4809739472605241
1.251209714382029 0.8375854234234535 4926.765162716691 0.0005431775947865731 0.4627569955896653
1.2104987683680408 0.8380479708591276 4997.229172335195 0.0005768336584657507 0.45890849859329663
1.247813684427273 0.8431513235633897 4930.94714690816 0.0007415858811421699 0.46597820212074426
1.2224137969428328 0.846238422118402 4985.445438913009 0.0007810561328000818 0.4380294925836344
1.2919269452800075 0.8458417603105844 4969.988044820528 0.0003741458865111775 0.45131204312429535
1.2232742105600742 0.862224591505426 4969.5708235768725 0.0008575811658544728 0.375438557980455
1.1745370047674581 0.8363489540915685 4962.170743978903 0.00026060525987363966 0.41305157284743427
1.0775745855586272 0.8103089783243432 4903.099673682151 0.0004997690160031887 0.33482073412749036
1.1306676100144277 0.8178485626907137 4902.576348959136 0.0003198204691538628 0.3619173394189483
1.0788240631614294 0.8063832880830133 4992.91345637232 0.0004601006488664089 0.29448820320839864
1.1981327990204211 0.8261340915031151 4951.6357382812475 0.000716348837483011 0.422514968351268
1.1907582782835404 0.8339026876274742 4891.731011593396 0.0008327647757853653 0.3792323612553831
1.1659025978465052 0.8067625766768274 4932.949252846862 0.0006439356514636412 0.43530890914044784
1.1674607051973045 0.8406251500325979 4955.304139814692 0.0007825205362226213 0.34214742078217913
1.1606797806846292 0.7996078298136304 4936.481635741029 0.0007744306915364271 0.37332661049354704
1.1606797806846292 0.7996078298136304 4936.481635741029 0.0007744306915364271 0.37332661049354704
1.1536390788684172 0.8067542289385381 4992.243081906481 0.000557376309793872 0.36635288930205046
1.146253953617508 0.8326913461311305 4899.784715966993 0.0006787679827602677 0.32756468992318377
1.1870336951059282 0.8080700271017331 4953.446839822263 0.0005096017866673493 0.35255840952091455
1.1365038118859587 0.7986576198757446 4974.957232187119 0.0005079905463481514 0.341480981307269
1.0942290319181076 0.8209800793963656 4955.179951392638 0.0003507316307817518 0.331346192900972
1.1873370689377594 0.8584320713615319 4955.952198036491 0.00045790693702122987 0.3620035515128528
1.1620610869421375 0.8274122420163763 4905.900602591473 0.0006339367095414416 0.3935932535534694
1.1853166887708855 0.7806327729714929 4874.594880427363 0.00041849035859542076 0.41604994571268794
1.1409971129543723 0.7953838000211315 4889.1837773568295 0.0006915387655366747 0.31116159352890504
1.20686460467303 0.7974583154809561 4958.688820698467 0.0005495119577093139 0.2818332060301946
1.1705996824264504 0.7983168634823713 4949.131568861098 0.0003460656394097394 0.29735449221249777
1.1542726787288367 0.7751339804502563 4981.719829943451 0.0004228050568018211 0.3403124595109628
1.141487039040309 0.7990337896974695 4957.645702048582 0.00040283969901033556 0.2822507239881145
1.1630356357849354 0.7923087192951332 4992.142953729461 0.0003835861790375932 0.3212200679145312
1.1915635096942867 0.7846015485622986 4941.370377275171 0.0006833381928351349 0.3314253039952352
1.1441588770185152 0.788477849994663 4877.176253882945 0.00048113387782821644 0.2947347209014028
1.1523550671744116 0.8093165195099845 4869.222720826373 0.0008141396140971761 0.2984782123770866
1.1950983131803419 0.7866421283068579 4962.125306359936 0.0004832544998163144 0.3890338067648238
1.1981267010200536 0.7748906638033163 4941.790772071577 0.0003655971627596582 0.3396107112885504
1.162950497169759 0.7766931494851143 4889.962374446449 0.0005457491292412666 0.3269584003799204
1.1795552893303842 0.8426732627856028 4989.427968321474 0.0003238333418041421 0.5248002099138358
1.170463354592723 0.8559783960893831 4882.604696176208 0.0006507403238608003 0.5565523856751919
1.1655617709225536 0.8560465432821625 4936.853612818928 0.0010143731140872952 0.546113930382067
1.174993711652601 0.8117910405775944 4952.518431458952 0.00043163526292172225 0.5360353673511695
1.1988689549677165 0.8232555461677833 4896.4512144367345 0.0007113186725329786 0.5593570497969349
1.17988877481895 0.8296437596720596 4902.593168883242 0.0007240884282284927 0.587322407936708
1.236269117935131 0.8174259615945357 4939.90054352439 0.001021269202222551 0.5236757971411087
1.1962847103616272 0.8032699751756502 4932.8342826526505 0.0007070678559518087 0.5724872437610701
1.1845446096016903 0.8042056034073173 4999.168401774921 0.0006250838580689819 0.5292943463209523
1.1956049044042243 0.8150188101678311 4882.825926916195 0.0003647550289121979 0.49859973936877355
1.1956049044042243 0.8150188101678311 4882.825926916195 0.0003647550289121979 0.49859973936877355
1.2426307839200637 0.8184831062363221 4926.885188621998 0.0002644337626577671 0.3748848433312076
1.2083772615125186 0.7780588428542385 4991.426936922655 0.0003041435823727611 0.38151601817682734
1.2488652767798527 0.7342229402742926 4955.709150586745 0.0002441254376171197 0.32131809747674867
1.201610264130212 0.7515114070609465 4892.256957990058 0.0003068408015382757 0.38724253124178265
1.210170673372288 0.7606790728235898 4949.939324172075 0.00024427977529016667 0.32980908010353904
1.2469975500005808 0.7318875150596357 4991.345945667338 0.0002351075285888783 0.4073822247384994
1.2298599572332256 0.7874968050902786 4997.473693475729 0.0003159561444041104 0.3947162838045022
1.2406959693546662 0.7355172445900007 4962.216347140956 0.0002420928790904757 0.4509153047002463
1.1764430409880255 0.7329153518121909 4948.985686636291 0.0005192167276666358 0.2869429434919646
1.1832213438015666 0.8227538895953791 4979.083065139593 0.00047319526327061184 0.49246930497749214
1.214923934177242 0.7719923349435135 4923.5063467520795 0.0007123566858880498 0.536305495283953
1.2281265597442692 0.8237816002776219 4947.992879547366 0.00040948862149162385 0.6276306793601278
1.2208242239158298 0.7950876468184416 4980.967162993904 0.0003657892711668873 0.5897865873322695
1.2223181294676035 0.773548864834795 4948.08336710331 0.00043864844225858157 0.6235675684030619
1.258347033369372 0.7765791590613509 4991.32319638991 0.0005472924817442979 0.599905708503951
1.2662248248861743 0.7797708982925556 4922.594526371928 0.0005189748628745936 0.6094128800355769
1.246492705649667 0.783389521915647 4947.738189704001 0.0006902269200247922 0.5809104538241372
1.2160225709038799 0.7920031521846113 4903.55072621794 0.0006707582677595415 0.6069733942612883
1.2354473532657706 0.8269800594215286 4832.964984069384 0.0007207982766360765 0.6140175627389433
1.2703497106187625 0.7980399580248658 4835.447800153384 0.0007103389821770719 0.5867257148861841
1.1867624897672249 0.840926081740643 4999.315941945561 0.00045894688877752137 0.6856017964298124
1.2410651499419976 0.8454729243343506 4997.369731482336 0.0005157823800680633 0.6725199317918729
1.2535986879265877 0.7471405630377932 4793.531824624405 0.0006572691150748888 0.6335590618690018
1.2073131519717444 0.79363144241857 4760.275837653037 0.0005856818191568836 0.6019692907954849
1.2618243035723165 0.783775053253526 4679.609445105576 0.0005793826439077113 0.6529985596571654
1.2264672901778868 0.796420805158915 4931.408119597805 0.0005482804279127805 0.5979703844250203
1.179238100965589 0.7766258394959588 4918.683875773666 0.0004439116557299465 0.5756335932530643
1.179238100965589 0.7766258394959588 4918.683875773666 0.0004439116557299465 0.5756335932530643
1.2472048440049233 0.8239411319029831 4939.739277869734 0.0007287144624076024 0.6825052609569449
1.2641049558377104 0.7780411537010564 4953.895158755023 0.00022025791401065575 0.5689377271737104
1.2821656458981587 0.8075467441669629 4869.377715812615 0.00010186371322384263 0.5964135991498698
1.2821656458981587 0.8075467441669629 4869.377715812615 0.00010186371322384263 0.5964135991498698
1.2754839670327942 0.8002245599868255 4741.646688047009 0.0002099367857815143 0.5489428879523409
1.30877456257568 0.7860960846451003 4773.06089822676 0.00023231434409664886 0.514754449081078
1.208730259183324 0.7845894858919451 4829.088240078281 9.51126095673198e-05 0.638743886706528
1.1974639148499802 0.8310214037847811 4760.955444970965 0.00018287517402990083 0.6477404939371408
1.2681613707053472 0.7679265432136989 4872.0153750143745 0.0002802682763148869 0.5324751286942853
1.204266405587987 0.7681286216762774 4832.591450306795 0.0002688299616247667 0.30336932010152357
1.1626169810962397 0.7405820147201195 4790.256822878727 0.0002821034643431583 0.262289684907204
1.1537359956801247 0.7648420524424357 4829.199626492531 0.00026225347460372914 0.33706921949658986
1.2010793391438515 0.7700325753749256 4835.525322258074 0.00032218288404089345 0.3076919125878832
1.140927362985221 0.7615915572397461 4767.120575704874 0.00030221498743448984 0.2667127611489989
1.180122493959287 0.7880662335655584 4852.031418401305 0.00021319733665723468 0.31551098916686937
1.23321218628703 0.7737611950459757 4709.8573861111945 0.00027060910099753206 0.31757261273641096
1.1096088258247647 0.7301959813952204 4668.216020897792 0.0004531980014059605 0.223943123710245
1.1869869572495244 0.8024688506593014 4698.915689086978 0.000250254627127865 0.31258340139481094
1.1375152451782826 0.8089709918448208 4676.986968161386 0.00022690391340007872 0.3385438936821702
1.156086744430152 0.8331487276325 4676.22288997246 0.00020092774951911127 0.3544534042740531
1.1409616615360942 0.806396856820742 4837.468962304252 0.00019862893722866 0.3181803757345247
1.1807962903810147 0.8088486908376477 4737.205484431051 0.0002182766457247144 0.35827084737846693
1.1807962903810147 0.8088486908376477 4737.205484431051 0.0002182766457247144 0.35827084737846693
1.1627363649647218 0.8324833037583627 4805.826955507729 0.00014569375212431925 0.3756432859129709
1.1627363649647218 0.8324833037583627 4805.826955507729 0.00014569375212431925 0.3756432859129709
1.1728231060016863 0.8274309242684277 4815.098499656038 0.0001604021203855712 0.3670112147521362
1.1704363800258388 0.8291740675910204 4805.424227592374 0.00022289553261430634 0.35696776589576695
1.137833120267661 0.7989597322220101 4739.625148866319 6.401565736894877e-05 0.32600795293817886
1.1683842192937768 0.8091965382613685 4806.403797867394 0.00027645178990271034 0.2939066904752526
1.0807736944812234 0.8637540198444384 4817.287435435645 0.0001666216076556096 0.36399271195364513
1.118432125497871 0.8326394933083121 4852.212940384427 0.00019107377566993225 0.33901306752269056
1.1340503840608191 0.8563876349897016 4739.806424559213 0.0002463680436895542 0.3783282144088663
1.193441754077478 0.7909563013734325 4725.508221005515 7.371491207942889e-05 0.3205780600137784
1.14398768569189 0.8175463280900754 4782.820137117175 0.00023715686230383495 0.32982062005833046
1.1311421136579074 0.8335797353640636 4739.546147532109 0.00016846114453578364 0.32755060214732074
1.1637365353551434 0.7987096631993277 4962.851816069766 6.85478130786778e-05 0.32512633985812633
1.1313316877619373 0.8139977902414255 4994.917653535032 0.00030000558399864014 0.3308578804730322
1.1337247604563943 0.8223368140527832 4987.978826846214 0.00016986932985343464 0.2964995202005072
1.0952812824076492 0.7922698663337556 4868.7318751704 0.0001418555940113445 0.31961517879323137
1.1209698695316952 0.7571718626005569 4868.538417885474 0.00013181546587661007 0.2872459459549389
1.151734477832915 0.7862231903926999 4987.435694575734 0.00013560595188140452 0.28848841784866897
1.12062652944471 0.7707403483315916 4938.6798808702315 8.86848656323434e-05 0.2714567602371116
1.079370760020966 0.7706585619322546 4925.684163778262 0.00011257983046058636 0.2712168076642907
1.1583137497654235 0.7813825343112561 4938.150353955059 0.0003304823413461895 0.3143481324648039
1.1656386424723593 0.788036816281006 4901.132938381366 0.00028493823402312926 0.2807410596500533
1.1663731606674577 0.724691661455501 4903.530485634354 0.00028838117629767214 0.2798770928042798
1.155569693223876 0.7365956628971588 4987.0527158056 0.00026552832462984043 0.22166946853971536
1.1120876634034254 0.756236656473533 4918.146970477791 0.0002386864467555201 0.2739551952812038
1.1064589831245204 0.7846648454524732 4872.145699505595 0.00020035050058005594 0.2833319684521751
1.0661655561673555 0.8043209737233842 4868.191336077602 0.0002580809713239671 0.2906695345354477
1.0103720021729878 0.8070064542448164 4918.296516557406 0.00017965576563466006 0.29610368965923417
1.1247621389362474 0.7661760304759908 4987.998186572563 0.0003412780952433549 0.251680311367864
1.1648703820870834 0.7178471210560887 4803.502525882519 0.0002224274610457762 0.22563876178657855
1.1592839770805692 0.754898216585611 4902.4181565132585 0.0001532649479047139 0.30394974172108385
1.156497504027787 0.8099018691639269 4988.327573520136 0.00013085753169374072 0.33306527683649134
1.1191126666996367 0.7450451624474739 4985.277534180791 0.00021328556466747994 0.23635726374872248
1.1761132830105825 0.7805445723684048 4986.690078834143 0.0002948623370253672 0.3672609279935515
1.1071712355213594 0.803043021761982 4817.114247216397 0.0003077140130317578 0.3291262732106086
1.15297153329059 0.7607679416191198 4811.6889813240605 0.0010254195864004506 0.29864960731439105
1.1961224608490184 0.7507633979498073 4815.978457065592 0.0004928607197511396 0.29197555919166773
1.039325916579688 0.7476219129426426 4984.825558959061 0.0005497122527221174 0.23771965321808097
1.1143321053462234 0.7604975977793763 4892.665746424645 0.00048735560408565885 0.2721792760051551
1.1564175609491172 0.7328469380708947 4884.1550013842825 0.000889228896785935 0.2604601496337225
1.1799963201985433 0.7581973841775657 4892.364337783813 0.0007123077116255534 0.3165422327817089
1.1723495665178418 0.7382343242910836 4936.023866727531 0.0007383298866550224 0.29428150078522236
1.1912387044893387 0.7636423820598194 4953.502256145313 0.0008290641772848936 0.28688912207862943
1.1878037859158925 0.6937361168725508 4903.55607839793 0.0007735226309892794 0.2884693342634025
1.2027803928278809 0.7511477646421254 4811.8071753833 0.0005476266933702575 0.32875961355756117
1.2466969813490285 0.7736079441946995 4899.952590623574 0.0007045858288297516 0.32865072280936763
1.2547974426200859 0.7606311718167816 4784.105109046092 0.00047282973626466726 0.4182389043332968
1.2547974426200859 0.7606311718167816 4784.105109046092 0.00047282973626466726 0.4182389043332968
1.2695344996189923 0.7690717737483918 4794.079308923995 0.0005443379460325506 0.46662376230963465
1.2603538478193526 0.7618462110653521 4739.046379789204 0.000590564541767773 0.43272942922620317
1.2603538478193526 0.7618462110653521 4739.046379789204 0.000590564541767773 0.43272942922620317
1.2817319881484344 0.7825458460987996 4899.867220237806 0.0006644330527373014 0.49601079896668204
1.260818067662532 0.7686295416709629 4784.745334874153 0.0007478867844523643 0.450107055872365
1.326562833786011 0.7524096891283989 4987.647379696369 0.0003833587027106801 0.3809358477592468
1.331475349145224 0.7156419941289582 4955.629858258339 0.0005726171246182714 0.5169019731672444
1.2443653877081495 0.6984636091250953 4837.165916355193 0.0006029734003403996 0.4271729274026106
1.206708068521732 0.7136359382204822 4936.315130890684 0.0003661049281149492 0.37086871354778966
1.2513056506747358 0.8161409018474457 4955.738097386149 0.0004461487680453652 0.40901445222055455
1.2062448198844624 0.7834928013339681 4920.43844259463 0.00046592235793624506 0.4323910901327168
1.2381710846278255 0.7351306744400167 4903.767833769227 0.0003916854956239823 0.5457846612189411
1.2608439970954421 0.76353528608213 4852.845415518673 0.0003373501946397408 0.47801013541230697
1.2166417087351837 0.757854386468183 4936.308584783224 0.0004069725293531272 0.49955364488067633
1.2018244931607387 0.7805431731391548 4999.494356009718 0.00024737382483504863 0.5179169722539178
1.1977227303292586 0.7982712765401143 4903.101973375266 0.0002797599632744699 0.500374415429377
1.1977227303292586 0.7982712765401143 4903.101973375266 0.0002797599632744699 0.500374415429377
1.2513538036812406 0.7661414568009727 4910.826064453771 0.00024782806022716523 0.5487630433836543
1.2654479649839585 0.7757787014267274 4871.049993745472 0.00021222436288027 0.5080429105401774
1.244810877554997 0.7310374014701799 4966.070858896329 0.0003498659687047141 0.473322635095687
1.1655290245426073 0.7592402105435239 4918.531117461372 0.0002933060469324225 0.490135232207873
1.2011106065335884 0.7454556720681573 4886.26056587677 0.0003128621536757278 0.4722804098726241
1.2587950795518645 0.7555608749792098 4997.658700900173 0.00027273616356562235 0.47144766961968115
1.2679042876850963 0.7550645132970458 4957.074067865977 0.0003641916742882684 0.4709574788759026
1.2727552975090501 0.7306461014532956 4949.6106420453425 0.00028712823476841737 0.46874050335914136
1.2354547008685022 0.8144321690756361 4871.7989040493185 0.0003523101940727945 0.44592821331567584
1.1787573565052463 0.7959965386431774 4874.337881122173 8.193608826446244e-05 0.3923404612144815
1.1726163724744518 0.7552558943547444 4954.148881504707 8.919732371954011e-05 0.3112332148030707
1.1733260332209134 0.7495302750330024 4817.9519071008845 0.0001031111732642261 0.3064788394935922
1.2371251931972975 0.7357859037142604 4869.3210870057055 0.00012520477428584946 0.29913156100768923
1.2356139273290587 0.7820643111422838 4815.690626085804 0.00010901280458666116 0.326352085077067
1.237618700247814 0.7329698363961381 4794.396693783056 0.00020070558767152182 0.30587532340210183
1.2253558291890705 0.7838966470787709 4899.226730556585 0.0001845726162924533 0.3155171829023403
1.195503569374283 0.7237728464522095 4902.997435061896 0.00020370011254696024 0.34904584453203624
1.193039046189516 0.7787134736811374 4939.146634068812 6.992752472857671e-05 0.329225876472686
1.218110931845934 0.7360610507923997 4920.123676007714 5.9594510131219025e-05 0.44644661906603733
1.2626686112668555 0.7408513103976833 4832.491328353074 1.4147305443413159e-05 0.4162011755121263
1.2545077345047906 0.7728237402120038 4853.235513525443 -8.12959954890788e-05 0.3413614323509678
1.244916120322918 0.7479888386510372 4853.546133593 -2.2333390495130143e-05 0.32138282027022913
1.1967152091468112 0.7401207559033274 4882.404975640546 -1.8041648373897038e-05 0.3659378279955313
1.1967273939269825 0.754952500669162 4832.648850717821 -2.531732770946235e-05 0.2916967787236421
1.1960000485574769 0.7644512028267578 4832.847053734977 4.6738606301991616e-05 0.3333493983349962
1.2387900289226617 0.7742662006402763 4802.460101534234 3.858975777552731e-05 0.31664179279636606
1.23042249885162 0.7598203847130718 4804.682801931333 0.00016723574264406542 0.39059274043209524
1.2298727352749006 0.7664153572250227 4815.295743834185 0.00024033100042230175 0.3592275515093378
1.2805666869096994 0.7495205337447889 4709.831557310884 0.0002888516635731494 0.3411656298556226
1.204410817241333 0.7215820245678879 4801.804650161145 0.00018459800033451438 0.4415282206527879
1.1980204486051842 0.7735209210468225 4731.664434666244 0.0001612123452282391 0.3591208243458678
1.2331819296777338 0.7571037984284263 4811.406328125747 6.579753838258413e-05 0.523375494296459
1.256709741217641 0.7995078622833955 4869.484303339978 8.768217935483626e-05 0.4294209212044787
1.256709741217641 0.7995078622833955 4869.484303339978 8.768217935483626e-05 0.4294209212044787
1.2637354587590006 0.7726213057771443 4841.361439385817 0.0001188629498793798 0.46064141786383395
1.3140491295356265 0.7624042719945531 4802.5978301455525 0.00017436267083661332 0.4384084481661138
1.1807284673566851 0.764313089271919 4980.998716635672 8.552060209469173e-05 0.33188021191129013
1.2390212369155877 0.755329188509765 4938.934176245382 8.084372907220618e-05 0.4238593722429618
1.2039324780200262 0.7611518016458262 4927.118255993814 0.00015881141877342956 0.43514117235158156
1.2760488805753187 0.7588460338568271 4955.262866509112 0.0001269217538221772 0.4071472764325282
1.251135865433326 0.7276300108058154 4962.461970207067 0.00014459079982995357 0.4789170751467452
1.2338880340247047 0.7492385714465295 4941.967822561586 0.0001598436753858482 0.43205446902544264
1.1943740256898443 0.7791861349187096 4999.502468322107 0.000169745741970165 0.47291845003048544
1.2562375334787677 0.7621789464090085 4983.996810903701 0.0001652838788236598 0.4789832806047811
1.2047255548152105 0.8013038534082149 4975.249790104983 0.00013689276152577094 0.41466208718808495
1.295780067228725 0.7118491631814037 4957.016142317405 0.000172117101179754 0.4457413923995984
1.254025002363107 0.6918390620643391 4920.240921076312 9.36838052015147e-05 0.5096643415694208
1.2004217828358847 0.7839650741768248 4925.757801855184 4.268346399532209e-05 0.47850463354903267
1.2227249932737916 0.7012316600538443 4927.661038337432 4.531755608280173e-05 0.40910131919231263
1.1799378723821983 0.7615198306348299 4861.75607821648 -0.000603007169039978 0.41093990419895954
1.2476513612993179 0.7976270939642559 4926.479839037042 -0.0008068151178305789 0.3602488915060062
1.226141035885679 0.7166281710295961 4887.728711015062 -0.0014246984099704739 0.3338247693251104
1.2605634509442063 0.7104770999714488 4869.310408407907 -0.0006264952775420827 0.290859692388298
1.2142822919019427 0.7158963896380052 4811.700786349068 -0.0005207804610374868 0.34636252438836035
1.2315182508790499 0.7566545623283807 4910.711366384771 -0.0006812932466107815 0.41032274975424315
1.2604047572530137 0.7385826538056199 4853.633896016731 -0.0005736573706063658 0.32282981770782465
1.1992305462208064 0.759147700782135 4927.635508507582 -0.001215639173458102 0.3784708528330447
1.214237311250624 0.7272930727481202 4995.513045639105 -0.0004957679962850014 0.4467591615202071
1.1605921669553831 0.8003679346376994 4999.965587453711 -0.000286717941686599 0.39816800193100016
1.1589399406642271 0.8487982078608528 4968.912650808783 -0.0004887391350836802 0.4700883734777376
1.1332859080533817 0.8661583284253567 4994.301887720202 -0.000504234831041738 0.38824205755415087
1.2042541566445868 0.8145299487156025 4901.451209772404 -0.0003816512977787824 0.36623230470730617
1.1944578168281301 0.8181544591137317 4975.470015726996 -0.0005346710242504852 0.3710556917058662
1.220571603427892 0.7580159930081164 4954.014241506291 -0.00043921509327572006 0.48402603843816394
1.1783776698321806 0.7968974737947784 4898.625180414011 -0.0002628312082967911 0.4246784293688086
1.1768853259671133 0.7844504239414357 4868.554860902074 -0.0004881431393869185 0.45919203287826604
1.2159267886411433 0.7573972235052221 4954.965440268343 -0.000535561857184766 0.4732970490232098
1.2384300511684883 0.8113464006481719 4958.593369059263 -0.0007912111442350098 0.38406790789405776
1.1513510723507152 0.8077096210308228 4927.376315006856 -0.0005131934740748715 0.35440241546969437
1.2131489274512328 0.8162923217393193 4984.326654765944 -0.00045234211422130716 0.4562931563343494
1.2131489274512328 0.8162923217393193 4984.326654765944 -0.00045234211422130716 0.4562931563343494
1.1655740599437432 0.7902949141192198 4888.997695212633 -0.0004942832818815346 0.36109965347126205
1.120959260433419 0.7569653814292738 4868.59361922175 -0.000937015315797464 0.27361597391195647
1.1417955227435974 0.7937260951360141 4902.544899156941 -0.0005482204867322326 0.3238145584234772
1.1656815324689178 0.780141096217213 4874.946109975777 -0.000685717751896244 0.3416748061884728
1.1532331603458377 0.7795481318473076 4927.204668647003 -0.0006277537719125448 0.334659531404929
1.114715782839112 0.7932668479807371 4918.977564007692 -0.00043467641938349185 0.32292444352529376
1.1358620890289 0.763719741846184 4992.3759648550995 -0.0007198633929489135 0.266716482574727
1.0772998353887961 0.7464107669293585 4903.680348688267 -0.0006884475565813984 0.24511872418665975
1.183537218627504 0.7778163284827158 4891.88179449591 -0.0003990123875855601 0.2798878041955285
1.1799520903296377 0.7910710248989402 4849.960661777275 -0.00037414053716533025 0.3050937788326341
1.1322093987748476 0.7935050509441983 4905.326535073879 -0.0005413811435696113 0.31411686595632027
1.122388138374029 0.8260569912233777 4957.789812310654 -0.0005664038809979342 0.3069557165932414
1.1327594281764757 0.8238480621805145 4882.568432851496 -0.0007830805780389529 0.3409464442753245
1.1664219777789515 0.8247748043150124 4853.674209938274 -0.0005841977727034045 0.3139139530433329
1.1523203076371316 0.8218242932393576 4852.753636381235 -0.0006762016810623468 0.32343889152206295
1.1720353229070082 0.7742554676148623 4817.234623186919 -0.0005550431442588293 0.3299336402309758
1.2156838302384176 0.7784731539977735 4849.450434544245 -0.0005399939073755209 0.25722359583115484
1.1518606904580442 0.8031202715176389 4887.2418947886335 -0.0008318901207198034 0.34798880101436624
1.2352630859654126 0.8171644139165177 4709.273480296403 -0.00023221023164866385 0.3423331693091114
1.1998495445236896 0.8280031535159866 4802.382656976412 -0.00044336905623191766 0.34220908595104427
1.2141486457138864 0.8322158419902314 4806.6283423105915 -0.0006053983030929841 0.318343877627031
1.1802272129364295 0.7963290684211759 4730.470673494545 -0.00040164288181766274 0.37952773246889526
1.158076977543661 0.8343320134539176 4709.252622631117 -0.0003162081941765292 0.3435050209512054
1.1456339535862576 0.8318040205964817 4668.515854877439 -0.0002921992453384761 0.35592822623166687
1.1879888261911744 0.8215022074465099 4709.136188537809 -0.00046883314935066686 0.35847860749158306
1.1955493224256195 0.8280005359807856 4799.986281178602 -0.0003690576218918279 0.42632812339418386
1.1470280845307668 0.8319623521682128 4663.55799260994 -0.0004425904998844044 0.3586527292700071
1.1606743960755543 0.8422982249495343 4784.024155691244 -0.00041520802150048485 0.3601408193548772
1.2263592291019447 0.8313746246294389 4698.778270748676 -0.0003128408992802846 0.41330685824158553
1.2313658534146563 0.7280673159529873 4784.434967025939 -0.00011267458370417303 0.30188804532271535
1.2022780828029969 0.7418079368209389 4811.86404117998 -0.00024042706334413786 0.32623833245399836
1.2022780828029969 0.7418079368209389 4811.86404117998 -0.00024042706334413786 0.32623833245399836
1.199100727437986 0.7731543990176408 4737.130835673865 -0.00014293553373224564 0.31995860961432926
1.1954274091779056 0.790131625038363 4790.011213734407 -0.00021296724255489587 0.3724428007374847
1.2438674008094417 0.7888414610070666 4840.081531191635 -0.00027132679991523226 0.363783092926825
1.2485935251834719 0.7471616442667212 4814.7025231708485 -0.0004046818107631539 0.30923594047674585
1.2016980485644053 0.7944257442557765 4643.390255012029 -0.00019782565672515928 0.31588045943351983
1.1891676898547272 0.775026697475662 4636.138197808357 -0.00011732088807197926 0.30240623668261246
1.1798728523089708 0.802705324842917 4799.970237022289 -0.0004486299632063562 0.3418359892984163
1.152856759231339 0.7321287236269964 4948.888533314972 -0.0006056600750804999 0.28720596669480203
1.1692245757944866 0.793348417595629 4804.497613843723 -0.0003840363718230991 0.3097334725243792
1.1420356498635416 0.8065778653002085 4709.4541727944925 -0.0005785725971747311 0.29704955084403867
1.1597491899240304 0.8148126286077781 4803.105169269122 -0.0005487095437245804 0.3194914791184298
1.1518618295880556 0.8139544554090087 4737.189197986408 -0.0006230339042551512 0.36227429675904965
1.1564783209687413 0.819973337573267 4794.637381489441 -0.0006254871906014602 0.3206747736592662
1.23521857549563 0.763978416989477 4709.9397488728955 -0.00043386265740626525 0.29143936139535664
1.1806317412482652 0.7505770680414968 4737.146541214283 -0.0006603300073799489 0.301680685855867
1.1697923503731054 0.7831109520345383 4704.994986003904 -0.0011247107745767423 0.29750760348991556
1.17194207286683 0.7911809390703404 4743.744267626991 -0.0009290965894792054 0.32799273085363573
1.2172858059256106 0.7975391039356935 4709.75652492677 -0.0005460381722809743 0.31528909254950666
1.2172858059256106 0.7975391039356935 4709.75652492677 -0.0005460381722809743 0.31528909254950666
1.255309296613515 0.760919575123037 4741.963228292181 -0.0008165612298350103 0.384579000357686
1.2472976498190425 0.7520500978028337 4683.1976089196205 -0.0005843659365091038 0.37693736440480574
1.1643296722967562 0.752355891889408 4787.055603249825 -0.0005611258164257792 0.4156557599288766
1.1846117996124939 0.8051773990778414 4668.525988046404 -0.0005478433913392918 0.32966160856256
1.0692155426908176 0.7943503489007481 4797.155064750619 -0.00029688026220786243 0.2790635972997054
1.1151672431805393 0.715653017355359 4636.300728220959 -0.0006029318257869428 0.20519639253661198
1.086420810055282 0.7682285936381816 4760.978465740217 -0.0005396366084087589 0.26903009401881417
1.204779709996157 0.7952271858703073 4629.310826187675 -0.00025799526696213747 0.5382346121615256
1.2266388635345493 0.8156758998348587 4636.6440615274205 -0.0003058416263248231 0.3808228777960142
1.2445383889544694 0.8117890536626471 4802.894859717269 -0.0007170145601863077 0.36643963319982426
1.2489460043764287 0.8085544724334367 4803.922234854022 -0.0006263238030751397 0.3430185339412596
1.2418966449397904 0.7695891720349419 4799.990268968648 -0.00033345781866634094 0.4132944182485404
1.249979925019062 0.7651272918295209 4767.589410356736 -0.0003111231258653615 0.41500660577886506
1.2635864530521885 0.7690327050208122 4784.1043809787025 -0.00039971423453265595 0.4896435966907943
1.221523391172449 0.7630506978815069 4736.661101687101 -0.0008220361983154338 0.46628689732032796
1.2253983831121182 0.793382455507435 4784.947741959913 -0.0007618731187307459 0.4213591174450856
1.1638222204011996 0.7576707998649119 4752.546512071899 -0.00048275932895808254 0.5207939445330684
1.201467812230658 0.7993441503559463 4663.329685678605 -0.0005847845501792172 0.48999566765522606
1.2143311799558874 0.8015259816953373 4827.476317691679 -0.00041979401362514574 0.45932980696595105
1.2435755931173864 0.8136829767325197 4794.021635155166 -0.0005856660594352289 0.45620857855871944
1.249537490129259 0.7847134991671437 4832.787505901109 -0.0004114238332822075 0.4582179365112495
1.2377551045263049 0.7847748653491524 4794.756098787607 -0.0008620336009010556 0.3699202789221586
1.2285116794754554 0.8366067040798174 4865.116990835037 -0.0004975439648074692 0.41371958831222894
1.2424557746024898 0.8164563365985184 4832.949867228869 -0.0005371491460325807 0.525149627347394
1.1833355129646181 0.838788996293647 4837.0945252383835 -0.0004314915401554839 0.49844470819123055
1.1833355129646181 0.838788996293647 4837.0945252383835 -0.0004314915401554839 0.49844470819123055
1.25714681433324 0.8256821649551456 4853.713984761198 -0.0006245046103830155 0.5228489538314296
1.2402866355578508 0.8857137786911523 4803.742237855277 -0.0007453394345567104 0.5298227789899748
1.201101852011069 0.8686250468101047 4891.379799439999 -0.0007700035902882036 0.45264774541695196
1.28323570890783 0.6924634968287664 4737.920346045309 -0.00017676021449959661 0.4680969062614272
1.2931287295653409 0.7259213215055011 4741.018980883108 -9.84384433533541e-05 0.46321569254747785
1.2946605486161273 0.7293007571508943 4677.042449605434 -0.00023313867334842994 0.45584221308415285
1.328275714942695 0.7519038586475908 4674.588495732041 -0.00013799003835244847 0.45182002390539183
1.3270795469206806 0.7272006974542646 4674.476574476435 -8.210007015199724e-05 0.37593885436715824
1.3142485812237563 0.7233101042335295 4709.213917837254 1.4810737514290587e-05 0.3522033847719678
1.2337999241268927 0.7092392532844294 4663.137253105307 6.699977609026017e-06 0.4049131982710751
1.3275856594147162 0.7610112783136901 4674.7420794635555 -4.668550304707495e-05 0.42602536529625734
1.2257425771483526 0.7318329049816351 4966.688684157533 -0.00023727994451983983 0.4256216992694405
1.1771035861383476 0.7306384323976799 4918.109593467801 -0.0001932612164672356 0.42998757814623345
1.2266370396090571 0.7023579101234868 4936.058846917625 -0.00020148161452550575 0.44122827355839833
1.1825917672714605 0.7609312310104103 4882.423449847372 -0.0001611073780491734 0.3655307029216842
1.253551704665803 0.765028055246209 4865.734026320946 -0.00021415349654672135 0.38051109924473214
1.1906615051988176 0.7809072971719979 4874.259379950042 -0.0002183825122065295 0.407456765270469
1.2209436091026433 0.7645143117472156 4872.266533706187 -0.00017774201189897691 0.32909858264114844
1.221161141511097 0.7094630861879715 4974.931044245996 -7.047584136650375e-05 0.36421134732880867
1.235058440020867 0.7272859308017293 4941.488294844938 -8.903262634948177e-05 0.3564874240641653
1.251703746510446 0.7128272329335705 4882.871141944371 -0.00026857423904416326 0.47729459590041023
1.230194000357764 0.7384232195709505 4936.359008749755 -0.00026317890129913584 0.4643219221361546
1.2230648619233375 0.7250222637250437 4932.448008209736 -0.00036499216064917204 0.4799203215073463
1.2284551032072397 0.7244676889236548 4937.168490294393 -0.00032604781363376934 0.4434238098102573
1.229601886604105 0.7223377125634448 4966.206015299998 -0.0003729244285231459 0.382647196997853
1.247487455259341 0.7702186955887808 4978.860463990741 -0.00033671731384060004 0.3472292306279474
1.2334868926543405 0.703106187534929 4889.084098879969 -0.00032792300128939354 0.4020814811387601
1.25755515435248 0.7550739985855033 4957.579225095243 -0.00027152696410445297 0.37005291092497833
1.2239948448421134 0.7483296651533016 4874.711209020917 -0.0005408225849490467 0.4674403001729051
1.1458617525807577 0.7585344878484158 4948.276536684574 -0.00010785732278778171 0.2920772549071638
1.164040951303396 0.7623733371105467 4944.916486601665 -0.00010249669613980882 0.27784088711284294
1.128220241546272 0.766661917895418 4902.733493609774 -0.00010074216005263519 0.26563334299018704
1.1380861359046375 0.758605176669374 4886.648391444032 -0.00011465218445289882 0.28663147236072817
1.1307611739934305 0.7436682796589585 4989.273859057743 -6.666267158935469e-05 0.2676427270717504
1.1648533615782064 0.7511992525738456 4991.053103704173 -0.00015669741635631937 0.26049095553674556
1.176647076069089 0.7440738021817765 4837.62444896753 -0.00011147852443665572 0.27514591374256264
1.1834579436819948 0.7537782888748826 4884.637128875123 -0.0001327155915571752 0.3239547580093082
1.146191170781246 0.7516788622407682 4829.6153800365955 -0.00017713707351304413 0.30435819020981125
1.1818987651192734 0.7186127054651588 4837.0083636649115 -0.00021125337323723043 0.29688502259211846
1.2003998126924287 0.7359822663231412 4784.66597527732 -0.00020647338990571323 0.2556480152963436
1.1223749729584576 0.7320458221947415 4985.239085788582 -0.00039613227674740786 0.22348047569141238
1.097488607930226 0.7319923911571433 4918.3496357010035 -0.00015327303021867863 0.25646193597546735
1.102089455840735 0.7223859063760837 4957.0933817539035 -0.0003294875164338418 0.21590710220968803
1.1481828141300592 0.7380261997910127 4902.6422248185045 -0.0003172780769468747 0.26825641375995746
1.1868618199347796 0.7404133243013815 4936.546874444615 -0.00018717587361025796 0.3095363825730721
1.1927772620038801 0.692328232767186 4811.421552524267 -0.0005675295151259973 0.2710327319243625
1.1187132193217875 0.7726770016329907 4832.201916480878 -0.00020431555202907173 0.2817285720695571
1.148444622824535 0.7757450443382345 4892.630272965607 -0.00021193544085073716 0.3186367727670029
1.2069175531694643 0.7823055281521039 4955.904389811156 -0.00022118871537636596 0.3284125530219898
1.1137399226764408 0.7919833046765484 4837.490307835508 -0.0002714352977865237 0.2792863044051877
1.1488735827040508 0.7887273300094275 4884.4049290102785 -0.00024059126012316288 0.30767022687736034
1.1569403154440647 0.759422537193293 4886.547138178299 -0.00026330446305271375 0.3299839809412006
1.1612901888986211 0.7855720435700155 4874.0215003261765 -0.0002837960422948891 0.35912512951695524
1.1516110265968003 0.7685299211475021 4872.890187498083 -0.00035711038357749935 0.25691395332937805
1.057723064502444 0.770770010238647 4920.510317213573 -0.00027686240194816996 0.25368058642157854
1.184806194868083 0.756345063866406 4803.810759503023 -0.0004057042801093779 0.2421766131580927
1.1811135425194013 0.7620094287596066 4835.064903654371 -0.0003510498727560807 0.2777907735388583
1.1281194901404543 0.7672426359418579 4995.330291127713 -0.00035161002194015263 0.27905968384258917
1.2006638793796218 0.7872572239629213 4933.577024481254 -0.00030301197204004985 0.2981674691211633
1.292316656952874 0.738753241080768 4741.025296529433 -0.00011746724679999803 0.47892956054286406
1.2599481888810449 0.7574163847406631 4852.575546382578 -7.304950237043828e-05 0.47330525198094864
1.3086837952797534 0.779332253416192 4806.1002722888015 -7.664770979541571e-05 0.41812500836498667
1.2108217638142675 0.7254646843943117 4902.645947775566 -0.00010141646808650327 0.45524029041877534
1.2370724892638556 0.7499766262193799 4920.244812793854 -6.041233732125131e-05 0.5678757447556436
1.275300398459341 0.7455206498682727 4975.203275348812 2.018003309809441e-05 0.537525021147551
1.278581175087139 0.7945092148926723 4821.908629479611 -2.1821612582435173e-05 0.5331777374754085
1.16794634945407 0.7495642973009589 4709.318692107434 -9.493283483398128e-07 0.2602926155888669
1.1629814614708762 0.7936412691782365 4739.142780631227 -6.779212369869933e-05 0.2934095677767562
1.193093148162774 0.7925698158608628 4725.305003022201 2.1875024375193e-05 0.30547307597244905
1.1592434657847748 0.8166338780689022 4832.326868115626 -0.000127319985760578 0.35775800709989863
1.176032195924919 0.8149643868052128 4806.655948298929 1.3993041710696455e-05 0.32662940109381167
1.22667213269469 0.8165564540507744 4821.810992363726 -6.290552999544632e-05 0.37840079756951117
1.2288393474994954 0.780488615999577 4850.194450323959 -0.00011607307684078333 0.28081340180129416
1.157129265003844 0.8386968685068861 4803.476444383815 -5.687336384629537e-05 0.35799180560773136
1.1882405344638762 0.8305346124930338 4811.58554558988 4.342392855845036e-06 0.43657259812750954
1.1902563701647373 0.8180832823634945 4731.175457893121 -4.221880805850104e-05 0.4111157895246573
1.182334611057199 0.7960590263288542 4663.266869213644 2.0208263358787103e-07 0.41511748390864833
1.2044404068292565 0.7533952400274884 4629.6818657109 -2.8419171628794706e-05 0.4065060621248143
1.2128981046173475 0.8088600418038399 4683.563528319571 -8.06318292593385e-05 0.41384426946973907
1.2459945155283296 0.7919973326522223 4677.408892251075 -1.529590017127366e-05 0.4202311752404666
1.2459945155283296 0.7919973326522223 4677.408892251075 -1.529590017127366e-05 0.4202311752404666
1.149085098105239 0.8087293064311839 4905.157316694482 4.309456400769057e-06 0.3520534603995837
1.1115486798229235 0.8107175374577357 4949.8298196308915 -0.0001560958428623596 0.3129001175023427
1.1607399171154724 0.7629127413601796 4911.732033306113 -3.7753049080753306e-05 0.27742798965851895
1.1529220299285163 0.7700185033341156 4949.152571130374 -8.783890075242548e-05 0.2529134250532631
1.1706637324357205 0.7716819836983667 4985.635736859426 5.173618035043759e-05 0.2632523651812572
1.1329318059735463 0.7845918021526674 4985.314754277149 -0.00012104424377587473 0.2978950977087011
1.043652006167544 0.7642436473785984 4994.085564370231 6.790318327307813e-05 0.24979333172475854
1.08110320584428 0.7219393564919405 4994.820915045492 0.00010309086954123515 0.2286461826895333
1.1669260004998223 0.7561307531370965 4966.239341346529 -5.030276696871249e-05 0.27766740494047254
1.168733054889289 0.7579604847169624 4927.052561498313 -5.7305343113132335e-05 0.3315158241410297
1.15880316891001 0.7369683294998162 4948.637592980711 1.1360445822648426e-06 0.27636370593397525
1.1560552885290922 0.7112732687222749 4955.266513966635 7.283503052645978e-05 0.2060374384865871
1.1810345831114262 0.7518124783236658 4923.904346013899 3.5656488616217974e-05 0.3314853145097769
1.1826077034887683 0.7632911791059246 4987.0653396901325 2.1357734486033787e-05 0.25978395255668524
1.2116848920401364 0.7525734422088562 4975.627583108959 -2.4910405628693984e-05 0.3164002149129854
1.1825034810546564 0.8060452585847849 4960.659864730892 -0.00020658522200705864 0.3293196795245049
1.2201062379284837 0.7531050197893766 4962.059636899634 4.6587782816513834e-05 0.38138717574854547
1.1957867544525662 0.8004202572356156 4997.954835818654 -0.00013836003939514922 0.35748228893182354
1.1429433440045176 0.8247677357836991 4836.228995461045 -0.00018899445909378266 0.3219350842631393
1.1647635079763905 0.790224396739015 4836.25094338285 -0.00014025328720482615 0.30005272473101136
1.187782075770722 0.7920763261673188 4849.905835643656 -2.8042447265516575e-05 0.30640119838733176
1.1978326808264694 0.8077382714937211 4899.045408582328 -0.0001267664630925817 0.342057168320698
1.1160686264960658 0.8027707837789029 4918.017832336203 -8.216043101455267e-05 0.3966107399274754
1.1251902052419487 0.8108548300844685 4903.888180920151 -0.00020420979405743833 0.3333416473194516
1.1440024285321102 0.8016424177698672 4903.593644995347 -8.953644408514803e-05 0.3555452817547769
1.1453714314479533 0.8122899252870536 4911.954074030109 -1.0037923157966961e-05 0.3189417091352901
1.0778268462541656 0.8098707460903077 4927.551050454704 3.7249898989819146e-05 0.3300165294386128
1.1509756144563057 0.8104405869535184 4915.463629123916 3.315740345085229e-05 0.37631418872740513
1.167148502954845 0.7962264467490414 4978.360512638197 6.222393932275129e-05 0.3338650332633345
1.1690301579344833 0.7847547953341488 4858.910799386373 5.65108589213343e-05 0.33093545745874836
1.157377316456827 0.7760212998628047 4824.5653978841 2.022933847655401e-05 0.2986119398046261
1.1279161553658033 0.8032855136876003 4995.967093396974 4.946547158831989e-06 0.3418203156115007
1.1297738939752744 0.7860359707810676 4918.684058639648 5.67037860573868e-05 0.3488561413430075
1.1774506266663636 0.7739537276607287 4995.895743402269 5.316363756292198e-05 0.4148834454405308
1.1644384320944947 0.7544121421730828 4882.373444391429 6.428636045913453e-05 0.3299618275005637
1.0644480022569802 0.7922942243061384 4918.6926985665 -2.725624636669723e-05 0.3054488447844753
1.1842955867128202 0.7894803861689588 4974.504296792207 -0.00016490594197583953 0.38153777762052465
1.145172587937125 0.804174151888931 4869.040349158516 -0.00012112007828756756 0.30607730149384654
1.126487710779645 0.8397139513370546 4849.57796267525 1.2474911415888681e-05 0.31839368422640035
1.1413032329774728 0.8500922082962534 4832.681713927555 -6.41110264953499e-05 0.38257177476476045
1.1187230973515148 0.8823433927467716 4837.159279960672 -2.1467022311281115e-05 0.4165690063064712
1.0967444528559702 0.8476853916184773 4829.298194373819 -6.188587391376414e-05 0.3686310750253241
1.1219772073469294 0.8578180578586203 4903.8789220574945 -0.00011685285107203034 0.4101941740606889
1.1942858808552796 0.8598874981508597 4815.054338236524 -0.00011288220431566836 0.40409786444572515
1.1518265914714947 0.8707256138532514 4731.582181508767 -7.533536359236082e-05 0.42698132205504724
1.189995380394922 0.8389088978519138 4727.184258282565 -0.0001481785250651406 0.4190589611232064
1.1871716996623687 0.8532353949263092 4741.187492876216 -0.00032144168256584933 0.39941970019112905
1.0745075478622828 0.8421681464160147 4811.504870630201 -0.0002004866217632259 0.3569665409076693
1.1836812369255325 0.8512931194478579 4794.833664653766 -0.00016056607442360604 0.40693219736353226
1.1836812369255325 0.8512931194478579 4794.833664653766 -0.00016056607442360604 0.40693219736353226
1.1568878728682772 0.8395188990230705 4836.673346828247 -0.00018086888073769172 0.35657057058811925
1.1990978635168648 0.856605571132577 4668.116454300546 -3.377595503684954e-05 0.42433511256857454
1.1358496406833585 0.84780522262743 4663.746325156852 -2.80058504262717e-05 0.40066147315857653
1.1578540189524715 0.8396120178233585 4663.831622440377 -0.0001365138755234629 0.40396209495140084
1.2193281630000405 0.8437676262453505 4671.586360772479 -0.00018165097346152615 0.44360603400121057
1.2162594343045958 0.8471066760778871 4926.65375005288 -0.00024512517549086436 0.39121142563869926
1.1371039278868056 0.8329590101228435 4952.2343408648585 -0.00025033411083211454 0.4188260647448301
1.161212905399768 0.8314047057416838 4949.234733994192 -0.00025370629631927394 0.3671937454068738
1.2330273216449747 0.86750802860168 4987.716396904351 -0.00030854373705477723 0.40073392542272224
1.1354266733596714 0.8498502040957195 4736.89599888369 1.625667240720247e-05 0.38074114601885506
1.211402545119702 0.834897339076228 4806.162254773969 -0.0001176819233061932 0.3503226743127784
1.2085285467959765 0.8343529093627922 4806.880315531043 -0.0002239326262354819 0.3714988544697184
1.1213126695150433 0.8827842536851318 4948.93188110719 -9.39737278854215e-05 0.4281161159999192
1.2071562803066445 0.8604211532738401 4987.666587201481 -9.346892674601749e-05 0.3689380640193404
1.1402143163946665 0.8679167079916129 4966.0125611970025 -5.83893218164254e-05 0.39970078852993374
1.1490563178587105 0.8497627310456406 4952.140791233883 -1.0606347024725241e-05 0.48437008073050275
1.2119075987021692 0.8408205007272417 4930.278754497469 -7.780724419671082e-05 0.369517817203678
1.2251447828364501 0.8568291524078973 4803.221849582582 -2.9400979166941816e-05 0.44398808213375196
1.2437768468673416 0.8571328193487321 4831.182217354776 -9.205215940568099e-05 0.45345983950828883
1.1355101498512807 0.867921078884686 4936.95409563023 -0.00012138520024253449 0.4293483281216798
1.2194378519245717 0.8837723344982475 4958.608741693972 -7.046398508655373e-05 0.4513088753551835
1.1843828556884852 0.8526844751418461 4832.565620284725 -0.00013062734595776352 0.4316826914355092
1.2247095189591175 0.8028582159078479 4985.426095883421 -0.00021770977044360942 0.41695273228761054
1.213246550118893 0.8368313199632229 4957.312102256681 -0.00029772738507708184 0.46369281422893294
1.2105059481997074 0.8111400900965935 4905.850640808939 -0.00027125214337412766 0.5192293765160111
1.2596282745432987 0.8404413361645893 4958.981553409843 -0.00023605649786413705 0.49322394032292627
1.2605485095397646 0.7974510932400406 4957.52008164024 -0.00029975336234521757 0.5312798121483222
1.2605485095397646 0.7974510932400406 4957.52008164024 -0.00029975336234521757 0.5312798121483222
1.2006394258242077 0.853113185203084 4975.04805428199 -0.00017966016346012618 0.4760248260918334
1.191760688901574 0.8388655749580097 4910.061423097895 -0.00019123542526630234 0.4960924347552462
1.2298216155601598 0.830980097417968 4978.886925487621 -8.647634607692497e-05 0.4561951704487777
1.273059982787902 0.8098142217634003 4814.4633271281555 -0.00015630802511572433 0.4730192859231056
1.184072239704354 0.8169321176001085 4837.836515839699 -0.00015908515680358018 0.48890351261491666
1.1608024867384414 0.8179125319523515 4886.836036714649 -0.0001288000684494111 0.4842627506448892
1.2441554400708559 0.8554247967154569 4869.489296707459 -0.00018675422980859337 0.4554521678808674
1.2225002686796398 0.8184891690344985 4997.365177921939 -8.975344825356295e-05 0.4609484510241691
1.1884069829226125 0.7939372112152991 4937.794671277788 -0.00014991516234138494 0.4861516891611846
1.1884069829226125 0.7939372112152991 4937.794671277788 -0.00014991516234138494 0.4861516891611846
1.177248415733051 0.820608705699429 4811.543344157505 -0.0001346375619648083 0.4427848501083348
1.1938758479341876 0.8444748451741327 4978.498623535851 -0.0001736257125212555 0.3982863934695774
1.2277542989652295 0.8725596075462732 4955.488450487695 -0.00033404883535666555 0.428358520638784
1.2007286639739325 0.8939477328868416 4849.3973851181945 -0.0002826035671173384 0.4192784295652962
1.1571845303184305 0.8671127164114929 4853.711939753279 -0.00040789475653613165 0.3817899831677878
1.1391259341124516 0.8582218207787897 4927.15207354111 -0.00023655553072509297 0.4512496394996435
1.126069127710729 0.8539117367425304 4902.308609922342 -0.000225638437395388 0.4307259101163212
1.1987393540585687 0.8882852176512319 4806.067359704531 -0.0005143810184717022 0.4203326184821693
1.234706724929923 0.8634320175603547 4815.6810521221305 -0.0003528193777107473 0.4802437558921109
1.1317386579280624 0.8634982257691638 4784.523259746154 -0.00027983820656135886 0.3945398064346406
1.2111477186784843 0.8842613509217101 4869.743383763493 -0.00025958654942233935 0.48328080972382415
1.2120148204911232 0.917267611679139 4709.4391744270115 -0.000344526643407177 0.45570173320442187
1.2066137798467085 0.8870592759749373 4841.454328739137 -0.00020423496692801581 0.48837421087638366
1.132786518588935 0.9149408554937692 4811.718315475367 -9.952918790815663e-05 0.4599700496335781
1.2141725082189674 0.9290636555451502 4849.400416279948 -0.00018781836011553873 0.44270891313051836
1.2376759647953532 0.9464507776352261 4869.456439413801 -0.0005073956852876855 0.6558411309728263
1.15521719836204 0.9075797629062783 4989.399655861442 -0.00030082887602447545 0.527228666579383
1.1880442173476624 0.9228653612691349 4988.616528147966 -5.30961037005462e-05 0.5740823846702209
1.211521272248028 0.8932067374419023 4901.814127864923 -0.00017933124170141007 0.5211678864102015
1.1386737968788934 0.9208875603690251 4868.093839519364 -0.00010113289628548186 0.5879141955038778
1.1385195153840713 0.9289075808236759 4936.5773664445305 -9.052270124267044e-05 0.5154070560726287
1.2307055162628155 0.8748209578958439 4921.512445211224 -0.0002444181518109135 0.5791220553759742
1.1880790206595162 0.8787020016386184 4941.986834644954 -9.30502865063036e-05 0.561834187339097
1.2039036273956298 0.860995702445507 4984.635550796986 -0.00019083506010833306 0.5447416305541992
1.1918530307607527 0.8576832220837116 4966.433792417253 -0.00010114085396797389 0.5914003218568935
1.208208392618134 0.8486370107223051 4905.889244671935 -9.612212075286879e-05 0.6383839275455766
1.1926343234049603 0.843422518656388 4954.223016190098 -0.00011116415416855033 0.6083526022623313
1.186052324730363 0.8586789880088379 4915.615346250804 -0.00020497319230069794 0.6730217191757901
1.2330206492917468 0.8643649273422007 4536.71424734408 -0.00014650076014869473 0.3829967761886405
1.2150399297374745 0.8466138796285728 4605.418010195791 -0.00012101853632513223 0.45170840274830704
1.254108314806319 0.8737918323983537 4526.033959352993 -0.00030521150684799896 0.4759181427607262
1.180129414780532 0.9036566822026806 4509.422390374849 -3.785388751034382e-05 0.48990393399100707
1.1367229200140332 0.8959301506118466 4663.8314320935515 -0.00010808112904501908 0.449791832353289
1.2672589570331732 0.960314755613387 4636.250615087609 -0.00024989380999881835 0.7200019443356909
1.2737706814749408 0.9137715965824641 4636.218736663291 -0.000269866819751177 0.6525066133397222
1.2737706814749408 0.9137715965824641 4636.218736663291 -0.000269866819751177 0.6525066133397222
1.2990878583078622 0.8639514888662924 4468.616377649584 -0.0004393345543629482 0.4625985203756009
1.1645995200698276 0.866049981795135 4636.850953944191 -0.00014360841670471756 0.3649303612946134
1.1381148176457467 0.8441765369123765 4509.054645412555 -0.00021584418484080686 0.34431210117230127
1.2131730086262422 0.8514829727250595 4618.018071441436 -0.00038450267861881533 0.44868060922628283
1.2322841200542882 0.8316186709458111 4636.364321515616 -0.0003488787940733966 0.3940311382584003
1.1432883369339568 0.8335076910499757 4590.482472188799 -0.0002878941807068611 0.3461694227978481
1.1543000013195768 0.8673064958997085 4536.019323708666 -0.0004185016062890452 0.34948562559550345
1.1771750600453812 0.823527587166803 4403.172302672525 -8.36365508695096e-05 0.3538736594148172
1.1007957290383623 0.7552291960525492 4536.210638705613 -0.0003141751506247654 0.2491498016696972
1.1600263698856763 0.7892789265800344 4546.7180185155485 -0.00041851122673681475 0.3139530348598956
1.1699289828018633 0.8115798071208463 4199.479778228267 -0.00045619437068727964 0.318826178024672
1.2544465224175099 0.7799600465790503 4039.240345500147 -0.0005979463660759765 0.30707594114059644
1.2688734050666812 0.7588760126842607 4195.519548399449 -0.0003698690776435955 0.42311804756006366
1.1895677486466802 0.7341730971379041 4270.196965015933 -0.00011548557149996128 0.23363347497926246
1.2511036308080035 0.7251420041340668 4270.334891839318 -0.00041000683446029815 0.2841040986735887
1.2680729465255483 0.7210071596205092 4270.668131703264 -0.00017298707596195433 0.3213666316183319
1.3113092647515021 0.7379768303289971 4272.812467404844 -0.0008989096554690253 0.5186330909623873
1.323867217050723 0.7824919899553235 4424.96428876847 -0.0003912852554921045 0.5337245694081044
1.1835499528247677 0.8858436039906977 4306.423884993172 -0.0002782374141882208 0.41600537453184916
1.2181853181865554 0.8909302263490121 4306.104274218338 -0.00026386035801776684 0.49220322389979915
1.2661236954107764 0.8717357375198775 4344.823254229321 -0.0003676350664831414 0.5306757969445048
1.2702359653370185 0.9381561243519941 4344.557967671836 -0.0005749748687359862 0.5770610881270865
1.187889331350139 0.8524522803950609 4428.880146265422 -0.0007291801813644628 0.3904651146899652
1.1658263146338934 0.8153444400254609 4306.534278205361 -0.00023131429921623755 0.2935383853099466
1.1668426286794582 0.826705920803534 4249.032596959692 -0.00012925861595817389 0.32485490760452046
1.2591024528721644 0.8382157410650098 4300.390285036607 -0.00010467181307628244 0.3693324211304714
1.2085951062110842 0.8436392656415445 4300.666748862274 -4.6127152378614644e-05 0.32164789339507205
1.186450393443131 0.815849853210601 4366.902029585392 -0.0001112504427572116 0.3163904936750753
1.1546132396787272 0.9045105291146741 4306.591040749925 -0.00013850084598382282 0.41682603280266295
1.1782853639667543 0.8809778249222112 4249.214054590374 -6.541649743181919e-05 0.3809545544924876
1.2297315569602973 0.8187376771246906 4259.064491144568 -1.3341862985116481e-05 0.4835972069012749
1.2652007548773132 0.8612589528004925 4249.455480355141 -5.841405371581335e-05 0.4642065773922778
